turbine_id,valid_time,nominal_lead_time_hours,raw_predicted_power,predicted_power,prediction_bounded,weather_out_of_training_range,baseline_prediction,wind_speed,temperature,forecast_origin,hours_ahead,model_training_max,model_training_available_at,model_id,weather_model,forecast_contract_compatible
turbine_1,2026-01-30 20:00:00+00:00,24,0.9713271698790902,0.9713271698790902,False,False,0.938156532988357,11.37,-3.8,2026-01-30 19:00:00+00:00,1.0,2026-01-30 22:00:00,2026-01-31T00:00:00+05:00,ce21725341651af1f022746346b40a146cea17239d3846720a03b8158ee3a39a,gfs_seamless,False
turbine_1,2026-01-30 21:00:00+00:00,24,0.9799771225243072,0.9799771225243072,False,False,0.9603525641025641,11.59,-4.2,2026-01-30 19:00:00+00:00,2.0,2026-01-30 22:00:00,2026-01-31T00:00:00+05:00,ce21725341651af1f022746346b40a146cea17239d3846720a03b8158ee3a39a,gfs_seamless,False
turbine_1,2026-01-30 22:00:00+00:00,24,0.9797236821678582,0.9797236821678582,False,False,0.9603525641025641,11.73,-4.5,2026-01-30 19:00:00+00:00,3.0,2026-01-30 22:00:00,2026-01-31T00:00:00+05:00,ce21725341651af1f022746346b40a146cea17239d3846720a03b8158ee3a39a,gfs_seamless,False
turbine_1,2026-01-30 23:00:00+00:00,24,0.9896555427543599,0.9896555427543599,False,False,0.9761353467561521,13.38,-4.5,2026-01-30 19:00:00+00:00,4.0,2026-01-30 22:00:00,2026-01-31T00:00:00+05:00,ce21725341651af1f022746346b40a146cea17239d3846720a03b8158ee3a39a,gfs_seamless,False
turbine_1,2026-01-31 00:00:00+00:00,24,0.9929983633994662,0.9929983633994662,False,False,0.9672885572139301,14.4,-2.4,2026-01-30 19:00:00+00:00,5.0,2026-01-30 22:00:00,2026-01-31T00:00:00+05:00,ce21725341651af1f022746346b40a146cea17239d3846720a03b8158ee3a39a,gfs_seamless,False
turbine_1,2026-01-31 01:00:00+00:00,24,0.9899270999906128,0.9899270999906128,False,False,0.9618518518518518,14.58,-2.6,2026-01-30 19:00:00+00:00,6.0,2026-01-30 22:00:00,2026-01-31T00:00:00+05:00,ce21725341651af1f022746346b40a146cea17239d3846720a03b8158ee3a39a,gfs_seamless,False
turbine_1,2026-01-31 02:00:00+00:00,24,0.9899270999906128,0.9899270999906128,False,False,0.9618518518518518,14.72,-2.7,2026-01-30 19:00:00+00:00,7.0,2026-01-30 22:00:00,2026-01-31T00:00:00+05:00,ce21725341651af1f022746346b40a146cea17239d3846720a03b8158ee3a39a,gfs_seamless,False
turbine_1,2026-01-31 03:00:00+00:00,24,0.9929983633994662,0.9929983633994662,False,False,0.9618518518518518,14.63,-2.3,2026-01-30 19:00:00+00:00,8.0,2026-01-30 22:00:00,2026-01-31T00:00:00+05:00,ce21725341651af1f022746346b40a146cea17239d3846720a03b8158ee3a39a,gfs_seamless,False
turbine_1,2026-01-31 04:00:00+00:00,24,0.9517737025545757,0.9517737025545757,False,False,0.9618518518518518,14.81,-0.4,2026-01-30 19:00:00+00:00,9.0,2026-01-30 22:00:00,2026-01-31T00:00:00+05:00,ce21725341651af1f022746346b40a146cea17239d3846720a03b8158ee3a39a,gfs_seamless,False
turbine_1,2026-01-31 05:00:00+00:00,24,0.980136672923571,0.980136672923571,False,False,0.9891975308641974,15.8,1.4,2026-01-30 19:00:00+00:00,10.0,2026-01-30 22:00:00,2026-01-31T00:00:00+05:00,ce21725341651af1f022746346b40a146cea17239d3846720a03b8158ee3a39a,gfs_seamless,False
turbine_1,2026-01-31 06:00:00+00:00,24,0.984432340289565,0.984432340289565,False,False,0.9891975308641974,15.86,4.0,2026-01-30 19:00:00+00:00,11.0,2026-01-30 22:00:00,2026-01-31T00:00:00+05:00,ce21725341651af1f022746346b40a146cea17239d3846720a03b8158ee3a39a,gfs_seamless,False
turbine_1,2026-01-31 07:00:00+00:00,24,0.986812265987803,0.986812265987803,False,False,0.9515384615384614,16.23,5.1,2026-01-30 19:00:00+00:00,12.0,2026-01-30 22:00:00,2026-01-31T00:00:00+05:00,ce21725341651af1f022746346b40a146cea17239d3846720a03b8158ee3a39a,gfs_seamless,False
turbine_1,2026-01-31 08:00:00+00:00,24,0.9865219315767935,0.9865219315767935,False,False,0.9515384615384614,16.12,6.0,2026-01-30 19:00:00+00:00,13.0,2026-01-30 22:00:00,2026-01-31T00:00:00+05:00,ce21725341651af1f022746346b40a146cea17239d3846720a03b8158ee3a39a,gfs_seamless,False
turbine_1,2026-01-31 09:00:00+00:00,24,0.9836851408110631,0.9836851408110631,False,False,0.9672885572139301,14.3,6.0,2026-01-30 19:00:00+00:00,14.0,2026-01-30 22:00:00,2026-01-31T00:00:00+05:00,ce21725341651af1f022746346b40a146cea17239d3846720a03b8158ee3a39a,gfs_seamless,False
turbine_1,2026-01-31 10:00:00+00:00,24,0.9484565031096526,0.9484565031096526,False,False,0.9673371212121211,12.63,5.6,2026-01-30 19:00:00+00:00,15.0,2026-01-30 22:00:00,2026-01-31T00:00:00+05:00,ce21725341651af1f022746346b40a146cea17239d3846720a03b8158ee3a39a,gfs_seamless,False
turbine_1,2026-01-31 11:00:00+00:00,24,0.9732056730285408,0.9732056730285408,False,False,0.938156532988357,11.23,3.9,2026-01-30 19:00:00+00:00,16.0,2026-01-30 22:00:00,2026-01-31T00:00:00+05:00,ce21725341651af1f022746346b40a146cea17239d3846720a03b8158ee3a39a,gfs_seamless,False
turbine_1,2026-01-31 12:00:00+00:00,24,0.8824575422943549,0.8824575422943549,False,False,0.8299694189602447,10.16,2.0,2026-01-30 19:00:00+00:00,17.0,2026-01-30 22:00:00,2026-01-31T00:00:00+05:00,ce21725341651af1f022746346b40a146cea17239d3846720a03b8158ee3a39a,gfs_seamless,False
turbine_1,2026-01-31 13:00:00+00:00,24,0.8045244853709578,0.8045244853709578,False,False,0.764905523255814,9.67,0.9,2026-01-30 19:00:00+00:00,18.0,2026-01-30 22:00:00,2026-01-31T00:00:00+05:00,ce21725341651af1f022746346b40a146cea17239d3846720a03b8158ee3a39a,gfs_seamless,False
turbine_1,2026-01-31 14:00:00+00:00,24,0.5661835044291594,0.5661835044291594,False,False,0.5480688448074679,8.32,0.4,2026-01-30 19:00:00+00:00,19.0,2026-01-30 22:00:00,2026-01-31T00:00:00+05:00,ce21725341651af1f022746346b40a146cea17239d3846720a03b8158ee3a39a,gfs_seamless,False
turbine_1,2026-01-31 15:00:00+00:00,24,0.3921375359063981,0.3921375359063981,False,False,0.39810436137071653,7.15,-0.0,2026-01-30 19:00:00+00:00,20.0,2026-01-30 22:00:00,2026-01-31T00:00:00+05:00,ce21725341651af1f022746346b40a146cea17239d3846720a03b8158ee3a39a,gfs_seamless,False
turbine_1,2026-01-31 16:00:00+00:00,24,0.1716376176006521,0.1716376176006521,False,False,0.19480878763222134,5.82,-0.4,2026-01-30 19:00:00+00:00,21.0,2026-01-30 22:00:00,2026-01-31T00:00:00+05:00,ce21725341651af1f022746346b40a146cea17239d3846720a03b8158ee3a39a,gfs_seamless,False
turbine_1,2026-01-31 17:00:00+00:00,24,0.07561729141015727,0.07561729141015727,False,False,0.1117041015625,4.88,-1.2,2026-01-30 19:00:00+00:00,22.0,2026-01-30 22:00:00,2026-01-31T00:00:00+05:00,ce21725341651af1f022746346b40a146cea17239d3846720a03b8158ee3a39a,gfs_seamless,False
turbine_1,2026-01-31 18:00:00+00:00,24,0.021265580974671534,0.021265580974671534,False,False,0.0581515812431843,3.61,-1.8,2026-01-30 19:00:00+00:00,23.0,2026-01-30 22:00:00,2026-01-31T00:00:00+05:00,ce21725341651af1f022746346b40a146cea17239d3846720a03b8158ee3a39a,gfs_seamless,False
turbine_1,2026-01-31 19:00:00+00:00,24,0.03071644764892603,0.03071644764892603,False,False,0.0581515812431843,3.95,-1.8,2026-01-30 19:00:00+00:00,24.0,2026-01-30 22:00:00,2026-01-31T00:00:00+05:00,ce21725341651af1f022746346b40a146cea17239d3846720a03b8158ee3a39a,gfs_seamless,False
turbine_1,2026-01-31 20:00:00+00:00,48,0.5156973912265204,0.5156973912265204,False,False,0.5480688448074679,8.04,-1.8,2026-01-30 19:00:00+00:00,25.0,2026-01-30 22:00:00,2026-01-31T00:00:00+05:00,ce21725341651af1f022746346b40a146cea17239d3846720a03b8158ee3a39a,gfs_seamless,False
turbine_1,2026-01-31 21:00:00+00:00,48,0.7436125733920845,0.7436125733920845,False,False,0.6955416051206302,9.34,-1.9,2026-01-30 19:00:00+00:00,26.0,2026-01-30 22:00:00,2026-01-31T00:00:00+05:00,ce21725341651af1f022746346b40a146cea17239d3846720a03b8158ee3a39a,gfs_seamless,False
turbine_1,2026-01-31 22:00:00+00:00,48,0.845807183255223,0.845807183255223,False,False,0.8299694189602447,10.02,-2.0,2026-01-30 19:00:00+00:00,27.0,2026-01-30 22:00:00,2026-01-31T00:00:00+05:00,ce21725341651af1f022746346b40a146cea17239d3846720a03b8158ee3a39a,gfs_seamless,False
turbine_1,2026-01-31 23:00:00+00:00,48,0.9024895369943439,0.9024895369943439,False,False,0.8299694189602447,10.38,-2.6,2026-01-30 19:00:00+00:00,28.0,2026-01-30 22:00:00,2026-01-31T00:00:00+05:00,ce21725341651af1f022746346b40a146cea17239d3846720a03b8158ee3a39a,gfs_seamless,False
turbine_1,2026-02-01 00:00:00+00:00,48,0.8722176748380488,0.8722176748380488,False,False,0.8299694189602447,10.2,-1.3,2026-01-30 19:00:00+00:00,29.0,2026-01-30 22:00:00,2026-01-31T00:00:00+05:00,ce21725341651af1f022746346b40a146cea17239d3846720a03b8158ee3a39a,gfs_seamless,False
turbine_1,2026-02-01 01:00:00+00:00,48,0.8842214670734548,0.8842214670734548,False,False,0.8299694189602447,10.47,-1.4,2026-01-30 19:00:00+00:00,30.0,2026-01-30 22:00:00,2026-01-31T00:00:00+05:00,ce21725341651af1f022746346b40a146cea17239d3846720a03b8158ee3a39a,gfs_seamless,False
turbine_1,2026-02-01 02:00:00+00:00,48,0.9203453003584917,0.9203453003584917,False,False,0.8935790335790336,10.63,-1.4,2026-01-30 19:00:00+00:00,31.0,2026-01-30 22:00:00,2026-01-31T00:00:00+05:00,ce21725341651af1f022746346b40a146cea17239d3846720a03b8158ee3a39a,gfs_seamless,False
turbine_1,2026-02-01 03:00:00+00:00,48,0.9608177962409545,0.9608177962409545,False,False,0.938156532988357,11.05,-1.0,2026-01-30 19:00:00+00:00,32.0,2026-01-30 22:00:00,2026-01-31T00:00:00+05:00,ce21725341651af1f022746346b40a146cea17239d3846720a03b8158ee3a39a,gfs_seamless,False
turbine_1,2026-02-01 04:00:00+00:00,48,0.8906474261432248,0.8906474261432248,False,False,0.8299694189602447,10.31,0.4,2026-01-30 19:00:00+00:00,33.0,2026-01-30 22:00:00,2026-01-31T00:00:00+05:00,ce21725341651af1f022746346b40a146cea17239d3846720a03b8158ee3a39a,gfs_seamless,False
turbine_1,2026-02-01 05:00:00+00:00,48,0.9435617846295726,0.9435617846295726,False,False,0.8935790335790336,10.82,2.1,2026-01-30 19:00:00+00:00,34.0,2026-01-30 22:00:00,2026-01-31T00:00:00+05:00,ce21725341651af1f022746346b40a146cea17239d3846720a03b8158ee3a39a,gfs_seamless,False
turbine_1,2026-02-01 06:00:00+00:00,48,0.973595032346062,0.973595032346062,False,False,0.9603525641025641,11.81,4.6,2026-01-30 19:00:00+00:00,35.0,2026-01-30 22:00:00,2026-01-31T00:00:00+05:00,ce21725341651af1f022746346b40a146cea17239d3846720a03b8158ee3a39a,gfs_seamless,False
turbine_1,2026-02-01 07:00:00+00:00,48,0.9785489992734485,0.9785489992734485,False,False,0.9603525641025641,11.72,5.2,2026-01-30 19:00:00+00:00,36.0,2026-01-30 22:00:00,2026-01-31T00:00:00+05:00,ce21725341651af1f022746346b40a146cea17239d3846720a03b8158ee3a39a,gfs_seamless,False
turbine_1,2026-02-01 08:00:00+00:00,48,0.971700136595303,0.971700136595303,False,False,0.938156532988357,11.24,5.9,2026-01-30 19:00:00+00:00,37.0,2026-01-30 22:00:00,2026-01-31T00:00:00+05:00,ce21725341651af1f022746346b40a146cea17239d3846720a03b8158ee3a39a,gfs_seamless,False
turbine_1,2026-02-01 09:00:00+00:00,48,0.9629464339359951,0.9629464339359951,False,False,0.938156532988357,11.05,6.0,2026-01-30 19:00:00+00:00,38.0,2026-01-30 22:00:00,2026-01-31T00:00:00+05:00,ce21725341651af1f022746346b40a146cea17239d3846720a03b8158ee3a39a,gfs_seamless,False
turbine_1,2026-02-01 10:00:00+00:00,48,0.9140305644213582,0.9140305644213582,False,False,0.8935790335790336,10.7,5.6,2026-01-30 19:00:00+00:00,39.0,2026-01-30 22:00:00,2026-01-31T00:00:00+05:00,ce21725341651af1f022746346b40a146cea17239d3846720a03b8158ee3a39a,gfs_seamless,False
turbine_1,2026-02-01 11:00:00+00:00,48,0.9283197314277079,0.9283197314277079,False,False,0.8935790335790336,10.73,4.2,2026-01-30 19:00:00+00:00,40.0,2026-01-30 22:00:00,2026-01-31T00:00:00+05:00,ce21725341651af1f022746346b40a146cea17239d3846720a03b8158ee3a39a,gfs_seamless,False
turbine_1,2026-02-01 12:00:00+00:00,48,0.9314254397349981,0.9314254397349981,False,False,0.8935790335790336,10.79,2.2,2026-01-30 19:00:00+00:00,41.0,2026-01-30 22:00:00,2026-01-31T00:00:00+05:00,ce21725341651af1f022746346b40a146cea17239d3846720a03b8158ee3a39a,gfs_seamless,False
turbine_1,2026-02-01 13:00:00+00:00,48,0.8827275592179101,0.8827275592179101,False,False,0.8299694189602447,10.25,1.0,2026-01-30 19:00:00+00:00,42.0,2026-01-30 22:00:00,2026-01-31T00:00:00+05:00,ce21725341651af1f022746346b40a146cea17239d3846720a03b8158ee3a39a,gfs_seamless,False
turbine_1,2026-02-01 14:00:00+00:00,48,0.8644421139302737,0.8644421139302737,False,False,0.8299694189602447,10.11,0.7,2026-01-30 19:00:00+00:00,43.0,2026-01-30 22:00:00,2026-01-31T00:00:00+05:00,ce21725341651af1f022746346b40a146cea17239d3846720a03b8158ee3a39a,gfs_seamless,False
turbine_1,2026-02-01 15:00:00+00:00,48,0.8993518255361376,0.8993518255361376,False,False,0.8299694189602447,10.38,0.5,2026-01-30 19:00:00+00:00,44.0,2026-01-30 22:00:00,2026-01-31T00:00:00+05:00,ce21725341651af1f022746346b40a146cea17239d3846720a03b8158ee3a39a,gfs_seamless,False
turbine_1,2026-02-01 16:00:00+00:00,48,0.9473159720255012,0.9473159720255012,False,False,0.8935790335790336,10.91,0.3,2026-01-30 19:00:00+00:00,45.0,2026-01-30 22:00:00,2026-01-31T00:00:00+05:00,ce21725341651af1f022746346b40a146cea17239d3846720a03b8158ee3a39a,gfs_seamless,False
turbine_1,2026-02-01 17:00:00+00:00,48,0.9579514610359586,0.9579514610359586,False,False,0.938156532988357,11.0,0.4,2026-01-30 19:00:00+00:00,46.0,2026-01-30 22:00:00,2026-01-31T00:00:00+05:00,ce21725341651af1f022746346b40a146cea17239d3846720a03b8158ee3a39a,gfs_seamless,False
turbine_1,2026-02-01 18:00:00+00:00,48,0.9322768931841033,0.9322768931841033,False,False,0.8935790335790336,10.69,0.1,2026-01-30 19:00:00+00:00,47.0,2026-01-30 22:00:00,2026-01-31T00:00:00+05:00,ce21725341651af1f022746346b40a146cea17239d3846720a03b8158ee3a39a,gfs_seamless,False
turbine_1,2026-02-01 19:00:00+00:00,48,0.9599344073363194,0.9599344073363194,False,False,0.938156532988357,11.0,0.1,2026-01-30 19:00:00+00:00,48.0,2026-01-30 22:00:00,2026-01-31T00:00:00+05:00,ce21725341651af1f022746346b40a146cea17239d3846720a03b8158ee3a39a,gfs_seamless,False
turbine_2,2026-01-30 20:00:00+00:00,24,0.97854507526077,0.97854507526077,False,False,0.9256831228473019,11.37,-3.8,2026-01-30 19:00:00+00:00,1.0,2026-01-30 22:00:00,2026-01-31T00:00:00+05:00,9a42ebbb329ca0d435e9723067435fc4ff2bbfde6e59ade15ba5779f1f842209,gfs_seamless,False
turbine_2,2026-01-30 21:00:00+00:00,24,0.9704248827881541,0.9704248827881541,False,False,0.9518141025641025,11.59,-4.2,2026-01-30 19:00:00+00:00,2.0,2026-01-30 22:00:00,2026-01-31T00:00:00+05:00,9a42ebbb329ca0d435e9723067435fc4ff2bbfde6e59ade15ba5779f1f842209,gfs_seamless,False
turbine_2,2026-01-30 22:00:00+00:00,24,0.9670701535889304,0.9670701535889304,False,False,0.9518141025641025,11.73,-4.5,2026-01-30 19:00:00+00:00,3.0,2026-01-30 22:00:00,2026-01-31T00:00:00+05:00,9a42ebbb329ca0d435e9723067435fc4ff2bbfde6e59ade15ba5779f1f842209,gfs_seamless,False
turbine_2,2026-01-30 23:00:00+00:00,24,0.9910175832938237,0.9910175832938237,False,False,0.9700600600600602,13.38,-4.5,2026-01-30 19:00:00+00:00,4.0,2026-01-30 22:00:00,2026-01-31T00:00:00+05:00,9a42ebbb329ca0d435e9723067435fc4ff2bbfde6e59ade15ba5779f1f842209,gfs_seamless,False
turbine_2,2026-01-31 00:00:00+00:00,24,0.8659141743686397,0.8659141743686397,False,False,0.9603782505910166,14.4,-2.4,2026-01-30 19:00:00+00:00,5.0,2026-01-30 22:00:00,2026-01-31T00:00:00+05:00,9a42ebbb329ca0d435e9723067435fc4ff2bbfde6e59ade15ba5779f1f842209,gfs_seamless,False
turbine_2,2026-01-31 01:00:00+00:00,24,0.902397416889201,0.902397416889201,False,False,0.962514880952381,14.58,-2.6,2026-01-30 19:00:00+00:00,6.0,2026-01-30 22:00:00,2026-01-31T00:00:00+05:00,9a42ebbb329ca0d435e9723067435fc4ff2bbfde6e59ade15ba5779f1f842209,gfs_seamless,False
turbine_2,2026-01-31 02:00:00+00:00,24,0.902397416889201,0.902397416889201,False,False,0.962514880952381,14.72,-2.7,2026-01-30 19:00:00+00:00,7.0,2026-01-30 22:00:00,2026-01-31T00:00:00+05:00,9a42ebbb329ca0d435e9723067435fc4ff2bbfde6e59ade15ba5779f1f842209,gfs_seamless,False
turbine_2,2026-01-31 03:00:00+00:00,24,0.9039674261102265,0.9039674261102265,False,False,0.962514880952381,14.63,-2.3,2026-01-30 19:00:00+00:00,8.0,2026-01-30 22:00:00,2026-01-31T00:00:00+05:00,9a42ebbb329ca0d435e9723067435fc4ff2bbfde6e59ade15ba5779f1f842209,gfs_seamless,False
turbine_2,2026-01-31 04:00:00+00:00,24,0.8357883676863479,0.8357883676863479,False,False,0.962514880952381,14.81,-0.4,2026-01-30 19:00:00+00:00,9.0,2026-01-30 22:00:00,2026-01-31T00:00:00+05:00,9a42ebbb329ca0d435e9723067435fc4ff2bbfde6e59ade15ba5779f1f842209,gfs_seamless,False
turbine_2,2026-01-31 05:00:00+00:00,24,0.901823479911827,0.901823479911827,False,False,0.9347222222222222,15.8,1.4,2026-01-30 19:00:00+00:00,10.0,2026-01-30 22:00:00,2026-01-31T00:00:00+05:00,9a42ebbb329ca0d435e9723067435fc4ff2bbfde6e59ade15ba5779f1f842209,gfs_seamless,False
turbine_2,2026-01-31 06:00:00+00:00,24,0.9540239893681617,0.9540239893681617,False,False,0.9347222222222222,15.86,4.0,2026-01-30 19:00:00+00:00,11.0,2026-01-30 22:00:00,2026-01-31T00:00:00+05:00,9a42ebbb329ca0d435e9723067435fc4ff2bbfde6e59ade15ba5779f1f842209,gfs_seamless,False
turbine_2,2026-01-31 07:00:00+00:00,24,0.9638895808671174,0.9638895808671174,False,False,0.9726666666666667,16.23,5.1,2026-01-30 19:00:00+00:00,12.0,2026-01-30 22:00:00,2026-01-31T00:00:00+05:00,9a42ebbb329ca0d435e9723067435fc4ff2bbfde6e59ade15ba5779f1f842209,gfs_seamless,False
turbine_2,2026-01-31 08:00:00+00:00,24,0.9787437231793875,0.9787437231793875,False,False,0.9726666666666667,16.12,6.0,2026-01-30 19:00:00+00:00,13.0,2026-01-30 22:00:00,2026-01-31T00:00:00+05:00,9a42ebbb329ca0d435e9723067435fc4ff2bbfde6e59ade15ba5779f1f842209,gfs_seamless,False
turbine_2,2026-01-31 09:00:00+00:00,24,0.9732618742387522,0.9732618742387522,False,False,0.9603782505910166,14.3,6.0,2026-01-30 19:00:00+00:00,14.0,2026-01-30 22:00:00,2026-01-31T00:00:00+05:00,9a42ebbb329ca0d435e9723067435fc4ff2bbfde6e59ade15ba5779f1f842209,gfs_seamless,False
turbine_2,2026-01-31 10:00:00+00:00,24,0.9583726316722819,0.9583726316722819,False,False,0.9633299798792756,12.63,5.6,2026-01-30 19:00:00+00:00,15.0,2026-01-30 22:00:00,2026-01-31T00:00:00+05:00,9a42ebbb329ca0d435e9723067435fc4ff2bbfde6e59ade15ba5779f1f842209,gfs_seamless,False
turbine_2,2026-01-31 11:00:00+00:00,24,0.9551116449828758,0.9551116449828758,False,False,0.9256831228473019,11.23,3.9,2026-01-30 19:00:00+00:00,16.0,2026-01-30 22:00:00,2026-01-31T00:00:00+05:00,9a42ebbb329ca0d435e9723067435fc4ff2bbfde6e59ade15ba5779f1f842209,gfs_seamless,False
turbine_2,2026-01-31 12:00:00+00:00,24,0.8192766585542587,0.8192766585542587,False,False,0.8238156123822342,10.16,2.0,2026-01-30 19:00:00+00:00,17.0,2026-01-30 22:00:00,2026-01-31T00:00:00+05:00,9a42ebbb329ca0d435e9723067435fc4ff2bbfde6e59ade15ba5779f1f842209,gfs_seamless,False
turbine_2,2026-01-31 13:00:00+00:00,24,0.773159126339751,0.773159126339751,False,False,0.7535413642960813,9.67,0.9,2026-01-30 19:00:00+00:00,18.0,2026-01-30 22:00:00,2026-01-31T00:00:00+05:00,9a42ebbb329ca0d435e9723067435fc4ff2bbfde6e59ade15ba5779f1f842209,gfs_seamless,False
turbine_2,2026-01-31 14:00:00+00:00,24,0.5597344155312544,0.5597344155312544,False,False,0.5334922575387123,8.32,0.4,2026-01-30 19:00:00+00:00,19.0,2026-01-30 22:00:00,2026-01-31T00:00:00+05:00,9a42ebbb329ca0d435e9723067435fc4ff2bbfde6e59ade15ba5779f1f842209,gfs_seamless,False
turbine_2,2026-01-31 15:00:00+00:00,24,0.3694596001691937,0.3694596001691937,False,False,0.3872421383647799,7.15,-0.0,2026-01-30 19:00:00+00:00,20.0,2026-01-30 22:00:00,2026-01-31T00:00:00+05:00,9a42ebbb329ca0d435e9723067435fc4ff2bbfde6e59ade15ba5779f1f842209,gfs_seamless,False
turbine_2,2026-01-31 16:00:00+00:00,24,0.15323753456889136,0.15323753456889136,False,False,0.1880820105820106,5.82,-0.4,2026-01-30 19:00:00+00:00,21.0,2026-01-30 22:00:00,2026-01-31T00:00:00+05:00,9a42ebbb329ca0d435e9723067435fc4ff2bbfde6e59ade15ba5779f1f842209,gfs_seamless,False
turbine_2,2026-01-31 17:00:00+00:00,24,0.06675267574877107,0.06675267574877107,False,False,0.10500000000000001,4.88,-1.2,2026-01-30 19:00:00+00:00,22.0,2026-01-30 22:00:00,2026-01-31T00:00:00+05:00,9a42ebbb329ca0d435e9723067435fc4ff2bbfde6e59ade15ba5779f1f842209,gfs_seamless,False
turbine_2,2026-01-31 18:00:00+00:00,24,0.018242387303639,0.018242387303639,False,False,0.0552395725611858,3.61,-1.8,2026-01-30 19:00:00+00:00,23.0,2026-01-30 22:00:00,2026-01-31T00:00:00+05:00,9a42ebbb329ca0d435e9723067435fc4ff2bbfde6e59ade15ba5779f1f842209,gfs_seamless,False
turbine_2,2026-01-31 19:00:00+00:00,24,0.02823592010146516,0.02823592010146516,False,False,0.0552395725611858,3.95,-1.8,2026-01-30 19:00:00+00:00,24.0,2026-01-30 22:00:00,2026-01-31T00:00:00+05:00,9a42ebbb329ca0d435e9723067435fc4ff2bbfde6e59ade15ba5779f1f842209,gfs_seamless,False
turbine_2,2026-01-31 20:00:00+00:00,48,0.46508017221775716,0.46508017221775716,False,False,0.5334922575387123,8.04,-1.8,2026-01-30 19:00:00+00:00,25.0,2026-01-30 22:00:00,2026-01-31T00:00:00+05:00,9a42ebbb329ca0d435e9723067435fc4ff2bbfde6e59ade15ba5779f1f842209,gfs_seamless,False
turbine_2,2026-01-31 21:00:00+00:00,48,0.7055812094650727,0.7055812094650727,False,False,0.6742543244506779,9.34,-1.9,2026-01-30 19:00:00+00:00,26.0,2026-01-30 22:00:00,2026-01-31T00:00:00+05:00,9a42ebbb329ca0d435e9723067435fc4ff2bbfde6e59ade15ba5779f1f842209,gfs_seamless,False
turbine_2,2026-01-31 22:00:00+00:00,48,0.7900446346344013,0.7900446346344013,False,False,0.8238156123822342,10.02,-2.0,2026-01-30 19:00:00+00:00,27.0,2026-01-30 22:00:00,2026-01-31T00:00:00+05:00,9a42ebbb329ca0d435e9723067435fc4ff2bbfde6e59ade15ba5779f1f842209,gfs_seamless,False
turbine_2,2026-01-31 23:00:00+00:00,48,0.8753703790343179,0.8753703790343179,False,False,0.8238156123822342,10.38,-2.6,2026-01-30 19:00:00+00:00,28.0,2026-01-30 22:00:00,2026-01-31T00:00:00+05:00,9a42ebbb329ca0d435e9723067435fc4ff2bbfde6e59ade15ba5779f1f842209,gfs_seamless,False
turbine_2,2026-02-01 00:00:00+00:00,48,0.8557450025735505,0.8557450025735505,False,False,0.8238156123822342,10.2,-1.3,2026-01-30 19:00:00+00:00,29.0,2026-01-30 22:00:00,2026-01-31T00:00:00+05:00,9a42ebbb329ca0d435e9723067435fc4ff2bbfde6e59ade15ba5779f1f842209,gfs_seamless,False
turbine_2,2026-02-01 01:00:00+00:00,48,0.8877197152965403,0.8877197152965403,False,False,0.8238156123822342,10.47,-1.4,2026-01-30 19:00:00+00:00,30.0,2026-01-30 22:00:00,2026-01-31T00:00:00+05:00,9a42ebbb329ca0d435e9723067435fc4ff2bbfde6e59ade15ba5779f1f842209,gfs_seamless,False
turbine_2,2026-02-01 02:00:00+00:00,48,0.9067111571269699,0.9067111571269699,False,False,0.8844093851132686,10.63,-1.4,2026-01-30 19:00:00+00:00,31.0,2026-01-30 22:00:00,2026-01-31T00:00:00+05:00,9a42ebbb329ca0d435e9723067435fc4ff2bbfde6e59ade15ba5779f1f842209,gfs_seamless,False
turbine_2,2026-02-01 03:00:00+00:00,48,0.950144614848237,0.950144614848237,False,False,0.9256831228473019,11.05,-1.0,2026-01-30 19:00:00+00:00,32.0,2026-01-30 22:00:00,2026-01-31T00:00:00+05:00,9a42ebbb329ca0d435e9723067435fc4ff2bbfde6e59ade15ba5779f1f842209,gfs_seamless,False
turbine_2,2026-02-01 04:00:00+00:00,48,0.8709682835738082,0.8709682835738082,False,False,0.8238156123822342,10.31,0.4,2026-01-30 19:00:00+00:00,33.0,2026-01-30 22:00:00,2026-01-31T00:00:00+05:00,9a42ebbb329ca0d435e9723067435fc4ff2bbfde6e59ade15ba5779f1f842209,gfs_seamless,False
turbine_2,2026-02-01 05:00:00+00:00,48,0.9179045245560686,0.9179045245560686,False,False,0.8844093851132686,10.82,2.1,2026-01-30 19:00:00+00:00,34.0,2026-01-30 22:00:00,2026-01-31T00:00:00+05:00,9a42ebbb329ca0d435e9723067435fc4ff2bbfde6e59ade15ba5779f1f842209,gfs_seamless,False
turbine_2,2026-02-01 06:00:00+00:00,48,0.9712167699009497,0.9712167699009497,False,False,0.9518141025641025,11.81,4.6,2026-01-30 19:00:00+00:00,35.0,2026-01-30 22:00:00,2026-01-31T00:00:00+05:00,9a42ebbb329ca0d435e9723067435fc4ff2bbfde6e59ade15ba5779f1f842209,gfs_seamless,False
turbine_2,2026-02-01 07:00:00+00:00,48,0.9686401314151473,0.9686401314151473,False,False,0.9518141025641025,11.72,5.2,2026-01-30 19:00:00+00:00,36.0,2026-01-30 22:00:00,2026-01-31T00:00:00+05:00,9a42ebbb329ca0d435e9723067435fc4ff2bbfde6e59ade15ba5779f1f842209,gfs_seamless,False
turbine_2,2026-02-01 08:00:00+00:00,48,0.9583711464729003,0.9583711464729003,False,False,0.9256831228473019,11.24,5.9,2026-01-30 19:00:00+00:00,37.0,2026-01-30 22:00:00,2026-01-31T00:00:00+05:00,9a42ebbb329ca0d435e9723067435fc4ff2bbfde6e59ade15ba5779f1f842209,gfs_seamless,False
turbine_2,2026-02-01 09:00:00+00:00,48,0.950984313208495,0.950984313208495,False,False,0.9256831228473019,11.05,6.0,2026-01-30 19:00:00+00:00,38.0,2026-01-30 22:00:00,2026-01-31T00:00:00+05:00,9a42ebbb329ca0d435e9723067435fc4ff2bbfde6e59ade15ba5779f1f842209,gfs_seamless,False
turbine_2,2026-02-01 10:00:00+00:00,48,0.9220722134931637,0.9220722134931637,False,False,0.8844093851132686,10.7,5.6,2026-01-30 19:00:00+00:00,39.0,2026-01-30 22:00:00,2026-01-31T00:00:00+05:00,9a42ebbb329ca0d435e9723067435fc4ff2bbfde6e59ade15ba5779f1f842209,gfs_seamless,False
turbine_2,2026-02-01 11:00:00+00:00,48,0.9128357691809548,0.9128357691809548,False,False,0.8844093851132686,10.73,4.2,2026-01-30 19:00:00+00:00,40.0,2026-01-30 22:00:00,2026-01-31T00:00:00+05:00,9a42ebbb329ca0d435e9723067435fc4ff2bbfde6e59ade15ba5779f1f842209,gfs_seamless,False
turbine_2,2026-02-01 12:00:00+00:00,48,0.9247918034333563,0.9247918034333563,False,False,0.8844093851132686,10.79,2.2,2026-01-30 19:00:00+00:00,41.0,2026-01-30 22:00:00,2026-01-31T00:00:00+05:00,9a42ebbb329ca0d435e9723067435fc4ff2bbfde6e59ade15ba5779f1f842209,gfs_seamless,False
turbine_2,2026-02-01 13:00:00+00:00,48,0.8541383617134118,0.8541383617134118,False,False,0.8238156123822342,10.25,1.0,2026-01-30 19:00:00+00:00,42.0,2026-01-30 22:00:00,2026-01-31T00:00:00+05:00,9a42ebbb329ca0d435e9723067435fc4ff2bbfde6e59ade15ba5779f1f842209,gfs_seamless,False
turbine_2,2026-02-01 14:00:00+00:00,48,0.8383179551800037,0.8383179551800037,False,False,0.8238156123822342,10.11,0.7,2026-01-30 19:00:00+00:00,43.0,2026-01-30 22:00:00,2026-01-31T00:00:00+05:00,9a42ebbb329ca0d435e9723067435fc4ff2bbfde6e59ade15ba5779f1f842209,gfs_seamless,False
turbine_2,2026-02-01 15:00:00+00:00,48,0.8651159732080522,0.8651159732080522,False,False,0.8238156123822342,10.38,0.5,2026-01-30 19:00:00+00:00,44.0,2026-01-30 22:00:00,2026-01-31T00:00:00+05:00,9a42ebbb329ca0d435e9723067435fc4ff2bbfde6e59ade15ba5779f1f842209,gfs_seamless,False
turbine_2,2026-02-01 16:00:00+00:00,48,0.9442807775410776,0.9442807775410776,False,False,0.8844093851132686,10.91,0.3,2026-01-30 19:00:00+00:00,45.0,2026-01-30 22:00:00,2026-01-31T00:00:00+05:00,9a42ebbb329ca0d435e9723067435fc4ff2bbfde6e59ade15ba5779f1f842209,gfs_seamless,False
turbine_2,2026-02-01 17:00:00+00:00,48,0.9517507425294945,0.9517507425294945,False,False,0.9256831228473019,11.0,0.4,2026-01-30 19:00:00+00:00,46.0,2026-01-30 22:00:00,2026-01-31T00:00:00+05:00,9a42ebbb329ca0d435e9723067435fc4ff2bbfde6e59ade15ba5779f1f842209,gfs_seamless,False
turbine_2,2026-02-01 18:00:00+00:00,48,0.9272778579003882,0.9272778579003882,False,False,0.8844093851132686,10.69,0.1,2026-01-30 19:00:00+00:00,47.0,2026-01-30 22:00:00,2026-01-31T00:00:00+05:00,9a42ebbb329ca0d435e9723067435fc4ff2bbfde6e59ade15ba5779f1f842209,gfs_seamless,False
turbine_2,2026-02-01 19:00:00+00:00,48,0.9569628934459399,0.9569628934459399,False,False,0.9256831228473019,11.0,0.1,2026-01-30 19:00:00+00:00,48.0,2026-01-30 22:00:00,2026-01-31T00:00:00+05:00,9a42ebbb329ca0d435e9723067435fc4ff2bbfde6e59ade15ba5779f1f842209,gfs_seamless,False
turbine_1,2026-01-31 20:00:00+00:00,24,0.06232354788316417,0.06232354788316417,False,False,0.11167154471544716,4.77,-1.2,2026-01-31 19:00:00+00:00,1.0,2026-01-31 22:00:00,2026-02-01T00:00:00+05:00,e3e9fb9b6aa79475707ff0b5d8a8b0cceddab548ea3e66ddd8dcf83c8669ac8b,gfs_seamless,False
turbine_1,2026-01-31 21:00:00+00:00,24,0.21195054688457754,0.21195054688457754,False,False,0.25608347627215555,6.18,-0.6,2026-01-31 19:00:00+00:00,2.0,2026-01-31 22:00:00,2026-02-01T00:00:00+05:00,e3e9fb9b6aa79475707ff0b5d8a8b0cceddab548ea3e66ddd8dcf83c8669ac8b,gfs_seamless,False
turbine_1,2026-01-31 22:00:00+00:00,24,0.5658681318321894,0.5658681318321894,False,False,0.5480688448074679,8.26,-0.6,2026-01-31 19:00:00+00:00,3.0,2026-01-31 22:00:00,2026-02-01T00:00:00+05:00,e3e9fb9b6aa79475707ff0b5d8a8b0cceddab548ea3e66ddd8dcf83c8669ac8b,gfs_seamless,False
turbine_1,2026-01-31 23:00:00+00:00,24,0.8979196738770089,0.8979196738770089,False,False,0.8301109660574413,10.38,-1.0,2026-01-31 19:00:00+00:00,4.0,2026-01-31 22:00:00,2026-02-01T00:00:00+05:00,e3e9fb9b6aa79475707ff0b5d8a8b0cceddab548ea3e66ddd8dcf83c8669ac8b,gfs_seamless,False
turbine_1,2026-02-01 00:00:00+00:00,24,0.9231362832311985,0.9231362832311985,False,False,0.8937111928104575,10.78,-1.6,2026-01-31 19:00:00+00:00,5.0,2026-01-31 22:00:00,2026-02-01T00:00:00+05:00,e3e9fb9b6aa79475707ff0b5d8a8b0cceddab548ea3e66ddd8dcf83c8669ac8b,gfs_seamless,False
turbine_1,2026-02-01 01:00:00+00:00,24,0.9768149351166289,0.9768149351166289,False,False,0.9603525641025641,11.73,-1.8,2026-01-31 19:00:00+00:00,6.0,2026-01-31 22:00:00,2026-02-01T00:00:00+05:00,e3e9fb9b6aa79475707ff0b5d8a8b0cceddab548ea3e66ddd8dcf83c8669ac8b,gfs_seamless,False
turbine_1,2026-02-01 02:00:00+00:00,24,0.9789435907903126,0.9789435907903126,False,False,0.9381677419354839,11.44,-2.6,2026-01-31 19:00:00+00:00,7.0,2026-01-31 22:00:00,2026-02-01T00:00:00+05:00,e3e9fb9b6aa79475707ff0b5d8a8b0cceddab548ea3e66ddd8dcf83c8669ac8b,gfs_seamless,False
turbine_1,2026-02-01 03:00:00+00:00,24,0.8143371312073889,0.8143371312073889,False,False,0.7651013024602026,9.78,-2.4,2026-01-31 19:00:00+00:00,8.0,2026-01-31 22:00:00,2026-02-01T00:00:00+05:00,e3e9fb9b6aa79475707ff0b5d8a8b0cceddab548ea3e66ddd8dcf83c8669ac8b,gfs_seamless,False
turbine_1,2026-02-01 04:00:00+00:00,24,0.9792101760562616,0.9792101760562616,False,False,0.9381677419354839,11.36,-0.4,2026-01-31 19:00:00+00:00,9.0,2026-01-31 22:00:00,2026-02-01T00:00:00+05:00,e3e9fb9b6aa79475707ff0b5d8a8b0cceddab548ea3e66ddd8dcf83c8669ac8b,gfs_seamless,False
turbine_1,2026-02-01 05:00:00+00:00,24,0.9490113702623735,0.9490113702623735,False,False,0.8937111928104575,10.96,3.0,2026-01-31 19:00:00+00:00,10.0,2026-01-31 22:00:00,2026-02-01T00:00:00+05:00,e3e9fb9b6aa79475707ff0b5d8a8b0cceddab548ea3e66ddd8dcf83c8669ac8b,gfs_seamless,False
turbine_1,2026-02-01 06:00:00+00:00,24,0.9229978510609055,0.9229978510609055,False,False,0.8937111928104575,10.6,3.8,2026-01-31 19:00:00+00:00,11.0,2026-01-31 22:00:00,2026-02-01T00:00:00+05:00,e3e9fb9b6aa79475707ff0b5d8a8b0cceddab548ea3e66ddd8dcf83c8669ac8b,gfs_seamless,False
turbine_1,2026-02-01 07:00:00+00:00,24,0.9671213651396698,0.9671213651396698,False,False,0.9381677419354839,11.14,5.1,2026-01-31 19:00:00+00:00,12.0,2026-01-31 22:00:00,2026-02-01T00:00:00+05:00,e3e9fb9b6aa79475707ff0b5d8a8b0cceddab548ea3e66ddd8dcf83c8669ac8b,gfs_seamless,False
turbine_1,2026-02-01 08:00:00+00:00,24,0.9392963517416086,0.9392963517416086,False,False,0.8937111928104575,10.87,5.9,2026-01-31 19:00:00+00:00,13.0,2026-01-31 22:00:00,2026-02-01T00:00:00+05:00,e3e9fb9b6aa79475707ff0b5d8a8b0cceddab548ea3e66ddd8dcf83c8669ac8b,gfs_seamless,False
turbine_1,2026-02-01 09:00:00+00:00,24,0.8775012362029515,0.8775012362029515,False,False,0.8301109660574413,10.26,5.9,2026-01-31 19:00:00+00:00,14.0,2026-01-31 22:00:00,2026-02-01T00:00:00+05:00,e3e9fb9b6aa79475707ff0b5d8a8b0cceddab548ea3e66ddd8dcf83c8669ac8b,gfs_seamless,False
turbine_1,2026-02-01 10:00:00+00:00,24,0.8743629438566418,0.8743629438566418,False,False,0.8301109660574413,10.18,5.0,2026-01-31 19:00:00+00:00,15.0,2026-01-31 22:00:00,2026-02-01T00:00:00+05:00,e3e9fb9b6aa79475707ff0b5d8a8b0cceddab548ea3e66ddd8dcf83c8669ac8b,gfs_seamless,False
turbine_1,2026-02-01 11:00:00+00:00,24,0.9044036131369096,0.9044036131369096,False,False,0.8301109660574413,10.38,3.3,2026-01-31 19:00:00+00:00,16.0,2026-01-31 22:00:00,2026-02-01T00:00:00+05:00,e3e9fb9b6aa79475707ff0b5d8a8b0cceddab548ea3e66ddd8dcf83c8669ac8b,gfs_seamless,False
turbine_1,2026-02-01 12:00:00+00:00,24,0.7502773163595274,0.7502773163595274,False,False,0.6955416051206302,9.26,1.7,2026-01-31 19:00:00+00:00,17.0,2026-01-31 22:00:00,2026-02-01T00:00:00+05:00,e3e9fb9b6aa79475707ff0b5d8a8b0cceddab548ea3e66ddd8dcf83c8669ac8b,gfs_seamless,False
turbine_1,2026-02-01 13:00:00+00:00,24,0.8062623272466614,0.8062623272466614,False,False,0.7651013024602026,9.75,1.2,2026-01-31 19:00:00+00:00,18.0,2026-01-31 22:00:00,2026-02-01T00:00:00+05:00,e3e9fb9b6aa79475707ff0b5d8a8b0cceddab548ea3e66ddd8dcf83c8669ac8b,gfs_seamless,False
turbine_1,2026-02-01 14:00:00+00:00,24,0.7509963264439978,0.7509963264439978,False,False,0.6955416051206302,9.39,1.2,2026-01-31 19:00:00+00:00,19.0,2026-01-31 22:00:00,2026-02-01T00:00:00+05:00,e3e9fb9b6aa79475707ff0b5d8a8b0cceddab548ea3e66ddd8dcf83c8669ac8b,gfs_seamless,False
turbine_1,2026-02-01 15:00:00+00:00,24,0.7833474936693875,0.7833474936693875,False,False,0.6955416051206302,9.48,0.9,2026-01-31 19:00:00+00:00,20.0,2026-01-31 22:00:00,2026-02-01T00:00:00+05:00,e3e9fb9b6aa79475707ff0b5d8a8b0cceddab548ea3e66ddd8dcf83c8669ac8b,gfs_seamless,False
turbine_1,2026-02-01 16:00:00+00:00,24,0.7833474936693875,0.7833474936693875,False,False,0.6955416051206302,9.45,1.1,2026-01-31 19:00:00+00:00,21.0,2026-01-31 22:00:00,2026-02-01T00:00:00+05:00,e3e9fb9b6aa79475707ff0b5d8a8b0cceddab548ea3e66ddd8dcf83c8669ac8b,gfs_seamless,False
turbine_1,2026-02-01 17:00:00+00:00,24,0.8163735776138941,0.8163735776138941,False,False,0.7651013024602026,9.79,0.3,2026-01-31 19:00:00+00:00,22.0,2026-01-31 22:00:00,2026-02-01T00:00:00+05:00,e3e9fb9b6aa79475707ff0b5d8a8b0cceddab548ea3e66ddd8dcf83c8669ac8b,gfs_seamless,False
turbine_1,2026-02-01 18:00:00+00:00,24,0.8473213565546942,0.8473213565546942,False,False,0.7651013024602026,9.97,0.3,2026-01-31 19:00:00+00:00,23.0,2026-01-31 22:00:00,2026-02-01T00:00:00+05:00,e3e9fb9b6aa79475707ff0b5d8a8b0cceddab548ea3e66ddd8dcf83c8669ac8b,gfs_seamless,False
turbine_1,2026-02-01 19:00:00+00:00,24,0.8847604366668526,0.8847604366668526,False,False,0.8301109660574413,10.42,-0.0,2026-01-31 19:00:00+00:00,24.0,2026-01-31 22:00:00,2026-02-01T00:00:00+05:00,e3e9fb9b6aa79475707ff0b5d8a8b0cceddab548ea3e66ddd8dcf83c8669ac8b,gfs_seamless,False
turbine_1,2026-02-01 20:00:00+00:00,48,0.9777079907183758,0.9777079907183758,False,False,0.9381677419354839,11.23,-0.1,2026-01-31 19:00:00+00:00,25.0,2026-01-31 22:00:00,2026-02-01T00:00:00+05:00,e3e9fb9b6aa79475707ff0b5d8a8b0cceddab548ea3e66ddd8dcf83c8669ac8b,gfs_seamless,False
turbine_1,2026-02-01 21:00:00+00:00,48,0.977699710924042,0.977699710924042,False,False,0.9381677419354839,11.27,-0.6,2026-01-31 19:00:00+00:00,26.0,2026-01-31 22:00:00,2026-02-01T00:00:00+05:00,e3e9fb9b6aa79475707ff0b5d8a8b0cceddab548ea3e66ddd8dcf83c8669ac8b,gfs_seamless,False
turbine_1,2026-02-01 22:00:00+00:00,48,0.9766590521237544,0.9766590521237544,False,False,0.9603525641025641,11.54,-1.0,2026-01-31 19:00:00+00:00,27.0,2026-01-31 22:00:00,2026-02-01T00:00:00+05:00,e3e9fb9b6aa79475707ff0b5d8a8b0cceddab548ea3e66ddd8dcf83c8669ac8b,gfs_seamless,False
turbine_1,2026-02-01 23:00:00+00:00,48,0.9757482487913838,0.9757482487913838,False,False,0.9603525641025641,11.9,-1.2,2026-01-31 19:00:00+00:00,28.0,2026-01-31 22:00:00,2026-02-01T00:00:00+05:00,e3e9fb9b6aa79475707ff0b5d8a8b0cceddab548ea3e66ddd8dcf83c8669ac8b,gfs_seamless,False
turbine_1,2026-02-02 00:00:00+00:00,48,0.9768149351166289,0.9768149351166289,False,False,0.9603525641025641,11.68,-1.8,2026-01-31 19:00:00+00:00,29.0,2026-01-31 22:00:00,2026-02-01T00:00:00+05:00,e3e9fb9b6aa79475707ff0b5d8a8b0cceddab548ea3e66ddd8dcf83c8669ac8b,gfs_seamless,False
turbine_1,2026-02-02 01:00:00+00:00,48,0.9763045999537845,0.9763045999537845,False,False,0.9603525641025641,11.9,-1.9,2026-01-31 19:00:00+00:00,30.0,2026-01-31 22:00:00,2026-02-01T00:00:00+05:00,e3e9fb9b6aa79475707ff0b5d8a8b0cceddab548ea3e66ddd8dcf83c8669ac8b,gfs_seamless,False
turbine_1,2026-02-02 02:00:00+00:00,48,0.974479979249547,0.974479979249547,False,False,0.9583879781420764,12.12,-2.0,2026-01-31 19:00:00+00:00,31.0,2026-01-31 22:00:00,2026-02-01T00:00:00+05:00,e3e9fb9b6aa79475707ff0b5d8a8b0cceddab548ea3e66ddd8dcf83c8669ac8b,gfs_seamless,False
turbine_1,2026-02-02 03:00:00+00:00,48,0.9853895111579651,0.9853895111579651,False,False,0.9583879781420764,12.34,-0.9,2026-01-31 19:00:00+00:00,32.0,2026-01-31 22:00:00,2026-02-01T00:00:00+05:00,e3e9fb9b6aa79475707ff0b5d8a8b0cceddab548ea3e66ddd8dcf83c8669ac8b,gfs_seamless,False
turbine_1,2026-02-02 04:00:00+00:00,48,0.9746153913869444,0.9746153913869444,False,False,0.9583879781420764,12.27,1.7,2026-01-31 19:00:00+00:00,33.0,2026-01-31 22:00:00,2026-02-01T00:00:00+05:00,e3e9fb9b6aa79475707ff0b5d8a8b0cceddab548ea3e66ddd8dcf83c8669ac8b,gfs_seamless,False
turbine_1,2026-02-02 05:00:00+00:00,48,0.9919617256911935,0.9919617256911935,False,False,0.9661001642036123,13.6,3.9,2026-01-31 19:00:00+00:00,34.0,2026-01-31 22:00:00,2026-02-01T00:00:00+05:00,e3e9fb9b6aa79475707ff0b5d8a8b0cceddab548ea3e66ddd8dcf83c8669ac8b,gfs_seamless,False
turbine_1,2026-02-02 06:00:00+00:00,48,0.9907396527677744,0.9907396527677744,False,False,0.9661001642036123,13.91,5.4,2026-01-31 19:00:00+00:00,35.0,2026-01-31 22:00:00,2026-02-01T00:00:00+05:00,e3e9fb9b6aa79475707ff0b5d8a8b0cceddab548ea3e66ddd8dcf83c8669ac8b,gfs_seamless,False
turbine_1,2026-02-02 07:00:00+00:00,48,0.9765273091523359,0.9765273091523359,False,False,0.9672885572139301,14.18,6.8,2026-01-31 19:00:00+00:00,36.0,2026-01-31 22:00:00,2026-02-01T00:00:00+05:00,e3e9fb9b6aa79475707ff0b5d8a8b0cceddab548ea3e66ddd8dcf83c8669ac8b,gfs_seamless,False
turbine_1,2026-02-02 08:00:00+00:00,48,0.977582769728764,0.977582769728764,False,False,0.9618518518518518,14.72,7.3,2026-01-31 19:00:00+00:00,37.0,2026-01-31 22:00:00,2026-02-01T00:00:00+05:00,e3e9fb9b6aa79475707ff0b5d8a8b0cceddab548ea3e66ddd8dcf83c8669ac8b,gfs_seamless,False
turbine_1,2026-02-02 09:00:00+00:00,48,0.977582769728764,0.977582769728764,False,False,0.9618518518518518,14.58,7.3,2026-01-31 19:00:00+00:00,38.0,2026-01-31 22:00:00,2026-02-01T00:00:00+05:00,e3e9fb9b6aa79475707ff0b5d8a8b0cceddab548ea3e66ddd8dcf83c8669ac8b,gfs_seamless,False
turbine_1,2026-02-02 10:00:00+00:00,48,0.9922561973873664,0.9922561973873664,False,False,0.9672885572139301,14.19,6.2,2026-01-31 19:00:00+00:00,39.0,2026-01-31 22:00:00,2026-02-01T00:00:00+05:00,e3e9fb9b6aa79475707ff0b5d8a8b0cceddab548ea3e66ddd8dcf83c8669ac8b,gfs_seamless,False
turbine_1,2026-02-02 11:00:00+00:00,48,0.9839175131217057,0.9839175131217057,False,False,0.9661001642036123,13.51,4.6,2026-01-31 19:00:00+00:00,40.0,2026-01-31 22:00:00,2026-02-01T00:00:00+05:00,e3e9fb9b6aa79475707ff0b5d8a8b0cceddab548ea3e66ddd8dcf83c8669ac8b,gfs_seamless,False
turbine_1,2026-02-02 12:00:00+00:00,48,0.8805869756135756,0.8805869756135756,False,False,0.8301109660574413,10.16,2.4,2026-01-31 19:00:00+00:00,41.0,2026-01-31 22:00:00,2026-02-01T00:00:00+05:00,e3e9fb9b6aa79475707ff0b5d8a8b0cceddab548ea3e66ddd8dcf83c8669ac8b,gfs_seamless,False
turbine_1,2026-02-02 13:00:00+00:00,48,0.5318599707390622,0.5318599707390622,False,False,0.5480688448074679,8.01,1.2,2026-01-31 19:00:00+00:00,42.0,2026-01-31 22:00:00,2026-02-01T00:00:00+05:00,e3e9fb9b6aa79475707ff0b5d8a8b0cceddab548ea3e66ddd8dcf83c8669ac8b,gfs_seamless,False
turbine_1,2026-02-02 14:00:00+00:00,48,0.34768560220111405,0.34768560220111405,False,False,0.3244547053649956,6.84,1.0,2026-01-31 19:00:00+00:00,43.0,2026-01-31 22:00:00,2026-02-01T00:00:00+05:00,e3e9fb9b6aa79475707ff0b5d8a8b0cceddab548ea3e66ddd8dcf83c8669ac8b,gfs_seamless,False
turbine_1,2026-02-02 15:00:00+00:00,48,0.37194724381119365,0.37194724381119365,False,False,0.3244547053649956,6.99,1.1,2026-01-31 19:00:00+00:00,44.0,2026-01-31 22:00:00,2026-02-01T00:00:00+05:00,e3e9fb9b6aa79475707ff0b5d8a8b0cceddab548ea3e66ddd8dcf83c8669ac8b,gfs_seamless,False
turbine_1,2026-02-02 16:00:00+00:00,48,0.3676287320036839,0.3676287320036839,False,False,0.3244547053649956,6.99,1.3,2026-01-31 19:00:00+00:00,45.0,2026-01-31 22:00:00,2026-02-01T00:00:00+05:00,e3e9fb9b6aa79475707ff0b5d8a8b0cceddab548ea3e66ddd8dcf83c8669ac8b,gfs_seamless,False
turbine_1,2026-02-02 17:00:00+00:00,48,0.417107059942096,0.417107059942096,False,False,0.3981808278867102,7.3,1.3,2026-01-31 19:00:00+00:00,46.0,2026-01-31 22:00:00,2026-02-01T00:00:00+05:00,e3e9fb9b6aa79475707ff0b5d8a8b0cceddab548ea3e66ddd8dcf83c8669ac8b,gfs_seamless,False
turbine_1,2026-02-02 18:00:00+00:00,48,0.25744870915116447,0.25744870915116447,False,False,0.25608347627215555,6.32,1.8,2026-01-31 19:00:00+00:00,47.0,2026-01-31 22:00:00,2026-02-01T00:00:00+05:00,e3e9fb9b6aa79475707ff0b5d8a8b0cceddab548ea3e66ddd8dcf83c8669ac8b,gfs_seamless,False
turbine_1,2026-02-02 19:00:00+00:00,48,0.4845985305075182,0.4845985305075182,False,False,0.47519897772909825,7.67,1.9,2026-01-31 19:00:00+00:00,48.0,2026-01-31 22:00:00,2026-02-01T00:00:00+05:00,e3e9fb9b6aa79475707ff0b5d8a8b0cceddab548ea3e66ddd8dcf83c8669ac8b,gfs_seamless,False
turbine_2,2026-01-31 20:00:00+00:00,24,0.05913540092272042,0.05913540092272042,False,False,0.10500000000000001,4.77,-1.2,2026-01-31 19:00:00+00:00,1.0,2026-01-31 22:00:00,2026-02-01T00:00:00+05:00,eb45394fc4d345dcc8adc503ec8e711d8b49265f127f245d0ab445efe20ea8f9,gfs_seamless,False
turbine_2,2026-01-31 21:00:00+00:00,24,0.20902398253109533,0.20902398253109533,False,False,0.24517774131802023,6.18,-0.6,2026-01-31 19:00:00+00:00,2.0,2026-01-31 22:00:00,2026-02-01T00:00:00+05:00,eb45394fc4d345dcc8adc503ec8e711d8b49265f127f245d0ab445efe20ea8f9,gfs_seamless,False
turbine_2,2026-01-31 22:00:00+00:00,24,0.5124549141609946,0.5124549141609946,False,False,0.5334922575387123,8.26,-0.6,2026-01-31 19:00:00+00:00,3.0,2026-01-31 22:00:00,2026-02-01T00:00:00+05:00,eb45394fc4d345dcc8adc503ec8e711d8b49265f127f245d0ab445efe20ea8f9,gfs_seamless,False
turbine_2,2026-01-31 23:00:00+00:00,24,0.8783363372983906,0.8783363372983906,False,False,0.8240326184092941,10.38,-1.0,2026-01-31 19:00:00+00:00,4.0,2026-01-31 22:00:00,2026-02-01T00:00:00+05:00,eb45394fc4d345dcc8adc503ec8e711d8b49265f127f245d0ab445efe20ea8f9,gfs_seamless,False
turbine_2,2026-02-01 00:00:00+00:00,24,0.9327147836160832,0.9327147836160832,False,False,0.8845606610237807,10.78,-1.6,2026-01-31 19:00:00+00:00,5.0,2026-01-31 22:00:00,2026-02-01T00:00:00+05:00,eb45394fc4d345dcc8adc503ec8e711d8b49265f127f245d0ab445efe20ea8f9,gfs_seamless,False
turbine_2,2026-02-01 01:00:00+00:00,24,0.9765977146436432,0.9765977146436432,False,False,0.9518670076726343,11.73,-1.8,2026-01-31 19:00:00+00:00,6.0,2026-01-31 22:00:00,2026-02-01T00:00:00+05:00,eb45394fc4d345dcc8adc503ec8e711d8b49265f127f245d0ab445efe20ea8f9,gfs_seamless,False
turbine_2,2026-02-01 02:00:00+00:00,24,0.966886626615544,0.966886626615544,False,False,0.9257415902140673,11.44,-2.6,2026-01-31 19:00:00+00:00,7.0,2026-01-31 22:00:00,2026-02-01T00:00:00+05:00,eb45394fc4d345dcc8adc503ec8e711d8b49265f127f245d0ab445efe20ea8f9,gfs_seamless,False
turbine_2,2026-02-01 03:00:00+00:00,24,0.7775866857575114,0.7775866857575114,False,False,0.7536449275362319,9.78,-2.4,2026-01-31 19:00:00+00:00,8.0,2026-01-31 22:00:00,2026-02-01T00:00:00+05:00,eb45394fc4d345dcc8adc503ec8e711d8b49265f127f245d0ab445efe20ea8f9,gfs_seamless,False
turbine_2,2026-02-01 04:00:00+00:00,24,0.9455756333102829,0.9455756333102829,False,False,0.9257415902140673,11.36,-0.4,2026-01-31 19:00:00+00:00,9.0,2026-01-31 22:00:00,2026-02-01T00:00:00+05:00,eb45394fc4d345dcc8adc503ec8e711d8b49265f127f245d0ab445efe20ea8f9,gfs_seamless,False
turbine_2,2026-02-01 05:00:00+00:00,24,0.9427683360419926,0.9427683360419926,False,False,0.8845606610237807,10.96,3.0,2026-01-31 19:00:00+00:00,10.0,2026-01-31 22:00:00,2026-02-01T00:00:00+05:00,eb45394fc4d345dcc8adc503ec8e711d8b49265f127f245d0ab445efe20ea8f9,gfs_seamless,False
turbine_2,2026-02-01 06:00:00+00:00,24,0.9055865387377755,0.9055865387377755,False,False,0.8845606610237807,10.6,3.8,2026-01-31 19:00:00+00:00,11.0,2026-01-31 22:00:00,2026-02-01T00:00:00+05:00,eb45394fc4d345dcc8adc503ec8e711d8b49265f127f245d0ab445efe20ea8f9,gfs_seamless,False
turbine_2,2026-02-01 07:00:00+00:00,24,0.9563251432849713,0.9563251432849713,False,False,0.9257415902140673,11.14,5.1,2026-01-31 19:00:00+00:00,12.0,2026-01-31 22:00:00,2026-02-01T00:00:00+05:00,eb45394fc4d345dcc8adc503ec8e711d8b49265f127f245d0ab445efe20ea8f9,gfs_seamless,False
turbine_2,2026-02-01 08:00:00+00:00,24,0.9409078444486664,0.9409078444486664,False,False,0.8845606610237807,10.87,5.9,2026-01-31 19:00:00+00:00,13.0,2026-01-31 22:00:00,2026-02-01T00:00:00+05:00,eb45394fc4d345dcc8adc503ec8e711d8b49265f127f245d0ab445efe20ea8f9,gfs_seamless,False
turbine_2,2026-02-01 09:00:00+00:00,24,0.8571410188078271,0.8571410188078271,False,False,0.8240326184092941,10.26,5.9,2026-01-31 19:00:00+00:00,14.0,2026-01-31 22:00:00,2026-02-01T00:00:00+05:00,eb45394fc4d345dcc8adc503ec8e711d8b49265f127f245d0ab445efe20ea8f9,gfs_seamless,False
turbine_2,2026-02-01 10:00:00+00:00,24,0.7735860060327684,0.7735860060327684,False,False,0.8240326184092941,10.18,5.0,2026-01-31 19:00:00+00:00,15.0,2026-01-31 22:00:00,2026-02-01T00:00:00+05:00,eb45394fc4d345dcc8adc503ec8e711d8b49265f127f245d0ab445efe20ea8f9,gfs_seamless,False
turbine_2,2026-02-01 11:00:00+00:00,24,0.8715527304651461,0.8715527304651461,False,False,0.8240326184092941,10.38,3.3,2026-01-31 19:00:00+00:00,16.0,2026-01-31 22:00:00,2026-02-01T00:00:00+05:00,eb45394fc4d345dcc8adc503ec8e711d8b49265f127f245d0ab445efe20ea8f9,gfs_seamless,False
turbine_2,2026-02-01 12:00:00+00:00,24,0.669906389022003,0.669906389022003,False,False,0.6742543244506779,9.26,1.7,2026-01-31 19:00:00+00:00,17.0,2026-01-31 22:00:00,2026-02-01T00:00:00+05:00,eb45394fc4d345dcc8adc503ec8e711d8b49265f127f245d0ab445efe20ea8f9,gfs_seamless,False
turbine_2,2026-02-01 13:00:00+00:00,24,0.7872007993009889,0.7872007993009889,False,False,0.7536449275362319,9.75,1.2,2026-01-31 19:00:00+00:00,18.0,2026-01-31 22:00:00,2026-02-01T00:00:00+05:00,eb45394fc4d345dcc8adc503ec8e711d8b49265f127f245d0ab445efe20ea8f9,gfs_seamless,False
turbine_2,2026-02-01 14:00:00+00:00,24,0.7229665075458903,0.7229665075458903,False,False,0.6742543244506779,9.39,1.2,2026-01-31 19:00:00+00:00,19.0,2026-01-31 22:00:00,2026-02-01T00:00:00+05:00,eb45394fc4d345dcc8adc503ec8e711d8b49265f127f245d0ab445efe20ea8f9,gfs_seamless,False
turbine_2,2026-02-01 15:00:00+00:00,24,0.7496538054574352,0.7496538054574352,False,False,0.6742543244506779,9.48,0.9,2026-01-31 19:00:00+00:00,20.0,2026-01-31 22:00:00,2026-02-01T00:00:00+05:00,eb45394fc4d345dcc8adc503ec8e711d8b49265f127f245d0ab445efe20ea8f9,gfs_seamless,False
turbine_2,2026-02-01 16:00:00+00:00,24,0.7093144065475487,0.7093144065475487,False,False,0.6742543244506779,9.45,1.1,2026-01-31 19:00:00+00:00,21.0,2026-01-31 22:00:00,2026-02-01T00:00:00+05:00,eb45394fc4d345dcc8adc503ec8e711d8b49265f127f245d0ab445efe20ea8f9,gfs_seamless,False
turbine_2,2026-02-01 17:00:00+00:00,24,0.7894124582943463,0.7894124582943463,False,False,0.7536449275362319,9.79,0.3,2026-01-31 19:00:00+00:00,22.0,2026-01-31 22:00:00,2026-02-01T00:00:00+05:00,eb45394fc4d345dcc8adc503ec8e711d8b49265f127f245d0ab445efe20ea8f9,gfs_seamless,False
turbine_2,2026-02-01 18:00:00+00:00,24,0.8269507572185333,0.8269507572185333,False,False,0.7536449275362319,9.97,0.3,2026-01-31 19:00:00+00:00,23.0,2026-01-31 22:00:00,2026-02-01T00:00:00+05:00,eb45394fc4d345dcc8adc503ec8e711d8b49265f127f245d0ab445efe20ea8f9,gfs_seamless,False
turbine_2,2026-02-01 19:00:00+00:00,24,0.8788748456453979,0.8788748456453979,False,False,0.8240326184092941,10.42,-0.0,2026-01-31 19:00:00+00:00,24.0,2026-01-31 22:00:00,2026-02-01T00:00:00+05:00,eb45394fc4d345dcc8adc503ec8e711d8b49265f127f245d0ab445efe20ea8f9,gfs_seamless,False
turbine_2,2026-02-01 20:00:00+00:00,48,0.9703399917037256,0.9703399917037256,False,False,0.9257415902140673,11.23,-0.1,2026-01-31 19:00:00+00:00,25.0,2026-01-31 22:00:00,2026-02-01T00:00:00+05:00,eb45394fc4d345dcc8adc503ec8e711d8b49265f127f245d0ab445efe20ea8f9,gfs_seamless,False
turbine_2,2026-02-01 21:00:00+00:00,48,0.9558577245238974,0.9558577245238974,False,False,0.9257415902140673,11.27,-0.6,2026-01-31 19:00:00+00:00,26.0,2026-01-31 22:00:00,2026-02-01T00:00:00+05:00,eb45394fc4d345dcc8adc503ec8e711d8b49265f127f245d0ab445efe20ea8f9,gfs_seamless,False
turbine_2,2026-02-01 22:00:00+00:00,48,0.9587445278076124,0.9587445278076124,False,False,0.9518670076726343,11.54,-1.0,2026-01-31 19:00:00+00:00,27.0,2026-01-31 22:00:00,2026-02-01T00:00:00+05:00,eb45394fc4d345dcc8adc503ec8e711d8b49265f127f245d0ab445efe20ea8f9,gfs_seamless,False
turbine_2,2026-02-01 23:00:00+00:00,48,0.9672157678001269,0.9672157678001269,False,False,0.9518670076726343,11.9,-1.2,2026-01-31 19:00:00+00:00,28.0,2026-01-31 22:00:00,2026-02-01T00:00:00+05:00,eb45394fc4d345dcc8adc503ec8e711d8b49265f127f245d0ab445efe20ea8f9,gfs_seamless,False
turbine_2,2026-02-02 00:00:00+00:00,48,0.9765977146436432,0.9765977146436432,False,False,0.9518670076726343,11.68,-1.8,2026-01-31 19:00:00+00:00,29.0,2026-01-31 22:00:00,2026-02-01T00:00:00+05:00,eb45394fc4d345dcc8adc503ec8e711d8b49265f127f245d0ab445efe20ea8f9,gfs_seamless,False
turbine_2,2026-02-02 01:00:00+00:00,48,0.978503904856778,0.978503904856778,False,False,0.9518670076726343,11.9,-1.9,2026-01-31 19:00:00+00:00,30.0,2026-01-31 22:00:00,2026-02-01T00:00:00+05:00,eb45394fc4d345dcc8adc503ec8e711d8b49265f127f245d0ab445efe20ea8f9,gfs_seamless,False
turbine_2,2026-02-02 02:00:00+00:00,48,0.9280583044220299,0.9280583044220299,False,False,0.9574121315192744,12.12,-2.0,2026-01-31 19:00:00+00:00,31.0,2026-01-31 22:00:00,2026-02-01T00:00:00+05:00,eb45394fc4d345dcc8adc503ec8e711d8b49265f127f245d0ab445efe20ea8f9,gfs_seamless,False
turbine_2,2026-02-02 03:00:00+00:00,48,0.9880984728305322,0.9880984728305322,False,False,0.9574121315192744,12.34,-0.9,2026-01-31 19:00:00+00:00,32.0,2026-01-31 22:00:00,2026-02-01T00:00:00+05:00,eb45394fc4d345dcc8adc503ec8e711d8b49265f127f245d0ab445efe20ea8f9,gfs_seamless,False
turbine_2,2026-02-02 04:00:00+00:00,48,0.9764617093397786,0.9764617093397786,False,False,0.9574121315192744,12.27,1.7,2026-01-31 19:00:00+00:00,33.0,2026-01-31 22:00:00,2026-02-01T00:00:00+05:00,eb45394fc4d345dcc8adc503ec8e711d8b49265f127f245d0ab445efe20ea8f9,gfs_seamless,False
turbine_2,2026-02-02 05:00:00+00:00,48,0.9785554511123788,0.9785554511123788,False,False,0.9598799435028249,13.6,3.9,2026-01-31 19:00:00+00:00,34.0,2026-01-31 22:00:00,2026-02-01T00:00:00+05:00,eb45394fc4d345dcc8adc503ec8e711d8b49265f127f245d0ab445efe20ea8f9,gfs_seamless,False
turbine_2,2026-02-02 06:00:00+00:00,48,0.964968989382315,0.964968989382315,False,False,0.9598799435028249,13.91,5.4,2026-01-31 19:00:00+00:00,35.0,2026-01-31 22:00:00,2026-02-01T00:00:00+05:00,eb45394fc4d345dcc8adc503ec8e711d8b49265f127f245d0ab445efe20ea8f9,gfs_seamless,False
turbine_2,2026-02-02 07:00:00+00:00,48,0.9741520773405837,0.9741520773405837,False,False,0.9603782505910166,14.18,6.8,2026-01-31 19:00:00+00:00,36.0,2026-01-31 22:00:00,2026-02-01T00:00:00+05:00,eb45394fc4d345dcc8adc503ec8e711d8b49265f127f245d0ab445efe20ea8f9,gfs_seamless,False
turbine_2,2026-02-02 08:00:00+00:00,48,0.9809999670699208,0.9809999670699208,False,False,0.962514880952381,14.72,7.3,2026-01-31 19:00:00+00:00,37.0,2026-01-31 22:00:00,2026-02-01T00:00:00+05:00,eb45394fc4d345dcc8adc503ec8e711d8b49265f127f245d0ab445efe20ea8f9,gfs_seamless,False
turbine_2,2026-02-02 09:00:00+00:00,48,0.9809999670699208,0.9809999670699208,False,False,0.962514880952381,14.58,7.3,2026-01-31 19:00:00+00:00,38.0,2026-01-31 22:00:00,2026-02-01T00:00:00+05:00,eb45394fc4d345dcc8adc503ec8e711d8b49265f127f245d0ab445efe20ea8f9,gfs_seamless,False
turbine_2,2026-02-02 10:00:00+00:00,48,0.951404037327961,0.951404037327961,False,False,0.9603782505910166,14.19,6.2,2026-01-31 19:00:00+00:00,39.0,2026-01-31 22:00:00,2026-02-01T00:00:00+05:00,eb45394fc4d345dcc8adc503ec8e711d8b49265f127f245d0ab445efe20ea8f9,gfs_seamless,False
turbine_2,2026-02-02 11:00:00+00:00,48,0.9792302909179433,0.9792302909179433,False,False,0.9598799435028249,13.51,4.6,2026-01-31 19:00:00+00:00,40.0,2026-01-31 22:00:00,2026-02-01T00:00:00+05:00,eb45394fc4d345dcc8adc503ec8e711d8b49265f127f245d0ab445efe20ea8f9,gfs_seamless,False
turbine_2,2026-02-02 12:00:00+00:00,48,0.8330801149111747,0.8330801149111747,False,False,0.8240326184092941,10.16,2.4,2026-01-31 19:00:00+00:00,41.0,2026-01-31 22:00:00,2026-02-01T00:00:00+05:00,eb45394fc4d345dcc8adc503ec8e711d8b49265f127f245d0ab445efe20ea8f9,gfs_seamless,False
turbine_2,2026-02-02 13:00:00+00:00,48,0.49565426643067756,0.49565426643067756,False,False,0.5334922575387123,8.01,1.2,2026-01-31 19:00:00+00:00,42.0,2026-01-31 22:00:00,2026-02-01T00:00:00+05:00,eb45394fc4d345dcc8adc503ec8e711d8b49265f127f245d0ab445efe20ea8f9,gfs_seamless,False
turbine_2,2026-02-02 14:00:00+00:00,48,0.3250367249409009,0.3250367249409009,False,False,0.3134483750359506,6.84,1.0,2026-01-31 19:00:00+00:00,43.0,2026-01-31 22:00:00,2026-02-01T00:00:00+05:00,eb45394fc4d345dcc8adc503ec8e711d8b49265f127f245d0ab445efe20ea8f9,gfs_seamless,False
turbine_2,2026-02-02 15:00:00+00:00,48,0.3400601617091639,0.3400601617091639,False,False,0.3134483750359506,6.99,1.1,2026-01-31 19:00:00+00:00,44.0,2026-01-31 22:00:00,2026-02-01T00:00:00+05:00,eb45394fc4d345dcc8adc503ec8e711d8b49265f127f245d0ab445efe20ea8f9,gfs_seamless,False
turbine_2,2026-02-02 16:00:00+00:00,48,0.33072079800110393,0.33072079800110393,False,False,0.3134483750359506,6.99,1.3,2026-01-31 19:00:00+00:00,45.0,2026-01-31 22:00:00,2026-02-01T00:00:00+05:00,eb45394fc4d345dcc8adc503ec8e711d8b49265f127f245d0ab445efe20ea8f9,gfs_seamless,False
turbine_2,2026-02-02 17:00:00+00:00,48,0.37079260176471146,0.37079260176471146,False,False,0.3872421383647799,7.3,1.3,2026-01-31 19:00:00+00:00,46.0,2026-01-31 22:00:00,2026-02-01T00:00:00+05:00,eb45394fc4d345dcc8adc503ec8e711d8b49265f127f245d0ab445efe20ea8f9,gfs_seamless,False
turbine_2,2026-02-02 18:00:00+00:00,48,0.2292195174483411,0.2292195174483411,False,False,0.24517774131802023,6.32,1.8,2026-01-31 19:00:00+00:00,47.0,2026-01-31 22:00:00,2026-02-01T00:00:00+05:00,eb45394fc4d345dcc8adc503ec8e711d8b49265f127f245d0ab445efe20ea8f9,gfs_seamless,False
turbine_2,2026-02-02 19:00:00+00:00,48,0.46058706747072486,0.46058706747072486,False,False,0.45997253690353584,7.67,1.9,2026-01-31 19:00:00+00:00,48.0,2026-01-31 22:00:00,2026-02-01T00:00:00+05:00,eb45394fc4d345dcc8adc503ec8e711d8b49265f127f245d0ab445efe20ea8f9,gfs_seamless,False
turbine_1,2026-02-01 20:00:00+00:00,24,0.9707628458732452,0.9707628458732452,False,False,0.9381677419354839,11.05,-0.2,2026-02-01 19:00:00+00:00,1.0,2026-01-31 23:00:00,2026-02-01T01:00:00+05:00,e46d74629bd710750db40d5e9d8f3eadbaa20ee486e416572c0d88f6ec77ad79,gfs_seamless,False
turbine_1,2026-02-01 21:00:00+00:00,24,0.9791984402009662,0.9791984402009662,False,False,0.9381677419354839,11.36,-0.4,2026-02-01 19:00:00+00:00,2.0,2026-01-31 23:00:00,2026-02-01T01:00:00+05:00,e46d74629bd710750db40d5e9d8f3eadbaa20ee486e416572c0d88f6ec77ad79,gfs_seamless,False
turbine_1,2026-02-01 22:00:00+00:00,24,0.9816674304595936,0.9816674304595936,False,False,0.9603525641025641,11.72,-0.5,2026-02-01 19:00:00+00:00,3.0,2026-01-31 23:00:00,2026-02-01T01:00:00+05:00,e46d74629bd710750db40d5e9d8f3eadbaa20ee486e416572c0d88f6ec77ad79,gfs_seamless,False
turbine_1,2026-02-01 23:00:00+00:00,24,0.9791625685962743,0.9791625685962743,False,False,0.9583879781420764,12.03,-0.6,2026-02-01 19:00:00+00:00,4.0,2026-01-31 23:00:00,2026-02-01T01:00:00+05:00,e46d74629bd710750db40d5e9d8f3eadbaa20ee486e416572c0d88f6ec77ad79,gfs_seamless,False
turbine_1,2026-02-02 00:00:00+00:00,24,0.9879416800819719,0.9879416800819719,False,False,0.9583879781420764,12.43,-0.6,2026-02-01 19:00:00+00:00,5.0,2026-01-31 23:00:00,2026-02-01T01:00:00+05:00,e46d74629bd710750db40d5e9d8f3eadbaa20ee486e416572c0d88f6ec77ad79,gfs_seamless,False
turbine_1,2026-02-02 01:00:00+00:00,24,0.8982617676497614,0.8982617676497614,False,False,0.9673371212121211,12.71,-0.7,2026-02-01 19:00:00+00:00,6.0,2026-01-31 23:00:00,2026-02-01T01:00:00+05:00,e46d74629bd710750db40d5e9d8f3eadbaa20ee486e416572c0d88f6ec77ad79,gfs_seamless,False
turbine_1,2026-02-02 02:00:00+00:00,24,0.9653368249014618,0.9653368249014618,False,False,0.9673371212121211,12.89,-1.1,2026-02-01 19:00:00+00:00,7.0,2026-01-31 23:00:00,2026-02-01T01:00:00+05:00,e46d74629bd710750db40d5e9d8f3eadbaa20ee486e416572c0d88f6ec77ad79,gfs_seamless,False
turbine_1,2026-02-02 03:00:00+00:00,24,0.9279157106905919,0.9279157106905919,False,False,0.9661001642036123,13.78,0.1,2026-02-01 19:00:00+00:00,8.0,2026-01-31 23:00:00,2026-02-01T01:00:00+05:00,e46d74629bd710750db40d5e9d8f3eadbaa20ee486e416572c0d88f6ec77ad79,gfs_seamless,False
turbine_1,2026-02-02 04:00:00+00:00,24,0.9940057653581876,0.9940057653581876,False,False,0.9761353467561521,13.43,2.1,2026-02-01 19:00:00+00:00,9.0,2026-01-31 23:00:00,2026-02-01T01:00:00+05:00,e46d74629bd710750db40d5e9d8f3eadbaa20ee486e416572c0d88f6ec77ad79,gfs_seamless,False
turbine_1,2026-02-02 05:00:00+00:00,24,0.9948453950370864,0.9948453950370864,False,False,0.9672885572139301,14.32,4.1,2026-02-01 19:00:00+00:00,10.0,2026-01-31 23:00:00,2026-02-01T01:00:00+05:00,e46d74629bd710750db40d5e9d8f3eadbaa20ee486e416572c0d88f6ec77ad79,gfs_seamless,False
turbine_1,2026-02-02 06:00:00+00:00,24,0.9722073947322414,0.9722073947322414,False,False,0.9661001642036123,13.87,6.4,2026-02-01 19:00:00+00:00,11.0,2026-01-31 23:00:00,2026-02-01T01:00:00+05:00,e46d74629bd710750db40d5e9d8f3eadbaa20ee486e416572c0d88f6ec77ad79,gfs_seamless,False
turbine_1,2026-02-02 07:00:00+00:00,24,0.9883859965776554,0.9883859965776554,False,False,0.9618518518518518,14.59,7.5,2026-02-01 19:00:00+00:00,12.0,2026-01-31 23:00:00,2026-02-01T01:00:00+05:00,e46d74629bd710750db40d5e9d8f3eadbaa20ee486e416572c0d88f6ec77ad79,gfs_seamless,False
turbine_1,2026-02-02 08:00:00+00:00,24,0.9887429797285204,0.9887429797285204,False,False,0.9618518518518518,14.79,8.0,2026-02-01 19:00:00+00:00,13.0,2026-01-31 23:00:00,2026-02-01T01:00:00+05:00,e46d74629bd710750db40d5e9d8f3eadbaa20ee486e416572c0d88f6ec77ad79,gfs_seamless,False
turbine_1,2026-02-02 09:00:00+00:00,24,0.9888110110568412,0.9888110110568412,False,False,0.9618518518518518,14.52,7.9,2026-02-01 19:00:00+00:00,14.0,2026-01-31 23:00:00,2026-02-01T01:00:00+05:00,e46d74629bd710750db40d5e9d8f3eadbaa20ee486e416572c0d88f6ec77ad79,gfs_seamless,False
turbine_1,2026-02-02 10:00:00+00:00,24,0.9761414595509342,0.9761414595509342,False,False,0.9761353467561521,13.15,7.0,2026-02-01 19:00:00+00:00,15.0,2026-01-31 23:00:00,2026-02-01T01:00:00+05:00,e46d74629bd710750db40d5e9d8f3eadbaa20ee486e416572c0d88f6ec77ad79,gfs_seamless,False
turbine_1,2026-02-02 11:00:00+00:00,24,0.9709244140177962,0.9709244140177962,False,False,0.9381677419354839,11.29,5.1,2026-02-01 19:00:00+00:00,16.0,2026-01-31 23:00:00,2026-02-01T01:00:00+05:00,e46d74629bd710750db40d5e9d8f3eadbaa20ee486e416572c0d88f6ec77ad79,gfs_seamless,False
turbine_1,2026-02-02 12:00:00+00:00,24,0.8814906846802466,0.8814906846802466,False,False,0.8301109660574413,10.2,2.4,2026-02-01 19:00:00+00:00,17.0,2026-01-31 23:00:00,2026-02-01T01:00:00+05:00,e46d74629bd710750db40d5e9d8f3eadbaa20ee486e416572c0d88f6ec77ad79,gfs_seamless,False
turbine_1,2026-02-02 13:00:00+00:00,24,0.6083327290828232,0.6083327290828232,False,False,0.5480688448074679,8.36,1.8,2026-02-01 19:00:00+00:00,18.0,2026-01-31 23:00:00,2026-02-01T01:00:00+05:00,e46d74629bd710750db40d5e9d8f3eadbaa20ee486e416572c0d88f6ec77ad79,gfs_seamless,False
turbine_1,2026-02-02 14:00:00+00:00,24,0.45020831458496563,0.45020831458496563,False,False,0.3981808278867102,7.47,2.0,2026-02-01 19:00:00+00:00,19.0,2026-01-31 23:00:00,2026-02-01T01:00:00+05:00,e46d74629bd710750db40d5e9d8f3eadbaa20ee486e416572c0d88f6ec77ad79,gfs_seamless,False
turbine_1,2026-02-02 15:00:00+00:00,24,0.3498962632128921,0.3498962632128921,False,False,0.3244547053649956,6.85,2.2,2026-02-01 19:00:00+00:00,20.0,2026-01-31 23:00:00,2026-02-01T01:00:00+05:00,e46d74629bd710750db40d5e9d8f3eadbaa20ee486e416572c0d88f6ec77ad79,gfs_seamless,False
turbine_1,2026-02-02 16:00:00+00:00,24,0.3857235533678515,0.3857235533678515,False,False,0.3981808278867102,7.13,1.9,2026-02-01 19:00:00+00:00,21.0,2026-01-31 23:00:00,2026-02-01T01:00:00+05:00,e46d74629bd710750db40d5e9d8f3eadbaa20ee486e416572c0d88f6ec77ad79,gfs_seamless,False
turbine_1,2026-02-02 17:00:00+00:00,24,0.4074725795087242,0.4074725795087242,False,False,0.3981808278867102,7.24,1.3,2026-02-01 19:00:00+00:00,22.0,2026-01-31 23:00:00,2026-02-01T01:00:00+05:00,e46d74629bd710750db40d5e9d8f3eadbaa20ee486e416572c0d88f6ec77ad79,gfs_seamless,False
turbine_1,2026-02-02 18:00:00+00:00,24,0.36319255358034064,0.36319255358034064,False,False,0.3244547053649956,6.95,0.3,2026-02-01 19:00:00+00:00,23.0,2026-01-31 23:00:00,2026-02-01T01:00:00+05:00,e46d74629bd710750db40d5e9d8f3eadbaa20ee486e416572c0d88f6ec77ad79,gfs_seamless,False
turbine_1,2026-02-02 19:00:00+00:00,24,0.4509550948699889,0.4509550948699889,False,False,0.3981808278867102,7.49,0.9,2026-02-01 19:00:00+00:00,24.0,2026-01-31 23:00:00,2026-02-01T01:00:00+05:00,e46d74629bd710750db40d5e9d8f3eadbaa20ee486e416572c0d88f6ec77ad79,gfs_seamless,False
turbine_1,2026-02-02 20:00:00+00:00,48,0.784629711314304,0.784629711314304,False,False,0.6955416051206302,9.44,2.0,2026-02-01 19:00:00+00:00,25.0,2026-01-31 23:00:00,2026-02-01T01:00:00+05:00,e46d74629bd710750db40d5e9d8f3eadbaa20ee486e416572c0d88f6ec77ad79,gfs_seamless,False
turbine_1,2026-02-02 21:00:00+00:00,48,0.9566097297782761,0.9566097297782761,False,False,0.9381677419354839,11.0,1.8,2026-02-01 19:00:00+00:00,26.0,2026-01-31 23:00:00,2026-02-01T01:00:00+05:00,e46d74629bd710750db40d5e9d8f3eadbaa20ee486e416572c0d88f6ec77ad79,gfs_seamless,False
turbine_1,2026-02-02 22:00:00+00:00,48,0.9404242447574014,0.9404242447574014,False,False,0.8937111928104575,10.8,1.2,2026-02-01 19:00:00+00:00,27.0,2026-01-31 23:00:00,2026-02-01T01:00:00+05:00,e46d74629bd710750db40d5e9d8f3eadbaa20ee486e416572c0d88f6ec77ad79,gfs_seamless,False
turbine_1,2026-02-02 23:00:00+00:00,48,0.9838126638621807,0.9838126638621807,False,False,0.9603525641025641,11.64,0.8,2026-02-01 19:00:00+00:00,28.0,2026-01-31 23:00:00,2026-02-01T01:00:00+05:00,e46d74629bd710750db40d5e9d8f3eadbaa20ee486e416572c0d88f6ec77ad79,gfs_seamless,False
turbine_1,2026-02-03 00:00:00+00:00,48,0.9814002912793022,0.9814002912793022,False,False,0.9603525641025641,11.68,0.3,2026-02-01 19:00:00+00:00,29.0,2026-01-31 23:00:00,2026-02-01T01:00:00+05:00,e46d74629bd710750db40d5e9d8f3eadbaa20ee486e416572c0d88f6ec77ad79,gfs_seamless,False
turbine_1,2026-02-03 01:00:00+00:00,48,0.9812869838727277,0.9812869838727277,False,False,0.9381677419354839,11.46,-0.4,2026-02-01 19:00:00+00:00,30.0,2026-01-31 23:00:00,2026-02-01T01:00:00+05:00,e46d74629bd710750db40d5e9d8f3eadbaa20ee486e416572c0d88f6ec77ad79,gfs_seamless,False
turbine_1,2026-02-03 02:00:00+00:00,48,0.921341050226005,0.921341050226005,False,False,0.8937111928104575,10.61,-0.9,2026-02-01 19:00:00+00:00,31.0,2026-01-31 23:00:00,2026-02-01T01:00:00+05:00,e46d74629bd710750db40d5e9d8f3eadbaa20ee486e416572c0d88f6ec77ad79,gfs_seamless,False
turbine_1,2026-02-03 03:00:00+00:00,48,0.7483388085806726,0.7483388085806726,False,False,0.6955416051206302,9.32,-0.2,2026-02-01 19:00:00+00:00,32.0,2026-01-31 23:00:00,2026-02-01T01:00:00+05:00,e46d74629bd710750db40d5e9d8f3eadbaa20ee486e416572c0d88f6ec77ad79,gfs_seamless,False
turbine_1,2026-02-03 04:00:00+00:00,48,0.5326889837279234,0.5326889837279234,False,False,0.47519897772909825,7.96,1.6,2026-02-01 19:00:00+00:00,33.0,2026-01-31 23:00:00,2026-02-01T01:00:00+05:00,e46d74629bd710750db40d5e9d8f3eadbaa20ee486e416572c0d88f6ec77ad79,gfs_seamless,False
turbine_1,2026-02-03 05:00:00+00:00,48,0.4306855098034182,0.4306855098034182,False,False,0.3981808278867102,7.38,3.5,2026-02-01 19:00:00+00:00,34.0,2026-01-31 23:00:00,2026-02-01T01:00:00+05:00,e46d74629bd710750db40d5e9d8f3eadbaa20ee486e416572c0d88f6ec77ad79,gfs_seamless,False
turbine_1,2026-02-03 06:00:00+00:00,48,0.5749330977096159,0.5749330977096159,False,False,0.5480688448074679,8.32,5.5,2026-02-01 19:00:00+00:00,35.0,2026-01-31 23:00:00,2026-02-01T01:00:00+05:00,e46d74629bd710750db40d5e9d8f3eadbaa20ee486e416572c0d88f6ec77ad79,gfs_seamless,False
turbine_1,2026-02-03 07:00:00+00:00,48,0.45485662522726394,0.45485662522726394,False,False,0.47519897772909825,7.62,7.0,2026-02-01 19:00:00+00:00,36.0,2026-01-31 23:00:00,2026-02-01T01:00:00+05:00,e46d74629bd710750db40d5e9d8f3eadbaa20ee486e416572c0d88f6ec77ad79,gfs_seamless,False
turbine_1,2026-02-03 08:00:00+00:00,48,0.31826270729196154,0.31826270729196154,False,False,0.3244547053649956,6.71,7.6,2026-02-01 19:00:00+00:00,37.0,2026-01-31 23:00:00,2026-02-01T01:00:00+05:00,e46d74629bd710750db40d5e9d8f3eadbaa20ee486e416572c0d88f6ec77ad79,gfs_seamless,False
turbine_1,2026-02-03 09:00:00+00:00,48,0.20373109246009466,0.20373109246009466,False,False,0.19472402597402597,5.97,7.8,2026-02-01 19:00:00+00:00,38.0,2026-01-31 23:00:00,2026-02-01T01:00:00+05:00,e46d74629bd710750db40d5e9d8f3eadbaa20ee486e416572c0d88f6ec77ad79,gfs_seamless,False
turbine_1,2026-02-03 10:00:00+00:00,48,0.10968776271177572,0.10968776271177572,False,False,0.11167154471544716,4.98,7.7,2026-02-01 19:00:00+00:00,39.0,2026-01-31 23:00:00,2026-02-01T01:00:00+05:00,e46d74629bd710750db40d5e9d8f3eadbaa20ee486e416572c0d88f6ec77ad79,gfs_seamless,False
turbine_1,2026-02-03 11:00:00+00:00,48,0.09295840801025405,0.09295840801025405,False,False,0.11167154471544716,4.56,6.2,2026-02-01 19:00:00+00:00,40.0,2026-01-31 23:00:00,2026-02-01T01:00:00+05:00,e46d74629bd710750db40d5e9d8f3eadbaa20ee486e416572c0d88f6ec77ad79,gfs_seamless,False
turbine_1,2026-02-03 12:00:00+00:00,48,0.0092852690150297,0.0092852690150297,False,False,0.01102904972919744,1.5,3.4,2026-02-01 19:00:00+00:00,41.0,2026-01-31 23:00:00,2026-02-01T01:00:00+05:00,e46d74629bd710750db40d5e9d8f3eadbaa20ee486e416572c0d88f6ec77ad79,gfs_seamless,False
turbine_1,2026-02-03 13:00:00+00:00,48,0.0092852690150297,0.0092852690150297,False,False,0.009961472602739725,1.35,3.5,2026-02-01 19:00:00+00:00,42.0,2026-01-31 23:00:00,2026-02-01T01:00:00+05:00,e46d74629bd710750db40d5e9d8f3eadbaa20ee486e416572c0d88f6ec77ad79,gfs_seamless,False
turbine_1,2026-02-03 14:00:00+00:00,48,0.010214915990273582,0.010214915990273582,False,False,0.009961472602739725,1.12,3.3,2026-02-01 19:00:00+00:00,43.0,2026-01-31 23:00:00,2026-02-01T01:00:00+05:00,e46d74629bd710750db40d5e9d8f3eadbaa20ee486e416572c0d88f6ec77ad79,gfs_seamless,False
turbine_1,2026-02-03 15:00:00+00:00,48,0.010026329416770376,0.010026329416770376,False,False,0.009961472602739725,1.48,3.6,2026-02-01 19:00:00+00:00,44.0,2026-01-31 23:00:00,2026-02-01T01:00:00+05:00,e46d74629bd710750db40d5e9d8f3eadbaa20ee486e416572c0d88f6ec77ad79,gfs_seamless,False
turbine_1,2026-02-03 16:00:00+00:00,48,0.012746279369530397,0.012746279369530397,False,False,0.01599670263788969,2.46,3.6,2026-02-01 19:00:00+00:00,45.0,2026-01-31 23:00:00,2026-02-01T01:00:00+05:00,e46d74629bd710750db40d5e9d8f3eadbaa20ee486e416572c0d88f6ec77ad79,gfs_seamless,False
turbine_1,2026-02-03 17:00:00+00:00,48,0.016388889091217516,0.016388889091217516,False,False,0.025215897939156035,2.67,3.6,2026-02-01 19:00:00+00:00,46.0,2026-01-31 23:00:00,2026-02-01T01:00:00+05:00,e46d74629bd710750db40d5e9d8f3eadbaa20ee486e416572c0d88f6ec77ad79,gfs_seamless,False
turbine_1,2026-02-03 18:00:00+00:00,48,0.0561230008950174,0.0561230008950174,False,False,0.08138774811772757,4.24,3.6,2026-02-01 19:00:00+00:00,47.0,2026-01-31 23:00:00,2026-02-01T01:00:00+05:00,e46d74629bd710750db40d5e9d8f3eadbaa20ee486e416572c0d88f6ec77ad79,gfs_seamless,False
turbine_1,2026-02-03 19:00:00+00:00,48,0.10851490138596455,0.10851490138596455,False,False,0.14868314676616917,5.02,3.1,2026-02-01 19:00:00+00:00,48.0,2026-01-31 23:00:00,2026-02-01T01:00:00+05:00,e46d74629bd710750db40d5e9d8f3eadbaa20ee486e416572c0d88f6ec77ad79,gfs_seamless,False
turbine_2,2026-02-01 20:00:00+00:00,24,0.95645099423418,0.95645099423418,False,False,0.9257415902140673,11.05,-0.2,2026-02-01 19:00:00+00:00,1.0,2026-01-31 23:00:00,2026-02-01T01:00:00+05:00,d05b3cae0b8e890efb085c68704c9fb8d2cbf736bedd6d6ce81594bf3efad63a,gfs_seamless,False
turbine_2,2026-02-01 21:00:00+00:00,24,0.9483534923148244,0.9483534923148244,False,False,0.9257415902140673,11.36,-0.4,2026-02-01 19:00:00+00:00,2.0,2026-01-31 23:00:00,2026-02-01T01:00:00+05:00,d05b3cae0b8e890efb085c68704c9fb8d2cbf736bedd6d6ce81594bf3efad63a,gfs_seamless,False
turbine_2,2026-02-01 22:00:00+00:00,24,0.9461442073258575,0.9461442073258575,False,False,0.9518670076726343,11.72,-0.5,2026-02-01 19:00:00+00:00,3.0,2026-01-31 23:00:00,2026-02-01T01:00:00+05:00,d05b3cae0b8e890efb085c68704c9fb8d2cbf736bedd6d6ce81594bf3efad63a,gfs_seamless,False
turbine_2,2026-02-01 23:00:00+00:00,24,0.9710101955453118,0.9710101955453118,False,False,0.9574121315192744,12.03,-0.6,2026-02-01 19:00:00+00:00,4.0,2026-01-31 23:00:00,2026-02-01T01:00:00+05:00,d05b3cae0b8e890efb085c68704c9fb8d2cbf736bedd6d6ce81594bf3efad63a,gfs_seamless,False
turbine_2,2026-02-02 00:00:00+00:00,24,0.9585074859328041,0.9585074859328041,False,False,0.9574121315192744,12.43,-0.6,2026-02-01 19:00:00+00:00,5.0,2026-01-31 23:00:00,2026-02-01T01:00:00+05:00,d05b3cae0b8e890efb085c68704c9fb8d2cbf736bedd6d6ce81594bf3efad63a,gfs_seamless,False
turbine_2,2026-02-02 01:00:00+00:00,24,0.9492822378247624,0.9492822378247624,False,False,0.9633299798792756,12.71,-0.7,2026-02-01 19:00:00+00:00,6.0,2026-01-31 23:00:00,2026-02-01T01:00:00+05:00,d05b3cae0b8e890efb085c68704c9fb8d2cbf736bedd6d6ce81594bf3efad63a,gfs_seamless,False
turbine_2,2026-02-02 02:00:00+00:00,24,0.9576448540673013,0.9576448540673013,False,False,0.9633299798792756,12.89,-1.1,2026-02-01 19:00:00+00:00,7.0,2026-01-31 23:00:00,2026-02-01T01:00:00+05:00,d05b3cae0b8e890efb085c68704c9fb8d2cbf736bedd6d6ce81594bf3efad63a,gfs_seamless,False
turbine_2,2026-02-02 03:00:00+00:00,24,1.0017504799561283,0.995,True,False,0.9598799435028249,13.78,0.1,2026-02-01 19:00:00+00:00,8.0,2026-01-31 23:00:00,2026-02-01T01:00:00+05:00,d05b3cae0b8e890efb085c68704c9fb8d2cbf736bedd6d6ce81594bf3efad63a,gfs_seamless,False
turbine_2,2026-02-02 04:00:00+00:00,24,0.966123297387575,0.966123297387575,False,False,0.9700600600600602,13.43,2.1,2026-02-01 19:00:00+00:00,9.0,2026-01-31 23:00:00,2026-02-01T01:00:00+05:00,d05b3cae0b8e890efb085c68704c9fb8d2cbf736bedd6d6ce81594bf3efad63a,gfs_seamless,False
turbine_2,2026-02-02 05:00:00+00:00,24,0.9781071645914281,0.9781071645914281,False,False,0.9603782505910166,14.32,4.1,2026-02-01 19:00:00+00:00,10.0,2026-01-31 23:00:00,2026-02-01T01:00:00+05:00,d05b3cae0b8e890efb085c68704c9fb8d2cbf736bedd6d6ce81594bf3efad63a,gfs_seamless,False
turbine_2,2026-02-02 06:00:00+00:00,24,0.9260451557772681,0.9260451557772681,False,False,0.9598799435028249,13.87,6.4,2026-02-01 19:00:00+00:00,11.0,2026-01-31 23:00:00,2026-02-01T01:00:00+05:00,d05b3cae0b8e890efb085c68704c9fb8d2cbf736bedd6d6ce81594bf3efad63a,gfs_seamless,False
turbine_2,2026-02-02 07:00:00+00:00,24,0.940976077934686,0.940976077934686,False,False,0.962514880952381,14.59,7.5,2026-02-01 19:00:00+00:00,12.0,2026-01-31 23:00:00,2026-02-01T01:00:00+05:00,d05b3cae0b8e890efb085c68704c9fb8d2cbf736bedd6d6ce81594bf3efad63a,gfs_seamless,False
turbine_2,2026-02-02 08:00:00+00:00,24,0.9694157838652753,0.9694157838652753,False,False,0.962514880952381,14.79,8.0,2026-02-01 19:00:00+00:00,13.0,2026-01-31 23:00:00,2026-02-01T01:00:00+05:00,d05b3cae0b8e890efb085c68704c9fb8d2cbf736bedd6d6ce81594bf3efad63a,gfs_seamless,False
turbine_2,2026-02-02 09:00:00+00:00,24,0.9528784124510169,0.9528784124510169,False,False,0.962514880952381,14.52,7.9,2026-02-01 19:00:00+00:00,14.0,2026-01-31 23:00:00,2026-02-01T01:00:00+05:00,d05b3cae0b8e890efb085c68704c9fb8d2cbf736bedd6d6ce81594bf3efad63a,gfs_seamless,False
turbine_2,2026-02-02 10:00:00+00:00,24,0.9799310320416262,0.9799310320416262,False,False,0.9700600600600602,13.15,7.0,2026-02-01 19:00:00+00:00,15.0,2026-01-31 23:00:00,2026-02-01T01:00:00+05:00,d05b3cae0b8e890efb085c68704c9fb8d2cbf736bedd6d6ce81594bf3efad63a,gfs_seamless,False
turbine_2,2026-02-02 11:00:00+00:00,24,0.9598874787885006,0.9598874787885006,False,False,0.9257415902140673,11.29,5.1,2026-02-01 19:00:00+00:00,16.0,2026-01-31 23:00:00,2026-02-01T01:00:00+05:00,d05b3cae0b8e890efb085c68704c9fb8d2cbf736bedd6d6ce81594bf3efad63a,gfs_seamless,False
turbine_2,2026-02-02 12:00:00+00:00,24,0.8563721207607277,0.8563721207607277,False,False,0.8240326184092941,10.2,2.4,2026-02-01 19:00:00+00:00,17.0,2026-01-31 23:00:00,2026-02-01T01:00:00+05:00,d05b3cae0b8e890efb085c68704c9fb8d2cbf736bedd6d6ce81594bf3efad63a,gfs_seamless,False
turbine_2,2026-02-02 13:00:00+00:00,24,0.5647327937944165,0.5647327937944165,False,False,0.5334922575387123,8.36,1.8,2026-02-01 19:00:00+00:00,18.0,2026-01-31 23:00:00,2026-02-01T01:00:00+05:00,d05b3cae0b8e890efb085c68704c9fb8d2cbf736bedd6d6ce81594bf3efad63a,gfs_seamless,False
turbine_2,2026-02-02 14:00:00+00:00,24,0.4267597681678638,0.4267597681678638,False,False,0.3872421383647799,7.47,2.0,2026-02-01 19:00:00+00:00,19.0,2026-01-31 23:00:00,2026-02-01T01:00:00+05:00,d05b3cae0b8e890efb085c68704c9fb8d2cbf736bedd6d6ce81594bf3efad63a,gfs_seamless,False
turbine_2,2026-02-02 15:00:00+00:00,24,0.32272437759516537,0.32272437759516537,False,False,0.3134483750359506,6.85,2.2,2026-02-01 19:00:00+00:00,20.0,2026-01-31 23:00:00,2026-02-01T01:00:00+05:00,d05b3cae0b8e890efb085c68704c9fb8d2cbf736bedd6d6ce81594bf3efad63a,gfs_seamless,False
turbine_2,2026-02-02 16:00:00+00:00,24,0.36056792267940874,0.36056792267940874,False,False,0.3872421383647799,7.13,1.9,2026-02-01 19:00:00+00:00,21.0,2026-01-31 23:00:00,2026-02-01T01:00:00+05:00,d05b3cae0b8e890efb085c68704c9fb8d2cbf736bedd6d6ce81594bf3efad63a,gfs_seamless,False
turbine_2,2026-02-02 17:00:00+00:00,24,0.3634532067099783,0.3634532067099783,False,False,0.3872421383647799,7.24,1.3,2026-02-01 19:00:00+00:00,22.0,2026-01-31 23:00:00,2026-02-01T01:00:00+05:00,d05b3cae0b8e890efb085c68704c9fb8d2cbf736bedd6d6ce81594bf3efad63a,gfs_seamless,False
turbine_2,2026-02-02 18:00:00+00:00,24,0.3384442324542991,0.3384442324542991,False,False,0.3134483750359506,6.95,0.3,2026-02-01 19:00:00+00:00,23.0,2026-01-31 23:00:00,2026-02-01T01:00:00+05:00,d05b3cae0b8e890efb085c68704c9fb8d2cbf736bedd6d6ce81594bf3efad63a,gfs_seamless,False
turbine_2,2026-02-02 19:00:00+00:00,24,0.4271086308936206,0.4271086308936206,False,False,0.3872421383647799,7.49,0.9,2026-02-01 19:00:00+00:00,24.0,2026-01-31 23:00:00,2026-02-01T01:00:00+05:00,d05b3cae0b8e890efb085c68704c9fb8d2cbf736bedd6d6ce81594bf3efad63a,gfs_seamless,False
turbine_2,2026-02-02 20:00:00+00:00,48,0.7087393821441953,0.7087393821441953,False,False,0.6742543244506779,9.44,2.0,2026-02-01 19:00:00+00:00,25.0,2026-01-31 23:00:00,2026-02-01T01:00:00+05:00,d05b3cae0b8e890efb085c68704c9fb8d2cbf736bedd6d6ce81594bf3efad63a,gfs_seamless,False
turbine_2,2026-02-02 21:00:00+00:00,48,0.9424234129427108,0.9424234129427108,False,False,0.9257415902140673,11.0,1.8,2026-02-01 19:00:00+00:00,26.0,2026-01-31 23:00:00,2026-02-01T01:00:00+05:00,d05b3cae0b8e890efb085c68704c9fb8d2cbf736bedd6d6ce81594bf3efad63a,gfs_seamless,False
turbine_2,2026-02-02 22:00:00+00:00,48,0.9301564187949269,0.9301564187949269,False,False,0.8845606610237807,10.8,1.2,2026-02-01 19:00:00+00:00,27.0,2026-01-31 23:00:00,2026-02-01T01:00:00+05:00,d05b3cae0b8e890efb085c68704c9fb8d2cbf736bedd6d6ce81594bf3efad63a,gfs_seamless,False
turbine_2,2026-02-02 23:00:00+00:00,48,0.9710973380728601,0.9710973380728601,False,False,0.9518670076726343,11.64,0.8,2026-02-01 19:00:00+00:00,28.0,2026-01-31 23:00:00,2026-02-01T01:00:00+05:00,d05b3cae0b8e890efb085c68704c9fb8d2cbf736bedd6d6ce81594bf3efad63a,gfs_seamless,False
turbine_2,2026-02-03 00:00:00+00:00,48,0.9739344916629815,0.9739344916629815,False,False,0.9518670076726343,11.68,0.3,2026-02-01 19:00:00+00:00,29.0,2026-01-31 23:00:00,2026-02-01T01:00:00+05:00,d05b3cae0b8e890efb085c68704c9fb8d2cbf736bedd6d6ce81594bf3efad63a,gfs_seamless,False
turbine_2,2026-02-03 01:00:00+00:00,48,0.9478276956703361,0.9478276956703361,False,False,0.9257415902140673,11.46,-0.4,2026-02-01 19:00:00+00:00,30.0,2026-01-31 23:00:00,2026-02-01T01:00:00+05:00,d05b3cae0b8e890efb085c68704c9fb8d2cbf736bedd6d6ce81594bf3efad63a,gfs_seamless,False
turbine_2,2026-02-03 02:00:00+00:00,48,0.9185074330196233,0.9185074330196233,False,False,0.8845606610237807,10.61,-0.9,2026-02-01 19:00:00+00:00,31.0,2026-01-31 23:00:00,2026-02-01T01:00:00+05:00,d05b3cae0b8e890efb085c68704c9fb8d2cbf736bedd6d6ce81594bf3efad63a,gfs_seamless,False
turbine_2,2026-02-03 03:00:00+00:00,48,0.7143879767927948,0.7143879767927948,False,False,0.6742543244506779,9.32,-0.2,2026-02-01 19:00:00+00:00,32.0,2026-01-31 23:00:00,2026-02-01T01:00:00+05:00,d05b3cae0b8e890efb085c68704c9fb8d2cbf736bedd6d6ce81594bf3efad63a,gfs_seamless,False
turbine_2,2026-02-03 04:00:00+00:00,48,0.4778057578698034,0.4778057578698034,False,False,0.45997253690353584,7.96,1.6,2026-02-01 19:00:00+00:00,33.0,2026-01-31 23:00:00,2026-02-01T01:00:00+05:00,d05b3cae0b8e890efb085c68704c9fb8d2cbf736bedd6d6ce81594bf3efad63a,gfs_seamless,False
turbine_2,2026-02-03 05:00:00+00:00,48,0.4170742684414301,0.4170742684414301,False,False,0.3872421383647799,7.38,3.5,2026-02-01 19:00:00+00:00,34.0,2026-01-31 23:00:00,2026-02-01T01:00:00+05:00,d05b3cae0b8e890efb085c68704c9fb8d2cbf736bedd6d6ce81594bf3efad63a,gfs_seamless,False
turbine_2,2026-02-03 06:00:00+00:00,48,0.5710116597813654,0.5710116597813654,False,False,0.5334922575387123,8.32,5.5,2026-02-01 19:00:00+00:00,35.0,2026-01-31 23:00:00,2026-02-01T01:00:00+05:00,d05b3cae0b8e890efb085c68704c9fb8d2cbf736bedd6d6ce81594bf3efad63a,gfs_seamless,False
turbine_2,2026-02-03 07:00:00+00:00,48,0.46229278188580203,0.46229278188580203,False,False,0.45997253690353584,7.62,7.0,2026-02-01 19:00:00+00:00,36.0,2026-01-31 23:00:00,2026-02-01T01:00:00+05:00,d05b3cae0b8e890efb085c68704c9fb8d2cbf736bedd6d6ce81594bf3efad63a,gfs_seamless,False
turbine_2,2026-02-03 08:00:00+00:00,48,0.3140602314298481,0.3140602314298481,False,False,0.3134483750359506,6.71,7.6,2026-02-01 19:00:00+00:00,37.0,2026-01-31 23:00:00,2026-02-01T01:00:00+05:00,d05b3cae0b8e890efb085c68704c9fb8d2cbf736bedd6d6ce81594bf3efad63a,gfs_seamless,False
turbine_2,2026-02-03 09:00:00+00:00,48,0.2074715105244483,0.2074715105244483,False,False,0.18799815254684613,5.97,7.8,2026-02-01 19:00:00+00:00,38.0,2026-01-31 23:00:00,2026-02-01T01:00:00+05:00,d05b3cae0b8e890efb085c68704c9fb8d2cbf736bedd6d6ce81594bf3efad63a,gfs_seamless,False
turbine_2,2026-02-03 10:00:00+00:00,48,0.10085236393666032,0.10085236393666032,False,False,0.10500000000000001,4.98,7.7,2026-02-01 19:00:00+00:00,39.0,2026-01-31 23:00:00,2026-02-01T01:00:00+05:00,d05b3cae0b8e890efb085c68704c9fb8d2cbf736bedd6d6ce81594bf3efad63a,gfs_seamless,False
turbine_2,2026-02-03 11:00:00+00:00,48,0.07729597657366168,0.07729597657366168,False,False,0.10500000000000001,4.56,6.2,2026-02-01 19:00:00+00:00,40.0,2026-01-31 23:00:00,2026-02-01T01:00:00+05:00,d05b3cae0b8e890efb085c68704c9fb8d2cbf736bedd6d6ce81594bf3efad63a,gfs_seamless,False
turbine_2,2026-02-03 12:00:00+00:00,48,0.009653921031100122,0.009653921031100122,False,False,0.010127472003812246,1.5,3.4,2026-02-01 19:00:00+00:00,41.0,2026-01-31 23:00:00,2026-02-01T01:00:00+05:00,d05b3cae0b8e890efb085c68704c9fb8d2cbf736bedd6d6ce81594bf3efad63a,gfs_seamless,False
turbine_2,2026-02-03 13:00:00+00:00,48,0.009653921031100122,0.009653921031100122,False,False,0.00971122112211221,1.35,3.5,2026-02-01 19:00:00+00:00,42.0,2026-01-31 23:00:00,2026-02-01T01:00:00+05:00,d05b3cae0b8e890efb085c68704c9fb8d2cbf736bedd6d6ce81594bf3efad63a,gfs_seamless,False
turbine_2,2026-02-03 14:00:00+00:00,48,0.009653921031100122,0.009653921031100122,False,False,0.00971122112211221,1.12,3.3,2026-02-01 19:00:00+00:00,43.0,2026-01-31 23:00:00,2026-02-01T01:00:00+05:00,d05b3cae0b8e890efb085c68704c9fb8d2cbf736bedd6d6ce81594bf3efad63a,gfs_seamless,False
turbine_2,2026-02-03 15:00:00+00:00,48,0.009653921031100122,0.009653921031100122,False,False,0.00971122112211221,1.48,3.6,2026-02-01 19:00:00+00:00,44.0,2026-01-31 23:00:00,2026-02-01T01:00:00+05:00,d05b3cae0b8e890efb085c68704c9fb8d2cbf736bedd6d6ce81594bf3efad63a,gfs_seamless,False
turbine_2,2026-02-03 16:00:00+00:00,48,0.011174009973740455,0.011174009973740455,False,False,0.014608096468561586,2.46,3.6,2026-02-01 19:00:00+00:00,45.0,2026-01-31 23:00:00,2026-02-01T01:00:00+05:00,d05b3cae0b8e890efb085c68704c9fb8d2cbf736bedd6d6ce81594bf3efad63a,gfs_seamless,False
turbine_2,2026-02-03 17:00:00+00:00,48,0.014843733186211055,0.014843733186211055,False,False,0.023970410628019325,2.67,3.6,2026-02-01 19:00:00+00:00,46.0,2026-01-31 23:00:00,2026-02-01T01:00:00+05:00,d05b3cae0b8e890efb085c68704c9fb8d2cbf736bedd6d6ce81594bf3efad63a,gfs_seamless,False
turbine_2,2026-02-03 18:00:00+00:00,48,0.04178662984017603,0.04178662984017603,False,False,0.07894438894438895,4.24,3.6,2026-02-01 19:00:00+00:00,47.0,2026-01-31 23:00:00,2026-02-01T01:00:00+05:00,d05b3cae0b8e890efb085c68704c9fb8d2cbf736bedd6d6ce81594bf3efad63a,gfs_seamless,False
turbine_2,2026-02-03 19:00:00+00:00,48,0.0941879664639558,0.0941879664639558,False,False,0.14257562144354596,5.02,3.1,2026-02-01 19:00:00+00:00,48.0,2026-01-31 23:00:00,2026-02-01T01:00:00+05:00,d05b3cae0b8e890efb085c68704c9fb8d2cbf736bedd6d6ce81594bf3efad63a,gfs_seamless,False
turbine_1,2026-02-02 20:00:00+00:00,24,0.6853219211928792,0.6853219211928792,False,False,0.6267624521072798,8.89,1.2,2026-02-02 19:00:00+00:00,1.0,2026-01-31 23:00:00,2026-02-01T01:00:00+05:00,e46d74629bd710750db40d5e9d8f3eadbaa20ee486e416572c0d88f6ec77ad79,gfs_seamless,False
turbine_1,2026-02-02 21:00:00+00:00,24,0.8811303926208263,0.8811303926208263,False,False,0.8301109660574413,10.23,1.3,2026-02-02 19:00:00+00:00,2.0,2026-01-31 23:00:00,2026-02-01T01:00:00+05:00,e46d74629bd710750db40d5e9d8f3eadbaa20ee486e416572c0d88f6ec77ad79,gfs_seamless,False
turbine_1,2026-02-02 22:00:00+00:00,24,0.9719398588092817,0.9719398588092817,False,False,0.9381677419354839,11.14,0.9,2026-02-02 19:00:00+00:00,3.0,2026-01-31 23:00:00,2026-02-01T01:00:00+05:00,e46d74629bd710750db40d5e9d8f3eadbaa20ee486e416572c0d88f6ec77ad79,gfs_seamless,False
turbine_1,2026-02-02 23:00:00+00:00,24,0.9739572700927623,0.9739572700927623,False,False,0.9583879781420764,12.04,0.2,2026-02-02 19:00:00+00:00,4.0,2026-01-31 23:00:00,2026-02-01T01:00:00+05:00,e46d74629bd710750db40d5e9d8f3eadbaa20ee486e416572c0d88f6ec77ad79,gfs_seamless,False
turbine_1,2026-02-03 00:00:00+00:00,24,0.926455191099829,0.926455191099829,False,False,0.8937111928104575,10.53,-0.3,2026-02-02 19:00:00+00:00,5.0,2026-01-31 23:00:00,2026-02-01T01:00:00+05:00,e46d74629bd710750db40d5e9d8f3eadbaa20ee486e416572c0d88f6ec77ad79,gfs_seamless,False
turbine_1,2026-02-03 01:00:00+00:00,24,0.7494112437534095,0.7494112437534095,False,False,0.6955416051206302,9.35,-0.9,2026-02-02 19:00:00+00:00,6.0,2026-01-31 23:00:00,2026-02-01T01:00:00+05:00,e46d74629bd710750db40d5e9d8f3eadbaa20ee486e416572c0d88f6ec77ad79,gfs_seamless,False
turbine_1,2026-02-03 02:00:00+00:00,24,0.5277036998781932,0.5277036998781932,False,False,0.5480688448074679,8.1,-1.4,2026-02-02 19:00:00+00:00,7.0,2026-01-31 23:00:00,2026-02-01T01:00:00+05:00,e46d74629bd710750db40d5e9d8f3eadbaa20ee486e416572c0d88f6ec77ad79,gfs_seamless,False
turbine_1,2026-02-03 03:00:00+00:00,24,0.4172100696266114,0.4172100696266114,False,False,0.3981808278867102,7.38,-0.6,2026-02-02 19:00:00+00:00,8.0,2026-01-31 23:00:00,2026-02-01T01:00:00+05:00,e46d74629bd710750db40d5e9d8f3eadbaa20ee486e416572c0d88f6ec77ad79,gfs_seamless,False
turbine_1,2026-02-03 04:00:00+00:00,24,0.32431733869207147,0.32431733869207147,False,False,0.3244547053649956,6.74,1.8,2026-02-02 19:00:00+00:00,9.0,2026-01-31 23:00:00,2026-02-01T01:00:00+05:00,e46d74629bd710750db40d5e9d8f3eadbaa20ee486e416572c0d88f6ec77ad79,gfs_seamless,False
turbine_1,2026-02-03 05:00:00+00:00,24,0.2517841363982499,0.2517841363982499,False,False,0.2560354184518709,6.2,4.0,2026-02-02 19:00:00+00:00,10.0,2026-01-31 23:00:00,2026-02-01T01:00:00+05:00,e46d74629bd710750db40d5e9d8f3eadbaa20ee486e416572c0d88f6ec77ad79,gfs_seamless,False
turbine_1,2026-02-03 06:00:00+00:00,24,0.3959039999412332,0.3959039999412332,False,False,0.3981808278867102,7.16,5.0,2026-02-02 19:00:00+00:00,11.0,2026-01-31 23:00:00,2026-02-01T01:00:00+05:00,e46d74629bd710750db40d5e9d8f3eadbaa20ee486e416572c0d88f6ec77ad79,gfs_seamless,False
turbine_1,2026-02-03 07:00:00+00:00,24,0.26070342053323964,0.26070342053323964,False,False,0.2560354184518709,6.39,6.6,2026-02-02 19:00:00+00:00,12.0,2026-01-31 23:00:00,2026-02-01T01:00:00+05:00,e46d74629bd710750db40d5e9d8f3eadbaa20ee486e416572c0d88f6ec77ad79,gfs_seamless,False
turbine_1,2026-02-03 08:00:00+00:00,24,0.20020809149324706,0.20020809149324706,False,False,0.19472402597402597,5.8,7.1,2026-02-02 19:00:00+00:00,13.0,2026-01-31 23:00:00,2026-02-01T01:00:00+05:00,e46d74629bd710750db40d5e9d8f3eadbaa20ee486e416572c0d88f6ec77ad79,gfs_seamless,False
turbine_1,2026-02-03 09:00:00+00:00,24,0.11035546573083599,0.11035546573083599,False,False,0.11167154471544716,4.96,7.2,2026-02-02 19:00:00+00:00,14.0,2026-01-31 23:00:00,2026-02-01T01:00:00+05:00,e46d74629bd710750db40d5e9d8f3eadbaa20ee486e416572c0d88f6ec77ad79,gfs_seamless,False
turbine_1,2026-02-03 10:00:00+00:00,24,0.03729142200224532,0.03729142200224532,False,False,0.0581515812431843,3.61,6.8,2026-02-02 19:00:00+00:00,15.0,2026-01-31 23:00:00,2026-02-01T01:00:00+05:00,e46d74629bd710750db40d5e9d8f3eadbaa20ee486e416572c0d88f6ec77ad79,gfs_seamless,False
turbine_1,2026-02-03 11:00:00+00:00,24,0.01165988744213004,0.01165988744213004,False,False,0.01599670263788969,2.14,5.3,2026-02-02 19:00:00+00:00,16.0,2026-01-31 23:00:00,2026-02-01T01:00:00+05:00,e46d74629bd710750db40d5e9d8f3eadbaa20ee486e416572c0d88f6ec77ad79,gfs_seamless,False
turbine_1,2026-02-03 12:00:00+00:00,24,0.012717958310617795,0.012717958310617795,False,False,0.01599670263788969,2.28,4.7,2026-02-02 19:00:00+00:00,17.0,2026-01-31 23:00:00,2026-02-01T01:00:00+05:00,e46d74629bd710750db40d5e9d8f3eadbaa20ee486e416572c0d88f6ec77ad79,gfs_seamless,False
turbine_1,2026-02-03 13:00:00+00:00,24,0.05911110995260428,0.05911110995260428,False,False,0.08138774811772757,4.27,4.7,2026-02-02 19:00:00+00:00,18.0,2026-01-31 23:00:00,2026-02-01T01:00:00+05:00,e46d74629bd710750db40d5e9d8f3eadbaa20ee486e416572c0d88f6ec77ad79,gfs_seamless,False
turbine_1,2026-02-03 14:00:00+00:00,24,0.33197485573402935,0.33197485573402935,False,False,0.3244547053649956,6.8,4.3,2026-02-02 19:00:00+00:00,19.0,2026-01-31 23:00:00,2026-02-01T01:00:00+05:00,e46d74629bd710750db40d5e9d8f3eadbaa20ee486e416572c0d88f6ec77ad79,gfs_seamless,False
turbine_1,2026-02-03 15:00:00+00:00,24,0.477205770057757,0.477205770057757,False,False,0.47519897772909825,7.62,4.5,2026-02-02 19:00:00+00:00,20.0,2026-01-31 23:00:00,2026-02-01T01:00:00+05:00,e46d74629bd710750db40d5e9d8f3eadbaa20ee486e416572c0d88f6ec77ad79,gfs_seamless,False
turbine_1,2026-02-03 16:00:00+00:00,24,0.5509898858162096,0.5509898858162096,False,False,0.5480688448074679,8.13,4.3,2026-02-02 19:00:00+00:00,21.0,2026-01-31 23:00:00,2026-02-01T01:00:00+05:00,e46d74629bd710750db40d5e9d8f3eadbaa20ee486e416572c0d88f6ec77ad79,gfs_seamless,False
turbine_1,2026-02-03 17:00:00+00:00,24,0.5683453941322046,0.5683453941322046,False,False,0.5480688448074679,8.2,3.8,2026-02-02 19:00:00+00:00,22.0,2026-01-31 23:00:00,2026-02-01T01:00:00+05:00,e46d74629bd710750db40d5e9d8f3eadbaa20ee486e416572c0d88f6ec77ad79,gfs_seamless,False
turbine_1,2026-02-03 18:00:00+00:00,24,0.3730821757343544,0.3730821757343544,False,False,0.3981808278867102,7.06,2.9,2026-02-02 19:00:00+00:00,23.0,2026-01-31 23:00:00,2026-02-01T01:00:00+05:00,e46d74629bd710750db40d5e9d8f3eadbaa20ee486e416572c0d88f6ec77ad79,gfs_seamless,False
turbine_1,2026-02-03 19:00:00+00:00,24,0.3179999986445977,0.3179999986445977,False,False,0.3244547053649956,6.64,3.3,2026-02-02 19:00:00+00:00,24.0,2026-01-31 23:00:00,2026-02-01T01:00:00+05:00,e46d74629bd710750db40d5e9d8f3eadbaa20ee486e416572c0d88f6ec77ad79,gfs_seamless,False
turbine_1,2026-02-03 20:00:00+00:00,48,0.05781007165351588,0.05781007165351588,False,False,0.08138774811772757,4.28,3.0,2026-02-02 19:00:00+00:00,25.0,2026-01-31 23:00:00,2026-02-01T01:00:00+05:00,e46d74629bd710750db40d5e9d8f3eadbaa20ee486e416572c0d88f6ec77ad79,gfs_seamless,False
turbine_1,2026-02-03 21:00:00+00:00,48,0.056909286142363916,0.056909286142363916,False,False,0.08138774811772757,4.3,2.9,2026-02-02 19:00:00+00:00,26.0,2026-01-31 23:00:00,2026-02-01T01:00:00+05:00,e46d74629bd710750db40d5e9d8f3eadbaa20ee486e416572c0d88f6ec77ad79,gfs_seamless,False
turbine_1,2026-02-03 22:00:00+00:00,48,0.16196193211853901,0.16196193211853901,False,False,0.19472402597402597,5.68,2.8,2026-02-02 19:00:00+00:00,27.0,2026-01-31 23:00:00,2026-02-01T01:00:00+05:00,e46d74629bd710750db40d5e9d8f3eadbaa20ee486e416572c0d88f6ec77ad79,gfs_seamless,False
turbine_1,2026-02-03 23:00:00+00:00,48,0.15467252564303757,0.15467252564303757,False,False,0.14868314676616917,5.46,2.7,2026-02-02 19:00:00+00:00,28.0,2026-01-31 23:00:00,2026-02-01T01:00:00+05:00,e46d74629bd710750db40d5e9d8f3eadbaa20ee486e416572c0d88f6ec77ad79,gfs_seamless,False
turbine_1,2026-02-04 00:00:00+00:00,48,0.20913843762748907,0.20913843762748907,False,False,0.2560354184518709,6.11,1.6,2026-02-02 19:00:00+00:00,29.0,2026-01-31 23:00:00,2026-02-01T01:00:00+05:00,e46d74629bd710750db40d5e9d8f3eadbaa20ee486e416572c0d88f6ec77ad79,gfs_seamless,False
turbine_1,2026-02-04 01:00:00+00:00,48,0.3680127382933635,0.3680127382933635,False,False,0.3244547053649956,6.98,1.6,2026-02-02 19:00:00+00:00,30.0,2026-01-31 23:00:00,2026-02-01T01:00:00+05:00,e46d74629bd710750db40d5e9d8f3eadbaa20ee486e416572c0d88f6ec77ad79,gfs_seamless,False
turbine_1,2026-02-04 02:00:00+00:00,48,0.43025664348854836,0.43025664348854836,False,False,0.3981808278867102,7.42,1.3,2026-02-02 19:00:00+00:00,31.0,2026-01-31 23:00:00,2026-02-01T01:00:00+05:00,e46d74629bd710750db40d5e9d8f3eadbaa20ee486e416572c0d88f6ec77ad79,gfs_seamless,False
turbine_1,2026-02-04 03:00:00+00:00,48,0.4543642348615035,0.4543642348615035,False,False,0.47519897772909825,7.5,1.2,2026-02-02 19:00:00+00:00,32.0,2026-01-31 23:00:00,2026-02-01T01:00:00+05:00,e46d74629bd710750db40d5e9d8f3eadbaa20ee486e416572c0d88f6ec77ad79,gfs_seamless,False
turbine_1,2026-02-04 04:00:00+00:00,48,0.48935614428709795,0.48935614428709795,False,False,0.47519897772909825,7.72,1.4,2026-02-02 19:00:00+00:00,33.0,2026-01-31 23:00:00,2026-02-01T01:00:00+05:00,e46d74629bd710750db40d5e9d8f3eadbaa20ee486e416572c0d88f6ec77ad79,gfs_seamless,False
turbine_1,2026-02-04 05:00:00+00:00,48,0.45020831458496563,0.45020831458496563,False,False,0.47519897772909825,7.53,2.0,2026-02-02 19:00:00+00:00,34.0,2026-01-31 23:00:00,2026-02-01T01:00:00+05:00,e46d74629bd710750db40d5e9d8f3eadbaa20ee486e416572c0d88f6ec77ad79,gfs_seamless,False
turbine_1,2026-02-04 06:00:00+00:00,48,0.24011194681225664,0.24011194681225664,False,False,0.2560354184518709,6.16,3.6,2026-02-02 19:00:00+00:00,35.0,2026-01-31 23:00:00,2026-02-01T01:00:00+05:00,e46d74629bd710750db40d5e9d8f3eadbaa20ee486e416572c0d88f6ec77ad79,gfs_seamless,False
turbine_1,2026-02-04 07:00:00+00:00,48,0.11471756735565451,0.11471756735565451,False,False,0.14868314676616917,5.1,3.9,2026-02-02 19:00:00+00:00,36.0,2026-01-31 23:00:00,2026-02-01T01:00:00+05:00,e46d74629bd710750db40d5e9d8f3eadbaa20ee486e416572c0d88f6ec77ad79,gfs_seamless,False
turbine_1,2026-02-04 08:00:00+00:00,48,0.0960037527512034,0.0960037527512034,False,False,0.11167154471544716,4.83,3.9,2026-02-02 19:00:00+00:00,37.0,2026-01-31 23:00:00,2026-02-01T01:00:00+05:00,e46d74629bd710750db40d5e9d8f3eadbaa20ee486e416572c0d88f6ec77ad79,gfs_seamless,False
turbine_1,2026-02-04 09:00:00+00:00,48,0.13109181613564577,0.13109181613564577,False,False,0.14868314676616917,5.23,4.7,2026-02-02 19:00:00+00:00,38.0,2026-01-31 23:00:00,2026-02-01T01:00:00+05:00,e46d74629bd710750db40d5e9d8f3eadbaa20ee486e416572c0d88f6ec77ad79,gfs_seamless,False
turbine_1,2026-02-04 10:00:00+00:00,48,0.14265342029582365,0.14265342029582365,False,False,0.14868314676616917,5.42,5.3,2026-02-02 19:00:00+00:00,39.0,2026-01-31 23:00:00,2026-02-01T01:00:00+05:00,e46d74629bd710750db40d5e9d8f3eadbaa20ee486e416572c0d88f6ec77ad79,gfs_seamless,False
turbine_1,2026-02-04 11:00:00+00:00,48,0.10735540806187498,0.10735540806187498,False,False,0.14868314676616917,5.08,4.8,2026-02-02 19:00:00+00:00,40.0,2026-01-31 23:00:00,2026-02-01T01:00:00+05:00,e46d74629bd710750db40d5e9d8f3eadbaa20ee486e416572c0d88f6ec77ad79,gfs_seamless,False
turbine_1,2026-02-04 12:00:00+00:00,48,0.01980238987265274,0.01980238987265274,False,False,0.025215897939156035,2.92,4.3,2026-02-02 19:00:00+00:00,41.0,2026-01-31 23:00:00,2026-02-01T01:00:00+05:00,e46d74629bd710750db40d5e9d8f3eadbaa20ee486e416572c0d88f6ec77ad79,gfs_seamless,False
turbine_1,2026-02-04 13:00:00+00:00,48,0.16196193211853901,0.16196193211853901,False,False,0.19472402597402597,5.68,2.9,2026-02-02 19:00:00+00:00,42.0,2026-01-31 23:00:00,2026-02-01T01:00:00+05:00,e46d74629bd710750db40d5e9d8f3eadbaa20ee486e416572c0d88f6ec77ad79,gfs_seamless,False
turbine_1,2026-02-04 14:00:00+00:00,48,0.32309880337754,0.32309880337754,False,False,0.3244547053649956,6.69,2.3,2026-02-02 19:00:00+00:00,43.0,2026-01-31 23:00:00,2026-02-01T01:00:00+05:00,e46d74629bd710750db40d5e9d8f3eadbaa20ee486e416572c0d88f6ec77ad79,gfs_seamless,False
turbine_1,2026-02-04 15:00:00+00:00,48,0.5326889837279234,0.5326889837279234,False,False,0.47519897772909825,7.94,1.9,2026-02-02 19:00:00+00:00,44.0,2026-01-31 23:00:00,2026-02-01T01:00:00+05:00,e46d74629bd710750db40d5e9d8f3eadbaa20ee486e416572c0d88f6ec77ad79,gfs_seamless,False
turbine_1,2026-02-04 16:00:00+00:00,48,0.7848434420384713,0.7848434420384713,False,False,0.7651013024602026,9.55,1.2,2026-02-02 19:00:00+00:00,45.0,2026-01-31 23:00:00,2026-02-01T01:00:00+05:00,e46d74629bd710750db40d5e9d8f3eadbaa20ee486e416572c0d88f6ec77ad79,gfs_seamless,False
turbine_1,2026-02-04 17:00:00+00:00,48,0.8962111887865187,0.8962111887865187,False,False,0.8301109660574413,10.49,0.8,2026-02-02 19:00:00+00:00,46.0,2026-01-31 23:00:00,2026-02-01T01:00:00+05:00,e46d74629bd710750db40d5e9d8f3eadbaa20ee486e416572c0d88f6ec77ad79,gfs_seamless,False
turbine_1,2026-02-04 18:00:00+00:00,48,0.921802318851193,0.921802318851193,False,False,0.8937111928104575,10.6,0.4,2026-02-02 19:00:00+00:00,47.0,2026-01-31 23:00:00,2026-02-01T01:00:00+05:00,e46d74629bd710750db40d5e9d8f3eadbaa20ee486e416572c0d88f6ec77ad79,gfs_seamless,False
turbine_1,2026-02-04 19:00:00+00:00,48,0.9838126638621807,0.9838126638621807,False,False,0.9603525641025641,11.67,0.5,2026-02-02 19:00:00+00:00,48.0,2026-01-31 23:00:00,2026-02-01T01:00:00+05:00,e46d74629bd710750db40d5e9d8f3eadbaa20ee486e416572c0d88f6ec77ad79,gfs_seamless,False
turbine_2,2026-02-02 20:00:00+00:00,24,0.6621060644461326,0.6621060644461326,False,False,0.6162610815602837,8.89,1.2,2026-02-02 19:00:00+00:00,1.0,2026-01-31 23:00:00,2026-02-01T01:00:00+05:00,d05b3cae0b8e890efb085c68704c9fb8d2cbf736bedd6d6ce81594bf3efad63a,gfs_seamless,False
turbine_2,2026-02-02 21:00:00+00:00,24,0.8511225799973633,0.8511225799973633,False,False,0.8240326184092941,10.23,1.3,2026-02-02 19:00:00+00:00,2.0,2026-01-31 23:00:00,2026-02-01T01:00:00+05:00,d05b3cae0b8e890efb085c68704c9fb8d2cbf736bedd6d6ce81594bf3efad63a,gfs_seamless,False
turbine_2,2026-02-02 22:00:00+00:00,24,0.9552811720960427,0.9552811720960427,False,False,0.9257415902140673,11.14,0.9,2026-02-02 19:00:00+00:00,3.0,2026-01-31 23:00:00,2026-02-01T01:00:00+05:00,d05b3cae0b8e890efb085c68704c9fb8d2cbf736bedd6d6ce81594bf3efad63a,gfs_seamless,False
turbine_2,2026-02-02 23:00:00+00:00,24,0.9831578126313307,0.9831578126313307,False,False,0.9574121315192744,12.04,0.2,2026-02-02 19:00:00+00:00,4.0,2026-01-31 23:00:00,2026-02-01T01:00:00+05:00,d05b3cae0b8e890efb085c68704c9fb8d2cbf736bedd6d6ce81594bf3efad63a,gfs_seamless,False
turbine_2,2026-02-03 00:00:00+00:00,24,0.8912998455168426,0.8912998455168426,False,False,0.8845606610237807,10.53,-0.3,2026-02-02 19:00:00+00:00,5.0,2026-01-31 23:00:00,2026-02-01T01:00:00+05:00,d05b3cae0b8e890efb085c68704c9fb8d2cbf736bedd6d6ce81594bf3efad63a,gfs_seamless,False
turbine_2,2026-02-03 01:00:00+00:00,24,0.7365292015159753,0.7365292015159753,False,False,0.6742543244506779,9.35,-0.9,2026-02-02 19:00:00+00:00,6.0,2026-01-31 23:00:00,2026-02-01T01:00:00+05:00,d05b3cae0b8e890efb085c68704c9fb8d2cbf736bedd6d6ce81594bf3efad63a,gfs_seamless,False
turbine_2,2026-02-03 02:00:00+00:00,24,0.4999958837607065,0.4999958837607065,False,False,0.5334922575387123,8.1,-1.4,2026-02-02 19:00:00+00:00,7.0,2026-01-31 23:00:00,2026-02-01T01:00:00+05:00,d05b3cae0b8e890efb085c68704c9fb8d2cbf736bedd6d6ce81594bf3efad63a,gfs_seamless,False
turbine_2,2026-02-03 03:00:00+00:00,24,0.4025286999712892,0.4025286999712892,False,False,0.3872421383647799,7.38,-0.6,2026-02-02 19:00:00+00:00,8.0,2026-01-31 23:00:00,2026-02-01T01:00:00+05:00,d05b3cae0b8e890efb085c68704c9fb8d2cbf736bedd6d6ce81594bf3efad63a,gfs_seamless,False
turbine_2,2026-02-03 04:00:00+00:00,24,0.2727208090265019,0.2727208090265019,False,False,0.3134483750359506,6.74,1.8,2026-02-02 19:00:00+00:00,9.0,2026-01-31 23:00:00,2026-02-01T01:00:00+05:00,d05b3cae0b8e890efb085c68704c9fb8d2cbf736bedd6d6ce81594bf3efad63a,gfs_seamless,False
turbine_2,2026-02-03 05:00:00+00:00,24,0.2241153020008313,0.2241153020008313,False,False,0.24514071038251364,6.2,4.0,2026-02-02 19:00:00+00:00,10.0,2026-01-31 23:00:00,2026-02-01T01:00:00+05:00,d05b3cae0b8e890efb085c68704c9fb8d2cbf736bedd6d6ce81594bf3efad63a,gfs_seamless,False
turbine_2,2026-02-03 06:00:00+00:00,24,0.3709241156672963,0.3709241156672963,False,False,0.3872421383647799,7.16,5.0,2026-02-02 19:00:00+00:00,11.0,2026-01-31 23:00:00,2026-02-01T01:00:00+05:00,d05b3cae0b8e890efb085c68704c9fb8d2cbf736bedd6d6ce81594bf3efad63a,gfs_seamless,False
turbine_2,2026-02-03 07:00:00+00:00,24,0.2572381185579155,0.2572381185579155,False,False,0.24514071038251364,6.39,6.6,2026-02-02 19:00:00+00:00,12.0,2026-01-31 23:00:00,2026-02-01T01:00:00+05:00,d05b3cae0b8e890efb085c68704c9fb8d2cbf736bedd6d6ce81594bf3efad63a,gfs_seamless,False
turbine_2,2026-02-03 08:00:00+00:00,24,0.18663897630352472,0.18663897630352472,False,False,0.18799815254684613,5.8,7.1,2026-02-02 19:00:00+00:00,13.0,2026-01-31 23:00:00,2026-02-01T01:00:00+05:00,d05b3cae0b8e890efb085c68704c9fb8d2cbf736bedd6d6ce81594bf3efad63a,gfs_seamless,False
turbine_2,2026-02-03 09:00:00+00:00,24,0.10024293542519107,0.10024293542519107,False,False,0.10500000000000001,4.96,7.2,2026-02-02 19:00:00+00:00,14.0,2026-01-31 23:00:00,2026-02-01T01:00:00+05:00,d05b3cae0b8e890efb085c68704c9fb8d2cbf736bedd6d6ce81594bf3efad63a,gfs_seamless,False
turbine_2,2026-02-03 10:00:00+00:00,24,0.029396244550841406,0.029396244550841406,False,False,0.0552395725611858,3.61,6.8,2026-02-02 19:00:00+00:00,15.0,2026-01-31 23:00:00,2026-02-01T01:00:00+05:00,d05b3cae0b8e890efb085c68704c9fb8d2cbf736bedd6d6ce81594bf3efad63a,gfs_seamless,False
turbine_2,2026-02-03 11:00:00+00:00,24,0.010166993562516151,0.010166993562516151,False,False,0.014608096468561586,2.14,5.3,2026-02-02 19:00:00+00:00,16.0,2026-01-31 23:00:00,2026-02-01T01:00:00+05:00,d05b3cae0b8e890efb085c68704c9fb8d2cbf736bedd6d6ce81594bf3efad63a,gfs_seamless,False
turbine_2,2026-02-03 12:00:00+00:00,24,0.010366360380827885,0.010366360380827885,False,False,0.014608096468561586,2.28,4.7,2026-02-02 19:00:00+00:00,17.0,2026-01-31 23:00:00,2026-02-01T01:00:00+05:00,d05b3cae0b8e890efb085c68704c9fb8d2cbf736bedd6d6ce81594bf3efad63a,gfs_seamless,False
turbine_2,2026-02-03 13:00:00+00:00,24,0.05108837207345365,0.05108837207345365,False,False,0.07894438894438895,4.27,4.7,2026-02-02 19:00:00+00:00,18.0,2026-01-31 23:00:00,2026-02-01T01:00:00+05:00,d05b3cae0b8e890efb085c68704c9fb8d2cbf736bedd6d6ce81594bf3efad63a,gfs_seamless,False
turbine_2,2026-02-03 14:00:00+00:00,24,0.308682286416574,0.308682286416574,False,False,0.3134483750359506,6.8,4.3,2026-02-02 19:00:00+00:00,19.0,2026-01-31 23:00:00,2026-02-01T01:00:00+05:00,d05b3cae0b8e890efb085c68704c9fb8d2cbf736bedd6d6ce81594bf3efad63a,gfs_seamless,False
turbine_2,2026-02-03 15:00:00+00:00,24,0.39118140277064495,0.39118140277064495,False,False,0.45997253690353584,7.62,4.5,2026-02-02 19:00:00+00:00,20.0,2026-01-31 23:00:00,2026-02-01T01:00:00+05:00,d05b3cae0b8e890efb085c68704c9fb8d2cbf736bedd6d6ce81594bf3efad63a,gfs_seamless,False
turbine_2,2026-02-03 16:00:00+00:00,24,0.5258878983713096,0.5258878983713096,False,False,0.5334922575387123,8.13,4.3,2026-02-02 19:00:00+00:00,21.0,2026-01-31 23:00:00,2026-02-01T01:00:00+05:00,d05b3cae0b8e890efb085c68704c9fb8d2cbf736bedd6d6ce81594bf3efad63a,gfs_seamless,False
turbine_2,2026-02-03 17:00:00+00:00,24,0.5394069349789216,0.5394069349789216,False,False,0.5334922575387123,8.2,3.8,2026-02-02 19:00:00+00:00,22.0,2026-01-31 23:00:00,2026-02-01T01:00:00+05:00,d05b3cae0b8e890efb085c68704c9fb8d2cbf736bedd6d6ce81594bf3efad63a,gfs_seamless,False
turbine_2,2026-02-03 18:00:00+00:00,24,0.3581268518525509,0.3581268518525509,False,False,0.3872421383647799,7.06,2.9,2026-02-02 19:00:00+00:00,23.0,2026-01-31 23:00:00,2026-02-01T01:00:00+05:00,d05b3cae0b8e890efb085c68704c9fb8d2cbf736bedd6d6ce81594bf3efad63a,gfs_seamless,False
turbine_2,2026-02-03 19:00:00+00:00,24,0.2843653326821331,0.2843653326821331,False,False,0.3134483750359506,6.64,3.3,2026-02-02 19:00:00+00:00,24.0,2026-01-31 23:00:00,2026-02-01T01:00:00+05:00,d05b3cae0b8e890efb085c68704c9fb8d2cbf736bedd6d6ce81594bf3efad63a,gfs_seamless,False
turbine_2,2026-02-03 20:00:00+00:00,48,0.045967410835007265,0.045967410835007265,False,False,0.07894438894438895,4.28,3.0,2026-02-02 19:00:00+00:00,25.0,2026-01-31 23:00:00,2026-02-01T01:00:00+05:00,d05b3cae0b8e890efb085c68704c9fb8d2cbf736bedd6d6ce81594bf3efad63a,gfs_seamless,False
turbine_2,2026-02-03 21:00:00+00:00,48,0.045967410835007265,0.045967410835007265,False,False,0.07894438894438895,4.3,2.9,2026-02-02 19:00:00+00:00,26.0,2026-01-31 23:00:00,2026-02-01T01:00:00+05:00,d05b3cae0b8e890efb085c68704c9fb8d2cbf736bedd6d6ce81594bf3efad63a,gfs_seamless,False
turbine_2,2026-02-03 22:00:00+00:00,48,0.15831004294501602,0.15831004294501602,False,False,0.18799815254684613,5.68,2.8,2026-02-02 19:00:00+00:00,27.0,2026-01-31 23:00:00,2026-02-01T01:00:00+05:00,d05b3cae0b8e890efb085c68704c9fb8d2cbf736bedd6d6ce81594bf3efad63a,gfs_seamless,False
turbine_2,2026-02-03 23:00:00+00:00,48,0.13033482606435898,0.13033482606435898,False,False,0.14257562144354596,5.46,2.7,2026-02-02 19:00:00+00:00,28.0,2026-01-31 23:00:00,2026-02-01T01:00:00+05:00,d05b3cae0b8e890efb085c68704c9fb8d2cbf736bedd6d6ce81594bf3efad63a,gfs_seamless,False
turbine_2,2026-02-04 00:00:00+00:00,48,0.19814770697946,0.19814770697946,False,False,0.24514071038251364,6.11,1.6,2026-02-02 19:00:00+00:00,29.0,2026-01-31 23:00:00,2026-02-01T01:00:00+05:00,d05b3cae0b8e890efb085c68704c9fb8d2cbf736bedd6d6ce81594bf3efad63a,gfs_seamless,False
turbine_2,2026-02-04 01:00:00+00:00,48,0.32548006925507406,0.32548006925507406,False,False,0.3134483750359506,6.98,1.6,2026-02-02 19:00:00+00:00,30.0,2026-01-31 23:00:00,2026-02-01T01:00:00+05:00,d05b3cae0b8e890efb085c68704c9fb8d2cbf736bedd6d6ce81594bf3efad63a,gfs_seamless,False
turbine_2,2026-02-04 02:00:00+00:00,48,0.4095789246501729,0.4095789246501729,False,False,0.3872421383647799,7.42,1.3,2026-02-02 19:00:00+00:00,31.0,2026-01-31 23:00:00,2026-02-01T01:00:00+05:00,d05b3cae0b8e890efb085c68704c9fb8d2cbf736bedd6d6ce81594bf3efad63a,gfs_seamless,False
turbine_2,2026-02-04 03:00:00+00:00,48,0.4293649762474787,0.4293649762474787,False,False,0.45997253690353584,7.5,1.2,2026-02-02 19:00:00+00:00,32.0,2026-01-31 23:00:00,2026-02-01T01:00:00+05:00,d05b3cae0b8e890efb085c68704c9fb8d2cbf736bedd6d6ce81594bf3efad63a,gfs_seamless,False
turbine_2,2026-02-04 04:00:00+00:00,48,0.4696570491544583,0.4696570491544583,False,False,0.45997253690353584,7.72,1.4,2026-02-02 19:00:00+00:00,33.0,2026-01-31 23:00:00,2026-02-01T01:00:00+05:00,d05b3cae0b8e890efb085c68704c9fb8d2cbf736bedd6d6ce81594bf3efad63a,gfs_seamless,False
turbine_2,2026-02-04 05:00:00+00:00,48,0.4267597681678638,0.4267597681678638,False,False,0.45997253690353584,7.53,2.0,2026-02-02 19:00:00+00:00,34.0,2026-01-31 23:00:00,2026-02-01T01:00:00+05:00,d05b3cae0b8e890efb085c68704c9fb8d2cbf736bedd6d6ce81594bf3efad63a,gfs_seamless,False
turbine_2,2026-02-04 06:00:00+00:00,48,0.21374616967040772,0.21374616967040772,False,False,0.24514071038251364,6.16,3.6,2026-02-02 19:00:00+00:00,35.0,2026-01-31 23:00:00,2026-02-01T01:00:00+05:00,d05b3cae0b8e890efb085c68704c9fb8d2cbf736bedd6d6ce81594bf3efad63a,gfs_seamless,False
turbine_2,2026-02-04 07:00:00+00:00,48,0.10203406258402455,0.10203406258402455,False,False,0.14257562144354596,5.1,3.9,2026-02-02 19:00:00+00:00,36.0,2026-01-31 23:00:00,2026-02-01T01:00:00+05:00,d05b3cae0b8e890efb085c68704c9fb8d2cbf736bedd6d6ce81594bf3efad63a,gfs_seamless,False
turbine_2,2026-02-04 08:00:00+00:00,48,0.0841179719153534,0.0841179719153534,False,False,0.10500000000000001,4.83,3.9,2026-02-02 19:00:00+00:00,37.0,2026-01-31 23:00:00,2026-02-01T01:00:00+05:00,d05b3cae0b8e890efb085c68704c9fb8d2cbf736bedd6d6ce81594bf3efad63a,gfs_seamless,False
turbine_2,2026-02-04 09:00:00+00:00,48,0.11148896185378306,0.11148896185378306,False,False,0.14257562144354596,5.23,4.7,2026-02-02 19:00:00+00:00,38.0,2026-01-31 23:00:00,2026-02-01T01:00:00+05:00,d05b3cae0b8e890efb085c68704c9fb8d2cbf736bedd6d6ce81594bf3efad63a,gfs_seamless,False
turbine_2,2026-02-04 10:00:00+00:00,48,0.12954148183595285,0.12954148183595285,False,False,0.14257562144354596,5.42,5.3,2026-02-02 19:00:00+00:00,39.0,2026-01-31 23:00:00,2026-02-01T01:00:00+05:00,d05b3cae0b8e890efb085c68704c9fb8d2cbf736bedd6d6ce81594bf3efad63a,gfs_seamless,False
turbine_2,2026-02-04 11:00:00+00:00,48,0.10531373828749609,0.10531373828749609,False,False,0.14257562144354596,5.08,4.8,2026-02-02 19:00:00+00:00,40.0,2026-01-31 23:00:00,2026-02-01T01:00:00+05:00,d05b3cae0b8e890efb085c68704c9fb8d2cbf736bedd6d6ce81594bf3efad63a,gfs_seamless,False
turbine_2,2026-02-04 12:00:00+00:00,48,0.017856084201550125,0.017856084201550125,False,False,0.023970410628019325,2.92,4.3,2026-02-02 19:00:00+00:00,41.0,2026-01-31 23:00:00,2026-02-01T01:00:00+05:00,d05b3cae0b8e890efb085c68704c9fb8d2cbf736bedd6d6ce81594bf3efad63a,gfs_seamless,False
turbine_2,2026-02-04 13:00:00+00:00,48,0.15831004294501602,0.15831004294501602,False,False,0.18799815254684613,5.68,2.9,2026-02-02 19:00:00+00:00,42.0,2026-01-31 23:00:00,2026-02-01T01:00:00+05:00,d05b3cae0b8e890efb085c68704c9fb8d2cbf736bedd6d6ce81594bf3efad63a,gfs_seamless,False
turbine_2,2026-02-04 14:00:00+00:00,48,0.28302341158064764,0.28302341158064764,False,False,0.3134483750359506,6.69,2.3,2026-02-02 19:00:00+00:00,43.0,2026-01-31 23:00:00,2026-02-01T01:00:00+05:00,d05b3cae0b8e890efb085c68704c9fb8d2cbf736bedd6d6ce81594bf3efad63a,gfs_seamless,False
turbine_2,2026-02-04 15:00:00+00:00,48,0.4918919769644192,0.4918919769644192,False,False,0.45997253690353584,7.94,1.9,2026-02-02 19:00:00+00:00,44.0,2026-01-31 23:00:00,2026-02-01T01:00:00+05:00,d05b3cae0b8e890efb085c68704c9fb8d2cbf736bedd6d6ce81594bf3efad63a,gfs_seamless,False
turbine_2,2026-02-04 16:00:00+00:00,48,0.7476176832471033,0.7476176832471033,False,False,0.7536449275362319,9.55,1.2,2026-02-02 19:00:00+00:00,45.0,2026-01-31 23:00:00,2026-02-01T01:00:00+05:00,d05b3cae0b8e890efb085c68704c9fb8d2cbf736bedd6d6ce81594bf3efad63a,gfs_seamless,False
turbine_2,2026-02-04 17:00:00+00:00,48,0.8783775026931996,0.8783775026931996,False,False,0.8240326184092941,10.49,0.8,2026-02-02 19:00:00+00:00,46.0,2026-01-31 23:00:00,2026-02-01T01:00:00+05:00,d05b3cae0b8e890efb085c68704c9fb8d2cbf736bedd6d6ce81594bf3efad63a,gfs_seamless,False
turbine_2,2026-02-04 18:00:00+00:00,48,0.9085097778005911,0.9085097778005911,False,False,0.8845606610237807,10.6,0.4,2026-02-02 19:00:00+00:00,47.0,2026-01-31 23:00:00,2026-02-01T01:00:00+05:00,d05b3cae0b8e890efb085c68704c9fb8d2cbf736bedd6d6ce81594bf3efad63a,gfs_seamless,False
turbine_2,2026-02-04 19:00:00+00:00,48,0.9734934305128891,0.9734934305128891,False,False,0.9518670076726343,11.67,0.5,2026-02-02 19:00:00+00:00,48.0,2026-01-31 23:00:00,2026-02-01T01:00:00+05:00,d05b3cae0b8e890efb085c68704c9fb8d2cbf736bedd6d6ce81594bf3efad63a,gfs_seamless,False
turbine_1,2026-02-03 20:00:00+00:00,24,0.16185866707154006,0.16185866707154006,False,False,0.19472402597402597,5.7,4.0,2026-02-03 19:00:00+00:00,1.0,2026-01-31 23:00:00,2026-02-01T01:00:00+05:00,e46d74629bd710750db40d5e9d8f3eadbaa20ee486e416572c0d88f6ec77ad79,gfs_seamless,False
turbine_1,2026-02-03 21:00:00+00:00,24,0.10727902012880157,0.10727902012880157,False,False,0.14868314676616917,5.07,4.1,2026-02-03 19:00:00+00:00,2.0,2026-01-31 23:00:00,2026-02-01T01:00:00+05:00,e46d74629bd710750db40d5e9d8f3eadbaa20ee486e416572c0d88f6ec77ad79,gfs_seamless,False
turbine_1,2026-02-03 22:00:00+00:00,24,0.16221062729576158,0.16221062729576158,False,False,0.19472402597402597,5.63,3.9,2026-02-03 19:00:00+00:00,3.0,2026-01-31 23:00:00,2026-02-01T01:00:00+05:00,e46d74629bd710750db40d5e9d8f3eadbaa20ee486e416572c0d88f6ec77ad79,gfs_seamless,False
turbine_1,2026-02-03 23:00:00+00:00,24,0.20754031306911913,0.20754031306911913,False,False,0.19472402597402597,5.92,3.7,2026-02-03 19:00:00+00:00,4.0,2026-01-31 23:00:00,2026-02-01T01:00:00+05:00,e46d74629bd710750db40d5e9d8f3eadbaa20ee486e416572c0d88f6ec77ad79,gfs_seamless,False
turbine_1,2026-02-04 00:00:00+00:00,24,0.6481097071005198,0.6481097071005198,False,False,0.6267624521072798,8.64,2.8,2026-02-03 19:00:00+00:00,5.0,2026-01-31 23:00:00,2026-02-01T01:00:00+05:00,e46d74629bd710750db40d5e9d8f3eadbaa20ee486e416572c0d88f6ec77ad79,gfs_seamless,False
turbine_1,2026-02-04 01:00:00+00:00,24,0.36652204633995106,0.36652204633995106,False,False,0.3244547053649956,6.95,2.7,2026-02-03 19:00:00+00:00,6.0,2026-01-31 23:00:00,2026-02-01T01:00:00+05:00,e46d74629bd710750db40d5e9d8f3eadbaa20ee486e416572c0d88f6ec77ad79,gfs_seamless,False
turbine_1,2026-02-04 02:00:00+00:00,24,0.1302150473569622,0.1302150473569622,False,False,0.14868314676616917,5.24,2.8,2026-02-03 19:00:00+00:00,7.0,2026-01-31 23:00:00,2026-02-01T01:00:00+05:00,e46d74629bd710750db40d5e9d8f3eadbaa20ee486e416572c0d88f6ec77ad79,gfs_seamless,False
turbine_1,2026-02-04 03:00:00+00:00,24,0.04737196737385218,0.04737196737385218,False,False,0.08138774811772757,4.08,3.2,2026-02-03 19:00:00+00:00,8.0,2026-01-31 23:00:00,2026-02-01T01:00:00+05:00,e46d74629bd710750db40d5e9d8f3eadbaa20ee486e416572c0d88f6ec77ad79,gfs_seamless,False
turbine_1,2026-02-04 04:00:00+00:00,24,0.035625917863246745,0.035625917863246745,False,False,0.0581515812431843,3.73,3.6,2026-02-03 19:00:00+00:00,9.0,2026-01-31 23:00:00,2026-02-01T01:00:00+05:00,e46d74629bd710750db40d5e9d8f3eadbaa20ee486e416572c0d88f6ec77ad79,gfs_seamless,False
turbine_1,2026-02-04 05:00:00+00:00,24,0.010047627264599932,0.010047627264599932,False,False,0.01599670263788969,2.11,3.5,2026-02-03 19:00:00+00:00,10.0,2026-01-31 23:00:00,2026-02-01T01:00:00+05:00,e46d74629bd710750db40d5e9d8f3eadbaa20ee486e416572c0d88f6ec77ad79,gfs_seamless,False
turbine_1,2026-02-04 06:00:00+00:00,24,0.021375940748160842,0.021375940748160842,False,False,0.040077274323849665,3.05,3.5,2026-02-03 19:00:00+00:00,11.0,2026-01-31 23:00:00,2026-02-01T01:00:00+05:00,e46d74629bd710750db40d5e9d8f3eadbaa20ee486e416572c0d88f6ec77ad79,gfs_seamless,False
turbine_1,2026-02-04 07:00:00+00:00,24,0.014356286613188322,0.014356286613188322,False,False,0.025215897939156035,2.56,3.7,2026-02-03 19:00:00+00:00,12.0,2026-01-31 23:00:00,2026-02-01T01:00:00+05:00,e46d74629bd710750db40d5e9d8f3eadbaa20ee486e416572c0d88f6ec77ad79,gfs_seamless,False
turbine_1,2026-02-04 08:00:00+00:00,24,0.011113717556990537,0.011113717556990537,False,False,0.01599670263788969,2.19,4.1,2026-02-03 19:00:00+00:00,13.0,2026-01-31 23:00:00,2026-02-01T01:00:00+05:00,e46d74629bd710750db40d5e9d8f3eadbaa20ee486e416572c0d88f6ec77ad79,gfs_seamless,False
turbine_1,2026-02-04 09:00:00+00:00,24,0.010655474933433128,0.010655474933433128,False,False,0.01102904972919744,1.92,4.9,2026-02-03 19:00:00+00:00,14.0,2026-01-31 23:00:00,2026-02-01T01:00:00+05:00,e46d74629bd710750db40d5e9d8f3eadbaa20ee486e416572c0d88f6ec77ad79,gfs_seamless,False
turbine_1,2026-02-04 10:00:00+00:00,24,0.010650172939937249,0.010650172939937249,False,False,0.01102904972919744,1.8,5.4,2026-02-03 19:00:00+00:00,15.0,2026-01-31 23:00:00,2026-02-01T01:00:00+05:00,e46d74629bd710750db40d5e9d8f3eadbaa20ee486e416572c0d88f6ec77ad79,gfs_seamless,False
turbine_1,2026-02-04 11:00:00+00:00,24,0.010310226851222327,0.010310226851222327,False,False,0.009989159891598917,0.63,5.5,2026-02-03 19:00:00+00:00,16.0,2026-01-31 23:00:00,2026-02-01T01:00:00+05:00,e46d74629bd710750db40d5e9d8f3eadbaa20ee486e416572c0d88f6ec77ad79,gfs_seamless,False
turbine_1,2026-02-04 12:00:00+00:00,24,0.1546923768878901,0.1546923768878901,False,False,0.14868314676616917,5.46,4.4,2026-02-03 19:00:00+00:00,17.0,2026-01-31 23:00:00,2026-02-01T01:00:00+05:00,e46d74629bd710750db40d5e9d8f3eadbaa20ee486e416572c0d88f6ec77ad79,gfs_seamless,False
turbine_1,2026-02-04 13:00:00+00:00,24,0.7161275982821377,0.7161275982821377,False,False,0.6955416051206302,9.1,2.2,2026-02-03 19:00:00+00:00,18.0,2026-01-31 23:00:00,2026-02-01T01:00:00+05:00,e46d74629bd710750db40d5e9d8f3eadbaa20ee486e416572c0d88f6ec77ad79,gfs_seamless,False
turbine_1,2026-02-04 14:00:00+00:00,24,0.8983689530675701,0.8983689530675701,False,False,0.8301109660574413,10.37,1.8,2026-02-03 19:00:00+00:00,19.0,2026-01-31 23:00:00,2026-02-01T01:00:00+05:00,e46d74629bd710750db40d5e9d8f3eadbaa20ee486e416572c0d88f6ec77ad79,gfs_seamless,False
turbine_1,2026-02-04 15:00:00+00:00,24,0.9325237701218796,0.9325237701218796,False,False,0.8937111928104575,10.76,1.2,2026-02-03 19:00:00+00:00,20.0,2026-01-31 23:00:00,2026-02-01T01:00:00+05:00,e46d74629bd710750db40d5e9d8f3eadbaa20ee486e416572c0d88f6ec77ad79,gfs_seamless,False
turbine_1,2026-02-04 16:00:00+00:00,24,0.9719398588092817,0.9719398588092817,False,False,0.9381677419354839,11.19,0.8,2026-02-03 19:00:00+00:00,21.0,2026-01-31 23:00:00,2026-02-01T01:00:00+05:00,e46d74629bd710750db40d5e9d8f3eadbaa20ee486e416572c0d88f6ec77ad79,gfs_seamless,False
turbine_1,2026-02-04 17:00:00+00:00,24,0.9853595376520679,0.9853595376520679,False,False,0.9603525641025641,11.82,0.8,2026-02-03 19:00:00+00:00,22.0,2026-01-31 23:00:00,2026-02-01T01:00:00+05:00,e46d74629bd710750db40d5e9d8f3eadbaa20ee486e416572c0d88f6ec77ad79,gfs_seamless,False
turbine_1,2026-02-04 18:00:00+00:00,24,0.9777709097326,0.9777709097326,False,False,0.9583879781420764,12.31,0.7,2026-02-03 19:00:00+00:00,23.0,2026-01-31 23:00:00,2026-02-01T01:00:00+05:00,e46d74629bd710750db40d5e9d8f3eadbaa20ee486e416572c0d88f6ec77ad79,gfs_seamless,False
turbine_1,2026-02-04 19:00:00+00:00,24,0.999702643927107,0.9983333333333334,True,False,0.9761353467561521,13.03,0.6,2026-02-03 19:00:00+00:00,24.0,2026-01-31 23:00:00,2026-02-01T01:00:00+05:00,e46d74629bd710750db40d5e9d8f3eadbaa20ee486e416572c0d88f6ec77ad79,gfs_seamless,False
turbine_1,2026-02-04 20:00:00+00:00,48,0.9023998153729491,0.9023998153729491,False,False,0.9673371212121211,12.71,0.5,2026-02-03 19:00:00+00:00,25.0,2026-01-31 23:00:00,2026-02-01T01:00:00+05:00,e46d74629bd710750db40d5e9d8f3eadbaa20ee486e416572c0d88f6ec77ad79,gfs_seamless,False
turbine_1,2026-02-04 21:00:00+00:00,48,0.9904699979049222,0.9904699979049222,False,False,0.9661001642036123,13.6,0.6,2026-02-03 19:00:00+00:00,26.0,2026-01-31 23:00:00,2026-02-01T01:00:00+05:00,e46d74629bd710750db40d5e9d8f3eadbaa20ee486e416572c0d88f6ec77ad79,gfs_seamless,False
turbine_1,2026-02-04 22:00:00+00:00,48,0.9493215343964551,0.9493215343964551,False,False,0.9672885572139301,14.32,0.4,2026-02-03 19:00:00+00:00,27.0,2026-01-31 23:00:00,2026-02-01T01:00:00+05:00,e46d74629bd710750db40d5e9d8f3eadbaa20ee486e416572c0d88f6ec77ad79,gfs_seamless,False
turbine_1,2026-02-04 23:00:00+00:00,48,0.9909925160728079,0.9909925160728079,False,False,0.9618518518518518,14.64,0.3,2026-02-03 19:00:00+00:00,28.0,2026-01-31 23:00:00,2026-02-01T01:00:00+05:00,e46d74629bd710750db40d5e9d8f3eadbaa20ee486e416572c0d88f6ec77ad79,gfs_seamless,False
turbine_1,2026-02-05 00:00:00+00:00,48,0.9883057821989832,0.9883057821989832,False,False,0.9650781249999999,15.34,0.3,2026-02-03 19:00:00+00:00,29.0,2026-01-31 23:00:00,2026-02-01T01:00:00+05:00,e46d74629bd710750db40d5e9d8f3eadbaa20ee486e416572c0d88f6ec77ad79,gfs_seamless,False
turbine_1,2026-02-05 01:00:00+00:00,48,0.9786292918469941,0.9786292918469941,False,False,0.9891975308641974,15.97,0.3,2026-02-03 19:00:00+00:00,30.0,2026-01-31 23:00:00,2026-02-01T01:00:00+05:00,e46d74629bd710750db40d5e9d8f3eadbaa20ee486e416572c0d88f6ec77ad79,gfs_seamless,False
turbine_1,2026-02-05 02:00:00+00:00,48,0.934205264566344,0.934205264566344,False,False,0.9894999999999999,16.66,0.2,2026-02-03 19:00:00+00:00,31.0,2026-01-31 23:00:00,2026-02-01T01:00:00+05:00,e46d74629bd710750db40d5e9d8f3eadbaa20ee486e416572c0d88f6ec77ad79,gfs_seamless,False
turbine_1,2026-02-05 03:00:00+00:00,48,0.9824925300705311,0.9824925300705311,False,False,0.9877272727272726,17.08,1.1,2026-02-03 19:00:00+00:00,32.0,2026-01-31 23:00:00,2026-02-01T01:00:00+05:00,e46d74629bd710750db40d5e9d8f3eadbaa20ee486e416572c0d88f6ec77ad79,gfs_seamless,False
turbine_1,2026-02-05 04:00:00+00:00,48,0.970840202597553,0.970840202597553,False,False,0.9894999999999999,16.9,2.9,2026-02-03 19:00:00+00:00,33.0,2026-01-31 23:00:00,2026-02-01T01:00:00+05:00,e46d74629bd710750db40d5e9d8f3eadbaa20ee486e416572c0d88f6ec77ad79,gfs_seamless,False
turbine_1,2026-02-05 05:00:00+00:00,48,0.987714407730099,0.987714407730099,False,False,0.9877272727272726,17.05,4.2,2026-02-03 19:00:00+00:00,34.0,2026-01-31 23:00:00,2026-02-01T01:00:00+05:00,e46d74629bd710750db40d5e9d8f3eadbaa20ee486e416572c0d88f6ec77ad79,gfs_seamless,False
turbine_1,2026-02-05 06:00:00+00:00,48,0.9894287171302115,0.9894287171302115,False,False,0.9877272727272726,17.45,5.3,2026-02-03 19:00:00+00:00,35.0,2026-01-31 23:00:00,2026-02-01T01:00:00+05:00,e46d74629bd710750db40d5e9d8f3eadbaa20ee486e416572c0d88f6ec77ad79,gfs_seamless,False
turbine_1,2026-02-05 07:00:00+00:00,48,0.9929115731544226,0.9929115731544226,False,False,0.989047619047619,17.73,6.0,2026-02-03 19:00:00+00:00,36.0,2026-01-31 23:00:00,2026-02-01T01:00:00+05:00,e46d74629bd710750db40d5e9d8f3eadbaa20ee486e416572c0d88f6ec77ad79,gfs_seamless,False
turbine_1,2026-02-05 08:00:00+00:00,48,0.9948407598428705,0.9948407598428705,False,False,0.9894999999999999,16.99,6.4,2026-02-03 19:00:00+00:00,37.0,2026-01-31 23:00:00,2026-02-01T01:00:00+05:00,e46d74629bd710750db40d5e9d8f3eadbaa20ee486e416572c0d88f6ec77ad79,gfs_seamless,False
turbine_1,2026-02-05 09:00:00+00:00,48,0.98944141838023,0.98944141838023,False,False,0.9515384615384614,16.28,6.6,2026-02-03 19:00:00+00:00,38.0,2026-01-31 23:00:00,2026-02-01T01:00:00+05:00,e46d74629bd710750db40d5e9d8f3eadbaa20ee486e416572c0d88f6ec77ad79,gfs_seamless,False
turbine_1,2026-02-05 10:00:00+00:00,48,0.9948407598428705,0.9948407598428705,False,False,0.9515384615384614,16.02,6.3,2026-02-03 19:00:00+00:00,39.0,2026-01-31 23:00:00,2026-02-01T01:00:00+05:00,e46d74629bd710750db40d5e9d8f3eadbaa20ee486e416572c0d88f6ec77ad79,gfs_seamless,False
turbine_1,2026-02-05 11:00:00+00:00,48,0.992287508381341,0.992287508381341,False,False,0.9618518518518518,14.87,5.2,2026-02-03 19:00:00+00:00,40.0,2026-01-31 23:00:00,2026-02-01T01:00:00+05:00,e46d74629bd710750db40d5e9d8f3eadbaa20ee486e416572c0d88f6ec77ad79,gfs_seamless,False
turbine_1,2026-02-05 12:00:00+00:00,48,0.9749266755290558,0.9749266755290558,False,False,0.9661001642036123,13.52,3.4,2026-02-03 19:00:00+00:00,41.0,2026-01-31 23:00:00,2026-02-01T01:00:00+05:00,e46d74629bd710750db40d5e9d8f3eadbaa20ee486e416572c0d88f6ec77ad79,gfs_seamless,False
turbine_1,2026-02-05 13:00:00+00:00,48,0.8978230946612893,0.8978230946612893,False,False,0.9673371212121211,12.7,2.8,2026-02-03 19:00:00+00:00,42.0,2026-01-31 23:00:00,2026-02-01T01:00:00+05:00,e46d74629bd710750db40d5e9d8f3eadbaa20ee486e416572c0d88f6ec77ad79,gfs_seamless,False
turbine_1,2026-02-05 14:00:00+00:00,48,0.9663273105150758,0.9663273105150758,False,False,0.9673371212121211,12.74,2.8,2026-02-03 19:00:00+00:00,43.0,2026-01-31 23:00:00,2026-02-01T01:00:00+05:00,e46d74629bd710750db40d5e9d8f3eadbaa20ee486e416572c0d88f6ec77ad79,gfs_seamless,False
turbine_1,2026-02-05 15:00:00+00:00,48,0.9903203065099413,0.9903203065099413,False,False,0.9583879781420764,12.41,2.4,2026-02-03 19:00:00+00:00,44.0,2026-01-31 23:00:00,2026-02-01T01:00:00+05:00,e46d74629bd710750db40d5e9d8f3eadbaa20ee486e416572c0d88f6ec77ad79,gfs_seamless,False
turbine_1,2026-02-05 16:00:00+00:00,48,0.9724384844552553,0.9724384844552553,False,False,0.9583879781420764,12.11,2.3,2026-02-03 19:00:00+00:00,45.0,2026-01-31 23:00:00,2026-02-01T01:00:00+05:00,e46d74629bd710750db40d5e9d8f3eadbaa20ee486e416572c0d88f6ec77ad79,gfs_seamless,False
turbine_1,2026-02-05 17:00:00+00:00,48,0.9752996862033465,0.9752996862033465,False,False,0.9381677419354839,11.36,2.0,2026-02-03 19:00:00+00:00,46.0,2026-01-31 23:00:00,2026-02-01T01:00:00+05:00,e46d74629bd710750db40d5e9d8f3eadbaa20ee486e416572c0d88f6ec77ad79,gfs_seamless,False
turbine_1,2026-02-05 18:00:00+00:00,48,0.9713777459786931,0.9713777459786931,False,False,0.9381677419354839,11.14,1.9,2026-02-03 19:00:00+00:00,47.0,2026-01-31 23:00:00,2026-02-01T01:00:00+05:00,e46d74629bd710750db40d5e9d8f3eadbaa20ee486e416572c0d88f6ec77ad79,gfs_seamless,False
turbine_1,2026-02-05 19:00:00+00:00,48,0.9412494377699849,0.9412494377699849,False,False,0.8937111928104575,10.87,1.7,2026-02-03 19:00:00+00:00,48.0,2026-01-31 23:00:00,2026-02-01T01:00:00+05:00,e46d74629bd710750db40d5e9d8f3eadbaa20ee486e416572c0d88f6ec77ad79,gfs_seamless,False
turbine_2,2026-02-03 20:00:00+00:00,24,0.1625061508967323,0.1625061508967323,False,False,0.18799815254684613,5.7,4.0,2026-02-03 19:00:00+00:00,1.0,2026-01-31 23:00:00,2026-02-01T01:00:00+05:00,d05b3cae0b8e890efb085c68704c9fb8d2cbf736bedd6d6ce81594bf3efad63a,gfs_seamless,False
turbine_2,2026-02-03 21:00:00+00:00,24,0.10203406258402455,0.10203406258402455,False,False,0.14257562144354596,5.07,4.1,2026-02-03 19:00:00+00:00,2.0,2026-01-31 23:00:00,2026-02-01T01:00:00+05:00,d05b3cae0b8e890efb085c68704c9fb8d2cbf736bedd6d6ce81594bf3efad63a,gfs_seamless,False
turbine_2,2026-02-03 22:00:00+00:00,24,0.1452353178537035,0.1452353178537035,False,False,0.18799815254684613,5.63,3.9,2026-02-03 19:00:00+00:00,3.0,2026-01-31 23:00:00,2026-02-01T01:00:00+05:00,d05b3cae0b8e890efb085c68704c9fb8d2cbf736bedd6d6ce81594bf3efad63a,gfs_seamless,False
turbine_2,2026-02-03 23:00:00+00:00,24,0.1826823471549077,0.1826823471549077,False,False,0.18799815254684613,5.92,3.7,2026-02-03 19:00:00+00:00,4.0,2026-01-31 23:00:00,2026-02-01T01:00:00+05:00,d05b3cae0b8e890efb085c68704c9fb8d2cbf736bedd6d6ce81594bf3efad63a,gfs_seamless,False
turbine_2,2026-02-04 00:00:00+00:00,24,0.6066238983246882,0.6066238983246882,False,False,0.6162610815602837,8.64,2.8,2026-02-03 19:00:00+00:00,5.0,2026-01-31 23:00:00,2026-02-01T01:00:00+05:00,d05b3cae0b8e890efb085c68704c9fb8d2cbf736bedd6d6ce81594bf3efad63a,gfs_seamless,False
turbine_2,2026-02-04 01:00:00+00:00,24,0.34363008168888953,0.34363008168888953,False,False,0.3134483750359506,6.95,2.7,2026-02-03 19:00:00+00:00,6.0,2026-01-31 23:00:00,2026-02-01T01:00:00+05:00,d05b3cae0b8e890efb085c68704c9fb8d2cbf736bedd6d6ce81594bf3efad63a,gfs_seamless,False
turbine_2,2026-02-04 02:00:00+00:00,24,0.1030302269827733,0.1030302269827733,False,False,0.14257562144354596,5.24,2.8,2026-02-03 19:00:00+00:00,7.0,2026-01-31 23:00:00,2026-02-01T01:00:00+05:00,d05b3cae0b8e890efb085c68704c9fb8d2cbf736bedd6d6ce81594bf3efad63a,gfs_seamless,False
turbine_2,2026-02-04 03:00:00+00:00,24,0.03725842685266531,0.03725842685266531,False,False,0.07894438894438895,4.08,3.2,2026-02-03 19:00:00+00:00,8.0,2026-01-31 23:00:00,2026-02-01T01:00:00+05:00,d05b3cae0b8e890efb085c68704c9fb8d2cbf736bedd6d6ce81594bf3efad63a,gfs_seamless,False
turbine_2,2026-02-04 04:00:00+00:00,24,0.025290692231353072,0.025290692231353072,False,False,0.0552395725611858,3.73,3.6,2026-02-03 19:00:00+00:00,9.0,2026-01-31 23:00:00,2026-02-01T01:00:00+05:00,d05b3cae0b8e890efb085c68704c9fb8d2cbf736bedd6d6ce81594bf3efad63a,gfs_seamless,False
turbine_2,2026-02-04 05:00:00+00:00,24,0.009907493991844533,0.009907493991844533,False,False,0.014608096468561586,2.11,3.5,2026-02-03 19:00:00+00:00,10.0,2026-01-31 23:00:00,2026-02-01T01:00:00+05:00,d05b3cae0b8e890efb085c68704c9fb8d2cbf736bedd6d6ce81594bf3efad63a,gfs_seamless,False
turbine_2,2026-02-04 06:00:00+00:00,24,0.017742965165722976,0.017742965165722976,False,False,0.037099712368168745,3.05,3.5,2026-02-03 19:00:00+00:00,11.0,2026-01-31 23:00:00,2026-02-01T01:00:00+05:00,d05b3cae0b8e890efb085c68704c9fb8d2cbf736bedd6d6ce81594bf3efad63a,gfs_seamless,False
turbine_2,2026-02-04 07:00:00+00:00,24,0.013278009324695656,0.013278009324695656,False,False,0.023970410628019325,2.56,3.7,2026-02-03 19:00:00+00:00,12.0,2026-01-31 23:00:00,2026-02-01T01:00:00+05:00,d05b3cae0b8e890efb085c68704c9fb8d2cbf736bedd6d6ce81594bf3efad63a,gfs_seamless,False
turbine_2,2026-02-04 08:00:00+00:00,24,0.01003996826172357,0.01003996826172357,False,False,0.014608096468561586,2.19,4.1,2026-02-03 19:00:00+00:00,13.0,2026-01-31 23:00:00,2026-02-01T01:00:00+05:00,d05b3cae0b8e890efb085c68704c9fb8d2cbf736bedd6d6ce81594bf3efad63a,gfs_seamless,False
turbine_2,2026-02-04 09:00:00+00:00,24,0.010031946142438318,0.010031946142438318,False,False,0.010127472003812246,1.92,4.9,2026-02-03 19:00:00+00:00,14.0,2026-01-31 23:00:00,2026-02-01T01:00:00+05:00,d05b3cae0b8e890efb085c68704c9fb8d2cbf736bedd6d6ce81594bf3efad63a,gfs_seamless,False
turbine_2,2026-02-04 10:00:00+00:00,24,0.009864754489980195,0.009864754489980195,False,False,0.010127472003812246,1.8,5.4,2026-02-03 19:00:00+00:00,15.0,2026-01-31 23:00:00,2026-02-01T01:00:00+05:00,d05b3cae0b8e890efb085c68704c9fb8d2cbf736bedd6d6ce81594bf3efad63a,gfs_seamless,False
turbine_2,2026-02-04 11:00:00+00:00,24,0.009708834925339764,0.009708834925339764,False,False,0.009932126696832579,0.63,5.5,2026-02-03 19:00:00+00:00,16.0,2026-01-31 23:00:00,2026-02-01T01:00:00+05:00,d05b3cae0b8e890efb085c68704c9fb8d2cbf736bedd6d6ce81594bf3efad63a,gfs_seamless,False
turbine_2,2026-02-04 12:00:00+00:00,24,0.12450281718472891,0.12450281718472891,False,False,0.14257562144354596,5.46,4.4,2026-02-03 19:00:00+00:00,17.0,2026-01-31 23:00:00,2026-02-01T01:00:00+05:00,d05b3cae0b8e890efb085c68704c9fb8d2cbf736bedd6d6ce81594bf3efad63a,gfs_seamless,False
turbine_2,2026-02-04 13:00:00+00:00,24,0.6811299914858822,0.6811299914858822,False,False,0.6742543244506779,9.1,2.2,2026-02-03 19:00:00+00:00,18.0,2026-01-31 23:00:00,2026-02-01T01:00:00+05:00,d05b3cae0b8e890efb085c68704c9fb8d2cbf736bedd6d6ce81594bf3efad63a,gfs_seamless,False
turbine_2,2026-02-04 14:00:00+00:00,24,0.8680570473140904,0.8680570473140904,False,False,0.8240326184092941,10.37,1.8,2026-02-03 19:00:00+00:00,19.0,2026-01-31 23:00:00,2026-02-01T01:00:00+05:00,d05b3cae0b8e890efb085c68704c9fb8d2cbf736bedd6d6ce81594bf3efad63a,gfs_seamless,False
turbine_2,2026-02-04 15:00:00+00:00,24,0.9301564187949269,0.9301564187949269,False,False,0.8845606610237807,10.76,1.2,2026-02-03 19:00:00+00:00,20.0,2026-01-31 23:00:00,2026-02-01T01:00:00+05:00,d05b3cae0b8e890efb085c68704c9fb8d2cbf736bedd6d6ce81594bf3efad63a,gfs_seamless,False
turbine_2,2026-02-04 16:00:00+00:00,24,0.9552811720960427,0.9552811720960427,False,False,0.9257415902140673,11.19,0.8,2026-02-03 19:00:00+00:00,21.0,2026-01-31 23:00:00,2026-02-01T01:00:00+05:00,d05b3cae0b8e890efb085c68704c9fb8d2cbf736bedd6d6ce81594bf3efad63a,gfs_seamless,False
turbine_2,2026-02-04 17:00:00+00:00,24,0.9711381869845058,0.9711381869845058,False,False,0.9518670076726343,11.82,0.8,2026-02-03 19:00:00+00:00,22.0,2026-01-31 23:00:00,2026-02-01T01:00:00+05:00,d05b3cae0b8e890efb085c68704c9fb8d2cbf736bedd6d6ce81594bf3efad63a,gfs_seamless,False
turbine_2,2026-02-04 18:00:00+00:00,24,0.976983234585777,0.976983234585777,False,False,0.9574121315192744,12.31,0.7,2026-02-03 19:00:00+00:00,23.0,2026-01-31 23:00:00,2026-02-01T01:00:00+05:00,d05b3cae0b8e890efb085c68704c9fb8d2cbf736bedd6d6ce81594bf3efad63a,gfs_seamless,False
turbine_2,2026-02-04 19:00:00+00:00,24,0.9841792494185493,0.9841792494185493,False,False,0.9700600600600602,13.03,0.6,2026-02-03 19:00:00+00:00,24.0,2026-01-31 23:00:00,2026-02-01T01:00:00+05:00,d05b3cae0b8e890efb085c68704c9fb8d2cbf736bedd6d6ce81594bf3efad63a,gfs_seamless,False
turbine_2,2026-02-04 20:00:00+00:00,48,0.9801365992158719,0.9801365992158719,False,False,0.9633299798792756,12.71,0.5,2026-02-03 19:00:00+00:00,25.0,2026-01-31 23:00:00,2026-02-01T01:00:00+05:00,d05b3cae0b8e890efb085c68704c9fb8d2cbf736bedd6d6ce81594bf3efad63a,gfs_seamless,False
turbine_2,2026-02-04 21:00:00+00:00,48,0.9912399871293519,0.9912399871293519,False,False,0.9598799435028249,13.6,0.6,2026-02-03 19:00:00+00:00,26.0,2026-01-31 23:00:00,2026-02-01T01:00:00+05:00,d05b3cae0b8e890efb085c68704c9fb8d2cbf736bedd6d6ce81594bf3efad63a,gfs_seamless,False
turbine_2,2026-02-04 22:00:00+00:00,48,0.9575002796943611,0.9575002796943611,False,False,0.9603782505910166,14.32,0.4,2026-02-03 19:00:00+00:00,27.0,2026-01-31 23:00:00,2026-02-01T01:00:00+05:00,d05b3cae0b8e890efb085c68704c9fb8d2cbf736bedd6d6ce81594bf3efad63a,gfs_seamless,False
turbine_2,2026-02-04 23:00:00+00:00,48,0.956413950356066,0.956413950356066,False,False,0.962514880952381,14.64,0.3,2026-02-03 19:00:00+00:00,28.0,2026-01-31 23:00:00,2026-02-01T01:00:00+05:00,d05b3cae0b8e890efb085c68704c9fb8d2cbf736bedd6d6ce81594bf3efad63a,gfs_seamless,False
turbine_2,2026-02-05 00:00:00+00:00,48,0.936595794664541,0.936595794664541,False,False,0.9496153846153847,15.34,0.3,2026-02-03 19:00:00+00:00,29.0,2026-01-31 23:00:00,2026-02-01T01:00:00+05:00,d05b3cae0b8e890efb085c68704c9fb8d2cbf736bedd6d6ce81594bf3efad63a,gfs_seamless,False
turbine_2,2026-02-05 01:00:00+00:00,48,0.9036688402577222,0.9036688402577222,False,False,0.9347222222222222,15.97,0.3,2026-02-03 19:00:00+00:00,30.0,2026-01-31 23:00:00,2026-02-01T01:00:00+05:00,d05b3cae0b8e890efb085c68704c9fb8d2cbf736bedd6d6ce81594bf3efad63a,gfs_seamless,False
turbine_2,2026-02-05 02:00:00+00:00,48,0.9057223266315843,0.9057223266315843,False,False,0.972962962962963,16.66,0.2,2026-02-03 19:00:00+00:00,31.0,2026-01-31 23:00:00,2026-02-01T01:00:00+05:00,d05b3cae0b8e890efb085c68704c9fb8d2cbf736bedd6d6ce81594bf3efad63a,gfs_seamless,False
turbine_2,2026-02-05 03:00:00+00:00,48,0.9032277791076297,0.9032277791076297,False,False,0.9443333333333334,17.08,1.1,2026-02-03 19:00:00+00:00,32.0,2026-01-31 23:00:00,2026-02-01T01:00:00+05:00,d05b3cae0b8e890efb085c68704c9fb8d2cbf736bedd6d6ce81594bf3efad63a,gfs_seamless,False
turbine_2,2026-02-05 04:00:00+00:00,48,0.947550729406813,0.947550729406813,False,False,0.972962962962963,16.9,2.9,2026-02-03 19:00:00+00:00,33.0,2026-01-31 23:00:00,2026-02-01T01:00:00+05:00,d05b3cae0b8e890efb085c68704c9fb8d2cbf736bedd6d6ce81594bf3efad63a,gfs_seamless,False
turbine_2,2026-02-05 05:00:00+00:00,48,0.9605208419936314,0.9605208419936314,False,False,0.9443333333333334,17.05,4.2,2026-02-03 19:00:00+00:00,34.0,2026-01-31 23:00:00,2026-02-01T01:00:00+05:00,d05b3cae0b8e890efb085c68704c9fb8d2cbf736bedd6d6ce81594bf3efad63a,gfs_seamless,False
turbine_2,2026-02-05 06:00:00+00:00,48,0.9445603617283567,0.9445603617283567,False,False,0.9443333333333334,17.45,5.3,2026-02-03 19:00:00+00:00,35.0,2026-01-31 23:00:00,2026-02-01T01:00:00+05:00,d05b3cae0b8e890efb085c68704c9fb8d2cbf736bedd6d6ce81594bf3efad63a,gfs_seamless,False
turbine_2,2026-02-05 07:00:00+00:00,48,0.9719153530169461,0.9719153530169461,False,False,0.909047619047619,17.73,6.0,2026-02-03 19:00:00+00:00,36.0,2026-01-31 23:00:00,2026-02-01T01:00:00+05:00,d05b3cae0b8e890efb085c68704c9fb8d2cbf736bedd6d6ce81594bf3efad63a,gfs_seamless,False
turbine_2,2026-02-05 08:00:00+00:00,48,0.9546193370305313,0.9546193370305313,False,False,0.972962962962963,16.99,6.4,2026-02-03 19:00:00+00:00,37.0,2026-01-31 23:00:00,2026-02-01T01:00:00+05:00,d05b3cae0b8e890efb085c68704c9fb8d2cbf736bedd6d6ce81594bf3efad63a,gfs_seamless,False
turbine_2,2026-02-05 09:00:00+00:00,48,0.971287694809171,0.971287694809171,False,False,0.9726666666666667,16.28,6.6,2026-02-03 19:00:00+00:00,38.0,2026-01-31 23:00:00,2026-02-01T01:00:00+05:00,d05b3cae0b8e890efb085c68704c9fb8d2cbf736bedd6d6ce81594bf3efad63a,gfs_seamless,False
turbine_2,2026-02-05 10:00:00+00:00,48,0.9546193370305313,0.9546193370305313,False,False,0.9726666666666667,16.02,6.3,2026-02-03 19:00:00+00:00,39.0,2026-01-31 23:00:00,2026-02-01T01:00:00+05:00,d05b3cae0b8e890efb085c68704c9fb8d2cbf736bedd6d6ce81594bf3efad63a,gfs_seamless,False
turbine_2,2026-02-05 11:00:00+00:00,48,0.9688899024339845,0.9688899024339845,False,False,0.962514880952381,14.87,5.2,2026-02-03 19:00:00+00:00,40.0,2026-01-31 23:00:00,2026-02-01T01:00:00+05:00,d05b3cae0b8e890efb085c68704c9fb8d2cbf736bedd6d6ce81594bf3efad63a,gfs_seamless,False
turbine_2,2026-02-05 12:00:00+00:00,48,0.9792488527924816,0.9792488527924816,False,False,0.9598799435028249,13.52,3.4,2026-02-03 19:00:00+00:00,41.0,2026-01-31 23:00:00,2026-02-01T01:00:00+05:00,d05b3cae0b8e890efb085c68704c9fb8d2cbf736bedd6d6ce81594bf3efad63a,gfs_seamless,False
turbine_2,2026-02-05 13:00:00+00:00,48,0.9640804640192606,0.9640804640192606,False,False,0.9633299798792756,12.7,2.8,2026-02-03 19:00:00+00:00,42.0,2026-01-31 23:00:00,2026-02-01T01:00:00+05:00,d05b3cae0b8e890efb085c68704c9fb8d2cbf736bedd6d6ce81594bf3efad63a,gfs_seamless,False
turbine_2,2026-02-05 14:00:00+00:00,48,0.9778347394148563,0.9778347394148563,False,False,0.9633299798792756,12.74,2.8,2026-02-03 19:00:00+00:00,43.0,2026-01-31 23:00:00,2026-02-01T01:00:00+05:00,d05b3cae0b8e890efb085c68704c9fb8d2cbf736bedd6d6ce81594bf3efad63a,gfs_seamless,False
turbine_2,2026-02-05 15:00:00+00:00,48,0.9733550205675465,0.9733550205675465,False,False,0.9574121315192744,12.41,2.4,2026-02-03 19:00:00+00:00,44.0,2026-01-31 23:00:00,2026-02-01T01:00:00+05:00,d05b3cae0b8e890efb085c68704c9fb8d2cbf736bedd6d6ce81594bf3efad63a,gfs_seamless,False
turbine_2,2026-02-05 16:00:00+00:00,48,0.9276164920668479,0.9276164920668479,False,False,0.9574121315192744,12.11,2.3,2026-02-03 19:00:00+00:00,45.0,2026-01-31 23:00:00,2026-02-01T01:00:00+05:00,d05b3cae0b8e890efb085c68704c9fb8d2cbf736bedd6d6ce81594bf3efad63a,gfs_seamless,False
turbine_2,2026-02-05 17:00:00+00:00,48,0.9559245424994651,0.9559245424994651,False,False,0.9257415902140673,11.36,2.0,2026-02-03 19:00:00+00:00,46.0,2026-01-31 23:00:00,2026-02-01T01:00:00+05:00,d05b3cae0b8e890efb085c68704c9fb8d2cbf736bedd6d6ce81594bf3efad63a,gfs_seamless,False
turbine_2,2026-02-05 18:00:00+00:00,48,0.9523103941696498,0.9523103941696498,False,False,0.9257415902140673,11.14,1.9,2026-02-03 19:00:00+00:00,47.0,2026-01-31 23:00:00,2026-02-01T01:00:00+05:00,d05b3cae0b8e890efb085c68704c9fb8d2cbf736bedd6d6ce81594bf3efad63a,gfs_seamless,False
turbine_2,2026-02-05 19:00:00+00:00,48,0.932471956320003,0.932471956320003,False,False,0.8845606610237807,10.87,1.7,2026-02-03 19:00:00+00:00,48.0,2026-01-31 23:00:00,2026-02-01T01:00:00+05:00,d05b3cae0b8e890efb085c68704c9fb8d2cbf736bedd6d6ce81594bf3efad63a,gfs_seamless,False
turbine_1,2026-02-04 20:00:00+00:00,24,0.954798691631946,0.954798691631946,False,False,0.9672885572139301,14.18,0.5,2026-02-04 19:00:00+00:00,1.0,2026-01-31 23:00:00,2026-02-01T01:00:00+05:00,e46d74629bd710750db40d5e9d8f3eadbaa20ee486e416572c0d88f6ec77ad79,gfs_seamless,False
turbine_1,2026-02-04 21:00:00+00:00,24,0.9883057821989832,0.9883057821989832,False,False,0.9618518518518518,14.95,0.3,2026-02-04 19:00:00+00:00,2.0,2026-01-31 23:00:00,2026-02-01T01:00:00+05:00,e46d74629bd710750db40d5e9d8f3eadbaa20ee486e416572c0d88f6ec77ad79,gfs_seamless,False
turbine_1,2026-02-04 22:00:00+00:00,24,0.9353776208633867,0.9353776208633867,False,False,0.9650781249999999,15.35,0.2,2026-02-04 19:00:00+00:00,3.0,2026-01-31 23:00:00,2026-02-01T01:00:00+05:00,e46d74629bd710750db40d5e9d8f3eadbaa20ee486e416572c0d88f6ec77ad79,gfs_seamless,False
turbine_1,2026-02-04 23:00:00+00:00,24,0.9786292918469941,0.9786292918469941,False,False,0.9891975308641974,15.95,0.3,2026-02-04 19:00:00+00:00,4.0,2026-01-31 23:00:00,2026-02-01T01:00:00+05:00,e46d74629bd710750db40d5e9d8f3eadbaa20ee486e416572c0d88f6ec77ad79,gfs_seamless,False
turbine_1,2026-02-05 00:00:00+00:00,24,0.934205264566344,0.934205264566344,False,False,0.9515384615384614,16.05,0.2,2026-02-04 19:00:00+00:00,5.0,2026-01-31 23:00:00,2026-02-01T01:00:00+05:00,e46d74629bd710750db40d5e9d8f3eadbaa20ee486e416572c0d88f6ec77ad79,gfs_seamless,False
turbine_1,2026-02-05 01:00:00+00:00,24,0.9786292918469941,0.9786292918469941,False,False,0.9894999999999999,16.64,0.3,2026-02-04 19:00:00+00:00,6.0,2026-01-31 23:00:00,2026-02-01T01:00:00+05:00,e46d74629bd710750db40d5e9d8f3eadbaa20ee486e416572c0d88f6ec77ad79,gfs_seamless,False
turbine_1,2026-02-05 02:00:00+00:00,24,0.9786292918469941,0.9786292918469941,False,False,0.9894999999999999,16.97,0.4,2026-02-04 19:00:00+00:00,7.0,2026-01-31 23:00:00,2026-02-01T01:00:00+05:00,e46d74629bd710750db40d5e9d8f3eadbaa20ee486e416572c0d88f6ec77ad79,gfs_seamless,False
turbine_1,2026-02-05 03:00:00+00:00,24,0.9826031841027381,0.9826031841027381,False,False,0.9894999999999999,16.54,1.4,2026-02-04 19:00:00+00:00,8.0,2026-01-31 23:00:00,2026-02-01T01:00:00+05:00,e46d74629bd710750db40d5e9d8f3eadbaa20ee486e416572c0d88f6ec77ad79,gfs_seamless,False
turbine_1,2026-02-05 04:00:00+00:00,24,0.9848005612878545,0.9848005612878545,False,False,0.9891975308641974,15.92,3.3,2026-02-04 19:00:00+00:00,9.0,2026-01-31 23:00:00,2026-02-01T01:00:00+05:00,e46d74629bd710750db40d5e9d8f3eadbaa20ee486e416572c0d88f6ec77ad79,gfs_seamless,False
turbine_1,2026-02-05 05:00:00+00:00,24,0.9926994546756461,0.9926994546756461,False,False,0.9650781249999999,15.33,4.4,2026-02-04 19:00:00+00:00,10.0,2026-01-31 23:00:00,2026-02-01T01:00:00+05:00,e46d74629bd710750db40d5e9d8f3eadbaa20ee486e416572c0d88f6ec77ad79,gfs_seamless,False
turbine_1,2026-02-05 06:00:00+00:00,24,0.9879365601704724,0.9879365601704724,False,False,0.9891975308641974,15.6,4.9,2026-02-04 19:00:00+00:00,11.0,2026-01-31 23:00:00,2026-02-01T01:00:00+05:00,e46d74629bd710750db40d5e9d8f3eadbaa20ee486e416572c0d88f6ec77ad79,gfs_seamless,False
turbine_1,2026-02-05 07:00:00+00:00,24,0.992287508381341,0.992287508381341,False,False,0.9650781249999999,15.28,5.4,2026-02-04 19:00:00+00:00,12.0,2026-01-31 23:00:00,2026-02-01T01:00:00+05:00,e46d74629bd710750db40d5e9d8f3eadbaa20ee486e416572c0d88f6ec77ad79,gfs_seamless,False
turbine_1,2026-02-05 08:00:00+00:00,24,0.9954299205469866,0.9954299205469866,False,False,0.9650781249999999,15.12,5.8,2026-02-04 19:00:00+00:00,13.0,2026-01-31 23:00:00,2026-02-01T01:00:00+05:00,e46d74629bd710750db40d5e9d8f3eadbaa20ee486e416572c0d88f6ec77ad79,gfs_seamless,False
turbine_1,2026-02-05 09:00:00+00:00,24,0.9973591072354345,0.9973591072354345,False,False,0.9650781249999999,15.14,6.1,2026-02-04 19:00:00+00:00,14.0,2026-01-31 23:00:00,2026-02-01T01:00:00+05:00,e46d74629bd710750db40d5e9d8f3eadbaa20ee486e416572c0d88f6ec77ad79,gfs_seamless,False
turbine_1,2026-02-05 10:00:00+00:00,24,0.9985482057598697,0.9983333333333334,True,False,0.9618518518518518,14.5,5.9,2026-02-04 19:00:00+00:00,15.0,2026-01-31 23:00:00,2026-02-01T01:00:00+05:00,e46d74629bd710750db40d5e9d8f3eadbaa20ee486e416572c0d88f6ec77ad79,gfs_seamless,False
turbine_1,2026-02-05 11:00:00+00:00,24,0.9939998645116509,0.9939998645116509,False,False,0.9761353467561521,13.48,4.7,2026-02-04 19:00:00+00:00,16.0,2026-01-31 23:00:00,2026-02-01T01:00:00+05:00,e46d74629bd710750db40d5e9d8f3eadbaa20ee486e416572c0d88f6ec77ad79,gfs_seamless,False
turbine_1,2026-02-05 12:00:00+00:00,24,0.9647904820175568,0.9647904820175568,False,False,0.9583879781420764,12.02,3.0,2026-02-04 19:00:00+00:00,17.0,2026-01-31 23:00:00,2026-02-01T01:00:00+05:00,e46d74629bd710750db40d5e9d8f3eadbaa20ee486e416572c0d88f6ec77ad79,gfs_seamless,False
turbine_1,2026-02-05 13:00:00+00:00,24,0.9832505510315921,0.9832505510315921,False,False,0.9603525641025641,11.77,2.1,2026-02-04 19:00:00+00:00,18.0,2026-01-31 23:00:00,2026-02-01T01:00:00+05:00,e46d74629bd710750db40d5e9d8f3eadbaa20ee486e416572c0d88f6ec77ad79,gfs_seamless,False
turbine_1,2026-02-05 14:00:00+00:00,24,0.9720781923958349,0.9720781923958349,False,False,0.9583879781420764,12.15,1.8,2026-02-04 19:00:00+00:00,19.0,2026-01-31 23:00:00,2026-02-01T01:00:00+05:00,e46d74629bd710750db40d5e9d8f3eadbaa20ee486e416572c0d88f6ec77ad79,gfs_seamless,False
turbine_1,2026-02-05 15:00:00+00:00,24,0.9787645108378092,0.9787645108378092,False,False,0.9603525641025641,11.5,1.7,2026-02-04 19:00:00+00:00,20.0,2026-01-31 23:00:00,2026-02-01T01:00:00+05:00,e46d74629bd710750db40d5e9d8f3eadbaa20ee486e416572c0d88f6ec77ad79,gfs_seamless,False
turbine_1,2026-02-05 16:00:00+00:00,24,0.9832505510315921,0.9832505510315921,False,False,0.9603525641025641,11.68,1.7,2026-02-04 19:00:00+00:00,21.0,2026-01-31 23:00:00,2026-02-01T01:00:00+05:00,e46d74629bd710750db40d5e9d8f3eadbaa20ee486e416572c0d88f6ec77ad79,gfs_seamless,False
turbine_1,2026-02-05 17:00:00+00:00,24,0.9713777459786931,0.9713777459786931,False,False,0.9381677419354839,11.18,1.9,2026-02-04 19:00:00+00:00,22.0,2026-01-31 23:00:00,2026-02-01T01:00:00+05:00,e46d74629bd710750db40d5e9d8f3eadbaa20ee486e416572c0d88f6ec77ad79,gfs_seamless,False
turbine_1,2026-02-05 18:00:00+00:00,24,0.9286580701232514,0.9286580701232514,False,False,0.8937111928104575,10.68,1.8,2026-02-04 19:00:00+00:00,23.0,2026-01-31 23:00:00,2026-02-01T01:00:00+05:00,e46d74629bd710750db40d5e9d8f3eadbaa20ee486e416572c0d88f6ec77ad79,gfs_seamless,False
turbine_1,2026-02-05 19:00:00+00:00,24,0.9212402060206044,0.9212402060206044,False,False,0.8937111928104575,10.57,1.7,2026-02-04 19:00:00+00:00,24.0,2026-01-31 23:00:00,2026-02-01T01:00:00+05:00,e46d74629bd710750db40d5e9d8f3eadbaa20ee486e416572c0d88f6ec77ad79,gfs_seamless,False
turbine_1,2026-02-05 20:00:00+00:00,48,0.8584375652316746,0.8584375652316746,False,False,0.8301109660574413,10.07,1.6,2026-02-04 19:00:00+00:00,25.0,2026-01-31 23:00:00,2026-02-01T01:00:00+05:00,e46d74629bd710750db40d5e9d8f3eadbaa20ee486e416572c0d88f6ec77ad79,gfs_seamless,False
turbine_1,2026-02-05 21:00:00+00:00,48,0.7497528618763823,0.7497528618763823,False,False,0.6955416051206302,9.26,1.7,2026-02-04 19:00:00+00:00,26.0,2026-01-31 23:00:00,2026-02-01T01:00:00+05:00,e46d74629bd710750db40d5e9d8f3eadbaa20ee486e416572c0d88f6ec77ad79,gfs_seamless,False
turbine_1,2026-02-05 22:00:00+00:00,48,0.6109956766895515,0.6109956766895515,False,False,0.5480688448074679,8.45,1.4,2026-02-04 19:00:00+00:00,27.0,2026-01-31 23:00:00,2026-02-01T01:00:00+05:00,e46d74629bd710750db40d5e9d8f3eadbaa20ee486e416572c0d88f6ec77ad79,gfs_seamless,False
turbine_1,2026-02-05 23:00:00+00:00,48,0.4025371084094911,0.4025371084094911,False,False,0.3981808278867102,7.22,1.1,2026-02-04 19:00:00+00:00,28.0,2026-01-31 23:00:00,2026-02-01T01:00:00+05:00,e46d74629bd710750db40d5e9d8f3eadbaa20ee486e416572c0d88f6ec77ad79,gfs_seamless,False
turbine_1,2026-02-06 00:00:00+00:00,48,0.16433993182865678,0.16433993182865678,False,False,0.19472402597402597,5.74,1.7,2026-02-04 19:00:00+00:00,29.0,2026-01-31 23:00:00,2026-02-01T01:00:00+05:00,e46d74629bd710750db40d5e9d8f3eadbaa20ee486e416572c0d88f6ec77ad79,gfs_seamless,False
turbine_1,2026-02-06 01:00:00+00:00,48,0.03390798352243231,0.03390798352243231,False,False,0.0581515812431843,3.91,1.9,2026-02-04 19:00:00+00:00,30.0,2026-01-31 23:00:00,2026-02-01T01:00:00+05:00,e46d74629bd710750db40d5e9d8f3eadbaa20ee486e416572c0d88f6ec77ad79,gfs_seamless,False
turbine_1,2026-02-06 02:00:00+00:00,48,0.01213662454723661,0.01213662454723661,False,False,0.01599670263788969,2.31,2.0,2026-02-04 19:00:00+00:00,31.0,2026-01-31 23:00:00,2026-02-01T01:00:00+05:00,e46d74629bd710750db40d5e9d8f3eadbaa20ee486e416572c0d88f6ec77ad79,gfs_seamless,False
turbine_1,2026-02-06 03:00:00+00:00,48,0.010214915990273582,0.010214915990273582,False,False,0.009989159891598917,0.92,3.3,2026-02-04 19:00:00+00:00,32.0,2026-01-31 23:00:00,2026-02-01T01:00:00+05:00,e46d74629bd710750db40d5e9d8f3eadbaa20ee486e416572c0d88f6ec77ad79,gfs_seamless,False
turbine_1,2026-02-06 04:00:00+00:00,48,0.01014944570862185,0.01014944570862185,False,False,0.009989159891598917,0.82,4.6,2026-02-04 19:00:00+00:00,33.0,2026-01-31 23:00:00,2026-02-01T01:00:00+05:00,e46d74629bd710750db40d5e9d8f3eadbaa20ee486e416572c0d88f6ec77ad79,gfs_seamless,False
turbine_1,2026-02-06 05:00:00+00:00,48,0.010033899516681813,0.010033899516681813,False,False,0.01,0.22,5.9,2026-02-04 19:00:00+00:00,34.0,2026-01-31 23:00:00,2026-02-01T01:00:00+05:00,e46d74629bd710750db40d5e9d8f3eadbaa20ee486e416572c0d88f6ec77ad79,gfs_seamless,False
turbine_1,2026-02-06 06:00:00+00:00,48,0.01730413448701918,0.01730413448701918,False,False,0.025215897939156035,2.72,6.1,2026-02-04 19:00:00+00:00,35.0,2026-01-31 23:00:00,2026-02-01T01:00:00+05:00,e46d74629bd710750db40d5e9d8f3eadbaa20ee486e416572c0d88f6ec77ad79,gfs_seamless,False
turbine_1,2026-02-06 07:00:00+00:00,48,0.08396566787731172,0.08396566787731172,False,False,0.11167154471544716,4.6,5.7,2026-02-04 19:00:00+00:00,36.0,2026-01-31 23:00:00,2026-02-01T01:00:00+05:00,e46d74629bd710750db40d5e9d8f3eadbaa20ee486e416572c0d88f6ec77ad79,gfs_seamless,False
turbine_1,2026-02-06 08:00:00+00:00,48,0.512489972376729,0.512489972376729,False,False,0.47519897772909825,7.96,6.2,2026-02-04 19:00:00+00:00,37.0,2026-01-31 23:00:00,2026-02-01T01:00:00+05:00,e46d74629bd710750db40d5e9d8f3eadbaa20ee486e416572c0d88f6ec77ad79,gfs_seamless,False
turbine_1,2026-02-06 09:00:00+00:00,48,0.9726150610096337,0.9726150610096337,False,False,0.9661001642036123,13.66,5.6,2026-02-04 19:00:00+00:00,38.0,2026-01-31 23:00:00,2026-02-01T01:00:00+05:00,e46d74629bd710750db40d5e9d8f3eadbaa20ee486e416572c0d88f6ec77ad79,gfs_seamless,False
turbine_1,2026-02-06 10:00:00+00:00,48,0.9879365601704724,0.9879365601704724,False,False,0.9891975308641974,15.59,4.7,2026-02-04 19:00:00+00:00,39.0,2026-01-31 23:00:00,2026-02-01T01:00:00+05:00,e46d74629bd710750db40d5e9d8f3eadbaa20ee486e416572c0d88f6ec77ad79,gfs_seamless,False
turbine_1,2026-02-06 11:00:00+00:00,48,0.9910865056166702,0.9910865056166702,False,False,0.9618518518518518,14.84,3.7,2026-02-04 19:00:00+00:00,40.0,2026-01-31 23:00:00,2026-02-01T01:00:00+05:00,e46d74629bd710750db40d5e9d8f3eadbaa20ee486e416572c0d88f6ec77ad79,gfs_seamless,False
turbine_1,2026-02-06 12:00:00+00:00,48,0.9727557148008033,0.9727557148008033,False,False,0.9515384615384614,16.25,2.8,2026-02-04 19:00:00+00:00,41.0,2026-01-31 23:00:00,2026-02-01T01:00:00+05:00,e46d74629bd710750db40d5e9d8f3eadbaa20ee486e416572c0d88f6ec77ad79,gfs_seamless,False
turbine_1,2026-02-06 13:00:00+00:00,48,0.9727557148008033,0.9727557148008033,False,False,0.9891975308641974,15.62,2.7,2026-02-04 19:00:00+00:00,42.0,2026-01-31 23:00:00,2026-02-01T01:00:00+05:00,e46d74629bd710750db40d5e9d8f3eadbaa20ee486e416572c0d88f6ec77ad79,gfs_seamless,False
turbine_1,2026-02-06 14:00:00+00:00,48,0.9807443535538292,0.9807443535538292,False,False,0.9618518518518518,14.55,2.9,2026-02-04 19:00:00+00:00,43.0,2026-01-31 23:00:00,2026-02-01T01:00:00+05:00,e46d74629bd710750db40d5e9d8f3eadbaa20ee486e416572c0d88f6ec77ad79,gfs_seamless,False
turbine_1,2026-02-06 15:00:00+00:00,48,0.9785179032233358,0.9785179032233358,False,False,0.9661001642036123,13.53,2.9,2026-02-04 19:00:00+00:00,44.0,2026-01-31 23:00:00,2026-02-01T01:00:00+05:00,e46d74629bd710750db40d5e9d8f3eadbaa20ee486e416572c0d88f6ec77ad79,gfs_seamless,False
turbine_1,2026-02-06 16:00:00+00:00,48,0.9921858058998875,0.9921858058998875,False,False,0.9761353467561521,13.28,2.3,2026-02-04 19:00:00+00:00,45.0,2026-01-31 23:00:00,2026-02-01T01:00:00+05:00,e46d74629bd710750db40d5e9d8f3eadbaa20ee486e416572c0d88f6ec77ad79,gfs_seamless,False
turbine_1,2026-02-06 17:00:00+00:00,48,0.9928589189424774,0.9928589189424774,False,False,0.9761353467561521,13.14,1.7,2026-02-04 19:00:00+00:00,46.0,2026-01-31 23:00:00,2026-02-01T01:00:00+05:00,e46d74629bd710750db40d5e9d8f3eadbaa20ee486e416572c0d88f6ec77ad79,gfs_seamless,False
turbine_1,2026-02-06 18:00:00+00:00,48,0.976088289675286,0.976088289675286,False,False,0.9583879781420764,12.33,1.5,2026-02-04 19:00:00+00:00,47.0,2026-01-31 23:00:00,2026-02-01T01:00:00+05:00,e46d74629bd710750db40d5e9d8f3eadbaa20ee486e416572c0d88f6ec77ad79,gfs_seamless,False
turbine_1,2026-02-06 19:00:00+00:00,48,0.9692214111694217,0.9692214111694217,False,False,0.9673371212121211,12.76,1.7,2026-02-04 19:00:00+00:00,48.0,2026-01-31 23:00:00,2026-02-01T01:00:00+05:00,e46d74629bd710750db40d5e9d8f3eadbaa20ee486e416572c0d88f6ec77ad79,gfs_seamless,False
turbine_2,2026-02-04 20:00:00+00:00,24,0.9575002796943611,0.9575002796943611,False,False,0.9603782505910166,14.18,0.5,2026-02-04 19:00:00+00:00,1.0,2026-01-31 23:00:00,2026-02-01T01:00:00+05:00,d05b3cae0b8e890efb085c68704c9fb8d2cbf736bedd6d6ce81594bf3efad63a,gfs_seamless,False
turbine_2,2026-02-04 21:00:00+00:00,24,0.936595794664541,0.936595794664541,False,False,0.962514880952381,14.95,0.3,2026-02-04 19:00:00+00:00,2.0,2026-01-31 23:00:00,2026-02-01T01:00:00+05:00,d05b3cae0b8e890efb085c68704c9fb8d2cbf736bedd6d6ce81594bf3efad63a,gfs_seamless,False
turbine_2,2026-02-04 22:00:00+00:00,24,0.940538646780295,0.940538646780295,False,False,0.9496153846153847,15.35,0.2,2026-02-04 19:00:00+00:00,3.0,2026-01-31 23:00:00,2026-02-01T01:00:00+05:00,d05b3cae0b8e890efb085c68704c9fb8d2cbf736bedd6d6ce81594bf3efad63a,gfs_seamless,False
turbine_2,2026-02-04 23:00:00+00:00,24,0.9036688402577222,0.9036688402577222,False,False,0.9347222222222222,15.95,0.3,2026-02-04 19:00:00+00:00,4.0,2026-01-31 23:00:00,2026-02-01T01:00:00+05:00,d05b3cae0b8e890efb085c68704c9fb8d2cbf736bedd6d6ce81594bf3efad63a,gfs_seamless,False
turbine_2,2026-02-05 00:00:00+00:00,24,0.9057223266315843,0.9057223266315843,False,False,0.9726666666666667,16.05,0.2,2026-02-04 19:00:00+00:00,5.0,2026-01-31 23:00:00,2026-02-01T01:00:00+05:00,d05b3cae0b8e890efb085c68704c9fb8d2cbf736bedd6d6ce81594bf3efad63a,gfs_seamless,False
turbine_2,2026-02-05 01:00:00+00:00,24,0.9036688402577222,0.9036688402577222,False,False,0.972962962962963,16.64,0.3,2026-02-04 19:00:00+00:00,6.0,2026-01-31 23:00:00,2026-02-01T01:00:00+05:00,d05b3cae0b8e890efb085c68704c9fb8d2cbf736bedd6d6ce81594bf3efad63a,gfs_seamless,False
turbine_2,2026-02-05 02:00:00+00:00,24,0.9032277791076297,0.9032277791076297,False,False,0.972962962962963,16.97,0.4,2026-02-04 19:00:00+00:00,7.0,2026-01-31 23:00:00,2026-02-01T01:00:00+05:00,d05b3cae0b8e890efb085c68704c9fb8d2cbf736bedd6d6ce81594bf3efad63a,gfs_seamless,False
turbine_2,2026-02-05 03:00:00+00:00,24,0.9032277791076297,0.9032277791076297,False,False,0.972962962962963,16.54,1.4,2026-02-04 19:00:00+00:00,8.0,2026-01-31 23:00:00,2026-02-01T01:00:00+05:00,d05b3cae0b8e890efb085c68704c9fb8d2cbf736bedd6d6ce81594bf3efad63a,gfs_seamless,False
turbine_2,2026-02-05 04:00:00+00:00,24,0.9605208419936314,0.9605208419936314,False,False,0.9347222222222222,15.92,3.3,2026-02-04 19:00:00+00:00,9.0,2026-01-31 23:00:00,2026-02-01T01:00:00+05:00,d05b3cae0b8e890efb085c68704c9fb8d2cbf736bedd6d6ce81594bf3efad63a,gfs_seamless,False
turbine_2,2026-02-05 05:00:00+00:00,24,0.954015835235084,0.954015835235084,False,False,0.9496153846153847,15.33,4.4,2026-02-04 19:00:00+00:00,10.0,2026-01-31 23:00:00,2026-02-01T01:00:00+05:00,d05b3cae0b8e890efb085c68704c9fb8d2cbf736bedd6d6ce81594bf3efad63a,gfs_seamless,False
turbine_2,2026-02-05 06:00:00+00:00,24,0.9615288698357128,0.9615288698357128,False,False,0.9347222222222222,15.6,4.9,2026-02-04 19:00:00+00:00,11.0,2026-01-31 23:00:00,2026-02-01T01:00:00+05:00,d05b3cae0b8e890efb085c68704c9fb8d2cbf736bedd6d6ce81594bf3efad63a,gfs_seamless,False
turbine_2,2026-02-05 07:00:00+00:00,24,0.9668849441859634,0.9668849441859634,False,False,0.9496153846153847,15.28,5.4,2026-02-04 19:00:00+00:00,12.0,2026-01-31 23:00:00,2026-02-01T01:00:00+05:00,d05b3cae0b8e890efb085c68704c9fb8d2cbf736bedd6d6ce81594bf3efad63a,gfs_seamless,False
turbine_2,2026-02-05 08:00:00+00:00,24,0.9784403461973797,0.9784403461973797,False,False,0.9496153846153847,15.12,5.8,2026-02-04 19:00:00+00:00,13.0,2026-01-31 23:00:00,2026-02-01T01:00:00+05:00,d05b3cae0b8e890efb085c68704c9fb8d2cbf736bedd6d6ce81594bf3efad63a,gfs_seamless,False
turbine_2,2026-02-05 09:00:00+00:00,24,0.9744467921348507,0.9744467921348507,False,False,0.9496153846153847,15.14,6.1,2026-02-04 19:00:00+00:00,14.0,2026-01-31 23:00:00,2026-02-01T01:00:00+05:00,d05b3cae0b8e890efb085c68704c9fb8d2cbf736bedd6d6ce81594bf3efad63a,gfs_seamless,False
turbine_2,2026-02-05 10:00:00+00:00,24,0.986505955837188,0.986505955837188,False,False,0.962514880952381,14.5,5.9,2026-02-04 19:00:00+00:00,15.0,2026-01-31 23:00:00,2026-02-01T01:00:00+05:00,d05b3cae0b8e890efb085c68704c9fb8d2cbf736bedd6d6ce81594bf3efad63a,gfs_seamless,False
turbine_2,2026-02-05 11:00:00+00:00,24,0.9810987224503255,0.9810987224503255,False,False,0.9700600600600602,13.48,4.7,2026-02-04 19:00:00+00:00,16.0,2026-01-31 23:00:00,2026-02-01T01:00:00+05:00,d05b3cae0b8e890efb085c68704c9fb8d2cbf736bedd6d6ce81594bf3efad63a,gfs_seamless,False
turbine_2,2026-02-05 12:00:00+00:00,24,0.9691017409131939,0.9691017409131939,False,False,0.9574121315192744,12.02,3.0,2026-02-04 19:00:00+00:00,17.0,2026-01-31 23:00:00,2026-02-01T01:00:00+05:00,d05b3cae0b8e890efb085c68704c9fb8d2cbf736bedd6d6ce81594bf3efad63a,gfs_seamless,False
turbine_2,2026-02-05 13:00:00+00:00,24,0.9624608072348748,0.9624608072348748,False,False,0.9518670076726343,11.77,2.1,2026-02-04 19:00:00+00:00,18.0,2026-01-31 23:00:00,2026-02-01T01:00:00+05:00,d05b3cae0b8e890efb085c68704c9fb8d2cbf736bedd6d6ce81594bf3efad63a,gfs_seamless,False
turbine_2,2026-02-05 14:00:00+00:00,24,0.9326078309284482,0.9326078309284482,False,False,0.9574121315192744,12.15,1.8,2026-02-04 19:00:00+00:00,19.0,2026-01-31 23:00:00,2026-02-01T01:00:00+05:00,d05b3cae0b8e890efb085c68704c9fb8d2cbf736bedd6d6ce81594bf3efad63a,gfs_seamless,False
turbine_2,2026-02-05 15:00:00+00:00,24,0.9648113435603587,0.9648113435603587,False,False,0.9518670076726343,11.5,1.7,2026-02-04 19:00:00+00:00,20.0,2026-01-31 23:00:00,2026-02-01T01:00:00+05:00,d05b3cae0b8e890efb085c68704c9fb8d2cbf736bedd6d6ce81594bf3efad63a,gfs_seamless,False
turbine_2,2026-02-05 16:00:00+00:00,24,0.9716055179710156,0.9716055179710156,False,False,0.9518670076726343,11.68,1.7,2026-02-04 19:00:00+00:00,21.0,2026-01-31 23:00:00,2026-02-01T01:00:00+05:00,d05b3cae0b8e890efb085c68704c9fb8d2cbf736bedd6d6ce81594bf3efad63a,gfs_seamless,False
turbine_2,2026-02-05 17:00:00+00:00,24,0.9523103941696498,0.9523103941696498,False,False,0.9257415902140673,11.18,1.9,2026-02-04 19:00:00+00:00,22.0,2026-01-31 23:00:00,2026-02-01T01:00:00+05:00,d05b3cae0b8e890efb085c68704c9fb8d2cbf736bedd6d6ce81594bf3efad63a,gfs_seamless,False
turbine_2,2026-02-05 18:00:00+00:00,24,0.9034360968780906,0.9034360968780906,False,False,0.8845606610237807,10.68,1.8,2026-02-04 19:00:00+00:00,23.0,2026-01-31 23:00:00,2026-02-01T01:00:00+05:00,d05b3cae0b8e890efb085c68704c9fb8d2cbf736bedd6d6ce81594bf3efad63a,gfs_seamless,False
turbine_2,2026-02-05 19:00:00+00:00,24,0.9001268138880767,0.9001268138880767,False,False,0.8845606610237807,10.57,1.7,2026-02-04 19:00:00+00:00,24.0,2026-01-31 23:00:00,2026-02-01T01:00:00+05:00,d05b3cae0b8e890efb085c68704c9fb8d2cbf736bedd6d6ce81594bf3efad63a,gfs_seamless,False
turbine_2,2026-02-05 20:00:00+00:00,48,0.8326995881960513,0.8326995881960513,False,False,0.8240326184092941,10.07,1.6,2026-02-04 19:00:00+00:00,25.0,2026-01-31 23:00:00,2026-02-01T01:00:00+05:00,d05b3cae0b8e890efb085c68704c9fb8d2cbf736bedd6d6ce81594bf3efad63a,gfs_seamless,False
turbine_2,2026-02-05 21:00:00+00:00,48,0.6760676904232947,0.6760676904232947,False,False,0.6742543244506779,9.26,1.7,2026-02-04 19:00:00+00:00,26.0,2026-01-31 23:00:00,2026-02-01T01:00:00+05:00,d05b3cae0b8e890efb085c68704c9fb8d2cbf736bedd6d6ce81594bf3efad63a,gfs_seamless,False
turbine_2,2026-02-05 22:00:00+00:00,48,0.5784495193413218,0.5784495193413218,False,False,0.5334922575387123,8.45,1.4,2026-02-04 19:00:00+00:00,27.0,2026-01-31 23:00:00,2026-02-01T01:00:00+05:00,d05b3cae0b8e890efb085c68704c9fb8d2cbf736bedd6d6ce81594bf3efad63a,gfs_seamless,False
turbine_2,2026-02-05 23:00:00+00:00,48,0.3726442852676263,0.3726442852676263,False,False,0.3872421383647799,7.22,1.1,2026-02-04 19:00:00+00:00,28.0,2026-01-31 23:00:00,2026-02-01T01:00:00+05:00,d05b3cae0b8e890efb085c68704c9fb8d2cbf736bedd6d6ce81594bf3efad63a,gfs_seamless,False
turbine_2,2026-02-06 00:00:00+00:00,48,0.1562836295262088,0.1562836295262088,False,False,0.18799815254684613,5.74,1.7,2026-02-04 19:00:00+00:00,29.0,2026-01-31 23:00:00,2026-02-01T01:00:00+05:00,d05b3cae0b8e890efb085c68704c9fb8d2cbf736bedd6d6ce81594bf3efad63a,gfs_seamless,False
turbine_2,2026-02-06 01:00:00+00:00,48,0.029908700663939282,0.029908700663939282,False,False,0.0552395725611858,3.91,1.9,2026-02-04 19:00:00+00:00,30.0,2026-01-31 23:00:00,2026-02-01T01:00:00+05:00,d05b3cae0b8e890efb085c68704c9fb8d2cbf736bedd6d6ce81594bf3efad63a,gfs_seamless,False
turbine_2,2026-02-06 02:00:00+00:00,48,0.010013349158093595,0.010013349158093595,False,False,0.014608096468561586,2.31,2.0,2026-02-04 19:00:00+00:00,31.0,2026-01-31 23:00:00,2026-02-01T01:00:00+05:00,d05b3cae0b8e890efb085c68704c9fb8d2cbf736bedd6d6ce81594bf3efad63a,gfs_seamless,False
turbine_2,2026-02-06 03:00:00+00:00,48,0.009653921031100122,0.009653921031100122,False,False,0.009932126696832579,0.92,3.3,2026-02-04 19:00:00+00:00,32.0,2026-01-31 23:00:00,2026-02-01T01:00:00+05:00,d05b3cae0b8e890efb085c68704c9fb8d2cbf736bedd6d6ce81594bf3efad63a,gfs_seamless,False
turbine_2,2026-02-06 04:00:00+00:00,48,0.009401405898811742,0.009401405898811742,False,False,0.009932126696832579,0.82,4.6,2026-02-04 19:00:00+00:00,33.0,2026-01-31 23:00:00,2026-02-01T01:00:00+05:00,d05b3cae0b8e890efb085c68704c9fb8d2cbf736bedd6d6ce81594bf3efad63a,gfs_seamless,False
turbine_2,2026-02-06 05:00:00+00:00,48,0.009708834925339764,0.009708834925339764,False,True,0.01,0.22,5.9,2026-02-04 19:00:00+00:00,34.0,2026-01-31 23:00:00,2026-02-01T01:00:00+05:00,d05b3cae0b8e890efb085c68704c9fb8d2cbf736bedd6d6ce81594bf3efad63a,gfs_seamless,False
turbine_2,2026-02-06 06:00:00+00:00,48,0.015561723961678176,0.015561723961678176,False,False,0.023970410628019325,2.72,6.1,2026-02-04 19:00:00+00:00,35.0,2026-01-31 23:00:00,2026-02-01T01:00:00+05:00,d05b3cae0b8e890efb085c68704c9fb8d2cbf736bedd6d6ce81594bf3efad63a,gfs_seamless,False
turbine_2,2026-02-06 07:00:00+00:00,48,0.07269617002540806,0.07269617002540806,False,False,0.10500000000000001,4.6,5.7,2026-02-04 19:00:00+00:00,36.0,2026-01-31 23:00:00,2026-02-01T01:00:00+05:00,d05b3cae0b8e890efb085c68704c9fb8d2cbf736bedd6d6ce81594bf3efad63a,gfs_seamless,False
turbine_2,2026-02-06 08:00:00+00:00,48,0.5097750314279793,0.5097750314279793,False,False,0.45997253690353584,7.96,6.2,2026-02-04 19:00:00+00:00,37.0,2026-01-31 23:00:00,2026-02-01T01:00:00+05:00,d05b3cae0b8e890efb085c68704c9fb8d2cbf736bedd6d6ce81594bf3efad63a,gfs_seamless,False
turbine_2,2026-02-06 09:00:00+00:00,48,0.9830538944694956,0.9830538944694956,False,False,0.9598799435028249,13.66,5.6,2026-02-04 19:00:00+00:00,38.0,2026-01-31 23:00:00,2026-02-01T01:00:00+05:00,d05b3cae0b8e890efb085c68704c9fb8d2cbf736bedd6d6ce81594bf3efad63a,gfs_seamless,False
turbine_2,2026-02-06 10:00:00+00:00,48,0.9608027817542826,0.9608027817542826,False,False,0.9347222222222222,15.59,4.7,2026-02-04 19:00:00+00:00,39.0,2026-01-31 23:00:00,2026-02-01T01:00:00+05:00,d05b3cae0b8e890efb085c68704c9fb8d2cbf736bedd6d6ce81594bf3efad63a,gfs_seamless,False
turbine_2,2026-02-06 11:00:00+00:00,48,0.9688139436899769,0.9688139436899769,False,False,0.962514880952381,14.84,3.7,2026-02-04 19:00:00+00:00,40.0,2026-01-31 23:00:00,2026-02-01T01:00:00+05:00,d05b3cae0b8e890efb085c68704c9fb8d2cbf736bedd6d6ce81594bf3efad63a,gfs_seamless,False
turbine_2,2026-02-06 12:00:00+00:00,48,0.947550729406813,0.947550729406813,False,False,0.9726666666666667,16.25,2.8,2026-02-04 19:00:00+00:00,41.0,2026-01-31 23:00:00,2026-02-01T01:00:00+05:00,d05b3cae0b8e890efb085c68704c9fb8d2cbf736bedd6d6ce81594bf3efad63a,gfs_seamless,False
turbine_2,2026-02-06 13:00:00+00:00,48,0.941464802357036,0.941464802357036,False,False,0.9347222222222222,15.62,2.7,2026-02-04 19:00:00+00:00,42.0,2026-01-31 23:00:00,2026-02-01T01:00:00+05:00,d05b3cae0b8e890efb085c68704c9fb8d2cbf736bedd6d6ce81594bf3efad63a,gfs_seamless,False
turbine_2,2026-02-06 14:00:00+00:00,48,0.9621814689356705,0.9621814689356705,False,False,0.962514880952381,14.55,2.9,2026-02-04 19:00:00+00:00,43.0,2026-01-31 23:00:00,2026-02-01T01:00:00+05:00,d05b3cae0b8e890efb085c68704c9fb8d2cbf736bedd6d6ce81594bf3efad63a,gfs_seamless,False
turbine_2,2026-02-06 15:00:00+00:00,48,0.9795198264016394,0.9795198264016394,False,False,0.9598799435028249,13.53,2.9,2026-02-04 19:00:00+00:00,44.0,2026-01-31 23:00:00,2026-02-01T01:00:00+05:00,d05b3cae0b8e890efb085c68704c9fb8d2cbf736bedd6d6ce81594bf3efad63a,gfs_seamless,False
turbine_2,2026-02-06 16:00:00+00:00,48,0.9787280531089871,0.9787280531089871,False,False,0.9700600600600602,13.28,2.3,2026-02-04 19:00:00+00:00,45.0,2026-01-31 23:00:00,2026-02-01T01:00:00+05:00,d05b3cae0b8e890efb085c68704c9fb8d2cbf736bedd6d6ce81594bf3efad63a,gfs_seamless,False
turbine_2,2026-02-06 17:00:00+00:00,48,0.9760397931512741,0.9760397931512741,False,False,0.9700600600600602,13.14,1.7,2026-02-04 19:00:00+00:00,46.0,2026-01-31 23:00:00,2026-02-01T01:00:00+05:00,d05b3cae0b8e890efb085c68704c9fb8d2cbf736bedd6d6ce81594bf3efad63a,gfs_seamless,False
turbine_2,2026-02-06 18:00:00+00:00,48,0.9795744894881977,0.9795744894881977,False,False,0.9574121315192744,12.33,1.5,2026-02-04 19:00:00+00:00,47.0,2026-01-31 23:00:00,2026-02-01T01:00:00+05:00,d05b3cae0b8e890efb085c68704c9fb8d2cbf736bedd6d6ce81594bf3efad63a,gfs_seamless,False
turbine_2,2026-02-06 19:00:00+00:00,48,0.9822776388660565,0.9822776388660565,False,False,0.9633299798792756,12.76,1.7,2026-02-04 19:00:00+00:00,48.0,2026-01-31 23:00:00,2026-02-01T01:00:00+05:00,d05b3cae0b8e890efb085c68704c9fb8d2cbf736bedd6d6ce81594bf3efad63a,gfs_seamless,False
turbine_1,2026-02-05 20:00:00+00:00,24,0.89299786313575,0.89299786313575,False,False,0.8301109660574413,10.27,1.9,2026-02-05 19:00:00+00:00,1.0,2026-01-31 23:00:00,2026-02-01T01:00:00+05:00,e46d74629bd710750db40d5e9d8f3eadbaa20ee486e416572c0d88f6ec77ad79,gfs_seamless,False
turbine_1,2026-02-05 21:00:00+00:00,24,0.8811303926208263,0.8811303926208263,False,False,0.8301109660574413,10.2,1.7,2026-02-05 19:00:00+00:00,2.0,2026-01-31 23:00:00,2026-02-01T01:00:00+05:00,e46d74629bd710750db40d5e9d8f3eadbaa20ee486e416572c0d88f6ec77ad79,gfs_seamless,False
turbine_1,2026-02-05 22:00:00+00:00,24,0.8974240531770986,0.8974240531770986,False,False,0.8937111928104575,10.51,1.4,2026-02-05 19:00:00+00:00,3.0,2026-01-31 23:00:00,2026-02-01T01:00:00+05:00,e46d74629bd710750db40d5e9d8f3eadbaa20ee486e416572c0d88f6ec77ad79,gfs_seamless,False
turbine_1,2026-02-05 23:00:00+00:00,24,0.8060093691773611,0.8060093691773611,False,False,0.7651013024602026,9.71,1.2,2026-02-05 19:00:00+00:00,4.0,2026-01-31 23:00:00,2026-02-01T01:00:00+05:00,e46d74629bd710750db40d5e9d8f3eadbaa20ee486e416572c0d88f6ec77ad79,gfs_seamless,False
turbine_1,2026-02-06 00:00:00+00:00,24,0.6978317741172815,0.6978317741172815,False,False,0.6955416051206302,9.02,0.9,2026-02-05 19:00:00+00:00,5.0,2026-01-31 23:00:00,2026-02-01T01:00:00+05:00,e46d74629bd710750db40d5e9d8f3eadbaa20ee486e416572c0d88f6ec77ad79,gfs_seamless,False
turbine_1,2026-02-06 01:00:00+00:00,24,0.5050665206350954,0.5050665206350954,False,False,0.47519897772909825,7.88,1.0,2026-02-05 19:00:00+00:00,6.0,2026-01-31 23:00:00,2026-02-01T01:00:00+05:00,e46d74629bd710750db40d5e9d8f3eadbaa20ee486e416572c0d88f6ec77ad79,gfs_seamless,False
turbine_1,2026-02-06 02:00:00+00:00,24,0.2467349816393407,0.2467349816393407,False,False,0.2560354184518709,6.24,1.0,2026-02-05 19:00:00+00:00,7.0,2026-01-31 23:00:00,2026-02-01T01:00:00+05:00,e46d74629bd710750db40d5e9d8f3eadbaa20ee486e416572c0d88f6ec77ad79,gfs_seamless,False
turbine_1,2026-02-06 03:00:00+00:00,24,0.054697295071876026,0.054697295071876026,False,False,0.08138774811772757,4.46,1.9,2026-02-05 19:00:00+00:00,8.0,2026-01-31 23:00:00,2026-02-01T01:00:00+05:00,e46d74629bd710750db40d5e9d8f3eadbaa20ee486e416572c0d88f6ec77ad79,gfs_seamless,False
turbine_1,2026-02-06 04:00:00+00:00,24,0.02432185745299367,0.02432185745299367,False,False,0.040077274323849665,3.18,3.5,2026-02-05 19:00:00+00:00,9.0,2026-01-31 23:00:00,2026-02-01T01:00:00+05:00,e46d74629bd710750db40d5e9d8f3eadbaa20ee486e416572c0d88f6ec77ad79,gfs_seamless,False
turbine_1,2026-02-06 05:00:00+00:00,24,0.01014944570862185,0.01014944570862185,False,False,0.009961472602739725,1.44,4.3,2026-02-05 19:00:00+00:00,10.0,2026-01-31 23:00:00,2026-02-01T01:00:00+05:00,e46d74629bd710750db40d5e9d8f3eadbaa20ee486e416572c0d88f6ec77ad79,gfs_seamless,False
turbine_1,2026-02-06 06:00:00+00:00,24,0.17060979445890564,0.17060979445890564,False,False,0.19472402597402597,5.61,6.6,2026-02-05 19:00:00+00:00,11.0,2026-01-31 23:00:00,2026-02-01T01:00:00+05:00,e46d74629bd710750db40d5e9d8f3eadbaa20ee486e416572c0d88f6ec77ad79,gfs_seamless,False
turbine_1,2026-02-06 07:00:00+00:00,24,0.665794448909162,0.665794448909162,False,False,0.6267624521072798,8.9,7.7,2026-02-05 19:00:00+00:00,12.0,2026-01-31 23:00:00,2026-02-01T01:00:00+05:00,e46d74629bd710750db40d5e9d8f3eadbaa20ee486e416572c0d88f6ec77ad79,gfs_seamless,False
turbine_1,2026-02-06 08:00:00+00:00,24,0.9950675474774597,0.9950675474774597,False,False,0.9672885572139301,14.07,4.7,2026-02-05 19:00:00+00:00,13.0,2026-01-31 23:00:00,2026-02-01T01:00:00+05:00,e46d74629bd710750db40d5e9d8f3eadbaa20ee486e416572c0d88f6ec77ad79,gfs_seamless,False
turbine_1,2026-02-06 09:00:00+00:00,24,0.995358701672528,0.995358701672528,False,False,0.9672885572139301,14.08,3.9,2026-02-05 19:00:00+00:00,14.0,2026-01-31 23:00:00,2026-02-01T01:00:00+05:00,e46d74629bd710750db40d5e9d8f3eadbaa20ee486e416572c0d88f6ec77ad79,gfs_seamless,False
turbine_1,2026-02-06 10:00:00+00:00,24,0.9819675182110967,0.9819675182110967,False,False,0.9672885572139301,14.2,3.4,2026-02-05 19:00:00+00:00,15.0,2026-01-31 23:00:00,2026-02-01T01:00:00+05:00,e46d74629bd710750db40d5e9d8f3eadbaa20ee486e416572c0d88f6ec77ad79,gfs_seamless,False
turbine_1,2026-02-06 11:00:00+00:00,24,0.9748365309041094,0.9748365309041094,False,False,0.9891975308641974,15.65,3.4,2026-02-05 19:00:00+00:00,16.0,2026-01-31 23:00:00,2026-02-01T01:00:00+05:00,e46d74629bd710750db40d5e9d8f3eadbaa20ee486e416572c0d88f6ec77ad79,gfs_seamless,False
turbine_1,2026-02-06 12:00:00+00:00,24,0.9727557148008033,0.9727557148008033,False,False,0.9894999999999999,16.9,2.7,2026-02-05 19:00:00+00:00,17.0,2026-01-31 23:00:00,2026-02-01T01:00:00+05:00,e46d74629bd710750db40d5e9d8f3eadbaa20ee486e416572c0d88f6ec77ad79,gfs_seamless,False
turbine_1,2026-02-06 13:00:00+00:00,24,0.9754554494789063,0.9754554494789063,False,False,0.9894999999999999,16.69,2.3,2026-02-05 19:00:00+00:00,18.0,2026-01-31 23:00:00,2026-02-01T01:00:00+05:00,e46d74629bd710750db40d5e9d8f3eadbaa20ee486e416572c0d88f6ec77ad79,gfs_seamless,False
turbine_1,2026-02-06 14:00:00+00:00,24,0.9702062856563921,0.9702062856563921,False,False,0.9891975308641974,15.76,2.2,2026-02-05 19:00:00+00:00,19.0,2026-01-31 23:00:00,2026-02-01T01:00:00+05:00,e46d74629bd710750db40d5e9d8f3eadbaa20ee486e416572c0d88f6ec77ad79,gfs_seamless,False
turbine_1,2026-02-06 15:00:00+00:00,24,0.9702062856563921,0.9702062856563921,False,False,0.9650781249999999,15.41,2.2,2026-02-05 19:00:00+00:00,20.0,2026-01-31 23:00:00,2026-02-01T01:00:00+05:00,e46d74629bd710750db40d5e9d8f3eadbaa20ee486e416572c0d88f6ec77ad79,gfs_seamless,False
turbine_1,2026-02-06 16:00:00+00:00,24,0.9874583876307809,0.9874583876307809,False,False,0.9618518518518518,14.82,2.1,2026-02-05 19:00:00+00:00,21.0,2026-01-31 23:00:00,2026-02-01T01:00:00+05:00,e46d74629bd710750db40d5e9d8f3eadbaa20ee486e416572c0d88f6ec77ad79,gfs_seamless,False
turbine_1,2026-02-06 17:00:00+00:00,24,0.9692214111694217,0.9692214111694217,False,False,0.9673371212121211,12.73,1.9,2026-02-05 19:00:00+00:00,22.0,2026-01-31 23:00:00,2026-02-01T01:00:00+05:00,e46d74629bd710750db40d5e9d8f3eadbaa20ee486e416572c0d88f6ec77ad79,gfs_seamless,False
turbine_1,2026-02-06 18:00:00+00:00,24,0.9692214111694217,0.9692214111694217,False,False,0.9673371212121211,12.81,1.4,2026-02-05 19:00:00+00:00,23.0,2026-01-31 23:00:00,2026-02-01T01:00:00+05:00,e46d74629bd710750db40d5e9d8f3eadbaa20ee486e416572c0d88f6ec77ad79,gfs_seamless,False
turbine_1,2026-02-06 19:00:00+00:00,24,0.9915983204538353,0.9915983204538353,False,False,0.9583879781420764,12.46,1.0,2026-02-05 19:00:00+00:00,24.0,2026-01-31 23:00:00,2026-02-01T01:00:00+05:00,e46d74629bd710750db40d5e9d8f3eadbaa20ee486e416572c0d88f6ec77ad79,gfs_seamless,False
turbine_1,2026-02-06 20:00:00+00:00,48,0.9970419037572272,0.9970419037572272,False,False,0.9673371212121211,12.84,1.4,2026-02-05 19:00:00+00:00,25.0,2026-01-31 23:00:00,2026-02-01T01:00:00+05:00,e46d74629bd710750db40d5e9d8f3eadbaa20ee486e416572c0d88f6ec77ad79,gfs_seamless,False
turbine_1,2026-02-06 21:00:00+00:00,48,0.9212402060206044,0.9212402060206044,False,False,0.8937111928104575,10.57,1.3,2026-02-05 19:00:00+00:00,26.0,2026-01-31 23:00:00,2026-02-01T01:00:00+05:00,e46d74629bd710750db40d5e9d8f3eadbaa20ee486e416572c0d88f6ec77ad79,gfs_seamless,False
turbine_1,2026-02-06 22:00:00+00:00,48,0.48925547618487764,0.48925547618487764,False,False,0.47519897772909825,7.67,1.2,2026-02-05 19:00:00+00:00,27.0,2026-01-31 23:00:00,2026-02-01T01:00:00+05:00,e46d74629bd710750db40d5e9d8f3eadbaa20ee486e416572c0d88f6ec77ad79,gfs_seamless,False
turbine_1,2026-02-06 23:00:00+00:00,48,0.11286737887489234,0.11286737887489234,False,False,0.14868314676616917,5.18,1.0,2026-02-05 19:00:00+00:00,28.0,2026-01-31 23:00:00,2026-02-01T01:00:00+05:00,e46d74629bd710750db40d5e9d8f3eadbaa20ee486e416572c0d88f6ec77ad79,gfs_seamless,False
turbine_1,2026-02-07 00:00:00+00:00,48,0.1326738939335552,0.1326738939335552,False,False,0.14868314676616917,5.43,0.5,2026-02-05 19:00:00+00:00,29.0,2026-01-31 23:00:00,2026-02-01T01:00:00+05:00,e46d74629bd710750db40d5e9d8f3eadbaa20ee486e416572c0d88f6ec77ad79,gfs_seamless,False
turbine_1,2026-02-07 01:00:00+00:00,48,0.02175812892650309,0.02175812892650309,False,False,0.040077274323849665,3.26,0.3,2026-02-05 19:00:00+00:00,30.0,2026-01-31 23:00:00,2026-02-01T01:00:00+05:00,e46d74629bd710750db40d5e9d8f3eadbaa20ee486e416572c0d88f6ec77ad79,gfs_seamless,False
turbine_1,2026-02-07 02:00:00+00:00,48,0.009477333608858786,0.009477333608858786,False,False,0.009989159891598917,0.8,0.4,2026-02-05 19:00:00+00:00,31.0,2026-01-31 23:00:00,2026-02-01T01:00:00+05:00,e46d74629bd710750db40d5e9d8f3eadbaa20ee486e416572c0d88f6ec77ad79,gfs_seamless,False
turbine_1,2026-02-07 03:00:00+00:00,48,0.010078359901403402,0.010078359901403402,False,False,0.01599670263788969,2.12,0.7,2026-02-05 19:00:00+00:00,32.0,2026-01-31 23:00:00,2026-02-01T01:00:00+05:00,e46d74629bd710750db40d5e9d8f3eadbaa20ee486e416572c0d88f6ec77ad79,gfs_seamless,False
turbine_1,2026-02-07 04:00:00+00:00,48,0.1392866876478404,0.1392866876478404,False,False,0.14868314676616917,5.48,1.1,2026-02-05 19:00:00+00:00,33.0,2026-01-31 23:00:00,2026-02-01T01:00:00+05:00,e46d74629bd710750db40d5e9d8f3eadbaa20ee486e416572c0d88f6ec77ad79,gfs_seamless,False
turbine_1,2026-02-07 05:00:00+00:00,48,0.6083327290828232,0.6083327290828232,False,False,0.5480688448074679,8.36,1.9,2026-02-05 19:00:00+00:00,34.0,2026-01-31 23:00:00,2026-02-01T01:00:00+05:00,e46d74629bd710750db40d5e9d8f3eadbaa20ee486e416572c0d88f6ec77ad79,gfs_seamless,False
turbine_1,2026-02-07 06:00:00+00:00,48,0.975130758762125,0.975130758762125,False,False,0.9381677419354839,11.38,3.8,2026-02-05 19:00:00+00:00,35.0,2026-01-31 23:00:00,2026-02-01T01:00:00+05:00,e46d74629bd710750db40d5e9d8f3eadbaa20ee486e416572c0d88f6ec77ad79,gfs_seamless,False
turbine_1,2026-02-07 07:00:00+00:00,48,0.8665928338276251,0.8665928338276251,False,False,0.8301109660574413,10.12,3.9,2026-02-05 19:00:00+00:00,36.0,2026-01-31 23:00:00,2026-02-01T01:00:00+05:00,e46d74629bd710750db40d5e9d8f3eadbaa20ee486e416572c0d88f6ec77ad79,gfs_seamless,False
turbine_1,2026-02-07 08:00:00+00:00,48,0.6807430392756048,0.6807430392756048,False,False,0.6267624521072798,8.86,4.0,2026-02-05 19:00:00+00:00,37.0,2026-01-31 23:00:00,2026-02-01T01:00:00+05:00,e46d74629bd710750db40d5e9d8f3eadbaa20ee486e416572c0d88f6ec77ad79,gfs_seamless,False
turbine_1,2026-02-07 09:00:00+00:00,48,0.5186463704845427,0.5186463704845427,False,False,0.47519897772909825,7.79,4.7,2026-02-05 19:00:00+00:00,38.0,2026-01-31 23:00:00,2026-02-01T01:00:00+05:00,e46d74629bd710750db40d5e9d8f3eadbaa20ee486e416572c0d88f6ec77ad79,gfs_seamless,False
turbine_1,2026-02-07 10:00:00+00:00,48,0.35103887461537286,0.35103887461537286,False,False,0.3244547053649956,6.84,5.0,2026-02-05 19:00:00+00:00,39.0,2026-01-31 23:00:00,2026-02-01T01:00:00+05:00,e46d74629bd710750db40d5e9d8f3eadbaa20ee486e416572c0d88f6ec77ad79,gfs_seamless,False
turbine_1,2026-02-07 11:00:00+00:00,48,0.2710945465538644,0.2710945465538644,False,False,0.2560354184518709,6.43,4.5,2026-02-05 19:00:00+00:00,40.0,2026-01-31 23:00:00,2026-02-01T01:00:00+05:00,e46d74629bd710750db40d5e9d8f3eadbaa20ee486e416572c0d88f6ec77ad79,gfs_seamless,False
turbine_1,2026-02-07 12:00:00+00:00,48,0.11396391486882242,0.11396391486882242,False,False,0.14868314676616917,5.13,2.8,2026-02-05 19:00:00+00:00,41.0,2026-01-31 23:00:00,2026-02-01T01:00:00+05:00,e46d74629bd710750db40d5e9d8f3eadbaa20ee486e416572c0d88f6ec77ad79,gfs_seamless,False
turbine_1,2026-02-07 13:00:00+00:00,48,0.02458681825460412,0.02458681825460412,False,False,0.040077274323849665,3.33,2.1,2026-02-05 19:00:00+00:00,42.0,2026-01-31 23:00:00,2026-02-01T01:00:00+05:00,e46d74629bd710750db40d5e9d8f3eadbaa20ee486e416572c0d88f6ec77ad79,gfs_seamless,False
turbine_1,2026-02-07 14:00:00+00:00,48,0.00980059252463563,0.00980059252463563,False,False,0.01102904972919744,1.7,1.9,2026-02-05 19:00:00+00:00,43.0,2026-01-31 23:00:00,2026-02-01T01:00:00+05:00,e46d74629bd710750db40d5e9d8f3eadbaa20ee486e416572c0d88f6ec77ad79,gfs_seamless,False
turbine_1,2026-02-07 15:00:00+00:00,48,0.07326631583895662,0.07326631583895662,False,False,0.11167154471544716,4.62,1.4,2026-02-05 19:00:00+00:00,44.0,2026-01-31 23:00:00,2026-02-01T01:00:00+05:00,e46d74629bd710750db40d5e9d8f3eadbaa20ee486e416572c0d88f6ec77ad79,gfs_seamless,False
turbine_1,2026-02-07 16:00:00+00:00,48,0.0715705356048791,0.0715705356048791,False,False,0.11167154471544716,4.59,0.9,2026-02-05 19:00:00+00:00,45.0,2026-01-31 23:00:00,2026-02-01T01:00:00+05:00,e46d74629bd710750db40d5e9d8f3eadbaa20ee486e416572c0d88f6ec77ad79,gfs_seamless,False
turbine_1,2026-02-07 17:00:00+00:00,48,0.08808141003415428,0.08808141003415428,False,False,0.11167154471544716,4.9,0.9,2026-02-05 19:00:00+00:00,46.0,2026-01-31 23:00:00,2026-02-01T01:00:00+05:00,e46d74629bd710750db40d5e9d8f3eadbaa20ee486e416572c0d88f6ec77ad79,gfs_seamless,False
turbine_1,2026-02-07 18:00:00+00:00,48,0.1366899551776737,0.1366899551776737,False,False,0.19472402597402597,5.53,0.5,2026-02-05 19:00:00+00:00,47.0,2026-01-31 23:00:00,2026-02-01T01:00:00+05:00,e46d74629bd710750db40d5e9d8f3eadbaa20ee486e416572c0d88f6ec77ad79,gfs_seamless,False
turbine_1,2026-02-07 19:00:00+00:00,48,0.2988933894657696,0.2988933894657696,False,False,0.3244547053649956,6.58,0.2,2026-02-05 19:00:00+00:00,48.0,2026-01-31 23:00:00,2026-02-01T01:00:00+05:00,e46d74629bd710750db40d5e9d8f3eadbaa20ee486e416572c0d88f6ec77ad79,gfs_seamless,False
turbine_2,2026-02-05 20:00:00+00:00,24,0.8552417595088898,0.8552417595088898,False,False,0.8240326184092941,10.27,1.9,2026-02-05 19:00:00+00:00,1.0,2026-01-31 23:00:00,2026-02-01T01:00:00+05:00,d05b3cae0b8e890efb085c68704c9fb8d2cbf736bedd6d6ce81594bf3efad63a,gfs_seamless,False
turbine_2,2026-02-05 21:00:00+00:00,24,0.8516911053860151,0.8516911053860151,False,False,0.8240326184092941,10.2,1.7,2026-02-05 19:00:00+00:00,2.0,2026-01-31 23:00:00,2026-02-01T01:00:00+05:00,d05b3cae0b8e890efb085c68704c9fb8d2cbf736bedd6d6ce81594bf3efad63a,gfs_seamless,False
turbine_2,2026-02-05 22:00:00+00:00,24,0.8806065438879571,0.8806065438879571,False,False,0.8845606610237807,10.51,1.4,2026-02-05 19:00:00+00:00,3.0,2026-01-31 23:00:00,2026-02-01T01:00:00+05:00,d05b3cae0b8e890efb085c68704c9fb8d2cbf736bedd6d6ce81594bf3efad63a,gfs_seamless,False
turbine_2,2026-02-05 23:00:00+00:00,24,0.7786018351435056,0.7786018351435056,False,False,0.7536449275362319,9.71,1.2,2026-02-05 19:00:00+00:00,4.0,2026-01-31 23:00:00,2026-02-01T01:00:00+05:00,d05b3cae0b8e890efb085c68704c9fb8d2cbf736bedd6d6ce81594bf3efad63a,gfs_seamless,False
turbine_2,2026-02-06 00:00:00+00:00,24,0.6813833161243714,0.6813833161243714,False,False,0.6742543244506779,9.02,0.9,2026-02-05 19:00:00+00:00,5.0,2026-01-31 23:00:00,2026-02-01T01:00:00+05:00,d05b3cae0b8e890efb085c68704c9fb8d2cbf736bedd6d6ce81594bf3efad63a,gfs_seamless,False
turbine_2,2026-02-06 01:00:00+00:00,24,0.49439888193218096,0.49439888193218096,False,False,0.45997253690353584,7.88,1.0,2026-02-05 19:00:00+00:00,6.0,2026-01-31 23:00:00,2026-02-01T01:00:00+05:00,d05b3cae0b8e890efb085c68704c9fb8d2cbf736bedd6d6ce81594bf3efad63a,gfs_seamless,False
turbine_2,2026-02-06 02:00:00+00:00,24,0.2148541853559981,0.2148541853559981,False,False,0.24514071038251364,6.24,1.0,2026-02-05 19:00:00+00:00,7.0,2026-01-31 23:00:00,2026-02-01T01:00:00+05:00,d05b3cae0b8e890efb085c68704c9fb8d2cbf736bedd6d6ce81594bf3efad63a,gfs_seamless,False
turbine_2,2026-02-06 03:00:00+00:00,24,0.05913132120389489,0.05913132120389489,False,False,0.07894438894438895,4.46,1.9,2026-02-05 19:00:00+00:00,8.0,2026-01-31 23:00:00,2026-02-01T01:00:00+05:00,d05b3cae0b8e890efb085c68704c9fb8d2cbf736bedd6d6ce81594bf3efad63a,gfs_seamless,False
turbine_2,2026-02-06 04:00:00+00:00,24,0.01987708449183863,0.01987708449183863,False,False,0.037099712368168745,3.18,3.5,2026-02-05 19:00:00+00:00,9.0,2026-01-31 23:00:00,2026-02-01T01:00:00+05:00,d05b3cae0b8e890efb085c68704c9fb8d2cbf736bedd6d6ce81594bf3efad63a,gfs_seamless,False
turbine_2,2026-02-06 05:00:00+00:00,24,0.010158683720060076,0.010158683720060076,False,False,0.00971122112211221,1.44,4.3,2026-02-05 19:00:00+00:00,10.0,2026-01-31 23:00:00,2026-02-01T01:00:00+05:00,d05b3cae0b8e890efb085c68704c9fb8d2cbf736bedd6d6ce81594bf3efad63a,gfs_seamless,False
turbine_2,2026-02-06 06:00:00+00:00,24,0.16199012841275556,0.16199012841275556,False,False,0.18799815254684613,5.61,6.6,2026-02-05 19:00:00+00:00,11.0,2026-01-31 23:00:00,2026-02-01T01:00:00+05:00,d05b3cae0b8e890efb085c68704c9fb8d2cbf736bedd6d6ce81594bf3efad63a,gfs_seamless,False
turbine_2,2026-02-06 07:00:00+00:00,24,0.6604133175476916,0.6604133175476916,False,False,0.6162610815602837,8.9,7.7,2026-02-05 19:00:00+00:00,12.0,2026-01-31 23:00:00,2026-02-01T01:00:00+05:00,d05b3cae0b8e890efb085c68704c9fb8d2cbf736bedd6d6ce81594bf3efad63a,gfs_seamless,False
turbine_2,2026-02-06 08:00:00+00:00,24,0.971346002709708,0.971346002709708,False,False,0.9603782505910166,14.07,4.7,2026-02-05 19:00:00+00:00,13.0,2026-01-31 23:00:00,2026-02-01T01:00:00+05:00,d05b3cae0b8e890efb085c68704c9fb8d2cbf736bedd6d6ce81594bf3efad63a,gfs_seamless,False
turbine_2,2026-02-06 09:00:00+00:00,24,0.9704796255330636,0.9704796255330636,False,False,0.9603782505910166,14.08,3.9,2026-02-05 19:00:00+00:00,14.0,2026-01-31 23:00:00,2026-02-01T01:00:00+05:00,d05b3cae0b8e890efb085c68704c9fb8d2cbf736bedd6d6ce81594bf3efad63a,gfs_seamless,False
turbine_2,2026-02-06 10:00:00+00:00,24,0.9896539977971589,0.9896539977971589,False,False,0.9603782505910166,14.2,3.4,2026-02-05 19:00:00+00:00,15.0,2026-01-31 23:00:00,2026-02-01T01:00:00+05:00,d05b3cae0b8e890efb085c68704c9fb8d2cbf736bedd6d6ce81594bf3efad63a,gfs_seamless,False
turbine_2,2026-02-06 11:00:00+00:00,24,0.9605208419936314,0.9605208419936314,False,False,0.9347222222222222,15.65,3.4,2026-02-05 19:00:00+00:00,16.0,2026-01-31 23:00:00,2026-02-01T01:00:00+05:00,d05b3cae0b8e890efb085c68704c9fb8d2cbf736bedd6d6ce81594bf3efad63a,gfs_seamless,False
turbine_2,2026-02-06 12:00:00+00:00,24,0.941464802357036,0.941464802357036,False,False,0.972962962962963,16.9,2.7,2026-02-05 19:00:00+00:00,17.0,2026-01-31 23:00:00,2026-02-01T01:00:00+05:00,d05b3cae0b8e890efb085c68704c9fb8d2cbf736bedd6d6ce81594bf3efad63a,gfs_seamless,False
turbine_2,2026-02-06 13:00:00+00:00,24,0.9394455496386718,0.9394455496386718,False,False,0.972962962962963,16.69,2.3,2026-02-05 19:00:00+00:00,18.0,2026-01-31 23:00:00,2026-02-01T01:00:00+05:00,d05b3cae0b8e890efb085c68704c9fb8d2cbf736bedd6d6ce81594bf3efad63a,gfs_seamless,False
turbine_2,2026-02-06 14:00:00+00:00,24,0.9394455496386718,0.9394455496386718,False,False,0.9347222222222222,15.76,2.2,2026-02-05 19:00:00+00:00,19.0,2026-01-31 23:00:00,2026-02-01T01:00:00+05:00,d05b3cae0b8e890efb085c68704c9fb8d2cbf736bedd6d6ce81594bf3efad63a,gfs_seamless,False
turbine_2,2026-02-06 15:00:00+00:00,24,0.9286129830602593,0.9286129830602593,False,False,0.9496153846153847,15.41,2.2,2026-02-05 19:00:00+00:00,20.0,2026-01-31 23:00:00,2026-02-01T01:00:00+05:00,d05b3cae0b8e890efb085c68704c9fb8d2cbf736bedd6d6ce81594bf3efad63a,gfs_seamless,False
turbine_2,2026-02-06 16:00:00+00:00,24,0.8921678077650108,0.8921678077650108,False,False,0.962514880952381,14.82,2.1,2026-02-05 19:00:00+00:00,21.0,2026-01-31 23:00:00,2026-02-01T01:00:00+05:00,d05b3cae0b8e890efb085c68704c9fb8d2cbf736bedd6d6ce81594bf3efad63a,gfs_seamless,False
turbine_2,2026-02-06 17:00:00+00:00,24,0.9814782805393207,0.9814782805393207,False,False,0.9633299798792756,12.73,1.9,2026-02-05 19:00:00+00:00,22.0,2026-01-31 23:00:00,2026-02-01T01:00:00+05:00,d05b3cae0b8e890efb085c68704c9fb8d2cbf736bedd6d6ce81594bf3efad63a,gfs_seamless,False
turbine_2,2026-02-06 18:00:00+00:00,24,0.981379632263601,0.981379632263601,False,False,0.9633299798792756,12.81,1.4,2026-02-05 19:00:00+00:00,23.0,2026-01-31 23:00:00,2026-02-01T01:00:00+05:00,d05b3cae0b8e890efb085c68704c9fb8d2cbf736bedd6d6ce81594bf3efad63a,gfs_seamless,False
turbine_2,2026-02-06 19:00:00+00:00,24,0.9754321199909176,0.9754321199909176,False,False,0.9574121315192744,12.46,1.0,2026-02-05 19:00:00+00:00,24.0,2026-01-31 23:00:00,2026-02-01T01:00:00+05:00,d05b3cae0b8e890efb085c68704c9fb8d2cbf736bedd6d6ce81594bf3efad63a,gfs_seamless,False
turbine_2,2026-02-06 20:00:00+00:00,48,0.981379632263601,0.981379632263601,False,False,0.9633299798792756,12.84,1.4,2026-02-05 19:00:00+00:00,25.0,2026-01-31 23:00:00,2026-02-01T01:00:00+05:00,d05b3cae0b8e890efb085c68704c9fb8d2cbf736bedd6d6ce81594bf3efad63a,gfs_seamless,False
turbine_2,2026-02-06 21:00:00+00:00,48,0.898862303773608,0.898862303773608,False,False,0.8845606610237807,10.57,1.3,2026-02-05 19:00:00+00:00,26.0,2026-01-31 23:00:00,2026-02-01T01:00:00+05:00,d05b3cae0b8e890efb085c68704c9fb8d2cbf736bedd6d6ce81594bf3efad63a,gfs_seamless,False
turbine_2,2026-02-06 22:00:00+00:00,48,0.46133911684030954,0.46133911684030954,False,False,0.45997253690353584,7.67,1.2,2026-02-05 19:00:00+00:00,27.0,2026-01-31 23:00:00,2026-02-01T01:00:00+05:00,d05b3cae0b8e890efb085c68704c9fb8d2cbf736bedd6d6ce81594bf3efad63a,gfs_seamless,False
turbine_2,2026-02-06 23:00:00+00:00,48,0.10213980228828752,0.10213980228828752,False,False,0.14257562144354596,5.18,1.0,2026-02-05 19:00:00+00:00,28.0,2026-01-31 23:00:00,2026-02-01T01:00:00+05:00,d05b3cae0b8e890efb085c68704c9fb8d2cbf736bedd6d6ce81594bf3efad63a,gfs_seamless,False
turbine_2,2026-02-07 00:00:00+00:00,48,0.11904359665882756,0.11904359665882756,False,False,0.14257562144354596,5.43,0.5,2026-02-05 19:00:00+00:00,29.0,2026-01-31 23:00:00,2026-02-01T01:00:00+05:00,d05b3cae0b8e890efb085c68704c9fb8d2cbf736bedd6d6ce81594bf3efad63a,gfs_seamless,False
turbine_2,2026-02-07 01:00:00+00:00,48,0.017652276345745493,0.017652276345745493,False,False,0.037099712368168745,3.26,0.3,2026-02-05 19:00:00+00:00,30.0,2026-01-31 23:00:00,2026-02-01T01:00:00+05:00,d05b3cae0b8e890efb085c68704c9fb8d2cbf736bedd6d6ce81594bf3efad63a,gfs_seamless,False
turbine_2,2026-02-07 02:00:00+00:00,48,0.00913492370577482,0.00913492370577482,False,False,0.009932126696832579,0.8,0.4,2026-02-05 19:00:00+00:00,31.0,2026-01-31 23:00:00,2026-02-01T01:00:00+05:00,d05b3cae0b8e890efb085c68704c9fb8d2cbf736bedd6d6ce81594bf3efad63a,gfs_seamless,False
turbine_2,2026-02-07 03:00:00+00:00,48,0.009229517878945225,0.009229517878945225,False,False,0.014608096468561586,2.12,0.7,2026-02-05 19:00:00+00:00,32.0,2026-01-31 23:00:00,2026-02-01T01:00:00+05:00,d05b3cae0b8e890efb085c68704c9fb8d2cbf736bedd6d6ce81594bf3efad63a,gfs_seamless,False
turbine_2,2026-02-07 04:00:00+00:00,48,0.12889566322354212,0.12889566322354212,False,False,0.14257562144354596,5.48,1.1,2026-02-05 19:00:00+00:00,33.0,2026-01-31 23:00:00,2026-02-01T01:00:00+05:00,d05b3cae0b8e890efb085c68704c9fb8d2cbf736bedd6d6ce81594bf3efad63a,gfs_seamless,False
turbine_2,2026-02-07 05:00:00+00:00,48,0.5726927956510525,0.5726927956510525,False,False,0.5334922575387123,8.36,1.9,2026-02-05 19:00:00+00:00,34.0,2026-01-31 23:00:00,2026-02-01T01:00:00+05:00,d05b3cae0b8e890efb085c68704c9fb8d2cbf736bedd6d6ce81594bf3efad63a,gfs_seamless,False
turbine_2,2026-02-07 06:00:00+00:00,48,0.9592097026372175,0.9592097026372175,False,False,0.9257415902140673,11.38,3.8,2026-02-05 19:00:00+00:00,35.0,2026-01-31 23:00:00,2026-02-01T01:00:00+05:00,d05b3cae0b8e890efb085c68704c9fb8d2cbf736bedd6d6ce81594bf3efad63a,gfs_seamless,False
turbine_2,2026-02-07 07:00:00+00:00,48,0.8291545861187549,0.8291545861187549,False,False,0.8240326184092941,10.12,3.9,2026-02-05 19:00:00+00:00,36.0,2026-01-31 23:00:00,2026-02-01T01:00:00+05:00,d05b3cae0b8e890efb085c68704c9fb8d2cbf736bedd6d6ce81594bf3efad63a,gfs_seamless,False
turbine_2,2026-02-07 08:00:00+00:00,48,0.6427037357071994,0.6427037357071994,False,False,0.6162610815602837,8.86,4.0,2026-02-05 19:00:00+00:00,37.0,2026-01-31 23:00:00,2026-02-01T01:00:00+05:00,d05b3cae0b8e890efb085c68704c9fb8d2cbf736bedd6d6ce81594bf3efad63a,gfs_seamless,False
turbine_2,2026-02-07 09:00:00+00:00,48,0.4628460813255546,0.4628460813255546,False,False,0.45997253690353584,7.79,4.7,2026-02-05 19:00:00+00:00,38.0,2026-01-31 23:00:00,2026-02-01T01:00:00+05:00,d05b3cae0b8e890efb085c68704c9fb8d2cbf736bedd6d6ce81594bf3efad63a,gfs_seamless,False
turbine_2,2026-02-07 10:00:00+00:00,48,0.33152986705662474,0.33152986705662474,False,False,0.3134483750359506,6.84,5.0,2026-02-05 19:00:00+00:00,39.0,2026-01-31 23:00:00,2026-02-01T01:00:00+05:00,d05b3cae0b8e890efb085c68704c9fb8d2cbf736bedd6d6ce81594bf3efad63a,gfs_seamless,False
turbine_2,2026-02-07 11:00:00+00:00,48,0.2435511949794054,0.2435511949794054,False,False,0.24514071038251364,6.43,4.5,2026-02-05 19:00:00+00:00,40.0,2026-01-31 23:00:00,2026-02-01T01:00:00+05:00,d05b3cae0b8e890efb085c68704c9fb8d2cbf736bedd6d6ce81594bf3efad63a,gfs_seamless,False
turbine_2,2026-02-07 12:00:00+00:00,48,0.09962615017036185,0.09962615017036185,False,False,0.14257562144354596,5.13,2.8,2026-02-05 19:00:00+00:00,41.0,2026-01-31 23:00:00,2026-02-01T01:00:00+05:00,d05b3cae0b8e890efb085c68704c9fb8d2cbf736bedd6d6ce81594bf3efad63a,gfs_seamless,False
turbine_2,2026-02-07 13:00:00+00:00,48,0.019852820300610544,0.019852820300610544,False,False,0.037099712368168745,3.33,2.1,2026-02-05 19:00:00+00:00,42.0,2026-01-31 23:00:00,2026-02-01T01:00:00+05:00,d05b3cae0b8e890efb085c68704c9fb8d2cbf736bedd6d6ce81594bf3efad63a,gfs_seamless,False
turbine_2,2026-02-07 14:00:00+00:00,48,0.009325261645915281,0.009325261645915281,False,False,0.010127472003812246,1.7,1.9,2026-02-05 19:00:00+00:00,43.0,2026-01-31 23:00:00,2026-02-01T01:00:00+05:00,d05b3cae0b8e890efb085c68704c9fb8d2cbf736bedd6d6ce81594bf3efad63a,gfs_seamless,False
turbine_2,2026-02-07 15:00:00+00:00,48,0.0673387087079047,0.0673387087079047,False,False,0.10500000000000001,4.62,1.4,2026-02-05 19:00:00+00:00,44.0,2026-01-31 23:00:00,2026-02-01T01:00:00+05:00,d05b3cae0b8e890efb085c68704c9fb8d2cbf736bedd6d6ce81594bf3efad63a,gfs_seamless,False
turbine_2,2026-02-07 16:00:00+00:00,48,0.06486308870852772,0.06486308870852772,False,False,0.10500000000000001,4.59,0.9,2026-02-05 19:00:00+00:00,45.0,2026-01-31 23:00:00,2026-02-01T01:00:00+05:00,d05b3cae0b8e890efb085c68704c9fb8d2cbf736bedd6d6ce81594bf3efad63a,gfs_seamless,False
turbine_2,2026-02-07 17:00:00+00:00,48,0.08243541689573242,0.08243541689573242,False,False,0.10500000000000001,4.9,0.9,2026-02-05 19:00:00+00:00,46.0,2026-01-31 23:00:00,2026-02-01T01:00:00+05:00,d05b3cae0b8e890efb085c68704c9fb8d2cbf736bedd6d6ce81594bf3efad63a,gfs_seamless,False
turbine_2,2026-02-07 18:00:00+00:00,48,0.13266779838057535,0.13266779838057535,False,False,0.18799815254684613,5.53,0.5,2026-02-05 19:00:00+00:00,47.0,2026-01-31 23:00:00,2026-02-01T01:00:00+05:00,d05b3cae0b8e890efb085c68704c9fb8d2cbf736bedd6d6ce81594bf3efad63a,gfs_seamless,False
turbine_2,2026-02-07 19:00:00+00:00,48,0.2812885754866186,0.2812885754866186,False,False,0.3134483750359506,6.58,0.2,2026-02-05 19:00:00+00:00,48.0,2026-01-31 23:00:00,2026-02-01T01:00:00+05:00,d05b3cae0b8e890efb085c68704c9fb8d2cbf736bedd6d6ce81594bf3efad63a,gfs_seamless,False
turbine_1,2026-02-06 20:00:00+00:00,24,0.9407726268638227,0.9407726268638227,False,False,0.8937111928104575,10.83,1.1,2026-02-06 19:00:00+00:00,1.0,2026-01-31 23:00:00,2026-02-01T01:00:00+05:00,e46d74629bd710750db40d5e9d8f3eadbaa20ee486e416572c0d88f6ec77ad79,gfs_seamless,False
turbine_1,2026-02-06 21:00:00+00:00,24,0.6037076553255806,0.6037076553255806,False,False,0.5480688448074679,8.41,0.9,2026-02-06 19:00:00+00:00,2.0,2026-01-31 23:00:00,2026-02-01T01:00:00+05:00,e46d74629bd710750db40d5e9d8f3eadbaa20ee486e416572c0d88f6ec77ad79,gfs_seamless,False
turbine_1,2026-02-06 22:00:00+00:00,24,0.2524519951450573,0.2524519951450573,False,False,0.2560354184518709,6.3,0.4,2026-02-06 19:00:00+00:00,3.0,2026-01-31 23:00:00,2026-02-01T01:00:00+05:00,e46d74629bd710750db40d5e9d8f3eadbaa20ee486e416572c0d88f6ec77ad79,gfs_seamless,False
turbine_1,2026-02-06 23:00:00+00:00,24,0.04889113054831105,0.04889113054831105,False,False,0.08138774811772757,4.4,0.1,2026-02-06 19:00:00+00:00,4.0,2026-01-31 23:00:00,2026-02-01T01:00:00+05:00,e46d74629bd710750db40d5e9d8f3eadbaa20ee486e416572c0d88f6ec77ad79,gfs_seamless,False
turbine_1,2026-02-07 00:00:00+00:00,24,0.032716530821688225,0.032716530821688225,False,False,0.08138774811772757,4.02,0.1,2026-02-06 19:00:00+00:00,5.0,2026-01-31 23:00:00,2026-02-01T01:00:00+05:00,e46d74629bd710750db40d5e9d8f3eadbaa20ee486e416572c0d88f6ec77ad79,gfs_seamless,False
turbine_1,2026-02-07 01:00:00+00:00,24,0.014655294788970326,0.014655294788970326,False,False,0.025215897939156035,2.78,0.3,2026-02-06 19:00:00+00:00,6.0,2026-01-31 23:00:00,2026-02-01T01:00:00+05:00,e46d74629bd710750db40d5e9d8f3eadbaa20ee486e416572c0d88f6ec77ad79,gfs_seamless,False
turbine_1,2026-02-07 02:00:00+00:00,24,0.009293879232444138,0.009293879232444138,False,False,0.009989159891598917,0.64,0.1,2026-02-06 19:00:00+00:00,7.0,2026-01-31 23:00:00,2026-02-01T01:00:00+05:00,e46d74629bd710750db40d5e9d8f3eadbaa20ee486e416572c0d88f6ec77ad79,gfs_seamless,False
turbine_1,2026-02-07 03:00:00+00:00,24,0.015678561326280305,0.015678561326280305,False,False,0.025215897939156035,2.64,0.7,2026-02-06 19:00:00+00:00,8.0,2026-01-31 23:00:00,2026-02-01T01:00:00+05:00,e46d74629bd710750db40d5e9d8f3eadbaa20ee486e416572c0d88f6ec77ad79,gfs_seamless,False
turbine_1,2026-02-07 04:00:00+00:00,24,0.10349884148746114,0.10349884148746114,False,False,0.11167154471544716,4.92,1.7,2026-02-06 19:00:00+00:00,9.0,2026-01-31 23:00:00,2026-02-01T01:00:00+05:00,e46d74629bd710750db40d5e9d8f3eadbaa20ee486e416572c0d88f6ec77ad79,gfs_seamless,False
turbine_1,2026-02-07 05:00:00+00:00,24,0.6481513154173519,0.6481513154173519,False,False,0.6267624521072798,8.7,2.8,2026-02-06 19:00:00+00:00,10.0,2026-01-31 23:00:00,2026-02-01T01:00:00+05:00,e46d74629bd710750db40d5e9d8f3eadbaa20ee486e416572c0d88f6ec77ad79,gfs_seamless,False
turbine_1,2026-02-07 06:00:00+00:00,24,0.8365881635571462,0.8365881635571462,False,False,0.7651013024602026,9.96,4.0,2026-02-06 19:00:00+00:00,11.0,2026-01-31 23:00:00,2026-02-01T01:00:00+05:00,e46d74629bd710750db40d5e9d8f3eadbaa20ee486e416572c0d88f6ec77ad79,gfs_seamless,False
turbine_1,2026-02-07 07:00:00+00:00,24,0.6957543315841285,0.6957543315841285,False,False,0.6267624521072798,8.98,4.4,2026-02-06 19:00:00+00:00,12.0,2026-01-31 23:00:00,2026-02-01T01:00:00+05:00,e46d74629bd710750db40d5e9d8f3eadbaa20ee486e416572c0d88f6ec77ad79,gfs_seamless,False
turbine_1,2026-02-07 08:00:00+00:00,24,0.5044281144017667,0.5044281144017667,False,False,0.47519897772909825,7.73,4.3,2026-02-06 19:00:00+00:00,13.0,2026-01-31 23:00:00,2026-02-01T01:00:00+05:00,e46d74629bd710750db40d5e9d8f3eadbaa20ee486e416572c0d88f6ec77ad79,gfs_seamless,False
turbine_1,2026-02-07 09:00:00+00:00,24,0.16198178336339153,0.16198178336339153,False,False,0.19472402597402597,5.7,4.8,2026-02-06 19:00:00+00:00,14.0,2026-01-31 23:00:00,2026-02-01T01:00:00+05:00,e46d74629bd710750db40d5e9d8f3eadbaa20ee486e416572c0d88f6ec77ad79,gfs_seamless,False
turbine_1,2026-02-07 10:00:00+00:00,24,0.10063908593185046,0.10063908593185046,False,False,0.11167154471544716,4.88,4.9,2026-02-06 19:00:00+00:00,15.0,2026-01-31 23:00:00,2026-02-01T01:00:00+05:00,e46d74629bd710750db40d5e9d8f3eadbaa20ee486e416572c0d88f6ec77ad79,gfs_seamless,False
turbine_1,2026-02-07 11:00:00+00:00,24,0.06408231667106497,0.06408231667106497,False,False,0.08138774811772757,4.44,4.4,2026-02-06 19:00:00+00:00,16.0,2026-01-31 23:00:00,2026-02-01T01:00:00+05:00,e46d74629bd710750db40d5e9d8f3eadbaa20ee486e416572c0d88f6ec77ad79,gfs_seamless,False
turbine_1,2026-02-07 12:00:00+00:00,24,0.014828123653692297,0.014828123653692297,False,False,0.025215897939156035,2.59,3.0,2026-02-06 19:00:00+00:00,17.0,2026-01-31 23:00:00,2026-02-01T01:00:00+05:00,e46d74629bd710750db40d5e9d8f3eadbaa20ee486e416572c0d88f6ec77ad79,gfs_seamless,False
turbine_1,2026-02-07 13:00:00+00:00,24,0.10482673824955684,0.10482673824955684,False,False,0.14868314676616917,5.12,1.2,2026-02-06 19:00:00+00:00,18.0,2026-01-31 23:00:00,2026-02-01T01:00:00+05:00,e46d74629bd710750db40d5e9d8f3eadbaa20ee486e416572c0d88f6ec77ad79,gfs_seamless,False
turbine_1,2026-02-07 14:00:00+00:00,24,0.09774711160710683,0.09774711160710683,False,False,0.14868314676616917,5.01,1.3,2026-02-06 19:00:00+00:00,19.0,2026-01-31 23:00:00,2026-02-01T01:00:00+05:00,e46d74629bd710750db40d5e9d8f3eadbaa20ee486e416572c0d88f6ec77ad79,gfs_seamless,False
turbine_1,2026-02-07 15:00:00+00:00,24,0.1568210153129486,0.1568210153129486,False,False,0.19472402597402597,5.79,0.9,2026-02-06 19:00:00+00:00,20.0,2026-01-31 23:00:00,2026-02-01T01:00:00+05:00,e46d74629bd710750db40d5e9d8f3eadbaa20ee486e416572c0d88f6ec77ad79,gfs_seamless,False
turbine_1,2026-02-07 16:00:00+00:00,24,0.362782793102466,0.362782793102466,False,False,0.3244547053649956,6.94,0.6,2026-02-06 19:00:00+00:00,21.0,2026-01-31 23:00:00,2026-02-01T01:00:00+05:00,e46d74629bd710750db40d5e9d8f3eadbaa20ee486e416572c0d88f6ec77ad79,gfs_seamless,False
turbine_1,2026-02-07 17:00:00+00:00,24,0.6087406921697436,0.6087406921697436,False,False,0.5480688448074679,8.46,0.5,2026-02-06 19:00:00+00:00,22.0,2026-01-31 23:00:00,2026-02-01T01:00:00+05:00,e46d74629bd710750db40d5e9d8f3eadbaa20ee486e416572c0d88f6ec77ad79,gfs_seamless,False
turbine_1,2026-02-07 18:00:00+00:00,24,0.9814002912793022,0.9814002912793022,False,False,0.9603525641025641,11.57,0.3,2026-02-06 19:00:00+00:00,23.0,2026-01-31 23:00:00,2026-02-01T01:00:00+05:00,e46d74629bd710750db40d5e9d8f3eadbaa20ee486e416572c0d88f6ec77ad79,gfs_seamless,False
turbine_1,2026-02-07 19:00:00+00:00,24,0.9988574757048158,0.9983333333333334,True,False,0.9661001642036123,13.82,0.5,2026-02-06 19:00:00+00:00,24.0,2026-01-31 23:00:00,2026-02-01T01:00:00+05:00,e46d74629bd710750db40d5e9d8f3eadbaa20ee486e416572c0d88f6ec77ad79,gfs_seamless,False
turbine_1,2026-02-07 20:00:00+00:00,48,0.48870563967658665,0.48870563967658665,False,False,0.47519897772909825,7.74,0.3,2026-02-06 19:00:00+00:00,25.0,2026-01-31 23:00:00,2026-02-01T01:00:00+05:00,e46d74629bd710750db40d5e9d8f3eadbaa20ee486e416572c0d88f6ec77ad79,gfs_seamless,False
turbine_1,2026-02-07 21:00:00+00:00,48,0.7497776912683214,0.7497776912683214,False,False,0.6955416051206302,9.34,0.5,2026-02-06 19:00:00+00:00,26.0,2026-01-31 23:00:00,2026-02-01T01:00:00+05:00,e46d74629bd710750db40d5e9d8f3eadbaa20ee486e416572c0d88f6ec77ad79,gfs_seamless,False
turbine_1,2026-02-07 22:00:00+00:00,48,0.78319285344838,0.78319285344838,False,False,0.6955416051206302,9.46,0.2,2026-02-06 19:00:00+00:00,27.0,2026-01-31 23:00:00,2026-02-01T01:00:00+05:00,e46d74629bd710750db40d5e9d8f3eadbaa20ee486e416572c0d88f6ec77ad79,gfs_seamless,False
turbine_1,2026-02-07 23:00:00+00:00,48,0.7497776912683214,0.7497776912683214,False,False,0.6955416051206302,9.27,0.5,2026-02-06 19:00:00+00:00,28.0,2026-01-31 23:00:00,2026-02-01T01:00:00+05:00,e46d74629bd710750db40d5e9d8f3eadbaa20ee486e416572c0d88f6ec77ad79,gfs_seamless,False
turbine_1,2026-02-08 00:00:00+00:00,48,0.7844667919617929,0.7844667919617929,False,False,0.6955416051206302,9.47,0.1,2026-02-06 19:00:00+00:00,29.0,2026-01-31 23:00:00,2026-02-01T01:00:00+05:00,e46d74629bd710750db40d5e9d8f3eadbaa20ee486e416572c0d88f6ec77ad79,gfs_seamless,False
turbine_1,2026-02-08 01:00:00+00:00,48,0.5652983084292508,0.5652983084292508,False,False,0.5480688448074679,8.32,-0.5,2026-02-06 19:00:00+00:00,30.0,2026-01-31 23:00:00,2026-02-01T01:00:00+05:00,e46d74629bd710750db40d5e9d8f3eadbaa20ee486e416572c0d88f6ec77ad79,gfs_seamless,False
turbine_1,2026-02-08 02:00:00+00:00,48,0.5419500447043872,0.5419500447043872,False,False,0.5480688448074679,8.14,-0.6,2026-02-06 19:00:00+00:00,31.0,2026-01-31 23:00:00,2026-02-01T01:00:00+05:00,e46d74629bd710750db40d5e9d8f3eadbaa20ee486e416572c0d88f6ec77ad79,gfs_seamless,False
turbine_1,2026-02-08 03:00:00+00:00,48,0.4492514833362936,0.4492514833362936,False,False,0.3981808278867102,7.47,0.5,2026-02-06 19:00:00+00:00,32.0,2026-01-31 23:00:00,2026-02-01T01:00:00+05:00,e46d74629bd710750db40d5e9d8f3eadbaa20ee486e416572c0d88f6ec77ad79,gfs_seamless,False
turbine_1,2026-02-08 04:00:00+00:00,48,0.43025664348854836,0.43025664348854836,False,False,0.3981808278867102,7.42,1.9,2026-02-06 19:00:00+00:00,33.0,2026-01-31 23:00:00,2026-02-01T01:00:00+05:00,e46d74629bd710750db40d5e9d8f3eadbaa20ee486e416572c0d88f6ec77ad79,gfs_seamless,False
turbine_1,2026-02-08 05:00:00+00:00,48,0.31764528990704505,0.31764528990704505,False,False,0.3244547053649956,6.67,2.9,2026-02-06 19:00:00+00:00,34.0,2026-01-31 23:00:00,2026-02-01T01:00:00+05:00,e46d74629bd710750db40d5e9d8f3eadbaa20ee486e416572c0d88f6ec77ad79,gfs_seamless,False
turbine_1,2026-02-08 06:00:00+00:00,48,0.05781007165351588,0.05781007165351588,False,False,0.08138774811772757,4.3,3.0,2026-02-06 19:00:00+00:00,35.0,2026-01-31 23:00:00,2026-02-01T01:00:00+05:00,e46d74629bd710750db40d5e9d8f3eadbaa20ee486e416572c0d88f6ec77ad79,gfs_seamless,False
turbine_1,2026-02-08 07:00:00+00:00,48,0.021375940748160842,0.021375940748160842,False,False,0.040077274323849665,3.04,3.4,2026-02-06 19:00:00+00:00,36.0,2026-01-31 23:00:00,2026-02-01T01:00:00+05:00,e46d74629bd710750db40d5e9d8f3eadbaa20ee486e416572c0d88f6ec77ad79,gfs_seamless,False
turbine_1,2026-02-08 08:00:00+00:00,48,0.010026329416770376,0.010026329416770376,False,False,0.009961472602739725,1.48,3.8,2026-02-06 19:00:00+00:00,37.0,2026-01-31 23:00:00,2026-02-01T01:00:00+05:00,e46d74629bd710750db40d5e9d8f3eadbaa20ee486e416572c0d88f6ec77ad79,gfs_seamless,False
turbine_1,2026-02-08 09:00:00+00:00,48,0.01011413551290661,0.01011413551290661,False,False,0.01102904972919744,1.58,4.6,2026-02-06 19:00:00+00:00,38.0,2026-01-31 23:00:00,2026-02-01T01:00:00+05:00,e46d74629bd710750db40d5e9d8f3eadbaa20ee486e416572c0d88f6ec77ad79,gfs_seamless,False
turbine_1,2026-02-08 10:00:00+00:00,48,0.09466947681878903,0.09466947681878903,False,False,0.11167154471544716,4.81,5.1,2026-02-06 19:00:00+00:00,39.0,2026-01-31 23:00:00,2026-02-01T01:00:00+05:00,e46d74629bd710750db40d5e9d8f3eadbaa20ee486e416572c0d88f6ec77ad79,gfs_seamless,False
turbine_1,2026-02-08 11:00:00+00:00,48,0.7504829512621227,0.7504829512621227,False,False,0.6955416051206302,9.4,4.8,2026-02-06 19:00:00+00:00,40.0,2026-01-31 23:00:00,2026-02-01T01:00:00+05:00,e46d74629bd710750db40d5e9d8f3eadbaa20ee486e416572c0d88f6ec77ad79,gfs_seamless,False
turbine_1,2026-02-08 12:00:00+00:00,48,0.9848005612878545,0.9848005612878545,False,False,0.9515384615384614,16.03,3.1,2026-02-06 19:00:00+00:00,41.0,2026-01-31 23:00:00,2026-02-01T01:00:00+05:00,e46d74629bd710750db40d5e9d8f3eadbaa20ee486e416572c0d88f6ec77ad79,gfs_seamless,False
turbine_1,2026-02-08 13:00:00+00:00,48,0.9777818972787917,0.9777818972787917,False,False,0.9515384615384614,16.42,1.6,2026-02-06 19:00:00+00:00,42.0,2026-01-31 23:00:00,2026-02-01T01:00:00+05:00,e46d74629bd710750db40d5e9d8f3eadbaa20ee486e416572c0d88f6ec77ad79,gfs_seamless,False
turbine_1,2026-02-08 14:00:00+00:00,48,0.9824925300705311,0.9824925300705311,False,False,0.9894999999999999,16.55,0.7,2026-02-06 19:00:00+00:00,43.0,2026-01-31 23:00:00,2026-02-01T01:00:00+05:00,e46d74629bd710750db40d5e9d8f3eadbaa20ee486e416572c0d88f6ec77ad79,gfs_seamless,False
turbine_1,2026-02-08 15:00:00+00:00,48,0.9786292918469941,0.9786292918469941,False,False,0.9894999999999999,16.92,0.3,2026-02-06 19:00:00+00:00,44.0,2026-01-31 23:00:00,2026-02-01T01:00:00+05:00,e46d74629bd710750db40d5e9d8f3eadbaa20ee486e416572c0d88f6ec77ad79,gfs_seamless,False
turbine_1,2026-02-08 16:00:00+00:00,48,0.9786292918469941,0.9786292918469941,False,False,0.9891975308641974,15.87,0.3,2026-02-06 19:00:00+00:00,45.0,2026-01-31 23:00:00,2026-02-01T01:00:00+05:00,e46d74629bd710750db40d5e9d8f3eadbaa20ee486e416572c0d88f6ec77ad79,gfs_seamless,False
turbine_1,2026-02-08 17:00:00+00:00,48,0.9550042622622618,0.9550042622622618,False,False,0.9515384615384614,16.06,0.1,2026-02-06 19:00:00+00:00,46.0,2026-01-31 23:00:00,2026-02-01T01:00:00+05:00,e46d74629bd710750db40d5e9d8f3eadbaa20ee486e416572c0d88f6ec77ad79,gfs_seamless,False
turbine_1,2026-02-08 18:00:00+00:00,48,0.9550042622622618,0.9550042622622618,False,False,0.9891975308641974,15.63,-0.1,2026-02-06 19:00:00+00:00,47.0,2026-01-31 23:00:00,2026-02-01T01:00:00+05:00,e46d74629bd710750db40d5e9d8f3eadbaa20ee486e416572c0d88f6ec77ad79,gfs_seamless,False
turbine_1,2026-02-08 19:00:00+00:00,48,0.9550042622622618,0.9550042622622618,False,False,0.9894999999999999,16.55,-0.2,2026-02-06 19:00:00+00:00,48.0,2026-01-31 23:00:00,2026-02-01T01:00:00+05:00,e46d74629bd710750db40d5e9d8f3eadbaa20ee486e416572c0d88f6ec77ad79,gfs_seamless,False
turbine_2,2026-02-06 20:00:00+00:00,24,0.9301564187949269,0.9301564187949269,False,False,0.8845606610237807,10.83,1.1,2026-02-06 19:00:00+00:00,1.0,2026-01-31 23:00:00,2026-02-01T01:00:00+05:00,d05b3cae0b8e890efb085c68704c9fb8d2cbf736bedd6d6ce81594bf3efad63a,gfs_seamless,False
turbine_2,2026-02-06 21:00:00+00:00,24,0.5710503253612587,0.5710503253612587,False,False,0.5334922575387123,8.41,0.9,2026-02-06 19:00:00+00:00,2.0,2026-01-31 23:00:00,2026-02-01T01:00:00+05:00,d05b3cae0b8e890efb085c68704c9fb8d2cbf736bedd6d6ce81594bf3efad63a,gfs_seamless,False
turbine_2,2026-02-06 22:00:00+00:00,24,0.23200817057033057,0.23200817057033057,False,False,0.24514071038251364,6.3,0.4,2026-02-06 19:00:00+00:00,3.0,2026-01-31 23:00:00,2026-02-01T01:00:00+05:00,d05b3cae0b8e890efb085c68704c9fb8d2cbf736bedd6d6ce81594bf3efad63a,gfs_seamless,False
turbine_2,2026-02-06 23:00:00+00:00,24,0.05112777632422115,0.05112777632422115,False,False,0.07894438894438895,4.4,0.1,2026-02-06 19:00:00+00:00,4.0,2026-01-31 23:00:00,2026-02-01T01:00:00+05:00,d05b3cae0b8e890efb085c68704c9fb8d2cbf736bedd6d6ce81594bf3efad63a,gfs_seamless,False
turbine_2,2026-02-07 00:00:00+00:00,24,0.03299623423155973,0.03299623423155973,False,False,0.07894438894438895,4.02,0.1,2026-02-06 19:00:00+00:00,5.0,2026-01-31 23:00:00,2026-02-01T01:00:00+05:00,d05b3cae0b8e890efb085c68704c9fb8d2cbf736bedd6d6ce81594bf3efad63a,gfs_seamless,False
turbine_2,2026-02-07 01:00:00+00:00,24,0.014713493426299969,0.014713493426299969,False,False,0.023970410628019325,2.78,0.3,2026-02-06 19:00:00+00:00,6.0,2026-01-31 23:00:00,2026-02-01T01:00:00+05:00,d05b3cae0b8e890efb085c68704c9fb8d2cbf736bedd6d6ce81594bf3efad63a,gfs_seamless,False
turbine_2,2026-02-07 02:00:00+00:00,24,0.00950279506330561,0.00950279506330561,False,False,0.009932126696832579,0.64,0.1,2026-02-06 19:00:00+00:00,7.0,2026-01-31 23:00:00,2026-02-01T01:00:00+05:00,d05b3cae0b8e890efb085c68704c9fb8d2cbf736bedd6d6ce81594bf3efad63a,gfs_seamless,False
turbine_2,2026-02-07 03:00:00+00:00,24,0.014263067954306305,0.014263067954306305,False,False,0.023970410628019325,2.64,0.7,2026-02-06 19:00:00+00:00,8.0,2026-01-31 23:00:00,2026-02-01T01:00:00+05:00,d05b3cae0b8e890efb085c68704c9fb8d2cbf736bedd6d6ce81594bf3efad63a,gfs_seamless,False
turbine_2,2026-02-07 04:00:00+00:00,24,0.0827638301204717,0.0827638301204717,False,False,0.10500000000000001,4.92,1.7,2026-02-06 19:00:00+00:00,9.0,2026-01-31 23:00:00,2026-02-01T01:00:00+05:00,d05b3cae0b8e890efb085c68704c9fb8d2cbf736bedd6d6ce81594bf3efad63a,gfs_seamless,False
turbine_2,2026-02-07 05:00:00+00:00,24,0.6087852593633032,0.6087852593633032,False,False,0.6162610815602837,8.7,2.8,2026-02-06 19:00:00+00:00,10.0,2026-01-31 23:00:00,2026-02-01T01:00:00+05:00,d05b3cae0b8e890efb085c68704c9fb8d2cbf736bedd6d6ce81594bf3efad63a,gfs_seamless,False
turbine_2,2026-02-07 06:00:00+00:00,24,0.8209328841532865,0.8209328841532865,False,False,0.7536449275362319,9.96,4.0,2026-02-06 19:00:00+00:00,11.0,2026-01-31 23:00:00,2026-02-01T01:00:00+05:00,d05b3cae0b8e890efb085c68704c9fb8d2cbf736bedd6d6ce81594bf3efad63a,gfs_seamless,False
turbine_2,2026-02-07 07:00:00+00:00,24,0.6457408975781045,0.6457408975781045,False,False,0.6162610815602837,8.98,4.4,2026-02-06 19:00:00+00:00,12.0,2026-01-31 23:00:00,2026-02-01T01:00:00+05:00,d05b3cae0b8e890efb085c68704c9fb8d2cbf736bedd6d6ce81594bf3efad63a,gfs_seamless,False
turbine_2,2026-02-07 08:00:00+00:00,24,0.4701458397469266,0.4701458397469266,False,False,0.45997253690353584,7.73,4.3,2026-02-06 19:00:00+00:00,13.0,2026-01-31 23:00:00,2026-02-01T01:00:00+05:00,d05b3cae0b8e890efb085c68704c9fb8d2cbf736bedd6d6ce81594bf3efad63a,gfs_seamless,False
turbine_2,2026-02-07 09:00:00+00:00,24,0.16663820265564183,0.16663820265564183,False,False,0.18799815254684613,5.7,4.8,2026-02-06 19:00:00+00:00,14.0,2026-01-31 23:00:00,2026-02-01T01:00:00+05:00,d05b3cae0b8e890efb085c68704c9fb8d2cbf736bedd6d6ce81594bf3efad63a,gfs_seamless,False
turbine_2,2026-02-07 10:00:00+00:00,24,0.08968936022295713,0.08968936022295713,False,False,0.10500000000000001,4.88,4.9,2026-02-06 19:00:00+00:00,15.0,2026-01-31 23:00:00,2026-02-01T01:00:00+05:00,d05b3cae0b8e890efb085c68704c9fb8d2cbf736bedd6d6ce81594bf3efad63a,gfs_seamless,False
turbine_2,2026-02-07 11:00:00+00:00,24,0.059436093256402714,0.059436093256402714,False,False,0.07894438894438895,4.44,4.4,2026-02-06 19:00:00+00:00,16.0,2026-01-31 23:00:00,2026-02-01T01:00:00+05:00,d05b3cae0b8e890efb085c68704c9fb8d2cbf736bedd6d6ce81594bf3efad63a,gfs_seamless,False
turbine_2,2026-02-07 12:00:00+00:00,24,0.014570116352771792,0.014570116352771792,False,False,0.023970410628019325,2.59,3.0,2026-02-06 19:00:00+00:00,17.0,2026-01-31 23:00:00,2026-02-01T01:00:00+05:00,d05b3cae0b8e890efb085c68704c9fb8d2cbf736bedd6d6ce81594bf3efad63a,gfs_seamless,False
turbine_2,2026-02-07 13:00:00+00:00,24,0.09805979496027135,0.09805979496027135,False,False,0.14257562144354596,5.12,1.2,2026-02-06 19:00:00+00:00,18.0,2026-01-31 23:00:00,2026-02-01T01:00:00+05:00,d05b3cae0b8e890efb085c68704c9fb8d2cbf736bedd6d6ce81594bf3efad63a,gfs_seamless,False
turbine_2,2026-02-07 14:00:00+00:00,24,0.09262161125386535,0.09262161125386535,False,False,0.14257562144354596,5.01,1.3,2026-02-06 19:00:00+00:00,19.0,2026-01-31 23:00:00,2026-02-01T01:00:00+05:00,d05b3cae0b8e890efb085c68704c9fb8d2cbf736bedd6d6ce81594bf3efad63a,gfs_seamless,False
turbine_2,2026-02-07 15:00:00+00:00,24,0.16178047088600245,0.16178047088600245,False,False,0.18799815254684613,5.79,0.9,2026-02-06 19:00:00+00:00,20.0,2026-01-31 23:00:00,2026-02-01T01:00:00+05:00,d05b3cae0b8e890efb085c68704c9fb8d2cbf736bedd6d6ce81594bf3efad63a,gfs_seamless,False
turbine_2,2026-02-07 16:00:00+00:00,24,0.3384442324542991,0.3384442324542991,False,False,0.3134483750359506,6.94,0.6,2026-02-06 19:00:00+00:00,21.0,2026-01-31 23:00:00,2026-02-01T01:00:00+05:00,d05b3cae0b8e890efb085c68704c9fb8d2cbf736bedd6d6ce81594bf3efad63a,gfs_seamless,False
turbine_2,2026-02-07 17:00:00+00:00,24,0.5730379125438549,0.5730379125438549,False,False,0.5334922575387123,8.46,0.5,2026-02-06 19:00:00+00:00,22.0,2026-01-31 23:00:00,2026-02-01T01:00:00+05:00,d05b3cae0b8e890efb085c68704c9fb8d2cbf736bedd6d6ce81594bf3efad63a,gfs_seamless,False
turbine_2,2026-02-07 18:00:00+00:00,24,0.9751121335019175,0.9751121335019175,False,False,0.9518670076726343,11.57,0.3,2026-02-06 19:00:00+00:00,23.0,2026-01-31 23:00:00,2026-02-01T01:00:00+05:00,d05b3cae0b8e890efb085c68704c9fb8d2cbf736bedd6d6ce81594bf3efad63a,gfs_seamless,False
turbine_2,2026-02-07 19:00:00+00:00,24,1.000037698239261,0.995,True,False,0.9598799435028249,13.82,0.5,2026-02-06 19:00:00+00:00,24.0,2026-01-31 23:00:00,2026-02-01T01:00:00+05:00,d05b3cae0b8e890efb085c68704c9fb8d2cbf736bedd6d6ce81594bf3efad63a,gfs_seamless,False
turbine_2,2026-02-07 20:00:00+00:00,48,0.46085943083529163,0.46085943083529163,False,False,0.45997253690353584,7.74,0.3,2026-02-06 19:00:00+00:00,25.0,2026-01-31 23:00:00,2026-02-01T01:00:00+05:00,d05b3cae0b8e890efb085c68704c9fb8d2cbf736bedd6d6ce81594bf3efad63a,gfs_seamless,False
turbine_2,2026-02-07 21:00:00+00:00,48,0.7101048615627469,0.7101048615627469,False,False,0.6742543244506779,9.34,0.5,2026-02-06 19:00:00+00:00,26.0,2026-01-31 23:00:00,2026-02-01T01:00:00+05:00,d05b3cae0b8e890efb085c68704c9fb8d2cbf736bedd6d6ce81594bf3efad63a,gfs_seamless,False
turbine_2,2026-02-07 22:00:00+00:00,48,0.7334532360401386,0.7334532360401386,False,False,0.6742543244506779,9.46,0.2,2026-02-06 19:00:00+00:00,27.0,2026-01-31 23:00:00,2026-02-01T01:00:00+05:00,d05b3cae0b8e890efb085c68704c9fb8d2cbf736bedd6d6ce81594bf3efad63a,gfs_seamless,False
turbine_2,2026-02-07 23:00:00+00:00,48,0.7101048615627469,0.7101048615627469,False,False,0.6742543244506779,9.27,0.5,2026-02-06 19:00:00+00:00,28.0,2026-01-31 23:00:00,2026-02-01T01:00:00+05:00,d05b3cae0b8e890efb085c68704c9fb8d2cbf736bedd6d6ce81594bf3efad63a,gfs_seamless,False
turbine_2,2026-02-08 00:00:00+00:00,48,0.7334532360401386,0.7334532360401386,False,False,0.6742543244506779,9.47,0.1,2026-02-06 19:00:00+00:00,29.0,2026-01-31 23:00:00,2026-02-01T01:00:00+05:00,d05b3cae0b8e890efb085c68704c9fb8d2cbf736bedd6d6ce81594bf3efad63a,gfs_seamless,False
turbine_2,2026-02-08 01:00:00+00:00,48,0.5598703295356194,0.5598703295356194,False,False,0.5334922575387123,8.32,-0.5,2026-02-06 19:00:00+00:00,30.0,2026-01-31 23:00:00,2026-02-01T01:00:00+05:00,d05b3cae0b8e890efb085c68704c9fb8d2cbf736bedd6d6ce81594bf3efad63a,gfs_seamless,False
turbine_2,2026-02-08 02:00:00+00:00,48,0.5136984618965544,0.5136984618965544,False,False,0.5334922575387123,8.14,-0.6,2026-02-06 19:00:00+00:00,31.0,2026-01-31 23:00:00,2026-02-01T01:00:00+05:00,d05b3cae0b8e890efb085c68704c9fb8d2cbf736bedd6d6ce81594bf3efad63a,gfs_seamless,False
turbine_2,2026-02-08 03:00:00+00:00,48,0.42018221497151553,0.42018221497151553,False,False,0.3872421383647799,7.47,0.5,2026-02-06 19:00:00+00:00,32.0,2026-01-31 23:00:00,2026-02-01T01:00:00+05:00,d05b3cae0b8e890efb085c68704c9fb8d2cbf736bedd6d6ce81594bf3efad63a,gfs_seamless,False
turbine_2,2026-02-08 04:00:00+00:00,48,0.41141301057663615,0.41141301057663615,False,False,0.3872421383647799,7.42,1.9,2026-02-06 19:00:00+00:00,33.0,2026-01-31 23:00:00,2026-02-01T01:00:00+05:00,d05b3cae0b8e890efb085c68704c9fb8d2cbf736bedd6d6ce81594bf3efad63a,gfs_seamless,False
turbine_2,2026-02-08 05:00:00+00:00,48,0.2843653326821331,0.2843653326821331,False,False,0.3134483750359506,6.67,2.9,2026-02-06 19:00:00+00:00,34.0,2026-01-31 23:00:00,2026-02-01T01:00:00+05:00,d05b3cae0b8e890efb085c68704c9fb8d2cbf736bedd6d6ce81594bf3efad63a,gfs_seamless,False
turbine_2,2026-02-08 06:00:00+00:00,48,0.045967410835007265,0.045967410835007265,False,False,0.07894438894438895,4.3,3.0,2026-02-06 19:00:00+00:00,35.0,2026-01-31 23:00:00,2026-02-01T01:00:00+05:00,d05b3cae0b8e890efb085c68704c9fb8d2cbf736bedd6d6ce81594bf3efad63a,gfs_seamless,False
turbine_2,2026-02-08 07:00:00+00:00,48,0.017742965165722976,0.017742965165722976,False,False,0.037099712368168745,3.04,3.4,2026-02-06 19:00:00+00:00,36.0,2026-01-31 23:00:00,2026-02-01T01:00:00+05:00,d05b3cae0b8e890efb085c68704c9fb8d2cbf736bedd6d6ce81594bf3efad63a,gfs_seamless,False
turbine_2,2026-02-08 08:00:00+00:00,48,0.009653921031100122,0.009653921031100122,False,False,0.00971122112211221,1.48,3.8,2026-02-06 19:00:00+00:00,37.0,2026-01-31 23:00:00,2026-02-01T01:00:00+05:00,d05b3cae0b8e890efb085c68704c9fb8d2cbf736bedd6d6ce81594bf3efad63a,gfs_seamless,False
turbine_2,2026-02-08 09:00:00+00:00,48,0.009401405898811742,0.009401405898811742,False,False,0.010127472003812246,1.58,4.6,2026-02-06 19:00:00+00:00,38.0,2026-01-31 23:00:00,2026-02-01T01:00:00+05:00,d05b3cae0b8e890efb085c68704c9fb8d2cbf736bedd6d6ce81594bf3efad63a,gfs_seamless,False
turbine_2,2026-02-08 10:00:00+00:00,48,0.08739764761882489,0.08739764761882489,False,False,0.10500000000000001,4.81,5.1,2026-02-06 19:00:00+00:00,39.0,2026-01-31 23:00:00,2026-02-01T01:00:00+05:00,d05b3cae0b8e890efb085c68704c9fb8d2cbf736bedd6d6ce81594bf3efad63a,gfs_seamless,False
turbine_2,2026-02-08 11:00:00+00:00,48,0.7141726102320118,0.7141726102320118,False,False,0.6742543244506779,9.4,4.8,2026-02-06 19:00:00+00:00,40.0,2026-01-31 23:00:00,2026-02-01T01:00:00+05:00,d05b3cae0b8e890efb085c68704c9fb8d2cbf736bedd6d6ce81594bf3efad63a,gfs_seamless,False
turbine_2,2026-02-08 12:00:00+00:00,48,0.9590877196464453,0.9590877196464453,False,False,0.9726666666666667,16.03,3.1,2026-02-06 19:00:00+00:00,41.0,2026-01-31 23:00:00,2026-02-01T01:00:00+05:00,d05b3cae0b8e890efb085c68704c9fb8d2cbf736bedd6d6ce81594bf3efad63a,gfs_seamless,False
turbine_2,2026-02-08 13:00:00+00:00,48,0.903366841005858,0.903366841005858,False,False,0.9726666666666667,16.42,1.6,2026-02-06 19:00:00+00:00,42.0,2026-01-31 23:00:00,2026-02-01T01:00:00+05:00,d05b3cae0b8e890efb085c68704c9fb8d2cbf736bedd6d6ce81594bf3efad63a,gfs_seamless,False
turbine_2,2026-02-08 14:00:00+00:00,48,0.9032277791076297,0.9032277791076297,False,False,0.972962962962963,16.55,0.7,2026-02-06 19:00:00+00:00,43.0,2026-01-31 23:00:00,2026-02-01T01:00:00+05:00,d05b3cae0b8e890efb085c68704c9fb8d2cbf736bedd6d6ce81594bf3efad63a,gfs_seamless,False
turbine_2,2026-02-08 15:00:00+00:00,48,0.9036688402577222,0.9036688402577222,False,False,0.972962962962963,16.92,0.3,2026-02-06 19:00:00+00:00,44.0,2026-01-31 23:00:00,2026-02-01T01:00:00+05:00,d05b3cae0b8e890efb085c68704c9fb8d2cbf736bedd6d6ce81594bf3efad63a,gfs_seamless,False
turbine_2,2026-02-08 16:00:00+00:00,48,0.9036688402577222,0.9036688402577222,False,False,0.9347222222222222,15.87,0.3,2026-02-06 19:00:00+00:00,45.0,2026-01-31 23:00:00,2026-02-01T01:00:00+05:00,d05b3cae0b8e890efb085c68704c9fb8d2cbf736bedd6d6ce81594bf3efad63a,gfs_seamless,False
turbine_2,2026-02-08 17:00:00+00:00,48,0.9057223266315843,0.9057223266315843,False,False,0.9726666666666667,16.06,0.1,2026-02-06 19:00:00+00:00,46.0,2026-01-31 23:00:00,2026-02-01T01:00:00+05:00,d05b3cae0b8e890efb085c68704c9fb8d2cbf736bedd6d6ce81594bf3efad63a,gfs_seamless,False
turbine_2,2026-02-08 18:00:00+00:00,48,0.9057223266315843,0.9057223266315843,False,False,0.9347222222222222,15.63,-0.1,2026-02-06 19:00:00+00:00,47.0,2026-01-31 23:00:00,2026-02-01T01:00:00+05:00,d05b3cae0b8e890efb085c68704c9fb8d2cbf736bedd6d6ce81594bf3efad63a,gfs_seamless,False
turbine_2,2026-02-08 19:00:00+00:00,48,0.7586298019994139,0.7586298019994139,False,False,0.972962962962963,16.55,-0.2,2026-02-06 19:00:00+00:00,48.0,2026-01-31 23:00:00,2026-02-01T01:00:00+05:00,d05b3cae0b8e890efb085c68704c9fb8d2cbf736bedd6d6ce81594bf3efad63a,gfs_seamless,False
turbine_1,2026-02-07 20:00:00+00:00,24,0.9493215343964551,0.9493215343964551,False,False,0.9672885572139301,14.04,0.4,2026-02-07 19:00:00+00:00,1.0,2026-01-31 23:00:00,2026-02-01T01:00:00+05:00,e46d74629bd710750db40d5e9d8f3eadbaa20ee486e416572c0d88f6ec77ad79,gfs_seamless,False
turbine_1,2026-02-07 21:00:00+00:00,24,0.9281455115534932,0.9281455115534932,False,False,0.9661001642036123,13.51,0.1,2026-02-07 19:00:00+00:00,2.0,2026-01-31 23:00:00,2026-02-01T01:00:00+05:00,e46d74629bd710750db40d5e9d8f3eadbaa20ee486e416572c0d88f6ec77ad79,gfs_seamless,False
turbine_1,2026-02-07 22:00:00+00:00,24,0.9870359825665814,0.9870359825665814,False,False,0.9603525641025641,11.9,-0.1,2026-02-07 19:00:00+00:00,3.0,2026-01-31 23:00:00,2026-02-01T01:00:00+05:00,e46d74629bd710750db40d5e9d8f3eadbaa20ee486e416572c0d88f6ec77ad79,gfs_seamless,False
turbine_1,2026-02-07 23:00:00+00:00,24,0.921341050226005,0.921341050226005,False,False,0.8937111928104575,10.57,-0.9,2026-02-07 19:00:00+00:00,4.0,2026-01-31 23:00:00,2026-02-01T01:00:00+05:00,e46d74629bd710750db40d5e9d8f3eadbaa20ee486e416572c0d88f6ec77ad79,gfs_seamless,False
turbine_1,2026-02-08 00:00:00+00:00,24,0.841028941952745,0.841028941952745,False,False,0.7651013024602026,9.87,-1.2,2026-02-07 19:00:00+00:00,5.0,2026-01-31 23:00:00,2026-02-01T01:00:00+05:00,e46d74629bd710750db40d5e9d8f3eadbaa20ee486e416572c0d88f6ec77ad79,gfs_seamless,False
turbine_1,2026-02-08 01:00:00+00:00,24,0.5946208051995022,0.5946208051995022,False,False,0.5480688448074679,8.46,-1.3,2026-02-07 19:00:00+00:00,6.0,2026-01-31 23:00:00,2026-02-01T01:00:00+05:00,e46d74629bd710750db40d5e9d8f3eadbaa20ee486e416572c0d88f6ec77ad79,gfs_seamless,False
turbine_1,2026-02-08 02:00:00+00:00,24,0.4386523736876582,0.4386523736876582,False,False,0.47519897772909825,7.51,-0.8,2026-02-07 19:00:00+00:00,7.0,2026-01-31 23:00:00,2026-02-01T01:00:00+05:00,e46d74629bd710750db40d5e9d8f3eadbaa20ee486e416572c0d88f6ec77ad79,gfs_seamless,False
turbine_1,2026-02-08 03:00:00+00:00,24,0.2581802579937541,0.2581802579937541,False,False,0.2560354184518709,6.39,-0.1,2026-02-07 19:00:00+00:00,8.0,2026-01-31 23:00:00,2026-02-01T01:00:00+05:00,e46d74629bd710750db40d5e9d8f3eadbaa20ee486e416572c0d88f6ec77ad79,gfs_seamless,False
turbine_1,2026-02-08 04:00:00+00:00,24,0.18142993005629995,0.18142993005629995,False,False,0.19472402597402597,5.82,1.8,2026-02-07 19:00:00+00:00,9.0,2026-01-31 23:00:00,2026-02-01T01:00:00+05:00,e46d74629bd710750db40d5e9d8f3eadbaa20ee486e416572c0d88f6ec77ad79,gfs_seamless,False
turbine_1,2026-02-08 05:00:00+00:00,24,0.0928811692389756,0.0928811692389756,False,False,0.11167154471544716,4.8,2.6,2026-02-07 19:00:00+00:00,10.0,2026-01-31 23:00:00,2026-02-01T01:00:00+05:00,e46d74629bd710750db40d5e9d8f3eadbaa20ee486e416572c0d88f6ec77ad79,gfs_seamless,False
turbine_1,2026-02-08 06:00:00+00:00,24,0.010690251452705019,0.010690251452705019,False,False,0.01102904972919744,1.91,2.8,2026-02-07 19:00:00+00:00,11.0,2026-01-31 23:00:00,2026-02-01T01:00:00+05:00,e46d74629bd710750db40d5e9d8f3eadbaa20ee486e416572c0d88f6ec77ad79,gfs_seamless,False
turbine_1,2026-02-08 07:00:00+00:00,24,0.010026329416770376,0.010026329416770376,False,False,0.009961472602739725,1.26,3.7,2026-02-07 19:00:00+00:00,12.0,2026-01-31 23:00:00,2026-02-01T01:00:00+05:00,e46d74629bd710750db40d5e9d8f3eadbaa20ee486e416572c0d88f6ec77ad79,gfs_seamless,False
turbine_1,2026-02-08 08:00:00+00:00,24,0.03707408918665505,0.03707408918665505,False,False,0.0581515812431843,3.76,4.7,2026-02-07 19:00:00+00:00,13.0,2026-01-31 23:00:00,2026-02-01T01:00:00+05:00,e46d74629bd710750db40d5e9d8f3eadbaa20ee486e416572c0d88f6ec77ad79,gfs_seamless,False
turbine_1,2026-02-08 09:00:00+00:00,24,0.4491298418362996,0.4491298418362996,False,False,0.3981808278867102,7.46,5.1,2026-02-07 19:00:00+00:00,14.0,2026-01-31 23:00:00,2026-02-01T01:00:00+05:00,e46d74629bd710750db40d5e9d8f3eadbaa20ee486e416572c0d88f6ec77ad79,gfs_seamless,False
turbine_1,2026-02-08 10:00:00+00:00,24,0.9438448991863502,0.9438448991863502,False,False,0.8937111928104575,10.95,4.7,2026-02-07 19:00:00+00:00,15.0,2026-01-31 23:00:00,2026-02-01T01:00:00+05:00,e46d74629bd710750db40d5e9d8f3eadbaa20ee486e416572c0d88f6ec77ad79,gfs_seamless,False
turbine_1,2026-02-08 11:00:00+00:00,24,0.9948453950370864,0.9948453950370864,False,False,0.9672885572139301,14.3,4.2,2026-02-07 19:00:00+00:00,16.0,2026-01-31 23:00:00,2026-02-01T01:00:00+05:00,e46d74629bd710750db40d5e9d8f3eadbaa20ee486e416572c0d88f6ec77ad79,gfs_seamless,False
turbine_1,2026-02-08 12:00:00+00:00,24,0.9754554494789063,0.9754554494789063,False,False,0.9891975308641974,15.88,2.3,2026-02-07 19:00:00+00:00,17.0,2026-01-31 23:00:00,2026-02-01T01:00:00+05:00,e46d74629bd710750db40d5e9d8f3eadbaa20ee486e416572c0d88f6ec77ad79,gfs_seamless,False
turbine_1,2026-02-08 13:00:00+00:00,24,0.9824925300705311,0.9824925300705311,False,False,0.9891975308641974,15.66,1.1,2026-02-07 19:00:00+00:00,18.0,2026-01-31 23:00:00,2026-02-01T01:00:00+05:00,e46d74629bd710750db40d5e9d8f3eadbaa20ee486e416572c0d88f6ec77ad79,gfs_seamless,False
turbine_1,2026-02-08 14:00:00+00:00,24,0.9786292918469941,0.9786292918469941,False,False,0.9515384615384614,16.07,0.4,2026-02-07 19:00:00+00:00,19.0,2026-01-31 23:00:00,2026-02-01T01:00:00+05:00,e46d74629bd710750db40d5e9d8f3eadbaa20ee486e416572c0d88f6ec77ad79,gfs_seamless,False
turbine_1,2026-02-08 15:00:00+00:00,24,0.9550042622622618,0.9550042622622618,False,False,0.9515384615384614,16.29,0.0,2026-02-07 19:00:00+00:00,20.0,2026-01-31 23:00:00,2026-02-01T01:00:00+05:00,e46d74629bd710750db40d5e9d8f3eadbaa20ee486e416572c0d88f6ec77ad79,gfs_seamless,False
turbine_1,2026-02-08 16:00:00+00:00,24,0.9550042622622618,0.9550042622622618,False,False,0.9515384615384614,16.3,0.0,2026-02-07 19:00:00+00:00,21.0,2026-01-31 23:00:00,2026-02-01T01:00:00+05:00,e46d74629bd710750db40d5e9d8f3eadbaa20ee486e416572c0d88f6ec77ad79,gfs_seamless,False
turbine_1,2026-02-08 17:00:00+00:00,24,0.9550042622622618,0.9550042622622618,False,False,0.9515384615384614,16.01,-0.0,2026-02-07 19:00:00+00:00,22.0,2026-01-31 23:00:00,2026-02-01T01:00:00+05:00,e46d74629bd710750db40d5e9d8f3eadbaa20ee486e416572c0d88f6ec77ad79,gfs_seamless,False
turbine_1,2026-02-08 18:00:00+00:00,24,0.9511823505925195,0.9511823505925195,False,False,0.9877272727272726,17.12,-0.5,2026-02-07 19:00:00+00:00,23.0,2026-01-31 23:00:00,2026-02-01T01:00:00+05:00,e46d74629bd710750db40d5e9d8f3eadbaa20ee486e416572c0d88f6ec77ad79,gfs_seamless,False
turbine_1,2026-02-08 19:00:00+00:00,24,0.9511823505925195,0.9511823505925195,False,False,0.9877272727272726,17.38,-0.6,2026-02-07 19:00:00+00:00,24.0,2026-01-31 23:00:00,2026-02-01T01:00:00+05:00,e46d74629bd710750db40d5e9d8f3eadbaa20ee486e416572c0d88f6ec77ad79,gfs_seamless,False
turbine_1,2026-02-08 20:00:00+00:00,48,0.9511823505925195,0.9511823505925195,False,False,0.989047619047619,17.51,-0.5,2026-02-07 19:00:00+00:00,25.0,2026-01-31 23:00:00,2026-02-01T01:00:00+05:00,e46d74629bd710750db40d5e9d8f3eadbaa20ee486e416572c0d88f6ec77ad79,gfs_seamless,False
turbine_1,2026-02-08 21:00:00+00:00,48,0.9172741805372838,0.9172741805372838,False,False,0.9874999999999999,18.65,-0.7,2026-02-07 19:00:00+00:00,26.0,2026-01-31 23:00:00,2026-02-01T01:00:00+05:00,e46d74629bd710750db40d5e9d8f3eadbaa20ee486e416572c0d88f6ec77ad79,gfs_seamless,False
turbine_1,2026-02-08 22:00:00+00:00,48,0.979480951047973,0.979480951047973,False,False,0.9883333333333333,19.14,-1.1,2026-02-07 19:00:00+00:00,27.0,2026-01-31 23:00:00,2026-02-01T01:00:00+05:00,e46d74629bd710750db40d5e9d8f3eadbaa20ee486e416572c0d88f6ec77ad79,gfs_seamless,False
turbine_1,2026-02-08 23:00:00+00:00,48,0.985642906790382,0.985642906790382,False,False,0.9899999999999999,19.63,-1.3,2026-02-07 19:00:00+00:00,28.0,2026-01-31 23:00:00,2026-02-01T01:00:00+05:00,e46d74629bd710750db40d5e9d8f3eadbaa20ee486e416572c0d88f6ec77ad79,gfs_seamless,False
turbine_1,2026-02-09 00:00:00+00:00,48,0.985642906790382,0.985642906790382,False,False,0.9899999999999999,20.07,-1.4,2026-02-07 19:00:00+00:00,29.0,2026-01-31 23:00:00,2026-02-01T01:00:00+05:00,e46d74629bd710750db40d5e9d8f3eadbaa20ee486e416572c0d88f6ec77ad79,gfs_seamless,False
turbine_1,2026-02-09 01:00:00+00:00,48,0.985642906790382,0.985642906790382,False,False,0.9899999999999999,20.04,-1.5,2026-02-07 19:00:00+00:00,30.0,2026-01-31 23:00:00,2026-02-01T01:00:00+05:00,e46d74629bd710750db40d5e9d8f3eadbaa20ee486e416572c0d88f6ec77ad79,gfs_seamless,False
turbine_1,2026-02-09 02:00:00+00:00,48,0.997060148304086,0.997060148304086,False,False,0.9899999999999999,20.08,-1.6,2026-02-07 19:00:00+00:00,31.0,2026-01-31 23:00:00,2026-02-01T01:00:00+05:00,e46d74629bd710750db40d5e9d8f3eadbaa20ee486e416572c0d88f6ec77ad79,gfs_seamless,False
turbine_1,2026-02-09 03:00:00+00:00,48,0.9172741805372838,0.9172741805372838,False,False,0.9899999999999999,19.66,-0.8,2026-02-07 19:00:00+00:00,32.0,2026-01-31 23:00:00,2026-02-01T01:00:00+05:00,e46d74629bd710750db40d5e9d8f3eadbaa20ee486e416572c0d88f6ec77ad79,gfs_seamless,False
turbine_1,2026-02-09 04:00:00+00:00,48,0.9824925300705311,0.9824925300705311,False,False,0.9899999999999999,19.58,1.1,2026-02-07 19:00:00+00:00,33.0,2026-01-31 23:00:00,2026-02-01T01:00:00+05:00,e46d74629bd710750db40d5e9d8f3eadbaa20ee486e416572c0d88f6ec77ad79,gfs_seamless,False
turbine_1,2026-02-09 05:00:00+00:00,48,0.9727557148008033,0.9727557148008033,False,False,0.9899999999999999,20.21,2.7,2026-02-07 19:00:00+00:00,34.0,2026-01-31 23:00:00,2026-02-01T01:00:00+05:00,e46d74629bd710750db40d5e9d8f3eadbaa20ee486e416572c0d88f6ec77ad79,gfs_seamless,False
turbine_1,2026-02-09 06:00:00+00:00,48,0.9898406634245166,0.9898406634245166,False,False,0.9899999999999999,20.21,4.5,2026-02-07 19:00:00+00:00,35.0,2026-01-31 23:00:00,2026-02-01T01:00:00+05:00,e46d74629bd710750db40d5e9d8f3eadbaa20ee486e416572c0d88f6ec77ad79,gfs_seamless,False
turbine_1,2026-02-09 07:00:00+00:00,48,0.9894287171302115,0.9894287171302115,False,False,0.9899999999999999,20.18,5.3,2026-02-07 19:00:00+00:00,36.0,2026-01-31 23:00:00,2026-02-01T01:00:00+05:00,e46d74629bd710750db40d5e9d8f3eadbaa20ee486e416572c0d88f6ec77ad79,gfs_seamless,False
turbine_1,2026-02-09 08:00:00+00:00,48,0.9929115731544226,0.9929115731544226,False,False,0.9874999999999999,18.98,6.0,2026-02-07 19:00:00+00:00,37.0,2026-01-31 23:00:00,2026-02-01T01:00:00+05:00,e46d74629bd710750db40d5e9d8f3eadbaa20ee486e416572c0d88f6ec77ad79,gfs_seamless,False
turbine_1,2026-02-09 09:00:00+00:00,48,0.9948407598428705,0.9948407598428705,False,False,0.989047619047619,17.99,6.1,2026-02-07 19:00:00+00:00,38.0,2026-01-31 23:00:00,2026-02-01T01:00:00+05:00,e46d74629bd710750db40d5e9d8f3eadbaa20ee486e416572c0d88f6ec77ad79,gfs_seamless,False
turbine_1,2026-02-09 10:00:00+00:00,48,0.9894287171302115,0.9894287171302115,False,False,0.9650781249999999,15.47,5.4,2026-02-07 19:00:00+00:00,39.0,2026-01-31 23:00:00,2026-02-01T01:00:00+05:00,e46d74629bd710750db40d5e9d8f3eadbaa20ee486e416572c0d88f6ec77ad79,gfs_seamless,False
turbine_1,2026-02-09 11:00:00+00:00,48,0.9983463100685789,0.9983333333333334,True,False,0.9661001642036123,13.84,4.7,2026-02-07 19:00:00+00:00,40.0,2026-01-31 23:00:00,2026-02-01T01:00:00+05:00,e46d74629bd710750db40d5e9d8f3eadbaa20ee486e416572c0d88f6ec77ad79,gfs_seamless,False
turbine_1,2026-02-09 12:00:00+00:00,48,0.9282367742509798,0.9282367742509798,False,False,0.8937111928104575,10.7,3.2,2026-02-07 19:00:00+00:00,41.0,2026-01-31 23:00:00,2026-02-01T01:00:00+05:00,e46d74629bd710750db40d5e9d8f3eadbaa20ee486e416572c0d88f6ec77ad79,gfs_seamless,False
turbine_1,2026-02-09 13:00:00+00:00,48,0.5512823286375991,0.5512823286375991,False,False,0.5480688448074679,8.11,1.8,2026-02-07 19:00:00+00:00,42.0,2026-01-31 23:00:00,2026-02-01T01:00:00+05:00,e46d74629bd710750db40d5e9d8f3eadbaa20ee486e416572c0d88f6ec77ad79,gfs_seamless,False
turbine_1,2026-02-09 14:00:00+00:00,48,0.2751373049574433,0.2751373049574433,False,False,0.2560354184518709,6.44,1.8,2026-02-07 19:00:00+00:00,43.0,2026-01-31 23:00:00,2026-02-01T01:00:00+05:00,e46d74629bd710750db40d5e9d8f3eadbaa20ee486e416572c0d88f6ec77ad79,gfs_seamless,False
turbine_1,2026-02-09 15:00:00+00:00,48,0.16111039010190428,0.16111039010190428,False,False,0.19472402597402597,5.66,2.2,2026-02-07 19:00:00+00:00,44.0,2026-01-31 23:00:00,2026-02-01T01:00:00+05:00,e46d74629bd710750db40d5e9d8f3eadbaa20ee486e416572c0d88f6ec77ad79,gfs_seamless,False
turbine_1,2026-02-09 16:00:00+00:00,48,0.15193239812959572,0.15193239812959572,False,False,0.19472402597402597,5.58,2.1,2026-02-07 19:00:00+00:00,45.0,2026-01-31 23:00:00,2026-02-01T01:00:00+05:00,e46d74629bd710750db40d5e9d8f3eadbaa20ee486e416572c0d88f6ec77ad79,gfs_seamless,False
turbine_1,2026-02-09 17:00:00+00:00,48,0.10647863928319144,0.10647863928319144,False,False,0.14868314676616917,5.04,2.5,2026-02-07 19:00:00+00:00,46.0,2026-01-31 23:00:00,2026-02-01T01:00:00+05:00,e46d74629bd710750db40d5e9d8f3eadbaa20ee486e416572c0d88f6ec77ad79,gfs_seamless,False
turbine_1,2026-02-09 18:00:00+00:00,48,0.054697295071876026,0.054697295071876026,False,False,0.08138774811772757,4.37,1.9,2026-02-07 19:00:00+00:00,47.0,2026-01-31 23:00:00,2026-02-01T01:00:00+05:00,e46d74629bd710750db40d5e9d8f3eadbaa20ee486e416572c0d88f6ec77ad79,gfs_seamless,False
turbine_1,2026-02-09 19:00:00+00:00,48,0.0547971560867642,0.0547971560867642,False,False,0.08138774811772757,4.34,2.2,2026-02-07 19:00:00+00:00,48.0,2026-01-31 23:00:00,2026-02-01T01:00:00+05:00,e46d74629bd710750db40d5e9d8f3eadbaa20ee486e416572c0d88f6ec77ad79,gfs_seamless,False
turbine_2,2026-02-07 20:00:00+00:00,24,1.001061277367487,0.995,True,False,0.9603782505910166,14.04,0.4,2026-02-07 19:00:00+00:00,1.0,2026-01-31 23:00:00,2026-02-01T01:00:00+05:00,d05b3cae0b8e890efb085c68704c9fb8d2cbf736bedd6d6ce81594bf3efad63a,gfs_seamless,False
turbine_2,2026-02-07 21:00:00+00:00,24,0.9893190120694585,0.9893190120694585,False,False,0.9598799435028249,13.51,0.1,2026-02-07 19:00:00+00:00,2.0,2026-01-31 23:00:00,2026-02-01T01:00:00+05:00,d05b3cae0b8e890efb085c68704c9fb8d2cbf736bedd6d6ce81594bf3efad63a,gfs_seamless,False
turbine_2,2026-02-07 22:00:00+00:00,24,0.9809279463825396,0.9809279463825396,False,False,0.9518670076726343,11.9,-0.1,2026-02-07 19:00:00+00:00,3.0,2026-01-31 23:00:00,2026-02-01T01:00:00+05:00,d05b3cae0b8e890efb085c68704c9fb8d2cbf736bedd6d6ce81594bf3efad63a,gfs_seamless,False
turbine_2,2026-02-07 23:00:00+00:00,24,0.9185074330196233,0.9185074330196233,False,False,0.8845606610237807,10.57,-0.9,2026-02-07 19:00:00+00:00,4.0,2026-01-31 23:00:00,2026-02-01T01:00:00+05:00,d05b3cae0b8e890efb085c68704c9fb8d2cbf736bedd6d6ce81594bf3efad63a,gfs_seamless,False
turbine_2,2026-02-08 00:00:00+00:00,24,0.8173554207119793,0.8173554207119793,False,False,0.7536449275362319,9.87,-1.2,2026-02-07 19:00:00+00:00,5.0,2026-01-31 23:00:00,2026-02-01T01:00:00+05:00,d05b3cae0b8e890efb085c68704c9fb8d2cbf736bedd6d6ce81594bf3efad63a,gfs_seamless,False
turbine_2,2026-02-08 01:00:00+00:00,24,0.5588740637079924,0.5588740637079924,False,False,0.5334922575387123,8.46,-1.3,2026-02-07 19:00:00+00:00,6.0,2026-01-31 23:00:00,2026-02-01T01:00:00+05:00,d05b3cae0b8e890efb085c68704c9fb8d2cbf736bedd6d6ce81594bf3efad63a,gfs_seamless,False
turbine_2,2026-02-08 02:00:00+00:00,24,0.42386182500921915,0.42386182500921915,False,False,0.45997253690353584,7.51,-0.8,2026-02-07 19:00:00+00:00,7.0,2026-01-31 23:00:00,2026-02-01T01:00:00+05:00,d05b3cae0b8e890efb085c68704c9fb8d2cbf736bedd6d6ce81594bf3efad63a,gfs_seamless,False
turbine_2,2026-02-08 03:00:00+00:00,24,0.25299364082023335,0.25299364082023335,False,False,0.24514071038251364,6.39,-0.1,2026-02-07 19:00:00+00:00,8.0,2026-01-31 23:00:00,2026-02-01T01:00:00+05:00,d05b3cae0b8e890efb085c68704c9fb8d2cbf736bedd6d6ce81594bf3efad63a,gfs_seamless,False
turbine_2,2026-02-08 04:00:00+00:00,24,0.16134863374467667,0.16134863374467667,False,False,0.18799815254684613,5.82,1.8,2026-02-07 19:00:00+00:00,9.0,2026-01-31 23:00:00,2026-02-01T01:00:00+05:00,d05b3cae0b8e890efb085c68704c9fb8d2cbf736bedd6d6ce81594bf3efad63a,gfs_seamless,False
turbine_2,2026-02-08 05:00:00+00:00,24,0.08171005950169062,0.08171005950169062,False,False,0.10500000000000001,4.8,2.6,2026-02-07 19:00:00+00:00,10.0,2026-01-31 23:00:00,2026-02-01T01:00:00+05:00,d05b3cae0b8e890efb085c68704c9fb8d2cbf736bedd6d6ce81594bf3efad63a,gfs_seamless,False
turbine_2,2026-02-08 06:00:00+00:00,24,0.009605254919308578,0.009605254919308578,False,False,0.010127472003812246,1.91,2.8,2026-02-07 19:00:00+00:00,11.0,2026-01-31 23:00:00,2026-02-01T01:00:00+05:00,d05b3cae0b8e890efb085c68704c9fb8d2cbf736bedd6d6ce81594bf3efad63a,gfs_seamless,False
turbine_2,2026-02-08 07:00:00+00:00,24,0.009653921031100122,0.009653921031100122,False,False,0.00971122112211221,1.26,3.7,2026-02-07 19:00:00+00:00,12.0,2026-01-31 23:00:00,2026-02-01T01:00:00+05:00,d05b3cae0b8e890efb085c68704c9fb8d2cbf736bedd6d6ce81594bf3efad63a,gfs_seamless,False
turbine_2,2026-02-08 08:00:00+00:00,24,0.02973674178221186,0.02973674178221186,False,False,0.0552395725611858,3.76,4.7,2026-02-07 19:00:00+00:00,13.0,2026-01-31 23:00:00,2026-02-01T01:00:00+05:00,d05b3cae0b8e890efb085c68704c9fb8d2cbf736bedd6d6ce81594bf3efad63a,gfs_seamless,False
turbine_2,2026-02-08 09:00:00+00:00,24,0.40378189911673096,0.40378189911673096,False,False,0.3872421383647799,7.46,5.1,2026-02-07 19:00:00+00:00,14.0,2026-01-31 23:00:00,2026-02-01T01:00:00+05:00,d05b3cae0b8e890efb085c68704c9fb8d2cbf736bedd6d6ce81594bf3efad63a,gfs_seamless,False
turbine_2,2026-02-08 10:00:00+00:00,24,0.9372844896414292,0.9372844896414292,False,False,0.8845606610237807,10.95,4.7,2026-02-07 19:00:00+00:00,15.0,2026-01-31 23:00:00,2026-02-01T01:00:00+05:00,d05b3cae0b8e890efb085c68704c9fb8d2cbf736bedd6d6ce81594bf3efad63a,gfs_seamless,False
turbine_2,2026-02-08 11:00:00+00:00,24,0.9781071645914281,0.9781071645914281,False,False,0.9603782505910166,14.3,4.2,2026-02-07 19:00:00+00:00,16.0,2026-01-31 23:00:00,2026-02-01T01:00:00+05:00,d05b3cae0b8e890efb085c68704c9fb8d2cbf736bedd6d6ce81594bf3efad63a,gfs_seamless,False
turbine_2,2026-02-08 12:00:00+00:00,24,0.9394455496386718,0.9394455496386718,False,False,0.9347222222222222,15.88,2.3,2026-02-07 19:00:00+00:00,17.0,2026-01-31 23:00:00,2026-02-01T01:00:00+05:00,d05b3cae0b8e890efb085c68704c9fb8d2cbf736bedd6d6ce81594bf3efad63a,gfs_seamless,False
turbine_2,2026-02-08 13:00:00+00:00,24,0.9032277791076297,0.9032277791076297,False,False,0.9347222222222222,15.66,1.1,2026-02-07 19:00:00+00:00,18.0,2026-01-31 23:00:00,2026-02-01T01:00:00+05:00,d05b3cae0b8e890efb085c68704c9fb8d2cbf736bedd6d6ce81594bf3efad63a,gfs_seamless,False
turbine_2,2026-02-08 14:00:00+00:00,24,0.9032277791076297,0.9032277791076297,False,False,0.9726666666666667,16.07,0.4,2026-02-07 19:00:00+00:00,19.0,2026-01-31 23:00:00,2026-02-01T01:00:00+05:00,d05b3cae0b8e890efb085c68704c9fb8d2cbf736bedd6d6ce81594bf3efad63a,gfs_seamless,False
turbine_2,2026-02-08 15:00:00+00:00,24,0.9057223266315843,0.9057223266315843,False,False,0.9726666666666667,16.29,0.0,2026-02-07 19:00:00+00:00,20.0,2026-01-31 23:00:00,2026-02-01T01:00:00+05:00,d05b3cae0b8e890efb085c68704c9fb8d2cbf736bedd6d6ce81594bf3efad63a,gfs_seamless,False
turbine_2,2026-02-08 16:00:00+00:00,24,0.9057223266315843,0.9057223266315843,False,False,0.9726666666666667,16.3,0.0,2026-02-07 19:00:00+00:00,21.0,2026-01-31 23:00:00,2026-02-01T01:00:00+05:00,d05b3cae0b8e890efb085c68704c9fb8d2cbf736bedd6d6ce81594bf3efad63a,gfs_seamless,False
turbine_2,2026-02-08 17:00:00+00:00,24,0.9057223266315843,0.9057223266315843,False,False,0.9726666666666667,16.01,-0.0,2026-02-07 19:00:00+00:00,22.0,2026-01-31 23:00:00,2026-02-01T01:00:00+05:00,d05b3cae0b8e890efb085c68704c9fb8d2cbf736bedd6d6ce81594bf3efad63a,gfs_seamless,False
turbine_2,2026-02-08 18:00:00+00:00,24,0.7838372486415341,0.7838372486415341,False,False,0.9443333333333334,17.12,-0.5,2026-02-07 19:00:00+00:00,23.0,2026-01-31 23:00:00,2026-02-01T01:00:00+05:00,d05b3cae0b8e890efb085c68704c9fb8d2cbf736bedd6d6ce81594bf3efad63a,gfs_seamless,False
turbine_2,2026-02-08 19:00:00+00:00,24,0.8024868470551728,0.8024868470551728,False,False,0.9443333333333334,17.38,-0.6,2026-02-07 19:00:00+00:00,24.0,2026-01-31 23:00:00,2026-02-01T01:00:00+05:00,d05b3cae0b8e890efb085c68704c9fb8d2cbf736bedd6d6ce81594bf3efad63a,gfs_seamless,False
turbine_2,2026-02-08 20:00:00+00:00,48,0.7838372486415341,0.7838372486415341,False,False,0.909047619047619,17.51,-0.5,2026-02-07 19:00:00+00:00,25.0,2026-01-31 23:00:00,2026-02-01T01:00:00+05:00,d05b3cae0b8e890efb085c68704c9fb8d2cbf736bedd6d6ce81594bf3efad63a,gfs_seamless,False
turbine_2,2026-02-08 21:00:00+00:00,48,0.8024868470551728,0.8024868470551728,False,False,0.9766666666666668,18.65,-0.7,2026-02-07 19:00:00+00:00,26.0,2026-01-31 23:00:00,2026-02-01T01:00:00+05:00,d05b3cae0b8e890efb085c68704c9fb8d2cbf736bedd6d6ce81594bf3efad63a,gfs_seamless,False
turbine_2,2026-02-08 22:00:00+00:00,48,0.8806822183871776,0.8806822183871776,False,False,0.9766666666666667,19.14,-1.1,2026-02-07 19:00:00+00:00,27.0,2026-01-31 23:00:00,2026-02-01T01:00:00+05:00,d05b3cae0b8e890efb085c68704c9fb8d2cbf736bedd6d6ce81594bf3efad63a,gfs_seamless,False
turbine_2,2026-02-08 23:00:00+00:00,48,0.958300723213559,0.958300723213559,False,True,0.36628967613514096,19.63,-1.3,2026-02-07 19:00:00+00:00,28.0,2026-01-31 23:00:00,2026-02-01T01:00:00+05:00,d05b3cae0b8e890efb085c68704c9fb8d2cbf736bedd6d6ce81594bf3efad63a,gfs_seamless,False
turbine_2,2026-02-09 00:00:00+00:00,48,0.958300723213559,0.958300723213559,False,True,0.36628967613514096,20.07,-1.4,2026-02-07 19:00:00+00:00,29.0,2026-01-31 23:00:00,2026-02-01T01:00:00+05:00,d05b3cae0b8e890efb085c68704c9fb8d2cbf736bedd6d6ce81594bf3efad63a,gfs_seamless,False
turbine_2,2026-02-09 01:00:00+00:00,48,0.9602659840910129,0.9602659840910129,False,True,0.36628967613514096,20.04,-1.5,2026-02-07 19:00:00+00:00,30.0,2026-01-31 23:00:00,2026-02-01T01:00:00+05:00,d05b3cae0b8e890efb085c68704c9fb8d2cbf736bedd6d6ce81594bf3efad63a,gfs_seamless,False
turbine_2,2026-02-09 02:00:00+00:00,48,0.9602659840910129,0.9602659840910129,False,True,0.36628967613514096,20.08,-1.6,2026-02-07 19:00:00+00:00,31.0,2026-01-31 23:00:00,2026-02-01T01:00:00+05:00,d05b3cae0b8e890efb085c68704c9fb8d2cbf736bedd6d6ce81594bf3efad63a,gfs_seamless,False
turbine_2,2026-02-09 03:00:00+00:00,48,0.8877142630166696,0.8877142630166696,False,True,0.36628967613514096,19.66,-0.8,2026-02-07 19:00:00+00:00,32.0,2026-01-31 23:00:00,2026-02-01T01:00:00+05:00,d05b3cae0b8e890efb085c68704c9fb8d2cbf736bedd6d6ce81594bf3efad63a,gfs_seamless,False
turbine_2,2026-02-09 04:00:00+00:00,48,0.9032277791076297,0.9032277791076297,False,True,0.36628967613514096,19.58,1.1,2026-02-07 19:00:00+00:00,33.0,2026-01-31 23:00:00,2026-02-01T01:00:00+05:00,d05b3cae0b8e890efb085c68704c9fb8d2cbf736bedd6d6ce81594bf3efad63a,gfs_seamless,False
turbine_2,2026-02-09 05:00:00+00:00,48,0.941464802357036,0.941464802357036,False,True,0.36628967613514096,20.21,2.7,2026-02-07 19:00:00+00:00,34.0,2026-01-31 23:00:00,2026-02-01T01:00:00+05:00,d05b3cae0b8e890efb085c68704c9fb8d2cbf736bedd6d6ce81594bf3efad63a,gfs_seamless,False
turbine_2,2026-02-09 06:00:00+00:00,48,0.9617232117761737,0.9617232117761737,False,True,0.36628967613514096,20.21,4.5,2026-02-07 19:00:00+00:00,35.0,2026-01-31 23:00:00,2026-02-01T01:00:00+05:00,d05b3cae0b8e890efb085c68704c9fb8d2cbf736bedd6d6ce81594bf3efad63a,gfs_seamless,False
turbine_2,2026-02-09 07:00:00+00:00,48,0.9445603617283567,0.9445603617283567,False,True,0.36628967613514096,20.18,5.3,2026-02-07 19:00:00+00:00,36.0,2026-01-31 23:00:00,2026-02-01T01:00:00+05:00,d05b3cae0b8e890efb085c68704c9fb8d2cbf736bedd6d6ce81594bf3efad63a,gfs_seamless,False
turbine_2,2026-02-09 08:00:00+00:00,48,0.9719153530169461,0.9719153530169461,False,False,0.9766666666666668,18.98,6.0,2026-02-07 19:00:00+00:00,37.0,2026-01-31 23:00:00,2026-02-01T01:00:00+05:00,d05b3cae0b8e890efb085c68704c9fb8d2cbf736bedd6d6ce81594bf3efad63a,gfs_seamless,False
turbine_2,2026-02-09 09:00:00+00:00,48,0.9719153530169461,0.9719153530169461,False,False,0.909047619047619,17.99,6.1,2026-02-07 19:00:00+00:00,38.0,2026-01-31 23:00:00,2026-02-01T01:00:00+05:00,d05b3cae0b8e890efb085c68704c9fb8d2cbf736bedd6d6ce81594bf3efad63a,gfs_seamless,False
turbine_2,2026-02-09 10:00:00+00:00,48,0.9668849441859634,0.9668849441859634,False,False,0.9496153846153847,15.47,5.4,2026-02-07 19:00:00+00:00,39.0,2026-01-31 23:00:00,2026-02-01T01:00:00+05:00,d05b3cae0b8e890efb085c68704c9fb8d2cbf736bedd6d6ce81594bf3efad63a,gfs_seamless,False
turbine_2,2026-02-09 11:00:00+00:00,48,0.9812194108779797,0.9812194108779797,False,False,0.9598799435028249,13.84,4.7,2026-02-07 19:00:00+00:00,40.0,2026-01-31 23:00:00,2026-02-01T01:00:00+05:00,d05b3cae0b8e890efb085c68704c9fb8d2cbf736bedd6d6ce81594bf3efad63a,gfs_seamless,False
turbine_2,2026-02-09 12:00:00+00:00,48,0.9170183977200022,0.9170183977200022,False,False,0.8845606610237807,10.7,3.2,2026-02-07 19:00:00+00:00,41.0,2026-01-31 23:00:00,2026-02-01T01:00:00+05:00,d05b3cae0b8e890efb085c68704c9fb8d2cbf736bedd6d6ce81594bf3efad63a,gfs_seamless,False
turbine_2,2026-02-09 13:00:00+00:00,48,0.5079573873461246,0.5079573873461246,False,False,0.5334922575387123,8.11,1.8,2026-02-07 19:00:00+00:00,42.0,2026-01-31 23:00:00,2026-02-01T01:00:00+05:00,d05b3cae0b8e890efb085c68704c9fb8d2cbf736bedd6d6ce81594bf3efad63a,gfs_seamless,False
turbine_2,2026-02-09 14:00:00+00:00,48,0.24287435157198684,0.24287435157198684,False,False,0.24514071038251364,6.44,1.8,2026-02-07 19:00:00+00:00,43.0,2026-01-31 23:00:00,2026-02-01T01:00:00+05:00,d05b3cae0b8e890efb085c68704c9fb8d2cbf736bedd6d6ce81594bf3efad63a,gfs_seamless,False
turbine_2,2026-02-09 15:00:00+00:00,48,0.1505638490400366,0.1505638490400366,False,False,0.18799815254684613,5.66,2.2,2026-02-07 19:00:00+00:00,44.0,2026-01-31 23:00:00,2026-02-01T01:00:00+05:00,d05b3cae0b8e890efb085c68704c9fb8d2cbf736bedd6d6ce81594bf3efad63a,gfs_seamless,False
turbine_2,2026-02-09 16:00:00+00:00,48,0.13943818329955482,0.13943818329955482,False,False,0.18799815254684613,5.58,2.1,2026-02-07 19:00:00+00:00,45.0,2026-01-31 23:00:00,2026-02-01T01:00:00+05:00,d05b3cae0b8e890efb085c68704c9fb8d2cbf736bedd6d6ce81594bf3efad63a,gfs_seamless,False
turbine_2,2026-02-09 17:00:00+00:00,48,0.09495028726384158,0.09495028726384158,False,False,0.14257562144354596,5.04,2.5,2026-02-07 19:00:00+00:00,46.0,2026-01-31 23:00:00,2026-02-01T01:00:00+05:00,d05b3cae0b8e890efb085c68704c9fb8d2cbf736bedd6d6ce81594bf3efad63a,gfs_seamless,False
turbine_2,2026-02-09 18:00:00+00:00,48,0.04929478156120795,0.04929478156120795,False,False,0.07894438894438895,4.37,1.9,2026-02-07 19:00:00+00:00,47.0,2026-01-31 23:00:00,2026-02-01T01:00:00+05:00,d05b3cae0b8e890efb085c68704c9fb8d2cbf736bedd6d6ce81594bf3efad63a,gfs_seamless,False
turbine_2,2026-02-09 19:00:00+00:00,48,0.04957894307643734,0.04957894307643734,False,False,0.07894438894438895,4.34,2.2,2026-02-07 19:00:00+00:00,48.0,2026-01-31 23:00:00,2026-02-01T01:00:00+05:00,d05b3cae0b8e890efb085c68704c9fb8d2cbf736bedd6d6ce81594bf3efad63a,gfs_seamless,False
turbine_1,2026-02-08 20:00:00+00:00,24,0.9172741805372838,0.9172741805372838,False,False,0.989047619047619,17.61,-0.8,2026-02-08 19:00:00+00:00,1.0,2026-01-31 23:00:00,2026-02-01T01:00:00+05:00,e46d74629bd710750db40d5e9d8f3eadbaa20ee486e416572c0d88f6ec77ad79,gfs_seamless,False
turbine_1,2026-02-08 21:00:00+00:00,24,0.985642906790382,0.985642906790382,False,False,0.8188888888888889,18.44,-1.4,2026-02-08 19:00:00+00:00,2.0,2026-01-31 23:00:00,2026-02-01T01:00:00+05:00,e46d74629bd710750db40d5e9d8f3eadbaa20ee486e416572c0d88f6ec77ad79,gfs_seamless,False
turbine_1,2026-02-08 22:00:00+00:00,24,0.997060148304086,0.997060148304086,False,False,0.9874999999999999,18.66,-1.7,2026-02-08 19:00:00+00:00,3.0,2026-01-31 23:00:00,2026-02-01T01:00:00+05:00,e46d74629bd710750db40d5e9d8f3eadbaa20ee486e416572c0d88f6ec77ad79,gfs_seamless,False
turbine_1,2026-02-08 23:00:00+00:00,24,0.997060148304086,0.997060148304086,False,False,0.9883333333333333,19.07,-1.7,2026-02-08 19:00:00+00:00,4.0,2026-01-31 23:00:00,2026-02-01T01:00:00+05:00,e46d74629bd710750db40d5e9d8f3eadbaa20ee486e416572c0d88f6ec77ad79,gfs_seamless,False
turbine_1,2026-02-09 00:00:00+00:00,24,0.9933421699661303,0.9933421699661303,False,False,0.9874999999999999,18.76,-2.0,2026-02-08 19:00:00+00:00,5.0,2026-01-31 23:00:00,2026-02-01T01:00:00+05:00,e46d74629bd710750db40d5e9d8f3eadbaa20ee486e416572c0d88f6ec77ad79,gfs_seamless,False
turbine_1,2026-02-09 01:00:00+00:00,24,0.9933421699661303,0.9933421699661303,False,False,0.989047619047619,17.87,-2.2,2026-02-08 19:00:00+00:00,6.0,2026-01-31 23:00:00,2026-02-01T01:00:00+05:00,e46d74629bd710750db40d5e9d8f3eadbaa20ee486e416572c0d88f6ec77ad79,gfs_seamless,False
turbine_1,2026-02-09 02:00:00+00:00,24,0.990267880579615,0.990267880579615,False,False,0.989047619047619,17.92,-2.3,2026-02-08 19:00:00+00:00,7.0,2026-01-31 23:00:00,2026-02-01T01:00:00+05:00,e46d74629bd710750db40d5e9d8f3eadbaa20ee486e416572c0d88f6ec77ad79,gfs_seamless,False
turbine_1,2026-02-09 03:00:00+00:00,24,0.979480951047973,0.979480951047973,False,False,0.8188888888888889,18.41,-1.2,2026-02-08 19:00:00+00:00,8.0,2026-01-31 23:00:00,2026-02-01T01:00:00+05:00,e46d74629bd710750db40d5e9d8f3eadbaa20ee486e416572c0d88f6ec77ad79,gfs_seamless,False
turbine_1,2026-02-09 04:00:00+00:00,24,0.9824925300705311,0.9824925300705311,False,False,0.8188888888888889,18.41,1.0,2026-02-08 19:00:00+00:00,9.0,2026-01-31 23:00:00,2026-02-01T01:00:00+05:00,e46d74629bd710750db40d5e9d8f3eadbaa20ee486e416572c0d88f6ec77ad79,gfs_seamless,False
turbine_1,2026-02-09 05:00:00+00:00,24,0.9727557148008033,0.9727557148008033,False,False,0.9883333333333333,19.24,2.7,2026-02-08 19:00:00+00:00,10.0,2026-01-31 23:00:00,2026-02-01T01:00:00+05:00,e46d74629bd710750db40d5e9d8f3eadbaa20ee486e416572c0d88f6ec77ad79,gfs_seamless,False
turbine_1,2026-02-09 06:00:00+00:00,24,0.9882277143655407,0.9882277143655407,False,False,0.9899999999999999,19.5,3.6,2026-02-08 19:00:00+00:00,11.0,2026-01-31 23:00:00,2026-02-01T01:00:00+05:00,e46d74629bd710750db40d5e9d8f3eadbaa20ee486e416572c0d88f6ec77ad79,gfs_seamless,False
turbine_1,2026-02-09 07:00:00+00:00,24,0.9879365601704724,0.9879365601704724,False,False,0.9883333333333333,19.23,5.0,2026-02-08 19:00:00+00:00,12.0,2026-01-31 23:00:00,2026-02-01T01:00:00+05:00,e46d74629bd710750db40d5e9d8f3eadbaa20ee486e416572c0d88f6ec77ad79,gfs_seamless,False
turbine_1,2026-02-09 08:00:00+00:00,24,0.9894287171302115,0.9894287171302115,False,False,0.9874999999999999,18.53,5.5,2026-02-08 19:00:00+00:00,13.0,2026-01-31 23:00:00,2026-02-01T01:00:00+05:00,e46d74629bd710750db40d5e9d8f3eadbaa20ee486e416572c0d88f6ec77ad79,gfs_seamless,False
turbine_1,2026-02-09 09:00:00+00:00,24,0.9894287171302115,0.9894287171302115,False,False,0.9877272727272726,17.08,5.3,2026-02-08 19:00:00+00:00,14.0,2026-01-31 23:00:00,2026-02-01T01:00:00+05:00,e46d74629bd710750db40d5e9d8f3eadbaa20ee486e416572c0d88f6ec77ad79,gfs_seamless,False
turbine_1,2026-02-09 10:00:00+00:00,24,0.9894287171302115,0.9894287171302115,False,False,0.9894999999999999,16.82,5.5,2026-02-08 19:00:00+00:00,15.0,2026-01-31 23:00:00,2026-02-01T01:00:00+05:00,e46d74629bd710750db40d5e9d8f3eadbaa20ee486e416572c0d88f6ec77ad79,gfs_seamless,False
turbine_1,2026-02-09 11:00:00+00:00,24,0.9907953514216019,0.9907953514216019,False,False,0.9650781249999999,15.12,4.8,2026-02-08 19:00:00+00:00,16.0,2026-01-31 23:00:00,2026-02-01T01:00:00+05:00,e46d74629bd710750db40d5e9d8f3eadbaa20ee486e416572c0d88f6ec77ad79,gfs_seamless,False
turbine_1,2026-02-09 12:00:00+00:00,24,0.9326703314571326,0.9326703314571326,False,False,0.8937111928104575,10.75,2.5,2026-02-08 19:00:00+00:00,17.0,2026-01-31 23:00:00,2026-02-01T01:00:00+05:00,e46d74629bd710750db40d5e9d8f3eadbaa20ee486e416572c0d88f6ec77ad79,gfs_seamless,False
turbine_1,2026-02-09 13:00:00+00:00,24,0.6950490715903271,0.6950490715903271,False,False,0.6267624521072798,8.95,1.1,2026-02-08 19:00:00+00:00,18.0,2026-01-31 23:00:00,2026-02-01T01:00:00+05:00,e46d74629bd710750db40d5e9d8f3eadbaa20ee486e416572c0d88f6ec77ad79,gfs_seamless,False
turbine_1,2026-02-09 14:00:00+00:00,24,0.40966389502293976,0.40966389502293976,False,False,0.3981808278867102,7.26,1.0,2026-02-08 19:00:00+00:00,19.0,2026-01-31 23:00:00,2026-02-01T01:00:00+05:00,e46d74629bd710750db40d5e9d8f3eadbaa20ee486e416572c0d88f6ec77ad79,gfs_seamless,False
turbine_1,2026-02-09 15:00:00+00:00,24,0.2701624467946843,0.2701624467946843,False,False,0.2560354184518709,6.4,1.2,2026-02-08 19:00:00+00:00,20.0,2026-01-31 23:00:00,2026-02-01T01:00:00+05:00,e46d74629bd710750db40d5e9d8f3eadbaa20ee486e416572c0d88f6ec77ad79,gfs_seamless,False
turbine_1,2026-02-09 16:00:00+00:00,24,0.18652393245097149,0.18652393245097149,False,False,0.19472402597402597,5.94,1.6,2026-02-08 19:00:00+00:00,21.0,2026-01-31 23:00:00,2026-02-01T01:00:00+05:00,e46d74629bd710750db40d5e9d8f3eadbaa20ee486e416572c0d88f6ec77ad79,gfs_seamless,False
turbine_1,2026-02-09 17:00:00+00:00,24,0.13013751990291705,0.13013751990291705,False,False,0.14868314676616917,5.32,2.1,2026-02-08 19:00:00+00:00,22.0,2026-01-31 23:00:00,2026-02-01T01:00:00+05:00,e46d74629bd710750db40d5e9d8f3eadbaa20ee486e416572c0d88f6ec77ad79,gfs_seamless,False
turbine_1,2026-02-09 18:00:00+00:00,24,0.09668224055719879,0.09668224055719879,False,False,0.11167154471544716,4.91,1.9,2026-02-08 19:00:00+00:00,23.0,2026-01-31 23:00:00,2026-02-01T01:00:00+05:00,e46d74629bd710750db40d5e9d8f3eadbaa20ee486e416572c0d88f6ec77ad79,gfs_seamless,False
turbine_1,2026-02-09 19:00:00+00:00,24,0.04054281422234528,0.04054281422234528,False,False,0.08138774811772757,4.12,2.2,2026-02-08 19:00:00+00:00,24.0,2026-01-31 23:00:00,2026-02-01T01:00:00+05:00,e46d74629bd710750db40d5e9d8f3eadbaa20ee486e416572c0d88f6ec77ad79,gfs_seamless,False
turbine_1,2026-02-09 20:00:00+00:00,48,0.08106701008362355,0.08106701008362355,False,False,0.11167154471544716,4.59,2.7,2026-02-08 19:00:00+00:00,25.0,2026-01-31 23:00:00,2026-02-01T01:00:00+05:00,e46d74629bd710750db40d5e9d8f3eadbaa20ee486e416572c0d88f6ec77ad79,gfs_seamless,False
turbine_1,2026-02-09 21:00:00+00:00,48,0.09981694491729132,0.09981694491729132,False,False,0.11167154471544716,4.87,2.7,2026-02-08 19:00:00+00:00,26.0,2026-01-31 23:00:00,2026-02-01T01:00:00+05:00,e46d74629bd710750db40d5e9d8f3eadbaa20ee486e416572c0d88f6ec77ad79,gfs_seamless,False
turbine_1,2026-02-09 22:00:00+00:00,48,0.46498143249333057,0.46498143249333057,False,False,0.47519897772909825,7.57,2.6,2026-02-08 19:00:00+00:00,27.0,2026-01-31 23:00:00,2026-02-01T01:00:00+05:00,e46d74629bd710750db40d5e9d8f3eadbaa20ee486e416572c0d88f6ec77ad79,gfs_seamless,False
turbine_1,2026-02-09 23:00:00+00:00,48,0.48509955590833975,0.48509955590833975,False,False,0.47519897772909825,7.65,1.7,2026-02-08 19:00:00+00:00,28.0,2026-01-31 23:00:00,2026-02-01T01:00:00+05:00,e46d74629bd710750db40d5e9d8f3eadbaa20ee486e416572c0d88f6ec77ad79,gfs_seamless,False
turbine_1,2026-02-10 00:00:00+00:00,48,0.7848434420384713,0.7848434420384713,False,False,0.6955416051206302,9.44,1.2,2026-02-08 19:00:00+00:00,29.0,2026-01-31 23:00:00,2026-02-01T01:00:00+05:00,e46d74629bd710750db40d5e9d8f3eadbaa20ee486e416572c0d88f6ec77ad79,gfs_seamless,False
turbine_1,2026-02-10 01:00:00+00:00,48,0.8917849987451701,0.8917849987451701,False,False,0.8301109660574413,10.29,1.0,2026-02-08 19:00:00+00:00,30.0,2026-01-31 23:00:00,2026-02-01T01:00:00+05:00,e46d74629bd710750db40d5e9d8f3eadbaa20ee486e416572c0d88f6ec77ad79,gfs_seamless,False
turbine_1,2026-02-10 02:00:00+00:00,48,0.8689704153657374,0.8689704153657374,False,False,0.8301109660574413,10.07,-0.2,2026-02-08 19:00:00+00:00,31.0,2026-01-31 23:00:00,2026-02-01T01:00:00+05:00,e46d74629bd710750db40d5e9d8f3eadbaa20ee486e416572c0d88f6ec77ad79,gfs_seamless,False
turbine_1,2026-02-10 03:00:00+00:00,48,0.6978317741172815,0.6978317741172815,False,False,0.6955416051206302,9.02,1.0,2026-02-08 19:00:00+00:00,32.0,2026-01-31 23:00:00,2026-02-01T01:00:00+05:00,e46d74629bd710750db40d5e9d8f3eadbaa20ee486e416572c0d88f6ec77ad79,gfs_seamless,False
turbine_1,2026-02-10 04:00:00+00:00,48,0.6109956766895515,0.6109956766895515,False,False,0.5480688448074679,8.44,1.8,2026-02-08 19:00:00+00:00,33.0,2026-01-31 23:00:00,2026-02-01T01:00:00+05:00,e46d74629bd710750db40d5e9d8f3eadbaa20ee486e416572c0d88f6ec77ad79,gfs_seamless,False
turbine_1,2026-02-10 05:00:00+00:00,48,0.6841408897643421,0.6841408897643421,False,False,0.6267624521072798,8.91,2.8,2026-02-08 19:00:00+00:00,34.0,2026-01-31 23:00:00,2026-02-01T01:00:00+05:00,e46d74629bd710750db40d5e9d8f3eadbaa20ee486e416572c0d88f6ec77ad79,gfs_seamless,False
turbine_1,2026-02-10 06:00:00+00:00,48,0.6188807418667394,0.6188807418667394,False,False,0.6267624521072798,8.51,4.8,2026-02-08 19:00:00+00:00,35.0,2026-01-31 23:00:00,2026-02-01T01:00:00+05:00,e46d74629bd710750db40d5e9d8f3eadbaa20ee486e416572c0d88f6ec77ad79,gfs_seamless,False
turbine_1,2026-02-10 07:00:00+00:00,48,0.6121189568858993,0.6121189568858993,False,False,0.5480688448074679,8.49,6.3,2026-02-08 19:00:00+00:00,36.0,2026-01-31 23:00:00,2026-02-01T01:00:00+05:00,e46d74629bd710750db40d5e9d8f3eadbaa20ee486e416572c0d88f6ec77ad79,gfs_seamless,False
turbine_1,2026-02-10 08:00:00+00:00,48,0.368009321115927,0.368009321115927,False,False,0.3981808278867102,7.07,7.1,2026-02-08 19:00:00+00:00,37.0,2026-01-31 23:00:00,2026-02-01T01:00:00+05:00,e46d74629bd710750db40d5e9d8f3eadbaa20ee486e416572c0d88f6ec77ad79,gfs_seamless,False
turbine_1,2026-02-10 09:00:00+00:00,48,0.22536684603061566,0.22536684603061566,False,False,0.2560354184518709,6.04,7.2,2026-02-08 19:00:00+00:00,38.0,2026-01-31 23:00:00,2026-02-01T01:00:00+05:00,e46d74629bd710750db40d5e9d8f3eadbaa20ee486e416572c0d88f6ec77ad79,gfs_seamless,False
turbine_1,2026-02-10 10:00:00+00:00,48,0.105226152653271,0.105226152653271,False,False,0.11167154471544716,4.87,7.1,2026-02-08 19:00:00+00:00,39.0,2026-01-31 23:00:00,2026-02-01T01:00:00+05:00,e46d74629bd710750db40d5e9d8f3eadbaa20ee486e416572c0d88f6ec77ad79,gfs_seamless,False
turbine_1,2026-02-10 11:00:00+00:00,48,0.05751964980144111,0.05751964980144111,False,False,0.08138774811772757,4.16,6.4,2026-02-08 19:00:00+00:00,40.0,2026-01-31 23:00:00,2026-02-01T01:00:00+05:00,e46d74629bd710750db40d5e9d8f3eadbaa20ee486e416572c0d88f6ec77ad79,gfs_seamless,False
turbine_1,2026-02-10 12:00:00+00:00,48,0.0824135608143732,0.0824135608143732,False,False,0.11167154471544716,4.61,5.2,2026-02-08 19:00:00+00:00,41.0,2026-01-31 23:00:00,2026-02-01T01:00:00+05:00,e46d74629bd710750db40d5e9d8f3eadbaa20ee486e416572c0d88f6ec77ad79,gfs_seamless,False
turbine_1,2026-02-10 13:00:00+00:00,48,0.19665227397254312,0.19665227397254312,False,False,0.19472402597402597,5.81,4.4,2026-02-08 19:00:00+00:00,42.0,2026-01-31 23:00:00,2026-02-01T01:00:00+05:00,e46d74629bd710750db40d5e9d8f3eadbaa20ee486e416572c0d88f6ec77ad79,gfs_seamless,False
turbine_1,2026-02-10 14:00:00+00:00,48,0.5327113654708061,0.5327113654708061,False,False,0.47519897772909825,7.94,4.2,2026-02-08 19:00:00+00:00,43.0,2026-01-31 23:00:00,2026-02-01T01:00:00+05:00,e46d74629bd710750db40d5e9d8f3eadbaa20ee486e416572c0d88f6ec77ad79,gfs_seamless,False
turbine_1,2026-02-10 15:00:00+00:00,48,0.7492266817856313,0.7492266817856313,False,False,0.6955416051206302,9.26,3.7,2026-02-08 19:00:00+00:00,44.0,2026-01-31 23:00:00,2026-02-01T01:00:00+05:00,e46d74629bd710750db40d5e9d8f3eadbaa20ee486e416572c0d88f6ec77ad79,gfs_seamless,False
turbine_1,2026-02-10 16:00:00+00:00,48,0.9290183621826718,0.9290183621826718,False,False,0.8937111928104575,10.67,2.6,2026-02-08 19:00:00+00:00,45.0,2026-01-31 23:00:00,2026-02-01T01:00:00+05:00,e46d74629bd710750db40d5e9d8f3eadbaa20ee486e416572c0d88f6ec77ad79,gfs_seamless,False
turbine_1,2026-02-10 17:00:00+00:00,48,0.9832505510315921,0.9832505510315921,False,False,0.9603525641025641,11.69,2.1,2026-02-08 19:00:00+00:00,46.0,2026-01-31 23:00:00,2026-02-01T01:00:00+05:00,e46d74629bd710750db40d5e9d8f3eadbaa20ee486e416572c0d88f6ec77ad79,gfs_seamless,False
turbine_1,2026-02-10 18:00:00+00:00,48,0.9836108430910124,0.9836108430910124,False,False,0.9603525641025641,11.63,2.3,2026-02-08 19:00:00+00:00,47.0,2026-01-31 23:00:00,2026-02-01T01:00:00+05:00,e46d74629bd710750db40d5e9d8f3eadbaa20ee486e416572c0d88f6ec77ad79,gfs_seamless,False
turbine_1,2026-02-10 19:00:00+00:00,48,0.9921858058998875,0.9921858058998875,False,False,0.9761353467561521,13.25,2.3,2026-02-08 19:00:00+00:00,48.0,2026-01-31 23:00:00,2026-02-01T01:00:00+05:00,e46d74629bd710750db40d5e9d8f3eadbaa20ee486e416572c0d88f6ec77ad79,gfs_seamless,False
turbine_2,2026-02-08 20:00:00+00:00,24,0.8877142630166696,0.8877142630166696,False,False,0.909047619047619,17.61,-0.8,2026-02-08 19:00:00+00:00,1.0,2026-01-31 23:00:00,2026-02-01T01:00:00+05:00,d05b3cae0b8e890efb085c68704c9fb8d2cbf736bedd6d6ce81594bf3efad63a,gfs_seamless,False
turbine_2,2026-02-08 21:00:00+00:00,24,0.958300723213559,0.958300723213559,False,False,0.9766666666666667,18.44,-1.4,2026-02-08 19:00:00+00:00,2.0,2026-01-31 23:00:00,2026-02-01T01:00:00+05:00,d05b3cae0b8e890efb085c68704c9fb8d2cbf736bedd6d6ce81594bf3efad63a,gfs_seamless,False
turbine_2,2026-02-08 22:00:00+00:00,24,0.9593788730488741,0.9593788730488741,False,False,0.9766666666666668,18.66,-1.7,2026-02-08 19:00:00+00:00,3.0,2026-01-31 23:00:00,2026-02-01T01:00:00+05:00,d05b3cae0b8e890efb085c68704c9fb8d2cbf736bedd6d6ce81594bf3efad63a,gfs_seamless,False
turbine_2,2026-02-08 23:00:00+00:00,24,0.9593788730488741,0.9593788730488741,False,False,0.9766666666666667,19.07,-1.7,2026-02-08 19:00:00+00:00,4.0,2026-01-31 23:00:00,2026-02-01T01:00:00+05:00,d05b3cae0b8e890efb085c68704c9fb8d2cbf736bedd6d6ce81594bf3efad63a,gfs_seamless,False
turbine_2,2026-02-09 00:00:00+00:00,24,0.9608737824246825,0.9608737824246825,False,False,0.9766666666666668,18.76,-2.0,2026-02-08 19:00:00+00:00,5.0,2026-01-31 23:00:00,2026-02-01T01:00:00+05:00,d05b3cae0b8e890efb085c68704c9fb8d2cbf736bedd6d6ce81594bf3efad63a,gfs_seamless,False
turbine_2,2026-02-09 01:00:00+00:00,24,0.9608737824246825,0.9608737824246825,False,False,0.909047619047619,17.87,-2.2,2026-02-08 19:00:00+00:00,6.0,2026-01-31 23:00:00,2026-02-01T01:00:00+05:00,d05b3cae0b8e890efb085c68704c9fb8d2cbf736bedd6d6ce81594bf3efad63a,gfs_seamless,False
turbine_2,2026-02-09 02:00:00+00:00,24,0.9608737824246825,0.9608737824246825,False,False,0.909047619047619,17.92,-2.3,2026-02-08 19:00:00+00:00,7.0,2026-01-31 23:00:00,2026-02-01T01:00:00+05:00,d05b3cae0b8e890efb085c68704c9fb8d2cbf736bedd6d6ce81594bf3efad63a,gfs_seamless,False
turbine_2,2026-02-09 03:00:00+00:00,24,0.9330277451778439,0.9330277451778439,False,False,0.9766666666666667,18.41,-1.2,2026-02-08 19:00:00+00:00,8.0,2026-01-31 23:00:00,2026-02-01T01:00:00+05:00,d05b3cae0b8e890efb085c68704c9fb8d2cbf736bedd6d6ce81594bf3efad63a,gfs_seamless,False
turbine_2,2026-02-09 04:00:00+00:00,24,0.9032277791076297,0.9032277791076297,False,False,0.9766666666666667,18.41,1.0,2026-02-08 19:00:00+00:00,9.0,2026-01-31 23:00:00,2026-02-01T01:00:00+05:00,d05b3cae0b8e890efb085c68704c9fb8d2cbf736bedd6d6ce81594bf3efad63a,gfs_seamless,False
turbine_2,2026-02-09 05:00:00+00:00,24,0.941464802357036,0.941464802357036,False,False,0.9766666666666667,19.24,2.7,2026-02-08 19:00:00+00:00,10.0,2026-01-31 23:00:00,2026-02-01T01:00:00+05:00,d05b3cae0b8e890efb085c68704c9fb8d2cbf736bedd6d6ce81594bf3efad63a,gfs_seamless,False
turbine_2,2026-02-09 06:00:00+00:00,24,0.9605208419936314,0.9605208419936314,False,True,0.36628967613514096,19.5,3.6,2026-02-08 19:00:00+00:00,11.0,2026-01-31 23:00:00,2026-02-01T01:00:00+05:00,d05b3cae0b8e890efb085c68704c9fb8d2cbf736bedd6d6ce81594bf3efad63a,gfs_seamless,False
turbine_2,2026-02-09 07:00:00+00:00,24,0.9615288698357128,0.9615288698357128,False,False,0.9766666666666667,19.23,5.0,2026-02-08 19:00:00+00:00,12.0,2026-01-31 23:00:00,2026-02-01T01:00:00+05:00,d05b3cae0b8e890efb085c68704c9fb8d2cbf736bedd6d6ce81594bf3efad63a,gfs_seamless,False
turbine_2,2026-02-09 08:00:00+00:00,24,0.9692945473115925,0.9692945473115925,False,False,0.9766666666666668,18.53,5.5,2026-02-08 19:00:00+00:00,13.0,2026-01-31 23:00:00,2026-02-01T01:00:00+05:00,d05b3cae0b8e890efb085c68704c9fb8d2cbf736bedd6d6ce81594bf3efad63a,gfs_seamless,False
turbine_2,2026-02-09 09:00:00+00:00,24,0.9445603617283567,0.9445603617283567,False,False,0.9443333333333334,17.08,5.3,2026-02-08 19:00:00+00:00,14.0,2026-01-31 23:00:00,2026-02-01T01:00:00+05:00,d05b3cae0b8e890efb085c68704c9fb8d2cbf736bedd6d6ce81594bf3efad63a,gfs_seamless,False
turbine_2,2026-02-09 10:00:00+00:00,24,0.9692945473115925,0.9692945473115925,False,False,0.972962962962963,16.82,5.5,2026-02-08 19:00:00+00:00,15.0,2026-01-31 23:00:00,2026-02-01T01:00:00+05:00,d05b3cae0b8e890efb085c68704c9fb8d2cbf736bedd6d6ce81594bf3efad63a,gfs_seamless,False
turbine_2,2026-02-09 11:00:00+00:00,24,0.9523219990147843,0.9523219990147843,False,False,0.9496153846153847,15.12,4.8,2026-02-08 19:00:00+00:00,16.0,2026-01-31 23:00:00,2026-02-01T01:00:00+05:00,d05b3cae0b8e890efb085c68704c9fb8d2cbf736bedd6d6ce81594bf3efad63a,gfs_seamless,False
turbine_2,2026-02-09 12:00:00+00:00,24,0.9252564147499134,0.9252564147499134,False,False,0.8845606610237807,10.75,2.5,2026-02-08 19:00:00+00:00,17.0,2026-01-31 23:00:00,2026-02-01T01:00:00+05:00,d05b3cae0b8e890efb085c68704c9fb8d2cbf736bedd6d6ce81594bf3efad63a,gfs_seamless,False
turbine_2,2026-02-09 13:00:00+00:00,24,0.6840504719030445,0.6840504719030445,False,False,0.6162610815602837,8.95,1.1,2026-02-08 19:00:00+00:00,18.0,2026-01-31 23:00:00,2026-02-01T01:00:00+05:00,d05b3cae0b8e890efb085c68704c9fb8d2cbf736bedd6d6ce81594bf3efad63a,gfs_seamless,False
turbine_2,2026-02-09 14:00:00+00:00,24,0.3726442852676263,0.3726442852676263,False,False,0.3872421383647799,7.26,1.0,2026-02-08 19:00:00+00:00,19.0,2026-01-31 23:00:00,2026-02-01T01:00:00+05:00,d05b3cae0b8e890efb085c68704c9fb8d2cbf736bedd6d6ce81594bf3efad63a,gfs_seamless,False
turbine_2,2026-02-09 15:00:00+00:00,24,0.23907137092737896,0.23907137092737896,False,False,0.24514071038251364,6.4,1.2,2026-02-08 19:00:00+00:00,20.0,2026-01-31 23:00:00,2026-02-01T01:00:00+05:00,d05b3cae0b8e890efb085c68704c9fb8d2cbf736bedd6d6ce81594bf3efad63a,gfs_seamless,False
turbine_2,2026-02-09 16:00:00+00:00,24,0.17405598022991156,0.17405598022991156,False,False,0.18799815254684613,5.94,1.6,2026-02-08 19:00:00+00:00,21.0,2026-01-31 23:00:00,2026-02-01T01:00:00+05:00,d05b3cae0b8e890efb085c68704c9fb8d2cbf736bedd6d6ce81594bf3efad63a,gfs_seamless,False
turbine_2,2026-02-09 17:00:00+00:00,24,0.11544214314056639,0.11544214314056639,False,False,0.14257562144354596,5.32,2.1,2026-02-08 19:00:00+00:00,22.0,2026-01-31 23:00:00,2026-02-01T01:00:00+05:00,d05b3cae0b8e890efb085c68704c9fb8d2cbf736bedd6d6ce81594bf3efad63a,gfs_seamless,False
turbine_2,2026-02-09 18:00:00+00:00,24,0.08362409893853082,0.08362409893853082,False,False,0.10500000000000001,4.91,1.9,2026-02-08 19:00:00+00:00,23.0,2026-01-31 23:00:00,2026-02-01T01:00:00+05:00,d05b3cae0b8e890efb085c68704c9fb8d2cbf736bedd6d6ce81594bf3efad63a,gfs_seamless,False
turbine_2,2026-02-09 19:00:00+00:00,24,0.03974685313178441,0.03974685313178441,False,False,0.07894438894438895,4.12,2.2,2026-02-08 19:00:00+00:00,24.0,2026-01-31 23:00:00,2026-02-01T01:00:00+05:00,d05b3cae0b8e890efb085c68704c9fb8d2cbf736bedd6d6ce81594bf3efad63a,gfs_seamless,False
turbine_2,2026-02-09 20:00:00+00:00,48,0.0664294439186182,0.0664294439186182,False,False,0.10500000000000001,4.59,2.7,2026-02-08 19:00:00+00:00,25.0,2026-01-31 23:00:00,2026-02-01T01:00:00+05:00,d05b3cae0b8e890efb085c68704c9fb8d2cbf736bedd6d6ce81594bf3efad63a,gfs_seamless,False
turbine_2,2026-02-09 21:00:00+00:00,48,0.08400177210582287,0.08400177210582287,False,False,0.10500000000000001,4.87,2.7,2026-02-08 19:00:00+00:00,26.0,2026-01-31 23:00:00,2026-02-01T01:00:00+05:00,d05b3cae0b8e890efb085c68704c9fb8d2cbf736bedd6d6ce81594bf3efad63a,gfs_seamless,False
turbine_2,2026-02-09 22:00:00+00:00,48,0.4373059258995156,0.4373059258995156,False,False,0.45997253690353584,7.57,2.6,2026-02-08 19:00:00+00:00,27.0,2026-01-31 23:00:00,2026-02-01T01:00:00+05:00,d05b3cae0b8e890efb085c68704c9fb8d2cbf736bedd6d6ce81594bf3efad63a,gfs_seamless,False
turbine_2,2026-02-09 23:00:00+00:00,48,0.4295915352846575,0.4295915352846575,False,False,0.45997253690353584,7.65,1.7,2026-02-08 19:00:00+00:00,28.0,2026-01-31 23:00:00,2026-02-01T01:00:00+05:00,d05b3cae0b8e890efb085c68704c9fb8d2cbf736bedd6d6ce81594bf3efad63a,gfs_seamless,False
turbine_2,2026-02-10 00:00:00+00:00,48,0.7111782074330566,0.7111782074330566,False,False,0.6742543244506779,9.44,1.2,2026-02-08 19:00:00+00:00,29.0,2026-01-31 23:00:00,2026-02-01T01:00:00+05:00,d05b3cae0b8e890efb085c68704c9fb8d2cbf736bedd6d6ce81594bf3efad63a,gfs_seamless,False
turbine_2,2026-02-10 01:00:00+00:00,48,0.8541762012468176,0.8541762012468176,False,False,0.8240326184092941,10.29,1.0,2026-02-08 19:00:00+00:00,30.0,2026-01-31 23:00:00,2026-02-01T01:00:00+05:00,d05b3cae0b8e890efb085c68704c9fb8d2cbf736bedd6d6ce81594bf3efad63a,gfs_seamless,False
turbine_2,2026-02-10 02:00:00+00:00,48,0.8452811720862103,0.8452811720862103,False,False,0.8240326184092941,10.07,-0.2,2026-02-08 19:00:00+00:00,31.0,2026-01-31 23:00:00,2026-02-01T01:00:00+05:00,d05b3cae0b8e890efb085c68704c9fb8d2cbf736bedd6d6ce81594bf3efad63a,gfs_seamless,False
turbine_2,2026-02-10 03:00:00+00:00,48,0.6840504719030445,0.6840504719030445,False,False,0.6742543244506779,9.02,1.0,2026-02-08 19:00:00+00:00,32.0,2026-01-31 23:00:00,2026-02-01T01:00:00+05:00,d05b3cae0b8e890efb085c68704c9fb8d2cbf736bedd6d6ce81594bf3efad63a,gfs_seamless,False
turbine_2,2026-02-10 04:00:00+00:00,48,0.571870929029085,0.571870929029085,False,False,0.5334922575387123,8.44,1.8,2026-02-08 19:00:00+00:00,33.0,2026-01-31 23:00:00,2026-02-01T01:00:00+05:00,d05b3cae0b8e890efb085c68704c9fb8d2cbf736bedd6d6ce81594bf3efad63a,gfs_seamless,False
turbine_2,2026-02-10 05:00:00+00:00,48,0.6522718938822502,0.6522718938822502,False,False,0.6162610815602837,8.91,2.8,2026-02-08 19:00:00+00:00,34.0,2026-01-31 23:00:00,2026-02-01T01:00:00+05:00,d05b3cae0b8e890efb085c68704c9fb8d2cbf736bedd6d6ce81594bf3efad63a,gfs_seamless,False
turbine_2,2026-02-10 06:00:00+00:00,48,0.5986970905457338,0.5986970905457338,False,False,0.6162610815602837,8.51,4.8,2026-02-08 19:00:00+00:00,35.0,2026-01-31 23:00:00,2026-02-01T01:00:00+05:00,d05b3cae0b8e890efb085c68704c9fb8d2cbf736bedd6d6ce81594bf3efad63a,gfs_seamless,False
turbine_2,2026-02-10 07:00:00+00:00,48,0.5967509511067687,0.5967509511067687,False,False,0.5334922575387123,8.49,6.3,2026-02-08 19:00:00+00:00,36.0,2026-01-31 23:00:00,2026-02-01T01:00:00+05:00,d05b3cae0b8e890efb085c68704c9fb8d2cbf736bedd6d6ce81594bf3efad63a,gfs_seamless,False
turbine_2,2026-02-10 08:00:00+00:00,48,0.37361881486075615,0.37361881486075615,False,False,0.3872421383647799,7.07,7.1,2026-02-08 19:00:00+00:00,37.0,2026-01-31 23:00:00,2026-02-01T01:00:00+05:00,d05b3cae0b8e890efb085c68704c9fb8d2cbf736bedd6d6ce81594bf3efad63a,gfs_seamless,False
turbine_2,2026-02-10 09:00:00+00:00,48,0.21042330214818053,0.21042330214818053,False,False,0.24514071038251364,6.04,7.2,2026-02-08 19:00:00+00:00,38.0,2026-01-31 23:00:00,2026-02-01T01:00:00+05:00,d05b3cae0b8e890efb085c68704c9fb8d2cbf736bedd6d6ce81594bf3efad63a,gfs_seamless,False
turbine_2,2026-02-10 10:00:00+00:00,48,0.10024293542519107,0.10024293542519107,False,False,0.10500000000000001,4.87,7.1,2026-02-08 19:00:00+00:00,39.0,2026-01-31 23:00:00,2026-02-01T01:00:00+05:00,d05b3cae0b8e890efb085c68704c9fb8d2cbf736bedd6d6ce81594bf3efad63a,gfs_seamless,False
turbine_2,2026-02-10 11:00:00+00:00,48,0.0546128391221297,0.0546128391221297,False,False,0.07894438894438895,4.16,6.4,2026-02-08 19:00:00+00:00,40.0,2026-01-31 23:00:00,2026-02-01T01:00:00+05:00,d05b3cae0b8e890efb085c68704c9fb8d2cbf736bedd6d6ce81594bf3efad63a,gfs_seamless,False
turbine_2,2026-02-10 12:00:00+00:00,48,0.07448288352462952,0.07448288352462952,False,False,0.10500000000000001,4.61,5.2,2026-02-08 19:00:00+00:00,41.0,2026-01-31 23:00:00,2026-02-01T01:00:00+05:00,d05b3cae0b8e890efb085c68704c9fb8d2cbf736bedd6d6ce81594bf3efad63a,gfs_seamless,False
turbine_2,2026-02-10 13:00:00+00:00,48,0.1645783121550655,0.1645783121550655,False,False,0.18799815254684613,5.81,4.4,2026-02-08 19:00:00+00:00,42.0,2026-01-31 23:00:00,2026-02-01T01:00:00+05:00,d05b3cae0b8e890efb085c68704c9fb8d2cbf736bedd6d6ce81594bf3efad63a,gfs_seamless,False
turbine_2,2026-02-10 14:00:00+00:00,48,0.49781648864438466,0.49781648864438466,False,False,0.45997253690353584,7.94,4.2,2026-02-08 19:00:00+00:00,43.0,2026-01-31 23:00:00,2026-02-01T01:00:00+05:00,d05b3cae0b8e890efb085c68704c9fb8d2cbf736bedd6d6ce81594bf3efad63a,gfs_seamless,False
turbine_2,2026-02-10 15:00:00+00:00,48,0.6840616098939211,0.6840616098939211,False,False,0.6742543244506779,9.26,3.7,2026-02-08 19:00:00+00:00,44.0,2026-01-31 23:00:00,2026-02-01T01:00:00+05:00,d05b3cae0b8e890efb085c68704c9fb8d2cbf736bedd6d6ce81594bf3efad63a,gfs_seamless,False
turbine_2,2026-02-10 16:00:00+00:00,48,0.9091081169813415,0.9091081169813415,False,False,0.8845606610237807,10.67,2.6,2026-02-08 19:00:00+00:00,45.0,2026-01-31 23:00:00,2026-02-01T01:00:00+05:00,d05b3cae0b8e890efb085c68704c9fb8d2cbf736bedd6d6ce81594bf3efad63a,gfs_seamless,False
turbine_2,2026-02-10 17:00:00+00:00,48,0.9624608072348748,0.9624608072348748,False,False,0.9518670076726343,11.69,2.1,2026-02-08 19:00:00+00:00,46.0,2026-01-31 23:00:00,2026-02-01T01:00:00+05:00,d05b3cae0b8e890efb085c68704c9fb8d2cbf736bedd6d6ce81594bf3efad63a,gfs_seamless,False
turbine_2,2026-02-10 18:00:00+00:00,48,0.9661312098976299,0.9661312098976299,False,False,0.9518670076726343,11.63,2.3,2026-02-08 19:00:00+00:00,47.0,2026-01-31 23:00:00,2026-02-01T01:00:00+05:00,d05b3cae0b8e890efb085c68704c9fb8d2cbf736bedd6d6ce81594bf3efad63a,gfs_seamless,False
turbine_2,2026-02-10 19:00:00+00:00,48,0.9787280531089871,0.9787280531089871,False,False,0.9700600600600602,13.25,2.3,2026-02-08 19:00:00+00:00,48.0,2026-01-31 23:00:00,2026-02-01T01:00:00+05:00,d05b3cae0b8e890efb085c68704c9fb8d2cbf736bedd6d6ce81594bf3efad63a,gfs_seamless,False
turbine_1,2026-02-09 20:00:00+00:00,24,0.04054281422234528,0.04054281422234528,False,False,0.08138774811772757,4.14,2.1,2026-02-09 19:00:00+00:00,1.0,2026-01-31 23:00:00,2026-02-01T01:00:00+05:00,e46d74629bd710750db40d5e9d8f3eadbaa20ee486e416572c0d88f6ec77ad79,gfs_seamless,False
turbine_1,2026-02-09 21:00:00+00:00,24,0.16196193211853901,0.16196193211853901,False,False,0.19472402597402597,5.68,2.3,2026-02-09 19:00:00+00:00,2.0,2026-01-31 23:00:00,2026-02-01T01:00:00+05:00,e46d74629bd710750db40d5e9d8f3eadbaa20ee486e416572c0d88f6ec77ad79,gfs_seamless,False
turbine_1,2026-02-09 22:00:00+00:00,24,0.153499973049648,0.153499973049648,False,False,0.19472402597402597,5.69,2.1,2026-02-09 19:00:00+00:00,3.0,2026-01-31 23:00:00,2026-02-01T01:00:00+05:00,e46d74629bd710750db40d5e9d8f3eadbaa20ee486e416572c0d88f6ec77ad79,gfs_seamless,False
turbine_1,2026-02-09 23:00:00+00:00,24,0.6029608750405573,0.6029608750405573,False,False,0.5480688448074679,8.42,1.9,2026-02-09 19:00:00+00:00,4.0,2026-01-31 23:00:00,2026-02-01T01:00:00+05:00,e46d74629bd710750db40d5e9d8f3eadbaa20ee486e416572c0d88f6ec77ad79,gfs_seamless,False
turbine_1,2026-02-10 00:00:00+00:00,24,0.6953845342578084,0.6953845342578084,False,False,0.6267624521072798,8.98,2.4,2026-02-09 19:00:00+00:00,5.0,2026-01-31 23:00:00,2026-02-01T01:00:00+05:00,e46d74629bd710750db40d5e9d8f3eadbaa20ee486e416572c0d88f6ec77ad79,gfs_seamless,False
turbine_1,2026-02-10 01:00:00+00:00,24,0.8375311625117142,0.8375311625117142,False,False,0.7651013024602026,9.9,1.5,2026-02-09 19:00:00+00:00,6.0,2026-01-31 23:00:00,2026-02-01T01:00:00+05:00,e46d74629bd710750db40d5e9d8f3eadbaa20ee486e416572c0d88f6ec77ad79,gfs_seamless,False
turbine_1,2026-02-10 02:00:00+00:00,24,0.8918906668479815,0.8918906668479815,False,False,0.8301109660574413,10.42,-0.1,2026-02-09 19:00:00+00:00,7.0,2026-01-31 23:00:00,2026-02-01T01:00:00+05:00,e46d74629bd710750db40d5e9d8f3eadbaa20ee486e416572c0d88f6ec77ad79,gfs_seamless,False
turbine_1,2026-02-10 03:00:00+00:00,24,0.8934324530055637,0.8934324530055637,False,False,0.8301109660574413,10.29,0.3,2026-02-09 19:00:00+00:00,8.0,2026-01-31 23:00:00,2026-02-01T01:00:00+05:00,e46d74629bd710750db40d5e9d8f3eadbaa20ee486e416572c0d88f6ec77ad79,gfs_seamless,False
turbine_1,2026-02-10 04:00:00+00:00,24,0.6109956766895515,0.6109956766895515,False,False,0.5480688448074679,8.44,1.8,2026-02-09 19:00:00+00:00,9.0,2026-01-31 23:00:00,2026-02-01T01:00:00+05:00,e46d74629bd710750db40d5e9d8f3eadbaa20ee486e416572c0d88f6ec77ad79,gfs_seamless,False
turbine_1,2026-02-10 05:00:00+00:00,24,0.9318887435254407,0.9318887435254407,False,False,0.8937111928104575,10.78,3.0,2026-02-09 19:00:00+00:00,10.0,2026-01-31 23:00:00,2026-02-01T01:00:00+05:00,e46d74629bd710750db40d5e9d8f3eadbaa20ee486e416572c0d88f6ec77ad79,gfs_seamless,False
turbine_1,2026-02-10 06:00:00+00:00,24,0.8678491033041165,0.8678491033041165,False,False,0.8301109660574413,10.15,4.5,2026-02-09 19:00:00+00:00,11.0,2026-01-31 23:00:00,2026-02-01T01:00:00+05:00,e46d74629bd710750db40d5e9d8f3eadbaa20ee486e416572c0d88f6ec77ad79,gfs_seamless,False
turbine_1,2026-02-10 07:00:00+00:00,24,0.6435132822891677,0.6435132822891677,False,False,0.6267624521072798,8.63,6.0,2026-02-09 19:00:00+00:00,12.0,2026-01-31 23:00:00,2026-02-01T01:00:00+05:00,e46d74629bd710750db40d5e9d8f3eadbaa20ee486e416572c0d88f6ec77ad79,gfs_seamless,False
turbine_1,2026-02-10 08:00:00+00:00,24,0.10486754011825444,0.10486754011825444,False,False,0.11167154471544716,4.91,6.2,2026-02-09 19:00:00+00:00,13.0,2026-01-31 23:00:00,2026-02-01T01:00:00+05:00,e46d74629bd710750db40d5e9d8f3eadbaa20ee486e416572c0d88f6ec77ad79,gfs_seamless,False
turbine_1,2026-02-10 09:00:00+00:00,24,0.01152354700978295,0.01152354700978295,False,False,0.01599670263788969,2.16,6.0,2026-02-09 19:00:00+00:00,14.0,2026-01-31 23:00:00,2026-02-01T01:00:00+05:00,e46d74629bd710750db40d5e9d8f3eadbaa20ee486e416572c0d88f6ec77ad79,gfs_seamless,False
turbine_1,2026-02-10 10:00:00+00:00,24,0.01730413448701918,0.01730413448701918,False,False,0.025215897939156035,2.62,6.5,2026-02-09 19:00:00+00:00,15.0,2026-01-31 23:00:00,2026-02-01T01:00:00+05:00,e46d74629bd710750db40d5e9d8f3eadbaa20ee486e416572c0d88f6ec77ad79,gfs_seamless,False
turbine_1,2026-02-10 11:00:00+00:00,24,0.01356846058621729,0.01356846058621729,False,False,0.01599670263788969,2.41,6.0,2026-02-09 19:00:00+00:00,16.0,2026-01-31 23:00:00,2026-02-01T01:00:00+05:00,e46d74629bd710750db40d5e9d8f3eadbaa20ee486e416572c0d88f6ec77ad79,gfs_seamless,False
turbine_1,2026-02-10 12:00:00+00:00,24,0.010153415557637092,0.010153415557637092,False,False,0.01102904972919744,1.63,4.6,2026-02-09 19:00:00+00:00,17.0,2026-01-31 23:00:00,2026-02-01T01:00:00+05:00,e46d74629bd710750db40d5e9d8f3eadbaa20ee486e416572c0d88f6ec77ad79,gfs_seamless,False
turbine_1,2026-02-10 13:00:00+00:00,24,0.04611669784406279,0.04611669784406279,False,False,0.08138774811772757,4.0,4.8,2026-02-09 19:00:00+00:00,18.0,2026-01-31 23:00:00,2026-02-01T01:00:00+05:00,e46d74629bd710750db40d5e9d8f3eadbaa20ee486e416572c0d88f6ec77ad79,gfs_seamless,False
turbine_1,2026-02-10 14:00:00+00:00,24,0.2508106103864155,0.2508106103864155,False,False,0.2560354184518709,6.21,4.5,2026-02-09 19:00:00+00:00,19.0,2026-01-31 23:00:00,2026-02-01T01:00:00+05:00,e46d74629bd710750db40d5e9d8f3eadbaa20ee486e416572c0d88f6ec77ad79,gfs_seamless,False
turbine_1,2026-02-10 15:00:00+00:00,24,0.6778795234037206,0.6778795234037206,False,False,0.6267624521072798,8.77,4.2,2026-02-09 19:00:00+00:00,20.0,2026-01-31 23:00:00,2026-02-01T01:00:00+05:00,e46d74629bd710750db40d5e9d8f3eadbaa20ee486e416572c0d88f6ec77ad79,gfs_seamless,False
turbine_1,2026-02-10 16:00:00+00:00,24,0.9410118935029829,0.9410118935029829,False,False,0.8937111928104575,10.87,3.2,2026-02-09 19:00:00+00:00,21.0,2026-01-31 23:00:00,2026-02-01T01:00:00+05:00,e46d74629bd710750db40d5e9d8f3eadbaa20ee486e416572c0d88f6ec77ad79,gfs_seamless,False
turbine_1,2026-02-10 17:00:00+00:00,24,0.9372842824610252,0.9372842824610252,False,False,0.9583879781420764,12.39,2.9,2026-02-09 19:00:00+00:00,22.0,2026-01-31 23:00:00,2026-02-01T01:00:00+05:00,e46d74629bd710750db40d5e9d8f3eadbaa20ee486e416572c0d88f6ec77ad79,gfs_seamless,False
turbine_1,2026-02-10 18:00:00+00:00,24,0.9922553276062689,0.9922553276062689,False,False,0.9661001642036123,13.69,2.6,2026-02-09 19:00:00+00:00,23.0,2026-01-31 23:00:00,2026-02-01T01:00:00+05:00,e46d74629bd710750db40d5e9d8f3eadbaa20ee486e416572c0d88f6ec77ad79,gfs_seamless,False
turbine_1,2026-02-10 19:00:00+00:00,24,0.9811577963679321,0.9811577963679321,False,False,0.9650781249999999,15.07,2.4,2026-02-09 19:00:00+00:00,24.0,2026-01-31 23:00:00,2026-02-01T01:00:00+05:00,e46d74629bd710750db40d5e9d8f3eadbaa20ee486e416572c0d88f6ec77ad79,gfs_seamless,False
turbine_1,2026-02-10 20:00:00+00:00,48,0.9798827760083813,0.9798827760083813,False,False,0.9650781249999999,15.12,2.2,2026-02-09 19:00:00+00:00,25.0,2026-01-31 23:00:00,2026-02-01T01:00:00+05:00,e46d74629bd710750db40d5e9d8f3eadbaa20ee486e416572c0d88f6ec77ad79,gfs_seamless,False
turbine_1,2026-02-10 21:00:00+00:00,48,0.9777818972787917,0.9777818972787917,False,False,0.9891975308641974,15.97,1.7,2026-02-09 19:00:00+00:00,26.0,2026-01-31 23:00:00,2026-02-01T01:00:00+05:00,e46d74629bd710750db40d5e9d8f3eadbaa20ee486e416572c0d88f6ec77ad79,gfs_seamless,False
turbine_1,2026-02-10 22:00:00+00:00,48,0.9826031841027381,0.9826031841027381,False,False,0.9891975308641974,15.88,1.3,2026-02-09 19:00:00+00:00,27.0,2026-01-31 23:00:00,2026-02-01T01:00:00+05:00,e46d74629bd710750db40d5e9d8f3eadbaa20ee486e416572c0d88f6ec77ad79,gfs_seamless,False
turbine_1,2026-02-10 23:00:00+00:00,48,0.9921690204225202,0.9921690204225202,False,False,0.9618518518518518,14.98,0.7,2026-02-09 19:00:00+00:00,28.0,2026-01-31 23:00:00,2026-02-01T01:00:00+05:00,e46d74629bd710750db40d5e9d8f3eadbaa20ee486e416572c0d88f6ec77ad79,gfs_seamless,False
turbine_1,2026-02-11 00:00:00+00:00,48,0.999702643927107,0.9983333333333334,True,False,0.9761353467561521,13.07,0.6,2026-02-09 19:00:00+00:00,29.0,2026-01-31 23:00:00,2026-02-01T01:00:00+05:00,e46d74629bd710750db40d5e9d8f3eadbaa20ee486e416572c0d88f6ec77ad79,gfs_seamless,False
turbine_1,2026-02-11 01:00:00+00:00,48,0.6950490715903271,0.6950490715903271,False,False,0.6267624521072798,8.99,1.0,2026-02-09 19:00:00+00:00,30.0,2026-01-31 23:00:00,2026-02-01T01:00:00+05:00,e46d74629bd710750db40d5e9d8f3eadbaa20ee486e416572c0d88f6ec77ad79,gfs_seamless,False
turbine_1,2026-02-11 02:00:00+00:00,48,0.08993310610087105,0.08993310610087105,False,False,0.11167154471544716,4.96,-0.7,2026-02-09 19:00:00+00:00,31.0,2026-01-31 23:00:00,2026-02-01T01:00:00+05:00,e46d74629bd710750db40d5e9d8f3eadbaa20ee486e416572c0d88f6ec77ad79,gfs_seamless,False
turbine_1,2026-02-11 03:00:00+00:00,48,0.04818615061923679,0.04818615061923679,False,False,0.08138774811772757,4.22,1.6,2026-02-09 19:00:00+00:00,32.0,2026-01-31 23:00:00,2026-02-01T01:00:00+05:00,e46d74629bd710750db40d5e9d8f3eadbaa20ee486e416572c0d88f6ec77ad79,gfs_seamless,False
turbine_1,2026-02-11 04:00:00+00:00,48,0.02092845190717709,0.02092845190717709,False,False,0.040077274323849665,3.0,4.6,2026-02-09 19:00:00+00:00,33.0,2026-01-31 23:00:00,2026-02-01T01:00:00+05:00,e46d74629bd710750db40d5e9d8f3eadbaa20ee486e416572c0d88f6ec77ad79,gfs_seamless,False
turbine_1,2026-02-11 05:00:00+00:00,48,0.019983454841203414,0.019983454841203414,False,False,0.025215897939156035,2.91,5.9,2026-02-09 19:00:00+00:00,34.0,2026-01-31 23:00:00,2026-02-01T01:00:00+05:00,e46d74629bd710750db40d5e9d8f3eadbaa20ee486e416572c0d88f6ec77ad79,gfs_seamless,False
turbine_1,2026-02-11 06:00:00+00:00,48,0.9730340966990022,0.9730340966990022,False,False,0.9381677419354839,11.41,8.6,2026-02-09 19:00:00+00:00,35.0,2026-01-31 23:00:00,2026-02-01T01:00:00+05:00,e46d74629bd710750db40d5e9d8f3eadbaa20ee486e416572c0d88f6ec77ad79,gfs_seamless,False
turbine_1,2026-02-11 07:00:00+00:00,48,1.0009532904415208,0.9983333333333334,True,False,0.9672885572139301,14.23,10.0,2026-02-09 19:00:00+00:00,36.0,2026-01-31 23:00:00,2026-02-01T01:00:00+05:00,e46d74629bd710750db40d5e9d8f3eadbaa20ee486e416572c0d88f6ec77ad79,gfs_seamless,False
turbine_1,2026-02-11 08:00:00+00:00,48,0.9873941220990018,0.9873941220990018,False,False,0.9891975308641974,15.65,11.0,2026-02-09 19:00:00+00:00,37.0,2026-01-31 23:00:00,2026-02-01T01:00:00+05:00,e46d74629bd710750db40d5e9d8f3eadbaa20ee486e416572c0d88f6ec77ad79,gfs_seamless,False
turbine_1,2026-02-11 09:00:00+00:00,48,0.9898707586099581,0.9898707586099581,False,False,0.9672885572139301,14.18,10.4,2026-02-09 19:00:00+00:00,38.0,2026-01-31 23:00:00,2026-02-01T01:00:00+05:00,e46d74629bd710750db40d5e9d8f3eadbaa20ee486e416572c0d88f6ec77ad79,gfs_seamless,False
turbine_1,2026-02-11 10:00:00+00:00,48,0.6862274503185981,0.6862274503185981,False,False,0.6267624521072798,8.95,8.7,2026-02-09 19:00:00+00:00,39.0,2026-01-31 23:00:00,2026-02-01T01:00:00+05:00,e46d74629bd710750db40d5e9d8f3eadbaa20ee486e416572c0d88f6ec77ad79,gfs_seamless,False
turbine_1,2026-02-11 11:00:00+00:00,48,0.013554342276987522,0.013554342276987522,False,False,0.01599670263788969,2.44,7.5,2026-02-09 19:00:00+00:00,40.0,2026-01-31 23:00:00,2026-02-01T01:00:00+05:00,e46d74629bd710750db40d5e9d8f3eadbaa20ee486e416572c0d88f6ec77ad79,gfs_seamless,False
turbine_1,2026-02-11 12:00:00+00:00,48,0.6423794634320378,0.6423794634320378,False,False,0.6267624521072798,8.58,4.8,2026-02-09 19:00:00+00:00,41.0,2026-01-31 23:00:00,2026-02-01T01:00:00+05:00,e46d74629bd710750db40d5e9d8f3eadbaa20ee486e416572c0d88f6ec77ad79,gfs_seamless,False
turbine_1,2026-02-11 13:00:00+00:00,48,0.4059160905387136,0.4059160905387136,False,False,0.3981808278867102,7.16,5.6,2026-02-09 19:00:00+00:00,42.0,2026-01-31 23:00:00,2026-02-01T01:00:00+05:00,e46d74629bd710750db40d5e9d8f3eadbaa20ee486e416572c0d88f6ec77ad79,gfs_seamless,False
turbine_1,2026-02-11 14:00:00+00:00,48,0.8130153932002198,0.8130153932002198,False,False,0.7651013024602026,9.77,4.7,2026-02-09 19:00:00+00:00,43.0,2026-01-31 23:00:00,2026-02-01T01:00:00+05:00,e46d74629bd710750db40d5e9d8f3eadbaa20ee486e416572c0d88f6ec77ad79,gfs_seamless,False
turbine_1,2026-02-11 15:00:00+00:00,48,0.9749266755290558,0.9749266755290558,False,False,0.9761353467561521,13.49,3.5,2026-02-09 19:00:00+00:00,44.0,2026-01-31 23:00:00,2026-02-01T01:00:00+05:00,e46d74629bd710750db40d5e9d8f3eadbaa20ee486e416572c0d88f6ec77ad79,gfs_seamless,False
turbine_1,2026-02-11 16:00:00+00:00,48,0.9784580616898291,0.9784580616898291,False,False,0.9618518518518518,14.9,2.8,2026-02-09 19:00:00+00:00,45.0,2026-01-31 23:00:00,2026-02-01T01:00:00+05:00,e46d74629bd710750db40d5e9d8f3eadbaa20ee486e416572c0d88f6ec77ad79,gfs_seamless,False
turbine_1,2026-02-11 17:00:00+00:00,48,0.9811577963679321,0.9811577963679321,False,False,0.9618518518518518,14.98,2.4,2026-02-09 19:00:00+00:00,46.0,2026-01-31 23:00:00,2026-02-01T01:00:00+05:00,e46d74629bd710750db40d5e9d8f3eadbaa20ee486e416572c0d88f6ec77ad79,gfs_seamless,False
turbine_1,2026-02-11 18:00:00+00:00,48,0.9970419037572272,0.9970419037572272,False,False,0.9673371212121211,12.91,1.8,2026-02-09 19:00:00+00:00,47.0,2026-01-31 23:00:00,2026-02-01T01:00:00+05:00,e46d74629bd710750db40d5e9d8f3eadbaa20ee486e416572c0d88f6ec77ad79,gfs_seamless,False
turbine_1,2026-02-11 19:00:00+00:00,48,0.9970419037572272,0.9970419037572272,False,False,0.9673371212121211,12.83,2.2,2026-02-09 19:00:00+00:00,48.0,2026-01-31 23:00:00,2026-02-01T01:00:00+05:00,e46d74629bd710750db40d5e9d8f3eadbaa20ee486e416572c0d88f6ec77ad79,gfs_seamless,False
turbine_2,2026-02-09 20:00:00+00:00,24,0.03974685313178441,0.03974685313178441,False,False,0.07894438894438895,4.14,2.1,2026-02-09 19:00:00+00:00,1.0,2026-01-31 23:00:00,2026-02-01T01:00:00+05:00,d05b3cae0b8e890efb085c68704c9fb8d2cbf736bedd6d6ce81594bf3efad63a,gfs_seamless,False
turbine_2,2026-02-09 21:00:00+00:00,24,0.1590723637449018,0.1590723637449018,False,False,0.18799815254684613,5.68,2.3,2026-02-09 19:00:00+00:00,2.0,2026-01-31 23:00:00,2026-02-01T01:00:00+05:00,d05b3cae0b8e890efb085c68704c9fb8d2cbf736bedd6d6ce81594bf3efad63a,gfs_seamless,False
turbine_2,2026-02-09 22:00:00+00:00,24,0.1590723637449018,0.1590723637449018,False,False,0.18799815254684613,5.69,2.1,2026-02-09 19:00:00+00:00,3.0,2026-01-31 23:00:00,2026-02-01T01:00:00+05:00,d05b3cae0b8e890efb085c68704c9fb8d2cbf736bedd6d6ce81594bf3efad63a,gfs_seamless,False
turbine_2,2026-02-09 23:00:00+00:00,24,0.5798309308857209,0.5798309308857209,False,False,0.5334922575387123,8.42,1.9,2026-02-09 19:00:00+00:00,4.0,2026-01-31 23:00:00,2026-02-01T01:00:00+05:00,d05b3cae0b8e890efb085c68704c9fb8d2cbf736bedd6d6ce81594bf3efad63a,gfs_seamless,False
turbine_2,2026-02-10 00:00:00+00:00,24,0.680456427607176,0.680456427607176,False,False,0.6162610815602837,8.98,2.4,2026-02-09 19:00:00+00:00,5.0,2026-01-31 23:00:00,2026-02-01T01:00:00+05:00,d05b3cae0b8e890efb085c68704c9fb8d2cbf736bedd6d6ce81594bf3efad63a,gfs_seamless,False
turbine_2,2026-02-10 01:00:00+00:00,24,0.8038726135583423,0.8038726135583423,False,False,0.7536449275362319,9.9,1.5,2026-02-09 19:00:00+00:00,6.0,2026-01-31 23:00:00,2026-02-01T01:00:00+05:00,d05b3cae0b8e890efb085c68704c9fb8d2cbf736bedd6d6ce81594bf3efad63a,gfs_seamless,False
turbine_2,2026-02-10 02:00:00+00:00,24,0.8808573833104225,0.8808573833104225,False,False,0.8240326184092941,10.42,-0.1,2026-02-09 19:00:00+00:00,7.0,2026-01-31 23:00:00,2026-02-01T01:00:00+05:00,d05b3cae0b8e890efb085c68704c9fb8d2cbf736bedd6d6ce81594bf3efad63a,gfs_seamless,False
turbine_2,2026-02-10 03:00:00+00:00,24,0.8681829929070021,0.8681829929070021,False,False,0.8240326184092941,10.29,0.3,2026-02-09 19:00:00+00:00,8.0,2026-01-31 23:00:00,2026-02-01T01:00:00+05:00,d05b3cae0b8e890efb085c68704c9fb8d2cbf736bedd6d6ce81594bf3efad63a,gfs_seamless,False
turbine_2,2026-02-10 04:00:00+00:00,24,0.571870929029085,0.571870929029085,False,False,0.5334922575387123,8.44,1.8,2026-02-09 19:00:00+00:00,9.0,2026-01-31 23:00:00,2026-02-01T01:00:00+05:00,d05b3cae0b8e890efb085c68704c9fb8d2cbf736bedd6d6ce81594bf3efad63a,gfs_seamless,False
turbine_2,2026-02-10 05:00:00+00:00,24,0.9262474194784518,0.9262474194784518,False,False,0.8845606610237807,10.78,3.0,2026-02-09 19:00:00+00:00,10.0,2026-01-31 23:00:00,2026-02-01T01:00:00+05:00,d05b3cae0b8e890efb085c68704c9fb8d2cbf736bedd6d6ce81594bf3efad63a,gfs_seamless,False
turbine_2,2026-02-10 06:00:00+00:00,24,0.7931440256700658,0.7931440256700658,False,False,0.8240326184092941,10.15,4.5,2026-02-09 19:00:00+00:00,11.0,2026-01-31 23:00:00,2026-02-01T01:00:00+05:00,d05b3cae0b8e890efb085c68704c9fb8d2cbf736bedd6d6ce81594bf3efad63a,gfs_seamless,False
turbine_2,2026-02-10 07:00:00+00:00,24,0.5774172035627069,0.5774172035627069,False,False,0.6162610815602837,8.63,6.0,2026-02-09 19:00:00+00:00,12.0,2026-01-31 23:00:00,2026-02-01T01:00:00+05:00,d05b3cae0b8e890efb085c68704c9fb8d2cbf736bedd6d6ce81594bf3efad63a,gfs_seamless,False
turbine_2,2026-02-10 08:00:00+00:00,24,0.0975832643304023,0.0975832643304023,False,False,0.10500000000000001,4.91,6.2,2026-02-09 19:00:00+00:00,13.0,2026-01-31 23:00:00,2026-02-01T01:00:00+05:00,d05b3cae0b8e890efb085c68704c9fb8d2cbf736bedd6d6ce81594bf3efad63a,gfs_seamless,False
turbine_2,2026-02-10 09:00:00+00:00,24,0.01021022268420247,0.01021022268420247,False,False,0.014608096468561586,2.16,6.0,2026-02-09 19:00:00+00:00,14.0,2026-01-31 23:00:00,2026-02-01T01:00:00+05:00,d05b3cae0b8e890efb085c68704c9fb8d2cbf736bedd6d6ce81594bf3efad63a,gfs_seamless,False
turbine_2,2026-02-10 10:00:00+00:00,24,0.015494036002293697,0.015494036002293697,False,False,0.023970410628019325,2.62,6.5,2026-02-09 19:00:00+00:00,15.0,2026-01-31 23:00:00,2026-02-01T01:00:00+05:00,d05b3cae0b8e890efb085c68704c9fb8d2cbf736bedd6d6ce81594bf3efad63a,gfs_seamless,False
turbine_2,2026-02-10 11:00:00+00:00,24,0.011344264396219356,0.011344264396219356,False,False,0.014608096468561586,2.41,6.0,2026-02-09 19:00:00+00:00,16.0,2026-01-31 23:00:00,2026-02-01T01:00:00+05:00,d05b3cae0b8e890efb085c68704c9fb8d2cbf736bedd6d6ce81594bf3efad63a,gfs_seamless,False
turbine_2,2026-02-10 12:00:00+00:00,24,0.009401405898811742,0.009401405898811742,False,False,0.010127472003812246,1.63,4.6,2026-02-09 19:00:00+00:00,17.0,2026-01-31 23:00:00,2026-02-01T01:00:00+05:00,d05b3cae0b8e890efb085c68704c9fb8d2cbf736bedd6d6ce81594bf3efad63a,gfs_seamless,False
turbine_2,2026-02-10 13:00:00+00:00,24,0.039871069679649866,0.039871069679649866,False,False,0.07894438894438895,4.0,4.8,2026-02-09 19:00:00+00:00,18.0,2026-01-31 23:00:00,2026-02-01T01:00:00+05:00,d05b3cae0b8e890efb085c68704c9fb8d2cbf736bedd6d6ce81594bf3efad63a,gfs_seamless,False
turbine_2,2026-02-10 14:00:00+00:00,24,0.2182832931212014,0.2182832931212014,False,False,0.24514071038251364,6.21,4.5,2026-02-09 19:00:00+00:00,19.0,2026-01-31 23:00:00,2026-02-01T01:00:00+05:00,d05b3cae0b8e890efb085c68704c9fb8d2cbf736bedd6d6ce81594bf3efad63a,gfs_seamless,False
turbine_2,2026-02-10 15:00:00+00:00,24,0.6313953764062542,0.6313953764062542,False,False,0.6162610815602837,8.77,4.2,2026-02-09 19:00:00+00:00,20.0,2026-01-31 23:00:00,2026-02-01T01:00:00+05:00,d05b3cae0b8e890efb085c68704c9fb8d2cbf736bedd6d6ce81594bf3efad63a,gfs_seamless,False
turbine_2,2026-02-10 16:00:00+00:00,24,0.938143976423254,0.938143976423254,False,False,0.8845606610237807,10.87,3.2,2026-02-09 19:00:00+00:00,21.0,2026-01-31 23:00:00,2026-02-01T01:00:00+05:00,d05b3cae0b8e890efb085c68704c9fb8d2cbf736bedd6d6ce81594bf3efad63a,gfs_seamless,False
turbine_2,2026-02-10 17:00:00+00:00,24,0.9724227859231006,0.9724227859231006,False,False,0.9574121315192744,12.39,2.9,2026-02-09 19:00:00+00:00,22.0,2026-01-31 23:00:00,2026-02-01T01:00:00+05:00,d05b3cae0b8e890efb085c68704c9fb8d2cbf736bedd6d6ce81594bf3efad63a,gfs_seamless,False
turbine_2,2026-02-10 18:00:00+00:00,24,0.9742928724512468,0.9742928724512468,False,False,0.9598799435028249,13.69,2.6,2026-02-09 19:00:00+00:00,23.0,2026-01-31 23:00:00,2026-02-01T01:00:00+05:00,d05b3cae0b8e890efb085c68704c9fb8d2cbf736bedd6d6ce81594bf3efad63a,gfs_seamless,False
turbine_2,2026-02-10 19:00:00+00:00,24,0.929972412151297,0.929972412151297,False,False,0.9496153846153847,15.07,2.4,2026-02-09 19:00:00+00:00,24.0,2026-01-31 23:00:00,2026-02-01T01:00:00+05:00,d05b3cae0b8e890efb085c68704c9fb8d2cbf736bedd6d6ce81594bf3efad63a,gfs_seamless,False
turbine_2,2026-02-10 20:00:00+00:00,48,0.9286129830602593,0.9286129830602593,False,False,0.9496153846153847,15.12,2.2,2026-02-09 19:00:00+00:00,25.0,2026-01-31 23:00:00,2026-02-01T01:00:00+05:00,d05b3cae0b8e890efb085c68704c9fb8d2cbf736bedd6d6ce81594bf3efad63a,gfs_seamless,False
turbine_2,2026-02-10 21:00:00+00:00,48,0.8922025212715595,0.8922025212715595,False,False,0.9347222222222222,15.97,1.7,2026-02-09 19:00:00+00:00,26.0,2026-01-31 23:00:00,2026-02-01T01:00:00+05:00,d05b3cae0b8e890efb085c68704c9fb8d2cbf736bedd6d6ce81594bf3efad63a,gfs_seamless,False
turbine_2,2026-02-10 22:00:00+00:00,48,0.9032277791076297,0.9032277791076297,False,False,0.9347222222222222,15.88,1.3,2026-02-09 19:00:00+00:00,27.0,2026-01-31 23:00:00,2026-02-01T01:00:00+05:00,d05b3cae0b8e890efb085c68704c9fb8d2cbf736bedd6d6ce81594bf3efad63a,gfs_seamless,False
turbine_2,2026-02-10 23:00:00+00:00,48,0.934381970369654,0.934381970369654,False,False,0.962514880952381,14.98,0.7,2026-02-09 19:00:00+00:00,28.0,2026-01-31 23:00:00,2026-02-01T01:00:00+05:00,d05b3cae0b8e890efb085c68704c9fb8d2cbf736bedd6d6ce81594bf3efad63a,gfs_seamless,False
turbine_2,2026-02-11 00:00:00+00:00,48,0.9823358947005796,0.9823358947005796,False,False,0.9700600600600602,13.07,0.6,2026-02-09 19:00:00+00:00,29.0,2026-01-31 23:00:00,2026-02-01T01:00:00+05:00,d05b3cae0b8e890efb085c68704c9fb8d2cbf736bedd6d6ce81594bf3efad63a,gfs_seamless,False
turbine_2,2026-02-11 01:00:00+00:00,48,0.6840504719030445,0.6840504719030445,False,False,0.6162610815602837,8.99,1.0,2026-02-09 19:00:00+00:00,30.0,2026-01-31 23:00:00,2026-02-01T01:00:00+05:00,d05b3cae0b8e890efb085c68704c9fb8d2cbf736bedd6d6ce81594bf3efad63a,gfs_seamless,False
turbine_2,2026-02-11 02:00:00+00:00,48,0.06984893833938587,0.06984893833938587,False,False,0.10500000000000001,4.96,-0.7,2026-02-09 19:00:00+00:00,31.0,2026-01-31 23:00:00,2026-02-01T01:00:00+05:00,d05b3cae0b8e890efb085c68704c9fb8d2cbf736bedd6d6ce81594bf3efad63a,gfs_seamless,False
turbine_2,2026-02-11 03:00:00+00:00,48,0.040516127340229205,0.040516127340229205,False,False,0.07894438894438895,4.22,1.6,2026-02-09 19:00:00+00:00,32.0,2026-01-31 23:00:00,2026-02-01T01:00:00+05:00,d05b3cae0b8e890efb085c68704c9fb8d2cbf736bedd6d6ce81594bf3efad63a,gfs_seamless,False
turbine_2,2026-02-11 04:00:00+00:00,48,0.01747631918354203,0.01747631918354203,False,False,0.037099712368168745,3.0,4.6,2026-02-09 19:00:00+00:00,33.0,2026-01-31 23:00:00,2026-02-01T01:00:00+05:00,d05b3cae0b8e890efb085c68704c9fb8d2cbf736bedd6d6ce81594bf3efad63a,gfs_seamless,False
turbine_2,2026-02-11 05:00:00+00:00,48,0.01710873434637468,0.01710873434637468,False,False,0.023970410628019325,2.91,5.9,2026-02-09 19:00:00+00:00,34.0,2026-01-31 23:00:00,2026-02-01T01:00:00+05:00,d05b3cae0b8e890efb085c68704c9fb8d2cbf736bedd6d6ce81594bf3efad63a,gfs_seamless,False
turbine_2,2026-02-11 06:00:00+00:00,48,0.9495066832862411,0.9495066832862411,False,False,0.9257415902140673,11.41,8.6,2026-02-09 19:00:00+00:00,35.0,2026-01-31 23:00:00,2026-02-01T01:00:00+05:00,d05b3cae0b8e890efb085c68704c9fb8d2cbf736bedd6d6ce81594bf3efad63a,gfs_seamless,False
turbine_2,2026-02-11 07:00:00+00:00,48,0.9716458423199373,0.9716458423199373,False,False,0.9603782505910166,14.23,10.0,2026-02-09 19:00:00+00:00,36.0,2026-01-31 23:00:00,2026-02-01T01:00:00+05:00,d05b3cae0b8e890efb085c68704c9fb8d2cbf736bedd6d6ce81594bf3efad63a,gfs_seamless,False
turbine_2,2026-02-11 08:00:00+00:00,48,0.9713265872479441,0.9713265872479441,False,False,0.9347222222222222,15.65,11.0,2026-02-09 19:00:00+00:00,37.0,2026-01-31 23:00:00,2026-02-01T01:00:00+05:00,d05b3cae0b8e890efb085c68704c9fb8d2cbf736bedd6d6ce81594bf3efad63a,gfs_seamless,False
turbine_2,2026-02-11 09:00:00+00:00,48,0.9723624527396787,0.9723624527396787,False,False,0.9603782505910166,14.18,10.4,2026-02-09 19:00:00+00:00,38.0,2026-01-31 23:00:00,2026-02-01T01:00:00+05:00,d05b3cae0b8e890efb085c68704c9fb8d2cbf736bedd6d6ce81594bf3efad63a,gfs_seamless,False
turbine_2,2026-02-11 10:00:00+00:00,48,0.6751692934429316,0.6751692934429316,False,False,0.6162610815602837,8.95,8.7,2026-02-09 19:00:00+00:00,39.0,2026-01-31 23:00:00,2026-02-01T01:00:00+05:00,d05b3cae0b8e890efb085c68704c9fb8d2cbf736bedd6d6ce81594bf3efad63a,gfs_seamless,False
turbine_2,2026-02-11 11:00:00+00:00,48,0.011127681968889094,0.011127681968889094,False,False,0.014608096468561586,2.44,7.5,2026-02-09 19:00:00+00:00,40.0,2026-01-31 23:00:00,2026-02-01T01:00:00+05:00,d05b3cae0b8e890efb085c68704c9fb8d2cbf736bedd6d6ce81594bf3efad63a,gfs_seamless,False
turbine_2,2026-02-11 12:00:00+00:00,48,0.599196091307058,0.599196091307058,False,False,0.6162610815602837,8.58,4.8,2026-02-09 19:00:00+00:00,41.0,2026-01-31 23:00:00,2026-02-01T01:00:00+05:00,d05b3cae0b8e890efb085c68704c9fb8d2cbf736bedd6d6ce81594bf3efad63a,gfs_seamless,False
turbine_2,2026-02-11 13:00:00+00:00,48,0.3750303458012465,0.3750303458012465,False,False,0.3872421383647799,7.16,5.6,2026-02-09 19:00:00+00:00,42.0,2026-01-31 23:00:00,2026-02-01T01:00:00+05:00,d05b3cae0b8e890efb085c68704c9fb8d2cbf736bedd6d6ce81594bf3efad63a,gfs_seamless,False
turbine_2,2026-02-11 14:00:00+00:00,48,0.7336849592566448,0.7336849592566448,False,False,0.7536449275362319,9.77,4.7,2026-02-09 19:00:00+00:00,43.0,2026-01-31 23:00:00,2026-02-01T01:00:00+05:00,d05b3cae0b8e890efb085c68704c9fb8d2cbf736bedd6d6ce81594bf3efad63a,gfs_seamless,False
turbine_2,2026-02-11 15:00:00+00:00,48,0.9792488527924816,0.9792488527924816,False,False,0.9700600600600602,13.49,3.5,2026-02-09 19:00:00+00:00,44.0,2026-01-31 23:00:00,2026-02-01T01:00:00+05:00,d05b3cae0b8e890efb085c68704c9fb8d2cbf736bedd6d6ce81594bf3efad63a,gfs_seamless,False
turbine_2,2026-02-11 16:00:00+00:00,48,0.9399307341098804,0.9399307341098804,False,False,0.962514880952381,14.9,2.8,2026-02-09 19:00:00+00:00,45.0,2026-01-31 23:00:00,2026-02-01T01:00:00+05:00,d05b3cae0b8e890efb085c68704c9fb8d2cbf736bedd6d6ce81594bf3efad63a,gfs_seamless,False
turbine_2,2026-02-11 17:00:00+00:00,48,0.929972412151297,0.929972412151297,False,False,0.962514880952381,14.98,2.4,2026-02-09 19:00:00+00:00,46.0,2026-01-31 23:00:00,2026-02-01T01:00:00+05:00,d05b3cae0b8e890efb085c68704c9fb8d2cbf736bedd6d6ce81594bf3efad63a,gfs_seamless,False
turbine_2,2026-02-11 18:00:00+00:00,48,0.9778831478692438,0.9778831478692438,False,False,0.9633299798792756,12.91,1.8,2026-02-09 19:00:00+00:00,47.0,2026-01-31 23:00:00,2026-02-01T01:00:00+05:00,d05b3cae0b8e890efb085c68704c9fb8d2cbf736bedd6d6ce81594bf3efad63a,gfs_seamless,False
turbine_2,2026-02-11 19:00:00+00:00,48,0.976705217995617,0.976705217995617,False,False,0.9633299798792756,12.83,2.2,2026-02-09 19:00:00+00:00,48.0,2026-01-31 23:00:00,2026-02-01T01:00:00+05:00,d05b3cae0b8e890efb085c68704c9fb8d2cbf736bedd6d6ce81594bf3efad63a,gfs_seamless,False
turbine_1,2026-02-10 20:00:00+00:00,24,0.9702062856563921,0.9702062856563921,False,False,0.9891975308641974,15.57,2.2,2026-02-10 19:00:00+00:00,1.0,2026-01-31 23:00:00,2026-02-01T01:00:00+05:00,e46d74629bd710750db40d5e9d8f3eadbaa20ee486e416572c0d88f6ec77ad79,gfs_seamless,False
turbine_1,2026-02-10 21:00:00+00:00,24,0.9874583876307809,0.9874583876307809,False,False,0.9650781249999999,15.29,1.7,2026-02-10 19:00:00+00:00,2.0,2026-01-31 23:00:00,2026-02-01T01:00:00+05:00,e46d74629bd710750db40d5e9d8f3eadbaa20ee486e416572c0d88f6ec77ad79,gfs_seamless,False
turbine_1,2026-02-10 22:00:00+00:00,24,0.954798691631946,0.954798691631946,False,False,0.9672885572139301,14.05,0.7,2026-02-10 19:00:00+00:00,3.0,2026-01-31 23:00:00,2026-02-01T01:00:00+05:00,e46d74629bd710750db40d5e9d8f3eadbaa20ee486e416572c0d88f6ec77ad79,gfs_seamless,False
turbine_1,2026-02-10 23:00:00+00:00,24,0.9832976517594487,0.9832976517594487,False,False,0.9583879781420764,12.0,1.1,2026-02-10 19:00:00+00:00,4.0,2026-01-31 23:00:00,2026-02-01T01:00:00+05:00,e46d74629bd710750db40d5e9d8f3eadbaa20ee486e416572c0d88f6ec77ad79,gfs_seamless,False
turbine_1,2026-02-11 00:00:00+00:00,24,0.6397861564961599,0.6397861564961599,False,False,0.6267624521072798,8.55,1.5,2026-02-10 19:00:00+00:00,5.0,2026-01-31 23:00:00,2026-02-01T01:00:00+05:00,e46d74629bd710750db40d5e9d8f3eadbaa20ee486e416572c0d88f6ec77ad79,gfs_seamless,False
turbine_1,2026-02-11 01:00:00+00:00,24,0.18291763140470466,0.18291763140470466,False,False,0.19472402597402597,5.95,0.4,2026-02-10 19:00:00+00:00,6.0,2026-01-31 23:00:00,2026-02-01T01:00:00+05:00,e46d74629bd710750db40d5e9d8f3eadbaa20ee486e416572c0d88f6ec77ad79,gfs_seamless,False
turbine_1,2026-02-11 02:00:00+00:00,24,0.2701624467946843,0.2701624467946843,False,False,0.2560354184518709,6.43,1.2,2026-02-10 19:00:00+00:00,7.0,2026-01-31 23:00:00,2026-02-01T01:00:00+05:00,e46d74629bd710750db40d5e9d8f3eadbaa20ee486e416572c0d88f6ec77ad79,gfs_seamless,False
turbine_1,2026-02-11 03:00:00+00:00,24,0.7278966342005232,0.7278966342005232,False,False,0.6955416051206302,9.2,3.4,2026-02-10 19:00:00+00:00,8.0,2026-01-31 23:00:00,2026-02-01T01:00:00+05:00,e46d74629bd710750db40d5e9d8f3eadbaa20ee486e416572c0d88f6ec77ad79,gfs_seamless,False
turbine_1,2026-02-11 04:00:00+00:00,24,0.6453684170310723,0.6453684170310723,False,False,0.6267624521072798,8.73,5.4,2026-02-10 19:00:00+00:00,9.0,2026-01-31 23:00:00,2026-02-01T01:00:00+05:00,e46d74629bd710750db40d5e9d8f3eadbaa20ee486e416572c0d88f6ec77ad79,gfs_seamless,False
turbine_1,2026-02-11 05:00:00+00:00,24,0.9155398466468809,0.9155398466468809,False,False,0.8937111928104575,10.52,6.7,2026-02-10 19:00:00+00:00,10.0,2026-01-31 23:00:00,2026-02-01T01:00:00+05:00,e46d74629bd710750db40d5e9d8f3eadbaa20ee486e416572c0d88f6ec77ad79,gfs_seamless,False
turbine_1,2026-02-11 06:00:00+00:00,24,0.9340860708320531,0.9340860708320531,False,False,0.9661001642036123,13.89,8.5,2026-02-10 19:00:00+00:00,11.0,2026-01-31 23:00:00,2026-02-01T01:00:00+05:00,e46d74629bd710750db40d5e9d8f3eadbaa20ee486e416572c0d88f6ec77ad79,gfs_seamless,False
turbine_1,2026-02-11 07:00:00+00:00,24,0.9926452802471655,0.9926452802471655,False,False,0.9877272727272726,17.28,9.5,2026-02-10 19:00:00+00:00,12.0,2026-01-31 23:00:00,2026-02-01T01:00:00+05:00,e46d74629bd710750db40d5e9d8f3eadbaa20ee486e416572c0d88f6ec77ad79,gfs_seamless,False
turbine_1,2026-02-11 08:00:00+00:00,24,0.9873941220990018,0.9873941220990018,False,False,0.9515384615384614,16.01,11.0,2026-02-10 19:00:00+00:00,13.0,2026-01-31 23:00:00,2026-02-01T01:00:00+05:00,e46d74629bd710750db40d5e9d8f3eadbaa20ee486e416572c0d88f6ec77ad79,gfs_seamless,False
turbine_1,2026-02-11 09:00:00+00:00,24,0.9874606182071337,0.9874606182071337,False,False,0.9673371212121211,12.61,9.4,2026-02-10 19:00:00+00:00,14.0,2026-01-31 23:00:00,2026-02-01T01:00:00+05:00,e46d74629bd710750db40d5e9d8f3eadbaa20ee486e416572c0d88f6ec77ad79,gfs_seamless,False
turbine_1,2026-02-11 10:00:00+00:00,24,0.10361719940907925,0.10361719940907925,False,False,0.11167154471544716,4.85,8.4,2026-02-10 19:00:00+00:00,15.0,2026-01-31 23:00:00,2026-02-01T01:00:00+05:00,e46d74629bd710750db40d5e9d8f3eadbaa20ee486e416572c0d88f6ec77ad79,gfs_seamless,False
turbine_1,2026-02-11 11:00:00+00:00,24,0.04064250052268548,0.04064250052268548,False,False,0.0581515812431843,3.63,7.4,2026-02-10 19:00:00+00:00,16.0,2026-01-31 23:00:00,2026-02-01T01:00:00+05:00,e46d74629bd710750db40d5e9d8f3eadbaa20ee486e416572c0d88f6ec77ad79,gfs_seamless,False
turbine_1,2026-02-11 12:00:00+00:00,24,0.12719215595168926,0.12719215595168926,False,False,0.14868314676616917,5.22,5.7,2026-02-10 19:00:00+00:00,17.0,2026-01-31 23:00:00,2026-02-01T01:00:00+05:00,e46d74629bd710750db40d5e9d8f3eadbaa20ee486e416572c0d88f6ec77ad79,gfs_seamless,False
turbine_1,2026-02-11 13:00:00+00:00,24,0.8061089089751171,0.8061089089751171,False,False,0.7651013024602026,9.72,4.8,2026-02-10 19:00:00+00:00,18.0,2026-01-31 23:00:00,2026-02-01T01:00:00+05:00,e46d74629bd710750db40d5e9d8f3eadbaa20ee486e416572c0d88f6ec77ad79,gfs_seamless,False
turbine_1,2026-02-11 14:00:00+00:00,24,0.9903779901406256,0.9903779901406256,False,False,0.9761353467561521,13.38,4.6,2026-02-10 19:00:00+00:00,19.0,2026-01-31 23:00:00,2026-02-01T01:00:00+05:00,e46d74629bd710750db40d5e9d8f3eadbaa20ee486e416572c0d88f6ec77ad79,gfs_seamless,False
turbine_1,2026-02-11 15:00:00+00:00,24,0.9819675182110967,0.9819675182110967,False,False,0.9672885572139301,14.32,3.5,2026-02-10 19:00:00+00:00,20.0,2026-01-31 23:00:00,2026-02-01T01:00:00+05:00,e46d74629bd710750db40d5e9d8f3eadbaa20ee486e416572c0d88f6ec77ad79,gfs_seamless,False
turbine_1,2026-02-11 16:00:00+00:00,24,0.9762509066280284,0.9762509066280284,False,False,0.9603525641025641,11.72,3.0,2026-02-10 19:00:00+00:00,21.0,2026-01-31 23:00:00,2026-02-01T01:00:00+05:00,e46d74629bd710750db40d5e9d8f3eadbaa20ee486e416572c0d88f6ec77ad79,gfs_seamless,False
turbine_1,2026-02-11 17:00:00+00:00,24,0.8122808268060249,0.8122808268060249,False,False,0.7651013024602026,9.79,3.3,2026-02-10 19:00:00+00:00,22.0,2026-01-31 23:00:00,2026-02-01T01:00:00+05:00,e46d74629bd710750db40d5e9d8f3eadbaa20ee486e416572c0d88f6ec77ad79,gfs_seamless,False
turbine_1,2026-02-11 18:00:00+00:00,24,0.7846545407062431,0.7846545407062431,False,False,0.6955416051206302,9.45,1.1,2026-02-10 19:00:00+00:00,23.0,2026-01-31 23:00:00,2026-02-01T01:00:00+05:00,e46d74629bd710750db40d5e9d8f3eadbaa20ee486e416572c0d88f6ec77ad79,gfs_seamless,False
turbine_1,2026-02-11 19:00:00+00:00,24,0.8974240531770986,0.8974240531770986,False,False,0.8301109660574413,10.48,1.3,2026-02-10 19:00:00+00:00,24.0,2026-01-31 23:00:00,2026-02-01T01:00:00+05:00,e46d74629bd710750db40d5e9d8f3eadbaa20ee486e416572c0d88f6ec77ad79,gfs_seamless,False
turbine_1,2026-02-11 20:00:00+00:00,48,0.9814849542530046,0.9814849542530046,False,False,0.9583879781420764,12.08,1.7,2026-02-10 19:00:00+00:00,25.0,2026-01-31 23:00:00,2026-02-01T01:00:00+05:00,e46d74629bd710750db40d5e9d8f3eadbaa20ee486e416572c0d88f6ec77ad79,gfs_seamless,False
turbine_1,2026-02-11 21:00:00+00:00,48,0.9945117525839626,0.9945117525839626,False,False,0.9583879781420764,12.22,0.8,2026-02-10 19:00:00+00:00,26.0,2026-01-31 23:00:00,2026-02-01T01:00:00+05:00,e46d74629bd710750db40d5e9d8f3eadbaa20ee486e416572c0d88f6ec77ad79,gfs_seamless,False
turbine_1,2026-02-11 22:00:00+00:00,48,0.9782028596087853,0.9782028596087853,False,False,0.9381677419354839,11.38,0.8,2026-02-10 19:00:00+00:00,27.0,2026-01-31 23:00:00,2026-02-01T01:00:00+05:00,e46d74629bd710750db40d5e9d8f3eadbaa20ee486e416572c0d88f6ec77ad79,gfs_seamless,False
turbine_1,2026-02-11 23:00:00+00:00,48,0.8663229683916133,0.8663229683916133,False,False,0.8301109660574413,10.12,0.9,2026-02-10 19:00:00+00:00,28.0,2026-01-31 23:00:00,2026-02-01T01:00:00+05:00,e46d74629bd710750db40d5e9d8f3eadbaa20ee486e416572c0d88f6ec77ad79,gfs_seamless,False
turbine_1,2026-02-12 00:00:00+00:00,48,0.805708405669727,0.805708405669727,False,False,0.7651013024602026,9.65,1.2,2026-02-10 19:00:00+00:00,29.0,2026-01-31 23:00:00,2026-02-01T01:00:00+05:00,e46d74629bd710750db40d5e9d8f3eadbaa20ee486e416572c0d88f6ec77ad79,gfs_seamless,False
turbine_1,2026-02-12 01:00:00+00:00,48,0.7161524276740767,0.7161524276740767,False,False,0.6955416051206302,9.1,0.9,2026-02-10 19:00:00+00:00,30.0,2026-01-31 23:00:00,2026-02-01T01:00:00+05:00,e46d74629bd710750db40d5e9d8f3eadbaa20ee486e416572c0d88f6ec77ad79,gfs_seamless,False
turbine_1,2026-02-12 02:00:00+00:00,48,0.7846545407062431,0.7846545407062431,False,False,0.6955416051206302,9.46,1.1,2026-02-10 19:00:00+00:00,31.0,2026-01-31 23:00:00,2026-02-01T01:00:00+05:00,e46d74629bd710750db40d5e9d8f3eadbaa20ee486e416572c0d88f6ec77ad79,gfs_seamless,False
turbine_1,2026-02-12 03:00:00+00:00,48,0.6812940487582948,0.6812940487582948,False,False,0.6267624521072798,8.83,0.5,2026-02-10 19:00:00+00:00,32.0,2026-01-31 23:00:00,2026-02-01T01:00:00+05:00,e46d74629bd710750db40d5e9d8f3eadbaa20ee486e416572c0d88f6ec77ad79,gfs_seamless,False
turbine_1,2026-02-12 04:00:00+00:00,48,0.42929981223987634,0.42929981223987634,False,False,0.3981808278867102,7.4,0.8,2026-02-10 19:00:00+00:00,33.0,2026-01-31 23:00:00,2026-02-01T01:00:00+05:00,e46d74629bd710750db40d5e9d8f3eadbaa20ee486e416572c0d88f6ec77ad79,gfs_seamless,False
turbine_1,2026-02-12 05:00:00+00:00,48,0.3680733069797612,0.3680733069797612,False,False,0.3981808278867102,7.03,1.4,2026-02-10 19:00:00+00:00,34.0,2026-01-31 23:00:00,2026-02-01T01:00:00+05:00,e46d74629bd710750db40d5e9d8f3eadbaa20ee486e416572c0d88f6ec77ad79,gfs_seamless,False
turbine_1,2026-02-12 06:00:00+00:00,48,0.0928811692389756,0.0928811692389756,False,False,0.11167154471544716,4.79,2.4,2026-02-10 19:00:00+00:00,35.0,2026-01-31 23:00:00,2026-02-01T01:00:00+05:00,e46d74629bd710750db40d5e9d8f3eadbaa20ee486e416572c0d88f6ec77ad79,gfs_seamless,False
turbine_1,2026-02-12 07:00:00+00:00,48,0.08353791749654961,0.08353791749654961,False,False,0.11167154471544716,4.74,2.7,2026-02-10 19:00:00+00:00,36.0,2026-01-31 23:00:00,2026-02-01T01:00:00+05:00,e46d74629bd710750db40d5e9d8f3eadbaa20ee486e416572c0d88f6ec77ad79,gfs_seamless,False
turbine_1,2026-02-12 08:00:00+00:00,48,0.0628227319211599,0.0628227319211599,False,False,0.08138774811772757,4.41,3.2,2026-02-10 19:00:00+00:00,37.0,2026-01-31 23:00:00,2026-02-01T01:00:00+05:00,e46d74629bd710750db40d5e9d8f3eadbaa20ee486e416572c0d88f6ec77ad79,gfs_seamless,False
turbine_1,2026-02-12 09:00:00+00:00,48,0.02939991915706736,0.02939991915706736,False,False,0.0581515812431843,3.6,3.3,2026-02-10 19:00:00+00:00,38.0,2026-01-31 23:00:00,2026-02-01T01:00:00+05:00,e46d74629bd710750db40d5e9d8f3eadbaa20ee486e416572c0d88f6ec77ad79,gfs_seamless,False
turbine_1,2026-02-12 10:00:00+00:00,48,0.023546868668649353,0.023546868668649353,False,False,0.040077274323849665,3.1,3.0,2026-02-10 19:00:00+00:00,39.0,2026-01-31 23:00:00,2026-02-01T01:00:00+05:00,e46d74629bd710750db40d5e9d8f3eadbaa20ee486e416572c0d88f6ec77ad79,gfs_seamless,False
turbine_1,2026-02-12 11:00:00+00:00,48,0.0251661829017333,0.0251661829017333,False,False,0.040077274323849665,3.21,2.4,2026-02-10 19:00:00+00:00,40.0,2026-01-31 23:00:00,2026-02-01T01:00:00+05:00,e46d74629bd710750db40d5e9d8f3eadbaa20ee486e416572c0d88f6ec77ad79,gfs_seamless,False
turbine_1,2026-02-12 12:00:00+00:00,48,0.09668224055719879,0.09668224055719879,False,False,0.11167154471544716,4.9,2.2,2026-02-10 19:00:00+00:00,41.0,2026-01-31 23:00:00,2026-02-01T01:00:00+05:00,e46d74629bd710750db40d5e9d8f3eadbaa20ee486e416572c0d88f6ec77ad79,gfs_seamless,False
turbine_1,2026-02-12 13:00:00+00:00,48,0.34624427913458955,0.34624427913458955,False,False,0.3244547053649956,6.82,1.6,2026-02-10 19:00:00+00:00,42.0,2026-01-31 23:00:00,2026-02-01T01:00:00+05:00,e46d74629bd710750db40d5e9d8f3eadbaa20ee486e416572c0d88f6ec77ad79,gfs_seamless,False
turbine_1,2026-02-12 14:00:00+00:00,48,0.45284774076548506,0.45284774076548506,False,False,0.47519897772909825,7.53,1.1,2026-02-10 19:00:00+00:00,43.0,2026-01-31 23:00:00,2026-02-01T01:00:00+05:00,e46d74629bd710750db40d5e9d8f3eadbaa20ee486e416572c0d88f6ec77ad79,gfs_seamless,False
turbine_1,2026-02-12 15:00:00+00:00,48,0.5053302850827868,0.5053302850827868,False,False,0.47519897772909825,7.89,0.8,2026-02-10 19:00:00+00:00,44.0,2026-01-31 23:00:00,2026-02-01T01:00:00+05:00,e46d74629bd710750db40d5e9d8f3eadbaa20ee486e416572c0d88f6ec77ad79,gfs_seamless,False
turbine_1,2026-02-12 16:00:00+00:00,48,0.35291192300858265,0.35291192300858265,False,False,0.3244547053649956,6.89,0.4,2026-02-10 19:00:00+00:00,45.0,2026-01-31 23:00:00,2026-02-01T01:00:00+05:00,e46d74629bd710750db40d5e9d8f3eadbaa20ee486e416572c0d88f6ec77ad79,gfs_seamless,False
turbine_1,2026-02-12 17:00:00+00:00,48,0.2480251586766593,0.2480251586766593,False,False,0.2560354184518709,6.26,0.2,2026-02-10 19:00:00+00:00,46.0,2026-01-31 23:00:00,2026-02-01T01:00:00+05:00,e46d74629bd710750db40d5e9d8f3eadbaa20ee486e416572c0d88f6ec77ad79,gfs_seamless,False
turbine_1,2026-02-12 18:00:00+00:00,48,0.052751560803143104,0.052751560803143104,False,False,0.08138774811772757,4.37,0.5,2026-02-10 19:00:00+00:00,47.0,2026-01-31 23:00:00,2026-02-01T01:00:00+05:00,e46d74629bd710750db40d5e9d8f3eadbaa20ee486e416572c0d88f6ec77ad79,gfs_seamless,False
turbine_1,2026-02-12 19:00:00+00:00,48,0.04904585316888813,0.04904585316888813,False,False,0.08138774811772757,4.46,0.2,2026-02-10 19:00:00+00:00,48.0,2026-01-31 23:00:00,2026-02-01T01:00:00+05:00,e46d74629bd710750db40d5e9d8f3eadbaa20ee486e416572c0d88f6ec77ad79,gfs_seamless,False
turbine_2,2026-02-10 20:00:00+00:00,24,0.9394455496386718,0.9394455496386718,False,False,0.9347222222222222,15.57,2.2,2026-02-10 19:00:00+00:00,1.0,2026-01-31 23:00:00,2026-02-01T01:00:00+05:00,d05b3cae0b8e890efb085c68704c9fb8d2cbf736bedd6d6ce81594bf3efad63a,gfs_seamless,False
turbine_2,2026-02-10 21:00:00+00:00,24,0.8827258752015904,0.8827258752015904,False,False,0.9496153846153847,15.29,1.7,2026-02-10 19:00:00+00:00,2.0,2026-01-31 23:00:00,2026-02-01T01:00:00+05:00,d05b3cae0b8e890efb085c68704c9fb8d2cbf736bedd6d6ce81594bf3efad63a,gfs_seamless,False
turbine_2,2026-02-10 22:00:00+00:00,24,1.001061277367487,0.995,True,False,0.9603782505910166,14.05,0.7,2026-02-10 19:00:00+00:00,3.0,2026-01-31 23:00:00,2026-02-01T01:00:00+05:00,d05b3cae0b8e890efb085c68704c9fb8d2cbf736bedd6d6ce81594bf3efad63a,gfs_seamless,False
turbine_2,2026-02-10 23:00:00+00:00,24,0.9742884421767267,0.9742884421767267,False,False,0.9574121315192744,12.0,1.1,2026-02-10 19:00:00+00:00,4.0,2026-01-31 23:00:00,2026-02-01T01:00:00+05:00,d05b3cae0b8e890efb085c68704c9fb8d2cbf736bedd6d6ce81594bf3efad63a,gfs_seamless,False
turbine_2,2026-02-11 00:00:00+00:00,24,0.5871132104384446,0.5871132104384446,False,False,0.6162610815602837,8.55,1.5,2026-02-10 19:00:00+00:00,5.0,2026-01-31 23:00:00,2026-02-01T01:00:00+05:00,d05b3cae0b8e890efb085c68704c9fb8d2cbf736bedd6d6ce81594bf3efad63a,gfs_seamless,False
turbine_2,2026-02-11 01:00:00+00:00,24,0.17402056678863198,0.17402056678863198,False,False,0.18799815254684613,5.95,0.4,2026-02-10 19:00:00+00:00,6.0,2026-01-31 23:00:00,2026-02-01T01:00:00+05:00,d05b3cae0b8e890efb085c68704c9fb8d2cbf736bedd6d6ce81594bf3efad63a,gfs_seamless,False
turbine_2,2026-02-11 02:00:00+00:00,24,0.24566999426744424,0.24566999426744424,False,False,0.24514071038251364,6.43,1.2,2026-02-10 19:00:00+00:00,7.0,2026-01-31 23:00:00,2026-02-01T01:00:00+05:00,d05b3cae0b8e890efb085c68704c9fb8d2cbf736bedd6d6ce81594bf3efad63a,gfs_seamless,False
turbine_2,2026-02-11 03:00:00+00:00,24,0.682707995043854,0.682707995043854,False,False,0.6742543244506779,9.2,3.4,2026-02-10 19:00:00+00:00,8.0,2026-01-31 23:00:00,2026-02-01T01:00:00+05:00,d05b3cae0b8e890efb085c68704c9fb8d2cbf736bedd6d6ce81594bf3efad63a,gfs_seamless,False
turbine_2,2026-02-11 04:00:00+00:00,24,0.6148749730620858,0.6148749730620858,False,False,0.6162610815602837,8.73,5.4,2026-02-10 19:00:00+00:00,9.0,2026-01-31 23:00:00,2026-02-01T01:00:00+05:00,d05b3cae0b8e890efb085c68704c9fb8d2cbf736bedd6d6ce81594bf3efad63a,gfs_seamless,False
turbine_2,2026-02-11 05:00:00+00:00,24,0.8881534754481535,0.8881534754481535,False,False,0.8845606610237807,10.52,6.7,2026-02-10 19:00:00+00:00,10.0,2026-01-31 23:00:00,2026-02-01T01:00:00+05:00,d05b3cae0b8e890efb085c68704c9fb8d2cbf736bedd6d6ce81594bf3efad63a,gfs_seamless,False
turbine_2,2026-02-11 06:00:00+00:00,24,0.9339322486045427,0.9339322486045427,False,False,0.9598799435028249,13.89,8.5,2026-02-10 19:00:00+00:00,11.0,2026-01-31 23:00:00,2026-02-01T01:00:00+05:00,d05b3cae0b8e890efb085c68704c9fb8d2cbf736bedd6d6ce81594bf3efad63a,gfs_seamless,False
turbine_2,2026-02-11 07:00:00+00:00,24,0.970279960383849,0.970279960383849,False,False,0.9443333333333334,17.28,9.5,2026-02-10 19:00:00+00:00,12.0,2026-01-31 23:00:00,2026-02-01T01:00:00+05:00,d05b3cae0b8e890efb085c68704c9fb8d2cbf736bedd6d6ce81594bf3efad63a,gfs_seamless,False
turbine_2,2026-02-11 08:00:00+00:00,24,0.9713265872479441,0.9713265872479441,False,False,0.9726666666666667,16.01,11.0,2026-02-10 19:00:00+00:00,13.0,2026-01-31 23:00:00,2026-02-01T01:00:00+05:00,d05b3cae0b8e890efb085c68704c9fb8d2cbf736bedd6d6ce81594bf3efad63a,gfs_seamless,False
turbine_2,2026-02-11 09:00:00+00:00,24,0.9706523679729251,0.9706523679729251,False,False,0.9633299798792756,12.61,9.4,2026-02-10 19:00:00+00:00,14.0,2026-01-31 23:00:00,2026-02-01T01:00:00+05:00,d05b3cae0b8e890efb085c68704c9fb8d2cbf736bedd6d6ce81594bf3efad63a,gfs_seamless,False
turbine_2,2026-02-11 10:00:00+00:00,24,0.09946656605888199,0.09946656605888199,False,False,0.10500000000000001,4.85,8.4,2026-02-10 19:00:00+00:00,15.0,2026-01-31 23:00:00,2026-02-01T01:00:00+05:00,d05b3cae0b8e890efb085c68704c9fb8d2cbf736bedd6d6ce81594bf3efad63a,gfs_seamless,False
turbine_2,2026-02-11 11:00:00+00:00,24,0.03521346983238822,0.03521346983238822,False,False,0.0552395725611858,3.63,7.4,2026-02-10 19:00:00+00:00,16.0,2026-01-31 23:00:00,2026-02-01T01:00:00+05:00,d05b3cae0b8e890efb085c68704c9fb8d2cbf736bedd6d6ce81594bf3efad63a,gfs_seamless,False
turbine_2,2026-02-11 12:00:00+00:00,24,0.11579089461509773,0.11579089461509773,False,False,0.14257562144354596,5.22,5.7,2026-02-10 19:00:00+00:00,17.0,2026-01-31 23:00:00,2026-02-01T01:00:00+05:00,d05b3cae0b8e890efb085c68704c9fb8d2cbf736bedd6d6ce81594bf3efad63a,gfs_seamless,False
turbine_2,2026-02-11 13:00:00+00:00,24,0.7385344037248047,0.7385344037248047,False,False,0.7536449275362319,9.72,4.8,2026-02-10 19:00:00+00:00,18.0,2026-01-31 23:00:00,2026-02-01T01:00:00+05:00,d05b3cae0b8e890efb085c68704c9fb8d2cbf736bedd6d6ce81594bf3efad63a,gfs_seamless,False
turbine_2,2026-02-11 14:00:00+00:00,24,0.9805133899794488,0.9805133899794488,False,False,0.9700600600600602,13.38,4.6,2026-02-10 19:00:00+00:00,19.0,2026-01-31 23:00:00,2026-02-01T01:00:00+05:00,d05b3cae0b8e890efb085c68704c9fb8d2cbf736bedd6d6ce81594bf3efad63a,gfs_seamless,False
turbine_2,2026-02-11 15:00:00+00:00,24,0.9797930077658131,0.9797930077658131,False,False,0.9603782505910166,14.32,3.5,2026-02-10 19:00:00+00:00,20.0,2026-01-31 23:00:00,2026-02-01T01:00:00+05:00,d05b3cae0b8e890efb085c68704c9fb8d2cbf736bedd6d6ce81594bf3efad63a,gfs_seamless,False
turbine_2,2026-02-11 16:00:00+00:00,24,0.9668344241124632,0.9668344241124632,False,False,0.9518670076726343,11.72,3.0,2026-02-10 19:00:00+00:00,21.0,2026-01-31 23:00:00,2026-02-01T01:00:00+05:00,d05b3cae0b8e890efb085c68704c9fb8d2cbf736bedd6d6ce81594bf3efad63a,gfs_seamless,False
turbine_2,2026-02-11 17:00:00+00:00,24,0.7799978166144745,0.7799978166144745,False,False,0.7536449275362319,9.79,3.3,2026-02-10 19:00:00+00:00,22.0,2026-01-31 23:00:00,2026-02-01T01:00:00+05:00,d05b3cae0b8e890efb085c68704c9fb8d2cbf736bedd6d6ce81594bf3efad63a,gfs_seamless,False
turbine_2,2026-02-11 18:00:00+00:00,24,0.7111782074330566,0.7111782074330566,False,False,0.6742543244506779,9.45,1.1,2026-02-10 19:00:00+00:00,23.0,2026-01-31 23:00:00,2026-02-01T01:00:00+05:00,d05b3cae0b8e890efb085c68704c9fb8d2cbf736bedd6d6ce81594bf3efad63a,gfs_seamless,False
turbine_2,2026-02-11 19:00:00+00:00,24,0.8762068198352355,0.8762068198352355,False,False,0.8240326184092941,10.48,1.3,2026-02-10 19:00:00+00:00,24.0,2026-01-31 23:00:00,2026-02-01T01:00:00+05:00,d05b3cae0b8e890efb085c68704c9fb8d2cbf736bedd6d6ce81594bf3efad63a,gfs_seamless,False
turbine_2,2026-02-11 20:00:00+00:00,48,0.9746812591765687,0.9746812591765687,False,False,0.9574121315192744,12.08,1.7,2026-02-10 19:00:00+00:00,25.0,2026-01-31 23:00:00,2026-02-01T01:00:00+05:00,d05b3cae0b8e890efb085c68704c9fb8d2cbf736bedd6d6ce81594bf3efad63a,gfs_seamless,False
turbine_2,2026-02-11 21:00:00+00:00,48,0.9731904036891564,0.9731904036891564,False,False,0.9574121315192744,12.22,0.8,2026-02-10 19:00:00+00:00,26.0,2026-01-31 23:00:00,2026-02-01T01:00:00+05:00,d05b3cae0b8e890efb085c68704c9fb8d2cbf736bedd6d6ce81594bf3efad63a,gfs_seamless,False
turbine_2,2026-02-11 22:00:00+00:00,48,0.9621206745215028,0.9621206745215028,False,False,0.9257415902140673,11.38,0.8,2026-02-10 19:00:00+00:00,27.0,2026-01-31 23:00:00,2026-02-01T01:00:00+05:00,d05b3cae0b8e890efb085c68704c9fb8d2cbf736bedd6d6ce81594bf3efad63a,gfs_seamless,False
turbine_2,2026-02-11 23:00:00+00:00,48,0.8243870972956147,0.8243870972956147,False,False,0.8240326184092941,10.12,0.9,2026-02-10 19:00:00+00:00,28.0,2026-01-31 23:00:00,2026-02-01T01:00:00+05:00,d05b3cae0b8e890efb085c68704c9fb8d2cbf736bedd6d6ce81594bf3efad63a,gfs_seamless,False
turbine_2,2026-02-12 00:00:00+00:00,48,0.7752733454010382,0.7752733454010382,False,False,0.7536449275362319,9.65,1.2,2026-02-10 19:00:00+00:00,29.0,2026-01-31 23:00:00,2026-02-01T01:00:00+05:00,d05b3cae0b8e890efb085c68704c9fb8d2cbf736bedd6d6ce81594bf3efad63a,gfs_seamless,False
turbine_2,2026-02-12 01:00:00+00:00,48,0.6828040666981119,0.6828040666981119,False,False,0.6742543244506779,9.1,0.9,2026-02-10 19:00:00+00:00,30.0,2026-01-31 23:00:00,2026-02-01T01:00:00+05:00,d05b3cae0b8e890efb085c68704c9fb8d2cbf736bedd6d6ce81594bf3efad63a,gfs_seamless,False
turbine_2,2026-02-12 02:00:00+00:00,48,0.7111782074330566,0.7111782074330566,False,False,0.6742543244506779,9.46,1.1,2026-02-10 19:00:00+00:00,31.0,2026-01-31 23:00:00,2026-02-01T01:00:00+05:00,d05b3cae0b8e890efb085c68704c9fb8d2cbf736bedd6d6ce81594bf3efad63a,gfs_seamless,False
turbine_2,2026-02-12 03:00:00+00:00,48,0.6413092392515719,0.6413092392515719,False,False,0.6162610815602837,8.83,0.5,2026-02-10 19:00:00+00:00,32.0,2026-01-31 23:00:00,2026-02-01T01:00:00+05:00,d05b3cae0b8e890efb085c68704c9fb8d2cbf736bedd6d6ce81594bf3efad63a,gfs_seamless,False
turbine_2,2026-02-12 04:00:00+00:00,48,0.4106365392192961,0.4106365392192961,False,False,0.3872421383647799,7.4,0.8,2026-02-10 19:00:00+00:00,33.0,2026-01-31 23:00:00,2026-02-01T01:00:00+05:00,d05b3cae0b8e890efb085c68704c9fb8d2cbf736bedd6d6ce81594bf3efad63a,gfs_seamless,False
turbine_2,2026-02-12 05:00:00+00:00,48,0.33818683629326446,0.33818683629326446,False,False,0.3872421383647799,7.03,1.4,2026-02-10 19:00:00+00:00,34.0,2026-01-31 23:00:00,2026-02-01T01:00:00+05:00,d05b3cae0b8e890efb085c68704c9fb8d2cbf736bedd6d6ce81594bf3efad63a,gfs_seamless,False
turbine_2,2026-02-12 06:00:00+00:00,48,0.07452260767280398,0.07452260767280398,False,False,0.10500000000000001,4.79,2.4,2026-02-10 19:00:00+00:00,35.0,2026-01-31 23:00:00,2026-02-01T01:00:00+05:00,d05b3cae0b8e890efb085c68704c9fb8d2cbf736bedd6d6ce81594bf3efad63a,gfs_seamless,False
turbine_2,2026-02-12 07:00:00+00:00,48,0.07298869274989701,0.07298869274989701,False,False,0.10500000000000001,4.74,2.7,2026-02-10 19:00:00+00:00,36.0,2026-01-31 23:00:00,2026-02-01T01:00:00+05:00,d05b3cae0b8e890efb085c68704c9fb8d2cbf736bedd6d6ce81594bf3efad63a,gfs_seamless,False
turbine_2,2026-02-12 08:00:00+00:00,48,0.05725162214330144,0.05725162214330144,False,False,0.07894438894438895,4.41,3.2,2026-02-10 19:00:00+00:00,37.0,2026-01-31 23:00:00,2026-02-01T01:00:00+05:00,d05b3cae0b8e890efb085c68704c9fb8d2cbf736bedd6d6ce81594bf3efad63a,gfs_seamless,False
turbine_2,2026-02-12 09:00:00+00:00,48,0.021202114579641274,0.021202114579641274,False,False,0.0552395725611858,3.6,3.3,2026-02-10 19:00:00+00:00,38.0,2026-01-31 23:00:00,2026-02-01T01:00:00+05:00,d05b3cae0b8e890efb085c68704c9fb8d2cbf736bedd6d6ce81594bf3efad63a,gfs_seamless,False
turbine_2,2026-02-12 10:00:00+00:00,48,0.01796880353431113,0.01796880353431113,False,False,0.037099712368168745,3.1,3.0,2026-02-10 19:00:00+00:00,39.0,2026-01-31 23:00:00,2026-02-01T01:00:00+05:00,d05b3cae0b8e890efb085c68704c9fb8d2cbf736bedd6d6ce81594bf3efad63a,gfs_seamless,False
turbine_2,2026-02-12 11:00:00+00:00,48,0.019668798913601584,0.019668798913601584,False,False,0.037099712368168745,3.21,2.4,2026-02-10 19:00:00+00:00,40.0,2026-01-31 23:00:00,2026-02-01T01:00:00+05:00,d05b3cae0b8e890efb085c68704c9fb8d2cbf736bedd6d6ce81594bf3efad63a,gfs_seamless,False
turbine_2,2026-02-12 12:00:00+00:00,48,0.0839082604537602,0.0839082604537602,False,False,0.10500000000000001,4.9,2.2,2026-02-10 19:00:00+00:00,41.0,2026-01-31 23:00:00,2026-02-01T01:00:00+05:00,d05b3cae0b8e890efb085c68704c9fb8d2cbf736bedd6d6ce81594bf3efad63a,gfs_seamless,False
turbine_2,2026-02-12 13:00:00+00:00,48,0.29196051444807625,0.29196051444807625,False,False,0.3134483750359506,6.82,1.6,2026-02-10 19:00:00+00:00,42.0,2026-01-31 23:00:00,2026-02-01T01:00:00+05:00,d05b3cae0b8e890efb085c68704c9fb8d2cbf736bedd6d6ce81594bf3efad63a,gfs_seamless,False
turbine_2,2026-02-12 14:00:00+00:00,48,0.4293649762474787,0.4293649762474787,False,False,0.45997253690353584,7.53,1.1,2026-02-10 19:00:00+00:00,43.0,2026-01-31 23:00:00,2026-02-01T01:00:00+05:00,d05b3cae0b8e890efb085c68704c9fb8d2cbf736bedd6d6ce81594bf3efad63a,gfs_seamless,False
turbine_2,2026-02-12 15:00:00+00:00,48,0.49214253657832285,0.49214253657832285,False,False,0.45997253690353584,7.89,0.8,2026-02-10 19:00:00+00:00,44.0,2026-01-31 23:00:00,2026-02-01T01:00:00+05:00,d05b3cae0b8e890efb085c68704c9fb8d2cbf736bedd6d6ce81594bf3efad63a,gfs_seamless,False
turbine_2,2026-02-12 16:00:00+00:00,48,0.3238887867046205,0.3238887867046205,False,False,0.3134483750359506,6.89,0.4,2026-02-10 19:00:00+00:00,45.0,2026-01-31 23:00:00,2026-02-01T01:00:00+05:00,d05b3cae0b8e890efb085c68704c9fb8d2cbf736bedd6d6ce81594bf3efad63a,gfs_seamless,False
turbine_2,2026-02-12 17:00:00+00:00,48,0.2424995557626097,0.2424995557626097,False,False,0.24514071038251364,6.26,0.2,2026-02-10 19:00:00+00:00,46.0,2026-01-31 23:00:00,2026-02-01T01:00:00+05:00,d05b3cae0b8e890efb085c68704c9fb8d2cbf736bedd6d6ce81594bf3efad63a,gfs_seamless,False
turbine_2,2026-02-12 18:00:00+00:00,48,0.045636516291594036,0.045636516291594036,False,False,0.07894438894438895,4.37,0.5,2026-02-10 19:00:00+00:00,47.0,2026-01-31 23:00:00,2026-02-01T01:00:00+05:00,d05b3cae0b8e890efb085c68704c9fb8d2cbf736bedd6d6ce81594bf3efad63a,gfs_seamless,False
turbine_2,2026-02-12 19:00:00+00:00,48,0.05338514855210665,0.05338514855210665,False,False,0.07894438894438895,4.46,0.2,2026-02-10 19:00:00+00:00,48.0,2026-01-31 23:00:00,2026-02-01T01:00:00+05:00,d05b3cae0b8e890efb085c68704c9fb8d2cbf736bedd6d6ce81594bf3efad63a,gfs_seamless,False
turbine_1,2026-02-11 20:00:00+00:00,24,0.978679638398719,0.978679638398719,False,False,0.9673371212121211,12.53,1.3,2026-02-11 19:00:00+00:00,1.0,2026-01-31 23:00:00,2026-02-01T01:00:00+05:00,e46d74629bd710750db40d5e9d8f3eadbaa20ee486e416572c0d88f6ec77ad79,gfs_seamless,False
turbine_1,2026-02-11 21:00:00+00:00,24,0.9853595376520679,0.9853595376520679,False,False,0.9603525641025641,11.85,1.0,2026-02-11 19:00:00+00:00,2.0,2026-01-31 23:00:00,2026-02-01T01:00:00+05:00,e46d74629bd710750db40d5e9d8f3eadbaa20ee486e416572c0d88f6ec77ad79,gfs_seamless,False
turbine_1,2026-02-11 22:00:00+00:00,24,0.8799175282302464,0.8799175282302464,False,False,0.8301109660574413,10.16,1.0,2026-02-11 19:00:00+00:00,3.0,2026-01-31 23:00:00,2026-02-01T01:00:00+05:00,e46d74629bd710750db40d5e9d8f3eadbaa20ee486e416572c0d88f6ec77ad79,gfs_seamless,False
turbine_1,2026-02-11 23:00:00+00:00,24,0.427567118293137,0.427567118293137,False,False,0.3981808278867102,7.34,1.2,2026-02-11 19:00:00+00:00,4.0,2026-01-31 23:00:00,2026-02-01T01:00:00+05:00,e46d74629bd710750db40d5e9d8f3eadbaa20ee486e416572c0d88f6ec77ad79,gfs_seamless,False
turbine_1,2026-02-12 00:00:00+00:00,24,0.144285723891664,0.144285723891664,False,False,0.19472402597402597,5.6,0.5,2026-02-11 19:00:00+00:00,5.0,2026-01-31 23:00:00,2026-02-01T01:00:00+05:00,e46d74629bd710750db40d5e9d8f3eadbaa20ee486e416572c0d88f6ec77ad79,gfs_seamless,False
turbine_1,2026-02-12 01:00:00+00:00,24,0.18291763140470466,0.18291763140470466,False,False,0.19472402597402597,5.94,0.7,2026-02-11 19:00:00+00:00,6.0,2026-01-31 23:00:00,2026-02-01T01:00:00+05:00,e46d74629bd710750db40d5e9d8f3eadbaa20ee486e416572c0d88f6ec77ad79,gfs_seamless,False
turbine_1,2026-02-12 02:00:00+00:00,24,0.08114563435583846,0.08114563435583846,False,False,0.11167154471544716,4.78,0.7,2026-02-11 19:00:00+00:00,7.0,2026-01-31 23:00:00,2026-02-01T01:00:00+05:00,e46d74629bd710750db40d5e9d8f3eadbaa20ee486e416572c0d88f6ec77ad79,gfs_seamless,False
turbine_1,2026-02-12 03:00:00+00:00,24,0.035671875965007496,0.035671875965007496,False,False,0.08138774811772757,4.02,1.0,2026-02-11 19:00:00+00:00,8.0,2026-01-31 23:00:00,2026-02-01T01:00:00+05:00,e46d74629bd710750db40d5e9d8f3eadbaa20ee486e416572c0d88f6ec77ad79,gfs_seamless,False
turbine_1,2026-02-12 04:00:00+00:00,24,0.010413337459188404,0.010413337459188404,False,False,0.01599670263788969,2.0,1.4,2026-02-11 19:00:00+00:00,9.0,2026-01-31 23:00:00,2026-02-01T01:00:00+05:00,e46d74629bd710750db40d5e9d8f3eadbaa20ee486e416572c0d88f6ec77ad79,gfs_seamless,False
turbine_1,2026-02-12 05:00:00+00:00,24,0.00971789083440588,0.00971789083440588,False,False,0.009961472602739725,1.25,1.7,2026-02-11 19:00:00+00:00,10.0,2026-01-31 23:00:00,2026-02-01T01:00:00+05:00,e46d74629bd710750db40d5e9d8f3eadbaa20ee486e416572c0d88f6ec77ad79,gfs_seamless,False
turbine_1,2026-02-12 06:00:00+00:00,24,0.02939991915706736,0.02939991915706736,False,False,0.0581515812431843,3.55,3.3,2026-02-11 19:00:00+00:00,11.0,2026-01-31 23:00:00,2026-02-01T01:00:00+05:00,e46d74629bd710750db40d5e9d8f3eadbaa20ee486e416572c0d88f6ec77ad79,gfs_seamless,False
turbine_1,2026-02-12 07:00:00+00:00,24,0.08429156998338169,0.08429156998338169,False,False,0.11167154471544716,4.66,3.8,2026-02-11 19:00:00+00:00,12.0,2026-01-31 23:00:00,2026-02-01T01:00:00+05:00,e46d74629bd710750db40d5e9d8f3eadbaa20ee486e416572c0d88f6ec77ad79,gfs_seamless,False
turbine_1,2026-02-12 08:00:00+00:00,24,0.24011194681225664,0.24011194681225664,False,False,0.2560354184518709,6.12,3.8,2026-02-11 19:00:00+00:00,13.0,2026-01-31 23:00:00,2026-02-01T01:00:00+05:00,e46d74629bd710750db40d5e9d8f3eadbaa20ee486e416572c0d88f6ec77ad79,gfs_seamless,False
turbine_1,2026-02-12 09:00:00+00:00,24,0.4284762940872706,0.4284762940872706,False,False,0.3981808278867102,7.35,4.5,2026-02-11 19:00:00+00:00,14.0,2026-01-31 23:00:00,2026-02-01T01:00:00+05:00,e46d74629bd710750db40d5e9d8f3eadbaa20ee486e416572c0d88f6ec77ad79,gfs_seamless,False
turbine_1,2026-02-12 10:00:00+00:00,24,0.5137762457573332,0.5137762457573332,False,False,0.47519897772909825,7.91,4.8,2026-02-11 19:00:00+00:00,15.0,2026-01-31 23:00:00,2026-02-01T01:00:00+05:00,e46d74629bd710750db40d5e9d8f3eadbaa20ee486e416572c0d88f6ec77ad79,gfs_seamless,False
turbine_1,2026-02-12 11:00:00+00:00,24,0.5737850711850648,0.5737850711850648,False,False,0.5480688448074679,8.25,3.8,2026-02-11 19:00:00+00:00,16.0,2026-01-31 23:00:00,2026-02-01T01:00:00+05:00,e46d74629bd710750db40d5e9d8f3eadbaa20ee486e416572c0d88f6ec77ad79,gfs_seamless,False
turbine_1,2026-02-12 12:00:00+00:00,24,0.01445955166018728,0.01445955166018728,False,False,0.025215897939156035,2.56,2.6,2026-02-11 19:00:00+00:00,17.0,2026-01-31 23:00:00,2026-02-01T01:00:00+05:00,e46d74629bd710750db40d5e9d8f3eadbaa20ee486e416572c0d88f6ec77ad79,gfs_seamless,False
turbine_1,2026-02-12 13:00:00+00:00,24,0.07533157430870172,0.07533157430870172,False,False,0.11167154471544716,4.69,1.1,2026-02-11 19:00:00+00:00,18.0,2026-01-31 23:00:00,2026-02-01T01:00:00+05:00,e46d74629bd710750db40d5e9d8f3eadbaa20ee486e416572c0d88f6ec77ad79,gfs_seamless,False
turbine_1,2026-02-12 14:00:00+00:00,24,0.325610713232618,0.325610713232618,False,False,0.3244547053649956,6.71,1.1,2026-02-11 19:00:00+00:00,19.0,2026-01-31 23:00:00,2026-02-01T01:00:00+05:00,e46d74629bd710750db40d5e9d8f3eadbaa20ee486e416572c0d88f6ec77ad79,gfs_seamless,False
turbine_1,2026-02-12 15:00:00+00:00,24,0.09734146266392586,0.09734146266392586,False,False,0.14868314676616917,5.02,1.1,2026-02-11 19:00:00+00:00,20.0,2026-01-31 23:00:00,2026-02-01T01:00:00+05:00,e46d74629bd710750db40d5e9d8f3eadbaa20ee486e416572c0d88f6ec77ad79,gfs_seamless,False
turbine_1,2026-02-12 16:00:00+00:00,24,0.10653619347389763,0.10653619347389763,False,False,0.14868314676616917,5.14,0.8,2026-02-11 19:00:00+00:00,21.0,2026-01-31 23:00:00,2026-02-01T01:00:00+05:00,e46d74629bd710750db40d5e9d8f3eadbaa20ee486e416572c0d88f6ec77ad79,gfs_seamless,False
turbine_1,2026-02-12 17:00:00+00:00,24,0.08808141003415428,0.08808141003415428,False,False,0.11167154471544716,4.9,0.8,2026-02-11 19:00:00+00:00,22.0,2026-01-31 23:00:00,2026-02-01T01:00:00+05:00,e46d74629bd710750db40d5e9d8f3eadbaa20ee486e416572c0d88f6ec77ad79,gfs_seamless,False
turbine_1,2026-02-12 18:00:00+00:00,24,0.015929765976967943,0.015929765976967943,False,False,0.025215897939156035,2.81,0.2,2026-02-11 19:00:00+00:00,23.0,2026-01-31 23:00:00,2026-02-01T01:00:00+05:00,e46d74629bd710750db40d5e9d8f3eadbaa20ee486e416572c0d88f6ec77ad79,gfs_seamless,False
turbine_1,2026-02-12 19:00:00+00:00,24,0.00946002133571076,0.00946002133571076,False,False,0.01599670263788969,2.2,-0.6,2026-02-11 19:00:00+00:00,24.0,2026-01-31 23:00:00,2026-02-01T01:00:00+05:00,e46d74629bd710750db40d5e9d8f3eadbaa20ee486e416572c0d88f6ec77ad79,gfs_seamless,False
turbine_1,2026-02-12 20:00:00+00:00,48,0.021570542772177216,0.021570542772177216,False,False,0.040077274323849665,3.23,-0.3,2026-02-11 19:00:00+00:00,25.0,2026-01-31 23:00:00,2026-02-01T01:00:00+05:00,e46d74629bd710750db40d5e9d8f3eadbaa20ee486e416572c0d88f6ec77ad79,gfs_seamless,False
turbine_1,2026-02-12 21:00:00+00:00,48,0.009484046431993846,0.009484046431993846,False,False,0.01102904972919744,1.94,-0.1,2026-02-11 19:00:00+00:00,26.0,2026-01-31 23:00:00,2026-02-01T01:00:00+05:00,e46d74629bd710750db40d5e9d8f3eadbaa20ee486e416572c0d88f6ec77ad79,gfs_seamless,False
turbine_1,2026-02-12 22:00:00+00:00,48,0.00937658092267389,0.00937658092267389,False,False,0.01102904972919744,1.77,-0.3,2026-02-11 19:00:00+00:00,27.0,2026-01-31 23:00:00,2026-02-01T01:00:00+05:00,e46d74629bd710750db40d5e9d8f3eadbaa20ee486e416572c0d88f6ec77ad79,gfs_seamless,False
turbine_1,2026-02-12 23:00:00+00:00,48,0.00924642829421385,0.00924642829421385,False,False,0.009989159891598917,0.89,-0.6,2026-02-11 19:00:00+00:00,28.0,2026-01-31 23:00:00,2026-02-01T01:00:00+05:00,e46d74629bd710750db40d5e9d8f3eadbaa20ee486e416572c0d88f6ec77ad79,gfs_seamless,False
turbine_1,2026-02-13 00:00:00+00:00,48,0.009293879232444138,0.009293879232444138,False,False,0.009961472602739725,1.1,0.1,2026-02-11 19:00:00+00:00,29.0,2026-01-31 23:00:00,2026-02-01T01:00:00+05:00,e46d74629bd710750db40d5e9d8f3eadbaa20ee486e416572c0d88f6ec77ad79,gfs_seamless,False
turbine_1,2026-02-13 01:00:00+00:00,48,0.009293879232444138,0.009293879232444138,False,False,0.009961472602739725,1.21,0.1,2026-02-11 19:00:00+00:00,30.0,2026-01-31 23:00:00,2026-02-01T01:00:00+05:00,e46d74629bd710750db40d5e9d8f3eadbaa20ee486e416572c0d88f6ec77ad79,gfs_seamless,False
turbine_1,2026-02-13 02:00:00+00:00,48,0.009667500808408494,0.009667500808408494,False,False,0.01102904972919744,1.91,0.3,2026-02-11 19:00:00+00:00,31.0,2026-01-31 23:00:00,2026-02-01T01:00:00+05:00,e46d74629bd710750db40d5e9d8f3eadbaa20ee486e416572c0d88f6ec77ad79,gfs_seamless,False
turbine_1,2026-02-13 03:00:00+00:00,48,0.01884070048864877,0.01884070048864877,False,False,0.025215897939156035,2.92,0.8,2026-02-11 19:00:00+00:00,32.0,2026-01-31 23:00:00,2026-02-01T01:00:00+05:00,e46d74629bd710750db40d5e9d8f3eadbaa20ee486e416572c0d88f6ec77ad79,gfs_seamless,False
turbine_1,2026-02-13 04:00:00+00:00,48,0.047755060762124275,0.047755060762124275,False,False,0.08138774811772757,4.3,1.2,2026-02-11 19:00:00+00:00,33.0,2026-01-31 23:00:00,2026-02-01T01:00:00+05:00,e46d74629bd710750db40d5e9d8f3eadbaa20ee486e416572c0d88f6ec77ad79,gfs_seamless,False
turbine_1,2026-02-13 05:00:00+00:00,48,0.10376622790720731,0.10376622790720731,False,False,0.14868314676616917,5.01,1.6,2026-02-11 19:00:00+00:00,34.0,2026-01-31 23:00:00,2026-02-01T01:00:00+05:00,e46d74629bd710750db40d5e9d8f3eadbaa20ee486e416572c0d88f6ec77ad79,gfs_seamless,False
turbine_1,2026-02-13 06:00:00+00:00,48,0.05912828312974552,0.05912828312974552,False,False,0.08138774811772757,4.4,2.3,2026-02-11 19:00:00+00:00,35.0,2026-01-31 23:00:00,2026-02-01T01:00:00+05:00,e46d74629bd710750db40d5e9d8f3eadbaa20ee486e416572c0d88f6ec77ad79,gfs_seamless,False
turbine_1,2026-02-13 07:00:00+00:00,48,0.035765749738737855,0.035765749738737855,False,False,0.0581515812431843,3.86,2.4,2026-02-11 19:00:00+00:00,36.0,2026-01-31 23:00:00,2026-02-01T01:00:00+05:00,e46d74629bd710750db40d5e9d8f3eadbaa20ee486e416572c0d88f6ec77ad79,gfs_seamless,False
turbine_1,2026-02-13 08:00:00+00:00,48,0.026562387899484025,0.026562387899484025,False,False,0.0581515812431843,3.61,2.4,2026-02-11 19:00:00+00:00,37.0,2026-01-31 23:00:00,2026-02-01T01:00:00+05:00,e46d74629bd710750db40d5e9d8f3eadbaa20ee486e416572c0d88f6ec77ad79,gfs_seamless,False
turbine_1,2026-02-13 09:00:00+00:00,48,0.01649215413821647,0.01649215413821647,False,False,0.025215897939156035,2.66,2.4,2026-02-11 19:00:00+00:00,38.0,2026-01-31 23:00:00,2026-02-01T01:00:00+05:00,e46d74629bd710750db40d5e9d8f3eadbaa20ee486e416572c0d88f6ec77ad79,gfs_seamless,False
turbine_1,2026-02-13 10:00:00+00:00,48,0.010129594463769332,0.010129594463769332,False,False,0.009961472602739725,1.06,2.4,2026-02-11 19:00:00+00:00,39.0,2026-01-31 23:00:00,2026-02-01T01:00:00+05:00,e46d74629bd710750db40d5e9d8f3eadbaa20ee486e416572c0d88f6ec77ad79,gfs_seamless,False
turbine_1,2026-02-13 11:00:00+00:00,48,0.010129594463769332,0.010129594463769332,False,False,0.01,0.22,2.4,2026-02-11 19:00:00+00:00,40.0,2026-01-31 23:00:00,2026-02-01T01:00:00+05:00,e46d74629bd710750db40d5e9d8f3eadbaa20ee486e416572c0d88f6ec77ad79,gfs_seamless,False
turbine_1,2026-02-13 12:00:00+00:00,48,0.010129594463769332,0.010129594463769332,False,False,0.01,0.36,2.4,2026-02-11 19:00:00+00:00,41.0,2026-01-31 23:00:00,2026-02-01T01:00:00+05:00,e46d74629bd710750db40d5e9d8f3eadbaa20ee486e416572c0d88f6ec77ad79,gfs_seamless,False
turbine_1,2026-02-13 13:00:00+00:00,48,0.010129594463769332,0.010129594463769332,False,False,0.009961472602739725,1.25,2.3,2026-02-11 19:00:00+00:00,42.0,2026-01-31 23:00:00,2026-02-01T01:00:00+05:00,e46d74629bd710750db40d5e9d8f3eadbaa20ee486e416572c0d88f6ec77ad79,gfs_seamless,False
turbine_1,2026-02-13 14:00:00+00:00,48,0.00971789083440588,0.00971789083440588,False,False,0.009961472602739725,1.0,2.2,2026-02-11 19:00:00+00:00,43.0,2026-01-31 23:00:00,2026-02-01T01:00:00+05:00,e46d74629bd710750db40d5e9d8f3eadbaa20ee486e416572c0d88f6ec77ad79,gfs_seamless,False
turbine_1,2026-02-13 15:00:00+00:00,48,0.010129594463769332,0.010129594463769332,False,False,0.009961472602739725,1.34,2.3,2026-02-11 19:00:00+00:00,44.0,2026-01-31 23:00:00,2026-02-01T01:00:00+05:00,e46d74629bd710750db40d5e9d8f3eadbaa20ee486e416572c0d88f6ec77ad79,gfs_seamless,False
turbine_1,2026-02-13 16:00:00+00:00,48,0.01649215413821647,0.01649215413821647,False,False,0.025215897939156035,2.77,2.4,2026-02-11 19:00:00+00:00,45.0,2026-01-31 23:00:00,2026-02-01T01:00:00+05:00,e46d74629bd710750db40d5e9d8f3eadbaa20ee486e416572c0d88f6ec77ad79,gfs_seamless,False
turbine_1,2026-02-13 17:00:00+00:00,48,0.13481459878619256,0.13481459878619256,False,False,0.14868314676616917,5.31,2.5,2026-02-11 19:00:00+00:00,46.0,2026-01-31 23:00:00,2026-02-01T01:00:00+05:00,e46d74629bd710750db40d5e9d8f3eadbaa20ee486e416572c0d88f6ec77ad79,gfs_seamless,False
turbine_1,2026-02-13 18:00:00+00:00,48,0.5388496078072508,0.5388496078072508,False,False,0.5480688448074679,8.04,1.1,2026-02-11 19:00:00+00:00,47.0,2026-01-31 23:00:00,2026-02-01T01:00:00+05:00,e46d74629bd710750db40d5e9d8f3eadbaa20ee486e416572c0d88f6ec77ad79,gfs_seamless,False
turbine_1,2026-02-13 19:00:00+00:00,48,0.7497776912683214,0.7497776912683214,False,False,0.6955416051206302,9.27,1.1,2026-02-11 19:00:00+00:00,48.0,2026-01-31 23:00:00,2026-02-01T01:00:00+05:00,e46d74629bd710750db40d5e9d8f3eadbaa20ee486e416572c0d88f6ec77ad79,gfs_seamless,False
turbine_2,2026-02-11 20:00:00+00:00,24,0.9719761157043604,0.9719761157043604,False,False,0.9633299798792756,12.53,1.3,2026-02-11 19:00:00+00:00,1.0,2026-01-31 23:00:00,2026-02-01T01:00:00+05:00,d05b3cae0b8e890efb085c68704c9fb8d2cbf736bedd6d6ce81594bf3efad63a,gfs_seamless,False
turbine_2,2026-02-11 21:00:00+00:00,24,0.972021125375996,0.972021125375996,False,False,0.9518670076726343,11.85,1.0,2026-02-11 19:00:00+00:00,2.0,2026-01-31 23:00:00,2026-02-01T01:00:00+05:00,d05b3cae0b8e890efb085c68704c9fb8d2cbf736bedd6d6ce81594bf3efad63a,gfs_seamless,False
turbine_2,2026-02-11 22:00:00+00:00,24,0.8252700356871049,0.8252700356871049,False,False,0.8240326184092941,10.16,1.0,2026-02-11 19:00:00+00:00,3.0,2026-01-31 23:00:00,2026-02-01T01:00:00+05:00,d05b3cae0b8e890efb085c68704c9fb8d2cbf736bedd6d6ce81594bf3efad63a,gfs_seamless,False
turbine_2,2026-02-11 23:00:00+00:00,24,0.3998398994791917,0.3998398994791917,False,False,0.3872421383647799,7.34,1.2,2026-02-11 19:00:00+00:00,4.0,2026-01-31 23:00:00,2026-02-01T01:00:00+05:00,d05b3cae0b8e890efb085c68704c9fb8d2cbf736bedd6d6ce81594bf3efad63a,gfs_seamless,False
turbine_2,2026-02-12 00:00:00+00:00,24,0.1421623627250696,0.1421623627250696,False,False,0.18799815254684613,5.6,0.5,2026-02-11 19:00:00+00:00,5.0,2026-01-31 23:00:00,2026-02-01T01:00:00+05:00,d05b3cae0b8e890efb085c68704c9fb8d2cbf736bedd6d6ce81594bf3efad63a,gfs_seamless,False
turbine_2,2026-02-12 01:00:00+00:00,24,0.17100123800431202,0.17100123800431202,False,False,0.18799815254684613,5.94,0.7,2026-02-11 19:00:00+00:00,6.0,2026-01-31 23:00:00,2026-02-01T01:00:00+05:00,d05b3cae0b8e890efb085c68704c9fb8d2cbf736bedd6d6ce81594bf3efad63a,gfs_seamless,False
turbine_2,2026-02-12 02:00:00+00:00,24,0.06813611349551138,0.06813611349551138,False,False,0.10500000000000001,4.78,0.7,2026-02-11 19:00:00+00:00,7.0,2026-01-31 23:00:00,2026-02-01T01:00:00+05:00,d05b3cae0b8e890efb085c68704c9fb8d2cbf736bedd6d6ce81594bf3efad63a,gfs_seamless,False
turbine_2,2026-02-12 03:00:00+00:00,24,0.033112543829518844,0.033112543829518844,False,False,0.07894438894438895,4.02,1.0,2026-02-11 19:00:00+00:00,8.0,2026-01-31 23:00:00,2026-02-01T01:00:00+05:00,d05b3cae0b8e890efb085c68704c9fb8d2cbf736bedd6d6ce81594bf3efad63a,gfs_seamless,False
turbine_2,2026-02-12 04:00:00+00:00,24,0.009436947888954366,0.009436947888954366,False,False,0.014608096468561586,2.0,1.4,2026-02-11 19:00:00+00:00,9.0,2026-01-31 23:00:00,2026-02-01T01:00:00+05:00,d05b3cae0b8e890efb085c68704c9fb8d2cbf736bedd6d6ce81594bf3efad63a,gfs_seamless,False
turbine_2,2026-02-12 05:00:00+00:00,24,0.009393287410904458,0.009393287410904458,False,False,0.00971122112211221,1.25,1.7,2026-02-11 19:00:00+00:00,10.0,2026-01-31 23:00:00,2026-02-01T01:00:00+05:00,d05b3cae0b8e890efb085c68704c9fb8d2cbf736bedd6d6ce81594bf3efad63a,gfs_seamless,False
turbine_2,2026-02-12 06:00:00+00:00,24,0.02074225321911112,0.02074225321911112,False,False,0.0552395725611858,3.55,3.3,2026-02-11 19:00:00+00:00,11.0,2026-01-31 23:00:00,2026-02-01T01:00:00+05:00,d05b3cae0b8e890efb085c68704c9fb8d2cbf736bedd6d6ce81594bf3efad63a,gfs_seamless,False
turbine_2,2026-02-12 07:00:00+00:00,24,0.07284950400568767,0.07284950400568767,False,False,0.10500000000000001,4.66,3.8,2026-02-11 19:00:00+00:00,12.0,2026-01-31 23:00:00,2026-02-01T01:00:00+05:00,d05b3cae0b8e890efb085c68704c9fb8d2cbf736bedd6d6ce81594bf3efad63a,gfs_seamless,False
turbine_2,2026-02-12 08:00:00+00:00,24,0.2065338430351873,0.2065338430351873,False,False,0.24514071038251364,6.12,3.8,2026-02-11 19:00:00+00:00,13.0,2026-01-31 23:00:00,2026-02-01T01:00:00+05:00,d05b3cae0b8e890efb085c68704c9fb8d2cbf736bedd6d6ce81594bf3efad63a,gfs_seamless,False
turbine_2,2026-02-12 09:00:00+00:00,24,0.3551024669644955,0.3551024669644955,False,False,0.3872421383647799,7.35,4.5,2026-02-11 19:00:00+00:00,14.0,2026-01-31 23:00:00,2026-02-01T01:00:00+05:00,d05b3cae0b8e890efb085c68704c9fb8d2cbf736bedd6d6ce81594bf3efad63a,gfs_seamless,False
turbine_2,2026-02-12 10:00:00+00:00,24,0.4848146543585985,0.4848146543585985,False,False,0.45997253690353584,7.91,4.8,2026-02-11 19:00:00+00:00,15.0,2026-01-31 23:00:00,2026-02-01T01:00:00+05:00,d05b3cae0b8e890efb085c68704c9fb8d2cbf736bedd6d6ce81594bf3efad63a,gfs_seamless,False
turbine_2,2026-02-12 11:00:00+00:00,24,0.537460441778916,0.537460441778916,False,False,0.5334922575387123,8.25,3.8,2026-02-11 19:00:00+00:00,16.0,2026-01-31 23:00:00,2026-02-01T01:00:00+05:00,d05b3cae0b8e890efb085c68704c9fb8d2cbf736bedd6d6ce81594bf3efad63a,gfs_seamless,False
turbine_2,2026-02-12 12:00:00+00:00,24,0.013278009324695656,0.013278009324695656,False,False,0.023970410628019325,2.56,2.6,2026-02-11 19:00:00+00:00,17.0,2026-01-31 23:00:00,2026-02-01T01:00:00+05:00,d05b3cae0b8e890efb085c68704c9fb8d2cbf736bedd6d6ce81594bf3efad63a,gfs_seamless,False
turbine_2,2026-02-12 13:00:00+00:00,24,0.07128314879559719,0.07128314879559719,False,False,0.10500000000000001,4.69,1.1,2026-02-11 19:00:00+00:00,18.0,2026-01-31 23:00:00,2026-02-01T01:00:00+05:00,d05b3cae0b8e890efb085c68704c9fb8d2cbf736bedd6d6ce81594bf3efad63a,gfs_seamless,False
turbine_2,2026-02-12 14:00:00+00:00,24,0.29086596049956354,0.29086596049956354,False,False,0.3134483750359506,6.71,1.1,2026-02-11 19:00:00+00:00,19.0,2026-01-31 23:00:00,2026-02-01T01:00:00+05:00,d05b3cae0b8e890efb085c68704c9fb8d2cbf736bedd6d6ce81594bf3efad63a,gfs_seamless,False
turbine_2,2026-02-12 15:00:00+00:00,24,0.09262161125386535,0.09262161125386535,False,False,0.14257562144354596,5.02,1.1,2026-02-11 19:00:00+00:00,20.0,2026-01-31 23:00:00,2026-02-01T01:00:00+05:00,d05b3cae0b8e890efb085c68704c9fb8d2cbf736bedd6d6ce81594bf3efad63a,gfs_seamless,False
turbine_2,2026-02-12 16:00:00+00:00,24,0.09869184738185831,0.09869184738185831,False,False,0.14257562144354596,5.14,0.8,2026-02-11 19:00:00+00:00,21.0,2026-01-31 23:00:00,2026-02-01T01:00:00+05:00,d05b3cae0b8e890efb085c68704c9fb8d2cbf736bedd6d6ce81594bf3efad63a,gfs_seamless,False
turbine_2,2026-02-12 17:00:00+00:00,24,0.08243541689573242,0.08243541689573242,False,False,0.10500000000000001,4.9,0.8,2026-02-11 19:00:00+00:00,22.0,2026-01-31 23:00:00,2026-02-01T01:00:00+05:00,d05b3cae0b8e890efb085c68704c9fb8d2cbf736bedd6d6ce81594bf3efad63a,gfs_seamless,False
turbine_2,2026-02-12 18:00:00+00:00,24,0.015190159897907127,0.015190159897907127,False,False,0.023970410628019325,2.81,0.2,2026-02-11 19:00:00+00:00,23.0,2026-01-31 23:00:00,2026-02-01T01:00:00+05:00,d05b3cae0b8e890efb085c68704c9fb8d2cbf736bedd6d6ce81594bf3efad63a,gfs_seamless,False
turbine_2,2026-02-12 19:00:00+00:00,24,0.008935311845230049,0.008935311845230049,False,False,0.014608096468561586,2.2,-0.6,2026-02-11 19:00:00+00:00,24.0,2026-01-31 23:00:00,2026-02-01T01:00:00+05:00,d05b3cae0b8e890efb085c68704c9fb8d2cbf736bedd6d6ce81594bf3efad63a,gfs_seamless,False
turbine_2,2026-02-12 20:00:00+00:00,48,0.01413096029838094,0.01413096029838094,False,False,0.037099712368168745,3.23,-0.3,2026-02-11 19:00:00+00:00,25.0,2026-01-31 23:00:00,2026-02-01T01:00:00+05:00,d05b3cae0b8e890efb085c68704c9fb8d2cbf736bedd6d6ce81594bf3efad63a,gfs_seamless,False
turbine_2,2026-02-12 21:00:00+00:00,48,0.00922745094858476,0.00922745094858476,False,False,0.010127472003812246,1.94,-0.1,2026-02-11 19:00:00+00:00,26.0,2026-01-31 23:00:00,2026-02-01T01:00:00+05:00,d05b3cae0b8e890efb085c68704c9fb8d2cbf736bedd6d6ce81594bf3efad63a,gfs_seamless,False
turbine_2,2026-02-12 22:00:00+00:00,48,0.0068293294999189095,0.0068293294999189095,False,False,0.010127472003812246,1.77,-0.3,2026-02-11 19:00:00+00:00,27.0,2026-01-31 23:00:00,2026-02-01T01:00:00+05:00,d05b3cae0b8e890efb085c68704c9fb8d2cbf736bedd6d6ce81594bf3efad63a,gfs_seamless,False
turbine_2,2026-02-12 23:00:00+00:00,48,0.009118883939513035,0.009118883939513035,False,False,0.009932126696832579,0.89,-0.6,2026-02-11 19:00:00+00:00,28.0,2026-01-31 23:00:00,2026-02-01T01:00:00+05:00,d05b3cae0b8e890efb085c68704c9fb8d2cbf736bedd6d6ce81594bf3efad63a,gfs_seamless,False
turbine_2,2026-02-13 00:00:00+00:00,48,0.00950279506330561,0.00950279506330561,False,False,0.00971122112211221,1.1,0.1,2026-02-11 19:00:00+00:00,29.0,2026-01-31 23:00:00,2026-02-01T01:00:00+05:00,d05b3cae0b8e890efb085c68704c9fb8d2cbf736bedd6d6ce81594bf3efad63a,gfs_seamless,False
turbine_2,2026-02-13 01:00:00+00:00,48,0.00950279506330561,0.00950279506330561,False,False,0.00971122112211221,1.21,0.1,2026-02-11 19:00:00+00:00,30.0,2026-01-31 23:00:00,2026-02-01T01:00:00+05:00,d05b3cae0b8e890efb085c68704c9fb8d2cbf736bedd6d6ce81594bf3efad63a,gfs_seamless,False
turbine_2,2026-02-13 02:00:00+00:00,48,0.00892727880640927,0.00892727880640927,False,False,0.010127472003812246,1.91,0.3,2026-02-11 19:00:00+00:00,31.0,2026-01-31 23:00:00,2026-02-01T01:00:00+05:00,d05b3cae0b8e890efb085c68704c9fb8d2cbf736bedd6d6ce81594bf3efad63a,gfs_seamless,False
turbine_2,2026-02-13 03:00:00+00:00,48,0.015943227934492828,0.015943227934492828,False,False,0.023970410628019325,2.92,0.8,2026-02-11 19:00:00+00:00,32.0,2026-01-31 23:00:00,2026-02-01T01:00:00+05:00,d05b3cae0b8e890efb085c68704c9fb8d2cbf736bedd6d6ce81594bf3efad63a,gfs_seamless,False
turbine_2,2026-02-13 04:00:00+00:00,48,0.044401055624916794,0.044401055624916794,False,False,0.07894438894438895,4.3,1.2,2026-02-11 19:00:00+00:00,33.0,2026-01-31 23:00:00,2026-02-01T01:00:00+05:00,d05b3cae0b8e890efb085c68704c9fb8d2cbf736bedd6d6ce81594bf3efad63a,gfs_seamless,False
turbine_2,2026-02-13 05:00:00+00:00,48,0.09270941432802254,0.09270941432802254,False,False,0.14257562144354596,5.01,1.6,2026-02-11 19:00:00+00:00,34.0,2026-01-31 23:00:00,2026-02-01T01:00:00+05:00,d05b3cae0b8e890efb085c68704c9fb8d2cbf736bedd6d6ce81594bf3efad63a,gfs_seamless,False
turbine_2,2026-02-13 06:00:00+00:00,48,0.05715811049123877,0.05715811049123877,False,False,0.07894438894438895,4.4,2.3,2026-02-11 19:00:00+00:00,35.0,2026-01-31 23:00:00,2026-02-01T01:00:00+05:00,d05b3cae0b8e890efb085c68704c9fb8d2cbf736bedd6d6ce81594bf3efad63a,gfs_seamless,False
turbine_2,2026-02-13 07:00:00+00:00,48,0.029441120391963026,0.029441120391963026,False,False,0.0552395725611858,3.86,2.4,2026-02-11 19:00:00+00:00,36.0,2026-01-31 23:00:00,2026-02-01T01:00:00+05:00,d05b3cae0b8e890efb085c68704c9fb8d2cbf736bedd6d6ce81594bf3efad63a,gfs_seamless,False
turbine_2,2026-02-13 08:00:00+00:00,48,0.0211086029275786,0.0211086029275786,False,False,0.0552395725611858,3.61,2.4,2026-02-11 19:00:00+00:00,37.0,2026-01-31 23:00:00,2026-02-01T01:00:00+05:00,d05b3cae0b8e890efb085c68704c9fb8d2cbf736bedd6d6ce81594bf3efad63a,gfs_seamless,False
turbine_2,2026-02-13 09:00:00+00:00,48,0.014847532415142929,0.014847532415142929,False,False,0.023970410628019325,2.66,2.4,2026-02-11 19:00:00+00:00,38.0,2026-01-31 23:00:00,2026-02-01T01:00:00+05:00,d05b3cae0b8e890efb085c68704c9fb8d2cbf736bedd6d6ce81594bf3efad63a,gfs_seamless,False
turbine_2,2026-02-13 10:00:00+00:00,48,0.00956040937903745,0.00956040937903745,False,False,0.00971122112211221,1.06,2.4,2026-02-11 19:00:00+00:00,39.0,2026-01-31 23:00:00,2026-02-01T01:00:00+05:00,d05b3cae0b8e890efb085c68704c9fb8d2cbf736bedd6d6ce81594bf3efad63a,gfs_seamless,False
turbine_2,2026-02-13 11:00:00+00:00,48,0.00956040937903745,0.00956040937903745,False,True,0.01,0.22,2.4,2026-02-11 19:00:00+00:00,40.0,2026-01-31 23:00:00,2026-02-01T01:00:00+05:00,d05b3cae0b8e890efb085c68704c9fb8d2cbf736bedd6d6ce81594bf3efad63a,gfs_seamless,False
turbine_2,2026-02-13 12:00:00+00:00,48,0.00956040937903745,0.00956040937903745,False,False,0.01,0.36,2.4,2026-02-11 19:00:00+00:00,41.0,2026-01-31 23:00:00,2026-02-01T01:00:00+05:00,d05b3cae0b8e890efb085c68704c9fb8d2cbf736bedd6d6ce81594bf3efad63a,gfs_seamless,False
turbine_2,2026-02-13 13:00:00+00:00,48,0.00956040937903745,0.00956040937903745,False,False,0.00971122112211221,1.25,2.3,2026-02-11 19:00:00+00:00,42.0,2026-01-31 23:00:00,2026-02-01T01:00:00+05:00,d05b3cae0b8e890efb085c68704c9fb8d2cbf736bedd6d6ce81594bf3efad63a,gfs_seamless,False
turbine_2,2026-02-13 14:00:00+00:00,48,0.00956040937903745,0.00956040937903745,False,False,0.00971122112211221,1.0,2.2,2026-02-11 19:00:00+00:00,43.0,2026-01-31 23:00:00,2026-02-01T01:00:00+05:00,d05b3cae0b8e890efb085c68704c9fb8d2cbf736bedd6d6ce81594bf3efad63a,gfs_seamless,False
turbine_2,2026-02-13 15:00:00+00:00,48,0.00956040937903745,0.00956040937903745,False,False,0.00971122112211221,1.34,2.3,2026-02-11 19:00:00+00:00,44.0,2026-01-31 23:00:00,2026-02-01T01:00:00+05:00,d05b3cae0b8e890efb085c68704c9fb8d2cbf736bedd6d6ce81594bf3efad63a,gfs_seamless,False
turbine_2,2026-02-13 16:00:00+00:00,48,0.015998458223681608,0.015998458223681608,False,False,0.023970410628019325,2.77,2.4,2026-02-11 19:00:00+00:00,45.0,2026-01-31 23:00:00,2026-02-01T01:00:00+05:00,d05b3cae0b8e890efb085c68704c9fb8d2cbf736bedd6d6ce81594bf3efad63a,gfs_seamless,False
turbine_2,2026-02-13 17:00:00+00:00,48,0.11300545329659491,0.11300545329659491,False,False,0.14257562144354596,5.31,2.5,2026-02-11 19:00:00+00:00,46.0,2026-01-31 23:00:00,2026-02-01T01:00:00+05:00,d05b3cae0b8e890efb085c68704c9fb8d2cbf736bedd6d6ce81594bf3efad63a,gfs_seamless,False
turbine_2,2026-02-13 18:00:00+00:00,48,0.5238440670351521,0.5238440670351521,False,False,0.5334922575387123,8.04,1.1,2026-02-11 19:00:00+00:00,47.0,2026-01-31 23:00:00,2026-02-01T01:00:00+05:00,d05b3cae0b8e890efb085c68704c9fb8d2cbf736bedd6d6ce81594bf3efad63a,gfs_seamless,False
turbine_2,2026-02-13 19:00:00+00:00,48,0.6951760909091413,0.6951760909091413,False,False,0.6742543244506779,9.27,1.1,2026-02-11 19:00:00+00:00,48.0,2026-01-31 23:00:00,2026-02-01T01:00:00+05:00,d05b3cae0b8e890efb085c68704c9fb8d2cbf736bedd6d6ce81594bf3efad63a,gfs_seamless,False
turbine_1,2026-02-12 20:00:00+00:00,24,0.00966447145927752,0.00966447145927752,False,False,0.009961472602739725,1.1,-0.8,2026-02-12 19:00:00+00:00,1.0,2026-01-31 23:00:00,2026-02-01T01:00:00+05:00,e46d74629bd710750db40d5e9d8f3eadbaa20ee486e416572c0d88f6ec77ad79,gfs_seamless,False
turbine_1,2026-02-12 21:00:00+00:00,24,0.008993566360697952,0.008993566360697952,False,False,0.009989159891598917,0.85,-1.1,2026-02-12 19:00:00+00:00,2.0,2026-01-31 23:00:00,2026-02-01T01:00:00+05:00,e46d74629bd710750db40d5e9d8f3eadbaa20ee486e416572c0d88f6ec77ad79,gfs_seamless,False
turbine_1,2026-02-12 22:00:00+00:00,24,0.011013625567167479,0.011013625567167479,False,False,0.01599670263788969,2.36,-0.8,2026-02-12 19:00:00+00:00,3.0,2026-01-31 23:00:00,2026-02-01T01:00:00+05:00,e46d74629bd710750db40d5e9d8f3eadbaa20ee486e416572c0d88f6ec77ad79,gfs_seamless,False
turbine_1,2026-02-12 23:00:00+00:00,24,0.017818374451223057,0.017818374451223057,False,False,0.025215897939156035,2.92,-0.8,2026-02-12 19:00:00+00:00,4.0,2026-01-31 23:00:00,2026-02-01T01:00:00+05:00,e46d74629bd710750db40d5e9d8f3eadbaa20ee486e416572c0d88f6ec77ad79,gfs_seamless,False
turbine_1,2026-02-13 00:00:00+00:00,24,0.017463757911671603,0.017463757911671603,False,False,0.040077274323849665,3.02,-0.1,2026-02-12 19:00:00+00:00,5.0,2026-01-31 23:00:00,2026-02-01T01:00:00+05:00,e46d74629bd710750db40d5e9d8f3eadbaa20ee486e416572c0d88f6ec77ad79,gfs_seamless,False
turbine_1,2026-02-13 01:00:00+00:00,24,0.0355656368567005,0.0355656368567005,False,False,0.08138774811772757,4.08,0.3,2026-02-12 19:00:00+00:00,6.0,2026-01-31 23:00:00,2026-02-01T01:00:00+05:00,e46d74629bd710750db40d5e9d8f3eadbaa20ee486e416572c0d88f6ec77ad79,gfs_seamless,False
turbine_1,2026-02-13 02:00:00+00:00,24,0.052751560803143104,0.052751560803143104,False,False,0.08138774811772757,4.4,0.5,2026-02-12 19:00:00+00:00,7.0,2026-01-31 23:00:00,2026-02-01T01:00:00+05:00,e46d74629bd710750db40d5e9d8f3eadbaa20ee486e416572c0d88f6ec77ad79,gfs_seamless,False
turbine_1,2026-02-13 03:00:00+00:00,24,0.0243242660625557,0.0243242660625557,False,False,0.040077274323849665,3.47,0.8,2026-02-12 19:00:00+00:00,8.0,2026-01-31 23:00:00,2026-02-01T01:00:00+05:00,e46d74629bd710750db40d5e9d8f3eadbaa20ee486e416572c0d88f6ec77ad79,gfs_seamless,False
turbine_1,2026-02-13 04:00:00+00:00,24,0.022756102141254883,0.022756102141254883,False,False,0.040077274323849665,3.28,1.1,2026-02-12 19:00:00+00:00,9.0,2026-01-31 23:00:00,2026-02-01T01:00:00+05:00,e46d74629bd710750db40d5e9d8f3eadbaa20ee486e416572c0d88f6ec77ad79,gfs_seamless,False
turbine_1,2026-02-13 05:00:00+00:00,24,0.012288061898000687,0.012288061898000687,False,False,0.01599670263788969,2.47,1.4,2026-02-12 19:00:00+00:00,10.0,2026-01-31 23:00:00,2026-02-01T01:00:00+05:00,e46d74629bd710750db40d5e9d8f3eadbaa20ee486e416572c0d88f6ec77ad79,gfs_seamless,False
turbine_1,2026-02-13 06:00:00+00:00,24,0.010212296153999083,0.010212296153999083,False,False,0.01102904972919744,1.7,2.4,2026-02-12 19:00:00+00:00,11.0,2026-01-31 23:00:00,2026-02-01T01:00:00+05:00,e46d74629bd710750db40d5e9d8f3eadbaa20ee486e416572c0d88f6ec77ad79,gfs_seamless,False
turbine_1,2026-02-13 07:00:00+00:00,24,0.00971789083440588,0.00971789083440588,False,False,0.009989159891598917,0.85,1.9,2026-02-12 19:00:00+00:00,12.0,2026-01-31 23:00:00,2026-02-01T01:00:00+05:00,e46d74629bd710750db40d5e9d8f3eadbaa20ee486e416572c0d88f6ec77ad79,gfs_seamless,False
turbine_1,2026-02-13 08:00:00+00:00,24,0.00971789083440588,0.00971789083440588,False,False,0.009989159891598917,0.82,1.8,2026-02-12 19:00:00+00:00,13.0,2026-01-31 23:00:00,2026-02-01T01:00:00+05:00,e46d74629bd710750db40d5e9d8f3eadbaa20ee486e416572c0d88f6ec77ad79,gfs_seamless,False
turbine_1,2026-02-13 09:00:00+00:00,24,0.00980059252463563,0.00980059252463563,False,False,0.01102904972919744,1.7,1.6,2026-02-12 19:00:00+00:00,14.0,2026-01-31 23:00:00,2026-02-01T01:00:00+05:00,e46d74629bd710750db40d5e9d8f3eadbaa20ee486e416572c0d88f6ec77ad79,gfs_seamless,False
turbine_1,2026-02-13 10:00:00+00:00,24,0.00971789083440588,0.00971789083440588,False,False,0.009961472602739725,1.0,1.8,2026-02-12 19:00:00+00:00,15.0,2026-01-31 23:00:00,2026-02-01T01:00:00+05:00,e46d74629bd710750db40d5e9d8f3eadbaa20ee486e416572c0d88f6ec77ad79,gfs_seamless,False
turbine_1,2026-02-13 11:00:00+00:00,24,0.00971789083440588,0.00971789083440588,False,False,0.01,0.32,2.1,2026-02-12 19:00:00+00:00,16.0,2026-01-31 23:00:00,2026-02-01T01:00:00+05:00,e46d74629bd710750db40d5e9d8f3eadbaa20ee486e416572c0d88f6ec77ad79,gfs_seamless,False
turbine_1,2026-02-13 12:00:00+00:00,24,0.01213662454723661,0.01213662454723661,False,False,0.01599670263788969,2.26,2.2,2026-02-12 19:00:00+00:00,17.0,2026-01-31 23:00:00,2026-02-01T01:00:00+05:00,e46d74629bd710750db40d5e9d8f3eadbaa20ee486e416572c0d88f6ec77ad79,gfs_seamless,False
turbine_1,2026-02-13 13:00:00+00:00,24,0.02600090538095536,0.02600090538095536,False,False,0.0581515812431843,3.55,2.0,2026-02-12 19:00:00+00:00,18.0,2026-01-31 23:00:00,2026-02-01T01:00:00+05:00,e46d74629bd710750db40d5e9d8f3eadbaa20ee486e416572c0d88f6ec77ad79,gfs_seamless,False
turbine_1,2026-02-13 14:00:00+00:00,24,0.1279865910454616,0.1279865910454616,False,False,0.14868314676616917,5.33,1.5,2026-02-12 19:00:00+00:00,19.0,2026-01-31 23:00:00,2026-02-01T01:00:00+05:00,e46d74629bd710750db40d5e9d8f3eadbaa20ee486e416572c0d88f6ec77ad79,gfs_seamless,False
turbine_1,2026-02-13 15:00:00+00:00,24,0.266737501434158,0.266737501434158,False,False,0.2560354184518709,6.43,1.3,2026-02-12 19:00:00+00:00,20.0,2026-01-31 23:00:00,2026-02-01T01:00:00+05:00,e46d74629bd710750db40d5e9d8f3eadbaa20ee486e416572c0d88f6ec77ad79,gfs_seamless,False
turbine_1,2026-02-13 16:00:00+00:00,24,0.5159530814515866,0.5159530814515866,False,False,0.47519897772909825,7.8,1.4,2026-02-12 19:00:00+00:00,21.0,2026-01-31 23:00:00,2026-02-01T01:00:00+05:00,e46d74629bd710750db40d5e9d8f3eadbaa20ee486e416572c0d88f6ec77ad79,gfs_seamless,False
turbine_1,2026-02-13 17:00:00+00:00,24,0.6477910233579316,0.6477910233579316,False,False,0.6267624521072798,8.72,1.5,2026-02-12 19:00:00+00:00,22.0,2026-01-31 23:00:00,2026-02-01T01:00:00+05:00,e46d74629bd710750db40d5e9d8f3eadbaa20ee486e416572c0d88f6ec77ad79,gfs_seamless,False
turbine_1,2026-02-13 18:00:00+00:00,24,0.8917849987451701,0.8917849987451701,False,False,0.8301109660574413,10.29,0.9,2026-02-12 19:00:00+00:00,23.0,2026-01-31 23:00:00,2026-02-01T01:00:00+05:00,e46d74629bd710750db40d5e9d8f3eadbaa20ee486e416572c0d88f6ec77ad79,gfs_seamless,False
turbine_1,2026-02-13 19:00:00+00:00,24,0.9945117525839626,0.9945117525839626,False,False,0.9583879781420764,12.22,1.0,2026-02-12 19:00:00+00:00,24.0,2026-01-31 23:00:00,2026-02-01T01:00:00+05:00,e46d74629bd710750db40d5e9d8f3eadbaa20ee486e416572c0d88f6ec77ad79,gfs_seamless,False
turbine_1,2026-02-13 20:00:00+00:00,48,0.9328721522283009,0.9328721522283009,False,False,0.8937111928104575,10.73,1.0,2026-02-12 19:00:00+00:00,25.0,2026-01-31 23:00:00,2026-02-01T01:00:00+05:00,e46d74629bd710750db40d5e9d8f3eadbaa20ee486e416572c0d88f6ec77ad79,gfs_seamless,False
turbine_1,2026-02-13 21:00:00+00:00,48,0.9838126638621807,0.9838126638621807,False,False,0.9603525641025641,11.64,0.8,2026-02-12 19:00:00+00:00,26.0,2026-01-31 23:00:00,2026-02-01T01:00:00+05:00,e46d74629bd710750db40d5e9d8f3eadbaa20ee486e416572c0d88f6ec77ad79,gfs_seamless,False
turbine_1,2026-02-13 22:00:00+00:00,48,0.9832976517594487,0.9832976517594487,False,False,0.9603525641025641,11.96,1.0,2026-02-12 19:00:00+00:00,27.0,2026-01-31 23:00:00,2026-02-01T01:00:00+05:00,e46d74629bd710750db40d5e9d8f3eadbaa20ee486e416572c0d88f6ec77ad79,gfs_seamless,False
turbine_1,2026-02-13 23:00:00+00:00,48,0.9832976517594487,0.9832976517594487,False,False,0.9603525641025641,11.95,1.0,2026-02-12 19:00:00+00:00,28.0,2026-01-31 23:00:00,2026-02-01T01:00:00+05:00,e46d74629bd710750db40d5e9d8f3eadbaa20ee486e416572c0d88f6ec77ad79,gfs_seamless,False
turbine_1,2026-02-14 00:00:00+00:00,48,0.9670313141060859,0.9670313141060859,False,False,0.9381677419354839,11.12,0.9,2026-02-12 19:00:00+00:00,29.0,2026-01-31 23:00:00,2026-02-01T01:00:00+05:00,e46d74629bd710750db40d5e9d8f3eadbaa20ee486e416572c0d88f6ec77ad79,gfs_seamless,False
turbine_1,2026-02-14 01:00:00+00:00,48,0.9741095211527208,0.9741095211527208,False,False,0.9381677419354839,11.28,1.0,2026-02-12 19:00:00+00:00,30.0,2026-01-31 23:00:00,2026-02-01T01:00:00+05:00,e46d74629bd710750db40d5e9d8f3eadbaa20ee486e416572c0d88f6ec77ad79,gfs_seamless,False
turbine_1,2026-02-14 02:00:00+00:00,48,0.8962111887865187,0.8962111887865187,False,False,0.8937111928104575,10.51,0.5,2026-02-12 19:00:00+00:00,31.0,2026-01-31 23:00:00,2026-02-01T01:00:00+05:00,e46d74629bd710750db40d5e9d8f3eadbaa20ee486e416572c0d88f6ec77ad79,gfs_seamless,False
turbine_1,2026-02-14 03:00:00+00:00,48,0.9212402060206044,0.9212402060206044,False,False,0.8937111928104575,10.6,1.5,2026-02-12 19:00:00+00:00,32.0,2026-01-31 23:00:00,2026-02-01T01:00:00+05:00,e46d74629bd710750db40d5e9d8f3eadbaa20ee486e416572c0d88f6ec77ad79,gfs_seamless,False
turbine_1,2026-02-14 04:00:00+00:00,48,0.9714025789756268,0.9714025789756268,False,False,0.9381677419354839,11.29,2.9,2026-02-12 19:00:00+00:00,33.0,2026-01-31 23:00:00,2026-02-01T01:00:00+05:00,e46d74629bd710750db40d5e9d8f3eadbaa20ee486e416572c0d88f6ec77ad79,gfs_seamless,False
turbine_1,2026-02-14 05:00:00+00:00,48,0.9707085678332691,0.9707085678332691,False,False,0.9381677419354839,11.2,4.3,2026-02-12 19:00:00+00:00,34.0,2026-01-31 23:00:00,2026-02-01T01:00:00+05:00,e46d74629bd710750db40d5e9d8f3eadbaa20ee486e416572c0d88f6ec77ad79,gfs_seamless,False
turbine_1,2026-02-14 06:00:00+00:00,48,0.938481978719143,0.938481978719143,False,False,0.8937111928104575,10.81,5.3,2026-02-12 19:00:00+00:00,35.0,2026-01-31 23:00:00,2026-02-01T01:00:00+05:00,e46d74629bd710750db40d5e9d8f3eadbaa20ee486e416572c0d88f6ec77ad79,gfs_seamless,False
turbine_1,2026-02-14 07:00:00+00:00,48,0.9276853047796355,0.9276853047796355,False,False,0.8937111928104575,10.73,6.8,2026-02-12 19:00:00+00:00,36.0,2026-01-31 23:00:00,2026-02-01T01:00:00+05:00,e46d74629bd710750db40d5e9d8f3eadbaa20ee486e416572c0d88f6ec77ad79,gfs_seamless,False
turbine_1,2026-02-14 08:00:00+00:00,48,0.9246776499163217,0.9246776499163217,False,False,0.8937111928104575,10.67,7.5,2026-02-12 19:00:00+00:00,37.0,2026-01-31 23:00:00,2026-02-01T01:00:00+05:00,e46d74629bd710750db40d5e9d8f3eadbaa20ee486e416572c0d88f6ec77ad79,gfs_seamless,False
turbine_1,2026-02-14 09:00:00+00:00,48,0.6700958002145595,0.6700958002145595,False,False,0.6955416051206302,9.1,7.3,2026-02-12 19:00:00+00:00,38.0,2026-01-31 23:00:00,2026-02-01T01:00:00+05:00,e46d74629bd710750db40d5e9d8f3eadbaa20ee486e416572c0d88f6ec77ad79,gfs_seamless,False
turbine_1,2026-02-14 10:00:00+00:00,48,0.7377949182644431,0.7377949182644431,False,False,0.7651013024602026,9.68,7.0,2026-02-12 19:00:00+00:00,39.0,2026-01-31 23:00:00,2026-02-01T01:00:00+05:00,e46d74629bd710750db40d5e9d8f3eadbaa20ee486e416572c0d88f6ec77ad79,gfs_seamless,False
turbine_1,2026-02-14 11:00:00+00:00,48,0.585649595017524,0.585649595017524,False,False,0.5480688448074679,8.43,6.5,2026-02-12 19:00:00+00:00,40.0,2026-01-31 23:00:00,2026-02-01T01:00:00+05:00,e46d74629bd710750db40d5e9d8f3eadbaa20ee486e416572c0d88f6ec77ad79,gfs_seamless,False
turbine_1,2026-02-14 12:00:00+00:00,48,0.24010563422134493,0.24010563422134493,False,False,0.2560354184518709,6.17,4.5,2026-02-12 19:00:00+00:00,41.0,2026-01-31 23:00:00,2026-02-01T01:00:00+05:00,e46d74629bd710750db40d5e9d8f3eadbaa20ee486e416572c0d88f6ec77ad79,gfs_seamless,False
turbine_1,2026-02-14 13:00:00+00:00,48,0.10494625799485631,0.10494625799485631,False,False,0.11167154471544716,4.94,2.9,2026-02-12 19:00:00+00:00,42.0,2026-01-31 23:00:00,2026-02-01T01:00:00+05:00,e46d74629bd710750db40d5e9d8f3eadbaa20ee486e416572c0d88f6ec77ad79,gfs_seamless,False
turbine_1,2026-02-14 14:00:00+00:00,48,0.022941518172799755,0.022941518172799755,False,False,0.040077274323849665,3.11,2.0,2026-02-12 19:00:00+00:00,43.0,2026-01-31 23:00:00,2026-02-01T01:00:00+05:00,e46d74629bd710750db40d5e9d8f3eadbaa20ee486e416572c0d88f6ec77ad79,gfs_seamless,False
turbine_1,2026-02-14 15:00:00+00:00,48,0.00971789083440588,0.00971789083440588,False,False,0.009989159891598917,0.5,1.7,2026-02-12 19:00:00+00:00,44.0,2026-01-31 23:00:00,2026-02-01T01:00:00+05:00,e46d74629bd710750db40d5e9d8f3eadbaa20ee486e416572c0d88f6ec77ad79,gfs_seamless,False
turbine_1,2026-02-14 16:00:00+00:00,48,0.3475138946516977,0.3475138946516977,False,False,0.3244547053649956,6.84,0.9,2026-02-12 19:00:00+00:00,45.0,2026-01-31 23:00:00,2026-02-01T01:00:00+05:00,e46d74629bd710750db40d5e9d8f3eadbaa20ee486e416572c0d88f6ec77ad79,gfs_seamless,False
turbine_1,2026-02-14 17:00:00+00:00,48,0.18291763140470466,0.18291763140470466,False,False,0.19472402597402597,5.95,1.0,2026-02-12 19:00:00+00:00,46.0,2026-01-31 23:00:00,2026-02-01T01:00:00+05:00,e46d74629bd710750db40d5e9d8f3eadbaa20ee486e416572c0d88f6ec77ad79,gfs_seamless,False
turbine_1,2026-02-14 18:00:00+00:00,48,0.01768801271897007,0.01768801271897007,False,False,0.025215897939156035,2.86,1.0,2026-02-12 19:00:00+00:00,47.0,2026-01-31 23:00:00,2026-02-01T01:00:00+05:00,e46d74629bd710750db40d5e9d8f3eadbaa20ee486e416572c0d88f6ec77ad79,gfs_seamless,False
turbine_1,2026-02-14 19:00:00+00:00,48,0.010413337459188404,0.010413337459188404,False,False,0.01599670263788969,2.0,1.7,2026-02-12 19:00:00+00:00,48.0,2026-01-31 23:00:00,2026-02-01T01:00:00+05:00,e46d74629bd710750db40d5e9d8f3eadbaa20ee486e416572c0d88f6ec77ad79,gfs_seamless,False
turbine_2,2026-02-12 20:00:00+00:00,24,0.009216829200657469,0.009216829200657469,False,False,0.00971122112211221,1.1,-0.8,2026-02-12 19:00:00+00:00,1.0,2026-01-31 23:00:00,2026-02-01T01:00:00+05:00,d05b3cae0b8e890efb085c68704c9fb8d2cbf736bedd6d6ce81594bf3efad63a,gfs_seamless,False
turbine_2,2026-02-12 21:00:00+00:00,24,0.00935155374655712,0.00935155374655712,False,False,0.009932126696832579,0.85,-1.1,2026-02-12 19:00:00+00:00,2.0,2026-01-31 23:00:00,2026-02-01T01:00:00+05:00,d05b3cae0b8e890efb085c68704c9fb8d2cbf736bedd6d6ce81594bf3efad63a,gfs_seamless,False
turbine_2,2026-02-12 22:00:00+00:00,24,0.009919361771656966,0.009919361771656966,False,False,0.014608096468561586,2.36,-0.8,2026-02-12 19:00:00+00:00,3.0,2026-01-31 23:00:00,2026-02-01T01:00:00+05:00,d05b3cae0b8e890efb085c68704c9fb8d2cbf736bedd6d6ce81594bf3efad63a,gfs_seamless,False
turbine_2,2026-02-12 23:00:00+00:00,24,0.013873678736144224,0.013873678736144224,False,False,0.023970410628019325,2.92,-0.8,2026-02-12 19:00:00+00:00,4.0,2026-01-31 23:00:00,2026-02-01T01:00:00+05:00,d05b3cae0b8e890efb085c68704c9fb8d2cbf736bedd6d6ce81594bf3efad63a,gfs_seamless,False
turbine_2,2026-02-13 00:00:00+00:00,24,0.01649746920599603,0.01649746920599603,False,False,0.037099712368168745,3.02,-0.1,2026-02-12 19:00:00+00:00,5.0,2026-01-31 23:00:00,2026-02-01T01:00:00+05:00,d05b3cae0b8e890efb085c68704c9fb8d2cbf736bedd6d6ce81594bf3efad63a,gfs_seamless,False
turbine_2,2026-02-13 01:00:00+00:00,24,0.033151279014165126,0.033151279014165126,False,False,0.07894438894438895,4.08,0.3,2026-02-12 19:00:00+00:00,6.0,2026-01-31 23:00:00,2026-02-01T01:00:00+05:00,d05b3cae0b8e890efb085c68704c9fb8d2cbf736bedd6d6ce81594bf3efad63a,gfs_seamless,False
turbine_2,2026-02-13 02:00:00+00:00,24,0.0498160065448758,0.0498160065448758,False,False,0.07894438894438895,4.4,0.5,2026-02-12 19:00:00+00:00,7.0,2026-01-31 23:00:00,2026-02-01T01:00:00+05:00,d05b3cae0b8e890efb085c68704c9fb8d2cbf736bedd6d6ce81594bf3efad63a,gfs_seamless,False
turbine_2,2026-02-13 03:00:00+00:00,24,0.017928323254456296,0.017928323254456296,False,False,0.037099712368168745,3.47,0.8,2026-02-12 19:00:00+00:00,8.0,2026-01-31 23:00:00,2026-02-01T01:00:00+05:00,d05b3cae0b8e890efb085c68704c9fb8d2cbf736bedd6d6ce81594bf3efad63a,gfs_seamless,False
turbine_2,2026-02-13 04:00:00+00:00,24,0.01812474595397957,0.01812474595397957,False,False,0.037099712368168745,3.28,1.1,2026-02-12 19:00:00+00:00,9.0,2026-01-31 23:00:00,2026-02-01T01:00:00+05:00,d05b3cae0b8e890efb085c68704c9fb8d2cbf736bedd6d6ce81594bf3efad63a,gfs_seamless,False
turbine_2,2026-02-13 05:00:00+00:00,24,0.010721169949647415,0.010721169949647415,False,False,0.014608096468561586,2.47,1.4,2026-02-12 19:00:00+00:00,10.0,2026-01-31 23:00:00,2026-02-01T01:00:00+05:00,d05b3cae0b8e890efb085c68704c9fb8d2cbf736bedd6d6ce81594bf3efad63a,gfs_seamless,False
turbine_2,2026-02-13 06:00:00+00:00,24,0.009468970398885359,0.009468970398885359,False,False,0.010127472003812246,1.7,2.4,2026-02-12 19:00:00+00:00,11.0,2026-01-31 23:00:00,2026-02-01T01:00:00+05:00,d05b3cae0b8e890efb085c68704c9fb8d2cbf736bedd6d6ce81594bf3efad63a,gfs_seamless,False
turbine_2,2026-02-13 07:00:00+00:00,24,0.009416700626067372,0.009416700626067372,False,False,0.009932126696832579,0.85,1.9,2026-02-12 19:00:00+00:00,12.0,2026-01-31 23:00:00,2026-02-01T01:00:00+05:00,d05b3cae0b8e890efb085c68704c9fb8d2cbf736bedd6d6ce81594bf3efad63a,gfs_seamless,False
turbine_2,2026-02-13 08:00:00+00:00,24,0.009393287410904458,0.009393287410904458,False,False,0.009932126696832579,0.82,1.8,2026-02-12 19:00:00+00:00,13.0,2026-01-31 23:00:00,2026-02-01T01:00:00+05:00,d05b3cae0b8e890efb085c68704c9fb8d2cbf736bedd6d6ce81594bf3efad63a,gfs_seamless,False
turbine_2,2026-02-13 09:00:00+00:00,24,0.009142869643178357,0.009142869643178357,False,False,0.010127472003812246,1.7,1.6,2026-02-12 19:00:00+00:00,14.0,2026-01-31 23:00:00,2026-02-01T01:00:00+05:00,d05b3cae0b8e890efb085c68704c9fb8d2cbf736bedd6d6ce81594bf3efad63a,gfs_seamless,False
turbine_2,2026-02-13 10:00:00+00:00,24,0.009393287410904458,0.009393287410904458,False,False,0.00971122112211221,1.0,1.8,2026-02-12 19:00:00+00:00,15.0,2026-01-31 23:00:00,2026-02-01T01:00:00+05:00,d05b3cae0b8e890efb085c68704c9fb8d2cbf736bedd6d6ce81594bf3efad63a,gfs_seamless,False
turbine_2,2026-02-13 11:00:00+00:00,24,0.00956040937903745,0.00956040937903745,False,False,0.01,0.32,2.1,2026-02-12 19:00:00+00:00,16.0,2026-01-31 23:00:00,2026-02-01T01:00:00+05:00,d05b3cae0b8e890efb085c68704c9fb8d2cbf736bedd6d6ce81594bf3efad63a,gfs_seamless,False
turbine_2,2026-02-13 12:00:00+00:00,24,0.009946456609660898,0.009946456609660898,False,False,0.014608096468561586,2.26,2.2,2026-02-12 19:00:00+00:00,17.0,2026-01-31 23:00:00,2026-02-01T01:00:00+05:00,d05b3cae0b8e890efb085c68704c9fb8d2cbf736bedd6d6ce81594bf3efad63a,gfs_seamless,False
turbine_2,2026-02-13 13:00:00+00:00,24,0.020648741567048448,0.020648741567048448,False,False,0.0552395725611858,3.55,2.0,2026-02-12 19:00:00+00:00,18.0,2026-01-31 23:00:00,2026-02-01T01:00:00+05:00,d05b3cae0b8e890efb085c68704c9fb8d2cbf736bedd6d6ce81594bf3efad63a,gfs_seamless,False
turbine_2,2026-02-13 14:00:00+00:00,24,0.11280456777166661,0.11280456777166661,False,False,0.14257562144354596,5.33,1.5,2026-02-12 19:00:00+00:00,19.0,2026-01-31 23:00:00,2026-02-01T01:00:00+05:00,d05b3cae0b8e890efb085c68704c9fb8d2cbf736bedd6d6ce81594bf3efad63a,gfs_seamless,False
turbine_2,2026-02-13 15:00:00+00:00,24,0.24566999426744424,0.24566999426744424,False,False,0.24514071038251364,6.43,1.3,2026-02-12 19:00:00+00:00,20.0,2026-01-31 23:00:00,2026-02-01T01:00:00+05:00,d05b3cae0b8e890efb085c68704c9fb8d2cbf736bedd6d6ce81594bf3efad63a,gfs_seamless,False
turbine_2,2026-02-13 16:00:00+00:00,24,0.472906467984516,0.472906467984516,False,False,0.45997253690353584,7.8,1.4,2026-02-12 19:00:00+00:00,21.0,2026-01-31 23:00:00,2026-02-01T01:00:00+05:00,d05b3cae0b8e890efb085c68704c9fb8d2cbf736bedd6d6ce81594bf3efad63a,gfs_seamless,False
turbine_2,2026-02-13 17:00:00+00:00,24,0.6012450821821004,0.6012450821821004,False,False,0.6162610815602837,8.72,1.5,2026-02-12 19:00:00+00:00,22.0,2026-01-31 23:00:00,2026-02-01T01:00:00+05:00,d05b3cae0b8e890efb085c68704c9fb8d2cbf736bedd6d6ce81594bf3efad63a,gfs_seamless,False
turbine_2,2026-02-13 18:00:00+00:00,24,0.8532932628553274,0.8532932628553274,False,False,0.8240326184092941,10.29,0.9,2026-02-12 19:00:00+00:00,23.0,2026-01-31 23:00:00,2026-02-01T01:00:00+05:00,d05b3cae0b8e890efb085c68704c9fb8d2cbf736bedd6d6ce81594bf3efad63a,gfs_seamless,False
turbine_2,2026-02-13 19:00:00+00:00,24,0.9740733420806467,0.9740733420806467,False,False,0.9574121315192744,12.22,1.0,2026-02-12 19:00:00+00:00,24.0,2026-01-31 23:00:00,2026-02-01T01:00:00+05:00,d05b3cae0b8e890efb085c68704c9fb8d2cbf736bedd6d6ce81594bf3efad63a,gfs_seamless,False
turbine_2,2026-02-13 20:00:00+00:00,48,0.9209273970364773,0.9209273970364773,False,False,0.8845606610237807,10.73,1.0,2026-02-12 19:00:00+00:00,25.0,2026-01-31 23:00:00,2026-02-01T01:00:00+05:00,d05b3cae0b8e890efb085c68704c9fb8d2cbf736bedd6d6ce81594bf3efad63a,gfs_seamless,False
turbine_2,2026-02-13 21:00:00+00:00,48,0.9710973380728601,0.9710973380728601,False,False,0.9518670076726343,11.64,0.8,2026-02-12 19:00:00+00:00,26.0,2026-01-31 23:00:00,2026-02-01T01:00:00+05:00,d05b3cae0b8e890efb085c68704c9fb8d2cbf736bedd6d6ce81594bf3efad63a,gfs_seamless,False
turbine_2,2026-02-13 22:00:00+00:00,48,0.972169198483597,0.972169198483597,False,False,0.9518670076726343,11.96,1.0,2026-02-12 19:00:00+00:00,27.0,2026-01-31 23:00:00,2026-02-01T01:00:00+05:00,d05b3cae0b8e890efb085c68704c9fb8d2cbf736bedd6d6ce81594bf3efad63a,gfs_seamless,False
turbine_2,2026-02-13 23:00:00+00:00,48,0.972169198483597,0.972169198483597,False,False,0.9518670076726343,11.95,1.0,2026-02-12 19:00:00+00:00,28.0,2026-01-31 23:00:00,2026-02-01T01:00:00+05:00,d05b3cae0b8e890efb085c68704c9fb8d2cbf736bedd6d6ce81594bf3efad63a,gfs_seamless,False
turbine_2,2026-02-14 00:00:00+00:00,48,0.9424987887819931,0.9424987887819931,False,False,0.9257415902140673,11.12,0.9,2026-02-12 19:00:00+00:00,29.0,2026-01-31 23:00:00,2026-02-01T01:00:00+05:00,d05b3cae0b8e890efb085c68704c9fb8d2cbf736bedd6d6ce81594bf3efad63a,gfs_seamless,False
turbine_2,2026-02-14 01:00:00+00:00,48,0.9617206148373706,0.9617206148373706,False,False,0.9257415902140673,11.28,1.0,2026-02-12 19:00:00+00:00,30.0,2026-01-31 23:00:00,2026-02-01T01:00:00+05:00,d05b3cae0b8e890efb085c68704c9fb8d2cbf736bedd6d6ce81594bf3efad63a,gfs_seamless,False
turbine_2,2026-02-14 02:00:00+00:00,48,0.8902540179149402,0.8902540179149402,False,False,0.8845606610237807,10.51,0.5,2026-02-12 19:00:00+00:00,31.0,2026-01-31 23:00:00,2026-02-01T01:00:00+05:00,d05b3cae0b8e890efb085c68704c9fb8d2cbf736bedd6d6ce81594bf3efad63a,gfs_seamless,False
turbine_2,2026-02-14 03:00:00+00:00,48,0.9040891945707726,0.9040891945707726,False,False,0.8845606610237807,10.6,1.5,2026-02-12 19:00:00+00:00,32.0,2026-01-31 23:00:00,2026-02-01T01:00:00+05:00,d05b3cae0b8e890efb085c68704c9fb8d2cbf736bedd6d6ce81594bf3efad63a,gfs_seamless,False
turbine_2,2026-02-14 04:00:00+00:00,48,0.9562863390085279,0.9562863390085279,False,False,0.9257415902140673,11.29,2.9,2026-02-12 19:00:00+00:00,33.0,2026-01-31 23:00:00,2026-02-01T01:00:00+05:00,d05b3cae0b8e890efb085c68704c9fb8d2cbf736bedd6d6ce81594bf3efad63a,gfs_seamless,False
turbine_2,2026-02-14 05:00:00+00:00,48,0.9560348891004501,0.9560348891004501,False,False,0.9257415902140673,11.2,4.3,2026-02-12 19:00:00+00:00,34.0,2026-01-31 23:00:00,2026-02-01T01:00:00+05:00,d05b3cae0b8e890efb085c68704c9fb8d2cbf736bedd6d6ce81594bf3efad63a,gfs_seamless,False
turbine_2,2026-02-14 06:00:00+00:00,48,0.8973690779656927,0.8973690779656927,False,False,0.8845606610237807,10.81,5.3,2026-02-12 19:00:00+00:00,35.0,2026-01-31 23:00:00,2026-02-01T01:00:00+05:00,d05b3cae0b8e890efb085c68704c9fb8d2cbf736bedd6d6ce81594bf3efad63a,gfs_seamless,False
turbine_2,2026-02-14 07:00:00+00:00,48,0.9146391860884349,0.9146391860884349,False,False,0.8845606610237807,10.73,6.8,2026-02-12 19:00:00+00:00,36.0,2026-01-31 23:00:00,2026-02-01T01:00:00+05:00,d05b3cae0b8e890efb085c68704c9fb8d2cbf736bedd6d6ce81594bf3efad63a,gfs_seamless,False
turbine_2,2026-02-14 08:00:00+00:00,48,0.9034193788604609,0.9034193788604609,False,False,0.8845606610237807,10.67,7.5,2026-02-12 19:00:00+00:00,37.0,2026-01-31 23:00:00,2026-02-01T01:00:00+05:00,d05b3cae0b8e890efb085c68704c9fb8d2cbf736bedd6d6ce81594bf3efad63a,gfs_seamless,False
turbine_2,2026-02-14 09:00:00+00:00,48,0.6561435645756288,0.6561435645756288,False,False,0.6742543244506779,9.1,7.3,2026-02-12 19:00:00+00:00,38.0,2026-01-31 23:00:00,2026-02-01T01:00:00+05:00,d05b3cae0b8e890efb085c68704c9fb8d2cbf736bedd6d6ce81594bf3efad63a,gfs_seamless,False
turbine_2,2026-02-14 10:00:00+00:00,48,0.788784963625306,0.788784963625306,False,False,0.7536449275362319,9.68,7.0,2026-02-12 19:00:00+00:00,39.0,2026-01-31 23:00:00,2026-02-01T01:00:00+05:00,d05b3cae0b8e890efb085c68704c9fb8d2cbf736bedd6d6ce81594bf3efad63a,gfs_seamless,False
turbine_2,2026-02-14 11:00:00+00:00,48,0.5776351822831758,0.5776351822831758,False,False,0.5334922575387123,8.43,6.5,2026-02-12 19:00:00+00:00,40.0,2026-01-31 23:00:00,2026-02-01T01:00:00+05:00,d05b3cae0b8e890efb085c68704c9fb8d2cbf736bedd6d6ce81594bf3efad63a,gfs_seamless,False
turbine_2,2026-02-14 12:00:00+00:00,48,0.20791416079077782,0.20791416079077782,False,False,0.24514071038251364,6.17,4.5,2026-02-12 19:00:00+00:00,41.0,2026-01-31 23:00:00,2026-02-01T01:00:00+05:00,d05b3cae0b8e890efb085c68704c9fb8d2cbf736bedd6d6ce81594bf3efad63a,gfs_seamless,False
turbine_2,2026-02-14 13:00:00+00:00,48,0.08400177210582287,0.08400177210582287,False,False,0.10500000000000001,4.94,2.9,2026-02-12 19:00:00+00:00,42.0,2026-01-31 23:00:00,2026-02-01T01:00:00+05:00,d05b3cae0b8e890efb085c68704c9fb8d2cbf736bedd6d6ce81594bf3efad63a,gfs_seamless,False
turbine_2,2026-02-14 14:00:00+00:00,48,0.017875291882248456,0.017875291882248456,False,False,0.037099712368168745,3.11,2.0,2026-02-12 19:00:00+00:00,43.0,2026-01-31 23:00:00,2026-02-01T01:00:00+05:00,d05b3cae0b8e890efb085c68704c9fb8d2cbf736bedd6d6ce81594bf3efad63a,gfs_seamless,False
turbine_2,2026-02-14 15:00:00+00:00,48,0.009393287410904458,0.009393287410904458,False,False,0.009932126696832579,0.5,1.7,2026-02-12 19:00:00+00:00,44.0,2026-01-31 23:00:00,2026-02-01T01:00:00+05:00,d05b3cae0b8e890efb085c68704c9fb8d2cbf736bedd6d6ce81594bf3efad63a,gfs_seamless,False
turbine_2,2026-02-14 16:00:00+00:00,48,0.3288865823282759,0.3288865823282759,False,False,0.3134483750359506,6.84,0.9,2026-02-12 19:00:00+00:00,45.0,2026-01-31 23:00:00,2026-02-01T01:00:00+05:00,d05b3cae0b8e890efb085c68704c9fb8d2cbf736bedd6d6ce81594bf3efad63a,gfs_seamless,False
turbine_2,2026-02-14 17:00:00+00:00,48,0.1770718257905347,0.1770718257905347,False,False,0.18799815254684613,5.95,1.0,2026-02-12 19:00:00+00:00,46.0,2026-01-31 23:00:00,2026-02-01T01:00:00+05:00,d05b3cae0b8e890efb085c68704c9fb8d2cbf736bedd6d6ce81594bf3efad63a,gfs_seamless,False
turbine_2,2026-02-14 18:00:00+00:00,48,0.01543857190227529,0.01543857190227529,False,False,0.023970410628019325,2.86,1.0,2026-02-12 19:00:00+00:00,47.0,2026-01-31 23:00:00,2026-02-01T01:00:00+05:00,d05b3cae0b8e890efb085c68704c9fb8d2cbf736bedd6d6ce81594bf3efad63a,gfs_seamless,False
turbine_2,2026-02-14 19:00:00+00:00,48,0.009470175505277732,0.009470175505277732,False,False,0.014608096468561586,2.0,1.7,2026-02-12 19:00:00+00:00,48.0,2026-01-31 23:00:00,2026-02-01T01:00:00+05:00,d05b3cae0b8e890efb085c68704c9fb8d2cbf736bedd6d6ce81594bf3efad63a,gfs_seamless,False
turbine_1,2026-02-13 20:00:00+00:00,24,0.9987245238145411,0.9983333333333334,True,False,0.9673371212121211,12.89,0.7,2026-02-13 19:00:00+00:00,1.0,2026-01-31 23:00:00,2026-02-01T01:00:00+05:00,e46d74629bd710750db40d5e9d8f3eadbaa20ee486e416572c0d88f6ec77ad79,gfs_seamless,False
turbine_1,2026-02-13 21:00:00+00:00,24,0.9814002912793022,0.9814002912793022,False,False,0.9603525641025641,11.57,0.4,2026-02-13 19:00:00+00:00,2.0,2026-01-31 23:00:00,2026-02-01T01:00:00+05:00,e46d74629bd710750db40d5e9d8f3eadbaa20ee486e416572c0d88f6ec77ad79,gfs_seamless,False
turbine_1,2026-02-13 22:00:00+00:00,24,0.92922018295384,0.92922018295384,False,False,0.8937111928104575,10.72,0.6,2026-02-13 19:00:00+00:00,3.0,2026-01-31 23:00:00,2026-02-01T01:00:00+05:00,e46d74629bd710750db40d5e9d8f3eadbaa20ee486e416572c0d88f6ec77ad79,gfs_seamless,False
turbine_1,2026-02-13 23:00:00+00:00,24,0.9418115506005735,0.9418115506005735,False,False,0.8937111928104575,10.85,0.8,2026-02-13 19:00:00+00:00,4.0,2026-01-31 23:00:00,2026-02-01T01:00:00+05:00,e46d74629bd710750db40d5e9d8f3eadbaa20ee486e416572c0d88f6ec77ad79,gfs_seamless,False
turbine_1,2026-02-14 00:00:00+00:00,24,0.8799175282302464,0.8799175282302464,False,False,0.8301109660574413,10.2,0.8,2026-02-13 19:00:00+00:00,5.0,2026-01-31 23:00:00,2026-02-01T01:00:00+05:00,e46d74629bd710750db40d5e9d8f3eadbaa20ee486e416572c0d88f6ec77ad79,gfs_seamless,False
turbine_1,2026-02-14 01:00:00+00:00,24,0.7850643011841177,0.7850643011841177,False,False,0.7651013024602026,9.55,0.4,2026-02-13 19:00:00+00:00,6.0,2026-01-31 23:00:00,2026-02-01T01:00:00+05:00,e46d74629bd710750db40d5e9d8f3eadbaa20ee486e416572c0d88f6ec77ad79,gfs_seamless,False
turbine_1,2026-02-14 02:00:00+00:00,24,0.6782647439573243,0.6782647439573243,False,False,0.6267624521072798,8.77,0.1,2026-02-13 19:00:00+00:00,7.0,2026-01-31 23:00:00,2026-02-01T01:00:00+05:00,e46d74629bd710750db40d5e9d8f3eadbaa20ee486e416572c0d88f6ec77ad79,gfs_seamless,False
turbine_1,2026-02-14 03:00:00+00:00,24,0.6783589751356935,0.6783589751356935,False,False,0.6267624521072798,8.8,1.5,2026-02-13 19:00:00+00:00,8.0,2026-01-31 23:00:00,2026-02-01T01:00:00+05:00,e46d74629bd710750db40d5e9d8f3eadbaa20ee486e416572c0d88f6ec77ad79,gfs_seamless,False
turbine_1,2026-02-14 04:00:00+00:00,24,0.6472056828622459,0.6472056828622459,False,False,0.6267624521072798,8.68,3.4,2026-02-13 19:00:00+00:00,9.0,2026-01-31 23:00:00,2026-02-01T01:00:00+05:00,e46d74629bd710750db40d5e9d8f3eadbaa20ee486e416572c0d88f6ec77ad79,gfs_seamless,False
turbine_1,2026-02-14 05:00:00+00:00,24,0.7504829512621227,0.7504829512621227,False,False,0.6955416051206302,9.31,4.4,2026-02-13 19:00:00+00:00,10.0,2026-01-31 23:00:00,2026-02-01T01:00:00+05:00,e46d74629bd710750db40d5e9d8f3eadbaa20ee486e416572c0d88f6ec77ad79,gfs_seamless,False
turbine_1,2026-02-14 06:00:00+00:00,24,0.8026552497548833,0.8026552497548833,False,False,0.7651013024602026,9.62,5.3,2026-02-13 19:00:00+00:00,11.0,2026-01-31 23:00:00,2026-02-01T01:00:00+05:00,e46d74629bd710750db40d5e9d8f3eadbaa20ee486e416572c0d88f6ec77ad79,gfs_seamless,False
turbine_1,2026-02-14 07:00:00+00:00,24,0.6776809186541747,0.6776809186541747,False,False,0.6267624521072798,8.93,6.3,2026-02-13 19:00:00+00:00,12.0,2026-01-31 23:00:00,2026-02-01T01:00:00+05:00,e46d74629bd710750db40d5e9d8f3eadbaa20ee486e416572c0d88f6ec77ad79,gfs_seamless,False
turbine_1,2026-02-14 08:00:00+00:00,24,0.3897531924795162,0.3897531924795162,False,False,0.3981808278867102,7.16,7.3,2026-02-13 19:00:00+00:00,13.0,2026-01-31 23:00:00,2026-02-01T01:00:00+05:00,e46d74629bd710750db40d5e9d8f3eadbaa20ee486e416572c0d88f6ec77ad79,gfs_seamless,False
turbine_1,2026-02-14 09:00:00+00:00,24,0.07213668982265536,0.07213668982265536,False,False,0.08138774811772757,4.2,7.2,2026-02-13 19:00:00+00:00,14.0,2026-01-31 23:00:00,2026-02-01T01:00:00+05:00,e46d74629bd710750db40d5e9d8f3eadbaa20ee486e416572c0d88f6ec77ad79,gfs_seamless,False
turbine_1,2026-02-14 10:00:00+00:00,24,0.0954293154231801,0.0954293154231801,False,False,0.11167154471544716,4.75,6.4,2026-02-13 19:00:00+00:00,15.0,2026-01-31 23:00:00,2026-02-01T01:00:00+05:00,e46d74629bd710750db40d5e9d8f3eadbaa20ee486e416572c0d88f6ec77ad79,gfs_seamless,False
turbine_1,2026-02-14 11:00:00+00:00,24,0.037115948787358494,0.037115948787358494,False,False,0.0581515812431843,3.77,5.9,2026-02-13 19:00:00+00:00,16.0,2026-01-31 23:00:00,2026-02-01T01:00:00+05:00,e46d74629bd710750db40d5e9d8f3eadbaa20ee486e416572c0d88f6ec77ad79,gfs_seamless,False
turbine_1,2026-02-14 12:00:00+00:00,24,0.06408231667106497,0.06408231667106497,False,False,0.08138774811772757,4.38,4.6,2026-02-13 19:00:00+00:00,17.0,2026-01-31 23:00:00,2026-02-01T01:00:00+05:00,e46d74629bd710750db40d5e9d8f3eadbaa20ee486e416572c0d88f6ec77ad79,gfs_seamless,False
turbine_1,2026-02-14 13:00:00+00:00,24,0.02350300069132842,0.02350300069132842,False,False,0.040077274323849665,3.11,2.7,2026-02-13 19:00:00+00:00,18.0,2026-01-31 23:00:00,2026-02-01T01:00:00+05:00,e46d74629bd710750db40d5e9d8f3eadbaa20ee486e416572c0d88f6ec77ad79,gfs_seamless,False
turbine_1,2026-02-14 14:00:00+00:00,24,0.00971789083440588,0.00971789083440588,False,False,0.009989159891598917,0.95,2.2,2026-02-13 19:00:00+00:00,19.0,2026-01-31 23:00:00,2026-02-01T01:00:00+05:00,e46d74629bd710750db40d5e9d8f3eadbaa20ee486e416572c0d88f6ec77ad79,gfs_seamless,False
turbine_1,2026-02-14 15:00:00+00:00,24,0.00971789083440588,0.00971789083440588,False,False,0.009989159891598917,0.82,1.7,2026-02-13 19:00:00+00:00,20.0,2026-01-31 23:00:00,2026-02-01T01:00:00+05:00,e46d74629bd710750db40d5e9d8f3eadbaa20ee486e416572c0d88f6ec77ad79,gfs_seamless,False
turbine_1,2026-02-14 16:00:00+00:00,24,0.00971789083440588,0.00971789083440588,False,False,0.009961472602739725,1.49,1.6,2026-02-13 19:00:00+00:00,21.0,2026-01-31 23:00:00,2026-02-01T01:00:00+05:00,e46d74629bd710750db40d5e9d8f3eadbaa20ee486e416572c0d88f6ec77ad79,gfs_seamless,False
turbine_1,2026-02-14 17:00:00+00:00,24,0.010330470194810898,0.010330470194810898,False,False,0.01599670263788969,2.05,1.4,2026-02-13 19:00:00+00:00,22.0,2026-01-31 23:00:00,2026-02-01T01:00:00+05:00,e46d74629bd710750db40d5e9d8f3eadbaa20ee486e416572c0d88f6ec77ad79,gfs_seamless,False
turbine_1,2026-02-14 18:00:00+00:00,24,0.10438477547632766,0.10438477547632766,False,False,0.11167154471544716,4.94,1.8,2026-02-13 19:00:00+00:00,23.0,2026-01-31 23:00:00,2026-02-01T01:00:00+05:00,e46d74629bd710750db40d5e9d8f3eadbaa20ee486e416572c0d88f6ec77ad79,gfs_seamless,False
turbine_1,2026-02-14 19:00:00+00:00,24,0.032822889920007696,0.032822889920007696,False,False,0.0581515812431843,3.83,1.2,2026-02-13 19:00:00+00:00,24.0,2026-01-31 23:00:00,2026-02-01T01:00:00+05:00,e46d74629bd710750db40d5e9d8f3eadbaa20ee486e416572c0d88f6ec77ad79,gfs_seamless,False
turbine_1,2026-02-14 20:00:00+00:00,48,0.00971789083440588,0.00971789083440588,False,False,0.009961472602739725,1.26,1.9,2026-02-13 19:00:00+00:00,25.0,2026-01-31 23:00:00,2026-02-01T01:00:00+05:00,e46d74629bd710750db40d5e9d8f3eadbaa20ee486e416572c0d88f6ec77ad79,gfs_seamless,False
turbine_1,2026-02-14 21:00:00+00:00,48,0.00980059252463563,0.00980059252463563,False,False,0.01102904972919744,1.7,1.8,2026-02-13 19:00:00+00:00,26.0,2026-01-31 23:00:00,2026-02-01T01:00:00+05:00,e46d74629bd710750db40d5e9d8f3eadbaa20ee486e416572c0d88f6ec77ad79,gfs_seamless,False
turbine_1,2026-02-14 22:00:00+00:00,48,0.00971789083440588,0.00971789083440588,False,False,0.009961472602739725,1.24,1.9,2026-02-13 19:00:00+00:00,27.0,2026-01-31 23:00:00,2026-02-01T01:00:00+05:00,e46d74629bd710750db40d5e9d8f3eadbaa20ee486e416572c0d88f6ec77ad79,gfs_seamless,False
turbine_1,2026-02-14 23:00:00+00:00,48,0.010469540552484254,0.010469540552484254,False,False,0.01102904972919744,1.81,2.4,2026-02-13 19:00:00+00:00,28.0,2026-01-31 23:00:00,2026-02-01T01:00:00+05:00,e46d74629bd710750db40d5e9d8f3eadbaa20ee486e416572c0d88f6ec77ad79,gfs_seamless,False
turbine_1,2026-02-15 00:00:00+00:00,48,0.015647828689476832,0.015647828689476832,False,False,0.025215897939156035,2.64,3.5,2026-02-13 19:00:00+00:00,29.0,2026-01-31 23:00:00,2026-02-01T01:00:00+05:00,e46d74629bd710750db40d5e9d8f3eadbaa20ee486e416572c0d88f6ec77ad79,gfs_seamless,False
turbine_1,2026-02-15 01:00:00+00:00,48,0.025019517300741388,0.025019517300741388,False,False,0.040077274323849665,3.28,2.9,2026-02-13 19:00:00+00:00,30.0,2026-01-31 23:00:00,2026-02-01T01:00:00+05:00,e46d74629bd710750db40d5e9d8f3eadbaa20ee486e416572c0d88f6ec77ad79,gfs_seamless,False
turbine_1,2026-02-15 02:00:00+00:00,48,0.11928982298493898,0.11928982298493898,False,False,0.14868314676616917,5.15,3.1,2026-02-13 19:00:00+00:00,31.0,2026-01-31 23:00:00,2026-02-01T01:00:00+05:00,e46d74629bd710750db40d5e9d8f3eadbaa20ee486e416572c0d88f6ec77ad79,gfs_seamless,False
turbine_1,2026-02-15 03:00:00+00:00,48,0.20772889964262234,0.20772889964262234,False,False,0.19472402597402597,5.99,3.2,2026-02-13 19:00:00+00:00,32.0,2026-01-31 23:00:00,2026-02-01T01:00:00+05:00,e46d74629bd710750db40d5e9d8f3eadbaa20ee486e416572c0d88f6ec77ad79,gfs_seamless,False
turbine_1,2026-02-15 04:00:00+00:00,48,0.36009059970573754,0.36009059970573754,False,False,0.3244547053649956,6.89,4.4,2026-02-13 19:00:00+00:00,33.0,2026-01-31 23:00:00,2026-02-01T01:00:00+05:00,e46d74629bd710750db40d5e9d8f3eadbaa20ee486e416572c0d88f6ec77ad79,gfs_seamless,False
turbine_1,2026-02-15 05:00:00+00:00,48,0.6054459390244948,0.6054459390244948,False,False,0.5480688448074679,8.38,5.3,2026-02-13 19:00:00+00:00,34.0,2026-01-31 23:00:00,2026-02-01T01:00:00+05:00,e46d74629bd710750db40d5e9d8f3eadbaa20ee486e416572c0d88f6ec77ad79,gfs_seamless,False
turbine_1,2026-02-15 06:00:00+00:00,48,0.9293721741877411,0.9293721741877411,False,False,0.8937111928104575,10.76,6.3,2026-02-13 19:00:00+00:00,35.0,2026-01-31 23:00:00,2026-02-01T01:00:00+05:00,e46d74629bd710750db40d5e9d8f3eadbaa20ee486e416572c0d88f6ec77ad79,gfs_seamless,False
turbine_1,2026-02-15 07:00:00+00:00,48,0.9786732452324214,0.9786732452324214,False,False,0.9583879781420764,12.08,7.1,2026-02-13 19:00:00+00:00,36.0,2026-01-31 23:00:00,2026-02-01T01:00:00+05:00,e46d74629bd710750db40d5e9d8f3eadbaa20ee486e416572c0d88f6ec77ad79,gfs_seamless,False
turbine_1,2026-02-15 08:00:00+00:00,48,0.9952846255662657,0.9952846255662657,False,False,0.9673371212121211,12.64,7.9,2026-02-13 19:00:00+00:00,37.0,2026-01-31 23:00:00,2026-02-01T01:00:00+05:00,e46d74629bd710750db40d5e9d8f3eadbaa20ee486e416572c0d88f6ec77ad79,gfs_seamless,False
turbine_1,2026-02-15 09:00:00+00:00,48,0.9894199240706651,0.9894199240706651,False,False,0.9673371212121211,12.81,8.4,2026-02-13 19:00:00+00:00,38.0,2026-01-31 23:00:00,2026-02-01T01:00:00+05:00,e46d74629bd710750db40d5e9d8f3eadbaa20ee486e416572c0d88f6ec77ad79,gfs_seamless,False
turbine_1,2026-02-15 10:00:00+00:00,48,0.9666765090958385,0.9666765090958385,False,False,0.9583879781420764,12.38,8.2,2026-02-13 19:00:00+00:00,39.0,2026-01-31 23:00:00,2026-02-01T01:00:00+05:00,e46d74629bd710750db40d5e9d8f3eadbaa20ee486e416572c0d88f6ec77ad79,gfs_seamless,False
turbine_1,2026-02-15 11:00:00+00:00,48,0.988614701123767,0.988614701123767,False,False,0.9583879781420764,12.15,7.4,2026-02-13 19:00:00+00:00,40.0,2026-01-31 23:00:00,2026-02-01T01:00:00+05:00,e46d74629bd710750db40d5e9d8f3eadbaa20ee486e416572c0d88f6ec77ad79,gfs_seamless,False
turbine_1,2026-02-15 12:00:00+00:00,48,0.9955871027368014,0.9955871027368014,False,False,0.9673371212121211,12.78,5.3,2026-02-13 19:00:00+00:00,41.0,2026-01-31 23:00:00,2026-02-01T01:00:00+05:00,e46d74629bd710750db40d5e9d8f3eadbaa20ee486e416572c0d88f6ec77ad79,gfs_seamless,False
turbine_1,2026-02-15 13:00:00+00:00,48,0.9927885260038671,0.9927885260038671,False,False,0.9761353467561521,13.09,4.0,2026-02-13 19:00:00+00:00,42.0,2026-01-31 23:00:00,2026-02-01T01:00:00+05:00,e46d74629bd710750db40d5e9d8f3eadbaa20ee486e416572c0d88f6ec77ad79,gfs_seamless,False
turbine_1,2026-02-15 14:00:00+00:00,48,0.9920540308295527,0.9920540308295527,False,False,0.9761353467561521,13.22,3.7,2026-02-13 19:00:00+00:00,43.0,2026-01-31 23:00:00,2026-02-01T01:00:00+05:00,e46d74629bd710750db40d5e9d8f3eadbaa20ee486e416572c0d88f6ec77ad79,gfs_seamless,False
turbine_1,2026-02-15 15:00:00+00:00,48,0.9737798291133455,0.9737798291133455,False,False,0.9761353467561521,13.19,3.5,2026-02-13 19:00:00+00:00,44.0,2026-01-31 23:00:00,2026-02-01T01:00:00+05:00,e46d74629bd710750db40d5e9d8f3eadbaa20ee486e416572c0d88f6ec77ad79,gfs_seamless,False
turbine_1,2026-02-15 16:00:00+00:00,48,0.9874445870037625,0.9874445870037625,False,False,0.9761353467561521,13.07,3.1,2026-02-13 19:00:00+00:00,45.0,2026-01-31 23:00:00,2026-02-01T01:00:00+05:00,e46d74629bd710750db40d5e9d8f3eadbaa20ee486e416572c0d88f6ec77ad79,gfs_seamless,False
turbine_1,2026-02-15 17:00:00+00:00,48,0.9763376517056153,0.9763376517056153,False,False,0.9761353467561521,13.28,2.9,2026-02-13 19:00:00+00:00,46.0,2026-01-31 23:00:00,2026-02-01T01:00:00+05:00,e46d74629bd710750db40d5e9d8f3eadbaa20ee486e416572c0d88f6ec77ad79,gfs_seamless,False
turbine_1,2026-02-15 18:00:00+00:00,48,0.9836108430910124,0.9836108430910124,False,False,0.9603525641025641,11.65,2.7,2026-02-13 19:00:00+00:00,47.0,2026-01-31 23:00:00,2026-02-01T01:00:00+05:00,e46d74629bd710750db40d5e9d8f3eadbaa20ee486e416572c0d88f6ec77ad79,gfs_seamless,False
turbine_1,2026-02-15 19:00:00+00:00,48,0.9851577168808996,0.9851577168808996,False,False,0.9603525641025641,11.88,2.3,2026-02-13 19:00:00+00:00,48.0,2026-01-31 23:00:00,2026-02-01T01:00:00+05:00,e46d74629bd710750db40d5e9d8f3eadbaa20ee486e416572c0d88f6ec77ad79,gfs_seamless,False
turbine_2,2026-02-13 20:00:00+00:00,24,0.9810095811568688,0.9810095811568688,False,False,0.9633299798792756,12.89,0.7,2026-02-13 19:00:00+00:00,1.0,2026-01-31 23:00:00,2026-02-01T01:00:00+05:00,d05b3cae0b8e890efb085c68704c9fb8d2cbf736bedd6d6ce81594bf3efad63a,gfs_seamless,False
turbine_2,2026-02-13 21:00:00+00:00,24,0.974671072351825,0.974671072351825,False,False,0.9518670076726343,11.57,0.4,2026-02-13 19:00:00+00:00,2.0,2026-01-31 23:00:00,2026-02-01T01:00:00+05:00,d05b3cae0b8e890efb085c68704c9fb8d2cbf736bedd6d6ce81594bf3efad63a,gfs_seamless,False
turbine_2,2026-02-13 22:00:00+00:00,24,0.9232421633617776,0.9232421633617776,False,False,0.8845606610237807,10.72,0.6,2026-02-13 19:00:00+00:00,3.0,2026-01-31 23:00:00,2026-02-01T01:00:00+05:00,d05b3cae0b8e890efb085c68704c9fb8d2cbf736bedd6d6ce81594bf3efad63a,gfs_seamless,False
turbine_2,2026-02-13 23:00:00+00:00,24,0.9292734804034367,0.9292734804034367,False,False,0.8845606610237807,10.85,0.8,2026-02-13 19:00:00+00:00,4.0,2026-01-31 23:00:00,2026-02-01T01:00:00+05:00,d05b3cae0b8e890efb085c68704c9fb8d2cbf736bedd6d6ce81594bf3efad63a,gfs_seamless,False
turbine_2,2026-02-14 00:00:00+00:00,24,0.8532932628553274,0.8532932628553274,False,False,0.8240326184092941,10.2,0.8,2026-02-13 19:00:00+00:00,5.0,2026-01-31 23:00:00,2026-02-01T01:00:00+05:00,d05b3cae0b8e890efb085c68704c9fb8d2cbf736bedd6d6ce81594bf3efad63a,gfs_seamless,False
turbine_2,2026-02-14 01:00:00+00:00,24,0.7550361470333808,0.7550361470333808,False,False,0.7536449275362319,9.55,0.4,2026-02-13 19:00:00+00:00,6.0,2026-01-31 23:00:00,2026-02-01T01:00:00+05:00,d05b3cae0b8e890efb085c68704c9fb8d2cbf736bedd6d6ce81594bf3efad63a,gfs_seamless,False
turbine_2,2026-02-14 02:00:00+00:00,24,0.6331615707848263,0.6331615707848263,False,False,0.6162610815602837,8.77,0.1,2026-02-13 19:00:00+00:00,7.0,2026-01-31 23:00:00,2026-02-01T01:00:00+05:00,d05b3cae0b8e890efb085c68704c9fb8d2cbf736bedd6d6ce81594bf3efad63a,gfs_seamless,False
turbine_2,2026-02-14 03:00:00+00:00,24,0.61824442032958,0.61824442032958,False,False,0.6162610815602837,8.8,1.5,2026-02-13 19:00:00+00:00,8.0,2026-01-31 23:00:00,2026-02-01T01:00:00+05:00,d05b3cae0b8e890efb085c68704c9fb8d2cbf736bedd6d6ce81594bf3efad63a,gfs_seamless,False
turbine_2,2026-02-14 04:00:00+00:00,24,0.6088142897579152,0.6088142897579152,False,False,0.6162610815602837,8.68,3.4,2026-02-13 19:00:00+00:00,9.0,2026-01-31 23:00:00,2026-02-01T01:00:00+05:00,d05b3cae0b8e890efb085c68704c9fb8d2cbf736bedd6d6ce81594bf3efad63a,gfs_seamless,False
turbine_2,2026-02-14 05:00:00+00:00,24,0.6650219597331004,0.6650219597331004,False,False,0.6742543244506779,9.31,4.4,2026-02-13 19:00:00+00:00,10.0,2026-01-31 23:00:00,2026-02-01T01:00:00+05:00,d05b3cae0b8e890efb085c68704c9fb8d2cbf736bedd6d6ce81594bf3efad63a,gfs_seamless,False
turbine_2,2026-02-14 06:00:00+00:00,24,0.7357353556880204,0.7357353556880204,False,False,0.7536449275362319,9.62,5.3,2026-02-13 19:00:00+00:00,11.0,2026-01-31 23:00:00,2026-02-01T01:00:00+05:00,d05b3cae0b8e890efb085c68704c9fb8d2cbf736bedd6d6ce81594bf3efad63a,gfs_seamless,False
turbine_2,2026-02-14 07:00:00+00:00,24,0.5372323432322477,0.5372323432322477,False,False,0.6162610815602837,8.93,6.3,2026-02-13 19:00:00+00:00,12.0,2026-01-31 23:00:00,2026-02-01T01:00:00+05:00,d05b3cae0b8e890efb085c68704c9fb8d2cbf736bedd6d6ce81594bf3efad63a,gfs_seamless,False
turbine_2,2026-02-14 08:00:00+00:00,24,0.3836489308173942,0.3836489308173942,False,False,0.3872421383647799,7.16,7.3,2026-02-13 19:00:00+00:00,13.0,2026-01-31 23:00:00,2026-02-01T01:00:00+05:00,d05b3cae0b8e890efb085c68704c9fb8d2cbf736bedd6d6ce81594bf3efad63a,gfs_seamless,False
turbine_2,2026-02-14 09:00:00+00:00,24,0.055957478410979145,0.055957478410979145,False,False,0.07894438894438895,4.2,7.2,2026-02-13 19:00:00+00:00,14.0,2026-01-31 23:00:00,2026-02-01T01:00:00+05:00,d05b3cae0b8e890efb085c68704c9fb8d2cbf736bedd6d6ce81594bf3efad63a,gfs_seamless,False
turbine_2,2026-02-14 10:00:00+00:00,24,0.0851445409960387,0.0851445409960387,False,False,0.10500000000000001,4.75,6.4,2026-02-13 19:00:00+00:00,15.0,2026-01-31 23:00:00,2026-02-01T01:00:00+05:00,d05b3cae0b8e890efb085c68704c9fb8d2cbf736bedd6d6ce81594bf3efad63a,gfs_seamless,False
turbine_2,2026-02-14 11:00:00+00:00,24,0.03585704127111431,0.03585704127111431,False,False,0.0552395725611858,3.77,5.9,2026-02-13 19:00:00+00:00,16.0,2026-01-31 23:00:00,2026-02-01T01:00:00+05:00,d05b3cae0b8e890efb085c68704c9fb8d2cbf736bedd6d6ce81594bf3efad63a,gfs_seamless,False
turbine_2,2026-02-14 12:00:00+00:00,24,0.061964776691211886,0.061964776691211886,False,False,0.07894438894438895,4.38,4.6,2026-02-13 19:00:00+00:00,17.0,2026-01-31 23:00:00,2026-02-01T01:00:00+05:00,d05b3cae0b8e890efb085c68704c9fb8d2cbf736bedd6d6ce81594bf3efad63a,gfs_seamless,False
turbine_2,2026-02-14 13:00:00+00:00,24,0.01796880353431113,0.01796880353431113,False,False,0.037099712368168745,3.11,2.7,2026-02-13 19:00:00+00:00,18.0,2026-01-31 23:00:00,2026-02-01T01:00:00+05:00,d05b3cae0b8e890efb085c68704c9fb8d2cbf736bedd6d6ce81594bf3efad63a,gfs_seamless,False
turbine_2,2026-02-14 14:00:00+00:00,24,0.00956040937903745,0.00956040937903745,False,False,0.009932126696832579,0.95,2.2,2026-02-13 19:00:00+00:00,19.0,2026-01-31 23:00:00,2026-02-01T01:00:00+05:00,d05b3cae0b8e890efb085c68704c9fb8d2cbf736bedd6d6ce81594bf3efad63a,gfs_seamless,False
turbine_2,2026-02-14 15:00:00+00:00,24,0.009393287410904458,0.009393287410904458,False,False,0.009932126696832579,0.82,1.7,2026-02-13 19:00:00+00:00,20.0,2026-01-31 23:00:00,2026-02-01T01:00:00+05:00,d05b3cae0b8e890efb085c68704c9fb8d2cbf736bedd6d6ce81594bf3efad63a,gfs_seamless,False
turbine_2,2026-02-14 16:00:00+00:00,24,0.009393287410904458,0.009393287410904458,False,False,0.00971122112211221,1.49,1.6,2026-02-13 19:00:00+00:00,21.0,2026-01-31 23:00:00,2026-02-01T01:00:00+05:00,d05b3cae0b8e890efb085c68704c9fb8d2cbf736bedd6d6ce81594bf3efad63a,gfs_seamless,False
turbine_2,2026-02-14 17:00:00+00:00,24,0.009436947888954366,0.009436947888954366,False,False,0.014608096468561586,2.05,1.4,2026-02-13 19:00:00+00:00,22.0,2026-01-31 23:00:00,2026-02-01T01:00:00+05:00,d05b3cae0b8e890efb085c68704c9fb8d2cbf736bedd6d6ce81594bf3efad63a,gfs_seamless,False
turbine_2,2026-02-14 18:00:00+00:00,24,0.0827638301204717,0.0827638301204717,False,False,0.10500000000000001,4.94,1.8,2026-02-13 19:00:00+00:00,23.0,2026-01-31 23:00:00,2026-02-01T01:00:00+05:00,d05b3cae0b8e890efb085c68704c9fb8d2cbf736bedd6d6ce81594bf3efad63a,gfs_seamless,False
turbine_2,2026-02-14 19:00:00+00:00,24,0.026556079098830933,0.026556079098830933,False,False,0.0552395725611858,3.83,1.2,2026-02-13 19:00:00+00:00,24.0,2026-01-31 23:00:00,2026-02-01T01:00:00+05:00,d05b3cae0b8e890efb085c68704c9fb8d2cbf736bedd6d6ce81594bf3efad63a,gfs_seamless,False
turbine_2,2026-02-14 20:00:00+00:00,48,0.009416700626067372,0.009416700626067372,False,False,0.00971122112211221,1.26,1.9,2026-02-13 19:00:00+00:00,25.0,2026-01-31 23:00:00,2026-02-01T01:00:00+05:00,d05b3cae0b8e890efb085c68704c9fb8d2cbf736bedd6d6ce81594bf3efad63a,gfs_seamless,False
turbine_2,2026-02-14 21:00:00+00:00,48,0.009142869643178357,0.009142869643178357,False,False,0.010127472003812246,1.7,1.8,2026-02-13 19:00:00+00:00,26.0,2026-01-31 23:00:00,2026-02-01T01:00:00+05:00,d05b3cae0b8e890efb085c68704c9fb8d2cbf736bedd6d6ce81594bf3efad63a,gfs_seamless,False
turbine_2,2026-02-14 22:00:00+00:00,48,0.009416700626067372,0.009416700626067372,False,False,0.00971122112211221,1.24,1.9,2026-02-13 19:00:00+00:00,27.0,2026-01-31 23:00:00,2026-02-01T01:00:00+05:00,d05b3cae0b8e890efb085c68704c9fb8d2cbf736bedd6d6ce81594bf3efad63a,gfs_seamless,False
turbine_2,2026-02-14 23:00:00+00:00,48,0.009511743267245906,0.009511743267245906,False,False,0.010127472003812246,1.81,2.4,2026-02-13 19:00:00+00:00,28.0,2026-01-31 23:00:00,2026-02-01T01:00:00+05:00,d05b3cae0b8e890efb085c68704c9fb8d2cbf736bedd6d6ce81594bf3efad63a,gfs_seamless,False
turbine_2,2026-02-15 00:00:00+00:00,48,0.014941044067205601,0.014941044067205601,False,False,0.023970410628019325,2.64,3.5,2026-02-13 19:00:00+00:00,29.0,2026-01-31 23:00:00,2026-02-01T01:00:00+05:00,d05b3cae0b8e890efb085c68704c9fb8d2cbf736bedd6d6ce81594bf3efad63a,gfs_seamless,False
turbine_2,2026-02-15 01:00:00+00:00,48,0.019762310565664257,0.019762310565664257,False,False,0.037099712368168745,3.28,2.9,2026-02-13 19:00:00+00:00,30.0,2026-01-31 23:00:00,2026-02-01T01:00:00+05:00,d05b3cae0b8e890efb085c68704c9fb8d2cbf736bedd6d6ce81594bf3efad63a,gfs_seamless,False
turbine_2,2026-02-15 02:00:00+00:00,48,0.1002582025919488,0.1002582025919488,False,False,0.14257562144354596,5.15,3.1,2026-02-13 19:00:00+00:00,31.0,2026-01-31 23:00:00,2026-02-01T01:00:00+05:00,d05b3cae0b8e890efb085c68704c9fb8d2cbf736bedd6d6ce81594bf3efad63a,gfs_seamless,False
turbine_2,2026-02-15 03:00:00+00:00,48,0.19027077758500313,0.19027077758500313,False,False,0.18799815254684613,5.99,3.2,2026-02-13 19:00:00+00:00,32.0,2026-01-31 23:00:00,2026-02-01T01:00:00+05:00,d05b3cae0b8e890efb085c68704c9fb8d2cbf736bedd6d6ce81594bf3efad63a,gfs_seamless,False
turbine_2,2026-02-15 04:00:00+00:00,48,0.3123617529027683,0.3123617529027683,False,False,0.3134483750359506,6.89,4.4,2026-02-13 19:00:00+00:00,33.0,2026-01-31 23:00:00,2026-02-01T01:00:00+05:00,d05b3cae0b8e890efb085c68704c9fb8d2cbf736bedd6d6ce81594bf3efad63a,gfs_seamless,False
turbine_2,2026-02-15 05:00:00+00:00,48,0.5717406129710749,0.5717406129710749,False,False,0.5334922575387123,8.38,5.3,2026-02-13 19:00:00+00:00,34.0,2026-01-31 23:00:00,2026-02-01T01:00:00+05:00,d05b3cae0b8e890efb085c68704c9fb8d2cbf736bedd6d6ce81594bf3efad63a,gfs_seamless,False
turbine_2,2026-02-15 06:00:00+00:00,48,0.9294372789566194,0.9294372789566194,False,False,0.8845606610237807,10.76,6.3,2026-02-13 19:00:00+00:00,35.0,2026-01-31 23:00:00,2026-02-01T01:00:00+05:00,d05b3cae0b8e890efb085c68704c9fb8d2cbf736bedd6d6ce81594bf3efad63a,gfs_seamless,False
turbine_2,2026-02-15 07:00:00+00:00,48,0.9679099239385117,0.9679099239385117,False,False,0.9574121315192744,12.08,7.1,2026-02-13 19:00:00+00:00,36.0,2026-01-31 23:00:00,2026-02-01T01:00:00+05:00,d05b3cae0b8e890efb085c68704c9fb8d2cbf736bedd6d6ce81594bf3efad63a,gfs_seamless,False
turbine_2,2026-02-15 08:00:00+00:00,48,0.9507843986801318,0.9507843986801318,False,False,0.9633299798792756,12.64,7.9,2026-02-13 19:00:00+00:00,37.0,2026-01-31 23:00:00,2026-02-01T01:00:00+05:00,d05b3cae0b8e890efb085c68704c9fb8d2cbf736bedd6d6ce81594bf3efad63a,gfs_seamless,False
turbine_2,2026-02-15 09:00:00+00:00,48,0.9730207310664237,0.9730207310664237,False,False,0.9633299798792756,12.81,8.4,2026-02-13 19:00:00+00:00,38.0,2026-01-31 23:00:00,2026-02-01T01:00:00+05:00,d05b3cae0b8e890efb085c68704c9fb8d2cbf736bedd6d6ce81594bf3efad63a,gfs_seamless,False
turbine_2,2026-02-15 10:00:00+00:00,48,0.9687729924596684,0.9687729924596684,False,False,0.9574121315192744,12.38,8.2,2026-02-13 19:00:00+00:00,39.0,2026-01-31 23:00:00,2026-02-01T01:00:00+05:00,d05b3cae0b8e890efb085c68704c9fb8d2cbf736bedd6d6ce81594bf3efad63a,gfs_seamless,False
turbine_2,2026-02-15 11:00:00+00:00,48,0.9526525042383862,0.9526525042383862,False,False,0.9574121315192744,12.15,7.4,2026-02-13 19:00:00+00:00,40.0,2026-01-31 23:00:00,2026-02-01T01:00:00+05:00,d05b3cae0b8e890efb085c68704c9fb8d2cbf736bedd6d6ce81594bf3efad63a,gfs_seamless,False
turbine_2,2026-02-15 12:00:00+00:00,48,0.9535333020139449,0.9535333020139449,False,False,0.9633299798792756,12.78,5.3,2026-02-13 19:00:00+00:00,41.0,2026-01-31 23:00:00,2026-02-01T01:00:00+05:00,d05b3cae0b8e890efb085c68704c9fb8d2cbf736bedd6d6ce81594bf3efad63a,gfs_seamless,False
turbine_2,2026-02-15 13:00:00+00:00,48,0.9784849596331349,0.9784849596331349,False,False,0.9700600600600602,13.09,4.0,2026-02-13 19:00:00+00:00,42.0,2026-01-31 23:00:00,2026-02-01T01:00:00+05:00,d05b3cae0b8e890efb085c68704c9fb8d2cbf736bedd6d6ce81594bf3efad63a,gfs_seamless,False
turbine_2,2026-02-15 14:00:00+00:00,48,0.9782461214260115,0.9782461214260115,False,False,0.9700600600600602,13.22,3.7,2026-02-13 19:00:00+00:00,43.0,2026-01-31 23:00:00,2026-02-01T01:00:00+05:00,d05b3cae0b8e890efb085c68704c9fb8d2cbf736bedd6d6ce81594bf3efad63a,gfs_seamless,False
turbine_2,2026-02-15 15:00:00+00:00,48,0.9782461214260115,0.9782461214260115,False,False,0.9700600600600602,13.19,3.5,2026-02-13 19:00:00+00:00,44.0,2026-01-31 23:00:00,2026-02-01T01:00:00+05:00,d05b3cae0b8e890efb085c68704c9fb8d2cbf736bedd6d6ce81594bf3efad63a,gfs_seamless,False
turbine_2,2026-02-15 16:00:00+00:00,48,0.9798659084968886,0.9798659084968886,False,False,0.9700600600600602,13.07,3.1,2026-02-13 19:00:00+00:00,45.0,2026-01-31 23:00:00,2026-02-01T01:00:00+05:00,d05b3cae0b8e890efb085c68704c9fb8d2cbf736bedd6d6ce81594bf3efad63a,gfs_seamless,False
turbine_2,2026-02-15 17:00:00+00:00,48,0.9803981747700724,0.9803981747700724,False,False,0.9700600600600602,13.28,2.9,2026-02-13 19:00:00+00:00,46.0,2026-01-31 23:00:00,2026-02-01T01:00:00+05:00,d05b3cae0b8e890efb085c68704c9fb8d2cbf736bedd6d6ce81594bf3efad63a,gfs_seamless,False
turbine_2,2026-02-15 18:00:00+00:00,48,0.9661023909142924,0.9661023909142924,False,False,0.9518670076726343,11.65,2.7,2026-02-13 19:00:00+00:00,47.0,2026-01-31 23:00:00,2026-02-01T01:00:00+05:00,d05b3cae0b8e890efb085c68704c9fb8d2cbf736bedd6d6ce81594bf3efad63a,gfs_seamless,False
turbine_2,2026-02-15 19:00:00+00:00,48,0.9676101827512629,0.9676101827512629,False,False,0.9518670076726343,11.88,2.3,2026-02-13 19:00:00+00:00,48.0,2026-01-31 23:00:00,2026-02-01T01:00:00+05:00,d05b3cae0b8e890efb085c68704c9fb8d2cbf736bedd6d6ce81594bf3efad63a,gfs_seamless,False
turbine_1,2026-02-14 20:00:00+00:00,24,0.03322853886318867,0.03322853886318867,False,False,0.0581515812431843,3.86,1.4,2026-02-14 19:00:00+00:00,1.0,2026-01-31 23:00:00,2026-02-01T01:00:00+05:00,e46d74629bd710750db40d5e9d8f3eadbaa20ee486e416572c0d88f6ec77ad79,gfs_seamless,False
turbine_1,2026-02-14 21:00:00+00:00,24,0.024704621683178482,0.024704621683178482,False,False,0.040077274323849665,3.49,1.7,2026-02-14 19:00:00+00:00,2.0,2026-01-31 23:00:00,2026-02-01T01:00:00+05:00,e46d74629bd710750db40d5e9d8f3eadbaa20ee486e416572c0d88f6ec77ad79,gfs_seamless,False
turbine_1,2026-02-14 22:00:00+00:00,24,0.1888949590267496,0.1888949590267496,False,False,0.19472402597402597,5.85,2.2,2026-02-14 19:00:00+00:00,3.0,2026-01-31 23:00:00,2026-02-01T01:00:00+05:00,e46d74629bd710750db40d5e9d8f3eadbaa20ee486e416572c0d88f6ec77ad79,gfs_seamless,False
turbine_1,2026-02-14 23:00:00+00:00,24,0.2562894768897515,0.2562894768897515,False,False,0.2560354184518709,6.24,2.1,2026-02-14 19:00:00+00:00,4.0,2026-01-31 23:00:00,2026-02-01T01:00:00+05:00,e46d74629bd710750db40d5e9d8f3eadbaa20ee486e416572c0d88f6ec77ad79,gfs_seamless,False
turbine_1,2026-02-15 00:00:00+00:00,24,0.3498962632128921,0.3498962632128921,False,False,0.3244547053649956,6.86,1.5,2026-02-14 19:00:00+00:00,5.0,2026-01-31 23:00:00,2026-02-01T01:00:00+05:00,e46d74629bd710750db40d5e9d8f3eadbaa20ee486e416572c0d88f6ec77ad79,gfs_seamless,False
turbine_1,2026-02-15 01:00:00+00:00,24,0.6801000232622066,0.6801000232622066,False,False,0.6267624521072798,8.81,0.6,2026-02-14 19:00:00+00:00,6.0,2026-01-31 23:00:00,2026-02-01T01:00:00+05:00,e46d74629bd710750db40d5e9d8f3eadbaa20ee486e416572c0d88f6ec77ad79,gfs_seamless,False
turbine_1,2026-02-15 02:00:00+00:00,24,0.7285068040881479,0.7285068040881479,False,False,0.6955416051206302,9.21,0.5,2026-02-14 19:00:00+00:00,7.0,2026-01-31 23:00:00,2026-02-01T01:00:00+05:00,e46d74629bd710750db40d5e9d8f3eadbaa20ee486e416572c0d88f6ec77ad79,gfs_seamless,False
turbine_1,2026-02-15 03:00:00+00:00,24,0.6812692193663558,0.6812692193663558,False,False,0.6267624521072798,8.86,1.6,2026-02-14 19:00:00+00:00,8.0,2026-01-31 23:00:00,2026-02-01T01:00:00+05:00,e46d74629bd710750db40d5e9d8f3eadbaa20ee486e416572c0d88f6ec77ad79,gfs_seamless,False
turbine_1,2026-02-15 04:00:00+00:00,24,0.9313078800382095,0.9313078800382095,False,False,0.8937111928104575,10.73,3.4,2026-02-14 19:00:00+00:00,9.0,2026-01-31 23:00:00,2026-02-01T01:00:00+05:00,e46d74629bd710750db40d5e9d8f3eadbaa20ee486e416572c0d88f6ec77ad79,gfs_seamless,False
turbine_1,2026-02-15 05:00:00+00:00,24,0.9840005534720417,0.9840005534720417,False,False,0.9603525641025641,11.89,4.9,2026-02-14 19:00:00+00:00,10.0,2026-01-31 23:00:00,2026-02-01T01:00:00+05:00,e46d74629bd710750db40d5e9d8f3eadbaa20ee486e416572c0d88f6ec77ad79,gfs_seamless,False
turbine_1,2026-02-15 06:00:00+00:00,24,0.987780767029204,0.987780767029204,False,False,0.9761353467561521,13.44,6.1,2026-02-14 19:00:00+00:00,11.0,2026-01-31 23:00:00,2026-02-01T01:00:00+05:00,e46d74629bd710750db40d5e9d8f3eadbaa20ee486e416572c0d88f6ec77ad79,gfs_seamless,False
turbine_1,2026-02-15 07:00:00+00:00,24,0.9746596069128601,0.9746596069128601,False,False,0.9761353467561521,13.39,6.8,2026-02-14 19:00:00+00:00,12.0,2026-01-31 23:00:00,2026-02-01T01:00:00+05:00,e46d74629bd710750db40d5e9d8f3eadbaa20ee486e416572c0d88f6ec77ad79,gfs_seamless,False
turbine_1,2026-02-15 08:00:00+00:00,24,0.9761414595509342,0.9761414595509342,False,False,0.9761353467561521,13.17,7.1,2026-02-14 19:00:00+00:00,13.0,2026-01-31 23:00:00,2026-02-01T01:00:00+05:00,e46d74629bd710750db40d5e9d8f3eadbaa20ee486e416572c0d88f6ec77ad79,gfs_seamless,False
turbine_1,2026-02-15 09:00:00+00:00,24,0.9707319377108238,0.9707319377108238,False,False,0.9761353467561521,13.03,7.2,2026-02-14 19:00:00+00:00,14.0,2026-01-31 23:00:00,2026-02-01T01:00:00+05:00,e46d74629bd710750db40d5e9d8f3eadbaa20ee486e416572c0d88f6ec77ad79,gfs_seamless,False
turbine_1,2026-02-15 10:00:00+00:00,24,0.98177153801794,0.98177153801794,False,False,0.9673371212121211,12.93,7.1,2026-02-14 19:00:00+00:00,15.0,2026-01-31 23:00:00,2026-02-01T01:00:00+05:00,e46d74629bd710750db40d5e9d8f3eadbaa20ee486e416572c0d88f6ec77ad79,gfs_seamless,False
turbine_1,2026-02-15 11:00:00+00:00,24,0.9853969307353277,0.9853969307353277,False,False,0.9673371212121211,12.71,6.5,2026-02-14 19:00:00+00:00,16.0,2026-01-31 23:00:00,2026-02-01T01:00:00+05:00,e46d74629bd710750db40d5e9d8f3eadbaa20ee486e416572c0d88f6ec77ad79,gfs_seamless,False
turbine_1,2026-02-15 12:00:00+00:00,24,0.9804018077578928,0.9804018077578928,False,False,0.9583879781420764,12.34,5.1,2026-02-14 19:00:00+00:00,17.0,2026-01-31 23:00:00,2026-02-01T01:00:00+05:00,e46d74629bd710750db40d5e9d8f3eadbaa20ee486e416572c0d88f6ec77ad79,gfs_seamless,False
turbine_1,2026-02-15 13:00:00+00:00,24,0.9771499753786255,0.9771499753786255,False,False,0.9673371212121211,12.59,4.3,2026-02-14 19:00:00+00:00,18.0,2026-01-31 23:00:00,2026-02-01T01:00:00+05:00,e46d74629bd710750db40d5e9d8f3eadbaa20ee486e416572c0d88f6ec77ad79,gfs_seamless,False
turbine_1,2026-02-15 14:00:00+00:00,24,0.8454776184114917,0.8454776184114917,False,False,0.9583879781420764,12.31,3.9,2026-02-14 19:00:00+00:00,19.0,2026-01-31 23:00:00,2026-02-01T01:00:00+05:00,e46d74629bd710750db40d5e9d8f3eadbaa20ee486e416572c0d88f6ec77ad79,gfs_seamless,False
turbine_1,2026-02-15 15:00:00+00:00,24,0.8454776184114917,0.8454776184114917,False,False,0.9583879781420764,12.28,3.6,2026-02-14 19:00:00+00:00,20.0,2026-01-31 23:00:00,2026-02-01T01:00:00+05:00,e46d74629bd710750db40d5e9d8f3eadbaa20ee486e416572c0d88f6ec77ad79,gfs_seamless,False
turbine_1,2026-02-15 16:00:00+00:00,24,0.9476914830727184,0.9476914830727184,False,False,0.9583879781420764,12.12,3.3,2026-02-14 19:00:00+00:00,21.0,2026-01-31 23:00:00,2026-02-01T01:00:00+05:00,e46d74629bd710750db40d5e9d8f3eadbaa20ee486e416572c0d88f6ec77ad79,gfs_seamless,False
turbine_1,2026-02-15 17:00:00+00:00,24,0.9647904820175568,0.9647904820175568,False,False,0.9583879781420764,12.04,3.1,2026-02-14 19:00:00+00:00,22.0,2026-01-31 23:00:00,2026-02-01T01:00:00+05:00,e46d74629bd710750db40d5e9d8f3eadbaa20ee486e416572c0d88f6ec77ad79,gfs_seamless,False
turbine_1,2026-02-15 18:00:00+00:00,24,0.94724490564166,0.94724490564166,False,False,0.9603525641025641,11.94,3.4,2026-02-14 19:00:00+00:00,23.0,2026-01-31 23:00:00,2026-02-01T01:00:00+05:00,e46d74629bd710750db40d5e9d8f3eadbaa20ee486e416572c0d88f6ec77ad79,gfs_seamless,False
turbine_1,2026-02-15 19:00:00+00:00,24,0.9697985187196192,0.9697985187196192,False,False,0.9603525641025641,11.77,3.4,2026-02-14 19:00:00+00:00,24.0,2026-01-31 23:00:00,2026-02-01T01:00:00+05:00,e46d74629bd710750db40d5e9d8f3eadbaa20ee486e416572c0d88f6ec77ad79,gfs_seamless,False
turbine_1,2026-02-15 20:00:00+00:00,48,0.9832505510315921,0.9832505510315921,False,False,0.9603525641025641,11.77,1.9,2026-02-14 19:00:00+00:00,25.0,2026-01-31 23:00:00,2026-02-01T01:00:00+05:00,e46d74629bd710750db40d5e9d8f3eadbaa20ee486e416572c0d88f6ec77ad79,gfs_seamless,False
turbine_1,2026-02-15 21:00:00+00:00,48,0.9832505510315921,0.9832505510315921,False,False,0.9603525641025641,11.8,1.6,2026-02-14 19:00:00+00:00,26.0,2026-01-31 23:00:00,2026-02-01T01:00:00+05:00,e46d74629bd710750db40d5e9d8f3eadbaa20ee486e416572c0d88f6ec77ad79,gfs_seamless,False
turbine_1,2026-02-15 22:00:00+00:00,48,0.9720781923958349,0.9720781923958349,False,False,0.9583879781420764,12.11,1.5,2026-02-14 19:00:00+00:00,27.0,2026-01-31 23:00:00,2026-02-01T01:00:00+05:00,e46d74629bd710750db40d5e9d8f3eadbaa20ee486e416572c0d88f6ec77ad79,gfs_seamless,False
turbine_1,2026-02-15 23:00:00+00:00,48,0.9847974248214793,0.9847974248214793,False,False,0.9603525641025641,11.84,1.8,2026-02-14 19:00:00+00:00,28.0,2026-01-31 23:00:00,2026-02-01T01:00:00+05:00,e46d74629bd710750db40d5e9d8f3eadbaa20ee486e416572c0d88f6ec77ad79,gfs_seamless,False
turbine_1,2026-02-16 00:00:00+00:00,48,0.978679638398719,0.978679638398719,False,False,0.9673371212121211,12.54,2.2,2026-02-14 19:00:00+00:00,29.0,2026-01-31 23:00:00,2026-02-01T01:00:00+05:00,e46d74629bd710750db40d5e9d8f3eadbaa20ee486e416572c0d88f6ec77ad79,gfs_seamless,False
turbine_1,2026-02-16 01:00:00+00:00,48,0.9720781923958349,0.9720781923958349,False,False,0.9583879781420764,12.11,2.1,2026-02-14 19:00:00+00:00,30.0,2026-01-31 23:00:00,2026-02-01T01:00:00+05:00,e46d74629bd710750db40d5e9d8f3eadbaa20ee486e416572c0d88f6ec77ad79,gfs_seamless,False
turbine_1,2026-02-16 02:00:00+00:00,48,0.981845246312425,0.981845246312425,False,False,0.9583879781420764,12.06,2.4,2026-02-14 19:00:00+00:00,31.0,2026-01-31 23:00:00,2026-02-01T01:00:00+05:00,e46d74629bd710750db40d5e9d8f3eadbaa20ee486e416572c0d88f6ec77ad79,gfs_seamless,False
turbine_1,2026-02-16 03:00:00+00:00,48,0.9372399684070257,0.9372399684070257,False,False,0.9583879781420764,12.47,2.9,2026-02-14 19:00:00+00:00,32.0,2026-01-31 23:00:00,2026-02-01T01:00:00+05:00,e46d74629bd710750db40d5e9d8f3eadbaa20ee486e416572c0d88f6ec77ad79,gfs_seamless,False
turbine_1,2026-02-16 04:00:00+00:00,48,0.965650793521264,0.965650793521264,False,False,0.9381677419354839,11.13,3.5,2026-02-14 19:00:00+00:00,33.0,2026-01-31 23:00:00,2026-02-01T01:00:00+05:00,e46d74629bd710750db40d5e9d8f3eadbaa20ee486e416572c0d88f6ec77ad79,gfs_seamless,False
turbine_1,2026-02-16 05:00:00+00:00,48,0.9800305318745898,0.9800305318745898,False,False,0.9603525641025641,11.67,3.8,2026-02-14 19:00:00+00:00,34.0,2026-01-31 23:00:00,2026-02-01T01:00:00+05:00,e46d74629bd710750db40d5e9d8f3eadbaa20ee486e416572c0d88f6ec77ad79,gfs_seamless,False
turbine_1,2026-02-16 06:00:00+00:00,48,0.8034670575014189,0.8034670575014189,False,False,0.7651013024602026,9.72,2.9,2026-02-14 19:00:00+00:00,35.0,2026-01-31 23:00:00,2026-02-01T01:00:00+05:00,e46d74629bd710750db40d5e9d8f3eadbaa20ee486e416572c0d88f6ec77ad79,gfs_seamless,False
turbine_1,2026-02-16 07:00:00+00:00,48,0.783686712359736,0.783686712359736,False,False,0.6955416051206302,9.42,3.7,2026-02-14 19:00:00+00:00,36.0,2026-01-31 23:00:00,2026-02-01T01:00:00+05:00,e46d74629bd710750db40d5e9d8f3eadbaa20ee486e416572c0d88f6ec77ad79,gfs_seamless,False
turbine_1,2026-02-16 08:00:00+00:00,48,0.7805809562277476,0.7805809562277476,False,False,0.6955416051206302,9.44,5.8,2026-02-14 19:00:00+00:00,37.0,2026-01-31 23:00:00,2026-02-01T01:00:00+05:00,e46d74629bd710750db40d5e9d8f3eadbaa20ee486e416572c0d88f6ec77ad79,gfs_seamless,False
turbine_1,2026-02-16 09:00:00+00:00,48,0.9148771311483813,0.9148771311483813,False,False,0.8937111928104575,10.75,7.2,2026-02-14 19:00:00+00:00,38.0,2026-01-31 23:00:00,2026-02-01T01:00:00+05:00,e46d74629bd710750db40d5e9d8f3eadbaa20ee486e416572c0d88f6ec77ad79,gfs_seamless,False
turbine_1,2026-02-16 10:00:00+00:00,48,0.9710938015085959,0.9710938015085959,False,False,0.9381677419354839,11.45,7.4,2026-02-14 19:00:00+00:00,39.0,2026-01-31 23:00:00,2026-02-01T01:00:00+05:00,e46d74629bd710750db40d5e9d8f3eadbaa20ee486e416572c0d88f6ec77ad79,gfs_seamless,False
turbine_1,2026-02-16 11:00:00+00:00,48,0.9893636493524041,0.9893636493524041,False,False,0.9583879781420764,12.43,6.4,2026-02-14 19:00:00+00:00,40.0,2026-01-31 23:00:00,2026-02-01T01:00:00+05:00,e46d74629bd710750db40d5e9d8f3eadbaa20ee486e416572c0d88f6ec77ad79,gfs_seamless,False
turbine_1,2026-02-16 12:00:00+00:00,48,0.9893636493524041,0.9893636493524041,False,False,0.9673371212121211,12.54,6.3,2026-02-14 19:00:00+00:00,41.0,2026-01-31 23:00:00,2026-02-01T01:00:00+05:00,e46d74629bd710750db40d5e9d8f3eadbaa20ee486e416572c0d88f6ec77ad79,gfs_seamless,False
turbine_1,2026-02-16 13:00:00+00:00,48,0.9936636416272084,0.9936636416272084,False,False,0.9672885572139301,14.47,5.0,2026-02-14 19:00:00+00:00,42.0,2026-01-31 23:00:00,2026-02-01T01:00:00+05:00,e46d74629bd710750db40d5e9d8f3eadbaa20ee486e416572c0d88f6ec77ad79,gfs_seamless,False
turbine_1,2026-02-16 14:00:00+00:00,48,0.9907953514216019,0.9907953514216019,False,False,0.9650781249999999,15.01,4.7,2026-02-14 19:00:00+00:00,43.0,2026-01-31 23:00:00,2026-02-01T01:00:00+05:00,e46d74629bd710750db40d5e9d8f3eadbaa20ee486e416572c0d88f6ec77ad79,gfs_seamless,False
turbine_1,2026-02-16 15:00:00+00:00,48,0.9929573299793617,0.9929573299793617,False,False,0.9618518518518518,14.71,4.6,2026-02-14 19:00:00+00:00,44.0,2026-01-31 23:00:00,2026-02-01T01:00:00+05:00,e46d74629bd710750db40d5e9d8f3eadbaa20ee486e416572c0d88f6ec77ad79,gfs_seamless,False
turbine_1,2026-02-16 16:00:00+00:00,48,0.995427425296296,0.995427425296296,False,False,0.9618518518518518,14.54,3.8,2026-02-14 19:00:00+00:00,45.0,2026-01-31 23:00:00,2026-02-01T01:00:00+05:00,e46d74629bd710750db40d5e9d8f3eadbaa20ee486e416572c0d88f6ec77ad79,gfs_seamless,False
turbine_1,2026-02-16 17:00:00+00:00,48,0.996971650731504,0.996971650731504,False,False,0.9672885572139301,14.09,4.3,2026-02-14 19:00:00+00:00,46.0,2026-01-31 23:00:00,2026-02-01T01:00:00+05:00,e46d74629bd710750db40d5e9d8f3eadbaa20ee486e416572c0d88f6ec77ad79,gfs_seamless,False
turbine_1,2026-02-16 18:00:00+00:00,48,0.9893299934966505,0.9893299934966505,False,False,0.9761353467561521,13.11,3.6,2026-02-14 19:00:00+00:00,47.0,2026-01-31 23:00:00,2026-02-01T01:00:00+05:00,e46d74629bd710750db40d5e9d8f3eadbaa20ee486e416572c0d88f6ec77ad79,gfs_seamless,False
turbine_1,2026-02-16 19:00:00+00:00,48,0.9823265311177893,0.9823265311177893,False,False,0.9761353467561521,13.29,3.3,2026-02-14 19:00:00+00:00,48.0,2026-01-31 23:00:00,2026-02-01T01:00:00+05:00,e46d74629bd710750db40d5e9d8f3eadbaa20ee486e416572c0d88f6ec77ad79,gfs_seamless,False
turbine_2,2026-02-14 20:00:00+00:00,24,0.027897067432341025,0.027897067432341025,False,False,0.0552395725611858,3.86,1.4,2026-02-14 19:00:00+00:00,1.0,2026-01-31 23:00:00,2026-02-01T01:00:00+05:00,d05b3cae0b8e890efb085c68704c9fb8d2cbf736bedd6d6ce81594bf3efad63a,gfs_seamless,False
turbine_2,2026-02-14 21:00:00+00:00,24,0.018879783313870246,0.018879783313870246,False,False,0.037099712368168745,3.49,1.7,2026-02-14 19:00:00+00:00,2.0,2026-01-31 23:00:00,2026-02-01T01:00:00+05:00,d05b3cae0b8e890efb085c68704c9fb8d2cbf736bedd6d6ce81594bf3efad63a,gfs_seamless,False
turbine_2,2026-02-14 22:00:00+00:00,24,0.168813886902361,0.168813886902361,False,False,0.18799815254684613,5.85,2.2,2026-02-14 19:00:00+00:00,3.0,2026-01-31 23:00:00,2026-02-01T01:00:00+05:00,d05b3cae0b8e890efb085c68704c9fb8d2cbf736bedd6d6ce81594bf3efad63a,gfs_seamless,False
turbine_2,2026-02-14 23:00:00+00:00,24,0.21993034497717473,0.21993034497717473,False,False,0.24514071038251364,6.24,2.1,2026-02-14 19:00:00+00:00,4.0,2026-01-31 23:00:00,2026-02-01T01:00:00+05:00,d05b3cae0b8e890efb085c68704c9fb8d2cbf736bedd6d6ce81594bf3efad63a,gfs_seamless,False
turbine_2,2026-02-15 00:00:00+00:00,24,0.3084446724190029,0.3084446724190029,False,False,0.3134483750359506,6.86,1.5,2026-02-14 19:00:00+00:00,5.0,2026-01-31 23:00:00,2026-02-01T01:00:00+05:00,d05b3cae0b8e890efb085c68704c9fb8d2cbf736bedd6d6ce81594bf3efad63a,gfs_seamless,False
turbine_2,2026-02-15 01:00:00+00:00,24,0.6321190420219013,0.6321190420219013,False,False,0.6162610815602837,8.81,0.6,2026-02-14 19:00:00+00:00,6.0,2026-01-31 23:00:00,2026-02-01T01:00:00+05:00,d05b3cae0b8e890efb085c68704c9fb8d2cbf736bedd6d6ce81594bf3efad63a,gfs_seamless,False
turbine_2,2026-02-15 02:00:00+00:00,24,0.7029809291543319,0.7029809291543319,False,False,0.6742543244506779,9.21,0.5,2026-02-14 19:00:00+00:00,7.0,2026-01-31 23:00:00,2026-02-01T01:00:00+05:00,d05b3cae0b8e890efb085c68704c9fb8d2cbf736bedd6d6ce81594bf3efad63a,gfs_seamless,False
turbine_2,2026-02-15 03:00:00+00:00,24,0.6279196873099042,0.6279196873099042,False,False,0.6162610815602837,8.86,1.6,2026-02-14 19:00:00+00:00,8.0,2026-01-31 23:00:00,2026-02-01T01:00:00+05:00,d05b3cae0b8e890efb085c68704c9fb8d2cbf736bedd6d6ce81594bf3efad63a,gfs_seamless,False
turbine_2,2026-02-15 04:00:00+00:00,24,0.9170183977200022,0.9170183977200022,False,False,0.8845606610237807,10.73,3.4,2026-02-14 19:00:00+00:00,9.0,2026-01-31 23:00:00,2026-02-01T01:00:00+05:00,d05b3cae0b8e890efb085c68704c9fb8d2cbf736bedd6d6ce81594bf3efad63a,gfs_seamless,False
turbine_2,2026-02-15 05:00:00+00:00,24,0.9724534900942744,0.9724534900942744,False,False,0.9518670076726343,11.89,4.9,2026-02-14 19:00:00+00:00,10.0,2026-01-31 23:00:00,2026-02-01T01:00:00+05:00,d05b3cae0b8e890efb085c68704c9fb8d2cbf736bedd6d6ce81594bf3efad63a,gfs_seamless,False
turbine_2,2026-02-15 06:00:00+00:00,24,0.9697571459640524,0.9697571459640524,False,False,0.9700600600600602,13.44,6.1,2026-02-14 19:00:00+00:00,11.0,2026-01-31 23:00:00,2026-02-01T01:00:00+05:00,d05b3cae0b8e890efb085c68704c9fb8d2cbf736bedd6d6ce81594bf3efad63a,gfs_seamless,False
turbine_2,2026-02-15 07:00:00+00:00,24,0.9768034562193931,0.9768034562193931,False,False,0.9700600600600602,13.39,6.8,2026-02-14 19:00:00+00:00,12.0,2026-01-31 23:00:00,2026-02-01T01:00:00+05:00,d05b3cae0b8e890efb085c68704c9fb8d2cbf736bedd6d6ce81594bf3efad63a,gfs_seamless,False
turbine_2,2026-02-15 08:00:00+00:00,24,0.978248569307297,0.978248569307297,False,False,0.9700600600600602,13.17,7.1,2026-02-14 19:00:00+00:00,13.0,2026-01-31 23:00:00,2026-02-01T01:00:00+05:00,d05b3cae0b8e890efb085c68704c9fb8d2cbf736bedd6d6ce81594bf3efad63a,gfs_seamless,False
turbine_2,2026-02-15 09:00:00+00:00,24,0.9780411236438152,0.9780411236438152,False,False,0.9700600600600602,13.03,7.2,2026-02-14 19:00:00+00:00,14.0,2026-01-31 23:00:00,2026-02-01T01:00:00+05:00,d05b3cae0b8e890efb085c68704c9fb8d2cbf736bedd6d6ce81594bf3efad63a,gfs_seamless,False
turbine_2,2026-02-15 10:00:00+00:00,24,0.9780411236438152,0.9780411236438152,False,False,0.9633299798792756,12.93,7.1,2026-02-14 19:00:00+00:00,15.0,2026-01-31 23:00:00,2026-02-01T01:00:00+05:00,d05b3cae0b8e890efb085c68704c9fb8d2cbf736bedd6d6ce81594bf3efad63a,gfs_seamless,False
turbine_2,2026-02-15 11:00:00+00:00,24,0.9408722043032657,0.9408722043032657,False,False,0.9633299798792756,12.71,6.5,2026-02-14 19:00:00+00:00,16.0,2026-01-31 23:00:00,2026-02-01T01:00:00+05:00,d05b3cae0b8e890efb085c68704c9fb8d2cbf736bedd6d6ce81594bf3efad63a,gfs_seamless,False
turbine_2,2026-02-15 12:00:00+00:00,24,0.9745437761561967,0.9745437761561967,False,False,0.9574121315192744,12.34,5.1,2026-02-14 19:00:00+00:00,17.0,2026-01-31 23:00:00,2026-02-01T01:00:00+05:00,d05b3cae0b8e890efb085c68704c9fb8d2cbf736bedd6d6ce81594bf3efad63a,gfs_seamless,False
turbine_2,2026-02-15 13:00:00+00:00,24,0.9704074662353755,0.9704074662353755,False,False,0.9633299798792756,12.59,4.3,2026-02-14 19:00:00+00:00,18.0,2026-01-31 23:00:00,2026-02-01T01:00:00+05:00,d05b3cae0b8e890efb085c68704c9fb8d2cbf736bedd6d6ce81594bf3efad63a,gfs_seamless,False
turbine_2,2026-02-15 14:00:00+00:00,24,0.9720592118634992,0.9720592118634992,False,False,0.9574121315192744,12.31,3.9,2026-02-14 19:00:00+00:00,19.0,2026-01-31 23:00:00,2026-02-01T01:00:00+05:00,d05b3cae0b8e890efb085c68704c9fb8d2cbf736bedd6d6ce81594bf3efad63a,gfs_seamless,False
turbine_2,2026-02-15 15:00:00+00:00,24,0.9720592118634992,0.9720592118634992,False,False,0.9574121315192744,12.28,3.6,2026-02-14 19:00:00+00:00,20.0,2026-01-31 23:00:00,2026-02-01T01:00:00+05:00,d05b3cae0b8e890efb085c68704c9fb8d2cbf736bedd6d6ce81594bf3efad63a,gfs_seamless,False
turbine_2,2026-02-15 16:00:00+00:00,24,0.9591621124077925,0.9591621124077925,False,False,0.9574121315192744,12.12,3.3,2026-02-14 19:00:00+00:00,21.0,2026-01-31 23:00:00,2026-02-01T01:00:00+05:00,d05b3cae0b8e890efb085c68704c9fb8d2cbf736bedd6d6ce81594bf3efad63a,gfs_seamless,False
turbine_2,2026-02-15 17:00:00+00:00,24,0.9699101653180163,0.9699101653180163,False,False,0.9574121315192744,12.04,3.1,2026-02-14 19:00:00+00:00,22.0,2026-01-31 23:00:00,2026-02-01T01:00:00+05:00,d05b3cae0b8e890efb085c68704c9fb8d2cbf736bedd6d6ce81594bf3efad63a,gfs_seamless,False
turbine_2,2026-02-15 18:00:00+00:00,24,0.9686228627731313,0.9686228627731313,False,False,0.9518670076726343,11.94,3.4,2026-02-14 19:00:00+00:00,23.0,2026-01-31 23:00:00,2026-02-01T01:00:00+05:00,d05b3cae0b8e890efb085c68704c9fb8d2cbf736bedd6d6ce81594bf3efad63a,gfs_seamless,False
turbine_2,2026-02-15 19:00:00+00:00,24,0.9684747896655304,0.9684747896655304,False,False,0.9518670076726343,11.77,3.4,2026-02-14 19:00:00+00:00,24.0,2026-01-31 23:00:00,2026-02-01T01:00:00+05:00,d05b3cae0b8e890efb085c68704c9fb8d2cbf736bedd6d6ce81594bf3efad63a,gfs_seamless,False
turbine_2,2026-02-15 20:00:00+00:00,48,0.9708061596442799,0.9708061596442799,False,False,0.9518670076726343,11.77,1.9,2026-02-14 19:00:00+00:00,25.0,2026-01-31 23:00:00,2026-02-01T01:00:00+05:00,d05b3cae0b8e890efb085c68704c9fb8d2cbf736bedd6d6ce81594bf3efad63a,gfs_seamless,False
turbine_2,2026-02-15 21:00:00+00:00,48,0.9755471572172739,0.9755471572172739,False,False,0.9518670076726343,11.8,1.6,2026-02-14 19:00:00+00:00,26.0,2026-01-31 23:00:00,2026-02-01T01:00:00+05:00,d05b3cae0b8e890efb085c68704c9fb8d2cbf736bedd6d6ce81594bf3efad63a,gfs_seamless,False
turbine_2,2026-02-15 22:00:00+00:00,48,0.9365494701747066,0.9365494701747066,False,False,0.9574121315192744,12.11,1.5,2026-02-14 19:00:00+00:00,27.0,2026-01-31 23:00:00,2026-02-01T01:00:00+05:00,d05b3cae0b8e890efb085c68704c9fb8d2cbf736bedd6d6ce81594bf3efad63a,gfs_seamless,False
turbine_2,2026-02-15 23:00:00+00:00,48,0.9716055179710156,0.9716055179710156,False,False,0.9518670076726343,11.84,1.8,2026-02-14 19:00:00+00:00,28.0,2026-01-31 23:00:00,2026-02-01T01:00:00+05:00,d05b3cae0b8e890efb085c68704c9fb8d2cbf736bedd6d6ce81594bf3efad63a,gfs_seamless,False
turbine_2,2026-02-16 00:00:00+00:00,48,0.968626959265585,0.968626959265585,False,False,0.9633299798792756,12.54,2.2,2026-02-14 19:00:00+00:00,29.0,2026-01-31 23:00:00,2026-02-01T01:00:00+05:00,d05b3cae0b8e890efb085c68704c9fb8d2cbf736bedd6d6ce81594bf3efad63a,gfs_seamless,False
turbine_2,2026-02-16 01:00:00+00:00,48,0.9234631201923075,0.9234631201923075,False,False,0.9574121315192744,12.11,2.1,2026-02-14 19:00:00+00:00,30.0,2026-01-31 23:00:00,2026-02-01T01:00:00+05:00,d05b3cae0b8e890efb085c68704c9fb8d2cbf736bedd6d6ce81594bf3efad63a,gfs_seamless,False
turbine_2,2026-02-16 02:00:00+00:00,48,0.9696899203149684,0.9696899203149684,False,False,0.9574121315192744,12.06,2.4,2026-02-14 19:00:00+00:00,31.0,2026-01-31 23:00:00,2026-02-01T01:00:00+05:00,d05b3cae0b8e890efb085c68704c9fb8d2cbf736bedd6d6ce81594bf3efad63a,gfs_seamless,False
turbine_2,2026-02-16 03:00:00+00:00,48,0.9724227859231006,0.9724227859231006,False,False,0.9574121315192744,12.47,2.9,2026-02-14 19:00:00+00:00,32.0,2026-01-31 23:00:00,2026-02-01T01:00:00+05:00,d05b3cae0b8e890efb085c68704c9fb8d2cbf736bedd6d6ce81594bf3efad63a,gfs_seamless,False
turbine_2,2026-02-16 04:00:00+00:00,48,0.9453759342088516,0.9453759342088516,False,False,0.9257415902140673,11.13,3.5,2026-02-14 19:00:00+00:00,33.0,2026-01-31 23:00:00,2026-02-01T01:00:00+05:00,d05b3cae0b8e890efb085c68704c9fb8d2cbf736bedd6d6ce81594bf3efad63a,gfs_seamless,False
turbine_2,2026-02-16 05:00:00+00:00,48,0.9684747896655304,0.9684747896655304,False,False,0.9518670076726343,11.67,3.8,2026-02-14 19:00:00+00:00,34.0,2026-01-31 23:00:00,2026-02-01T01:00:00+05:00,d05b3cae0b8e890efb085c68704c9fb8d2cbf736bedd6d6ce81594bf3efad63a,gfs_seamless,False
turbine_2,2026-02-16 06:00:00+00:00,48,0.7799525067807944,0.7799525067807944,False,False,0.7536449275362319,9.72,2.9,2026-02-14 19:00:00+00:00,35.0,2026-01-31 23:00:00,2026-02-01T01:00:00+05:00,d05b3cae0b8e890efb085c68704c9fb8d2cbf736bedd6d6ce81594bf3efad63a,gfs_seamless,False
turbine_2,2026-02-16 07:00:00+00:00,48,0.7210903900826818,0.7210903900826818,False,False,0.6742543244506779,9.42,3.7,2026-02-14 19:00:00+00:00,36.0,2026-01-31 23:00:00,2026-02-01T01:00:00+05:00,d05b3cae0b8e890efb085c68704c9fb8d2cbf736bedd6d6ce81594bf3efad63a,gfs_seamless,False
turbine_2,2026-02-16 08:00:00+00:00,48,0.7456536346714762,0.7456536346714762,False,False,0.6742543244506779,9.44,5.8,2026-02-14 19:00:00+00:00,37.0,2026-01-31 23:00:00,2026-02-01T01:00:00+05:00,d05b3cae0b8e890efb085c68704c9fb8d2cbf736bedd6d6ce81594bf3efad63a,gfs_seamless,False
turbine_2,2026-02-16 09:00:00+00:00,48,0.9247615692408112,0.9247615692408112,False,False,0.8845606610237807,10.75,7.2,2026-02-14 19:00:00+00:00,38.0,2026-01-31 23:00:00,2026-02-01T01:00:00+05:00,d05b3cae0b8e890efb085c68704c9fb8d2cbf736bedd6d6ce81594bf3efad63a,gfs_seamless,False
turbine_2,2026-02-16 10:00:00+00:00,48,0.9489256798536219,0.9489256798536219,False,False,0.9257415902140673,11.45,7.4,2026-02-14 19:00:00+00:00,39.0,2026-01-31 23:00:00,2026-02-01T01:00:00+05:00,d05b3cae0b8e890efb085c68704c9fb8d2cbf736bedd6d6ce81594bf3efad63a,gfs_seamless,False
turbine_2,2026-02-16 11:00:00+00:00,48,0.943782202411369,0.943782202411369,False,False,0.9574121315192744,12.43,6.4,2026-02-14 19:00:00+00:00,40.0,2026-01-31 23:00:00,2026-02-01T01:00:00+05:00,d05b3cae0b8e890efb085c68704c9fb8d2cbf736bedd6d6ce81594bf3efad63a,gfs_seamless,False
turbine_2,2026-02-16 12:00:00+00:00,48,0.9408685148611725,0.9408685148611725,False,False,0.9633299798792756,12.54,6.3,2026-02-14 19:00:00+00:00,41.0,2026-01-31 23:00:00,2026-02-01T01:00:00+05:00,d05b3cae0b8e890efb085c68704c9fb8d2cbf736bedd6d6ce81594bf3efad63a,gfs_seamless,False
turbine_2,2026-02-16 13:00:00+00:00,48,0.9801223615140366,0.9801223615140366,False,False,0.9603782505910166,14.47,5.0,2026-02-14 19:00:00+00:00,42.0,2026-01-31 23:00:00,2026-02-01T01:00:00+05:00,d05b3cae0b8e890efb085c68704c9fb8d2cbf736bedd6d6ce81594bf3efad63a,gfs_seamless,False
turbine_2,2026-02-16 14:00:00+00:00,48,0.9523219990147843,0.9523219990147843,False,False,0.9496153846153847,15.01,4.7,2026-02-14 19:00:00+00:00,43.0,2026-01-31 23:00:00,2026-02-01T01:00:00+05:00,d05b3cae0b8e890efb085c68704c9fb8d2cbf736bedd6d6ce81594bf3efad63a,gfs_seamless,False
turbine_2,2026-02-16 15:00:00+00:00,48,0.968827886299447,0.968827886299447,False,False,0.962514880952381,14.71,4.6,2026-02-14 19:00:00+00:00,44.0,2026-01-31 23:00:00,2026-02-01T01:00:00+05:00,d05b3cae0b8e890efb085c68704c9fb8d2cbf736bedd6d6ce81594bf3efad63a,gfs_seamless,False
turbine_2,2026-02-16 16:00:00+00:00,48,0.9688139436899769,0.9688139436899769,False,False,0.962514880952381,14.54,3.8,2026-02-14 19:00:00+00:00,45.0,2026-01-31 23:00:00,2026-02-01T01:00:00+05:00,d05b3cae0b8e890efb085c68704c9fb8d2cbf736bedd6d6ce81594bf3efad63a,gfs_seamless,False
turbine_2,2026-02-16 17:00:00+00:00,48,0.9719293850318657,0.9719293850318657,False,False,0.9603782505910166,14.09,4.3,2026-02-14 19:00:00+00:00,46.0,2026-01-31 23:00:00,2026-02-01T01:00:00+05:00,d05b3cae0b8e890efb085c68704c9fb8d2cbf736bedd6d6ce81594bf3efad63a,gfs_seamless,False
turbine_2,2026-02-16 18:00:00+00:00,48,0.9784849596331349,0.9784849596331349,False,False,0.9700600600600602,13.11,3.6,2026-02-14 19:00:00+00:00,47.0,2026-01-31 23:00:00,2026-02-01T01:00:00+05:00,d05b3cae0b8e890efb085c68704c9fb8d2cbf736bedd6d6ce81594bf3efad63a,gfs_seamless,False
turbine_2,2026-02-16 19:00:00+00:00,48,0.9782461214260115,0.9782461214260115,False,False,0.9700600600600602,13.29,3.3,2026-02-14 19:00:00+00:00,48.0,2026-01-31 23:00:00,2026-02-01T01:00:00+05:00,d05b3cae0b8e890efb085c68704c9fb8d2cbf736bedd6d6ce81594bf3efad63a,gfs_seamless,False
turbine_1,2026-02-15 20:00:00+00:00,24,0.946469318606899,0.946469318606899,False,False,0.9583879781420764,12.47,3.2,2026-02-15 19:00:00+00:00,1.0,2026-01-31 23:00:00,2026-02-01T01:00:00+05:00,e46d74629bd710750db40d5e9d8f3eadbaa20ee486e416572c0d88f6ec77ad79,gfs_seamless,False
turbine_1,2026-02-15 21:00:00+00:00,24,0.9833599362197996,0.9833599362197996,False,False,0.9761353467561521,13.17,3.2,2026-02-15 19:00:00+00:00,2.0,2026-01-31 23:00:00,2026-02-01T01:00:00+05:00,e46d74629bd710750db40d5e9d8f3eadbaa20ee486e416572c0d88f6ec77ad79,gfs_seamless,False
turbine_1,2026-02-15 22:00:00+00:00,24,0.9368091393120107,0.9368091393120107,False,False,0.9673371212121211,12.76,2.9,2026-02-15 19:00:00+00:00,3.0,2026-01-31 23:00:00,2026-02-01T01:00:00+05:00,e46d74629bd710750db40d5e9d8f3eadbaa20ee486e416572c0d88f6ec77ad79,gfs_seamless,False
turbine_1,2026-02-15 23:00:00+00:00,24,0.9886089380537458,0.9886089380537458,False,False,0.9673371212121211,12.5,2.7,2026-02-15 19:00:00+00:00,4.0,2026-01-31 23:00:00,2026-02-01T01:00:00+05:00,e46d74629bd710750db40d5e9d8f3eadbaa20ee486e416572c0d88f6ec77ad79,gfs_seamless,False
turbine_1,2026-02-16 00:00:00+00:00,24,0.974343621548525,0.974343621548525,False,False,0.9603525641025641,11.56,2.9,2026-02-15 19:00:00+00:00,5.0,2026-01-31 23:00:00,2026-02-01T01:00:00+05:00,e46d74629bd710750db40d5e9d8f3eadbaa20ee486e416572c0d88f6ec77ad79,gfs_seamless,False
turbine_1,2026-02-16 01:00:00+00:00,24,0.9453011365868732,0.9453011365868732,False,False,0.8937111928104575,10.96,3.1,2026-02-15 19:00:00+00:00,6.0,2026-01-31 23:00:00,2026-02-01T01:00:00+05:00,e46d74629bd710750db40d5e9d8f3eadbaa20ee486e416572c0d88f6ec77ad79,gfs_seamless,False
turbine_1,2026-02-16 02:00:00+00:00,24,0.8352025815599393,0.8352025815599393,False,False,0.7651013024602026,9.96,2.9,2026-02-15 19:00:00+00:00,7.0,2026-01-31 23:00:00,2026-02-01T01:00:00+05:00,e46d74629bd710750db40d5e9d8f3eadbaa20ee486e416572c0d88f6ec77ad79,gfs_seamless,False
turbine_1,2026-02-16 03:00:00+00:00,24,0.8044925155860569,0.8044925155860569,False,False,0.7651013024602026,9.65,3.5,2026-02-15 19:00:00+00:00,8.0,2026-01-31 23:00:00,2026-02-01T01:00:00+05:00,e46d74629bd710750db40d5e9d8f3eadbaa20ee486e416572c0d88f6ec77ad79,gfs_seamless,False
turbine_1,2026-02-16 04:00:00+00:00,24,0.7194929409657427,0.7194929409657427,False,False,0.6955416051206302,9.18,4.0,2026-02-15 19:00:00+00:00,9.0,2026-01-31 23:00:00,2026-02-01T01:00:00+05:00,e46d74629bd710750db40d5e9d8f3eadbaa20ee486e416572c0d88f6ec77ad79,gfs_seamless,False
turbine_1,2026-02-16 05:00:00+00:00,24,0.7849429818362273,0.7849429818362273,False,False,0.7651013024602026,9.5,4.5,2026-02-15 19:00:00+00:00,10.0,2026-01-31 23:00:00,2026-02-01T01:00:00+05:00,e46d74629bd710750db40d5e9d8f3eadbaa20ee486e416572c0d88f6ec77ad79,gfs_seamless,False
turbine_1,2026-02-16 06:00:00+00:00,24,0.805807945467483,0.805807945467483,False,False,0.7651013024602026,9.6,4.5,2026-02-15 19:00:00+00:00,11.0,2026-01-31 23:00:00,2026-02-01T01:00:00+05:00,e46d74629bd710750db40d5e9d8f3eadbaa20ee486e416572c0d88f6ec77ad79,gfs_seamless,False
turbine_1,2026-02-16 07:00:00+00:00,24,0.8130153932002198,0.8130153932002198,False,False,0.7651013024602026,9.79,4.6,2026-02-15 19:00:00+00:00,12.0,2026-01-31 23:00:00,2026-02-01T01:00:00+05:00,e46d74629bd710750db40d5e9d8f3eadbaa20ee486e416572c0d88f6ec77ad79,gfs_seamless,False
turbine_1,2026-02-16 08:00:00+00:00,24,0.865807297468102,0.865807297468102,False,False,0.8301109660574413,10.15,5.2,2026-02-15 19:00:00+00:00,13.0,2026-01-31 23:00:00,2026-02-01T01:00:00+05:00,e46d74629bd710750db40d5e9d8f3eadbaa20ee486e416572c0d88f6ec77ad79,gfs_seamless,False
turbine_1,2026-02-16 09:00:00+00:00,24,0.9257202049132802,0.9257202049132802,False,False,0.8937111928104575,10.69,6.0,2026-02-15 19:00:00+00:00,14.0,2026-01-31 23:00:00,2026-02-01T01:00:00+05:00,e46d74629bd710750db40d5e9d8f3eadbaa20ee486e416572c0d88f6ec77ad79,gfs_seamless,False
turbine_1,2026-02-16 10:00:00+00:00,24,0.9385050016769476,0.9385050016769476,False,False,0.8937111928104575,10.89,6.3,2026-02-15 19:00:00+00:00,15.0,2026-01-31 23:00:00,2026-02-01T01:00:00+05:00,e46d74629bd710750db40d5e9d8f3eadbaa20ee486e416572c0d88f6ec77ad79,gfs_seamless,False
turbine_1,2026-02-16 11:00:00+00:00,24,0.9769111646339137,0.9769111646339137,False,False,0.9603525641025641,11.62,6.2,2026-02-15 19:00:00+00:00,16.0,2026-01-31 23:00:00,2026-02-01T01:00:00+05:00,e46d74629bd710750db40d5e9d8f3eadbaa20ee486e416572c0d88f6ec77ad79,gfs_seamless,False
turbine_1,2026-02-16 12:00:00+00:00,24,0.8984382586595296,0.8984382586595296,False,False,0.8301109660574413,10.42,4.9,2026-02-15 19:00:00+00:00,17.0,2026-01-31 23:00:00,2026-02-01T01:00:00+05:00,e46d74629bd710750db40d5e9d8f3eadbaa20ee486e416572c0d88f6ec77ad79,gfs_seamless,False
turbine_1,2026-02-16 13:00:00+00:00,24,0.9622962779957408,0.9622962779957408,False,False,0.9381677419354839,11.05,4.3,2026-02-15 19:00:00+00:00,18.0,2026-01-31 23:00:00,2026-02-01T01:00:00+05:00,e46d74629bd710750db40d5e9d8f3eadbaa20ee486e416572c0d88f6ec77ad79,gfs_seamless,False
turbine_1,2026-02-16 14:00:00+00:00,24,0.8341985067264773,0.8341985067264773,False,False,0.9583879781420764,12.3,4.1,2026-02-15 19:00:00+00:00,19.0,2026-01-31 23:00:00,2026-02-01T01:00:00+05:00,e46d74629bd710750db40d5e9d8f3eadbaa20ee486e416572c0d88f6ec77ad79,gfs_seamless,False
turbine_1,2026-02-16 15:00:00+00:00,24,0.9616619196911186,0.9616619196911186,False,False,0.9673371212121211,12.53,4.0,2026-02-15 19:00:00+00:00,20.0,2026-01-31 23:00:00,2026-02-01T01:00:00+05:00,e46d74629bd710750db40d5e9d8f3eadbaa20ee486e416572c0d88f6ec77ad79,gfs_seamless,False
turbine_1,2026-02-16 16:00:00+00:00,24,0.8454776184114917,0.8454776184114917,False,False,0.9583879781420764,12.3,3.6,2026-02-15 19:00:00+00:00,21.0,2026-01-31 23:00:00,2026-02-01T01:00:00+05:00,e46d74629bd710750db40d5e9d8f3eadbaa20ee486e416572c0d88f6ec77ad79,gfs_seamless,False
turbine_1,2026-02-16 17:00:00+00:00,24,0.9768863597847426,0.9768863597847426,False,False,0.9673371212121211,12.84,3.4,2026-02-15 19:00:00+00:00,22.0,2026-01-31 23:00:00,2026-02-01T01:00:00+05:00,e46d74629bd710750db40d5e9d8f3eadbaa20ee486e416572c0d88f6ec77ad79,gfs_seamless,False
turbine_1,2026-02-16 18:00:00+00:00,24,0.9948453950370864,0.9948453950370864,False,False,0.9672885572139301,14.27,4.2,2026-02-15 19:00:00+00:00,23.0,2026-01-31 23:00:00,2026-02-01T01:00:00+05:00,e46d74629bd710750db40d5e9d8f3eadbaa20ee486e416572c0d88f6ec77ad79,gfs_seamless,False
turbine_1,2026-02-16 19:00:00+00:00,24,0.995358701672528,0.995358701672528,False,False,0.9672885572139301,14.19,4.0,2026-02-15 19:00:00+00:00,24.0,2026-01-31 23:00:00,2026-02-01T01:00:00+05:00,e46d74629bd710750db40d5e9d8f3eadbaa20ee486e416572c0d88f6ec77ad79,gfs_seamless,False
turbine_1,2026-02-16 20:00:00+00:00,48,0.9864664668911967,0.9864664668911967,False,False,0.9673371212121211,12.84,3.1,2026-02-15 19:00:00+00:00,25.0,2026-01-31 23:00:00,2026-02-01T01:00:00+05:00,e46d74629bd710750db40d5e9d8f3eadbaa20ee486e416572c0d88f6ec77ad79,gfs_seamless,False
turbine_1,2026-02-16 21:00:00+00:00,48,0.9796454514900499,0.9796454514900499,False,False,0.9603525641025641,11.55,3.7,2026-02-15 19:00:00+00:00,26.0,2026-01-31 23:00:00,2026-02-01T01:00:00+05:00,e46d74629bd710750db40d5e9d8f3eadbaa20ee486e416572c0d88f6ec77ad79,gfs_seamless,False
turbine_1,2026-02-16 22:00:00+00:00,48,0.9394209105420428,0.9394209105420428,False,False,0.9583879781420764,12.11,2.9,2026-02-15 19:00:00+00:00,27.0,2026-01-31 23:00:00,2026-02-01T01:00:00+05:00,e46d74629bd710750db40d5e9d8f3eadbaa20ee486e416572c0d88f6ec77ad79,gfs_seamless,False
turbine_1,2026-02-16 23:00:00+00:00,48,0.977366950100725,0.977366950100725,False,False,0.9381677419354839,11.41,3.2,2026-02-15 19:00:00+00:00,28.0,2026-01-31 23:00:00,2026-02-01T01:00:00+05:00,e46d74629bd710750db40d5e9d8f3eadbaa20ee486e416572c0d88f6ec77ad79,gfs_seamless,False
turbine_1,2026-02-17 00:00:00+00:00,48,0.5709889234587998,0.5709889234587998,False,False,0.5480688448074679,8.16,3.1,2026-02-15 19:00:00+00:00,29.0,2026-01-31 23:00:00,2026-02-01T01:00:00+05:00,e46d74629bd710750db40d5e9d8f3eadbaa20ee486e416572c0d88f6ec77ad79,gfs_seamless,False
turbine_1,2026-02-17 01:00:00+00:00,48,0.28937793357439273,0.28937793357439273,False,False,0.3244547053649956,6.54,2.5,2026-02-15 19:00:00+00:00,30.0,2026-01-31 23:00:00,2026-02-01T01:00:00+05:00,e46d74629bd710750db40d5e9d8f3eadbaa20ee486e416572c0d88f6ec77ad79,gfs_seamless,False
turbine_1,2026-02-17 02:00:00+00:00,48,0.16196193211853901,0.16196193211853901,False,False,0.19472402597402597,5.66,2.4,2026-02-15 19:00:00+00:00,31.0,2026-01-31 23:00:00,2026-02-01T01:00:00+05:00,e46d74629bd710750db40d5e9d8f3eadbaa20ee486e416572c0d88f6ec77ad79,gfs_seamless,False
turbine_1,2026-02-17 03:00:00+00:00,48,0.17875853756307625,0.17875853756307625,False,False,0.19472402597402597,5.76,2.9,2026-02-15 19:00:00+00:00,32.0,2026-01-31 23:00:00,2026-02-01T01:00:00+05:00,e46d74629bd710750db40d5e9d8f3eadbaa20ee486e416572c0d88f6ec77ad79,gfs_seamless,False
turbine_1,2026-02-17 04:00:00+00:00,48,0.13575683784652787,0.13575683784652787,False,False,0.14868314676616917,5.32,3.2,2026-02-15 19:00:00+00:00,33.0,2026-01-31 23:00:00,2026-02-01T01:00:00+05:00,e46d74629bd710750db40d5e9d8f3eadbaa20ee486e416572c0d88f6ec77ad79,gfs_seamless,False
turbine_1,2026-02-17 05:00:00+00:00,48,0.3733763157855094,0.3733763157855094,False,False,0.3244547053649956,6.99,3.3,2026-02-15 19:00:00+00:00,34.0,2026-01-31 23:00:00,2026-02-01T01:00:00+05:00,e46d74629bd710750db40d5e9d8f3eadbaa20ee486e416572c0d88f6ec77ad79,gfs_seamless,False
turbine_1,2026-02-17 06:00:00+00:00,48,0.42231869096966224,0.42231869096966224,False,False,0.3981808278867102,7.44,7.2,2026-02-15 19:00:00+00:00,35.0,2026-01-31 23:00:00,2026-02-01T01:00:00+05:00,e46d74629bd710750db40d5e9d8f3eadbaa20ee486e416572c0d88f6ec77ad79,gfs_seamless,False
turbine_1,2026-02-17 07:00:00+00:00,48,0.4380253508038908,0.4380253508038908,False,False,0.47519897772909825,7.57,7.6,2026-02-15 19:00:00+00:00,36.0,2026-01-31 23:00:00,2026-02-01T01:00:00+05:00,e46d74629bd710750db40d5e9d8f3eadbaa20ee486e416572c0d88f6ec77ad79,gfs_seamless,False
turbine_1,2026-02-17 08:00:00+00:00,48,0.4059861878569634,0.4059861878569634,False,False,0.3981808278867102,7.34,8.5,2026-02-15 19:00:00+00:00,37.0,2026-01-31 23:00:00,2026-02-01T01:00:00+05:00,e46d74629bd710750db40d5e9d8f3eadbaa20ee486e416572c0d88f6ec77ad79,gfs_seamless,False
turbine_1,2026-02-17 09:00:00+00:00,48,0.35589007504965137,0.35589007504965137,False,False,0.3981808278867102,7.09,8.8,2026-02-15 19:00:00+00:00,38.0,2026-01-31 23:00:00,2026-02-01T01:00:00+05:00,e46d74629bd710750db40d5e9d8f3eadbaa20ee486e416572c0d88f6ec77ad79,gfs_seamless,False
turbine_1,2026-02-17 10:00:00+00:00,48,0.2718854055479486,0.2718854055479486,False,False,0.2560354184518709,6.46,8.8,2026-02-15 19:00:00+00:00,39.0,2026-01-31 23:00:00,2026-02-01T01:00:00+05:00,e46d74629bd710750db40d5e9d8f3eadbaa20ee486e416572c0d88f6ec77ad79,gfs_seamless,False
turbine_1,2026-02-17 11:00:00+00:00,48,0.25689474200206763,0.25689474200206763,False,False,0.2560354184518709,6.27,8.5,2026-02-15 19:00:00+00:00,40.0,2026-01-31 23:00:00,2026-02-01T01:00:00+05:00,e46d74629bd710750db40d5e9d8f3eadbaa20ee486e416572c0d88f6ec77ad79,gfs_seamless,False
turbine_1,2026-02-17 12:00:00+00:00,48,0.6139970692493272,0.6139970692493272,False,False,0.6267624521072798,8.6,7.9,2026-02-15 19:00:00+00:00,41.0,2026-01-31 23:00:00,2026-02-01T01:00:00+05:00,e46d74629bd710750db40d5e9d8f3eadbaa20ee486e416572c0d88f6ec77ad79,gfs_seamless,False
turbine_1,2026-02-17 13:00:00+00:00,48,0.671817524578511,0.671817524578511,False,False,0.6955416051206302,9.14,7.4,2026-02-15 19:00:00+00:00,42.0,2026-01-31 23:00:00,2026-02-01T01:00:00+05:00,e46d74629bd710750db40d5e9d8f3eadbaa20ee486e416572c0d88f6ec77ad79,gfs_seamless,False
turbine_1,2026-02-17 14:00:00+00:00,48,0.8896866760107286,0.8896866760107286,False,False,0.8301109660574413,10.29,7.4,2026-02-15 19:00:00+00:00,43.0,2026-01-31 23:00:00,2026-02-01T01:00:00+05:00,e46d74629bd710750db40d5e9d8f3eadbaa20ee486e416572c0d88f6ec77ad79,gfs_seamless,False
turbine_1,2026-02-17 15:00:00+00:00,48,0.9679254210651057,0.9679254210651057,False,False,0.9381677419354839,11.36,7.4,2026-02-15 19:00:00+00:00,44.0,2026-01-31 23:00:00,2026-02-01T01:00:00+05:00,e46d74629bd710750db40d5e9d8f3eadbaa20ee486e416572c0d88f6ec77ad79,gfs_seamless,False
turbine_1,2026-02-17 16:00:00+00:00,48,0.995554552998494,0.995554552998494,False,False,0.9583879781420764,12.17,7.3,2026-02-15 19:00:00+00:00,45.0,2026-01-31 23:00:00,2026-02-01T01:00:00+05:00,e46d74629bd710750db40d5e9d8f3eadbaa20ee486e416572c0d88f6ec77ad79,gfs_seamless,False
turbine_1,2026-02-17 17:00:00+00:00,48,0.9893636493524041,0.9893636493524041,False,False,0.9673371212121211,12.57,6.2,2026-02-15 19:00:00+00:00,46.0,2026-01-31 23:00:00,2026-02-01T01:00:00+05:00,e46d74629bd710750db40d5e9d8f3eadbaa20ee486e416572c0d88f6ec77ad79,gfs_seamless,False
turbine_1,2026-02-17 18:00:00+00:00,48,0.9663891690950616,0.9663891690950616,False,False,0.9673371212121211,12.66,5.4,2026-02-15 19:00:00+00:00,47.0,2026-01-31 23:00:00,2026-02-01T01:00:00+05:00,e46d74629bd710750db40d5e9d8f3eadbaa20ee486e416572c0d88f6ec77ad79,gfs_seamless,False
turbine_1,2026-02-17 19:00:00+00:00,48,0.9757659302560712,0.9757659302560712,False,False,0.9673371212121211,12.57,4.7,2026-02-15 19:00:00+00:00,48.0,2026-01-31 23:00:00,2026-02-01T01:00:00+05:00,e46d74629bd710750db40d5e9d8f3eadbaa20ee486e416572c0d88f6ec77ad79,gfs_seamless,False
turbine_2,2026-02-15 20:00:00+00:00,24,0.9732920469958606,0.9732920469958606,False,False,0.9574121315192744,12.47,3.2,2026-02-15 19:00:00+00:00,1.0,2026-01-31 23:00:00,2026-02-01T01:00:00+05:00,d05b3cae0b8e890efb085c68704c9fb8d2cbf736bedd6d6ce81594bf3efad63a,gfs_seamless,False
turbine_2,2026-02-15 21:00:00+00:00,24,0.9784849596331349,0.9784849596331349,False,False,0.9700600600600602,13.17,3.2,2026-02-15 19:00:00+00:00,2.0,2026-01-31 23:00:00,2026-02-01T01:00:00+05:00,d05b3cae0b8e890efb085c68704c9fb8d2cbf736bedd6d6ce81594bf3efad63a,gfs_seamless,False
turbine_2,2026-02-15 22:00:00+00:00,24,0.9778347394148563,0.9778347394148563,False,False,0.9633299798792756,12.76,2.9,2026-02-15 19:00:00+00:00,3.0,2026-01-31 23:00:00,2026-02-01T01:00:00+05:00,d05b3cae0b8e890efb085c68704c9fb8d2cbf736bedd6d6ce81594bf3efad63a,gfs_seamless,False
turbine_2,2026-02-15 23:00:00+00:00,24,0.9744195750178329,0.9744195750178329,False,False,0.9633299798792756,12.5,2.7,2026-02-15 19:00:00+00:00,4.0,2026-01-31 23:00:00,2026-02-01T01:00:00+05:00,d05b3cae0b8e890efb085c68704c9fb8d2cbf736bedd6d6ce81594bf3efad63a,gfs_seamless,False
turbine_2,2026-02-16 00:00:00+00:00,24,0.965251845118353,0.965251845118353,False,False,0.9518670076726343,11.56,2.9,2026-02-15 19:00:00+00:00,5.0,2026-01-31 23:00:00,2026-02-01T01:00:00+05:00,d05b3cae0b8e890efb085c68704c9fb8d2cbf736bedd6d6ce81594bf3efad63a,gfs_seamless,False
turbine_2,2026-02-16 01:00:00+00:00,24,0.9422564804264401,0.9422564804264401,False,False,0.8845606610237807,10.96,3.1,2026-02-15 19:00:00+00:00,6.0,2026-01-31 23:00:00,2026-02-01T01:00:00+05:00,d05b3cae0b8e890efb085c68704c9fb8d2cbf736bedd6d6ce81594bf3efad63a,gfs_seamless,False
turbine_2,2026-02-16 02:00:00+00:00,24,0.8202352579640849,0.8202352579640849,False,False,0.7536449275362319,9.96,2.9,2026-02-15 19:00:00+00:00,7.0,2026-01-31 23:00:00,2026-02-01T01:00:00+05:00,d05b3cae0b8e890efb085c68704c9fb8d2cbf736bedd6d6ce81594bf3efad63a,gfs_seamless,False
turbine_2,2026-02-16 03:00:00+00:00,24,0.7802686967839945,0.7802686967839945,False,False,0.7536449275362319,9.65,3.5,2026-02-15 19:00:00+00:00,8.0,2026-01-31 23:00:00,2026-02-01T01:00:00+05:00,d05b3cae0b8e890efb085c68704c9fb8d2cbf736bedd6d6ce81594bf3efad63a,gfs_seamless,False
turbine_2,2026-02-16 04:00:00+00:00,24,0.6758716357098834,0.6758716357098834,False,False,0.6742543244506779,9.18,4.0,2026-02-15 19:00:00+00:00,9.0,2026-01-31 23:00:00,2026-02-01T01:00:00+05:00,d05b3cae0b8e890efb085c68704c9fb8d2cbf736bedd6d6ce81594bf3efad63a,gfs_seamless,False
turbine_2,2026-02-16 05:00:00+00:00,24,0.7141263381911648,0.7141263381911648,False,False,0.7536449275362319,9.5,4.5,2026-02-15 19:00:00+00:00,10.0,2026-01-31 23:00:00,2026-02-01T01:00:00+05:00,d05b3cae0b8e890efb085c68704c9fb8d2cbf736bedd6d6ce81594bf3efad63a,gfs_seamless,False
turbine_2,2026-02-16 06:00:00+00:00,24,0.735915920901175,0.735915920901175,False,False,0.7536449275362319,9.6,4.5,2026-02-15 19:00:00+00:00,11.0,2026-01-31 23:00:00,2026-02-01T01:00:00+05:00,d05b3cae0b8e890efb085c68704c9fb8d2cbf736bedd6d6ce81594bf3efad63a,gfs_seamless,False
turbine_2,2026-02-16 07:00:00+00:00,24,0.7584785757849875,0.7584785757849875,False,False,0.7536449275362319,9.79,4.6,2026-02-15 19:00:00+00:00,12.0,2026-01-31 23:00:00,2026-02-01T01:00:00+05:00,d05b3cae0b8e890efb085c68704c9fb8d2cbf736bedd6d6ce81594bf3efad63a,gfs_seamless,False
turbine_2,2026-02-16 08:00:00+00:00,24,0.7896321473169583,0.7896321473169583,False,False,0.8240326184092941,10.15,5.2,2026-02-15 19:00:00+00:00,13.0,2026-01-31 23:00:00,2026-02-01T01:00:00+05:00,d05b3cae0b8e890efb085c68704c9fb8d2cbf736bedd6d6ce81594bf3efad63a,gfs_seamless,False
turbine_2,2026-02-16 09:00:00+00:00,24,0.922915235644381,0.922915235644381,False,False,0.8845606610237807,10.69,6.0,2026-02-15 19:00:00+00:00,14.0,2026-01-31 23:00:00,2026-02-01T01:00:00+05:00,d05b3cae0b8e890efb085c68704c9fb8d2cbf736bedd6d6ce81594bf3efad63a,gfs_seamless,False
turbine_2,2026-02-16 10:00:00+00:00,24,0.9413338359014216,0.9413338359014216,False,False,0.8845606610237807,10.89,6.3,2026-02-15 19:00:00+00:00,15.0,2026-01-31 23:00:00,2026-02-01T01:00:00+05:00,d05b3cae0b8e890efb085c68704c9fb8d2cbf736bedd6d6ce81594bf3efad63a,gfs_seamless,False
turbine_2,2026-02-16 11:00:00+00:00,24,0.963130536998953,0.963130536998953,False,False,0.9518670076726343,11.62,6.2,2026-02-15 19:00:00+00:00,16.0,2026-01-31 23:00:00,2026-02-01T01:00:00+05:00,d05b3cae0b8e890efb085c68704c9fb8d2cbf736bedd6d6ce81594bf3efad63a,gfs_seamless,False
turbine_2,2026-02-16 12:00:00+00:00,24,0.8776566179278451,0.8776566179278451,False,False,0.8240326184092941,10.42,4.9,2026-02-15 19:00:00+00:00,17.0,2026-01-31 23:00:00,2026-02-01T01:00:00+05:00,d05b3cae0b8e890efb085c68704c9fb8d2cbf736bedd6d6ce81594bf3efad63a,gfs_seamless,False
turbine_2,2026-02-16 13:00:00+00:00,24,0.9457186110191514,0.9457186110191514,False,False,0.9257415902140673,11.05,4.3,2026-02-15 19:00:00+00:00,18.0,2026-01-31 23:00:00,2026-02-01T01:00:00+05:00,d05b3cae0b8e890efb085c68704c9fb8d2cbf736bedd6d6ce81594bf3efad63a,gfs_seamless,False
turbine_2,2026-02-16 14:00:00+00:00,24,0.9720592118634992,0.9720592118634992,False,False,0.9574121315192744,12.3,4.1,2026-02-15 19:00:00+00:00,19.0,2026-01-31 23:00:00,2026-02-01T01:00:00+05:00,d05b3cae0b8e890efb085c68704c9fb8d2cbf736bedd6d6ce81594bf3efad63a,gfs_seamless,False
turbine_2,2026-02-16 15:00:00+00:00,24,0.9689577067365734,0.9689577067365734,False,False,0.9633299798792756,12.53,4.0,2026-02-15 19:00:00+00:00,20.0,2026-01-31 23:00:00,2026-02-01T01:00:00+05:00,d05b3cae0b8e890efb085c68704c9fb8d2cbf736bedd6d6ce81594bf3efad63a,gfs_seamless,False
turbine_2,2026-02-16 16:00:00+00:00,24,0.9720592118634992,0.9720592118634992,False,False,0.9574121315192744,12.3,3.6,2026-02-15 19:00:00+00:00,21.0,2026-01-31 23:00:00,2026-02-01T01:00:00+05:00,d05b3cae0b8e890efb085c68704c9fb8d2cbf736bedd6d6ce81594bf3efad63a,gfs_seamless,False
turbine_2,2026-02-16 17:00:00+00:00,24,0.9776969238547933,0.9776969238547933,False,False,0.9633299798792756,12.84,3.4,2026-02-15 19:00:00+00:00,22.0,2026-01-31 23:00:00,2026-02-01T01:00:00+05:00,d05b3cae0b8e890efb085c68704c9fb8d2cbf736bedd6d6ce81594bf3efad63a,gfs_seamless,False
turbine_2,2026-02-16 18:00:00+00:00,24,0.9781071645914281,0.9781071645914281,False,False,0.9603782505910166,14.27,4.2,2026-02-15 19:00:00+00:00,23.0,2026-01-31 23:00:00,2026-02-01T01:00:00+05:00,d05b3cae0b8e890efb085c68704c9fb8d2cbf736bedd6d6ce81594bf3efad63a,gfs_seamless,False
turbine_2,2026-02-16 19:00:00+00:00,24,0.9781071645914281,0.9781071645914281,False,False,0.9603782505910166,14.19,4.0,2026-02-15 19:00:00+00:00,24.0,2026-01-31 23:00:00,2026-02-01T01:00:00+05:00,d05b3cae0b8e890efb085c68704c9fb8d2cbf736bedd6d6ce81594bf3efad63a,gfs_seamless,False
turbine_2,2026-02-16 20:00:00+00:00,48,0.976293784852285,0.976293784852285,False,False,0.9633299798792756,12.84,3.1,2026-02-15 19:00:00+00:00,25.0,2026-01-31 23:00:00,2026-02-01T01:00:00+05:00,d05b3cae0b8e890efb085c68704c9fb8d2cbf736bedd6d6ce81594bf3efad63a,gfs_seamless,False
turbine_2,2026-02-16 21:00:00+00:00,48,0.9668922106714202,0.9668922106714202,False,False,0.9518670076726343,11.55,3.7,2026-02-15 19:00:00+00:00,26.0,2026-01-31 23:00:00,2026-02-01T01:00:00+05:00,d05b3cae0b8e890efb085c68704c9fb8d2cbf736bedd6d6ce81594bf3efad63a,gfs_seamless,False
turbine_2,2026-02-16 22:00:00+00:00,48,0.9246650047040378,0.9246650047040378,False,False,0.9574121315192744,12.11,2.9,2026-02-15 19:00:00+00:00,27.0,2026-01-31 23:00:00,2026-02-01T01:00:00+05:00,d05b3cae0b8e890efb085c68704c9fb8d2cbf736bedd6d6ce81594bf3efad63a,gfs_seamless,False
turbine_2,2026-02-16 23:00:00+00:00,48,0.9592097026372175,0.9592097026372175,False,False,0.9257415902140673,11.41,3.2,2026-02-15 19:00:00+00:00,28.0,2026-01-31 23:00:00,2026-02-01T01:00:00+05:00,d05b3cae0b8e890efb085c68704c9fb8d2cbf736bedd6d6ce81594bf3efad63a,gfs_seamless,False
turbine_2,2026-02-17 00:00:00+00:00,48,0.5318154069599101,0.5318154069599101,False,False,0.5334922575387123,8.16,3.1,2026-02-15 19:00:00+00:00,29.0,2026-01-31 23:00:00,2026-02-01T01:00:00+05:00,d05b3cae0b8e890efb085c68704c9fb8d2cbf736bedd6d6ce81594bf3efad63a,gfs_seamless,False
turbine_2,2026-02-17 01:00:00+00:00,48,0.2521162197922173,0.2521162197922173,False,False,0.3134483750359506,6.54,2.5,2026-02-15 19:00:00+00:00,30.0,2026-01-31 23:00:00,2026-02-01T01:00:00+05:00,d05b3cae0b8e890efb085c68704c9fb8d2cbf736bedd6d6ce81594bf3efad63a,gfs_seamless,False
turbine_2,2026-02-17 02:00:00+00:00,48,0.1505638490400366,0.1505638490400366,False,False,0.18799815254684613,5.66,2.4,2026-02-15 19:00:00+00:00,31.0,2026-01-31 23:00:00,2026-02-01T01:00:00+05:00,d05b3cae0b8e890efb085c68704c9fb8d2cbf736bedd6d6ce81594bf3efad63a,gfs_seamless,False
turbine_2,2026-02-17 03:00:00+00:00,48,0.1635718660960295,0.1635718660960295,False,False,0.18799815254684613,5.76,2.9,2026-02-15 19:00:00+00:00,32.0,2026-01-31 23:00:00,2026-02-01T01:00:00+05:00,d05b3cae0b8e890efb085c68704c9fb8d2cbf736bedd6d6ce81594bf3efad63a,gfs_seamless,False
turbine_2,2026-02-17 04:00:00+00:00,48,0.11467982234068061,0.11467982234068061,False,False,0.14257562144354596,5.32,3.2,2026-02-15 19:00:00+00:00,33.0,2026-01-31 23:00:00,2026-02-01T01:00:00+05:00,d05b3cae0b8e890efb085c68704c9fb8d2cbf736bedd6d6ce81594bf3efad63a,gfs_seamless,False
turbine_2,2026-02-17 05:00:00+00:00,48,0.34363008168888953,0.34363008168888953,False,False,0.3134483750359506,6.99,3.3,2026-02-15 19:00:00+00:00,34.0,2026-01-31 23:00:00,2026-02-01T01:00:00+05:00,d05b3cae0b8e890efb085c68704c9fb8d2cbf736bedd6d6ce81594bf3efad63a,gfs_seamless,False
turbine_2,2026-02-17 06:00:00+00:00,48,0.427117091609912,0.427117091609912,False,False,0.3872421383647799,7.44,7.2,2026-02-15 19:00:00+00:00,35.0,2026-01-31 23:00:00,2026-02-01T01:00:00+05:00,d05b3cae0b8e890efb085c68704c9fb8d2cbf736bedd6d6ce81594bf3efad63a,gfs_seamless,False
turbine_2,2026-02-17 07:00:00+00:00,48,0.439645771933392,0.439645771933392,False,False,0.45997253690353584,7.57,7.6,2026-02-15 19:00:00+00:00,36.0,2026-01-31 23:00:00,2026-02-01T01:00:00+05:00,d05b3cae0b8e890efb085c68704c9fb8d2cbf736bedd6d6ce81594bf3efad63a,gfs_seamless,False
turbine_2,2026-02-17 08:00:00+00:00,48,0.41276915835284733,0.41276915835284733,False,False,0.3872421383647799,7.34,8.5,2026-02-15 19:00:00+00:00,37.0,2026-01-31 23:00:00,2026-02-01T01:00:00+05:00,d05b3cae0b8e890efb085c68704c9fb8d2cbf736bedd6d6ce81594bf3efad63a,gfs_seamless,False
turbine_2,2026-02-17 09:00:00+00:00,48,0.37105398711104565,0.37105398711104565,False,False,0.3872421383647799,7.09,8.8,2026-02-15 19:00:00+00:00,38.0,2026-01-31 23:00:00,2026-02-01T01:00:00+05:00,d05b3cae0b8e890efb085c68704c9fb8d2cbf736bedd6d6ce81594bf3efad63a,gfs_seamless,False
turbine_2,2026-02-17 10:00:00+00:00,48,0.2813605454245517,0.2813605454245517,False,False,0.24514071038251364,6.46,8.8,2026-02-15 19:00:00+00:00,39.0,2026-01-31 23:00:00,2026-02-01T01:00:00+05:00,d05b3cae0b8e890efb085c68704c9fb8d2cbf736bedd6d6ce81594bf3efad63a,gfs_seamless,False
turbine_2,2026-02-17 11:00:00+00:00,48,0.253907263202302,0.253907263202302,False,False,0.24514071038251364,6.27,8.5,2026-02-15 19:00:00+00:00,40.0,2026-01-31 23:00:00,2026-02-01T01:00:00+05:00,d05b3cae0b8e890efb085c68704c9fb8d2cbf736bedd6d6ce81594bf3efad63a,gfs_seamless,False
turbine_2,2026-02-17 12:00:00+00:00,48,0.6001163671237008,0.6001163671237008,False,False,0.6162610815602837,8.6,7.9,2026-02-15 19:00:00+00:00,41.0,2026-01-31 23:00:00,2026-02-01T01:00:00+05:00,d05b3cae0b8e890efb085c68704c9fb8d2cbf736bedd6d6ce81594bf3efad63a,gfs_seamless,False
turbine_2,2026-02-17 13:00:00+00:00,48,0.6827375401085433,0.6827375401085433,False,False,0.6742543244506779,9.14,7.4,2026-02-15 19:00:00+00:00,42.0,2026-01-31 23:00:00,2026-02-01T01:00:00+05:00,d05b3cae0b8e890efb085c68704c9fb8d2cbf736bedd6d6ce81594bf3efad63a,gfs_seamless,False
turbine_2,2026-02-17 14:00:00+00:00,48,0.8583955632466278,0.8583955632466278,False,False,0.8240326184092941,10.29,7.4,2026-02-15 19:00:00+00:00,43.0,2026-01-31 23:00:00,2026-02-01T01:00:00+05:00,d05b3cae0b8e890efb085c68704c9fb8d2cbf736bedd6d6ce81594bf3efad63a,gfs_seamless,False
turbine_2,2026-02-17 15:00:00+00:00,48,0.9503203152349302,0.9503203152349302,False,False,0.9257415902140673,11.36,7.4,2026-02-15 19:00:00+00:00,44.0,2026-01-31 23:00:00,2026-02-01T01:00:00+05:00,d05b3cae0b8e890efb085c68704c9fb8d2cbf736bedd6d6ce81594bf3efad63a,gfs_seamless,False
turbine_2,2026-02-17 16:00:00+00:00,48,0.9526525042383862,0.9526525042383862,False,False,0.9574121315192744,12.17,7.3,2026-02-15 19:00:00+00:00,45.0,2026-01-31 23:00:00,2026-02-01T01:00:00+05:00,d05b3cae0b8e890efb085c68704c9fb8d2cbf736bedd6d6ce81594bf3efad63a,gfs_seamless,False
turbine_2,2026-02-17 17:00:00+00:00,48,0.9408685148611725,0.9408685148611725,False,False,0.9633299798792756,12.57,6.2,2026-02-15 19:00:00+00:00,46.0,2026-01-31 23:00:00,2026-02-01T01:00:00+05:00,d05b3cae0b8e890efb085c68704c9fb8d2cbf736bedd6d6ce81594bf3efad63a,gfs_seamless,False
turbine_2,2026-02-17 18:00:00+00:00,48,0.9606624063733343,0.9606624063733343,False,False,0.9633299798792756,12.66,5.4,2026-02-15 19:00:00+00:00,47.0,2026-01-31 23:00:00,2026-02-01T01:00:00+05:00,d05b3cae0b8e890efb085c68704c9fb8d2cbf736bedd6d6ce81594bf3efad63a,gfs_seamless,False
turbine_2,2026-02-17 19:00:00+00:00,48,0.9687953955824162,0.9687953955824162,False,False,0.9633299798792756,12.57,4.7,2026-02-15 19:00:00+00:00,48.0,2026-01-31 23:00:00,2026-02-01T01:00:00+05:00,d05b3cae0b8e890efb085c68704c9fb8d2cbf736bedd6d6ce81594bf3efad63a,gfs_seamless,False
turbine_1,2026-02-16 20:00:00+00:00,24,1.0002418343731245,0.9983333333333334,True,False,0.9661001642036123,13.87,3.8,2026-02-16 19:00:00+00:00,1.0,2026-01-31 23:00:00,2026-02-01T01:00:00+05:00,e46d74629bd710750db40d5e9d8f3eadbaa20ee486e416572c0d88f6ec77ad79,gfs_seamless,False
turbine_1,2026-02-16 21:00:00+00:00,24,0.9529792723774788,0.9529792723774788,False,False,0.9673371212121211,12.61,3.7,2026-02-16 19:00:00+00:00,2.0,2026-01-31 23:00:00,2026-02-01T01:00:00+05:00,e46d74629bd710750db40d5e9d8f3eadbaa20ee486e416572c0d88f6ec77ad79,gfs_seamless,False
turbine_1,2026-02-16 22:00:00+00:00,24,0.9762509066280284,0.9762509066280284,False,False,0.9603525641025641,11.68,3.3,2026-02-16 19:00:00+00:00,3.0,2026-01-31 23:00:00,2026-02-01T01:00:00+05:00,e46d74629bd710750db40d5e9d8f3eadbaa20ee486e416572c0d88f6ec77ad79,gfs_seamless,False
turbine_1,2026-02-16 23:00:00+00:00,24,0.8984819219700593,0.8984819219700593,False,False,0.8937111928104575,10.5,3.4,2026-02-16 19:00:00+00:00,4.0,2026-01-31 23:00:00,2026-02-01T01:00:00+05:00,e46d74629bd710750db40d5e9d8f3eadbaa20ee486e416572c0d88f6ec77ad79,gfs_seamless,False
turbine_1,2026-02-17 00:00:00+00:00,24,0.728002522964236,0.728002522964236,False,False,0.6955416051206302,9.22,4.1,2026-02-16 19:00:00+00:00,5.0,2026-01-31 23:00:00,2026-02-01T01:00:00+05:00,e46d74629bd710750db40d5e9d8f3eadbaa20ee486e416572c0d88f6ec77ad79,gfs_seamless,False
turbine_1,2026-02-17 01:00:00+00:00,24,0.6472648432671806,0.6472648432671806,False,False,0.6267624521072798,8.68,4.0,2026-02-16 19:00:00+00:00,6.0,2026-01-31 23:00:00,2026-02-01T01:00:00+05:00,e46d74629bd710750db40d5e9d8f3eadbaa20ee486e416572c0d88f6ec77ad79,gfs_seamless,False
turbine_1,2026-02-17 02:00:00+00:00,24,0.5186463704845427,0.5186463704845427,False,False,0.47519897772909825,7.79,4.4,2026-02-16 19:00:00+00:00,7.0,2026-01-31 23:00:00,2026-02-01T01:00:00+05:00,e46d74629bd710750db40d5e9d8f3eadbaa20ee486e416572c0d88f6ec77ad79,gfs_seamless,False
turbine_1,2026-02-17 03:00:00+00:00,24,0.3742965423345203,0.3742965423345203,False,False,0.3981808278867102,7.03,4.9,2026-02-16 19:00:00+00:00,8.0,2026-01-31 23:00:00,2026-02-01T01:00:00+05:00,e46d74629bd710750db40d5e9d8f3eadbaa20ee486e416572c0d88f6ec77ad79,gfs_seamless,False
turbine_1,2026-02-17 04:00:00+00:00,24,0.4353217395592199,0.4353217395592199,False,False,0.3981808278867102,7.42,4.7,2026-02-16 19:00:00+00:00,9.0,2026-01-31 23:00:00,2026-02-01T01:00:00+05:00,e46d74629bd710750db40d5e9d8f3eadbaa20ee486e416572c0d88f6ec77ad79,gfs_seamless,False
turbine_1,2026-02-17 05:00:00+00:00,24,0.37377908699965756,0.37377908699965756,False,False,0.3981808278867102,7.05,4.0,2026-02-16 19:00:00+00:00,10.0,2026-01-31 23:00:00,2026-02-01T01:00:00+05:00,e46d74629bd710750db40d5e9d8f3eadbaa20ee486e416572c0d88f6ec77ad79,gfs_seamless,False
turbine_1,2026-02-17 06:00:00+00:00,24,0.32852416530406975,0.32852416530406975,False,False,0.3244547053649956,6.71,5.3,2026-02-16 19:00:00+00:00,11.0,2026-01-31 23:00:00,2026-02-01T01:00:00+05:00,e46d74629bd710750db40d5e9d8f3eadbaa20ee486e416572c0d88f6ec77ad79,gfs_seamless,False
turbine_1,2026-02-17 07:00:00+00:00,24,0.24851738532505385,0.24851738532505385,False,False,0.2560354184518709,6.12,5.6,2026-02-16 19:00:00+00:00,12.0,2026-01-31 23:00:00,2026-02-01T01:00:00+05:00,e46d74629bd710750db40d5e9d8f3eadbaa20ee486e416572c0d88f6ec77ad79,gfs_seamless,False
turbine_1,2026-02-17 08:00:00+00:00,24,0.4316206983165692,0.4316206983165692,False,False,0.3981808278867102,7.38,5.2,2026-02-16 19:00:00+00:00,13.0,2026-01-31 23:00:00,2026-02-01T01:00:00+05:00,e46d74629bd710750db40d5e9d8f3eadbaa20ee486e416572c0d88f6ec77ad79,gfs_seamless,False
turbine_1,2026-02-17 09:00:00+00:00,24,0.5574949741226035,0.5574949741226035,False,False,0.5480688448074679,8.28,5.9,2026-02-16 19:00:00+00:00,14.0,2026-01-31 23:00:00,2026-02-01T01:00:00+05:00,e46d74629bd710750db40d5e9d8f3eadbaa20ee486e416572c0d88f6ec77ad79,gfs_seamless,False
turbine_1,2026-02-17 10:00:00+00:00,24,0.6910946670992302,0.6910946670992302,False,False,0.6955416051206302,9.05,6.5,2026-02-16 19:00:00+00:00,15.0,2026-01-31 23:00:00,2026-02-01T01:00:00+05:00,e46d74629bd710750db40d5e9d8f3eadbaa20ee486e416572c0d88f6ec77ad79,gfs_seamless,False
turbine_1,2026-02-17 11:00:00+00:00,24,0.8072681224546779,0.8072681224546779,False,False,0.7651013024602026,9.79,6.6,2026-02-16 19:00:00+00:00,16.0,2026-01-31 23:00:00,2026-02-01T01:00:00+05:00,e46d74629bd710750db40d5e9d8f3eadbaa20ee486e416572c0d88f6ec77ad79,gfs_seamless,False
turbine_1,2026-02-17 12:00:00+00:00,24,0.864597967572222,0.864597967572222,False,False,0.8301109660574413,10.12,6.1,2026-02-16 19:00:00+00:00,17.0,2026-01-31 23:00:00,2026-02-01T01:00:00+05:00,e46d74629bd710750db40d5e9d8f3eadbaa20ee486e416572c0d88f6ec77ad79,gfs_seamless,False
turbine_1,2026-02-17 13:00:00+00:00,24,0.9769111646339137,0.9769111646339137,False,False,0.9603525641025641,11.59,5.8,2026-02-16 19:00:00+00:00,18.0,2026-01-31 23:00:00,2026-02-01T01:00:00+05:00,e46d74629bd710750db40d5e9d8f3eadbaa20ee486e416572c0d88f6ec77ad79,gfs_seamless,False
turbine_1,2026-02-17 14:00:00+00:00,24,0.98425508007291,0.98425508007291,False,False,0.9673371212121211,12.66,5.8,2026-02-16 19:00:00+00:00,19.0,2026-01-31 23:00:00,2026-02-01T01:00:00+05:00,e46d74629bd710750db40d5e9d8f3eadbaa20ee486e416572c0d88f6ec77ad79,gfs_seamless,False
turbine_1,2026-02-17 15:00:00+00:00,24,0.9891667219264642,0.9891667219264642,False,False,0.9761353467561521,13.42,6.0,2026-02-16 19:00:00+00:00,20.0,2026-01-31 23:00:00,2026-02-01T01:00:00+05:00,e46d74629bd710750db40d5e9d8f3eadbaa20ee486e416572c0d88f6ec77ad79,gfs_seamless,False
turbine_1,2026-02-17 16:00:00+00:00,24,0.973967374705882,0.973967374705882,False,False,0.9672885572139301,14.09,5.7,2026-02-16 19:00:00+00:00,21.0,2026-01-31 23:00:00,2026-02-01T01:00:00+05:00,e46d74629bd710750db40d5e9d8f3eadbaa20ee486e416572c0d88f6ec77ad79,gfs_seamless,False
turbine_1,2026-02-17 17:00:00+00:00,24,0.9984896784660413,0.9983333333333334,True,False,0.9761353467561521,13.24,5.9,2026-02-16 19:00:00+00:00,22.0,2026-01-31 23:00:00,2026-02-01T01:00:00+05:00,e46d74629bd710750db40d5e9d8f3eadbaa20ee486e416572c0d88f6ec77ad79,gfs_seamless,False
turbine_1,2026-02-17 18:00:00+00:00,24,0.9927885260038671,0.9927885260038671,False,False,0.9761353467561521,13.12,4.0,2026-02-16 19:00:00+00:00,23.0,2026-01-31 23:00:00,2026-02-01T01:00:00+05:00,e46d74629bd710750db40d5e9d8f3eadbaa20ee486e416572c0d88f6ec77ad79,gfs_seamless,False
turbine_1,2026-02-17 19:00:00+00:00,24,0.9945532298931894,0.9945532298931894,False,False,0.9761353467561521,13.04,3.8,2026-02-16 19:00:00+00:00,24.0,2026-01-31 23:00:00,2026-02-01T01:00:00+05:00,e46d74629bd710750db40d5e9d8f3eadbaa20ee486e416572c0d88f6ec77ad79,gfs_seamless,False
turbine_1,2026-02-17 20:00:00+00:00,48,0.9451176186554052,0.9451176186554052,False,False,0.9673371212121211,12.63,4.1,2026-02-16 19:00:00+00:00,25.0,2026-01-31 23:00:00,2026-02-01T01:00:00+05:00,e46d74629bd710750db40d5e9d8f3eadbaa20ee486e416572c0d88f6ec77ad79,gfs_seamless,False
turbine_1,2026-02-17 21:00:00+00:00,48,0.9957731323151665,0.9957731323151665,False,False,0.9673371212121211,12.85,3.8,2026-02-16 19:00:00+00:00,26.0,2026-01-31 23:00:00,2026-02-01T01:00:00+05:00,e46d74629bd710750db40d5e9d8f3eadbaa20ee486e416572c0d88f6ec77ad79,gfs_seamless,False
turbine_1,2026-02-17 22:00:00+00:00,48,0.9763081107060264,0.9763081107060264,False,False,0.9583879781420764,12.35,3.6,2026-02-16 19:00:00+00:00,27.0,2026-01-31 23:00:00,2026-02-01T01:00:00+05:00,e46d74629bd710750db40d5e9d8f3eadbaa20ee486e416572c0d88f6ec77ad79,gfs_seamless,False
turbine_1,2026-02-17 23:00:00+00:00,48,0.9427980187241848,0.9427980187241848,False,False,0.9673371212121211,12.79,3.2,2026-02-16 19:00:00+00:00,28.0,2026-01-31 23:00:00,2026-02-01T01:00:00+05:00,e46d74629bd710750db40d5e9d8f3eadbaa20ee486e416572c0d88f6ec77ad79,gfs_seamless,False
turbine_1,2026-02-18 00:00:00+00:00,48,0.9663273105150758,0.9663273105150758,False,False,0.9673371212121211,12.79,2.8,2026-02-16 19:00:00+00:00,29.0,2026-01-31 23:00:00,2026-02-01T01:00:00+05:00,e46d74629bd710750db40d5e9d8f3eadbaa20ee486e416572c0d88f6ec77ad79,gfs_seamless,False
turbine_1,2026-02-18 01:00:00+00:00,48,0.9465136326608985,0.9465136326608985,False,False,0.9583879781420764,12.35,3.1,2026-02-16 19:00:00+00:00,30.0,2026-01-31 23:00:00,2026-02-01T01:00:00+05:00,e46d74629bd710750db40d5e9d8f3eadbaa20ee486e416572c0d88f6ec77ad79,gfs_seamless,False
turbine_1,2026-02-18 02:00:00+00:00,48,0.9983803159292134,0.9983333333333334,True,False,0.9673371212121211,12.95,2.6,2026-02-16 19:00:00+00:00,31.0,2026-01-31 23:00:00,2026-02-01T01:00:00+05:00,e46d74629bd710750db40d5e9d8f3eadbaa20ee486e416572c0d88f6ec77ad79,gfs_seamless,False
turbine_1,2026-02-18 03:00:00+00:00,48,0.9766764704018567,0.9766764704018567,False,False,0.9583879781420764,12.01,4.4,2026-02-16 19:00:00+00:00,32.0,2026-01-31 23:00:00,2026-02-01T01:00:00+05:00,e46d74629bd710750db40d5e9d8f3eadbaa20ee486e416572c0d88f6ec77ad79,gfs_seamless,False
turbine_1,2026-02-18 04:00:00+00:00,48,0.9831500040785074,0.9831500040785074,False,False,0.9583879781420764,12.42,6.7,2026-02-16 19:00:00+00:00,33.0,2026-01-31 23:00:00,2026-02-01T01:00:00+05:00,e46d74629bd710750db40d5e9d8f3eadbaa20ee486e416572c0d88f6ec77ad79,gfs_seamless,False
turbine_1,2026-02-18 05:00:00+00:00,48,0.9850557382125267,0.9850557382125267,False,False,0.9661001642036123,13.64,9.4,2026-02-16 19:00:00+00:00,34.0,2026-01-31 23:00:00,2026-02-01T01:00:00+05:00,e46d74629bd710750db40d5e9d8f3eadbaa20ee486e416572c0d88f6ec77ad79,gfs_seamless,False
turbine_1,2026-02-18 06:00:00+00:00,48,0.9619406132027253,0.9619406132027253,False,False,0.9661001642036123,13.89,11.3,2026-02-16 19:00:00+00:00,35.0,2026-01-31 23:00:00,2026-02-01T01:00:00+05:00,e46d74629bd710750db40d5e9d8f3eadbaa20ee486e416572c0d88f6ec77ad79,gfs_seamless,False
turbine_1,2026-02-18 07:00:00+00:00,48,0.9394234649629324,0.9394234649629324,False,False,0.9661001642036123,13.6,12.4,2026-02-16 19:00:00+00:00,36.0,2026-01-31 23:00:00,2026-02-01T01:00:00+05:00,e46d74629bd710750db40d5e9d8f3eadbaa20ee486e416572c0d88f6ec77ad79,gfs_seamless,False
turbine_1,2026-02-18 08:00:00+00:00,48,0.9917137726952201,0.9917137726952201,False,False,0.9661001642036123,13.68,13.5,2026-02-16 19:00:00+00:00,37.0,2026-01-31 23:00:00,2026-02-01T01:00:00+05:00,e46d74629bd710750db40d5e9d8f3eadbaa20ee486e416572c0d88f6ec77ad79,gfs_seamless,False
turbine_1,2026-02-18 09:00:00+00:00,48,0.9917137726952201,0.9917137726952201,False,False,0.9661001642036123,13.64,13.6,2026-02-16 19:00:00+00:00,38.0,2026-01-31 23:00:00,2026-02-01T01:00:00+05:00,e46d74629bd710750db40d5e9d8f3eadbaa20ee486e416572c0d88f6ec77ad79,gfs_seamless,False
turbine_1,2026-02-18 10:00:00+00:00,48,0.9931379521212449,0.9931379521212449,False,False,0.9661001642036123,13.6,13.4,2026-02-16 19:00:00+00:00,39.0,2026-01-31 23:00:00,2026-02-01T01:00:00+05:00,e46d74629bd710750db40d5e9d8f3eadbaa20ee486e416572c0d88f6ec77ad79,gfs_seamless,False
turbine_1,2026-02-18 11:00:00+00:00,48,0.9105953574396327,0.9105953574396327,False,False,0.9661001642036123,13.67,12.5,2026-02-16 19:00:00+00:00,40.0,2026-01-31 23:00:00,2026-02-01T01:00:00+05:00,e46d74629bd710750db40d5e9d8f3eadbaa20ee486e416572c0d88f6ec77ad79,gfs_seamless,False
turbine_1,2026-02-18 12:00:00+00:00,48,0.9653049496365902,0.9653049496365902,False,False,0.9661001642036123,13.98,10.7,2026-02-16 19:00:00+00:00,41.0,2026-01-31 23:00:00,2026-02-01T01:00:00+05:00,e46d74629bd710750db40d5e9d8f3eadbaa20ee486e416572c0d88f6ec77ad79,gfs_seamless,False
turbine_1,2026-02-18 13:00:00+00:00,48,0.9778024463878231,0.9778024463878231,False,False,0.9603525641025641,11.94,9.4,2026-02-16 19:00:00+00:00,42.0,2026-01-31 23:00:00,2026-02-01T01:00:00+05:00,e46d74629bd710750db40d5e9d8f3eadbaa20ee486e416572c0d88f6ec77ad79,gfs_seamless,False
turbine_1,2026-02-18 14:00:00+00:00,48,0.9707385756774181,0.9707385756774181,False,False,0.9603525641025641,11.99,8.7,2026-02-16 19:00:00+00:00,43.0,2026-01-31 23:00:00,2026-02-01T01:00:00+05:00,e46d74629bd710750db40d5e9d8f3eadbaa20ee486e416572c0d88f6ec77ad79,gfs_seamless,False
turbine_1,2026-02-18 15:00:00+00:00,48,0.9711554284759035,0.9711554284759035,False,False,0.9603525641025641,11.55,8.2,2026-02-16 19:00:00+00:00,44.0,2026-01-31 23:00:00,2026-02-01T01:00:00+05:00,e46d74629bd710750db40d5e9d8f3eadbaa20ee486e416572c0d88f6ec77ad79,gfs_seamless,False
turbine_1,2026-02-18 16:00:00+00:00,48,0.9711027108871935,0.9711027108871935,False,False,0.9603525641025641,11.77,7.7,2026-02-16 19:00:00+00:00,45.0,2026-01-31 23:00:00,2026-02-01T01:00:00+05:00,e46d74629bd710750db40d5e9d8f3eadbaa20ee486e416572c0d88f6ec77ad79,gfs_seamless,False
turbine_1,2026-02-18 17:00:00+00:00,48,0.9698646444085002,0.9698646444085002,False,False,0.9603525641025641,11.77,7.1,2026-02-16 19:00:00+00:00,46.0,2026-01-31 23:00:00,2026-02-01T01:00:00+05:00,e46d74629bd710750db40d5e9d8f3eadbaa20ee486e416572c0d88f6ec77ad79,gfs_seamless,False
turbine_1,2026-02-18 18:00:00+00:00,48,0.9852962444290743,0.9852962444290743,False,False,0.9583879781420764,12.12,7.1,2026-02-16 19:00:00+00:00,47.0,2026-01-31 23:00:00,2026-02-01T01:00:00+05:00,e46d74629bd710750db40d5e9d8f3eadbaa20ee486e416572c0d88f6ec77ad79,gfs_seamless,False
turbine_1,2026-02-18 19:00:00+00:00,48,0.9853969307353277,0.9853969307353277,False,False,0.9673371212121211,12.66,6.6,2026-02-16 19:00:00+00:00,48.0,2026-01-31 23:00:00,2026-02-01T01:00:00+05:00,e46d74629bd710750db40d5e9d8f3eadbaa20ee486e416572c0d88f6ec77ad79,gfs_seamless,False
turbine_2,2026-02-16 20:00:00+00:00,24,0.9704796255330636,0.9704796255330636,False,False,0.9598799435028249,13.87,3.8,2026-02-16 19:00:00+00:00,1.0,2026-01-31 23:00:00,2026-02-01T01:00:00+05:00,d05b3cae0b8e890efb085c68704c9fb8d2cbf736bedd6d6ce81594bf3efad63a,gfs_seamless,False
turbine_2,2026-02-16 21:00:00+00:00,24,0.9689577067365734,0.9689577067365734,False,False,0.9633299798792756,12.61,3.7,2026-02-16 19:00:00+00:00,2.0,2026-01-31 23:00:00,2026-02-01T01:00:00+05:00,d05b3cae0b8e890efb085c68704c9fb8d2cbf736bedd6d6ce81594bf3efad63a,gfs_seamless,False
turbine_2,2026-02-16 22:00:00+00:00,24,0.9684747896655304,0.9684747896655304,False,False,0.9518670076726343,11.68,3.3,2026-02-16 19:00:00+00:00,3.0,2026-01-31 23:00:00,2026-02-01T01:00:00+05:00,d05b3cae0b8e890efb085c68704c9fb8d2cbf736bedd6d6ce81594bf3efad63a,gfs_seamless,False
turbine_2,2026-02-16 23:00:00+00:00,24,0.8875430741056768,0.8875430741056768,False,False,0.8845606610237807,10.5,3.4,2026-02-16 19:00:00+00:00,4.0,2026-01-31 23:00:00,2026-02-01T01:00:00+05:00,d05b3cae0b8e890efb085c68704c9fb8d2cbf736bedd6d6ce81594bf3efad63a,gfs_seamless,False
turbine_2,2026-02-17 00:00:00+00:00,24,0.6824285175733,0.6824285175733,False,False,0.6742543244506779,9.22,4.1,2026-02-16 19:00:00+00:00,5.0,2026-01-31 23:00:00,2026-02-01T01:00:00+05:00,d05b3cae0b8e890efb085c68704c9fb8d2cbf736bedd6d6ce81594bf3efad63a,gfs_seamless,False
turbine_2,2026-02-17 01:00:00+00:00,24,0.6160291305793956,0.6160291305793956,False,False,0.6162610815602837,8.68,4.0,2026-02-16 19:00:00+00:00,6.0,2026-01-31 23:00:00,2026-02-01T01:00:00+05:00,d05b3cae0b8e890efb085c68704c9fb8d2cbf736bedd6d6ce81594bf3efad63a,gfs_seamless,False
turbine_2,2026-02-17 02:00:00+00:00,24,0.42100751069669773,0.42100751069669773,False,False,0.45997253690353584,7.79,4.4,2026-02-16 19:00:00+00:00,7.0,2026-01-31 23:00:00,2026-02-01T01:00:00+05:00,d05b3cae0b8e890efb085c68704c9fb8d2cbf736bedd6d6ce81594bf3efad63a,gfs_seamless,False
turbine_2,2026-02-17 03:00:00+00:00,24,0.3563667768016705,0.3563667768016705,False,False,0.3872421383647799,7.03,4.9,2026-02-16 19:00:00+00:00,8.0,2026-01-31 23:00:00,2026-02-01T01:00:00+05:00,d05b3cae0b8e890efb085c68704c9fb8d2cbf736bedd6d6ce81594bf3efad63a,gfs_seamless,False
turbine_2,2026-02-17 04:00:00+00:00,24,0.40003767883011376,0.40003767883011376,False,False,0.3872421383647799,7.42,4.7,2026-02-16 19:00:00+00:00,9.0,2026-01-31 23:00:00,2026-02-01T01:00:00+05:00,d05b3cae0b8e890efb085c68704c9fb8d2cbf736bedd6d6ce81594bf3efad63a,gfs_seamless,False
turbine_2,2026-02-17 05:00:00+00:00,24,0.3573248542820071,0.3573248542820071,False,False,0.3872421383647799,7.05,4.0,2026-02-16 19:00:00+00:00,10.0,2026-01-31 23:00:00,2026-02-01T01:00:00+05:00,d05b3cae0b8e890efb085c68704c9fb8d2cbf736bedd6d6ce81594bf3efad63a,gfs_seamless,False
turbine_2,2026-02-17 06:00:00+00:00,24,0.28814566696737176,0.28814566696737176,False,False,0.3134483750359506,6.71,5.3,2026-02-16 19:00:00+00:00,11.0,2026-01-31 23:00:00,2026-02-01T01:00:00+05:00,d05b3cae0b8e890efb085c68704c9fb8d2cbf736bedd6d6ce81594bf3efad63a,gfs_seamless,False
turbine_2,2026-02-17 07:00:00+00:00,24,0.22184270936834286,0.22184270936834286,False,False,0.24514071038251364,6.12,5.6,2026-02-16 19:00:00+00:00,12.0,2026-01-31 23:00:00,2026-02-01T01:00:00+05:00,d05b3cae0b8e890efb085c68704c9fb8d2cbf736bedd6d6ce81594bf3efad63a,gfs_seamless,False
turbine_2,2026-02-17 08:00:00+00:00,24,0.40186691809541447,0.40186691809541447,False,False,0.3872421383647799,7.38,5.2,2026-02-16 19:00:00+00:00,13.0,2026-01-31 23:00:00,2026-02-01T01:00:00+05:00,d05b3cae0b8e890efb085c68704c9fb8d2cbf736bedd6d6ce81594bf3efad63a,gfs_seamless,False
turbine_2,2026-02-17 09:00:00+00:00,24,0.5664474017685617,0.5664474017685617,False,False,0.5334922575387123,8.28,5.9,2026-02-16 19:00:00+00:00,14.0,2026-01-31 23:00:00,2026-02-01T01:00:00+05:00,d05b3cae0b8e890efb085c68704c9fb8d2cbf736bedd6d6ce81594bf3efad63a,gfs_seamless,False
turbine_2,2026-02-17 10:00:00+00:00,24,0.5078827365272491,0.5078827365272491,False,False,0.6742543244506779,9.05,6.5,2026-02-16 19:00:00+00:00,15.0,2026-01-31 23:00:00,2026-02-01T01:00:00+05:00,d05b3cae0b8e890efb085c68704c9fb8d2cbf736bedd6d6ce81594bf3efad63a,gfs_seamless,False
turbine_2,2026-02-17 11:00:00+00:00,24,0.6763093282442197,0.6763093282442197,False,False,0.7536449275362319,9.79,6.6,2026-02-16 19:00:00+00:00,16.0,2026-01-31 23:00:00,2026-02-01T01:00:00+05:00,d05b3cae0b8e890efb085c68704c9fb8d2cbf736bedd6d6ce81594bf3efad63a,gfs_seamless,False
turbine_2,2026-02-17 12:00:00+00:00,24,0.8037786167302357,0.8037786167302357,False,False,0.8240326184092941,10.12,6.1,2026-02-16 19:00:00+00:00,17.0,2026-01-31 23:00:00,2026-02-01T01:00:00+05:00,d05b3cae0b8e890efb085c68704c9fb8d2cbf736bedd6d6ce81594bf3efad63a,gfs_seamless,False
turbine_2,2026-02-17 13:00:00+00:00,24,0.9593672240802306,0.9593672240802306,False,False,0.9518670076726343,11.59,5.8,2026-02-16 19:00:00+00:00,18.0,2026-01-31 23:00:00,2026-02-01T01:00:00+05:00,d05b3cae0b8e890efb085c68704c9fb8d2cbf736bedd6d6ce81594bf3efad63a,gfs_seamless,False
turbine_2,2026-02-17 14:00:00+00:00,24,0.9584903090096512,0.9584903090096512,False,False,0.9633299798792756,12.66,5.8,2026-02-16 19:00:00+00:00,19.0,2026-01-31 23:00:00,2026-02-01T01:00:00+05:00,d05b3cae0b8e890efb085c68704c9fb8d2cbf736bedd6d6ce81594bf3efad63a,gfs_seamless,False
turbine_2,2026-02-17 15:00:00+00:00,24,0.9697571459640524,0.9697571459640524,False,False,0.9700600600600602,13.42,6.0,2026-02-16 19:00:00+00:00,20.0,2026-01-31 23:00:00,2026-02-01T01:00:00+05:00,d05b3cae0b8e890efb085c68704c9fb8d2cbf736bedd6d6ce81594bf3efad63a,gfs_seamless,False
turbine_2,2026-02-17 16:00:00+00:00,24,0.9591212004533671,0.9591212004533671,False,False,0.9603782505910166,14.09,5.7,2026-02-16 19:00:00+00:00,21.0,2026-01-31 23:00:00,2026-02-01T01:00:00+05:00,d05b3cae0b8e890efb085c68704c9fb8d2cbf736bedd6d6ce81594bf3efad63a,gfs_seamless,False
turbine_2,2026-02-17 17:00:00+00:00,24,0.977901091823301,0.977901091823301,False,False,0.9700600600600602,13.24,5.9,2026-02-16 19:00:00+00:00,22.0,2026-01-31 23:00:00,2026-02-01T01:00:00+05:00,d05b3cae0b8e890efb085c68704c9fb8d2cbf736bedd6d6ce81594bf3efad63a,gfs_seamless,False
turbine_2,2026-02-17 18:00:00+00:00,24,0.9784849596331349,0.9784849596331349,False,False,0.9700600600600602,13.12,4.0,2026-02-16 19:00:00+00:00,23.0,2026-01-31 23:00:00,2026-02-01T01:00:00+05:00,d05b3cae0b8e890efb085c68704c9fb8d2cbf736bedd6d6ce81594bf3efad63a,gfs_seamless,False
turbine_2,2026-02-17 19:00:00+00:00,24,0.9784849596331349,0.9784849596331349,False,False,0.9700600600600602,13.04,3.8,2026-02-16 19:00:00+00:00,24.0,2026-01-31 23:00:00,2026-02-01T01:00:00+05:00,d05b3cae0b8e890efb085c68704c9fb8d2cbf736bedd6d6ce81594bf3efad63a,gfs_seamless,False
turbine_2,2026-02-17 20:00:00+00:00,48,0.9634942733463314,0.9634942733463314,False,False,0.9633299798792756,12.63,4.1,2026-02-16 19:00:00+00:00,25.0,2026-01-31 23:00:00,2026-02-01T01:00:00+05:00,d05b3cae0b8e890efb085c68704c9fb8d2cbf736bedd6d6ce81594bf3efad63a,gfs_seamless,False
turbine_2,2026-02-17 21:00:00+00:00,48,0.9776969238547933,0.9776969238547933,False,False,0.9633299798792756,12.85,3.8,2026-02-16 19:00:00+00:00,26.0,2026-01-31 23:00:00,2026-02-01T01:00:00+05:00,d05b3cae0b8e890efb085c68704c9fb8d2cbf736bedd6d6ce81594bf3efad63a,gfs_seamless,False
turbine_2,2026-02-17 22:00:00+00:00,48,0.9720592118634992,0.9720592118634992,False,False,0.9574121315192744,12.35,3.6,2026-02-16 19:00:00+00:00,27.0,2026-01-31 23:00:00,2026-02-01T01:00:00+05:00,d05b3cae0b8e890efb085c68704c9fb8d2cbf736bedd6d6ce81594bf3efad63a,gfs_seamless,False
turbine_2,2026-02-17 23:00:00+00:00,48,0.9784667739370575,0.9784667739370575,False,False,0.9633299798792756,12.79,3.2,2026-02-16 19:00:00+00:00,28.0,2026-01-31 23:00:00,2026-02-01T01:00:00+05:00,d05b3cae0b8e890efb085c68704c9fb8d2cbf736bedd6d6ce81594bf3efad63a,gfs_seamless,False
turbine_2,2026-02-18 00:00:00+00:00,48,0.9778347394148563,0.9778347394148563,False,False,0.9633299798792756,12.79,2.8,2026-02-16 19:00:00+00:00,29.0,2026-01-31 23:00:00,2026-02-01T01:00:00+05:00,d05b3cae0b8e890efb085c68704c9fb8d2cbf736bedd6d6ce81594bf3efad63a,gfs_seamless,False
turbine_2,2026-02-18 01:00:00+00:00,48,0.9704188463104321,0.9704188463104321,False,False,0.9574121315192744,12.35,3.1,2026-02-16 19:00:00+00:00,30.0,2026-01-31 23:00:00,2026-02-01T01:00:00+05:00,d05b3cae0b8e890efb085c68704c9fb8d2cbf736bedd6d6ce81594bf3efad63a,gfs_seamless,False
turbine_2,2026-02-18 02:00:00+00:00,48,0.9798030172530507,0.9798030172530507,False,False,0.9633299798792756,12.95,2.6,2026-02-16 19:00:00+00:00,31.0,2026-01-31 23:00:00,2026-02-01T01:00:00+05:00,d05b3cae0b8e890efb085c68704c9fb8d2cbf736bedd6d6ce81594bf3efad63a,gfs_seamless,False
turbine_2,2026-02-18 03:00:00+00:00,48,0.9729219604824971,0.9729219604824971,False,False,0.9574121315192744,12.01,4.4,2026-02-16 19:00:00+00:00,32.0,2026-01-31 23:00:00,2026-02-01T01:00:00+05:00,d05b3cae0b8e890efb085c68704c9fb8d2cbf736bedd6d6ce81594bf3efad63a,gfs_seamless,False
turbine_2,2026-02-18 04:00:00+00:00,48,0.9581782928013999,0.9581782928013999,False,False,0.9574121315192744,12.42,6.7,2026-02-16 19:00:00+00:00,33.0,2026-01-31 23:00:00,2026-02-01T01:00:00+05:00,d05b3cae0b8e890efb085c68704c9fb8d2cbf736bedd6d6ce81594bf3efad63a,gfs_seamless,False
turbine_2,2026-02-18 05:00:00+00:00,48,0.9639704596137866,0.9639704596137866,False,False,0.9598799435028249,13.64,9.4,2026-02-16 19:00:00+00:00,34.0,2026-01-31 23:00:00,2026-02-01T01:00:00+05:00,d05b3cae0b8e890efb085c68704c9fb8d2cbf736bedd6d6ce81594bf3efad63a,gfs_seamless,False
turbine_2,2026-02-18 06:00:00+00:00,48,0.9550190819336954,0.9550190819336954,False,False,0.9598799435028249,13.89,11.3,2026-02-16 19:00:00+00:00,35.0,2026-01-31 23:00:00,2026-02-01T01:00:00+05:00,d05b3cae0b8e890efb085c68704c9fb8d2cbf736bedd6d6ce81594bf3efad63a,gfs_seamless,False
turbine_2,2026-02-18 07:00:00+00:00,48,0.9705322607442348,0.9705322607442348,False,False,0.9598799435028249,13.6,12.4,2026-02-16 19:00:00+00:00,36.0,2026-01-31 23:00:00,2026-02-01T01:00:00+05:00,d05b3cae0b8e890efb085c68704c9fb8d2cbf736bedd6d6ce81594bf3efad63a,gfs_seamless,False
turbine_2,2026-02-18 08:00:00+00:00,48,0.968992829112919,0.968992829112919,False,False,0.9598799435028249,13.68,13.5,2026-02-16 19:00:00+00:00,37.0,2026-01-31 23:00:00,2026-02-01T01:00:00+05:00,d05b3cae0b8e890efb085c68704c9fb8d2cbf736bedd6d6ce81594bf3efad63a,gfs_seamless,False
turbine_2,2026-02-18 09:00:00+00:00,48,0.968992829112919,0.968992829112919,False,False,0.9598799435028249,13.64,13.6,2026-02-16 19:00:00+00:00,38.0,2026-01-31 23:00:00,2026-02-01T01:00:00+05:00,d05b3cae0b8e890efb085c68704c9fb8d2cbf736bedd6d6ce81594bf3efad63a,gfs_seamless,False
turbine_2,2026-02-18 10:00:00+00:00,48,0.9712162576701545,0.9712162576701545,False,False,0.9598799435028249,13.6,13.4,2026-02-16 19:00:00+00:00,39.0,2026-01-31 23:00:00,2026-02-01T01:00:00+05:00,d05b3cae0b8e890efb085c68704c9fb8d2cbf736bedd6d6ce81594bf3efad63a,gfs_seamless,False
turbine_2,2026-02-18 11:00:00+00:00,48,0.9678003435859662,0.9678003435859662,False,False,0.9598799435028249,13.67,12.5,2026-02-16 19:00:00+00:00,40.0,2026-01-31 23:00:00,2026-02-01T01:00:00+05:00,d05b3cae0b8e890efb085c68704c9fb8d2cbf736bedd6d6ce81594bf3efad63a,gfs_seamless,False
turbine_2,2026-02-18 12:00:00+00:00,48,0.9515057424017325,0.9515057424017325,False,False,0.9598799435028249,13.98,10.7,2026-02-16 19:00:00+00:00,41.0,2026-01-31 23:00:00,2026-02-01T01:00:00+05:00,d05b3cae0b8e890efb085c68704c9fb8d2cbf736bedd6d6ce81594bf3efad63a,gfs_seamless,False
turbine_2,2026-02-18 13:00:00+00:00,48,0.9615348787289013,0.9615348787289013,False,False,0.9518670076726343,11.94,9.4,2026-02-16 19:00:00+00:00,42.0,2026-01-31 23:00:00,2026-02-01T01:00:00+05:00,d05b3cae0b8e890efb085c68704c9fb8d2cbf736bedd6d6ce81594bf3efad63a,gfs_seamless,False
turbine_2,2026-02-18 14:00:00+00:00,48,0.9662878675850002,0.9662878675850002,False,False,0.9518670076726343,11.99,8.7,2026-02-16 19:00:00+00:00,43.0,2026-01-31 23:00:00,2026-02-01T01:00:00+05:00,d05b3cae0b8e890efb085c68704c9fb8d2cbf736bedd6d6ce81594bf3efad63a,gfs_seamless,False
turbine_2,2026-02-18 15:00:00+00:00,48,0.9616038439186173,0.9616038439186173,False,False,0.9518670076726343,11.55,8.2,2026-02-16 19:00:00+00:00,44.0,2026-01-31 23:00:00,2026-02-01T01:00:00+05:00,d05b3cae0b8e890efb085c68704c9fb8d2cbf736bedd6d6ce81594bf3efad63a,gfs_seamless,False
turbine_2,2026-02-18 16:00:00+00:00,48,0.9644908049779745,0.9644908049779745,False,False,0.9518670076726343,11.77,7.7,2026-02-16 19:00:00+00:00,45.0,2026-01-31 23:00:00,2026-02-01T01:00:00+05:00,d05b3cae0b8e890efb085c68704c9fb8d2cbf736bedd6d6ce81594bf3efad63a,gfs_seamless,False
turbine_2,2026-02-18 17:00:00+00:00,48,0.9648341827329586,0.9648341827329586,False,False,0.9518670076726343,11.77,7.1,2026-02-16 19:00:00+00:00,46.0,2026-01-31 23:00:00,2026-02-01T01:00:00+05:00,d05b3cae0b8e890efb085c68704c9fb8d2cbf736bedd6d6ce81594bf3efad63a,gfs_seamless,False
turbine_2,2026-02-18 18:00:00+00:00,48,0.9526525042383862,0.9526525042383862,False,False,0.9574121315192744,12.12,7.1,2026-02-16 19:00:00+00:00,47.0,2026-01-31 23:00:00,2026-02-01T01:00:00+05:00,d05b3cae0b8e890efb085c68704c9fb8d2cbf736bedd6d6ce81594bf3efad63a,gfs_seamless,False
turbine_2,2026-02-18 19:00:00+00:00,48,0.934768299852132,0.934768299852132,False,False,0.9633299798792756,12.66,6.6,2026-02-16 19:00:00+00:00,48.0,2026-01-31 23:00:00,2026-02-01T01:00:00+05:00,d05b3cae0b8e890efb085c68704c9fb8d2cbf736bedd6d6ce81594bf3efad63a,gfs_seamless,False
turbine_1,2026-02-17 20:00:00+00:00,24,0.9130712805942384,0.9130712805942384,False,False,0.9673371212121211,12.52,3.5,2026-02-17 19:00:00+00:00,1.0,2026-01-31 23:00:00,2026-02-01T01:00:00+05:00,e46d74629bd710750db40d5e9d8f3eadbaa20ee486e416572c0d88f6ec77ad79,gfs_seamless,False
turbine_1,2026-02-17 21:00:00+00:00,24,0.9332179116177307,0.9332179116177307,False,False,0.9673371212121211,12.74,3.4,2026-02-17 19:00:00+00:00,2.0,2026-01-31 23:00:00,2026-02-01T01:00:00+05:00,e46d74629bd710750db40d5e9d8f3eadbaa20ee486e416572c0d88f6ec77ad79,gfs_seamless,False
turbine_1,2026-02-17 22:00:00+00:00,24,0.946469318606899,0.946469318606899,False,False,0.9583879781420764,12.48,3.3,2026-02-17 19:00:00+00:00,3.0,2026-01-31 23:00:00,2026-02-01T01:00:00+05:00,e46d74629bd710750db40d5e9d8f3eadbaa20ee486e416572c0d88f6ec77ad79,gfs_seamless,False
turbine_1,2026-02-17 23:00:00+00:00,24,0.9762509066280284,0.9762509066280284,False,False,0.9603525641025641,11.73,3.2,2026-02-17 19:00:00+00:00,4.0,2026-01-31 23:00:00,2026-02-01T01:00:00+05:00,e46d74629bd710750db40d5e9d8f3eadbaa20ee486e416572c0d88f6ec77ad79,gfs_seamless,False
turbine_1,2026-02-18 00:00:00+00:00,24,0.9616619196911186,0.9616619196911186,False,False,0.9673371212121211,12.54,3.7,2026-02-17 19:00:00+00:00,5.0,2026-01-31 23:00:00,2026-02-01T01:00:00+05:00,e46d74629bd710750db40d5e9d8f3eadbaa20ee486e416572c0d88f6ec77ad79,gfs_seamless,False
turbine_1,2026-02-18 01:00:00+00:00,24,0.9727464240113353,0.9727464240113353,False,False,0.9761353467561521,13.35,3.4,2026-02-17 19:00:00+00:00,6.0,2026-01-31 23:00:00,2026-02-01T01:00:00+05:00,e46d74629bd710750db40d5e9d8f3eadbaa20ee486e416572c0d88f6ec77ad79,gfs_seamless,False
turbine_1,2026-02-18 02:00:00+00:00,24,0.9874445870037625,0.9874445870037625,False,False,0.9761353467561521,13.04,3.0,2026-02-17 19:00:00+00:00,7.0,2026-01-31 23:00:00,2026-02-01T01:00:00+05:00,e46d74629bd710750db40d5e9d8f3eadbaa20ee486e416572c0d88f6ec77ad79,gfs_seamless,False
turbine_1,2026-02-18 03:00:00+00:00,24,0.9841923771074791,0.9841923771074791,False,False,0.9761353467561521,13.33,4.1,2026-02-17 19:00:00+00:00,8.0,2026-01-31 23:00:00,2026-02-01T01:00:00+05:00,e46d74629bd710750db40d5e9d8f3eadbaa20ee486e416572c0d88f6ec77ad79,gfs_seamless,False
turbine_1,2026-02-18 04:00:00+00:00,24,0.9858002022992188,0.9858002022992188,False,False,0.9661001642036123,13.55,6.5,2026-02-17 19:00:00+00:00,9.0,2026-01-31 23:00:00,2026-02-01T01:00:00+05:00,e46d74629bd710750db40d5e9d8f3eadbaa20ee486e416572c0d88f6ec77ad79,gfs_seamless,False
turbine_1,2026-02-18 05:00:00+00:00,24,0.9631383993099457,0.9631383993099457,False,False,0.9661001642036123,13.87,9.0,2026-02-17 19:00:00+00:00,10.0,2026-01-31 23:00:00,2026-02-01T01:00:00+05:00,e46d74629bd710750db40d5e9d8f3eadbaa20ee486e416572c0d88f6ec77ad79,gfs_seamless,False
turbine_1,2026-02-18 06:00:00+00:00,24,0.9548550262480431,0.9548550262480431,False,False,0.9672885572139301,14.02,10.4,2026-02-17 19:00:00+00:00,11.0,2026-01-31 23:00:00,2026-02-01T01:00:00+05:00,e46d74629bd710750db40d5e9d8f3eadbaa20ee486e416572c0d88f6ec77ad79,gfs_seamless,False
turbine_1,2026-02-18 07:00:00+00:00,24,1.002718260993577,0.9983333333333334,True,False,0.9672885572139301,14.11,11.4,2026-02-17 19:00:00+00:00,12.0,2026-01-31 23:00:00,2026-02-01T01:00:00+05:00,e46d74629bd710750db40d5e9d8f3eadbaa20ee486e416572c0d88f6ec77ad79,gfs_seamless,False
turbine_1,2026-02-18 08:00:00+00:00,24,0.9595261623383833,0.9595261623383833,False,False,0.9618518518518518,14.82,12.4,2026-02-17 19:00:00+00:00,13.0,2026-01-31 23:00:00,2026-02-01T01:00:00+05:00,e46d74629bd710750db40d5e9d8f3eadbaa20ee486e416572c0d88f6ec77ad79,gfs_seamless,False
turbine_1,2026-02-18 09:00:00+00:00,24,0.9761394416718937,0.9761394416718937,False,False,0.9672885572139301,14.4,13.1,2026-02-17 19:00:00+00:00,14.0,2026-01-31 23:00:00,2026-02-01T01:00:00+05:00,e46d74629bd710750db40d5e9d8f3eadbaa20ee486e416572c0d88f6ec77ad79,gfs_seamless,False
turbine_1,2026-02-18 10:00:00+00:00,24,0.9602015294770448,0.9602015294770448,False,False,0.9672885572139301,14.02,13.0,2026-02-17 19:00:00+00:00,15.0,2026-01-31 23:00:00,2026-02-01T01:00:00+05:00,e46d74629bd710750db40d5e9d8f3eadbaa20ee486e416572c0d88f6ec77ad79,gfs_seamless,False
turbine_1,2026-02-18 11:00:00+00:00,24,0.9769868398841802,0.9769868398841802,False,False,0.9661001642036123,13.66,12.1,2026-02-17 19:00:00+00:00,16.0,2026-01-31 23:00:00,2026-02-01T01:00:00+05:00,e46d74629bd710750db40d5e9d8f3eadbaa20ee486e416572c0d88f6ec77ad79,gfs_seamless,False
turbine_1,2026-02-18 12:00:00+00:00,24,0.9818152190412976,0.9818152190412976,False,False,0.9673371212121211,12.66,10.7,2026-02-17 19:00:00+00:00,17.0,2026-01-31 23:00:00,2026-02-01T01:00:00+05:00,e46d74629bd710750db40d5e9d8f3eadbaa20ee486e416572c0d88f6ec77ad79,gfs_seamless,False
turbine_1,2026-02-18 13:00:00+00:00,24,0.9604741987321571,0.9604741987321571,False,False,0.9381677419354839,11.04,9.3,2026-02-17 19:00:00+00:00,18.0,2026-01-31 23:00:00,2026-02-01T01:00:00+05:00,e46d74629bd710750db40d5e9d8f3eadbaa20ee486e416572c0d88f6ec77ad79,gfs_seamless,False
turbine_1,2026-02-18 14:00:00+00:00,24,0.9707385756774181,0.9707385756774181,False,False,0.9603525641025641,11.98,8.8,2026-02-17 19:00:00+00:00,19.0,2026-01-31 23:00:00,2026-02-01T01:00:00+05:00,e46d74629bd710750db40d5e9d8f3eadbaa20ee486e416572c0d88f6ec77ad79,gfs_seamless,False
turbine_1,2026-02-18 15:00:00+00:00,24,0.9886980486689171,0.9886980486689171,False,False,0.9583879781420764,12.16,8.4,2026-02-17 19:00:00+00:00,20.0,2026-01-31 23:00:00,2026-02-01T01:00:00+05:00,e46d74629bd710750db40d5e9d8f3eadbaa20ee486e416572c0d88f6ec77ad79,gfs_seamless,False
turbine_1,2026-02-18 16:00:00+00:00,24,0.9959795674776799,0.9959795674776799,False,False,0.9583879781420764,12.22,7.9,2026-02-17 19:00:00+00:00,21.0,2026-01-31 23:00:00,2026-02-01T01:00:00+05:00,e46d74629bd710750db40d5e9d8f3eadbaa20ee486e416572c0d88f6ec77ad79,gfs_seamless,False
turbine_1,2026-02-18 17:00:00+00:00,24,0.9715119459217538,0.9715119459217538,False,False,0.9603525641025641,11.92,7.5,2026-02-17 19:00:00+00:00,22.0,2026-01-31 23:00:00,2026-02-01T01:00:00+05:00,e46d74629bd710750db40d5e9d8f3eadbaa20ee486e416572c0d88f6ec77ad79,gfs_seamless,False
turbine_1,2026-02-18 18:00:00+00:00,24,0.9841927662594621,0.9841927662594621,False,False,0.9583879781420764,12.45,7.1,2026-02-17 19:00:00+00:00,23.0,2026-01-31 23:00:00,2026-02-01T01:00:00+05:00,e46d74629bd710750db40d5e9d8f3eadbaa20ee486e416572c0d88f6ec77ad79,gfs_seamless,False
turbine_1,2026-02-18 19:00:00+00:00,24,0.9896462546942761,0.9896462546942761,False,False,0.9583879781420764,12.44,6.7,2026-02-17 19:00:00+00:00,24.0,2026-01-31 23:00:00,2026-02-01T01:00:00+05:00,e46d74629bd710750db40d5e9d8f3eadbaa20ee486e416572c0d88f6ec77ad79,gfs_seamless,False
turbine_1,2026-02-18 20:00:00+00:00,48,0.9909266671721056,0.9909266671721056,False,False,0.9673371212121211,12.85,5.9,2026-02-17 19:00:00+00:00,25.0,2026-01-31 23:00:00,2026-02-01T01:00:00+05:00,e46d74629bd710750db40d5e9d8f3eadbaa20ee486e416572c0d88f6ec77ad79,gfs_seamless,False
turbine_1,2026-02-18 21:00:00+00:00,48,0.9773121893188342,0.9773121893188342,False,False,0.9583879781420764,12.42,5.4,2026-02-17 19:00:00+00:00,26.0,2026-01-31 23:00:00,2026-02-01T01:00:00+05:00,e46d74629bd710750db40d5e9d8f3eadbaa20ee486e416572c0d88f6ec77ad79,gfs_seamless,False
turbine_1,2026-02-18 22:00:00+00:00,48,0.9658369642322795,0.9658369642322795,False,False,0.9761353467561521,13.11,5.6,2026-02-17 19:00:00+00:00,27.0,2026-01-31 23:00:00,2026-02-01T01:00:00+05:00,e46d74629bd710750db40d5e9d8f3eadbaa20ee486e416572c0d88f6ec77ad79,gfs_seamless,False
turbine_1,2026-02-18 23:00:00+00:00,48,0.8331628051892118,0.8331628051892118,False,False,0.9583879781420764,12.3,5.7,2026-02-17 19:00:00+00:00,28.0,2026-01-31 23:00:00,2026-02-01T01:00:00+05:00,e46d74629bd710750db40d5e9d8f3eadbaa20ee486e416572c0d88f6ec77ad79,gfs_seamless,False
turbine_1,2026-02-19 00:00:00+00:00,48,0.9918791086912617,0.9918791086912617,False,False,0.9761353467561521,13.42,5.2,2026-02-17 19:00:00+00:00,29.0,2026-01-31 23:00:00,2026-02-01T01:00:00+05:00,e46d74629bd710750db40d5e9d8f3eadbaa20ee486e416572c0d88f6ec77ad79,gfs_seamless,False
turbine_1,2026-02-19 01:00:00+00:00,48,0.8487795046935772,0.8487795046935772,False,False,0.9583879781420764,12.28,5.3,2026-02-17 19:00:00+00:00,30.0,2026-01-31 23:00:00,2026-02-01T01:00:00+05:00,e46d74629bd710750db40d5e9d8f3eadbaa20ee486e416572c0d88f6ec77ad79,gfs_seamless,False
turbine_1,2026-02-19 02:00:00+00:00,48,0.9597523027263115,0.9597523027263115,False,False,0.9583879781420764,12.17,5.1,2026-02-17 19:00:00+00:00,31.0,2026-01-31 23:00:00,2026-02-01T01:00:00+05:00,e46d74629bd710750db40d5e9d8f3eadbaa20ee486e416572c0d88f6ec77ad79,gfs_seamless,False
turbine_1,2026-02-19 03:00:00+00:00,48,0.9740629448088951,0.9740629448088951,False,False,0.9381677419354839,11.42,6.9,2026-02-17 19:00:00+00:00,32.0,2026-01-31 23:00:00,2026-02-01T01:00:00+05:00,e46d74629bd710750db40d5e9d8f3eadbaa20ee486e416572c0d88f6ec77ad79,gfs_seamless,False
turbine_1,2026-02-19 04:00:00+00:00,48,0.9457524655175422,0.9457524655175422,False,False,0.9603525641025641,11.81,8.2,2026-02-17 19:00:00+00:00,33.0,2026-01-31 23:00:00,2026-02-01T01:00:00+05:00,e46d74629bd710750db40d5e9d8f3eadbaa20ee486e416572c0d88f6ec77ad79,gfs_seamless,False
turbine_1,2026-02-19 05:00:00+00:00,48,0.9501347404716044,0.9501347404716044,False,False,0.9381677419354839,11.09,10.4,2026-02-17 19:00:00+00:00,34.0,2026-01-31 23:00:00,2026-02-01T01:00:00+05:00,e46d74629bd710750db40d5e9d8f3eadbaa20ee486e416572c0d88f6ec77ad79,gfs_seamless,False
turbine_1,2026-02-19 06:00:00+00:00,48,0.9373559879468187,0.9373559879468187,False,False,0.8937111928104575,10.86,11.9,2026-02-17 19:00:00+00:00,35.0,2026-01-31 23:00:00,2026-02-01T01:00:00+05:00,e46d74629bd710750db40d5e9d8f3eadbaa20ee486e416572c0d88f6ec77ad79,gfs_seamless,False
turbine_1,2026-02-19 07:00:00+00:00,48,0.7712020922609989,0.7712020922609989,False,False,0.7651013024602026,9.68,13.6,2026-02-17 19:00:00+00:00,36.0,2026-01-31 23:00:00,2026-02-01T01:00:00+05:00,e46d74629bd710750db40d5e9d8f3eadbaa20ee486e416572c0d88f6ec77ad79,gfs_seamless,False
turbine_1,2026-02-19 08:00:00+00:00,48,0.588942765965804,0.588942765965804,False,False,0.5480688448074679,8.39,14.5,2026-02-17 19:00:00+00:00,37.0,2026-01-31 23:00:00,2026-02-01T01:00:00+05:00,e46d74629bd710750db40d5e9d8f3eadbaa20ee486e416572c0d88f6ec77ad79,gfs_seamless,False
turbine_1,2026-02-19 09:00:00+00:00,48,0.46210906463493123,0.46210906463493123,False,False,0.47519897772909825,7.56,14.9,2026-02-17 19:00:00+00:00,38.0,2026-01-31 23:00:00,2026-02-01T01:00:00+05:00,e46d74629bd710750db40d5e9d8f3eadbaa20ee486e416572c0d88f6ec77ad79,gfs_seamless,False
turbine_1,2026-02-19 10:00:00+00:00,48,0.3757495612013695,0.3757495612013695,False,False,0.3981808278867102,7.02,14.9,2026-02-17 19:00:00+00:00,39.0,2026-01-31 23:00:00,2026-02-01T01:00:00+05:00,e46d74629bd710750db40d5e9d8f3eadbaa20ee486e416572c0d88f6ec77ad79,gfs_seamless,False
turbine_1,2026-02-19 11:00:00+00:00,48,0.3216333129219656,0.3216333129219656,False,False,0.3244547053649956,6.65,14.6,2026-02-17 19:00:00+00:00,40.0,2026-01-31 23:00:00,2026-02-01T01:00:00+05:00,e46d74629bd710750db40d5e9d8f3eadbaa20ee486e416572c0d88f6ec77ad79,gfs_seamless,False
turbine_1,2026-02-19 12:00:00+00:00,48,0.508328505702909,0.508328505702909,False,False,0.47519897772909825,7.92,12.2,2026-02-17 19:00:00+00:00,41.0,2026-01-31 23:00:00,2026-02-01T01:00:00+05:00,e46d74629bd710750db40d5e9d8f3eadbaa20ee486e416572c0d88f6ec77ad79,gfs_seamless,False
turbine_1,2026-02-19 13:00:00+00:00,48,0.6309075466608872,0.6309075466608872,False,False,0.6267624521072798,8.59,10.6,2026-02-17 19:00:00+00:00,42.0,2026-01-31 23:00:00,2026-02-01T01:00:00+05:00,e46d74629bd710750db40d5e9d8f3eadbaa20ee486e416572c0d88f6ec77ad79,gfs_seamless,False
turbine_1,2026-02-19 14:00:00+00:00,48,0.673093750425676,0.673093750425676,False,False,0.6267624521072798,8.77,9.7,2026-02-17 19:00:00+00:00,43.0,2026-01-31 23:00:00,2026-02-01T01:00:00+05:00,e46d74629bd710750db40d5e9d8f3eadbaa20ee486e416572c0d88f6ec77ad79,gfs_seamless,False
turbine_1,2026-02-19 15:00:00+00:00,48,0.562937939593296,0.562937939593296,False,False,0.5480688448074679,8.26,9.7,2026-02-17 19:00:00+00:00,44.0,2026-01-31 23:00:00,2026-02-01T01:00:00+05:00,e46d74629bd710750db40d5e9d8f3eadbaa20ee486e416572c0d88f6ec77ad79,gfs_seamless,False
turbine_1,2026-02-19 16:00:00+00:00,48,0.427003328544574,0.427003328544574,False,False,0.3981808278867102,7.34,9.6,2026-02-17 19:00:00+00:00,45.0,2026-01-31 23:00:00,2026-02-01T01:00:00+05:00,e46d74629bd710750db40d5e9d8f3eadbaa20ee486e416572c0d88f6ec77ad79,gfs_seamless,False
turbine_1,2026-02-19 17:00:00+00:00,48,0.36950327463173405,0.36950327463173405,False,False,0.3244547053649956,6.99,9.7,2026-02-17 19:00:00+00:00,46.0,2026-01-31 23:00:00,2026-02-01T01:00:00+05:00,e46d74629bd710750db40d5e9d8f3eadbaa20ee486e416572c0d88f6ec77ad79,gfs_seamless,False
turbine_1,2026-02-19 18:00:00+00:00,48,0.24791159090070036,0.24791159090070036,False,False,0.2560354184518709,6.17,10.0,2026-02-17 19:00:00+00:00,47.0,2026-01-31 23:00:00,2026-02-01T01:00:00+05:00,e46d74629bd710750db40d5e9d8f3eadbaa20ee486e416572c0d88f6ec77ad79,gfs_seamless,False
turbine_1,2026-02-19 19:00:00+00:00,48,0.0987935760572011,0.0987935760572011,False,False,0.11167154471544716,4.68,9.5,2026-02-17 19:00:00+00:00,48.0,2026-01-31 23:00:00,2026-02-01T01:00:00+05:00,e46d74629bd710750db40d5e9d8f3eadbaa20ee486e416572c0d88f6ec77ad79,gfs_seamless,False
turbine_2,2026-02-17 20:00:00+00:00,24,0.9732920469958606,0.9732920469958606,False,False,0.9633299798792756,12.52,3.5,2026-02-17 19:00:00+00:00,1.0,2026-01-31 23:00:00,2026-02-01T01:00:00+05:00,d05b3cae0b8e890efb085c68704c9fb8d2cbf736bedd6d6ce81594bf3efad63a,gfs_seamless,False
turbine_2,2026-02-17 21:00:00+00:00,24,0.9784667739370575,0.9784667739370575,False,False,0.9633299798792756,12.74,3.4,2026-02-17 19:00:00+00:00,2.0,2026-01-31 23:00:00,2026-02-01T01:00:00+05:00,d05b3cae0b8e890efb085c68704c9fb8d2cbf736bedd6d6ce81594bf3efad63a,gfs_seamless,False
turbine_2,2026-02-17 22:00:00+00:00,24,0.9732920469958606,0.9732920469958606,False,False,0.9574121315192744,12.48,3.3,2026-02-17 19:00:00+00:00,3.0,2026-01-31 23:00:00,2026-02-01T01:00:00+05:00,d05b3cae0b8e890efb085c68704c9fb8d2cbf736bedd6d6ce81594bf3efad63a,gfs_seamless,False
turbine_2,2026-02-17 23:00:00+00:00,24,0.9684747896655304,0.9684747896655304,False,False,0.9518670076726343,11.73,3.2,2026-02-17 19:00:00+00:00,4.0,2026-01-31 23:00:00,2026-02-01T01:00:00+05:00,d05b3cae0b8e890efb085c68704c9fb8d2cbf736bedd6d6ce81594bf3efad63a,gfs_seamless,False
turbine_2,2026-02-18 00:00:00+00:00,24,0.9689577067365734,0.9689577067365734,False,False,0.9633299798792756,12.54,3.7,2026-02-17 19:00:00+00:00,5.0,2026-01-31 23:00:00,2026-02-01T01:00:00+05:00,d05b3cae0b8e890efb085c68704c9fb8d2cbf736bedd6d6ce81594bf3efad63a,gfs_seamless,False
turbine_2,2026-02-18 01:00:00+00:00,24,0.9785888890924168,0.9785888890924168,False,False,0.9700600600600602,13.35,3.4,2026-02-17 19:00:00+00:00,6.0,2026-01-31 23:00:00,2026-02-01T01:00:00+05:00,d05b3cae0b8e890efb085c68704c9fb8d2cbf736bedd6d6ce81594bf3efad63a,gfs_seamless,False
turbine_2,2026-02-18 02:00:00+00:00,24,0.9798659084968886,0.9798659084968886,False,False,0.9700600600600602,13.04,3.0,2026-02-17 19:00:00+00:00,7.0,2026-01-31 23:00:00,2026-02-01T01:00:00+05:00,d05b3cae0b8e890efb085c68704c9fb8d2cbf736bedd6d6ce81594bf3efad63a,gfs_seamless,False
turbine_2,2026-02-18 03:00:00+00:00,24,0.9785888890924168,0.9785888890924168,False,False,0.9700600600600602,13.33,4.1,2026-02-17 19:00:00+00:00,8.0,2026-01-31 23:00:00,2026-02-01T01:00:00+05:00,d05b3cae0b8e890efb085c68704c9fb8d2cbf736bedd6d6ce81594bf3efad63a,gfs_seamless,False
turbine_2,2026-02-18 04:00:00+00:00,24,0.9493095087688268,0.9493095087688268,False,False,0.9598799435028249,13.55,6.5,2026-02-17 19:00:00+00:00,9.0,2026-01-31 23:00:00,2026-02-01T01:00:00+05:00,d05b3cae0b8e890efb085c68704c9fb8d2cbf736bedd6d6ce81594bf3efad63a,gfs_seamless,False
turbine_2,2026-02-18 05:00:00+00:00,24,0.947104255696456,0.947104255696456,False,False,0.9598799435028249,13.87,9.0,2026-02-17 19:00:00+00:00,10.0,2026-01-31 23:00:00,2026-02-01T01:00:00+05:00,d05b3cae0b8e890efb085c68704c9fb8d2cbf736bedd6d6ce81594bf3efad63a,gfs_seamless,False
turbine_2,2026-02-18 06:00:00+00:00,24,0.9546890654893417,0.9546890654893417,False,False,0.9603782505910166,14.02,10.4,2026-02-17 19:00:00+00:00,11.0,2026-01-31 23:00:00,2026-02-01T01:00:00+05:00,d05b3cae0b8e890efb085c68704c9fb8d2cbf736bedd6d6ce81594bf3efad63a,gfs_seamless,False
turbine_2,2026-02-18 07:00:00+00:00,24,0.9716091703598964,0.9716091703598964,False,False,0.9603782505910166,14.11,11.4,2026-02-17 19:00:00+00:00,12.0,2026-01-31 23:00:00,2026-02-01T01:00:00+05:00,d05b3cae0b8e890efb085c68704c9fb8d2cbf736bedd6d6ce81594bf3efad63a,gfs_seamless,False
turbine_2,2026-02-18 08:00:00+00:00,24,0.9759657558144069,0.9759657558144069,False,False,0.962514880952381,14.82,12.4,2026-02-17 19:00:00+00:00,13.0,2026-01-31 23:00:00,2026-02-01T01:00:00+05:00,d05b3cae0b8e890efb085c68704c9fb8d2cbf736bedd6d6ce81594bf3efad63a,gfs_seamless,False
turbine_2,2026-02-18 09:00:00+00:00,24,0.9486941895657254,0.9486941895657254,False,False,0.9603782505910166,14.4,13.1,2026-02-17 19:00:00+00:00,14.0,2026-01-31 23:00:00,2026-02-01T01:00:00+05:00,d05b3cae0b8e890efb085c68704c9fb8d2cbf736bedd6d6ce81594bf3efad63a,gfs_seamless,False
turbine_2,2026-02-18 10:00:00+00:00,24,0.9305665412436602,0.9305665412436602,False,False,0.9603782505910166,14.02,13.0,2026-02-17 19:00:00+00:00,15.0,2026-01-31 23:00:00,2026-02-01T01:00:00+05:00,d05b3cae0b8e890efb085c68704c9fb8d2cbf736bedd6d6ce81594bf3efad63a,gfs_seamless,False
turbine_2,2026-02-18 11:00:00+00:00,24,0.9672334944652115,0.9672334944652115,False,False,0.9598799435028249,13.66,12.1,2026-02-17 19:00:00+00:00,16.0,2026-01-31 23:00:00,2026-02-01T01:00:00+05:00,d05b3cae0b8e890efb085c68704c9fb8d2cbf736bedd6d6ce81594bf3efad63a,gfs_seamless,False
turbine_2,2026-02-18 12:00:00+00:00,24,0.9513981932805535,0.9513981932805535,False,False,0.9633299798792756,12.66,10.7,2026-02-17 19:00:00+00:00,17.0,2026-01-31 23:00:00,2026-02-01T01:00:00+05:00,d05b3cae0b8e890efb085c68704c9fb8d2cbf736bedd6d6ce81594bf3efad63a,gfs_seamless,False
turbine_2,2026-02-18 13:00:00+00:00,24,0.9453387437290626,0.9453387437290626,False,False,0.9257415902140673,11.04,9.3,2026-02-17 19:00:00+00:00,18.0,2026-01-31 23:00:00,2026-02-01T01:00:00+05:00,d05b3cae0b8e890efb085c68704c9fb8d2cbf736bedd6d6ce81594bf3efad63a,gfs_seamless,False
turbine_2,2026-02-18 14:00:00+00:00,24,0.9539622243657397,0.9539622243657397,False,False,0.9518670076726343,11.98,8.8,2026-02-17 19:00:00+00:00,19.0,2026-01-31 23:00:00,2026-02-01T01:00:00+05:00,d05b3cae0b8e890efb085c68704c9fb8d2cbf736bedd6d6ce81594bf3efad63a,gfs_seamless,False
turbine_2,2026-02-18 15:00:00+00:00,24,0.9518388722896971,0.9518388722896971,False,False,0.9574121315192744,12.16,8.4,2026-02-17 19:00:00+00:00,20.0,2026-01-31 23:00:00,2026-02-01T01:00:00+05:00,d05b3cae0b8e890efb085c68704c9fb8d2cbf736bedd6d6ce81594bf3efad63a,gfs_seamless,False
turbine_2,2026-02-18 16:00:00+00:00,24,0.9643160552047223,0.9643160552047223,False,False,0.9574121315192744,12.22,7.9,2026-02-17 19:00:00+00:00,21.0,2026-01-31 23:00:00,2026-02-01T01:00:00+05:00,d05b3cae0b8e890efb085c68704c9fb8d2cbf736bedd6d6ce81594bf3efad63a,gfs_seamless,False
turbine_2,2026-02-18 17:00:00+00:00,24,0.9625090133330172,0.9625090133330172,False,False,0.9518670076726343,11.92,7.5,2026-02-17 19:00:00+00:00,22.0,2026-01-31 23:00:00,2026-02-01T01:00:00+05:00,d05b3cae0b8e890efb085c68704c9fb8d2cbf736bedd6d6ce81594bf3efad63a,gfs_seamless,False
turbine_2,2026-02-18 18:00:00+00:00,24,0.9685520187455426,0.9685520187455426,False,False,0.9574121315192744,12.45,7.1,2026-02-17 19:00:00+00:00,23.0,2026-01-31 23:00:00,2026-02-01T01:00:00+05:00,d05b3cae0b8e890efb085c68704c9fb8d2cbf736bedd6d6ce81594bf3efad63a,gfs_seamless,False
turbine_2,2026-02-18 19:00:00+00:00,24,0.9581782928013999,0.9581782928013999,False,False,0.9574121315192744,12.44,6.7,2026-02-17 19:00:00+00:00,24.0,2026-01-31 23:00:00,2026-02-01T01:00:00+05:00,d05b3cae0b8e890efb085c68704c9fb8d2cbf736bedd6d6ce81594bf3efad63a,gfs_seamless,False
turbine_2,2026-02-18 20:00:00+00:00,48,0.9758349615541363,0.9758349615541363,False,False,0.9633299798792756,12.85,5.9,2026-02-17 19:00:00+00:00,25.0,2026-01-31 23:00:00,2026-02-01T01:00:00+05:00,d05b3cae0b8e890efb085c68704c9fb8d2cbf736bedd6d6ce81594bf3efad63a,gfs_seamless,False
turbine_2,2026-02-18 21:00:00+00:00,48,0.974340262644636,0.974340262644636,False,False,0.9574121315192744,12.42,5.4,2026-02-17 19:00:00+00:00,26.0,2026-01-31 23:00:00,2026-02-01T01:00:00+05:00,d05b3cae0b8e890efb085c68704c9fb8d2cbf736bedd6d6ce81594bf3efad63a,gfs_seamless,False
turbine_2,2026-02-18 22:00:00+00:00,48,0.9808157443474711,0.9808157443474711,False,False,0.9700600600600602,13.11,5.6,2026-02-17 19:00:00+00:00,27.0,2026-01-31 23:00:00,2026-02-01T01:00:00+05:00,d05b3cae0b8e890efb085c68704c9fb8d2cbf736bedd6d6ce81594bf3efad63a,gfs_seamless,False
turbine_2,2026-02-18 23:00:00+00:00,48,0.9741809703455686,0.9741809703455686,False,False,0.9574121315192744,12.3,5.7,2026-02-17 19:00:00+00:00,28.0,2026-01-31 23:00:00,2026-02-01T01:00:00+05:00,d05b3cae0b8e890efb085c68704c9fb8d2cbf736bedd6d6ce81594bf3efad63a,gfs_seamless,False
turbine_2,2026-02-19 00:00:00+00:00,48,0.9811648468316909,0.9811648468316909,False,False,0.9700600600600602,13.42,5.2,2026-02-17 19:00:00+00:00,29.0,2026-01-31 23:00:00,2026-02-01T01:00:00+05:00,d05b3cae0b8e890efb085c68704c9fb8d2cbf736bedd6d6ce81594bf3efad63a,gfs_seamless,False
turbine_2,2026-02-19 01:00:00+00:00,48,0.943984443043487,0.943984443043487,False,False,0.9574121315192744,12.28,5.3,2026-02-17 19:00:00+00:00,30.0,2026-01-31 23:00:00,2026-02-01T01:00:00+05:00,d05b3cae0b8e890efb085c68704c9fb8d2cbf736bedd6d6ce81594bf3efad63a,gfs_seamless,False
turbine_2,2026-02-19 02:00:00+00:00,48,0.96164667670049,0.96164667670049,False,False,0.9574121315192744,12.17,5.1,2026-02-17 19:00:00+00:00,31.0,2026-01-31 23:00:00,2026-02-01T01:00:00+05:00,d05b3cae0b8e890efb085c68704c9fb8d2cbf736bedd6d6ce81594bf3efad63a,gfs_seamless,False
turbine_2,2026-02-19 03:00:00+00:00,48,0.9506081425879511,0.9506081425879511,False,False,0.9257415902140673,11.42,6.9,2026-02-17 19:00:00+00:00,32.0,2026-01-31 23:00:00,2026-02-01T01:00:00+05:00,d05b3cae0b8e890efb085c68704c9fb8d2cbf736bedd6d6ce81594bf3efad63a,gfs_seamless,False
turbine_2,2026-02-19 04:00:00+00:00,48,0.9640205507842695,0.9640205507842695,False,False,0.9518670076726343,11.81,8.2,2026-02-17 19:00:00+00:00,33.0,2026-01-31 23:00:00,2026-02-01T01:00:00+05:00,d05b3cae0b8e890efb085c68704c9fb8d2cbf736bedd6d6ce81594bf3efad63a,gfs_seamless,False
turbine_2,2026-02-19 05:00:00+00:00,48,0.9348161677569321,0.9348161677569321,False,False,0.9257415902140673,11.09,10.4,2026-02-17 19:00:00+00:00,34.0,2026-01-31 23:00:00,2026-02-01T01:00:00+05:00,d05b3cae0b8e890efb085c68704c9fb8d2cbf736bedd6d6ce81594bf3efad63a,gfs_seamless,False
turbine_2,2026-02-19 06:00:00+00:00,48,0.9054417453914503,0.9054417453914503,False,False,0.8845606610237807,10.86,11.9,2026-02-17 19:00:00+00:00,35.0,2026-01-31 23:00:00,2026-02-01T01:00:00+05:00,d05b3cae0b8e890efb085c68704c9fb8d2cbf736bedd6d6ce81594bf3efad63a,gfs_seamless,False
turbine_2,2026-02-19 07:00:00+00:00,48,0.75827565702419,0.75827565702419,False,False,0.7536449275362319,9.68,13.6,2026-02-17 19:00:00+00:00,36.0,2026-01-31 23:00:00,2026-02-01T01:00:00+05:00,d05b3cae0b8e890efb085c68704c9fb8d2cbf736bedd6d6ce81594bf3efad63a,gfs_seamless,False
turbine_2,2026-02-19 08:00:00+00:00,48,0.576587437425444,0.576587437425444,False,False,0.5334922575387123,8.39,14.5,2026-02-17 19:00:00+00:00,37.0,2026-01-31 23:00:00,2026-02-01T01:00:00+05:00,d05b3cae0b8e890efb085c68704c9fb8d2cbf736bedd6d6ce81594bf3efad63a,gfs_seamless,False
turbine_2,2026-02-19 09:00:00+00:00,48,0.45257265584025097,0.45257265584025097,False,False,0.45997253690353584,7.56,14.9,2026-02-17 19:00:00+00:00,38.0,2026-01-31 23:00:00,2026-02-01T01:00:00+05:00,d05b3cae0b8e890efb085c68704c9fb8d2cbf736bedd6d6ce81594bf3efad63a,gfs_seamless,False
turbine_2,2026-02-19 10:00:00+00:00,48,0.3706223886672866,0.3706223886672866,False,False,0.3872421383647799,7.02,14.9,2026-02-17 19:00:00+00:00,39.0,2026-01-31 23:00:00,2026-02-01T01:00:00+05:00,d05b3cae0b8e890efb085c68704c9fb8d2cbf736bedd6d6ce81594bf3efad63a,gfs_seamless,False
turbine_2,2026-02-19 11:00:00+00:00,48,0.31924133501864344,0.31924133501864344,False,False,0.3134483750359506,6.65,14.6,2026-02-17 19:00:00+00:00,40.0,2026-01-31 23:00:00,2026-02-01T01:00:00+05:00,d05b3cae0b8e890efb085c68704c9fb8d2cbf736bedd6d6ce81594bf3efad63a,gfs_seamless,False
turbine_2,2026-02-19 12:00:00+00:00,48,0.4905346826623831,0.4905346826623831,False,False,0.45997253690353584,7.92,12.2,2026-02-17 19:00:00+00:00,41.0,2026-01-31 23:00:00,2026-02-01T01:00:00+05:00,d05b3cae0b8e890efb085c68704c9fb8d2cbf736bedd6d6ce81594bf3efad63a,gfs_seamless,False
turbine_2,2026-02-19 13:00:00+00:00,48,0.604917894219576,0.604917894219576,False,False,0.6162610815602837,8.59,10.6,2026-02-17 19:00:00+00:00,42.0,2026-01-31 23:00:00,2026-02-01T01:00:00+05:00,d05b3cae0b8e890efb085c68704c9fb8d2cbf736bedd6d6ce81594bf3efad63a,gfs_seamless,False
turbine_2,2026-02-19 14:00:00+00:00,48,0.6228898006152336,0.6228898006152336,False,False,0.6162610815602837,8.77,9.7,2026-02-17 19:00:00+00:00,43.0,2026-01-31 23:00:00,2026-02-01T01:00:00+05:00,d05b3cae0b8e890efb085c68704c9fb8d2cbf736bedd6d6ce81594bf3efad63a,gfs_seamless,False
turbine_2,2026-02-19 15:00:00+00:00,48,0.5349285423325144,0.5349285423325144,False,False,0.5334922575387123,8.26,9.7,2026-02-17 19:00:00+00:00,44.0,2026-01-31 23:00:00,2026-02-01T01:00:00+05:00,d05b3cae0b8e890efb085c68704c9fb8d2cbf736bedd6d6ce81594bf3efad63a,gfs_seamless,False
turbine_2,2026-02-19 16:00:00+00:00,48,0.41648345689177196,0.41648345689177196,False,False,0.3872421383647799,7.34,9.6,2026-02-17 19:00:00+00:00,45.0,2026-01-31 23:00:00,2026-02-01T01:00:00+05:00,d05b3cae0b8e890efb085c68704c9fb8d2cbf736bedd6d6ce81594bf3efad63a,gfs_seamless,False
turbine_2,2026-02-19 17:00:00+00:00,48,0.3594689274369085,0.3594689274369085,False,False,0.3134483750359506,6.99,9.7,2026-02-17 19:00:00+00:00,46.0,2026-01-31 23:00:00,2026-02-01T01:00:00+05:00,d05b3cae0b8e890efb085c68704c9fb8d2cbf736bedd6d6ce81594bf3efad63a,gfs_seamless,False
turbine_2,2026-02-19 18:00:00+00:00,48,0.24296812752280575,0.24296812752280575,False,False,0.24514071038251364,6.17,10.0,2026-02-17 19:00:00+00:00,47.0,2026-01-31 23:00:00,2026-02-01T01:00:00+05:00,d05b3cae0b8e890efb085c68704c9fb8d2cbf736bedd6d6ce81594bf3efad63a,gfs_seamless,False
turbine_2,2026-02-19 19:00:00+00:00,48,0.09325767708272084,0.09325767708272084,False,False,0.10500000000000001,4.68,9.5,2026-02-17 19:00:00+00:00,48.0,2026-01-31 23:00:00,2026-02-01T01:00:00+05:00,d05b3cae0b8e890efb085c68704c9fb8d2cbf736bedd6d6ce81594bf3efad63a,gfs_seamless,False
turbine_1,2026-02-18 20:00:00+00:00,24,0.9253462793970231,0.9253462793970231,False,False,0.9583879781420764,12.33,6.2,2026-02-18 19:00:00+00:00,1.0,2026-01-31 23:00:00,2026-02-01T01:00:00+05:00,e46d74629bd710750db40d5e9d8f3eadbaa20ee486e416572c0d88f6ec77ad79,gfs_seamless,False
turbine_1,2026-02-18 21:00:00+00:00,24,0.9913859800288027,0.9913859800288027,False,False,0.9761353467561521,13.01,5.9,2026-02-18 19:00:00+00:00,2.0,2026-01-31 23:00:00,2026-02-01T01:00:00+05:00,e46d74629bd710750db40d5e9d8f3eadbaa20ee486e416572c0d88f6ec77ad79,gfs_seamless,False
turbine_1,2026-02-18 22:00:00+00:00,24,0.9726763118170126,0.9726763118170126,False,False,0.9673371212121211,12.57,5.4,2026-02-18 19:00:00+00:00,3.0,2026-01-31 23:00:00,2026-02-01T01:00:00+05:00,e46d74629bd710750db40d5e9d8f3eadbaa20ee486e416572c0d88f6ec77ad79,gfs_seamless,False
turbine_1,2026-02-18 23:00:00+00:00,24,0.9410459847828876,0.9410459847828876,False,False,0.9583879781420764,12.17,5.6,2026-02-18 19:00:00+00:00,4.0,2026-01-31 23:00:00,2026-02-01T01:00:00+05:00,e46d74629bd710750db40d5e9d8f3eadbaa20ee486e416572c0d88f6ec77ad79,gfs_seamless,False
turbine_1,2026-02-19 00:00:00+00:00,24,0.9287695969790948,0.9287695969790948,False,False,0.8937111928104575,10.74,5.1,2026-02-18 19:00:00+00:00,5.0,2026-01-31 23:00:00,2026-02-01T01:00:00+05:00,e46d74629bd710750db40d5e9d8f3eadbaa20ee486e416572c0d88f6ec77ad79,gfs_seamless,False
turbine_1,2026-02-19 01:00:00+00:00,24,0.8971352669651439,0.8971352669651439,False,False,0.8301109660574413,10.39,5.3,2026-02-18 19:00:00+00:00,6.0,2026-01-31 23:00:00,2026-02-01T01:00:00+05:00,e46d74629bd710750db40d5e9d8f3eadbaa20ee486e416572c0d88f6ec77ad79,gfs_seamless,False
turbine_1,2026-02-19 02:00:00+00:00,24,0.9795276287360772,0.9795276287360772,False,False,0.9603525641025641,11.63,5.4,2026-02-18 19:00:00+00:00,7.0,2026-01-31 23:00:00,2026-02-01T01:00:00+05:00,e46d74629bd710750db40d5e9d8f3eadbaa20ee486e416572c0d88f6ec77ad79,gfs_seamless,False
turbine_1,2026-02-19 03:00:00+00:00,24,0.9053108664599273,0.9053108664599273,False,False,0.8937111928104575,10.55,7.0,2026-02-18 19:00:00+00:00,8.0,2026-01-31 23:00:00,2026-02-01T01:00:00+05:00,e46d74629bd710750db40d5e9d8f3eadbaa20ee486e416572c0d88f6ec77ad79,gfs_seamless,False
turbine_1,2026-02-19 04:00:00+00:00,24,0.9116290402388276,0.9116290402388276,False,False,0.8937111928104575,10.56,8.4,2026-02-18 19:00:00+00:00,9.0,2026-01-31 23:00:00,2026-02-01T01:00:00+05:00,e46d74629bd710750db40d5e9d8f3eadbaa20ee486e416572c0d88f6ec77ad79,gfs_seamless,False
turbine_1,2026-02-19 05:00:00+00:00,24,0.86023039360358,0.86023039360358,False,False,0.8301109660574413,10.11,10.3,2026-02-18 19:00:00+00:00,10.0,2026-01-31 23:00:00,2026-02-01T01:00:00+05:00,e46d74629bd710750db40d5e9d8f3eadbaa20ee486e416572c0d88f6ec77ad79,gfs_seamless,False
turbine_1,2026-02-19 06:00:00+00:00,24,0.8672269361834107,0.8672269361834107,False,False,0.8301109660574413,10.2,12.4,2026-02-18 19:00:00+00:00,11.0,2026-01-31 23:00:00,2026-02-01T01:00:00+05:00,e46d74629bd710750db40d5e9d8f3eadbaa20ee486e416572c0d88f6ec77ad79,gfs_seamless,False
turbine_1,2026-02-19 07:00:00+00:00,24,0.6899259610423717,0.6899259610423717,False,False,0.6955416051206302,9.1,14.2,2026-02-18 19:00:00+00:00,12.0,2026-01-31 23:00:00,2026-02-01T01:00:00+05:00,e46d74629bd710750db40d5e9d8f3eadbaa20ee486e416572c0d88f6ec77ad79,gfs_seamless,False
turbine_1,2026-02-19 08:00:00+00:00,24,0.5914091571654069,0.5914091571654069,False,False,0.5480688448074679,8.41,14.9,2026-02-18 19:00:00+00:00,13.0,2026-01-31 23:00:00,2026-02-01T01:00:00+05:00,e46d74629bd710750db40d5e9d8f3eadbaa20ee486e416572c0d88f6ec77ad79,gfs_seamless,False
turbine_1,2026-02-19 09:00:00+00:00,24,0.5225300536103981,0.5225300536103981,False,False,0.5480688448074679,8.04,14.8,2026-02-18 19:00:00+00:00,14.0,2026-01-31 23:00:00,2026-02-01T01:00:00+05:00,e46d74629bd710750db40d5e9d8f3eadbaa20ee486e416572c0d88f6ec77ad79,gfs_seamless,False
turbine_1,2026-02-19 10:00:00+00:00,24,0.36021992888170296,0.36021992888170296,False,False,0.3244547053649956,6.89,14.9,2026-02-18 19:00:00+00:00,15.0,2026-01-31 23:00:00,2026-02-01T01:00:00+05:00,e46d74629bd710750db40d5e9d8f3eadbaa20ee486e416572c0d88f6ec77ad79,gfs_seamless,False
turbine_1,2026-02-19 11:00:00+00:00,24,0.2767653976829991,0.2767653976829991,False,False,0.2560354184518709,6.28,14.3,2026-02-18 19:00:00+00:00,16.0,2026-01-31 23:00:00,2026-02-01T01:00:00+05:00,e46d74629bd710750db40d5e9d8f3eadbaa20ee486e416572c0d88f6ec77ad79,gfs_seamless,False
turbine_1,2026-02-19 12:00:00+00:00,24,0.27348340848657815,0.27348340848657815,False,False,0.2560354184518709,6.31,12.0,2026-02-18 19:00:00+00:00,17.0,2026-01-31 23:00:00,2026-02-01T01:00:00+05:00,e46d74629bd710750db40d5e9d8f3eadbaa20ee486e416572c0d88f6ec77ad79,gfs_seamless,False
turbine_1,2026-02-19 13:00:00+00:00,24,0.36585948275151076,0.36585948275151076,False,False,0.3244547053649956,6.94,10.4,2026-02-18 19:00:00+00:00,18.0,2026-01-31 23:00:00,2026-02-01T01:00:00+05:00,e46d74629bd710750db40d5e9d8f3eadbaa20ee486e416572c0d88f6ec77ad79,gfs_seamless,False
turbine_1,2026-02-19 14:00:00+00:00,24,0.41296166346241536,0.41296166346241536,False,False,0.3981808278867102,7.26,9.8,2026-02-18 19:00:00+00:00,19.0,2026-01-31 23:00:00,2026-02-01T01:00:00+05:00,e46d74629bd710750db40d5e9d8f3eadbaa20ee486e416572c0d88f6ec77ad79,gfs_seamless,False
turbine_1,2026-02-19 15:00:00+00:00,24,0.2717342183144224,0.2717342183144224,False,False,0.2560354184518709,6.41,10.3,2026-02-18 19:00:00+00:00,20.0,2026-01-31 23:00:00,2026-02-01T01:00:00+05:00,e46d74629bd710750db40d5e9d8f3eadbaa20ee486e416572c0d88f6ec77ad79,gfs_seamless,False
turbine_1,2026-02-19 16:00:00+00:00,24,0.14211640157167907,0.14211640157167907,False,False,0.14868314676616917,5.2,11.1,2026-02-18 19:00:00+00:00,21.0,2026-01-31 23:00:00,2026-02-01T01:00:00+05:00,e46d74629bd710750db40d5e9d8f3eadbaa20ee486e416572c0d88f6ec77ad79,gfs_seamless,False
turbine_1,2026-02-19 17:00:00+00:00,24,0.11594162131127465,0.11594162131127465,False,False,0.11167154471544716,4.98,10.1,2026-02-18 19:00:00+00:00,22.0,2026-01-31 23:00:00,2026-02-01T01:00:00+05:00,e46d74629bd710750db40d5e9d8f3eadbaa20ee486e416572c0d88f6ec77ad79,gfs_seamless,False
turbine_1,2026-02-19 18:00:00+00:00,24,0.1248967573407257,0.1248967573407257,False,False,0.14868314676616917,5.09,9.5,2026-02-18 19:00:00+00:00,23.0,2026-01-31 23:00:00,2026-02-01T01:00:00+05:00,e46d74629bd710750db40d5e9d8f3eadbaa20ee486e416572c0d88f6ec77ad79,gfs_seamless,False
turbine_1,2026-02-19 19:00:00+00:00,24,0.02051926991439037,0.02051926991439037,False,False,0.025215897939156035,2.93,8.7,2026-02-18 19:00:00+00:00,24.0,2026-01-31 23:00:00,2026-02-01T01:00:00+05:00,e46d74629bd710750db40d5e9d8f3eadbaa20ee486e416572c0d88f6ec77ad79,gfs_seamless,False
turbine_1,2026-02-19 20:00:00+00:00,48,0.02097726031218893,0.02097726031218893,False,False,0.025215897939156035,2.91,8.9,2026-02-18 19:00:00+00:00,25.0,2026-01-31 23:00:00,2026-02-01T01:00:00+05:00,e46d74629bd710750db40d5e9d8f3eadbaa20ee486e416572c0d88f6ec77ad79,gfs_seamless,False
turbine_1,2026-02-19 21:00:00+00:00,48,0.010539127501733001,0.010539127501733001,False,False,0.01102904972919744,1.84,8.8,2026-02-18 19:00:00+00:00,26.0,2026-01-31 23:00:00,2026-02-01T01:00:00+05:00,e46d74629bd710750db40d5e9d8f3eadbaa20ee486e416572c0d88f6ec77ad79,gfs_seamless,False
turbine_1,2026-02-19 22:00:00+00:00,48,0.009981222013678926,0.009981222013678926,False,False,0.009989159891598917,0.64,8.4,2026-02-18 19:00:00+00:00,27.0,2026-01-31 23:00:00,2026-02-01T01:00:00+05:00,e46d74629bd710750db40d5e9d8f3eadbaa20ee486e416572c0d88f6ec77ad79,gfs_seamless,False
turbine_1,2026-02-19 23:00:00+00:00,48,0.011132696836210664,0.011132696836210664,False,False,0.01599670263788969,2.0,8.8,2026-02-18 19:00:00+00:00,28.0,2026-01-31 23:00:00,2026-02-01T01:00:00+05:00,e46d74629bd710750db40d5e9d8f3eadbaa20ee486e416572c0d88f6ec77ad79,gfs_seamless,False
turbine_1,2026-02-20 00:00:00+00:00,48,0.04000673092975719,0.04000673092975719,False,False,0.0581515812431843,3.67,8.4,2026-02-18 19:00:00+00:00,29.0,2026-01-31 23:00:00,2026-02-01T01:00:00+05:00,e46d74629bd710750db40d5e9d8f3eadbaa20ee486e416572c0d88f6ec77ad79,gfs_seamless,False
turbine_1,2026-02-20 01:00:00+00:00,48,0.0788544785219399,0.0788544785219399,False,False,0.08138774811772757,4.39,8.1,2026-02-18 19:00:00+00:00,30.0,2026-01-31 23:00:00,2026-02-01T01:00:00+05:00,e46d74629bd710750db40d5e9d8f3eadbaa20ee486e416572c0d88f6ec77ad79,gfs_seamless,False
turbine_1,2026-02-20 02:00:00+00:00,48,0.0788544785219399,0.0788544785219399,False,False,0.08138774811772757,4.36,8.0,2026-02-18 19:00:00+00:00,31.0,2026-01-31 23:00:00,2026-02-01T01:00:00+05:00,e46d74629bd710750db40d5e9d8f3eadbaa20ee486e416572c0d88f6ec77ad79,gfs_seamless,False
turbine_1,2026-02-20 03:00:00+00:00,48,0.03140167492394317,0.03140167492394317,False,False,0.040077274323849665,3.4,9.3,2026-02-18 19:00:00+00:00,32.0,2026-01-31 23:00:00,2026-02-01T01:00:00+05:00,e46d74629bd710750db40d5e9d8f3eadbaa20ee486e416572c0d88f6ec77ad79,gfs_seamless,False
turbine_1,2026-02-20 04:00:00+00:00,48,0.013007283703396752,0.013007283703396752,False,False,0.01599670263788969,2.22,11.1,2026-02-18 19:00:00+00:00,33.0,2026-01-31 23:00:00,2026-02-01T01:00:00+05:00,e46d74629bd710750db40d5e9d8f3eadbaa20ee486e416572c0d88f6ec77ad79,gfs_seamless,False
turbine_1,2026-02-20 05:00:00+00:00,48,0.010294694375437981,0.010294694375437981,False,False,0.009961472602739725,1.34,12.4,2026-02-18 19:00:00+00:00,34.0,2026-01-31 23:00:00,2026-02-01T01:00:00+05:00,e46d74629bd710750db40d5e9d8f3eadbaa20ee486e416572c0d88f6ec77ad79,gfs_seamless,False
turbine_1,2026-02-20 06:00:00+00:00,48,0.12743074446838398,0.12743074446838398,False,False,0.11167154471544716,4.9,13.7,2026-02-18 19:00:00+00:00,35.0,2026-01-31 23:00:00,2026-02-01T01:00:00+05:00,e46d74629bd710750db40d5e9d8f3eadbaa20ee486e416572c0d88f6ec77ad79,gfs_seamless,False
turbine_1,2026-02-20 07:00:00+00:00,48,0.05390333398065584,0.05390333398065584,False,False,0.0581515812431843,3.73,14.4,2026-02-18 19:00:00+00:00,36.0,2026-01-31 23:00:00,2026-02-01T01:00:00+05:00,e46d74629bd710750db40d5e9d8f3eadbaa20ee486e416572c0d88f6ec77ad79,gfs_seamless,False
turbine_1,2026-02-20 08:00:00+00:00,48,0.017321835611858547,0.017321835611858547,False,False,0.025215897939156035,2.55,15.0,2026-02-18 19:00:00+00:00,37.0,2026-01-31 23:00:00,2026-02-01T01:00:00+05:00,e46d74629bd710750db40d5e9d8f3eadbaa20ee486e416572c0d88f6ec77ad79,gfs_seamless,False
turbine_1,2026-02-20 09:00:00+00:00,48,0.010380401343679426,0.010380401343679426,False,False,0.009961472602739725,1.2,15.4,2026-02-18 19:00:00+00:00,38.0,2026-01-31 23:00:00,2026-02-01T01:00:00+05:00,e46d74629bd710750db40d5e9d8f3eadbaa20ee486e416572c0d88f6ec77ad79,gfs_seamless,False
turbine_1,2026-02-20 10:00:00+00:00,48,0.010706116241879726,0.010706116241879726,False,False,0.01102904972919744,1.7,15.8,2026-02-18 19:00:00+00:00,39.0,2026-01-31 23:00:00,2026-02-01T01:00:00+05:00,e46d74629bd710750db40d5e9d8f3eadbaa20ee486e416572c0d88f6ec77ad79,gfs_seamless,False
turbine_1,2026-02-20 11:00:00+00:00,48,0.15704947739693917,0.15704947739693917,False,False,0.14868314676616917,5.25,15.3,2026-02-18 19:00:00+00:00,40.0,2026-01-31 23:00:00,2026-02-01T01:00:00+05:00,e46d74629bd710750db40d5e9d8f3eadbaa20ee486e416572c0d88f6ec77ad79,gfs_seamless,False
turbine_1,2026-02-20 12:00:00+00:00,48,0.03300816295236005,0.03300816295236005,False,False,0.040077274323849665,3.22,13.2,2026-02-18 19:00:00+00:00,41.0,2026-01-31 23:00:00,2026-02-01T01:00:00+05:00,e46d74629bd710750db40d5e9d8f3eadbaa20ee486e416572c0d88f6ec77ad79,gfs_seamless,False
turbine_1,2026-02-20 13:00:00+00:00,48,0.8863778968968365,0.8863778968968365,False,False,0.8301109660574413,10.33,11.7,2026-02-18 19:00:00+00:00,42.0,2026-01-31 23:00:00,2026-02-01T01:00:00+05:00,e46d74629bd710750db40d5e9d8f3eadbaa20ee486e416572c0d88f6ec77ad79,gfs_seamless,False
turbine_1,2026-02-20 14:00:00+00:00,48,0.9828969851177923,0.9828969851177923,False,False,0.9761353467561521,13.35,10.5,2026-02-18 19:00:00+00:00,43.0,2026-01-31 23:00:00,2026-02-01T01:00:00+05:00,e46d74629bd710750db40d5e9d8f3eadbaa20ee486e416572c0d88f6ec77ad79,gfs_seamless,False
turbine_1,2026-02-20 15:00:00+00:00,48,1.0009532904415208,0.9983333333333334,True,False,0.9672885572139301,14.15,9.9,2026-02-18 19:00:00+00:00,44.0,2026-01-31 23:00:00,2026-02-01T01:00:00+05:00,e46d74629bd710750db40d5e9d8f3eadbaa20ee486e416572c0d88f6ec77ad79,gfs_seamless,False
turbine_1,2026-02-20 16:00:00+00:00,48,0.9965605676204907,0.9965605676204907,False,False,0.9618518518518518,14.58,9.4,2026-02-18 19:00:00+00:00,45.0,2026-01-31 23:00:00,2026-02-01T01:00:00+05:00,e46d74629bd710750db40d5e9d8f3eadbaa20ee486e416572c0d88f6ec77ad79,gfs_seamless,False
turbine_1,2026-02-20 17:00:00+00:00,48,0.9822752127333937,0.9822752127333937,False,False,0.9672885572139301,14.13,8.7,2026-02-18 19:00:00+00:00,46.0,2026-01-31 23:00:00,2026-02-01T01:00:00+05:00,e46d74629bd710750db40d5e9d8f3eadbaa20ee486e416572c0d88f6ec77ad79,gfs_seamless,False
turbine_1,2026-02-20 18:00:00+00:00,48,0.98385160974519,0.98385160974519,False,False,0.9673371212121211,12.62,8.1,2026-02-18 19:00:00+00:00,47.0,2026-01-31 23:00:00,2026-02-01T01:00:00+05:00,e46d74629bd710750db40d5e9d8f3eadbaa20ee486e416572c0d88f6ec77ad79,gfs_seamless,False
turbine_1,2026-02-20 19:00:00+00:00,48,0.995554552998494,0.995554552998494,False,False,0.9583879781420764,12.17,7.6,2026-02-18 19:00:00+00:00,48.0,2026-01-31 23:00:00,2026-02-01T01:00:00+05:00,e46d74629bd710750db40d5e9d8f3eadbaa20ee486e416572c0d88f6ec77ad79,gfs_seamless,False
turbine_2,2026-02-18 20:00:00+00:00,24,0.9435993044325698,0.9435993044325698,False,False,0.9574121315192744,12.33,6.2,2026-02-18 19:00:00+00:00,1.0,2026-01-31 23:00:00,2026-02-01T01:00:00+05:00,d05b3cae0b8e890efb085c68704c9fb8d2cbf736bedd6d6ce81594bf3efad63a,gfs_seamless,False
turbine_2,2026-02-18 21:00:00+00:00,24,0.9786688145313346,0.9786688145313346,False,False,0.9700600600600602,13.01,5.9,2026-02-18 19:00:00+00:00,2.0,2026-01-31 23:00:00,2026-02-01T01:00:00+05:00,d05b3cae0b8e890efb085c68704c9fb8d2cbf736bedd6d6ce81594bf3efad63a,gfs_seamless,False
turbine_2,2026-02-18 22:00:00+00:00,24,0.9700059223853489,0.9700059223853489,False,False,0.9633299798792756,12.57,5.4,2026-02-18 19:00:00+00:00,3.0,2026-01-31 23:00:00,2026-02-01T01:00:00+05:00,d05b3cae0b8e890efb085c68704c9fb8d2cbf736bedd6d6ce81594bf3efad63a,gfs_seamless,False
turbine_2,2026-02-18 23:00:00+00:00,24,0.9634741442421135,0.9634741442421135,False,False,0.9574121315192744,12.17,5.6,2026-02-18 19:00:00+00:00,4.0,2026-01-31 23:00:00,2026-02-01T01:00:00+05:00,d05b3cae0b8e890efb085c68704c9fb8d2cbf736bedd6d6ce81594bf3efad63a,gfs_seamless,False
turbine_2,2026-02-19 00:00:00+00:00,24,0.9197759323801962,0.9197759323801962,False,False,0.8845606610237807,10.74,5.1,2026-02-18 19:00:00+00:00,5.0,2026-01-31 23:00:00,2026-02-01T01:00:00+05:00,d05b3cae0b8e890efb085c68704c9fb8d2cbf736bedd6d6ce81594bf3efad63a,gfs_seamless,False
turbine_2,2026-02-19 01:00:00+00:00,24,0.8475116253887075,0.8475116253887075,False,False,0.8240326184092941,10.39,5.3,2026-02-18 19:00:00+00:00,6.0,2026-01-31 23:00:00,2026-02-01T01:00:00+05:00,d05b3cae0b8e890efb085c68704c9fb8d2cbf736bedd6d6ce81594bf3efad63a,gfs_seamless,False
turbine_2,2026-02-19 02:00:00+00:00,24,0.9579229656914081,0.9579229656914081,False,False,0.9518670076726343,11.63,5.4,2026-02-18 19:00:00+00:00,7.0,2026-01-31 23:00:00,2026-02-01T01:00:00+05:00,d05b3cae0b8e890efb085c68704c9fb8d2cbf736bedd6d6ce81594bf3efad63a,gfs_seamless,False
turbine_2,2026-02-19 03:00:00+00:00,24,0.8939183496597141,0.8939183496597141,False,False,0.8845606610237807,10.55,7.0,2026-02-18 19:00:00+00:00,8.0,2026-01-31 23:00:00,2026-02-01T01:00:00+05:00,d05b3cae0b8e890efb085c68704c9fb8d2cbf736bedd6d6ce81594bf3efad63a,gfs_seamless,False
turbine_2,2026-02-19 04:00:00+00:00,24,0.8909199478290666,0.8909199478290666,False,False,0.8845606610237807,10.56,8.4,2026-02-18 19:00:00+00:00,9.0,2026-01-31 23:00:00,2026-02-01T01:00:00+05:00,d05b3cae0b8e890efb085c68704c9fb8d2cbf736bedd6d6ce81594bf3efad63a,gfs_seamless,False
turbine_2,2026-02-19 05:00:00+00:00,24,0.8376572290568824,0.8376572290568824,False,False,0.8240326184092941,10.11,10.3,2026-02-18 19:00:00+00:00,10.0,2026-01-31 23:00:00,2026-02-01T01:00:00+05:00,d05b3cae0b8e890efb085c68704c9fb8d2cbf736bedd6d6ce81594bf3efad63a,gfs_seamless,False
turbine_2,2026-02-19 06:00:00+00:00,24,0.7947428486773419,0.7947428486773419,False,False,0.8240326184092941,10.2,12.4,2026-02-18 19:00:00+00:00,11.0,2026-01-31 23:00:00,2026-02-01T01:00:00+05:00,d05b3cae0b8e890efb085c68704c9fb8d2cbf736bedd6d6ce81594bf3efad63a,gfs_seamless,False
turbine_2,2026-02-19 07:00:00+00:00,24,0.6179713778913232,0.6179713778913232,False,False,0.6742543244506779,9.1,14.2,2026-02-18 19:00:00+00:00,12.0,2026-01-31 23:00:00,2026-02-01T01:00:00+05:00,d05b3cae0b8e890efb085c68704c9fb8d2cbf736bedd6d6ce81594bf3efad63a,gfs_seamless,False
turbine_2,2026-02-19 08:00:00+00:00,24,0.5751487255912068,0.5751487255912068,False,False,0.5334922575387123,8.41,14.9,2026-02-18 19:00:00+00:00,13.0,2026-01-31 23:00:00,2026-02-01T01:00:00+05:00,d05b3cae0b8e890efb085c68704c9fb8d2cbf736bedd6d6ce81594bf3efad63a,gfs_seamless,False
turbine_2,2026-02-19 09:00:00+00:00,24,0.5232562834183356,0.5232562834183356,False,False,0.5334922575387123,8.04,14.8,2026-02-18 19:00:00+00:00,14.0,2026-01-31 23:00:00,2026-02-01T01:00:00+05:00,d05b3cae0b8e890efb085c68704c9fb8d2cbf736bedd6d6ce81594bf3efad63a,gfs_seamless,False
turbine_2,2026-02-19 10:00:00+00:00,24,0.3495107587083094,0.3495107587083094,False,False,0.3134483750359506,6.89,14.9,2026-02-18 19:00:00+00:00,15.0,2026-01-31 23:00:00,2026-02-01T01:00:00+05:00,d05b3cae0b8e890efb085c68704c9fb8d2cbf736bedd6d6ce81594bf3efad63a,gfs_seamless,False
turbine_2,2026-02-19 11:00:00+00:00,24,0.275997088145725,0.275997088145725,False,False,0.24514071038251364,6.28,14.3,2026-02-18 19:00:00+00:00,16.0,2026-01-31 23:00:00,2026-02-01T01:00:00+05:00,d05b3cae0b8e890efb085c68704c9fb8d2cbf736bedd6d6ce81594bf3efad63a,gfs_seamless,False
turbine_2,2026-02-19 12:00:00+00:00,24,0.27111803540542495,0.27111803540542495,False,False,0.24514071038251364,6.31,12.0,2026-02-18 19:00:00+00:00,17.0,2026-01-31 23:00:00,2026-02-01T01:00:00+05:00,d05b3cae0b8e890efb085c68704c9fb8d2cbf736bedd6d6ce81594bf3efad63a,gfs_seamless,False
turbine_2,2026-02-19 13:00:00+00:00,24,0.3597004603924261,0.3597004603924261,False,False,0.3134483750359506,6.94,10.4,2026-02-18 19:00:00+00:00,18.0,2026-01-31 23:00:00,2026-02-01T01:00:00+05:00,d05b3cae0b8e890efb085c68704c9fb8d2cbf736bedd6d6ce81594bf3efad63a,gfs_seamless,False
turbine_2,2026-02-19 14:00:00+00:00,24,0.39058303164004643,0.39058303164004643,False,False,0.3872421383647799,7.26,9.8,2026-02-18 19:00:00+00:00,19.0,2026-01-31 23:00:00,2026-02-01T01:00:00+05:00,d05b3cae0b8e890efb085c68704c9fb8d2cbf736bedd6d6ce81594bf3efad63a,gfs_seamless,False
turbine_2,2026-02-19 15:00:00+00:00,24,0.26736326930586723,0.26736326930586723,False,False,0.24514071038251364,6.41,10.3,2026-02-18 19:00:00+00:00,20.0,2026-01-31 23:00:00,2026-02-01T01:00:00+05:00,d05b3cae0b8e890efb085c68704c9fb8d2cbf736bedd6d6ce81594bf3efad63a,gfs_seamless,False
turbine_2,2026-02-19 16:00:00+00:00,24,0.13967419852575527,0.13967419852575527,False,False,0.14257562144354596,5.2,11.1,2026-02-18 19:00:00+00:00,21.0,2026-01-31 23:00:00,2026-02-01T01:00:00+05:00,d05b3cae0b8e890efb085c68704c9fb8d2cbf736bedd6d6ce81594bf3efad63a,gfs_seamless,False
turbine_2,2026-02-19 17:00:00+00:00,24,0.10952745418866075,0.10952745418866075,False,False,0.10500000000000001,4.98,10.1,2026-02-18 19:00:00+00:00,22.0,2026-01-31 23:00:00,2026-02-01T01:00:00+05:00,d05b3cae0b8e890efb085c68704c9fb8d2cbf736bedd6d6ce81594bf3efad63a,gfs_seamless,False
turbine_2,2026-02-19 18:00:00+00:00,24,0.11918861705305901,0.11918861705305901,False,False,0.14257562144354596,5.09,9.5,2026-02-18 19:00:00+00:00,23.0,2026-01-31 23:00:00,2026-02-01T01:00:00+05:00,d05b3cae0b8e890efb085c68704c9fb8d2cbf736bedd6d6ce81594bf3efad63a,gfs_seamless,False
turbine_2,2026-02-19 19:00:00+00:00,24,0.017329544996356607,0.017329544996356607,False,False,0.023970410628019325,2.93,8.7,2026-02-18 19:00:00+00:00,24.0,2026-01-31 23:00:00,2026-02-01T01:00:00+05:00,d05b3cae0b8e890efb085c68704c9fb8d2cbf736bedd6d6ce81594bf3efad63a,gfs_seamless,False
turbine_2,2026-02-19 20:00:00+00:00,48,0.017891108146091454,0.017891108146091454,False,False,0.023970410628019325,2.91,8.9,2026-02-18 19:00:00+00:00,25.0,2026-01-31 23:00:00,2026-02-01T01:00:00+05:00,d05b3cae0b8e890efb085c68704c9fb8d2cbf736bedd6d6ce81594bf3efad63a,gfs_seamless,False
turbine_2,2026-02-19 21:00:00+00:00,48,0.009936596977510858,0.009936596977510858,False,False,0.010127472003812246,1.84,8.8,2026-02-18 19:00:00+00:00,26.0,2026-01-31 23:00:00,2026-02-01T01:00:00+05:00,d05b3cae0b8e890efb085c68704c9fb8d2cbf736bedd6d6ce81594bf3efad63a,gfs_seamless,False
turbine_2,2026-02-19 22:00:00+00:00,48,0.009576305217229342,0.009576305217229342,False,False,0.009932126696832579,0.64,8.4,2026-02-18 19:00:00+00:00,27.0,2026-01-31 23:00:00,2026-02-01T01:00:00+05:00,d05b3cae0b8e890efb085c68704c9fb8d2cbf736bedd6d6ce81594bf3efad63a,gfs_seamless,False
turbine_2,2026-02-19 23:00:00+00:00,48,0.010450228930494595,0.010450228930494595,False,False,0.014608096468561586,2.0,8.8,2026-02-18 19:00:00+00:00,28.0,2026-01-31 23:00:00,2026-02-01T01:00:00+05:00,d05b3cae0b8e890efb085c68704c9fb8d2cbf736bedd6d6ce81594bf3efad63a,gfs_seamless,False
turbine_2,2026-02-20 00:00:00+00:00,48,0.034988839177934085,0.034988839177934085,False,False,0.0552395725611858,3.67,8.4,2026-02-18 19:00:00+00:00,29.0,2026-01-31 23:00:00,2026-02-01T01:00:00+05:00,d05b3cae0b8e890efb085c68704c9fb8d2cbf736bedd6d6ce81594bf3efad63a,gfs_seamless,False
turbine_2,2026-02-20 01:00:00+00:00,48,0.07564209986049159,0.07564209986049159,False,False,0.07894438894438895,4.39,8.1,2026-02-18 19:00:00+00:00,30.0,2026-01-31 23:00:00,2026-02-01T01:00:00+05:00,d05b3cae0b8e890efb085c68704c9fb8d2cbf736bedd6d6ce81594bf3efad63a,gfs_seamless,False
turbine_2,2026-02-20 02:00:00+00:00,48,0.06724334740818147,0.06724334740818147,False,False,0.07894438894438895,4.36,8.0,2026-02-18 19:00:00+00:00,31.0,2026-01-31 23:00:00,2026-02-01T01:00:00+05:00,d05b3cae0b8e890efb085c68704c9fb8d2cbf736bedd6d6ce81594bf3efad63a,gfs_seamless,False
turbine_2,2026-02-20 03:00:00+00:00,48,0.024656909255659696,0.024656909255659696,False,False,0.037099712368168745,3.4,9.3,2026-02-18 19:00:00+00:00,32.0,2026-01-31 23:00:00,2026-02-01T01:00:00+05:00,d05b3cae0b8e890efb085c68704c9fb8d2cbf736bedd6d6ce81594bf3efad63a,gfs_seamless,False
turbine_2,2026-02-20 04:00:00+00:00,48,0.011277221484691095,0.011277221484691095,False,False,0.014608096468561586,2.22,11.1,2026-02-18 19:00:00+00:00,33.0,2026-01-31 23:00:00,2026-02-01T01:00:00+05:00,d05b3cae0b8e890efb085c68704c9fb8d2cbf736bedd6d6ce81594bf3efad63a,gfs_seamless,False
turbine_2,2026-02-20 05:00:00+00:00,48,0.01120295693070037,0.01120295693070037,False,False,0.00971122112211221,1.34,12.4,2026-02-18 19:00:00+00:00,34.0,2026-01-31 23:00:00,2026-02-01T01:00:00+05:00,d05b3cae0b8e890efb085c68704c9fb8d2cbf736bedd6d6ce81594bf3efad63a,gfs_seamless,False
turbine_2,2026-02-20 06:00:00+00:00,48,0.1218762170475243,0.1218762170475243,False,False,0.10500000000000001,4.9,13.7,2026-02-18 19:00:00+00:00,35.0,2026-01-31 23:00:00,2026-02-01T01:00:00+05:00,d05b3cae0b8e890efb085c68704c9fb8d2cbf736bedd6d6ce81594bf3efad63a,gfs_seamless,False
turbine_2,2026-02-20 07:00:00+00:00,48,0.049187914302138376,0.049187914302138376,False,False,0.0552395725611858,3.73,14.4,2026-02-18 19:00:00+00:00,36.0,2026-01-31 23:00:00,2026-02-01T01:00:00+05:00,d05b3cae0b8e890efb085c68704c9fb8d2cbf736bedd6d6ce81594bf3efad63a,gfs_seamless,False
turbine_2,2026-02-20 08:00:00+00:00,48,0.01607300370835816,0.01607300370835816,False,False,0.023970410628019325,2.55,15.0,2026-02-18 19:00:00+00:00,37.0,2026-01-31 23:00:00,2026-02-01T01:00:00+05:00,d05b3cae0b8e890efb085c68704c9fb8d2cbf736bedd6d6ce81594bf3efad63a,gfs_seamless,False
turbine_2,2026-02-20 09:00:00+00:00,48,0.009869989108213517,0.009869989108213517,False,False,0.00971122112211221,1.2,15.4,2026-02-18 19:00:00+00:00,38.0,2026-01-31 23:00:00,2026-02-01T01:00:00+05:00,d05b3cae0b8e890efb085c68704c9fb8d2cbf736bedd6d6ce81594bf3efad63a,gfs_seamless,False
turbine_2,2026-02-20 10:00:00+00:00,48,0.010275779395197915,0.010275779395197915,False,False,0.010127472003812246,1.7,15.8,2026-02-18 19:00:00+00:00,39.0,2026-01-31 23:00:00,2026-02-01T01:00:00+05:00,d05b3cae0b8e890efb085c68704c9fb8d2cbf736bedd6d6ce81594bf3efad63a,gfs_seamless,False
turbine_2,2026-02-20 11:00:00+00:00,48,0.14863341547539635,0.14863341547539635,False,False,0.14257562144354596,5.25,15.3,2026-02-18 19:00:00+00:00,40.0,2026-01-31 23:00:00,2026-02-01T01:00:00+05:00,d05b3cae0b8e890efb085c68704c9fb8d2cbf736bedd6d6ce81594bf3efad63a,gfs_seamless,False
turbine_2,2026-02-20 12:00:00+00:00,48,0.02858896989982825,0.02858896989982825,False,False,0.037099712368168745,3.22,13.2,2026-02-18 19:00:00+00:00,41.0,2026-01-31 23:00:00,2026-02-01T01:00:00+05:00,d05b3cae0b8e890efb085c68704c9fb8d2cbf736bedd6d6ce81594bf3efad63a,gfs_seamless,False
turbine_2,2026-02-20 13:00:00+00:00,48,0.851685999645126,0.851685999645126,False,False,0.8240326184092941,10.33,11.7,2026-02-18 19:00:00+00:00,42.0,2026-01-31 23:00:00,2026-02-01T01:00:00+05:00,d05b3cae0b8e890efb085c68704c9fb8d2cbf736bedd6d6ce81594bf3efad63a,gfs_seamless,False
turbine_2,2026-02-20 14:00:00+00:00,48,0.974151652137976,0.974151652137976,False,False,0.9700600600600602,13.35,10.5,2026-02-18 19:00:00+00:00,43.0,2026-01-31 23:00:00,2026-02-01T01:00:00+05:00,d05b3cae0b8e890efb085c68704c9fb8d2cbf736bedd6d6ce81594bf3efad63a,gfs_seamless,False
turbine_2,2026-02-20 15:00:00+00:00,48,0.9716458423199373,0.9716458423199373,False,False,0.9603782505910166,14.15,9.9,2026-02-18 19:00:00+00:00,44.0,2026-01-31 23:00:00,2026-02-01T01:00:00+05:00,d05b3cae0b8e890efb085c68704c9fb8d2cbf736bedd6d6ce81594bf3efad63a,gfs_seamless,False
turbine_2,2026-02-20 16:00:00+00:00,48,0.9731902900575768,0.9731902900575768,False,False,0.962514880952381,14.58,9.4,2026-02-18 19:00:00+00:00,45.0,2026-01-31 23:00:00,2026-02-01T01:00:00+05:00,d05b3cae0b8e890efb085c68704c9fb8d2cbf736bedd6d6ce81594bf3efad63a,gfs_seamless,False
turbine_2,2026-02-20 17:00:00+00:00,48,0.9700608467987123,0.9700608467987123,False,False,0.9603782505910166,14.13,8.7,2026-02-18 19:00:00+00:00,46.0,2026-01-31 23:00:00,2026-02-01T01:00:00+05:00,d05b3cae0b8e890efb085c68704c9fb8d2cbf736bedd6d6ce81594bf3efad63a,gfs_seamless,False
turbine_2,2026-02-20 18:00:00+00:00,48,0.9532165296035858,0.9532165296035858,False,False,0.9633299798792756,12.62,8.1,2026-02-18 19:00:00+00:00,47.0,2026-01-31 23:00:00,2026-02-01T01:00:00+05:00,d05b3cae0b8e890efb085c68704c9fb8d2cbf736bedd6d6ce81594bf3efad63a,gfs_seamless,False
turbine_2,2026-02-20 19:00:00+00:00,48,0.9501792617308439,0.9501792617308439,False,False,0.9574121315192744,12.17,7.6,2026-02-18 19:00:00+00:00,48.0,2026-01-31 23:00:00,2026-02-01T01:00:00+05:00,d05b3cae0b8e890efb085c68704c9fb8d2cbf736bedd6d6ce81594bf3efad63a,gfs_seamless,False
turbine_1,2026-02-19 20:00:00+00:00,24,0.010117618902425227,0.010117618902425227,False,False,0.009989159891598917,0.92,9.0,2026-02-19 19:00:00+00:00,1.0,2026-01-31 23:00:00,2026-02-01T01:00:00+05:00,e46d74629bd710750db40d5e9d8f3eadbaa20ee486e416572c0d88f6ec77ad79,gfs_seamless,False
turbine_1,2026-02-19 21:00:00+00:00,24,0.010117618902425227,0.010117618902425227,False,False,0.01102904972919744,1.57,9.6,2026-02-19 19:00:00+00:00,2.0,2026-01-31 23:00:00,2026-02-01T01:00:00+05:00,e46d74629bd710750db40d5e9d8f3eadbaa20ee486e416572c0d88f6ec77ad79,gfs_seamless,False
turbine_1,2026-02-19 22:00:00+00:00,24,0.01535291296762635,0.01535291296762635,False,False,0.025215897939156035,2.5,9.3,2026-02-19 19:00:00+00:00,3.0,2026-01-31 23:00:00,2026-02-01T01:00:00+05:00,e46d74629bd710750db40d5e9d8f3eadbaa20ee486e416572c0d88f6ec77ad79,gfs_seamless,False
turbine_1,2026-02-19 23:00:00+00:00,24,0.025763708820476218,0.025763708820476218,False,False,0.040077274323849665,3.23,8.8,2026-02-19 19:00:00+00:00,4.0,2026-01-31 23:00:00,2026-02-01T01:00:00+05:00,e46d74629bd710750db40d5e9d8f3eadbaa20ee486e416572c0d88f6ec77ad79,gfs_seamless,False
turbine_1,2026-02-20 00:00:00+00:00,24,0.21510546216126916,0.21510546216126916,False,False,0.19472402597402597,5.89,8.9,2026-02-19 19:00:00+00:00,5.0,2026-01-31 23:00:00,2026-02-01T01:00:00+05:00,e46d74629bd710750db40d5e9d8f3eadbaa20ee486e416572c0d88f6ec77ad79,gfs_seamless,False
turbine_1,2026-02-20 01:00:00+00:00,24,0.2906329734004555,0.2906329734004555,False,False,0.3244547053649956,6.55,8.9,2026-02-19 19:00:00+00:00,6.0,2026-01-31 23:00:00,2026-02-01T01:00:00+05:00,e46d74629bd710750db40d5e9d8f3eadbaa20ee486e416572c0d88f6ec77ad79,gfs_seamless,False
turbine_1,2026-02-20 02:00:00+00:00,24,0.31542237605235374,0.31542237605235374,False,False,0.3244547053649956,6.76,8.8,2026-02-19 19:00:00+00:00,7.0,2026-01-31 23:00:00,2026-02-01T01:00:00+05:00,e46d74629bd710750db40d5e9d8f3eadbaa20ee486e416572c0d88f6ec77ad79,gfs_seamless,False
turbine_1,2026-02-20 03:00:00+00:00,24,0.3305612757452881,0.3305612757452881,False,False,0.3244547053649956,6.81,9.5,2026-02-19 19:00:00+00:00,8.0,2026-01-31 23:00:00,2026-02-01T01:00:00+05:00,e46d74629bd710750db40d5e9d8f3eadbaa20ee486e416572c0d88f6ec77ad79,gfs_seamless,False
turbine_1,2026-02-20 04:00:00+00:00,24,0.29491817795400377,0.29491817795400377,False,False,0.3244547053649956,6.51,11.2,2026-02-19 19:00:00+00:00,9.0,2026-01-31 23:00:00,2026-02-01T01:00:00+05:00,e46d74629bd710750db40d5e9d8f3eadbaa20ee486e416572c0d88f6ec77ad79,gfs_seamless,False
turbine_1,2026-02-20 05:00:00+00:00,24,0.27611898013304137,0.27611898013304137,False,False,0.2560354184518709,6.28,12.7,2026-02-19 19:00:00+00:00,10.0,2026-01-31 23:00:00,2026-02-01T01:00:00+05:00,e46d74629bd710750db40d5e9d8f3eadbaa20ee486e416572c0d88f6ec77ad79,gfs_seamless,False
turbine_1,2026-02-20 06:00:00+00:00,24,0.5266845130231449,0.5266845130231449,False,False,0.47519897772909825,7.98,12.4,2026-02-19 19:00:00+00:00,11.0,2026-01-31 23:00:00,2026-02-01T01:00:00+05:00,e46d74629bd710750db40d5e9d8f3eadbaa20ee486e416572c0d88f6ec77ad79,gfs_seamless,False
turbine_1,2026-02-20 07:00:00+00:00,24,0.42852945199589837,0.42852945199589837,False,False,0.3981808278867102,7.38,13.3,2026-02-19 19:00:00+00:00,12.0,2026-01-31 23:00:00,2026-02-01T01:00:00+05:00,e46d74629bd710750db40d5e9d8f3eadbaa20ee486e416572c0d88f6ec77ad79,gfs_seamless,False
turbine_1,2026-02-20 08:00:00+00:00,24,0.31356568617053604,0.31356568617053604,False,False,0.3244547053649956,6.6,14.1,2026-02-19 19:00:00+00:00,13.0,2026-01-31 23:00:00,2026-02-01T01:00:00+05:00,e46d74629bd710750db40d5e9d8f3eadbaa20ee486e416572c0d88f6ec77ad79,gfs_seamless,False
turbine_1,2026-02-20 09:00:00+00:00,24,0.1933417372500296,0.1933417372500296,False,False,0.19472402597402597,5.6,14.3,2026-02-19 19:00:00+00:00,14.0,2026-01-31 23:00:00,2026-02-01T01:00:00+05:00,e46d74629bd710750db40d5e9d8f3eadbaa20ee486e416572c0d88f6ec77ad79,gfs_seamless,False
turbine_1,2026-02-20 10:00:00+00:00,24,0.11253645996102618,0.11253645996102618,False,False,0.11167154471544716,4.75,14.3,2026-02-19 19:00:00+00:00,15.0,2026-01-31 23:00:00,2026-02-01T01:00:00+05:00,e46d74629bd710750db40d5e9d8f3eadbaa20ee486e416572c0d88f6ec77ad79,gfs_seamless,False
turbine_1,2026-02-20 11:00:00+00:00,24,0.056467145558220626,0.056467145558220626,False,False,0.0581515812431843,3.8,13.9,2026-02-19 19:00:00+00:00,16.0,2026-01-31 23:00:00,2026-02-01T01:00:00+05:00,e46d74629bd710750db40d5e9d8f3eadbaa20ee486e416572c0d88f6ec77ad79,gfs_seamless,False
turbine_1,2026-02-20 12:00:00+00:00,24,0.01492490320255691,0.01492490320255691,False,False,0.01599670263788969,2.47,12.5,2026-02-19 19:00:00+00:00,17.0,2026-01-31 23:00:00,2026-02-01T01:00:00+05:00,e46d74629bd710750db40d5e9d8f3eadbaa20ee486e416572c0d88f6ec77ad79,gfs_seamless,False
turbine_1,2026-02-20 13:00:00+00:00,24,0.014377700920239805,0.014377700920239805,False,False,0.01599670263788969,2.3,10.6,2026-02-19 19:00:00+00:00,18.0,2026-01-31 23:00:00,2026-02-01T01:00:00+05:00,e46d74629bd710750db40d5e9d8f3eadbaa20ee486e416572c0d88f6ec77ad79,gfs_seamless,False
turbine_1,2026-02-20 14:00:00+00:00,24,0.6095312187219512,0.6095312187219512,False,False,0.5480688448074679,8.49,10.2,2026-02-19 19:00:00+00:00,19.0,2026-01-31 23:00:00,2026-02-01T01:00:00+05:00,e46d74629bd710750db40d5e9d8f3eadbaa20ee486e416572c0d88f6ec77ad79,gfs_seamless,False
turbine_1,2026-02-20 15:00:00+00:00,24,0.9678618850475843,0.9678618850475843,False,False,0.9381677419354839,11.18,9.0,2026-02-19 19:00:00+00:00,20.0,2026-01-31 23:00:00,2026-02-01T01:00:00+05:00,e46d74629bd710750db40d5e9d8f3eadbaa20ee486e416572c0d88f6ec77ad79,gfs_seamless,False
turbine_1,2026-02-20 16:00:00+00:00,24,0.994639182090436,0.994639182090436,False,False,0.9673371212121211,12.94,8.7,2026-02-19 19:00:00+00:00,21.0,2026-01-31 23:00:00,2026-02-01T01:00:00+05:00,e46d74629bd710750db40d5e9d8f3eadbaa20ee486e416572c0d88f6ec77ad79,gfs_seamless,False
turbine_1,2026-02-20 17:00:00+00:00,24,0.9340860708320531,0.9340860708320531,False,False,0.9661001642036123,13.89,8.6,2026-02-19 19:00:00+00:00,22.0,2026-01-31 23:00:00,2026-02-01T01:00:00+05:00,e46d74629bd710750db40d5e9d8f3eadbaa20ee486e416572c0d88f6ec77ad79,gfs_seamless,False
turbine_1,2026-02-20 18:00:00+00:00,24,0.9471619524050661,0.9471619524050661,False,False,0.9761353467561521,13.34,8.3,2026-02-19 19:00:00+00:00,23.0,2026-01-31 23:00:00,2026-02-01T01:00:00+05:00,e46d74629bd710750db40d5e9d8f3eadbaa20ee486e416572c0d88f6ec77ad79,gfs_seamless,False
turbine_1,2026-02-20 19:00:00+00:00,24,0.935218093287222,0.935218093287222,False,False,0.9761353467561521,13.38,7.8,2026-02-19 19:00:00+00:00,24.0,2026-01-31 23:00:00,2026-02-01T01:00:00+05:00,e46d74629bd710750db40d5e9d8f3eadbaa20ee486e416572c0d88f6ec77ad79,gfs_seamless,False
turbine_1,2026-02-20 20:00:00+00:00,48,0.9852962444290743,0.9852962444290743,False,False,0.9583879781420764,12.13,7.1,2026-02-19 19:00:00+00:00,25.0,2026-01-31 23:00:00,2026-02-01T01:00:00+05:00,e46d74629bd710750db40d5e9d8f3eadbaa20ee486e416572c0d88f6ec77ad79,gfs_seamless,False
turbine_1,2026-02-20 21:00:00+00:00,48,0.9708621933885746,0.9708621933885746,False,False,0.9381677419354839,11.3,6.8,2026-02-19 19:00:00+00:00,26.0,2026-01-31 23:00:00,2026-02-01T01:00:00+05:00,e46d74629bd710750db40d5e9d8f3eadbaa20ee486e416572c0d88f6ec77ad79,gfs_seamless,False
turbine_1,2026-02-20 22:00:00+00:00,48,0.9141080867382188,0.9141080867382188,False,False,0.8937111928104575,10.53,6.5,2026-02-19 19:00:00+00:00,27.0,2026-01-31 23:00:00,2026-02-01T01:00:00+05:00,e46d74629bd710750db40d5e9d8f3eadbaa20ee486e416572c0d88f6ec77ad79,gfs_seamless,False
turbine_1,2026-02-20 23:00:00+00:00,48,0.8549307261548048,0.8549307261548048,False,False,0.8301109660574413,10.08,6.3,2026-02-19 19:00:00+00:00,28.0,2026-01-31 23:00:00,2026-02-01T01:00:00+05:00,e46d74629bd710750db40d5e9d8f3eadbaa20ee486e416572c0d88f6ec77ad79,gfs_seamless,False
turbine_1,2026-02-21 00:00:00+00:00,48,0.8719864084514828,0.8719864084514828,False,False,0.8301109660574413,10.31,5.7,2026-02-19 19:00:00+00:00,29.0,2026-01-31 23:00:00,2026-02-01T01:00:00+05:00,e46d74629bd710750db40d5e9d8f3eadbaa20ee486e416572c0d88f6ec77ad79,gfs_seamless,False
turbine_1,2026-02-21 01:00:00+00:00,48,0.802288799376324,0.802288799376324,False,False,0.7651013024602026,9.71,5.8,2026-02-19 19:00:00+00:00,30.0,2026-01-31 23:00:00,2026-02-01T01:00:00+05:00,e46d74629bd710750db40d5e9d8f3eadbaa20ee486e416572c0d88f6ec77ad79,gfs_seamless,False
turbine_1,2026-02-21 02:00:00+00:00,48,0.802288799376324,0.802288799376324,False,False,0.7651013024602026,9.75,6.2,2026-02-19 19:00:00+00:00,31.0,2026-01-31 23:00:00,2026-02-01T01:00:00+05:00,e46d74629bd710750db40d5e9d8f3eadbaa20ee486e416572c0d88f6ec77ad79,gfs_seamless,False
turbine_1,2026-02-21 03:00:00+00:00,48,0.7486979484657611,0.7486979484657611,False,False,0.7651013024602026,9.75,7.4,2026-02-19 19:00:00+00:00,32.0,2026-01-31 23:00:00,2026-02-01T01:00:00+05:00,e46d74629bd710750db40d5e9d8f3eadbaa20ee486e416572c0d88f6ec77ad79,gfs_seamless,False
turbine_1,2026-02-21 04:00:00+00:00,48,0.7201151275415213,0.7201151275415213,False,False,0.6955416051206302,9.24,9.0,2026-02-19 19:00:00+00:00,33.0,2026-01-31 23:00:00,2026-02-01T01:00:00+05:00,e46d74629bd710750db40d5e9d8f3eadbaa20ee486e416572c0d88f6ec77ad79,gfs_seamless,False
turbine_1,2026-02-21 05:00:00+00:00,48,0.21510546216126916,0.21510546216126916,False,False,0.19472402597402597,5.86,9.9,2026-02-19 19:00:00+00:00,34.0,2026-01-31 23:00:00,2026-02-01T01:00:00+05:00,e46d74629bd710750db40d5e9d8f3eadbaa20ee486e416572c0d88f6ec77ad79,gfs_seamless,False
turbine_1,2026-02-21 06:00:00+00:00,48,0.17933647331453526,0.17933647331453526,False,False,0.19472402597402597,5.5,10.8,2026-02-19 19:00:00+00:00,35.0,2026-01-31 23:00:00,2026-02-01T01:00:00+05:00,e46d74629bd710750db40d5e9d8f3eadbaa20ee486e416572c0d88f6ec77ad79,gfs_seamless,False
turbine_1,2026-02-21 07:00:00+00:00,48,0.33189792626191295,0.33189792626191295,False,False,0.3244547053649956,6.81,11.5,2026-02-19 19:00:00+00:00,36.0,2026-01-31 23:00:00,2026-02-01T01:00:00+05:00,e46d74629bd710750db40d5e9d8f3eadbaa20ee486e416572c0d88f6ec77ad79,gfs_seamless,False
turbine_1,2026-02-21 08:00:00+00:00,48,0.9900775483317118,0.9900775483317118,False,False,0.9650781249999999,15.11,9.0,2026-02-19 19:00:00+00:00,37.0,2026-01-31 23:00:00,2026-02-01T01:00:00+05:00,e46d74629bd710750db40d5e9d8f3eadbaa20ee486e416572c0d88f6ec77ad79,gfs_seamless,False
turbine_1,2026-02-21 09:00:00+00:00,48,0.991927798051396,0.991927798051396,False,False,0.9515384615384614,16.45,8.4,2026-02-19 19:00:00+00:00,38.0,2026-01-31 23:00:00,2026-02-01T01:00:00+05:00,e46d74629bd710750db40d5e9d8f3eadbaa20ee486e416572c0d88f6ec77ad79,gfs_seamless,False
turbine_1,2026-02-21 10:00:00+00:00,48,0.9959266409779138,0.9959266409779138,False,False,0.9673371212121211,12.51,7.9,2026-02-19 19:00:00+00:00,39.0,2026-01-31 23:00:00,2026-02-01T01:00:00+05:00,e46d74629bd710750db40d5e9d8f3eadbaa20ee486e416572c0d88f6ec77ad79,gfs_seamless,False
turbine_1,2026-02-21 11:00:00+00:00,48,0.9305338342700227,0.9305338342700227,False,False,0.8937111928104575,10.82,7.3,2026-02-19 19:00:00+00:00,40.0,2026-01-31 23:00:00,2026-02-01T01:00:00+05:00,e46d74629bd710750db40d5e9d8f3eadbaa20ee486e416572c0d88f6ec77ad79,gfs_seamless,False
turbine_1,2026-02-21 12:00:00+00:00,48,0.6813579913780624,0.6813579913780624,False,False,0.6267624521072798,8.93,5.5,2026-02-19 19:00:00+00:00,41.0,2026-01-31 23:00:00,2026-02-01T01:00:00+05:00,e46d74629bd710750db40d5e9d8f3eadbaa20ee486e416572c0d88f6ec77ad79,gfs_seamless,False
turbine_1,2026-02-21 13:00:00+00:00,48,0.5844004615085877,0.5844004615085877,False,False,0.5480688448074679,8.42,5.7,2026-02-19 19:00:00+00:00,42.0,2026-01-31 23:00:00,2026-02-01T01:00:00+05:00,e46d74629bd710750db40d5e9d8f3eadbaa20ee486e416572c0d88f6ec77ad79,gfs_seamless,False
turbine_1,2026-02-21 14:00:00+00:00,48,0.4333008867415225,0.4333008867415225,False,False,0.3981808278867102,7.41,6.0,2026-02-19 19:00:00+00:00,43.0,2026-01-31 23:00:00,2026-02-01T01:00:00+05:00,e46d74629bd710750db40d5e9d8f3eadbaa20ee486e416572c0d88f6ec77ad79,gfs_seamless,False
turbine_1,2026-02-21 15:00:00+00:00,48,0.6359276848330834,0.6359276848330834,False,False,0.6267624521072798,8.61,6.0,2026-02-19 19:00:00+00:00,44.0,2026-01-31 23:00:00,2026-02-01T01:00:00+05:00,e46d74629bd710750db40d5e9d8f3eadbaa20ee486e416572c0d88f6ec77ad79,gfs_seamless,False
turbine_1,2026-02-21 16:00:00+00:00,48,0.47440438231552623,0.47440438231552623,False,False,0.47519897772909825,7.62,5.1,2026-02-19 19:00:00+00:00,45.0,2026-01-31 23:00:00,2026-02-01T01:00:00+05:00,e46d74629bd710750db40d5e9d8f3eadbaa20ee486e416572c0d88f6ec77ad79,gfs_seamless,False
turbine_1,2026-02-21 17:00:00+00:00,48,0.30213992318435046,0.30213992318435046,False,False,0.3244547053649956,6.6,5.2,2026-02-19 19:00:00+00:00,46.0,2026-01-31 23:00:00,2026-02-01T01:00:00+05:00,e46d74629bd710750db40d5e9d8f3eadbaa20ee486e416572c0d88f6ec77ad79,gfs_seamless,False
turbine_1,2026-02-21 18:00:00+00:00,48,0.2700435320972162,0.2700435320972162,False,False,0.2560354184518709,6.43,5.3,2026-02-19 19:00:00+00:00,47.0,2026-01-31 23:00:00,2026-02-01T01:00:00+05:00,e46d74629bd710750db40d5e9d8f3eadbaa20ee486e416572c0d88f6ec77ad79,gfs_seamless,False
turbine_1,2026-02-21 19:00:00+00:00,48,0.30910403910477674,0.30910403910477674,False,False,0.3244547053649956,6.61,5.0,2026-02-19 19:00:00+00:00,48.0,2026-01-31 23:00:00,2026-02-01T01:00:00+05:00,e46d74629bd710750db40d5e9d8f3eadbaa20ee486e416572c0d88f6ec77ad79,gfs_seamless,False
turbine_2,2026-02-19 20:00:00+00:00,24,0.009941430262405652,0.009941430262405652,False,False,0.009932126696832579,0.92,9.0,2026-02-19 19:00:00+00:00,1.0,2026-01-31 23:00:00,2026-02-01T01:00:00+05:00,d05b3cae0b8e890efb085c68704c9fb8d2cbf736bedd6d6ce81594bf3efad63a,gfs_seamless,False
turbine_2,2026-02-19 21:00:00+00:00,24,0.009628406102570587,0.009628406102570587,False,False,0.010127472003812246,1.57,9.6,2026-02-19 19:00:00+00:00,2.0,2026-01-31 23:00:00,2026-02-01T01:00:00+05:00,d05b3cae0b8e890efb085c68704c9fb8d2cbf736bedd6d6ce81594bf3efad63a,gfs_seamless,False
turbine_2,2026-02-19 22:00:00+00:00,24,0.011098356669532383,0.011098356669532383,False,False,0.023970410628019325,2.5,9.3,2026-02-19 19:00:00+00:00,3.0,2026-01-31 23:00:00,2026-02-01T01:00:00+05:00,d05b3cae0b8e890efb085c68704c9fb8d2cbf736bedd6d6ce81594bf3efad63a,gfs_seamless,False
turbine_2,2026-02-19 23:00:00+00:00,24,0.02443793519271832,0.02443793519271832,False,False,0.037099712368168745,3.23,8.8,2026-02-19 19:00:00+00:00,4.0,2026-01-31 23:00:00,2026-02-01T01:00:00+05:00,d05b3cae0b8e890efb085c68704c9fb8d2cbf736bedd6d6ce81594bf3efad63a,gfs_seamless,False
turbine_2,2026-02-20 00:00:00+00:00,24,0.20214922300986113,0.20214922300986113,False,False,0.18799815254684613,5.89,8.9,2026-02-19 19:00:00+00:00,5.0,2026-01-31 23:00:00,2026-02-01T01:00:00+05:00,d05b3cae0b8e890efb085c68704c9fb8d2cbf736bedd6d6ce81594bf3efad63a,gfs_seamless,False
turbine_2,2026-02-20 01:00:00+00:00,24,0.30370311068942935,0.30370311068942935,False,False,0.3134483750359506,6.55,8.9,2026-02-19 19:00:00+00:00,6.0,2026-01-31 23:00:00,2026-02-01T01:00:00+05:00,d05b3cae0b8e890efb085c68704c9fb8d2cbf736bedd6d6ce81594bf3efad63a,gfs_seamless,False
turbine_2,2026-02-20 02:00:00+00:00,24,0.3184029018250464,0.3184029018250464,False,False,0.3134483750359506,6.76,8.8,2026-02-19 19:00:00+00:00,7.0,2026-01-31 23:00:00,2026-02-01T01:00:00+05:00,d05b3cae0b8e890efb085c68704c9fb8d2cbf736bedd6d6ce81594bf3efad63a,gfs_seamless,False
turbine_2,2026-02-20 03:00:00+00:00,24,0.3313805159681087,0.3313805159681087,False,False,0.3134483750359506,6.81,9.5,2026-02-19 19:00:00+00:00,8.0,2026-01-31 23:00:00,2026-02-01T01:00:00+05:00,d05b3cae0b8e890efb085c68704c9fb8d2cbf736bedd6d6ce81594bf3efad63a,gfs_seamless,False
turbine_2,2026-02-20 04:00:00+00:00,24,0.2906740610481488,0.2906740610481488,False,False,0.3134483750359506,6.51,11.2,2026-02-19 19:00:00+00:00,9.0,2026-01-31 23:00:00,2026-02-01T01:00:00+05:00,d05b3cae0b8e890efb085c68704c9fb8d2cbf736bedd6d6ce81594bf3efad63a,gfs_seamless,False
turbine_2,2026-02-20 05:00:00+00:00,24,0.2677949510400472,0.2677949510400472,False,False,0.24514071038251364,6.28,12.7,2026-02-19 19:00:00+00:00,10.0,2026-01-31 23:00:00,2026-02-01T01:00:00+05:00,d05b3cae0b8e890efb085c68704c9fb8d2cbf736bedd6d6ce81594bf3efad63a,gfs_seamless,False
turbine_2,2026-02-20 06:00:00+00:00,24,0.4851671279837152,0.4851671279837152,False,False,0.45997253690353584,7.98,12.4,2026-02-19 19:00:00+00:00,11.0,2026-01-31 23:00:00,2026-02-01T01:00:00+05:00,d05b3cae0b8e890efb085c68704c9fb8d2cbf736bedd6d6ce81594bf3efad63a,gfs_seamless,False
turbine_2,2026-02-20 07:00:00+00:00,24,0.4213238626026162,0.4213238626026162,False,False,0.3872421383647799,7.38,13.3,2026-02-19 19:00:00+00:00,12.0,2026-01-31 23:00:00,2026-02-01T01:00:00+05:00,d05b3cae0b8e890efb085c68704c9fb8d2cbf736bedd6d6ce81594bf3efad63a,gfs_seamless,False
turbine_2,2026-02-20 08:00:00+00:00,24,0.3120171123165948,0.3120171123165948,False,False,0.3134483750359506,6.6,14.1,2026-02-19 19:00:00+00:00,13.0,2026-01-31 23:00:00,2026-02-01T01:00:00+05:00,d05b3cae0b8e890efb085c68704c9fb8d2cbf736bedd6d6ce81594bf3efad63a,gfs_seamless,False
turbine_2,2026-02-20 09:00:00+00:00,24,0.18910692365458617,0.18910692365458617,False,False,0.18799815254684613,5.6,14.3,2026-02-19 19:00:00+00:00,14.0,2026-01-31 23:00:00,2026-02-01T01:00:00+05:00,d05b3cae0b8e890efb085c68704c9fb8d2cbf736bedd6d6ce81594bf3efad63a,gfs_seamless,False
turbine_2,2026-02-20 10:00:00+00:00,24,0.11312251967213115,0.11312251967213115,False,False,0.10500000000000001,4.75,14.3,2026-02-19 19:00:00+00:00,15.0,2026-01-31 23:00:00,2026-02-01T01:00:00+05:00,d05b3cae0b8e890efb085c68704c9fb8d2cbf736bedd6d6ce81594bf3efad63a,gfs_seamless,False
turbine_2,2026-02-20 11:00:00+00:00,24,0.055861010421152754,0.055861010421152754,False,False,0.0552395725611858,3.8,13.9,2026-02-19 19:00:00+00:00,16.0,2026-01-31 23:00:00,2026-02-01T01:00:00+05:00,d05b3cae0b8e890efb085c68704c9fb8d2cbf736bedd6d6ce81594bf3efad63a,gfs_seamless,False
turbine_2,2026-02-20 12:00:00+00:00,24,0.015389611705787426,0.015389611705787426,False,False,0.014608096468561586,2.47,12.5,2026-02-19 19:00:00+00:00,17.0,2026-01-31 23:00:00,2026-02-01T01:00:00+05:00,d05b3cae0b8e890efb085c68704c9fb8d2cbf736bedd6d6ce81594bf3efad63a,gfs_seamless,False
turbine_2,2026-02-20 13:00:00+00:00,24,0.011624817377284581,0.011624817377284581,False,False,0.014608096468561586,2.3,10.6,2026-02-19 19:00:00+00:00,18.0,2026-01-31 23:00:00,2026-02-01T01:00:00+05:00,d05b3cae0b8e890efb085c68704c9fb8d2cbf736bedd6d6ce81594bf3efad63a,gfs_seamless,False
turbine_2,2026-02-20 14:00:00+00:00,24,0.6087499100603136,0.6087499100603136,False,False,0.5334922575387123,8.49,10.2,2026-02-19 19:00:00+00:00,19.0,2026-01-31 23:00:00,2026-02-01T01:00:00+05:00,d05b3cae0b8e890efb085c68704c9fb8d2cbf736bedd6d6ce81594bf3efad63a,gfs_seamless,False
turbine_2,2026-02-20 15:00:00+00:00,24,0.9467569943726855,0.9467569943726855,False,False,0.9257415902140673,11.18,9.0,2026-02-19 19:00:00+00:00,20.0,2026-01-31 23:00:00,2026-02-01T01:00:00+05:00,d05b3cae0b8e890efb085c68704c9fb8d2cbf736bedd6d6ce81594bf3efad63a,gfs_seamless,False
turbine_2,2026-02-20 16:00:00+00:00,24,0.9732179383616204,0.9732179383616204,False,False,0.9633299798792756,12.94,8.7,2026-02-19 19:00:00+00:00,21.0,2026-01-31 23:00:00,2026-02-01T01:00:00+05:00,d05b3cae0b8e890efb085c68704c9fb8d2cbf736bedd6d6ce81594bf3efad63a,gfs_seamless,False
turbine_2,2026-02-20 17:00:00+00:00,24,0.9453967761576899,0.9453967761576899,False,False,0.9598799435028249,13.89,8.6,2026-02-19 19:00:00+00:00,22.0,2026-01-31 23:00:00,2026-02-01T01:00:00+05:00,d05b3cae0b8e890efb085c68704c9fb8d2cbf736bedd6d6ce81594bf3efad63a,gfs_seamless,False
turbine_2,2026-02-20 18:00:00+00:00,24,0.9764758782872127,0.9764758782872127,False,False,0.9700600600600602,13.34,8.3,2026-02-19 19:00:00+00:00,23.0,2026-01-31 23:00:00,2026-02-01T01:00:00+05:00,d05b3cae0b8e890efb085c68704c9fb8d2cbf736bedd6d6ce81594bf3efad63a,gfs_seamless,False
turbine_2,2026-02-20 19:00:00+00:00,24,0.9557818106779693,0.9557818106779693,False,False,0.9700600600600602,13.38,7.8,2026-02-19 19:00:00+00:00,24.0,2026-01-31 23:00:00,2026-02-01T01:00:00+05:00,d05b3cae0b8e890efb085c68704c9fb8d2cbf736bedd6d6ce81594bf3efad63a,gfs_seamless,False
turbine_2,2026-02-20 20:00:00+00:00,48,0.9526525042383862,0.9526525042383862,False,False,0.9574121315192744,12.13,7.1,2026-02-19 19:00:00+00:00,25.0,2026-01-31 23:00:00,2026-02-01T01:00:00+05:00,d05b3cae0b8e890efb085c68704c9fb8d2cbf736bedd6d6ce81594bf3efad63a,gfs_seamless,False
turbine_2,2026-02-20 21:00:00+00:00,48,0.9503438850927123,0.9503438850927123,False,False,0.9257415902140673,11.3,6.8,2026-02-19 19:00:00+00:00,26.0,2026-01-31 23:00:00,2026-02-01T01:00:00+05:00,d05b3cae0b8e890efb085c68704c9fb8d2cbf736bedd6d6ce81594bf3efad63a,gfs_seamless,False
turbine_2,2026-02-20 22:00:00+00:00,48,0.8809526415385556,0.8809526415385556,False,False,0.8845606610237807,10.53,6.5,2026-02-19 19:00:00+00:00,27.0,2026-01-31 23:00:00,2026-02-01T01:00:00+05:00,d05b3cae0b8e890efb085c68704c9fb8d2cbf736bedd6d6ce81594bf3efad63a,gfs_seamless,False
turbine_2,2026-02-20 23:00:00+00:00,48,0.7007751108550503,0.7007751108550503,False,False,0.8240326184092941,10.08,6.3,2026-02-19 19:00:00+00:00,28.0,2026-01-31 23:00:00,2026-02-01T01:00:00+05:00,d05b3cae0b8e890efb085c68704c9fb8d2cbf736bedd6d6ce81594bf3efad63a,gfs_seamless,False
turbine_2,2026-02-21 00:00:00+00:00,48,0.8656776357128215,0.8656776357128215,False,False,0.8240326184092941,10.31,5.7,2026-02-19 19:00:00+00:00,29.0,2026-01-31 23:00:00,2026-02-01T01:00:00+05:00,d05b3cae0b8e890efb085c68704c9fb8d2cbf736bedd6d6ce81594bf3efad63a,gfs_seamless,False
turbine_2,2026-02-21 01:00:00+00:00,48,0.7715514533217589,0.7715514533217589,False,False,0.7536449275362319,9.71,5.8,2026-02-19 19:00:00+00:00,30.0,2026-01-31 23:00:00,2026-02-01T01:00:00+05:00,d05b3cae0b8e890efb085c68704c9fb8d2cbf736bedd6d6ce81594bf3efad63a,gfs_seamless,False
turbine_2,2026-02-21 02:00:00+00:00,48,0.5537754128446157,0.5537754128446157,False,False,0.7536449275362319,9.75,6.2,2026-02-19 19:00:00+00:00,31.0,2026-01-31 23:00:00,2026-02-01T01:00:00+05:00,d05b3cae0b8e890efb085c68704c9fb8d2cbf736bedd6d6ce81594bf3efad63a,gfs_seamless,False
turbine_2,2026-02-21 03:00:00+00:00,48,0.7849224291336253,0.7849224291336253,False,False,0.7536449275362319,9.75,7.4,2026-02-19 19:00:00+00:00,32.0,2026-01-31 23:00:00,2026-02-01T01:00:00+05:00,d05b3cae0b8e890efb085c68704c9fb8d2cbf736bedd6d6ce81594bf3efad63a,gfs_seamless,False
turbine_2,2026-02-21 04:00:00+00:00,48,0.7076920916988914,0.7076920916988914,False,False,0.6742543244506779,9.24,9.0,2026-02-19 19:00:00+00:00,33.0,2026-01-31 23:00:00,2026-02-01T01:00:00+05:00,d05b3cae0b8e890efb085c68704c9fb8d2cbf736bedd6d6ce81594bf3efad63a,gfs_seamless,False
turbine_2,2026-02-21 05:00:00+00:00,48,0.19629903316421107,0.19629903316421107,False,False,0.18799815254684613,5.86,9.9,2026-02-19 19:00:00+00:00,34.0,2026-01-31 23:00:00,2026-02-01T01:00:00+05:00,d05b3cae0b8e890efb085c68704c9fb8d2cbf736bedd6d6ce81594bf3efad63a,gfs_seamless,False
turbine_2,2026-02-21 06:00:00+00:00,48,0.1605068888420282,0.1605068888420282,False,False,0.18799815254684613,5.5,10.8,2026-02-19 19:00:00+00:00,35.0,2026-01-31 23:00:00,2026-02-01T01:00:00+05:00,d05b3cae0b8e890efb085c68704c9fb8d2cbf736bedd6d6ce81594bf3efad63a,gfs_seamless,False
turbine_2,2026-02-21 07:00:00+00:00,48,0.3326141246500001,0.3326141246500001,False,False,0.3134483750359506,6.81,11.5,2026-02-19 19:00:00+00:00,36.0,2026-01-31 23:00:00,2026-02-01T01:00:00+05:00,d05b3cae0b8e890efb085c68704c9fb8d2cbf736bedd6d6ce81594bf3efad63a,gfs_seamless,False
turbine_2,2026-02-21 08:00:00+00:00,48,0.9716153265951667,0.9716153265951667,False,False,0.9496153846153847,15.11,9.0,2026-02-19 19:00:00+00:00,37.0,2026-01-31 23:00:00,2026-02-01T01:00:00+05:00,d05b3cae0b8e890efb085c68704c9fb8d2cbf736bedd6d6ce81594bf3efad63a,gfs_seamless,False
turbine_2,2026-02-21 09:00:00+00:00,48,0.9681996960741021,0.9681996960741021,False,False,0.9726666666666667,16.45,8.4,2026-02-19 19:00:00+00:00,38.0,2026-01-31 23:00:00,2026-02-01T01:00:00+05:00,d05b3cae0b8e890efb085c68704c9fb8d2cbf736bedd6d6ce81594bf3efad63a,gfs_seamless,False
turbine_2,2026-02-21 10:00:00+00:00,48,0.9663408615362143,0.9663408615362143,False,False,0.9633299798792756,12.51,7.9,2026-02-19 19:00:00+00:00,39.0,2026-01-31 23:00:00,2026-02-01T01:00:00+05:00,d05b3cae0b8e890efb085c68704c9fb8d2cbf736bedd6d6ce81594bf3efad63a,gfs_seamless,False
turbine_2,2026-02-21 11:00:00+00:00,48,0.9235074152764132,0.9235074152764132,False,False,0.8845606610237807,10.82,7.3,2026-02-19 19:00:00+00:00,40.0,2026-01-31 23:00:00,2026-02-01T01:00:00+05:00,d05b3cae0b8e890efb085c68704c9fb8d2cbf736bedd6d6ce81594bf3efad63a,gfs_seamless,False
turbine_2,2026-02-21 12:00:00+00:00,48,0.654596146721441,0.654596146721441,False,False,0.6162610815602837,8.93,5.5,2026-02-19 19:00:00+00:00,41.0,2026-01-31 23:00:00,2026-02-01T01:00:00+05:00,d05b3cae0b8e890efb085c68704c9fb8d2cbf736bedd6d6ce81594bf3efad63a,gfs_seamless,False
turbine_2,2026-02-21 13:00:00+00:00,48,0.5793145971897662,0.5793145971897662,False,False,0.5334922575387123,8.42,5.7,2026-02-19 19:00:00+00:00,42.0,2026-01-31 23:00:00,2026-02-01T01:00:00+05:00,d05b3cae0b8e890efb085c68704c9fb8d2cbf736bedd6d6ce81594bf3efad63a,gfs_seamless,False
turbine_2,2026-02-21 14:00:00+00:00,48,0.41020481212711724,0.41020481212711724,False,False,0.3872421383647799,7.41,6.0,2026-02-19 19:00:00+00:00,43.0,2026-01-31 23:00:00,2026-02-01T01:00:00+05:00,d05b3cae0b8e890efb085c68704c9fb8d2cbf736bedd6d6ce81594bf3efad63a,gfs_seamless,False
turbine_2,2026-02-21 15:00:00+00:00,48,0.5658856881376657,0.5658856881376657,False,False,0.6162610815602837,8.61,6.0,2026-02-19 19:00:00+00:00,44.0,2026-01-31 23:00:00,2026-02-01T01:00:00+05:00,d05b3cae0b8e890efb085c68704c9fb8d2cbf736bedd6d6ce81594bf3efad63a,gfs_seamless,False
turbine_2,2026-02-21 16:00:00+00:00,48,0.4313261479127057,0.4313261479127057,False,False,0.45997253690353584,7.62,5.1,2026-02-19 19:00:00+00:00,45.0,2026-01-31 23:00:00,2026-02-01T01:00:00+05:00,d05b3cae0b8e890efb085c68704c9fb8d2cbf736bedd6d6ce81594bf3efad63a,gfs_seamless,False
turbine_2,2026-02-21 17:00:00+00:00,48,0.2766363478679369,0.2766363478679369,False,False,0.3134483750359506,6.6,5.2,2026-02-19 19:00:00+00:00,46.0,2026-01-31 23:00:00,2026-02-01T01:00:00+05:00,d05b3cae0b8e890efb085c68704c9fb8d2cbf736bedd6d6ce81594bf3efad63a,gfs_seamless,False
turbine_2,2026-02-21 18:00:00+00:00,48,0.2498350580036318,0.2498350580036318,False,False,0.24514071038251364,6.43,5.3,2026-02-19 19:00:00+00:00,47.0,2026-01-31 23:00:00,2026-02-01T01:00:00+05:00,d05b3cae0b8e890efb085c68704c9fb8d2cbf736bedd6d6ce81594bf3efad63a,gfs_seamless,False
turbine_2,2026-02-21 19:00:00+00:00,48,0.2766363478679369,0.2766363478679369,False,False,0.3134483750359506,6.61,5.0,2026-02-19 19:00:00+00:00,48.0,2026-01-31 23:00:00,2026-02-01T01:00:00+05:00,d05b3cae0b8e890efb085c68704c9fb8d2cbf736bedd6d6ce81594bf3efad63a,gfs_seamless,False
turbine_1,2026-02-20 20:00:00+00:00,24,0.9916868875014727,0.9916868875014727,False,False,0.9761353467561521,13.21,7.4,2026-02-20 19:00:00+00:00,1.0,2026-01-31 23:00:00,2026-02-01T01:00:00+05:00,e46d74629bd710750db40d5e9d8f3eadbaa20ee486e416572c0d88f6ec77ad79,gfs_seamless,False
turbine_1,2026-02-20 21:00:00+00:00,24,0.9891601695436195,0.9891601695436195,False,False,0.9673371212121211,12.79,7.1,2026-02-20 19:00:00+00:00,2.0,2026-01-31 23:00:00,2026-02-01T01:00:00+05:00,e46d74629bd710750db40d5e9d8f3eadbaa20ee486e416572c0d88f6ec77ad79,gfs_seamless,False
turbine_1,2026-02-20 22:00:00+00:00,24,0.9797713178305085,0.9797713178305085,False,False,0.9583879781420764,12.08,6.6,2026-02-20 19:00:00+00:00,3.0,2026-01-31 23:00:00,2026-02-01T01:00:00+05:00,e46d74629bd710750db40d5e9d8f3eadbaa20ee486e416572c0d88f6ec77ad79,gfs_seamless,False
turbine_1,2026-02-20 23:00:00+00:00,24,0.9737486940485551,0.9737486940485551,False,False,0.9381677419354839,11.42,6.1,2026-02-20 19:00:00+00:00,4.0,2026-01-31 23:00:00,2026-02-01T01:00:00+05:00,e46d74629bd710750db40d5e9d8f3eadbaa20ee486e416572c0d88f6ec77ad79,gfs_seamless,False
turbine_1,2026-02-21 00:00:00+00:00,24,0.9709244140177962,0.9709244140177962,False,False,0.9381677419354839,11.21,5.3,2026-02-20 19:00:00+00:00,5.0,2026-01-31 23:00:00,2026-02-01T01:00:00+05:00,e46d74629bd710750db40d5e9d8f3eadbaa20ee486e416572c0d88f6ec77ad79,gfs_seamless,False
turbine_1,2026-02-21 01:00:00+00:00,24,0.9305815040836212,0.9305815040836212,False,False,0.8937111928104575,10.78,5.3,2026-02-20 19:00:00+00:00,6.0,2026-01-31 23:00:00,2026-02-01T01:00:00+05:00,e46d74629bd710750db40d5e9d8f3eadbaa20ee486e416572c0d88f6ec77ad79,gfs_seamless,False
turbine_1,2026-02-21 02:00:00+00:00,24,0.9737486940485551,0.9737486940485551,False,False,0.9381677419354839,11.45,6.0,2026-02-20 19:00:00+00:00,7.0,2026-01-31 23:00:00,2026-02-01T01:00:00+05:00,e46d74629bd710750db40d5e9d8f3eadbaa20ee486e416572c0d88f6ec77ad79,gfs_seamless,False
turbine_1,2026-02-21 03:00:00+00:00,24,0.8048792810236007,0.8048792810236007,False,False,0.8301109660574413,10.0,7.4,2026-02-20 19:00:00+00:00,8.0,2026-01-31 23:00:00,2026-02-01T01:00:00+05:00,e46d74629bd710750db40d5e9d8f3eadbaa20ee486e416572c0d88f6ec77ad79,gfs_seamless,False
turbine_1,2026-02-21 04:00:00+00:00,24,0.8763481760024978,0.8763481760024978,False,False,0.8301109660574413,10.25,8.3,2026-02-20 19:00:00+00:00,9.0,2026-01-31 23:00:00,2026-02-01T01:00:00+05:00,e46d74629bd710750db40d5e9d8f3eadbaa20ee486e416572c0d88f6ec77ad79,gfs_seamless,False
turbine_1,2026-02-21 05:00:00+00:00,24,0.3643202675301222,0.3643202675301222,False,False,0.3244547053649956,6.95,9.4,2026-02-20 19:00:00+00:00,10.0,2026-01-31 23:00:00,2026-02-01T01:00:00+05:00,e46d74629bd710750db40d5e9d8f3eadbaa20ee486e416572c0d88f6ec77ad79,gfs_seamless,False
turbine_1,2026-02-21 06:00:00+00:00,24,0.010551368953443005,0.010551368953443005,False,False,0.01,0.32,10.4,2026-02-20 19:00:00+00:00,11.0,2026-01-31 23:00:00,2026-02-01T01:00:00+05:00,e46d74629bd710750db40d5e9d8f3eadbaa20ee486e416572c0d88f6ec77ad79,gfs_seamless,False
turbine_1,2026-02-21 07:00:00+00:00,24,0.9857923320060606,0.9857923320060606,False,False,0.989047619047619,17.92,10.7,2026-02-20 19:00:00+00:00,12.0,2026-01-31 23:00:00,2026-02-01T01:00:00+05:00,e46d74629bd710750db40d5e9d8f3eadbaa20ee486e416572c0d88f6ec77ad79,gfs_seamless,False
turbine_1,2026-02-21 08:00:00+00:00,24,0.9740466835841546,0.9740466835841546,False,False,0.9761353467561521,13.36,9.0,2026-02-20 19:00:00+00:00,13.0,2026-01-31 23:00:00,2026-02-01T01:00:00+05:00,e46d74629bd710750db40d5e9d8f3eadbaa20ee486e416572c0d88f6ec77ad79,gfs_seamless,False
turbine_1,2026-02-21 09:00:00+00:00,24,0.9984357069013277,0.9983333333333334,True,False,0.9894999999999999,16.54,8.7,2026-02-20 19:00:00+00:00,14.0,2026-01-31 23:00:00,2026-02-01T01:00:00+05:00,e46d74629bd710750db40d5e9d8f3eadbaa20ee486e416572c0d88f6ec77ad79,gfs_seamless,False
turbine_1,2026-02-21 10:00:00+00:00,24,0.9319998047237256,0.9319998047237256,False,False,0.9661001642036123,13.51,7.3,2026-02-20 19:00:00+00:00,15.0,2026-01-31 23:00:00,2026-02-01T01:00:00+05:00,e46d74629bd710750db40d5e9d8f3eadbaa20ee486e416572c0d88f6ec77ad79,gfs_seamless,False
turbine_1,2026-02-21 11:00:00+00:00,24,0.9826036804017932,0.9826036804017932,False,False,0.9583879781420764,12.42,7.0,2026-02-20 19:00:00+00:00,16.0,2026-01-31 23:00:00,2026-02-01T01:00:00+05:00,e46d74629bd710750db40d5e9d8f3eadbaa20ee486e416572c0d88f6ec77ad79,gfs_seamless,False
turbine_1,2026-02-21 12:00:00+00:00,24,0.7196806491751165,0.7196806491751165,False,False,0.7651013024602026,9.5,7.2,2026-02-20 19:00:00+00:00,17.0,2026-01-31 23:00:00,2026-02-01T01:00:00+05:00,e46d74629bd710750db40d5e9d8f3eadbaa20ee486e416572c0d88f6ec77ad79,gfs_seamless,False
turbine_1,2026-02-21 13:00:00+00:00,24,0.9293721741877411,0.9293721741877411,False,False,0.8937111928104575,10.79,6.2,2026-02-20 19:00:00+00:00,18.0,2026-01-31 23:00:00,2026-02-01T01:00:00+05:00,e46d74629bd710750db40d5e9d8f3eadbaa20ee486e416572c0d88f6ec77ad79,gfs_seamless,False
turbine_1,2026-02-21 14:00:00+00:00,24,0.9524743531539386,0.9524743531539386,False,False,0.9381677419354839,11.29,5.7,2026-02-20 19:00:00+00:00,19.0,2026-01-31 23:00:00,2026-02-01T01:00:00+05:00,e46d74629bd710750db40d5e9d8f3eadbaa20ee486e416572c0d88f6ec77ad79,gfs_seamless,False
turbine_1,2026-02-21 15:00:00+00:00,24,0.8320971622880957,0.8320971622880957,False,False,0.7651013024602026,9.96,6.6,2026-02-20 19:00:00+00:00,20.0,2026-01-31 23:00:00,2026-02-01T01:00:00+05:00,e46d74629bd710750db40d5e9d8f3eadbaa20ee486e416572c0d88f6ec77ad79,gfs_seamless,False
turbine_1,2026-02-21 16:00:00+00:00,24,0.49385616363393253,0.49385616363393253,False,False,0.47519897772909825,7.72,6.7,2026-02-20 19:00:00+00:00,21.0,2026-01-31 23:00:00,2026-02-01T01:00:00+05:00,e46d74629bd710750db40d5e9d8f3eadbaa20ee486e416572c0d88f6ec77ad79,gfs_seamless,False
turbine_1,2026-02-21 17:00:00+00:00,24,0.20694372384084886,0.20694372384084886,False,False,0.19472402597402597,5.92,6.7,2026-02-20 19:00:00+00:00,22.0,2026-01-31 23:00:00,2026-02-01T01:00:00+05:00,e46d74629bd710750db40d5e9d8f3eadbaa20ee486e416572c0d88f6ec77ad79,gfs_seamless,False
turbine_1,2026-02-21 18:00:00+00:00,24,0.015273366547206485,0.015273366547206485,False,False,0.025215897939156035,2.69,5.6,2026-02-20 19:00:00+00:00,23.0,2026-01-31 23:00:00,2026-02-01T01:00:00+05:00,e46d74629bd710750db40d5e9d8f3eadbaa20ee486e416572c0d88f6ec77ad79,gfs_seamless,False
turbine_1,2026-02-21 19:00:00+00:00,24,0.01113547772593954,0.01113547772593954,False,False,0.01599670263788969,2.14,4.9,2026-02-20 19:00:00+00:00,24.0,2026-01-31 23:00:00,2026-02-01T01:00:00+05:00,e46d74629bd710750db40d5e9d8f3eadbaa20ee486e416572c0d88f6ec77ad79,gfs_seamless,False
turbine_1,2026-02-21 20:00:00+00:00,48,0.1553635319208074,0.1553635319208074,False,False,0.19472402597402597,5.5,4.6,2026-02-20 19:00:00+00:00,25.0,2026-01-31 23:00:00,2026-02-01T01:00:00+05:00,e46d74629bd710750db40d5e9d8f3eadbaa20ee486e416572c0d88f6ec77ad79,gfs_seamless,False
turbine_1,2026-02-21 21:00:00+00:00,48,0.05333628245711362,0.05333628245711362,False,False,0.08138774811772757,4.18,3.8,2026-02-20 19:00:00+00:00,26.0,2026-01-31 23:00:00,2026-02-01T01:00:00+05:00,e46d74629bd710750db40d5e9d8f3eadbaa20ee486e416572c0d88f6ec77ad79,gfs_seamless,False
turbine_1,2026-02-21 22:00:00+00:00,48,0.01450341963750821,0.01450341963750821,False,False,0.025215897939156035,2.57,3.0,2026-02-20 19:00:00+00:00,27.0,2026-01-31 23:00:00,2026-02-01T01:00:00+05:00,e46d74629bd710750db40d5e9d8f3eadbaa20ee486e416572c0d88f6ec77ad79,gfs_seamless,False
turbine_1,2026-02-21 23:00:00+00:00,48,0.010129594463769332,0.010129594463769332,False,False,0.009989159891598917,0.54,2.5,2026-02-20 19:00:00+00:00,28.0,2026-01-31 23:00:00,2026-02-01T01:00:00+05:00,e46d74629bd710750db40d5e9d8f3eadbaa20ee486e416572c0d88f6ec77ad79,gfs_seamless,False
turbine_1,2026-02-22 00:00:00+00:00,48,0.010214915990273582,0.010214915990273582,False,False,0.01,0.28,3.2,2026-02-20 19:00:00+00:00,29.0,2026-01-31 23:00:00,2026-02-01T01:00:00+05:00,e46d74629bd710750db40d5e9d8f3eadbaa20ee486e416572c0d88f6ec77ad79,gfs_seamless,False
turbine_1,2026-02-22 01:00:00+00:00,48,0.0092852690150297,0.0092852690150297,False,False,0.009961472602739725,1.3,3.4,2026-02-20 19:00:00+00:00,30.0,2026-01-31 23:00:00,2026-02-01T01:00:00+05:00,e46d74629bd710750db40d5e9d8f3eadbaa20ee486e416572c0d88f6ec77ad79,gfs_seamless,False
turbine_1,2026-02-22 02:00:00+00:00,48,0.012746279369530397,0.012746279369530397,False,False,0.01599670263788969,2.46,3.8,2026-02-20 19:00:00+00:00,31.0,2026-01-31 23:00:00,2026-02-01T01:00:00+05:00,e46d74629bd710750db40d5e9d8f3eadbaa20ee486e416572c0d88f6ec77ad79,gfs_seamless,False
turbine_1,2026-02-22 03:00:00+00:00,48,0.05464403438690229,0.05464403438690229,False,False,0.08138774811772757,4.2,5.1,2026-02-20 19:00:00+00:00,32.0,2026-01-31 23:00:00,2026-02-01T01:00:00+05:00,e46d74629bd710750db40d5e9d8f3eadbaa20ee486e416572c0d88f6ec77ad79,gfs_seamless,False
turbine_1,2026-02-22 04:00:00+00:00,48,0.5223234014141045,0.5223234014141045,False,False,0.5480688448074679,8.1,6.8,2026-02-20 19:00:00+00:00,33.0,2026-01-31 23:00:00,2026-02-01T01:00:00+05:00,e46d74629bd710750db40d5e9d8f3eadbaa20ee486e416572c0d88f6ec77ad79,gfs_seamless,False
turbine_1,2026-02-22 05:00:00+00:00,48,0.9137347648231685,0.9137347648231685,False,False,0.8937111928104575,10.54,7.3,2026-02-20 19:00:00+00:00,34.0,2026-01-31 23:00:00,2026-02-01T01:00:00+05:00,e46d74629bd710750db40d5e9d8f3eadbaa20ee486e416572c0d88f6ec77ad79,gfs_seamless,False
turbine_1,2026-02-22 06:00:00+00:00,48,0.9965605676204907,0.9965605676204907,False,False,0.9672885572139301,14.36,9.1,2026-02-20 19:00:00+00:00,35.0,2026-01-31 23:00:00,2026-02-01T01:00:00+05:00,e46d74629bd710750db40d5e9d8f3eadbaa20ee486e416572c0d88f6ec77ad79,gfs_seamless,False
turbine_1,2026-02-22 07:00:00+00:00,48,0.9659375580796056,0.9659375580796056,False,False,0.9661001642036123,13.79,10.3,2026-02-20 19:00:00+00:00,36.0,2026-01-31 23:00:00,2026-02-01T01:00:00+05:00,e46d74629bd710750db40d5e9d8f3eadbaa20ee486e416572c0d88f6ec77ad79,gfs_seamless,False
turbine_1,2026-02-22 08:00:00+00:00,48,0.990921372442025,0.990921372442025,False,False,0.9673371212121211,12.79,11.1,2026-02-20 19:00:00+00:00,37.0,2026-01-31 23:00:00,2026-02-01T01:00:00+05:00,e46d74629bd710750db40d5e9d8f3eadbaa20ee486e416572c0d88f6ec77ad79,gfs_seamless,False
turbine_1,2026-02-22 09:00:00+00:00,48,0.9874700251757664,0.9874700251757664,False,False,0.9583879781420764,12.45,11.3,2026-02-20 19:00:00+00:00,38.0,2026-01-31 23:00:00,2026-02-01T01:00:00+05:00,e46d74629bd710750db40d5e9d8f3eadbaa20ee486e416572c0d88f6ec77ad79,gfs_seamless,False
turbine_1,2026-02-22 10:00:00+00:00,48,0.9874700251757664,0.9874700251757664,False,False,0.9673371212121211,12.53,11.2,2026-02-20 19:00:00+00:00,39.0,2026-01-31 23:00:00,2026-02-01T01:00:00+05:00,e46d74629bd710750db40d5e9d8f3eadbaa20ee486e416572c0d88f6ec77ad79,gfs_seamless,False
turbine_1,2026-02-22 11:00:00+00:00,48,0.9718719294303295,0.9718719294303295,False,False,0.9583879781420764,12.27,10.8,2026-02-20 19:00:00+00:00,40.0,2026-01-31 23:00:00,2026-02-01T01:00:00+05:00,e46d74629bd710750db40d5e9d8f3eadbaa20ee486e416572c0d88f6ec77ad79,gfs_seamless,False
turbine_1,2026-02-22 12:00:00+00:00,48,0.9881026336187818,0.9881026336187818,False,False,0.9673371212121211,12.56,9.4,2026-02-20 19:00:00+00:00,41.0,2026-01-31 23:00:00,2026-02-01T01:00:00+05:00,e46d74629bd710750db40d5e9d8f3eadbaa20ee486e416572c0d88f6ec77ad79,gfs_seamless,False
turbine_1,2026-02-22 13:00:00+00:00,48,0.9715277253663793,0.9715277253663793,False,False,0.9603525641025641,11.77,7.9,2026-02-20 19:00:00+00:00,42.0,2026-01-31 23:00:00,2026-02-01T01:00:00+05:00,e46d74629bd710750db40d5e9d8f3eadbaa20ee486e416572c0d88f6ec77ad79,gfs_seamless,False
turbine_1,2026-02-22 14:00:00+00:00,48,0.8877489958412994,0.8877489958412994,False,False,0.8301109660574413,10.47,7.0,2026-02-20 19:00:00+00:00,43.0,2026-01-31 23:00:00,2026-02-01T01:00:00+05:00,e46d74629bd710750db40d5e9d8f3eadbaa20ee486e416572c0d88f6ec77ad79,gfs_seamless,False
turbine_1,2026-02-22 15:00:00+00:00,48,0.8005419475785625,0.8005419475785625,False,False,0.7651013024602026,9.74,6.7,2026-02-20 19:00:00+00:00,44.0,2026-01-31 23:00:00,2026-02-01T01:00:00+05:00,e46d74629bd710750db40d5e9d8f3eadbaa20ee486e416572c0d88f6ec77ad79,gfs_seamless,False
turbine_1,2026-02-22 16:00:00+00:00,48,0.7430405842502701,0.7430405842502701,False,False,0.6955416051206302,9.3,6.6,2026-02-20 19:00:00+00:00,45.0,2026-01-31 23:00:00,2026-02-01T01:00:00+05:00,e46d74629bd710750db40d5e9d8f3eadbaa20ee486e416572c0d88f6ec77ad79,gfs_seamless,False
turbine_1,2026-02-22 17:00:00+00:00,48,0.746120925653643,0.746120925653643,False,False,0.6955416051206302,9.35,6.4,2026-02-20 19:00:00+00:00,46.0,2026-01-31 23:00:00,2026-02-01T01:00:00+05:00,e46d74629bd710750db40d5e9d8f3eadbaa20ee486e416572c0d88f6ec77ad79,gfs_seamless,False
turbine_1,2026-02-22 18:00:00+00:00,48,0.6751695403156087,0.6751695403156087,False,False,0.6267624521072798,8.82,6.1,2026-02-20 19:00:00+00:00,47.0,2026-01-31 23:00:00,2026-02-01T01:00:00+05:00,e46d74629bd710750db40d5e9d8f3eadbaa20ee486e416572c0d88f6ec77ad79,gfs_seamless,False
turbine_1,2026-02-22 19:00:00+00:00,48,0.5272827176644012,0.5272827176644012,False,False,0.5480688448074679,8.15,5.8,2026-02-20 19:00:00+00:00,48.0,2026-01-31 23:00:00,2026-02-01T01:00:00+05:00,e46d74629bd710750db40d5e9d8f3eadbaa20ee486e416572c0d88f6ec77ad79,gfs_seamless,False
turbine_2,2026-02-20 20:00:00+00:00,24,0.9780097311001736,0.9780097311001736,False,False,0.9700600600600602,13.21,7.4,2026-02-20 19:00:00+00:00,1.0,2026-01-31 23:00:00,2026-02-01T01:00:00+05:00,d05b3cae0b8e890efb085c68704c9fb8d2cbf736bedd6d6ce81594bf3efad63a,gfs_seamless,False
turbine_2,2026-02-20 21:00:00+00:00,24,0.9741930777376966,0.9741930777376966,False,False,0.9633299798792756,12.79,7.1,2026-02-20 19:00:00+00:00,2.0,2026-01-31 23:00:00,2026-02-01T01:00:00+05:00,d05b3cae0b8e890efb085c68704c9fb8d2cbf736bedd6d6ce81594bf3efad63a,gfs_seamless,False
turbine_2,2026-02-20 22:00:00+00:00,24,0.9662617314428963,0.9662617314428963,False,False,0.9574121315192744,12.08,6.6,2026-02-20 19:00:00+00:00,3.0,2026-01-31 23:00:00,2026-02-01T01:00:00+05:00,d05b3cae0b8e890efb085c68704c9fb8d2cbf736bedd6d6ce81594bf3efad63a,gfs_seamless,False
turbine_2,2026-02-20 23:00:00+00:00,24,0.9418823999064484,0.9418823999064484,False,False,0.9257415902140673,11.42,6.1,2026-02-20 19:00:00+00:00,4.0,2026-01-31 23:00:00,2026-02-01T01:00:00+05:00,d05b3cae0b8e890efb085c68704c9fb8d2cbf736bedd6d6ce81594bf3efad63a,gfs_seamless,False
turbine_2,2026-02-21 00:00:00+00:00,24,0.9266988562413072,0.9266988562413072,False,False,0.9257415902140673,11.21,5.3,2026-02-20 19:00:00+00:00,5.0,2026-01-31 23:00:00,2026-02-01T01:00:00+05:00,d05b3cae0b8e890efb085c68704c9fb8d2cbf736bedd6d6ce81594bf3efad63a,gfs_seamless,False
turbine_2,2026-02-21 01:00:00+00:00,24,0.8973690779656927,0.8973690779656927,False,False,0.8845606610237807,10.78,5.3,2026-02-20 19:00:00+00:00,6.0,2026-01-31 23:00:00,2026-02-01T01:00:00+05:00,d05b3cae0b8e890efb085c68704c9fb8d2cbf736bedd6d6ce81594bf3efad63a,gfs_seamless,False
turbine_2,2026-02-21 02:00:00+00:00,24,0.9418823999064484,0.9418823999064484,False,False,0.9257415902140673,11.45,6.0,2026-02-20 19:00:00+00:00,7.0,2026-01-31 23:00:00,2026-02-01T01:00:00+05:00,d05b3cae0b8e890efb085c68704c9fb8d2cbf736bedd6d6ce81594bf3efad63a,gfs_seamless,False
turbine_2,2026-02-21 03:00:00+00:00,24,0.8425602705283245,0.8425602705283245,False,False,0.8240326184092941,10.0,7.4,2026-02-20 19:00:00+00:00,8.0,2026-01-31 23:00:00,2026-02-01T01:00:00+05:00,d05b3cae0b8e890efb085c68704c9fb8d2cbf736bedd6d6ce81594bf3efad63a,gfs_seamless,False
turbine_2,2026-02-21 04:00:00+00:00,24,0.8577609555936118,0.8577609555936118,False,False,0.8240326184092941,10.25,8.3,2026-02-20 19:00:00+00:00,9.0,2026-01-31 23:00:00,2026-02-01T01:00:00+05:00,d05b3cae0b8e890efb085c68704c9fb8d2cbf736bedd6d6ce81594bf3efad63a,gfs_seamless,False
turbine_2,2026-02-21 05:00:00+00:00,24,0.3446412959959119,0.3446412959959119,False,False,0.3134483750359506,6.95,9.4,2026-02-20 19:00:00+00:00,10.0,2026-01-31 23:00:00,2026-02-01T01:00:00+05:00,d05b3cae0b8e890efb085c68704c9fb8d2cbf736bedd6d6ce81594bf3efad63a,gfs_seamless,False
turbine_2,2026-02-21 06:00:00+00:00,24,0.009904036806101938,0.009904036806101938,False,False,0.01,0.32,10.4,2026-02-20 19:00:00+00:00,11.0,2026-01-31 23:00:00,2026-02-01T01:00:00+05:00,d05b3cae0b8e890efb085c68704c9fb8d2cbf736bedd6d6ce81594bf3efad63a,gfs_seamless,False
turbine_2,2026-02-21 07:00:00+00:00,24,0.9678132477159811,0.9678132477159811,False,False,0.909047619047619,17.92,10.7,2026-02-20 19:00:00+00:00,12.0,2026-01-31 23:00:00,2026-02-01T01:00:00+05:00,d05b3cae0b8e890efb085c68704c9fb8d2cbf736bedd6d6ce81594bf3efad63a,gfs_seamless,False
turbine_2,2026-02-21 08:00:00+00:00,24,0.9723968700451674,0.9723968700451674,False,False,0.9700600600600602,13.36,9.0,2026-02-20 19:00:00+00:00,13.0,2026-01-31 23:00:00,2026-02-01T01:00:00+05:00,d05b3cae0b8e890efb085c68704c9fb8d2cbf736bedd6d6ce81594bf3efad63a,gfs_seamless,False
turbine_2,2026-02-21 09:00:00+00:00,24,0.9762936336796787,0.9762936336796787,False,False,0.972962962962963,16.54,8.7,2026-02-20 19:00:00+00:00,14.0,2026-01-31 23:00:00,2026-02-01T01:00:00+05:00,d05b3cae0b8e890efb085c68704c9fb8d2cbf736bedd6d6ce81594bf3efad63a,gfs_seamless,False
turbine_2,2026-02-21 10:00:00+00:00,24,0.9755994055271197,0.9755994055271197,False,False,0.9598799435028249,13.51,7.3,2026-02-20 19:00:00+00:00,15.0,2026-01-31 23:00:00,2026-02-01T01:00:00+05:00,d05b3cae0b8e890efb085c68704c9fb8d2cbf736bedd6d6ce81594bf3efad63a,gfs_seamless,False
turbine_2,2026-02-21 11:00:00+00:00,24,0.963663198904958,0.963663198904958,False,False,0.9574121315192744,12.42,7.0,2026-02-20 19:00:00+00:00,16.0,2026-01-31 23:00:00,2026-02-01T01:00:00+05:00,d05b3cae0b8e890efb085c68704c9fb8d2cbf736bedd6d6ce81594bf3efad63a,gfs_seamless,False
turbine_2,2026-02-21 12:00:00+00:00,24,0.7436902798908916,0.7436902798908916,False,False,0.7536449275362319,9.5,7.2,2026-02-20 19:00:00+00:00,17.0,2026-01-31 23:00:00,2026-02-01T01:00:00+05:00,d05b3cae0b8e890efb085c68704c9fb8d2cbf736bedd6d6ce81594bf3efad63a,gfs_seamless,False
turbine_2,2026-02-21 13:00:00+00:00,24,0.9294372789566194,0.9294372789566194,False,False,0.8845606610237807,10.79,6.2,2026-02-20 19:00:00+00:00,18.0,2026-01-31 23:00:00,2026-02-01T01:00:00+05:00,d05b3cae0b8e890efb085c68704c9fb8d2cbf736bedd6d6ce81594bf3efad63a,gfs_seamless,False
turbine_2,2026-02-21 14:00:00+00:00,24,0.9609088712439072,0.9609088712439072,False,False,0.9257415902140673,11.29,5.7,2026-02-20 19:00:00+00:00,19.0,2026-01-31 23:00:00,2026-02-01T01:00:00+05:00,d05b3cae0b8e890efb085c68704c9fb8d2cbf736bedd6d6ce81594bf3efad63a,gfs_seamless,False
turbine_2,2026-02-21 15:00:00+00:00,24,0.7146240033662054,0.7146240033662054,False,False,0.7536449275362319,9.96,6.6,2026-02-20 19:00:00+00:00,20.0,2026-01-31 23:00:00,2026-02-01T01:00:00+05:00,d05b3cae0b8e890efb085c68704c9fb8d2cbf736bedd6d6ce81594bf3efad63a,gfs_seamless,False
turbine_2,2026-02-21 16:00:00+00:00,24,0.47443110114228143,0.47443110114228143,False,False,0.45997253690353584,7.72,6.7,2026-02-20 19:00:00+00:00,21.0,2026-01-31 23:00:00,2026-02-01T01:00:00+05:00,d05b3cae0b8e890efb085c68704c9fb8d2cbf736bedd6d6ce81594bf3efad63a,gfs_seamless,False
turbine_2,2026-02-21 17:00:00+00:00,24,0.19930201597924044,0.19930201597924044,False,False,0.18799815254684613,5.92,6.7,2026-02-20 19:00:00+00:00,22.0,2026-01-31 23:00:00,2026-02-01T01:00:00+05:00,d05b3cae0b8e890efb085c68704c9fb8d2cbf736bedd6d6ce81594bf3efad63a,gfs_seamless,False
turbine_2,2026-02-21 18:00:00+00:00,24,0.015103232756882672,0.015103232756882672,False,False,0.023970410628019325,2.69,5.6,2026-02-20 19:00:00+00:00,23.0,2026-01-31 23:00:00,2026-02-01T01:00:00+05:00,d05b3cae0b8e890efb085c68704c9fb8d2cbf736bedd6d6ce81594bf3efad63a,gfs_seamless,False
turbine_2,2026-02-21 19:00:00+00:00,24,0.010166993562516151,0.010166993562516151,False,False,0.014608096468561586,2.14,4.9,2026-02-20 19:00:00+00:00,24.0,2026-01-31 23:00:00,2026-02-01T01:00:00+05:00,d05b3cae0b8e890efb085c68704c9fb8d2cbf736bedd6d6ce81594bf3efad63a,gfs_seamless,False
turbine_2,2026-02-21 20:00:00+00:00,48,0.13037887351841948,0.13037887351841948,False,False,0.18799815254684613,5.5,4.6,2026-02-20 19:00:00+00:00,25.0,2026-01-31 23:00:00,2026-02-01T01:00:00+05:00,d05b3cae0b8e890efb085c68704c9fb8d2cbf736bedd6d6ce81594bf3efad63a,gfs_seamless,False
turbine_2,2026-02-21 21:00:00+00:00,48,0.04178662984017603,0.04178662984017603,False,False,0.07894438894438895,4.18,3.8,2026-02-20 19:00:00+00:00,26.0,2026-01-31 23:00:00,2026-02-01T01:00:00+05:00,d05b3cae0b8e890efb085c68704c9fb8d2cbf736bedd6d6ce81594bf3efad63a,gfs_seamless,False
turbine_2,2026-02-21 22:00:00+00:00,48,0.013278009324695656,0.013278009324695656,False,False,0.023970410628019325,2.57,3.0,2026-02-20 19:00:00+00:00,27.0,2026-01-31 23:00:00,2026-02-01T01:00:00+05:00,d05b3cae0b8e890efb085c68704c9fb8d2cbf736bedd6d6ce81594bf3efad63a,gfs_seamless,False
turbine_2,2026-02-21 23:00:00+00:00,48,0.00956040937903745,0.00956040937903745,False,False,0.009932126696832579,0.54,2.5,2026-02-20 19:00:00+00:00,28.0,2026-01-31 23:00:00,2026-02-01T01:00:00+05:00,d05b3cae0b8e890efb085c68704c9fb8d2cbf736bedd6d6ce81594bf3efad63a,gfs_seamless,False
turbine_2,2026-02-22 00:00:00+00:00,48,0.009653921031100122,0.009653921031100122,False,False,0.01,0.28,3.2,2026-02-20 19:00:00+00:00,29.0,2026-01-31 23:00:00,2026-02-01T01:00:00+05:00,d05b3cae0b8e890efb085c68704c9fb8d2cbf736bedd6d6ce81594bf3efad63a,gfs_seamless,False
turbine_2,2026-02-22 01:00:00+00:00,48,0.009653921031100122,0.009653921031100122,False,False,0.00971122112211221,1.3,3.4,2026-02-20 19:00:00+00:00,30.0,2026-01-31 23:00:00,2026-02-01T01:00:00+05:00,d05b3cae0b8e890efb085c68704c9fb8d2cbf736bedd6d6ce81594bf3efad63a,gfs_seamless,False
turbine_2,2026-02-22 02:00:00+00:00,48,0.011174009973740455,0.011174009973740455,False,False,0.014608096468561586,2.46,3.8,2026-02-20 19:00:00+00:00,31.0,2026-01-31 23:00:00,2026-02-01T01:00:00+05:00,d05b3cae0b8e890efb085c68704c9fb8d2cbf736bedd6d6ce81594bf3efad63a,gfs_seamless,False
turbine_2,2026-02-22 03:00:00+00:00,48,0.048654757483399876,0.048654757483399876,False,False,0.07894438894438895,4.2,5.1,2026-02-20 19:00:00+00:00,32.0,2026-01-31 23:00:00,2026-02-01T01:00:00+05:00,d05b3cae0b8e890efb085c68704c9fb8d2cbf736bedd6d6ce81594bf3efad63a,gfs_seamless,False
turbine_2,2026-02-22 04:00:00+00:00,48,0.5255555584983052,0.5255555584983052,False,False,0.5334922575387123,8.1,6.8,2026-02-20 19:00:00+00:00,33.0,2026-01-31 23:00:00,2026-02-01T01:00:00+05:00,d05b3cae0b8e890efb085c68704c9fb8d2cbf736bedd6d6ce81594bf3efad63a,gfs_seamless,False
turbine_2,2026-02-22 05:00:00+00:00,48,0.8922358869253848,0.8922358869253848,False,False,0.8845606610237807,10.54,7.3,2026-02-20 19:00:00+00:00,34.0,2026-01-31 23:00:00,2026-02-01T01:00:00+05:00,d05b3cae0b8e890efb085c68704c9fb8d2cbf736bedd6d6ce81594bf3efad63a,gfs_seamless,False
turbine_2,2026-02-22 06:00:00+00:00,48,0.9647776429467929,0.9647776429467929,False,False,0.9603782505910166,14.36,9.1,2026-02-20 19:00:00+00:00,35.0,2026-01-31 23:00:00,2026-02-01T01:00:00+05:00,d05b3cae0b8e890efb085c68704c9fb8d2cbf736bedd6d6ce81594bf3efad63a,gfs_seamless,False
turbine_2,2026-02-22 07:00:00+00:00,48,0.9683666851273353,0.9683666851273353,False,False,0.9598799435028249,13.79,10.3,2026-02-20 19:00:00+00:00,36.0,2026-01-31 23:00:00,2026-02-01T01:00:00+05:00,d05b3cae0b8e890efb085c68704c9fb8d2cbf736bedd6d6ce81594bf3efad63a,gfs_seamless,False
turbine_2,2026-02-22 08:00:00+00:00,48,0.9749761629547157,0.9749761629547157,False,False,0.9633299798792756,12.79,11.1,2026-02-20 19:00:00+00:00,37.0,2026-01-31 23:00:00,2026-02-01T01:00:00+05:00,d05b3cae0b8e890efb085c68704c9fb8d2cbf736bedd6d6ce81594bf3efad63a,gfs_seamless,False
turbine_2,2026-02-22 09:00:00+00:00,48,0.9704679956685991,0.9704679956685991,False,False,0.9574121315192744,12.45,11.3,2026-02-20 19:00:00+00:00,38.0,2026-01-31 23:00:00,2026-02-01T01:00:00+05:00,d05b3cae0b8e890efb085c68704c9fb8d2cbf736bedd6d6ce81594bf3efad63a,gfs_seamless,False
turbine_2,2026-02-22 10:00:00+00:00,48,0.9713527893783045,0.9713527893783045,False,False,0.9633299798792756,12.53,11.2,2026-02-20 19:00:00+00:00,39.0,2026-01-31 23:00:00,2026-02-01T01:00:00+05:00,d05b3cae0b8e890efb085c68704c9fb8d2cbf736bedd6d6ce81594bf3efad63a,gfs_seamless,False
turbine_2,2026-02-22 11:00:00+00:00,48,0.9671323087508569,0.9671323087508569,False,False,0.9574121315192744,12.27,10.8,2026-02-20 19:00:00+00:00,40.0,2026-01-31 23:00:00,2026-02-01T01:00:00+05:00,d05b3cae0b8e890efb085c68704c9fb8d2cbf736bedd6d6ce81594bf3efad63a,gfs_seamless,False
turbine_2,2026-02-22 12:00:00+00:00,48,0.9706523679729251,0.9706523679729251,False,False,0.9633299798792756,12.56,9.4,2026-02-20 19:00:00+00:00,41.0,2026-01-31 23:00:00,2026-02-01T01:00:00+05:00,d05b3cae0b8e890efb085c68704c9fb8d2cbf736bedd6d6ce81594bf3efad63a,gfs_seamless,False
turbine_2,2026-02-22 13:00:00+00:00,48,0.9615884198608154,0.9615884198608154,False,False,0.9518670076726343,11.77,7.9,2026-02-20 19:00:00+00:00,42.0,2026-01-31 23:00:00,2026-02-01T01:00:00+05:00,d05b3cae0b8e890efb085c68704c9fb8d2cbf736bedd6d6ce81594bf3efad63a,gfs_seamless,False
turbine_2,2026-02-22 14:00:00+00:00,48,0.8895186256069925,0.8895186256069925,False,False,0.8240326184092941,10.47,7.0,2026-02-20 19:00:00+00:00,43.0,2026-01-31 23:00:00,2026-02-01T01:00:00+05:00,d05b3cae0b8e890efb085c68704c9fb8d2cbf736bedd6d6ce81594bf3efad63a,gfs_seamless,False
turbine_2,2026-02-22 15:00:00+00:00,48,0.6763093282442197,0.6763093282442197,False,False,0.7536449275362319,9.74,6.7,2026-02-20 19:00:00+00:00,44.0,2026-01-31 23:00:00,2026-02-01T01:00:00+05:00,d05b3cae0b8e890efb085c68704c9fb8d2cbf736bedd6d6ce81594bf3efad63a,gfs_seamless,False
turbine_2,2026-02-22 16:00:00+00:00,48,0.5224933098526553,0.5224933098526553,False,False,0.6742543244506779,9.3,6.6,2026-02-20 19:00:00+00:00,45.0,2026-01-31 23:00:00,2026-02-01T01:00:00+05:00,d05b3cae0b8e890efb085c68704c9fb8d2cbf736bedd6d6ce81594bf3efad63a,gfs_seamless,False
turbine_2,2026-02-22 17:00:00+00:00,48,0.5111634793349137,0.5111634793349137,False,False,0.6742543244506779,9.35,6.4,2026-02-20 19:00:00+00:00,46.0,2026-01-31 23:00:00,2026-02-01T01:00:00+05:00,d05b3cae0b8e890efb085c68704c9fb8d2cbf736bedd6d6ce81594bf3efad63a,gfs_seamless,False
turbine_2,2026-02-22 18:00:00+00:00,48,0.5800379399209835,0.5800379399209835,False,False,0.6162610815602837,8.82,6.1,2026-02-20 19:00:00+00:00,47.0,2026-01-31 23:00:00,2026-02-01T01:00:00+05:00,d05b3cae0b8e890efb085c68704c9fb8d2cbf736bedd6d6ce81594bf3efad63a,gfs_seamless,False
turbine_2,2026-02-22 19:00:00+00:00,48,0.5044163882044734,0.5044163882044734,False,False,0.5334922575387123,8.15,5.8,2026-02-20 19:00:00+00:00,48.0,2026-01-31 23:00:00,2026-02-01T01:00:00+05:00,d05b3cae0b8e890efb085c68704c9fb8d2cbf736bedd6d6ce81594bf3efad63a,gfs_seamless,False
turbine_1,2026-02-21 20:00:00+00:00,24,0.011113717556990537,0.011113717556990537,False,False,0.01599670263788969,2.16,4.1,2026-02-21 19:00:00+00:00,1.0,2026-01-31 23:00:00,2026-02-01T01:00:00+05:00,e46d74629bd710750db40d5e9d8f3eadbaa20ee486e416572c0d88f6ec77ad79,gfs_seamless,False
turbine_1,2026-02-21 21:00:00+00:00,24,0.009625215103744622,0.009625215103744622,False,False,0.01102904972919744,1.8,3.4,2026-02-21 19:00:00+00:00,2.0,2026-01-31 23:00:00,2026-02-01T01:00:00+05:00,e46d74629bd710750db40d5e9d8f3eadbaa20ee486e416572c0d88f6ec77ad79,gfs_seamless,False
turbine_1,2026-02-21 22:00:00+00:00,24,0.010173462441090263,0.010173462441090263,False,False,0.009961472602739725,1.21,3.1,2026-02-21 19:00:00+00:00,3.0,2026-01-31 23:00:00,2026-02-01T01:00:00+05:00,e46d74629bd710750db40d5e9d8f3eadbaa20ee486e416572c0d88f6ec77ad79,gfs_seamless,False
turbine_1,2026-02-21 23:00:00+00:00,24,0.010173462441090263,0.010173462441090263,False,False,0.009961472602739725,1.26,3.1,2026-02-21 19:00:00+00:00,4.0,2026-01-31 23:00:00,2026-02-01T01:00:00+05:00,e46d74629bd710750db40d5e9d8f3eadbaa20ee486e416572c0d88f6ec77ad79,gfs_seamless,False
turbine_1,2026-02-22 00:00:00+00:00,24,0.016388889091217516,0.016388889091217516,False,False,0.025215897939156035,2.75,4.0,2026-02-21 19:00:00+00:00,5.0,2026-01-31 23:00:00,2026-02-01T01:00:00+05:00,e46d74629bd710750db40d5e9d8f3eadbaa20ee486e416572c0d88f6ec77ad79,gfs_seamless,False
turbine_1,2026-02-22 01:00:00+00:00,24,0.16041420844333926,0.16041420844333926,False,False,0.19472402597402597,5.57,4.3,2026-02-21 19:00:00+00:00,6.0,2026-01-31 23:00:00,2026-02-01T01:00:00+05:00,e46d74629bd710750db40d5e9d8f3eadbaa20ee486e416572c0d88f6ec77ad79,gfs_seamless,False
turbine_1,2026-02-22 02:00:00+00:00,24,0.8665928338276251,0.8665928338276251,False,False,0.8301109660574413,10.15,3.9,2026-02-21 19:00:00+00:00,7.0,2026-01-31 23:00:00,2026-02-01T01:00:00+05:00,e46d74629bd710750db40d5e9d8f3eadbaa20ee486e416572c0d88f6ec77ad79,gfs_seamless,False
turbine_1,2026-02-22 03:00:00+00:00,24,0.9712988687482492,0.9712988687482492,False,False,0.9603525641025641,11.99,4.0,2026-02-21 19:00:00+00:00,8.0,2026-01-31 23:00:00,2026-02-01T01:00:00+05:00,e46d74629bd710750db40d5e9d8f3eadbaa20ee486e416572c0d88f6ec77ad79,gfs_seamless,False
turbine_1,2026-02-22 04:00:00+00:00,24,0.9884811861295887,0.9884811861295887,False,False,0.9761353467561521,13.16,5.8,2026-02-21 19:00:00+00:00,9.0,2026-01-31 23:00:00,2026-02-01T01:00:00+05:00,e46d74629bd710750db40d5e9d8f3eadbaa20ee486e416572c0d88f6ec77ad79,gfs_seamless,False
turbine_1,2026-02-22 05:00:00+00:00,24,0.9211106661117923,0.9211106661117923,False,False,0.9672885572139301,14.2,7.2,2026-02-21 19:00:00+00:00,10.0,2026-01-31 23:00:00,2026-02-01T01:00:00+05:00,e46d74629bd710750db40d5e9d8f3eadbaa20ee486e416572c0d88f6ec77ad79,gfs_seamless,False
turbine_1,2026-02-22 06:00:00+00:00,24,0.9911502323521589,0.9911502323521589,False,False,0.9761353467561521,13.35,8.7,2026-02-21 19:00:00+00:00,11.0,2026-01-31 23:00:00,2026-02-01T01:00:00+05:00,e46d74629bd710750db40d5e9d8f3eadbaa20ee486e416572c0d88f6ec77ad79,gfs_seamless,False
turbine_1,2026-02-22 07:00:00+00:00,24,0.9876982511772301,0.9876982511772301,False,False,0.9761353467561521,13.29,10.0,2026-02-21 19:00:00+00:00,12.0,2026-01-31 23:00:00,2026-02-01T01:00:00+05:00,e46d74629bd710750db40d5e9d8f3eadbaa20ee486e416572c0d88f6ec77ad79,gfs_seamless,False
turbine_1,2026-02-22 08:00:00+00:00,24,0.9776465614248752,0.9776465614248752,False,False,0.9673371212121211,12.62,10.5,2026-02-21 19:00:00+00:00,13.0,2026-01-31 23:00:00,2026-02-01T01:00:00+05:00,e46d74629bd710750db40d5e9d8f3eadbaa20ee486e416572c0d88f6ec77ad79,gfs_seamless,False
turbine_1,2026-02-22 09:00:00+00:00,24,0.9833013675593439,0.9833013675593439,False,False,0.9583879781420764,12.43,10.6,2026-02-21 19:00:00+00:00,14.0,2026-01-31 23:00:00,2026-02-01T01:00:00+05:00,e46d74629bd710750db40d5e9d8f3eadbaa20ee486e416572c0d88f6ec77ad79,gfs_seamless,False
turbine_1,2026-02-22 10:00:00+00:00,24,0.9775467670387619,0.9775467670387619,False,False,0.9583879781420764,12.02,10.9,2026-02-21 19:00:00+00:00,15.0,2026-01-31 23:00:00,2026-02-01T01:00:00+05:00,e46d74629bd710750db40d5e9d8f3eadbaa20ee486e416572c0d88f6ec77ad79,gfs_seamless,False
turbine_1,2026-02-22 11:00:00+00:00,24,0.9804714490534779,0.9804714490534779,False,False,0.9673371212121211,12.76,10.4,2026-02-21 19:00:00+00:00,16.0,2026-01-31 23:00:00,2026-02-01T01:00:00+05:00,e46d74629bd710750db40d5e9d8f3eadbaa20ee486e416572c0d88f6ec77ad79,gfs_seamless,False
turbine_1,2026-02-22 12:00:00+00:00,24,0.9881026336187818,0.9881026336187818,False,False,0.9583879781420764,12.45,9.5,2026-02-21 19:00:00+00:00,17.0,2026-01-31 23:00:00,2026-02-01T01:00:00+05:00,e46d74629bd710750db40d5e9d8f3eadbaa20ee486e416572c0d88f6ec77ad79,gfs_seamless,False
turbine_1,2026-02-22 13:00:00+00:00,24,0.9959266409779138,0.9959266409779138,False,False,0.9673371212121211,12.58,8.0,2026-02-21 19:00:00+00:00,18.0,2026-01-31 23:00:00,2026-02-01T01:00:00+05:00,e46d74629bd710750db40d5e9d8f3eadbaa20ee486e416572c0d88f6ec77ad79,gfs_seamless,False
turbine_1,2026-02-22 14:00:00+00:00,24,0.9661731431838914,0.9661731431838914,False,False,0.9381677419354839,11.27,7.4,2026-02-21 19:00:00+00:00,19.0,2026-01-31 23:00:00,2026-02-01T01:00:00+05:00,e46d74629bd710750db40d5e9d8f3eadbaa20ee486e416572c0d88f6ec77ad79,gfs_seamless,False
turbine_1,2026-02-22 15:00:00+00:00,24,0.8333489529066065,0.8333489529066065,False,False,0.8301109660574413,10.12,7.0,2026-02-21 19:00:00+00:00,20.0,2026-01-31 23:00:00,2026-02-01T01:00:00+05:00,e46d74629bd710750db40d5e9d8f3eadbaa20ee486e416572c0d88f6ec77ad79,gfs_seamless,False
turbine_1,2026-02-22 16:00:00+00:00,24,0.7432208935992572,0.7432208935992572,False,False,0.6955416051206302,9.31,6.7,2026-02-21 19:00:00+00:00,21.0,2026-01-31 23:00:00,2026-02-01T01:00:00+05:00,e46d74629bd710750db40d5e9d8f3eadbaa20ee486e416572c0d88f6ec77ad79,gfs_seamless,False
turbine_1,2026-02-22 17:00:00+00:00,24,0.609586044708159,0.609586044708159,False,False,0.5480688448074679,8.46,6.3,2026-02-21 19:00:00+00:00,22.0,2026-01-31 23:00:00,2026-02-01T01:00:00+05:00,e46d74629bd710750db40d5e9d8f3eadbaa20ee486e416572c0d88f6ec77ad79,gfs_seamless,False
turbine_1,2026-02-22 18:00:00+00:00,24,0.2515614690667306,0.2515614690667306,False,False,0.2560354184518709,6.22,5.8,2026-02-21 19:00:00+00:00,23.0,2026-01-31 23:00:00,2026-02-01T01:00:00+05:00,e46d74629bd710750db40d5e9d8f3eadbaa20ee486e416572c0d88f6ec77ad79,gfs_seamless,False
turbine_1,2026-02-22 19:00:00+00:00,24,0.2313277699567762,0.2313277699567762,False,False,0.2560354184518709,6.02,5.7,2026-02-21 19:00:00+00:00,24.0,2026-01-31 23:00:00,2026-02-01T01:00:00+05:00,e46d74629bd710750db40d5e9d8f3eadbaa20ee486e416572c0d88f6ec77ad79,gfs_seamless,False
turbine_1,2026-02-22 20:00:00+00:00,48,0.4857476532986995,0.4857476532986995,False,False,0.47519897772909825,7.74,5.6,2026-02-21 19:00:00+00:00,25.0,2026-01-31 23:00:00,2026-02-01T01:00:00+05:00,e46d74629bd710750db40d5e9d8f3eadbaa20ee486e416572c0d88f6ec77ad79,gfs_seamless,False
turbine_1,2026-02-22 21:00:00+00:00,48,0.3739237733331031,0.3739237733331031,False,False,0.3244547053649956,6.98,5.5,2026-02-21 19:00:00+00:00,26.0,2026-01-31 23:00:00,2026-02-01T01:00:00+05:00,e46d74629bd710750db40d5e9d8f3eadbaa20ee486e416572c0d88f6ec77ad79,gfs_seamless,False
turbine_1,2026-02-22 22:00:00+00:00,48,0.2239266507385599,0.2239266507385599,False,False,0.2560354184518709,6.05,5.1,2026-02-21 19:00:00+00:00,27.0,2026-01-31 23:00:00,2026-02-01T01:00:00+05:00,e46d74629bd710750db40d5e9d8f3eadbaa20ee486e416572c0d88f6ec77ad79,gfs_seamless,False
turbine_1,2026-02-22 23:00:00+00:00,48,0.11813032966084941,0.11813032966084941,False,False,0.14868314676616917,5.14,4.6,2026-02-21 19:00:00+00:00,28.0,2026-01-31 23:00:00,2026-02-01T01:00:00+05:00,e46d74629bd710750db40d5e9d8f3eadbaa20ee486e416572c0d88f6ec77ad79,gfs_seamless,False
turbine_1,2026-02-23 00:00:00+00:00,48,0.02344646400310753,0.02344646400310753,False,False,0.040077274323849665,3.1,4.1,2026-02-21 19:00:00+00:00,29.0,2026-01-31 23:00:00,2026-02-01T01:00:00+05:00,e46d74629bd710750db40d5e9d8f3eadbaa20ee486e416572c0d88f6ec77ad79,gfs_seamless,False
turbine_1,2026-02-23 01:00:00+00:00,48,0.012717958310617795,0.012717958310617795,False,False,0.01599670263788969,2.3,4.3,2026-02-21 19:00:00+00:00,30.0,2026-01-31 23:00:00,2026-02-01T01:00:00+05:00,e46d74629bd710750db40d5e9d8f3eadbaa20ee486e416572c0d88f6ec77ad79,gfs_seamless,False
turbine_1,2026-02-23 02:00:00+00:00,48,0.01014944570862185,0.01014944570862185,False,False,0.009961472602739725,1.3,4.8,2026-02-21 19:00:00+00:00,31.0,2026-01-31 23:00:00,2026-02-01T01:00:00+05:00,e46d74629bd710750db40d5e9d8f3eadbaa20ee486e416572c0d88f6ec77ad79,gfs_seamless,False
turbine_1,2026-02-23 03:00:00+00:00,48,0.01027934024696491,0.01027934024696491,False,False,0.009989159891598917,0.51,6.3,2026-02-21 19:00:00+00:00,32.0,2026-01-31 23:00:00,2026-02-01T01:00:00+05:00,e46d74629bd710750db40d5e9d8f3eadbaa20ee486e416572c0d88f6ec77ad79,gfs_seamless,False
turbine_1,2026-02-23 04:00:00+00:00,48,0.010360027740582485,0.010360027740582485,False,False,0.009989159891598917,0.81,7.3,2026-02-21 19:00:00+00:00,33.0,2026-01-31 23:00:00,2026-02-01T01:00:00+05:00,e46d74629bd710750db40d5e9d8f3eadbaa20ee486e416572c0d88f6ec77ad79,gfs_seamless,False
turbine_1,2026-02-23 05:00:00+00:00,48,0.02051926991439037,0.02051926991439037,False,False,0.025215897939156035,2.91,8.5,2026-02-21 19:00:00+00:00,34.0,2026-01-31 23:00:00,2026-02-01T01:00:00+05:00,e46d74629bd710750db40d5e9d8f3eadbaa20ee486e416572c0d88f6ec77ad79,gfs_seamless,False
turbine_1,2026-02-23 06:00:00+00:00,48,0.09632266864427505,0.09632266864427505,False,False,0.11167154471544716,4.63,9.1,2026-02-21 19:00:00+00:00,35.0,2026-01-31 23:00:00,2026-02-01T01:00:00+05:00,e46d74629bd710750db40d5e9d8f3eadbaa20ee486e416572c0d88f6ec77ad79,gfs_seamless,False
turbine_1,2026-02-23 07:00:00+00:00,48,0.6340127548054342,0.6340127548054342,False,False,0.6267624521072798,8.6,9.8,2026-02-21 19:00:00+00:00,36.0,2026-01-31 23:00:00,2026-02-01T01:00:00+05:00,e46d74629bd710750db40d5e9d8f3eadbaa20ee486e416572c0d88f6ec77ad79,gfs_seamless,False
turbine_1,2026-02-23 08:00:00+00:00,48,0.9530938688471673,0.9530938688471673,False,False,0.9381677419354839,11.0,9.5,2026-02-21 19:00:00+00:00,37.0,2026-01-31 23:00:00,2026-02-01T01:00:00+05:00,e46d74629bd710750db40d5e9d8f3eadbaa20ee486e416572c0d88f6ec77ad79,gfs_seamless,False
turbine_1,2026-02-23 09:00:00+00:00,48,0.9347936023238718,0.9347936023238718,False,False,0.8937111928104575,10.8,8.6,2026-02-21 19:00:00+00:00,38.0,2026-01-31 23:00:00,2026-02-01T01:00:00+05:00,e46d74629bd710750db40d5e9d8f3eadbaa20ee486e416572c0d88f6ec77ad79,gfs_seamless,False
turbine_1,2026-02-23 10:00:00+00:00,48,0.8949835464778124,0.8949835464778124,False,False,0.8301109660574413,10.4,8.1,2026-02-21 19:00:00+00:00,39.0,2026-01-31 23:00:00,2026-02-01T01:00:00+05:00,e46d74629bd710750db40d5e9d8f3eadbaa20ee486e416572c0d88f6ec77ad79,gfs_seamless,False
turbine_1,2026-02-23 11:00:00+00:00,48,0.8899176386295607,0.8899176386295607,False,False,0.8301109660574413,10.34,7.5,2026-02-21 19:00:00+00:00,40.0,2026-01-31 23:00:00,2026-02-01T01:00:00+05:00,e46d74629bd710750db40d5e9d8f3eadbaa20ee486e416572c0d88f6ec77ad79,gfs_seamless,False
turbine_1,2026-02-23 12:00:00+00:00,48,0.864597967572222,0.864597967572222,False,False,0.8301109660574413,10.14,6.3,2026-02-21 19:00:00+00:00,41.0,2026-01-31 23:00:00,2026-02-01T01:00:00+05:00,e46d74629bd710750db40d5e9d8f3eadbaa20ee486e416572c0d88f6ec77ad79,gfs_seamless,False
turbine_1,2026-02-23 13:00:00+00:00,48,0.616718837533506,0.616718837533506,False,False,0.6267624521072798,8.5,5.2,2026-02-21 19:00:00+00:00,42.0,2026-01-31 23:00:00,2026-02-01T01:00:00+05:00,e46d74629bd710750db40d5e9d8f3eadbaa20ee486e416572c0d88f6ec77ad79,gfs_seamless,False
turbine_1,2026-02-23 14:00:00+00:00,48,0.5044281144017667,0.5044281144017667,False,False,0.47519897772909825,7.75,4.3,2026-02-21 19:00:00+00:00,43.0,2026-01-31 23:00:00,2026-02-01T01:00:00+05:00,e46d74629bd710750db40d5e9d8f3eadbaa20ee486e416572c0d88f6ec77ad79,gfs_seamless,False
turbine_1,2026-02-23 15:00:00+00:00,48,0.7156014181913867,0.7156014181913867,False,False,0.6955416051206302,9.08,3.6,2026-02-21 19:00:00+00:00,44.0,2026-01-31 23:00:00,2026-02-01T01:00:00+05:00,e46d74629bd710750db40d5e9d8f3eadbaa20ee486e416572c0d88f6ec77ad79,gfs_seamless,False
turbine_1,2026-02-23 16:00:00+00:00,48,0.6477865463494771,0.6477865463494771,False,False,0.6267624521072798,8.7,3.0,2026-02-21 19:00:00+00:00,45.0,2026-01-31 23:00:00,2026-02-01T01:00:00+05:00,e46d74629bd710750db40d5e9d8f3eadbaa20ee486e416572c0d88f6ec77ad79,gfs_seamless,False
turbine_1,2026-02-23 17:00:00+00:00,48,0.9170459519481899,0.9170459519481899,False,False,0.8937111928104575,10.55,2.0,2026-02-21 19:00:00+00:00,46.0,2026-01-31 23:00:00,2026-02-01T01:00:00+05:00,e46d74629bd710750db40d5e9d8f3eadbaa20ee486e416572c0d88f6ec77ad79,gfs_seamless,False
turbine_1,2026-02-23 18:00:00+00:00,48,0.9787645108378092,0.9787645108378092,False,False,0.9381677419354839,11.48,1.5,2026-02-21 19:00:00+00:00,47.0,2026-01-31 23:00:00,2026-02-01T01:00:00+05:00,e46d74629bd710750db40d5e9d8f3eadbaa20ee486e416572c0d88f6ec77ad79,gfs_seamless,False
turbine_1,2026-02-23 19:00:00+00:00,48,0.9777709097326,0.9777709097326,False,False,0.9583879781420764,12.3,1.0,2026-02-21 19:00:00+00:00,48.0,2026-01-31 23:00:00,2026-02-01T01:00:00+05:00,e46d74629bd710750db40d5e9d8f3eadbaa20ee486e416572c0d88f6ec77ad79,gfs_seamless,False
turbine_2,2026-02-21 20:00:00+00:00,24,0.01003996826172357,0.01003996826172357,False,False,0.014608096468561586,2.16,4.1,2026-02-21 19:00:00+00:00,1.0,2026-01-31 23:00:00,2026-02-01T01:00:00+05:00,d05b3cae0b8e890efb085c68704c9fb8d2cbf736bedd6d6ce81594bf3efad63a,gfs_seamless,False
turbine_2,2026-02-21 21:00:00+00:00,24,0.009605254919308578,0.009605254919308578,False,False,0.010127472003812246,1.8,3.4,2026-02-21 19:00:00+00:00,2.0,2026-01-31 23:00:00,2026-02-01T01:00:00+05:00,d05b3cae0b8e890efb085c68704c9fb8d2cbf736bedd6d6ce81594bf3efad63a,gfs_seamless,False
turbine_2,2026-02-21 22:00:00+00:00,24,0.009653921031100122,0.009653921031100122,False,False,0.00971122112211221,1.21,3.1,2026-02-21 19:00:00+00:00,3.0,2026-01-31 23:00:00,2026-02-01T01:00:00+05:00,d05b3cae0b8e890efb085c68704c9fb8d2cbf736bedd6d6ce81594bf3efad63a,gfs_seamless,False
turbine_2,2026-02-21 23:00:00+00:00,24,0.009653921031100122,0.009653921031100122,False,False,0.00971122112211221,1.26,3.1,2026-02-21 19:00:00+00:00,4.0,2026-01-31 23:00:00,2026-02-01T01:00:00+05:00,d05b3cae0b8e890efb085c68704c9fb8d2cbf736bedd6d6ce81594bf3efad63a,gfs_seamless,False
turbine_2,2026-02-22 00:00:00+00:00,24,0.015391469539199272,0.015391469539199272,False,False,0.023970410628019325,2.75,4.0,2026-02-21 19:00:00+00:00,5.0,2026-01-31 23:00:00,2026-02-01T01:00:00+05:00,d05b3cae0b8e890efb085c68704c9fb8d2cbf736bedd6d6ce81594bf3efad63a,gfs_seamless,False
turbine_2,2026-02-22 01:00:00+00:00,24,0.13968271192551612,0.13968271192551612,False,False,0.18799815254684613,5.57,4.3,2026-02-21 19:00:00+00:00,6.0,2026-01-31 23:00:00,2026-02-01T01:00:00+05:00,d05b3cae0b8e890efb085c68704c9fb8d2cbf736bedd6d6ce81594bf3efad63a,gfs_seamless,False
turbine_2,2026-02-22 02:00:00+00:00,24,0.8291545861187549,0.8291545861187549,False,False,0.8240326184092941,10.15,3.9,2026-02-21 19:00:00+00:00,7.0,2026-01-31 23:00:00,2026-02-01T01:00:00+05:00,d05b3cae0b8e890efb085c68704c9fb8d2cbf736bedd6d6ce81594bf3efad63a,gfs_seamless,False
turbine_2,2026-02-22 03:00:00+00:00,24,0.970742106466261,0.970742106466261,False,False,0.9518670076726343,11.99,4.0,2026-02-21 19:00:00+00:00,8.0,2026-01-31 23:00:00,2026-02-01T01:00:00+05:00,d05b3cae0b8e890efb085c68704c9fb8d2cbf736bedd6d6ce81594bf3efad63a,gfs_seamless,False
turbine_2,2026-02-22 04:00:00+00:00,24,0.9781399300304243,0.9781399300304243,False,False,0.9700600600600602,13.16,5.8,2026-02-21 19:00:00+00:00,9.0,2026-01-31 23:00:00,2026-02-01T01:00:00+05:00,d05b3cae0b8e890efb085c68704c9fb8d2cbf736bedd6d6ce81594bf3efad63a,gfs_seamless,False
turbine_2,2026-02-22 05:00:00+00:00,24,0.9674881640749806,0.9674881640749806,False,False,0.9603782505910166,14.2,7.2,2026-02-21 19:00:00+00:00,10.0,2026-01-31 23:00:00,2026-02-01T01:00:00+05:00,d05b3cae0b8e890efb085c68704c9fb8d2cbf736bedd6d6ce81594bf3efad63a,gfs_seamless,False
turbine_2,2026-02-22 06:00:00+00:00,24,0.9733320120263749,0.9733320120263749,False,False,0.9700600600600602,13.35,8.7,2026-02-21 19:00:00+00:00,11.0,2026-01-31 23:00:00,2026-02-01T01:00:00+05:00,d05b3cae0b8e890efb085c68704c9fb8d2cbf736bedd6d6ce81594bf3efad63a,gfs_seamless,False
turbine_2,2026-02-22 07:00:00+00:00,24,0.9730922740518294,0.9730922740518294,False,False,0.9700600600600602,13.29,10.0,2026-02-21 19:00:00+00:00,12.0,2026-01-31 23:00:00,2026-02-01T01:00:00+05:00,d05b3cae0b8e890efb085c68704c9fb8d2cbf736bedd6d6ce81594bf3efad63a,gfs_seamless,False
turbine_2,2026-02-22 08:00:00+00:00,24,0.9545815163681628,0.9545815163681628,False,False,0.9633299798792756,12.62,10.5,2026-02-21 19:00:00+00:00,13.0,2026-01-31 23:00:00,2026-02-01T01:00:00+05:00,d05b3cae0b8e890efb085c68704c9fb8d2cbf736bedd6d6ce81594bf3efad63a,gfs_seamless,False
turbine_2,2026-02-22 09:00:00+00:00,24,0.9669546561366361,0.9669546561366361,False,False,0.9574121315192744,12.43,10.6,2026-02-21 19:00:00+00:00,14.0,2026-01-31 23:00:00,2026-02-01T01:00:00+05:00,d05b3cae0b8e890efb085c68704c9fb8d2cbf736bedd6d6ce81594bf3efad63a,gfs_seamless,False
turbine_2,2026-02-22 10:00:00+00:00,24,0.9668871479936592,0.9668871479936592,False,False,0.9574121315192744,12.02,10.9,2026-02-21 19:00:00+00:00,15.0,2026-01-31 23:00:00,2026-02-01T01:00:00+05:00,d05b3cae0b8e890efb085c68704c9fb8d2cbf736bedd6d6ce81594bf3efad63a,gfs_seamless,False
turbine_2,2026-02-22 11:00:00+00:00,24,0.974646146510362,0.974646146510362,False,False,0.9633299798792756,12.76,10.4,2026-02-21 19:00:00+00:00,16.0,2026-01-31 23:00:00,2026-02-01T01:00:00+05:00,d05b3cae0b8e890efb085c68704c9fb8d2cbf736bedd6d6ce81594bf3efad63a,gfs_seamless,False
turbine_2,2026-02-22 12:00:00+00:00,24,0.969421368804504,0.969421368804504,False,False,0.9574121315192744,12.45,9.5,2026-02-21 19:00:00+00:00,17.0,2026-01-31 23:00:00,2026-02-01T01:00:00+05:00,d05b3cae0b8e890efb085c68704c9fb8d2cbf736bedd6d6ce81594bf3efad63a,gfs_seamless,False
turbine_2,2026-02-22 13:00:00+00:00,24,0.9696577861693738,0.9696577861693738,False,False,0.9633299798792756,12.58,8.0,2026-02-21 19:00:00+00:00,18.0,2026-01-31 23:00:00,2026-02-01T01:00:00+05:00,d05b3cae0b8e890efb085c68704c9fb8d2cbf736bedd6d6ce81594bf3efad63a,gfs_seamless,False
turbine_2,2026-02-22 14:00:00+00:00,24,0.9508728311170062,0.9508728311170062,False,False,0.9257415902140673,11.27,7.4,2026-02-21 19:00:00+00:00,19.0,2026-01-31 23:00:00,2026-02-01T01:00:00+05:00,d05b3cae0b8e890efb085c68704c9fb8d2cbf736bedd6d6ce81594bf3efad63a,gfs_seamless,False
turbine_2,2026-02-22 15:00:00+00:00,24,0.8236598866989935,0.8236598866989935,False,False,0.8240326184092941,10.12,7.0,2026-02-21 19:00:00+00:00,20.0,2026-01-31 23:00:00,2026-02-01T01:00:00+05:00,d05b3cae0b8e890efb085c68704c9fb8d2cbf736bedd6d6ce81594bf3efad63a,gfs_seamless,False
turbine_2,2026-02-22 16:00:00+00:00,24,0.5224933098526553,0.5224933098526553,False,False,0.6742543244506779,9.31,6.7,2026-02-21 19:00:00+00:00,21.0,2026-01-31 23:00:00,2026-02-01T01:00:00+05:00,d05b3cae0b8e890efb085c68704c9fb8d2cbf736bedd6d6ce81594bf3efad63a,gfs_seamless,False
turbine_2,2026-02-22 17:00:00+00:00,24,0.5772113782628944,0.5772113782628944,False,False,0.5334922575387123,8.46,6.3,2026-02-21 19:00:00+00:00,22.0,2026-01-31 23:00:00,2026-02-01T01:00:00+05:00,d05b3cae0b8e890efb085c68704c9fb8d2cbf736bedd6d6ce81594bf3efad63a,gfs_seamless,False
turbine_2,2026-02-22 18:00:00+00:00,24,0.23942416833398691,0.23942416833398691,False,False,0.24514071038251364,6.22,5.8,2026-02-21 19:00:00+00:00,23.0,2026-01-31 23:00:00,2026-02-01T01:00:00+05:00,d05b3cae0b8e890efb085c68704c9fb8d2cbf736bedd6d6ce81594bf3efad63a,gfs_seamless,False
turbine_2,2026-02-22 19:00:00+00:00,24,0.2036876935902023,0.2036876935902023,False,False,0.24514071038251364,6.02,5.7,2026-02-21 19:00:00+00:00,24.0,2026-01-31 23:00:00,2026-02-01T01:00:00+05:00,d05b3cae0b8e890efb085c68704c9fb8d2cbf736bedd6d6ce81594bf3efad63a,gfs_seamless,False
turbine_2,2026-02-22 20:00:00+00:00,48,0.45921996515134267,0.45921996515134267,False,False,0.45997253690353584,7.74,5.6,2026-02-21 19:00:00+00:00,25.0,2026-01-31 23:00:00,2026-02-01T01:00:00+05:00,d05b3cae0b8e890efb085c68704c9fb8d2cbf736bedd6d6ce81594bf3efad63a,gfs_seamless,False
turbine_2,2026-02-22 21:00:00+00:00,48,0.35139957853487624,0.35139957853487624,False,False,0.3134483750359506,6.98,5.5,2026-02-21 19:00:00+00:00,26.0,2026-01-31 23:00:00,2026-02-01T01:00:00+05:00,d05b3cae0b8e890efb085c68704c9fb8d2cbf736bedd6d6ce81594bf3efad63a,gfs_seamless,False
turbine_2,2026-02-22 22:00:00+00:00,48,0.19646475111876158,0.19646475111876158,False,False,0.24514071038251364,6.05,5.1,2026-02-21 19:00:00+00:00,27.0,2026-01-31 23:00:00,2026-02-01T01:00:00+05:00,d05b3cae0b8e890efb085c68704c9fb8d2cbf736bedd6d6ce81594bf3efad63a,gfs_seamless,False
turbine_2,2026-02-22 23:00:00+00:00,48,0.10251780788574713,0.10251780788574713,False,False,0.14257562144354596,5.14,4.6,2026-02-21 19:00:00+00:00,28.0,2026-01-31 23:00:00,2026-02-01T01:00:00+05:00,d05b3cae0b8e890efb085c68704c9fb8d2cbf736bedd6d6ce81594bf3efad63a,gfs_seamless,False
turbine_2,2026-02-23 00:00:00+00:00,48,0.01796880353431113,0.01796880353431113,False,False,0.037099712368168745,3.1,4.1,2026-02-21 19:00:00+00:00,29.0,2026-01-31 23:00:00,2026-02-01T01:00:00+05:00,d05b3cae0b8e890efb085c68704c9fb8d2cbf736bedd6d6ce81594bf3efad63a,gfs_seamless,False
turbine_2,2026-02-23 01:00:00+00:00,48,0.011113710236003334,0.011113710236003334,False,False,0.014608096468561586,2.3,4.3,2026-02-21 19:00:00+00:00,30.0,2026-01-31 23:00:00,2026-02-01T01:00:00+05:00,d05b3cae0b8e890efb085c68704c9fb8d2cbf736bedd6d6ce81594bf3efad63a,gfs_seamless,False
turbine_2,2026-02-23 02:00:00+00:00,48,0.009809212589347732,0.009809212589347732,False,False,0.00971122112211221,1.3,4.8,2026-02-21 19:00:00+00:00,31.0,2026-01-31 23:00:00,2026-02-01T01:00:00+05:00,d05b3cae0b8e890efb085c68704c9fb8d2cbf736bedd6d6ce81594bf3efad63a,gfs_seamless,False
turbine_2,2026-02-23 03:00:00+00:00,48,0.009933627155233056,0.009933627155233056,False,False,0.009932126696832579,0.51,6.3,2026-02-21 19:00:00+00:00,32.0,2026-01-31 23:00:00,2026-02-01T01:00:00+05:00,d05b3cae0b8e890efb085c68704c9fb8d2cbf736bedd6d6ce81594bf3efad63a,gfs_seamless,False
turbine_2,2026-02-23 04:00:00+00:00,48,0.009662260512887414,0.009662260512887414,False,False,0.009932126696832579,0.81,7.3,2026-02-21 19:00:00+00:00,33.0,2026-01-31 23:00:00,2026-02-01T01:00:00+05:00,d05b3cae0b8e890efb085c68704c9fb8d2cbf736bedd6d6ce81594bf3efad63a,gfs_seamless,False
turbine_2,2026-02-23 05:00:00+00:00,48,0.017329544996356607,0.017329544996356607,False,False,0.023970410628019325,2.91,8.5,2026-02-21 19:00:00+00:00,34.0,2026-01-31 23:00:00,2026-02-01T01:00:00+05:00,d05b3cae0b8e890efb085c68704c9fb8d2cbf736bedd6d6ce81594bf3efad63a,gfs_seamless,False
turbine_2,2026-02-23 06:00:00+00:00,48,0.09022583466110333,0.09022583466110333,False,False,0.10500000000000001,4.63,9.1,2026-02-21 19:00:00+00:00,35.0,2026-01-31 23:00:00,2026-02-01T01:00:00+05:00,d05b3cae0b8e890efb085c68704c9fb8d2cbf736bedd6d6ce81594bf3efad63a,gfs_seamless,False
turbine_2,2026-02-23 07:00:00+00:00,48,0.5921048335662965,0.5921048335662965,False,False,0.6162610815602837,8.6,9.8,2026-02-21 19:00:00+00:00,36.0,2026-01-31 23:00:00,2026-02-01T01:00:00+05:00,d05b3cae0b8e890efb085c68704c9fb8d2cbf736bedd6d6ce81594bf3efad63a,gfs_seamless,False
turbine_2,2026-02-23 08:00:00+00:00,48,0.9408647139724339,0.9408647139724339,False,False,0.9257415902140673,11.0,9.5,2026-02-21 19:00:00+00:00,37.0,2026-01-31 23:00:00,2026-02-01T01:00:00+05:00,d05b3cae0b8e890efb085c68704c9fb8d2cbf736bedd6d6ce81594bf3efad63a,gfs_seamless,False
turbine_2,2026-02-23 09:00:00+00:00,48,0.923445630144493,0.923445630144493,False,False,0.8845606610237807,10.8,8.6,2026-02-21 19:00:00+00:00,38.0,2026-01-31 23:00:00,2026-02-01T01:00:00+05:00,d05b3cae0b8e890efb085c68704c9fb8d2cbf736bedd6d6ce81594bf3efad63a,gfs_seamless,False
turbine_2,2026-02-23 10:00:00+00:00,48,0.8734455660783849,0.8734455660783849,False,False,0.8240326184092941,10.4,8.1,2026-02-21 19:00:00+00:00,39.0,2026-01-31 23:00:00,2026-02-01T01:00:00+05:00,d05b3cae0b8e890efb085c68704c9fb8d2cbf736bedd6d6ce81594bf3efad63a,gfs_seamless,False
turbine_2,2026-02-23 11:00:00+00:00,48,0.870558617291463,0.870558617291463,False,False,0.8240326184092941,10.34,7.5,2026-02-21 19:00:00+00:00,40.0,2026-01-31 23:00:00,2026-02-01T01:00:00+05:00,d05b3cae0b8e890efb085c68704c9fb8d2cbf736bedd6d6ce81594bf3efad63a,gfs_seamless,False
turbine_2,2026-02-23 12:00:00+00:00,48,0.6745730271330267,0.6745730271330267,False,False,0.8240326184092941,10.14,6.3,2026-02-21 19:00:00+00:00,41.0,2026-01-31 23:00:00,2026-02-01T01:00:00+05:00,d05b3cae0b8e890efb085c68704c9fb8d2cbf736bedd6d6ce81594bf3efad63a,gfs_seamless,False
turbine_2,2026-02-23 13:00:00+00:00,48,0.6050265845118783,0.6050265845118783,False,False,0.6162610815602837,8.5,5.2,2026-02-21 19:00:00+00:00,42.0,2026-01-31 23:00:00,2026-02-01T01:00:00+05:00,d05b3cae0b8e890efb085c68704c9fb8d2cbf736bedd6d6ce81594bf3efad63a,gfs_seamless,False
turbine_2,2026-02-23 14:00:00+00:00,48,0.4701458397469266,0.4701458397469266,False,False,0.45997253690353584,7.75,4.3,2026-02-21 19:00:00+00:00,43.0,2026-01-31 23:00:00,2026-02-01T01:00:00+05:00,d05b3cae0b8e890efb085c68704c9fb8d2cbf736bedd6d6ce81594bf3efad63a,gfs_seamless,False
turbine_2,2026-02-23 15:00:00+00:00,48,0.6749501207778215,0.6749501207778215,False,False,0.6742543244506779,9.08,3.6,2026-02-21 19:00:00+00:00,44.0,2026-01-31 23:00:00,2026-02-01T01:00:00+05:00,d05b3cae0b8e890efb085c68704c9fb8d2cbf736bedd6d6ce81594bf3efad63a,gfs_seamless,False
turbine_2,2026-02-23 16:00:00+00:00,48,0.6087852593633032,0.6087852593633032,False,False,0.6162610815602837,8.7,3.0,2026-02-21 19:00:00+00:00,45.0,2026-01-31 23:00:00,2026-02-01T01:00:00+05:00,d05b3cae0b8e890efb085c68704c9fb8d2cbf736bedd6d6ce81594bf3efad63a,gfs_seamless,False
turbine_2,2026-02-23 17:00:00+00:00,48,0.8845598896802301,0.8845598896802301,False,False,0.8845606610237807,10.55,2.0,2026-02-21 19:00:00+00:00,46.0,2026-01-31 23:00:00,2026-02-01T01:00:00+05:00,d05b3cae0b8e890efb085c68704c9fb8d2cbf736bedd6d6ce81594bf3efad63a,gfs_seamless,False
turbine_2,2026-02-23 18:00:00+00:00,48,0.9690465039204486,0.9690465039204486,False,False,0.9257415902140673,11.48,1.5,2026-02-21 19:00:00+00:00,47.0,2026-01-31 23:00:00,2026-02-01T01:00:00+05:00,d05b3cae0b8e890efb085c68704c9fb8d2cbf736bedd6d6ce81594bf3efad63a,gfs_seamless,False
turbine_2,2026-02-23 19:00:00+00:00,48,0.9760484576469198,0.9760484576469198,False,False,0.9574121315192744,12.3,1.0,2026-02-21 19:00:00+00:00,48.0,2026-01-31 23:00:00,2026-02-01T01:00:00+05:00,d05b3cae0b8e890efb085c68704c9fb8d2cbf736bedd6d6ce81594bf3efad63a,gfs_seamless,False
turbine_1,2026-02-22 20:00:00+00:00,24,0.16198795996424223,0.16198795996424223,False,False,0.19472402597402597,5.61,5.9,2026-02-22 19:00:00+00:00,1.0,2026-01-31 23:00:00,2026-02-01T01:00:00+05:00,e46d74629bd710750db40d5e9d8f3eadbaa20ee486e416572c0d88f6ec77ad79,gfs_seamless,False
turbine_1,2026-02-22 21:00:00+00:00,24,0.17026410558433727,0.17026410558433727,False,False,0.19472402597402597,5.64,5.7,2026-02-22 19:00:00+00:00,2.0,2026-01-31 23:00:00,2026-02-01T01:00:00+05:00,e46d74629bd710750db40d5e9d8f3eadbaa20ee486e416572c0d88f6ec77ad79,gfs_seamless,False
turbine_1,2026-02-22 22:00:00+00:00,24,0.16049634717133107,0.16049634717133107,False,False,0.19472402597402597,5.59,5.3,2026-02-22 19:00:00+00:00,3.0,2026-01-31 23:00:00,2026-02-01T01:00:00+05:00,e46d74629bd710750db40d5e9d8f3eadbaa20ee486e416572c0d88f6ec77ad79,gfs_seamless,False
turbine_1,2026-02-22 23:00:00+00:00,24,0.16192715559926713,0.16192715559926713,False,False,0.19472402597402597,5.66,4.9,2026-02-22 19:00:00+00:00,4.0,2026-01-31 23:00:00,2026-02-01T01:00:00+05:00,e46d74629bd710750db40d5e9d8f3eadbaa20ee486e416572c0d88f6ec77ad79,gfs_seamless,False
turbine_1,2026-02-23 00:00:00+00:00,24,0.05905648218847988,0.05905648218847988,False,False,0.08138774811772757,4.31,4.9,2026-02-22 19:00:00+00:00,5.0,2026-01-31 23:00:00,2026-02-01T01:00:00+05:00,e46d74629bd710750db40d5e9d8f3eadbaa20ee486e416572c0d88f6ec77ad79,gfs_seamless,False
turbine_1,2026-02-23 01:00:00+00:00,24,0.026655709381454788,0.026655709381454788,False,False,0.040077274323849665,3.37,4.6,2026-02-22 19:00:00+00:00,6.0,2026-01-31 23:00:00,2026-02-01T01:00:00+05:00,e46d74629bd710750db40d5e9d8f3eadbaa20ee486e416572c0d88f6ec77ad79,gfs_seamless,False
turbine_1,2026-02-23 02:00:00+00:00,24,0.014123414763965749,0.014123414763965749,False,False,0.025215897939156035,2.5,4.9,2026-02-22 19:00:00+00:00,7.0,2026-01-31 23:00:00,2026-02-01T01:00:00+05:00,e46d74629bd710750db40d5e9d8f3eadbaa20ee486e416572c0d88f6ec77ad79,gfs_seamless,False
turbine_1,2026-02-23 03:00:00+00:00,24,0.01027934024696491,0.01027934024696491,False,False,0.009961472602739725,1.4,6.4,2026-02-22 19:00:00+00:00,8.0,2026-01-31 23:00:00,2026-02-01T01:00:00+05:00,e46d74629bd710750db40d5e9d8f3eadbaa20ee486e416572c0d88f6ec77ad79,gfs_seamless,False
turbine_1,2026-02-23 04:00:00+00:00,24,0.010360027740582485,0.010360027740582485,False,False,0.009989159891598917,0.63,7.3,2026-02-22 19:00:00+00:00,9.0,2026-01-31 23:00:00,2026-02-01T01:00:00+05:00,e46d74629bd710750db40d5e9d8f3eadbaa20ee486e416572c0d88f6ec77ad79,gfs_seamless,False
turbine_1,2026-02-23 05:00:00+00:00,24,0.009981222013678926,0.009981222013678926,False,False,0.009961472602739725,1.4,8.4,2026-02-22 19:00:00+00:00,10.0,2026-01-31 23:00:00,2026-02-01T01:00:00+05:00,e46d74629bd710750db40d5e9d8f3eadbaa20ee486e416572c0d88f6ec77ad79,gfs_seamless,False
turbine_1,2026-02-23 06:00:00+00:00,24,0.019269121472558784,0.019269121472558784,False,False,0.025215897939156035,2.83,9.5,2026-02-22 19:00:00+00:00,11.0,2026-01-31 23:00:00,2026-02-01T01:00:00+05:00,e46d74629bd710750db40d5e9d8f3eadbaa20ee486e416572c0d88f6ec77ad79,gfs_seamless,False
turbine_1,2026-02-23 07:00:00+00:00,24,0.12709586373207066,0.12709586373207066,False,False,0.14868314676616917,5.1,10.2,2026-02-22 19:00:00+00:00,12.0,2026-01-31 23:00:00,2026-02-01T01:00:00+05:00,e46d74629bd710750db40d5e9d8f3eadbaa20ee486e416572c0d88f6ec77ad79,gfs_seamless,False
turbine_1,2026-02-23 08:00:00+00:00,24,0.7674476411890095,0.7674476411890095,False,False,0.7651013024602026,9.52,10.3,2026-02-22 19:00:00+00:00,13.0,2026-01-31 23:00:00,2026-02-01T01:00:00+05:00,e46d74629bd710750db40d5e9d8f3eadbaa20ee486e416572c0d88f6ec77ad79,gfs_seamless,False
turbine_1,2026-02-23 09:00:00+00:00,24,0.9420228199227665,0.9420228199227665,False,False,0.8937111928104575,10.9,9.6,2026-02-22 19:00:00+00:00,14.0,2026-01-31 23:00:00,2026-02-01T01:00:00+05:00,e46d74629bd710750db40d5e9d8f3eadbaa20ee486e416572c0d88f6ec77ad79,gfs_seamless,False
turbine_1,2026-02-23 10:00:00+00:00,24,0.7700734858815136,0.7700734858815136,False,False,0.6955416051206302,9.44,8.6,2026-02-22 19:00:00+00:00,15.0,2026-01-31 23:00:00,2026-02-01T01:00:00+05:00,e46d74629bd710750db40d5e9d8f3eadbaa20ee486e416572c0d88f6ec77ad79,gfs_seamless,False
turbine_1,2026-02-23 11:00:00+00:00,24,0.8515073002440109,0.8515073002440109,False,False,0.8301109660574413,10.15,7.6,2026-02-22 19:00:00+00:00,16.0,2026-01-31 23:00:00,2026-02-01T01:00:00+05:00,e46d74629bd710750db40d5e9d8f3eadbaa20ee486e416572c0d88f6ec77ad79,gfs_seamless,False
turbine_1,2026-02-23 12:00:00+00:00,24,0.9676566437393272,0.9676566437393272,False,False,0.9381677419354839,11.48,7.2,2026-02-22 19:00:00+00:00,17.0,2026-01-31 23:00:00,2026-02-01T01:00:00+05:00,e46d74629bd710750db40d5e9d8f3eadbaa20ee486e416572c0d88f6ec77ad79,gfs_seamless,False
turbine_1,2026-02-23 13:00:00+00:00,24,0.9536102640843785,0.9536102640843785,False,False,0.9381677419354839,11.02,6.1,2026-02-22 19:00:00+00:00,18.0,2026-01-31 23:00:00,2026-02-01T01:00:00+05:00,e46d74629bd710750db40d5e9d8f3eadbaa20ee486e416572c0d88f6ec77ad79,gfs_seamless,False
turbine_1,2026-02-23 14:00:00+00:00,24,0.8447229999366637,0.8447229999366637,False,False,0.8301109660574413,10.0,5.2,2026-02-22 19:00:00+00:00,19.0,2026-01-31 23:00:00,2026-02-01T01:00:00+05:00,e46d74629bd710750db40d5e9d8f3eadbaa20ee486e416572c0d88f6ec77ad79,gfs_seamless,False
turbine_1,2026-02-23 15:00:00+00:00,24,0.7207492104422341,0.7207492104422341,False,False,0.6955416051206302,9.14,4.6,2026-02-22 19:00:00+00:00,20.0,2026-01-31 23:00:00,2026-02-01T01:00:00+05:00,e46d74629bd710750db40d5e9d8f3eadbaa20ee486e416572c0d88f6ec77ad79,gfs_seamless,False
turbine_1,2026-02-23 16:00:00+00:00,24,0.4904262396328017,0.4904262396328017,False,False,0.47519897772909825,7.72,3.8,2026-02-22 19:00:00+00:00,21.0,2026-01-31 23:00:00,2026-02-01T01:00:00+05:00,e46d74629bd710750db40d5e9d8f3eadbaa20ee486e416572c0d88f6ec77ad79,gfs_seamless,False
turbine_1,2026-02-23 17:00:00+00:00,24,0.8473808011770737,0.8473808011770737,False,False,0.8301109660574413,10.02,2.5,2026-02-22 19:00:00+00:00,22.0,2026-01-31 23:00:00,2026-02-01T01:00:00+05:00,e46d74629bd710750db40d5e9d8f3eadbaa20ee486e416572c0d88f6ec77ad79,gfs_seamless,False
turbine_1,2026-02-23 18:00:00+00:00,24,0.9715914767028604,0.9715914767028604,False,False,0.9381677419354839,11.18,1.2,2026-02-22 19:00:00+00:00,23.0,2026-01-31 23:00:00,2026-02-01T01:00:00+05:00,e46d74629bd710750db40d5e9d8f3eadbaa20ee486e416572c0d88f6ec77ad79,gfs_seamless,False
turbine_1,2026-02-23 19:00:00+00:00,24,0.9782028596087853,0.9782028596087853,False,False,0.9381677419354839,11.43,0.8,2026-02-22 19:00:00+00:00,24.0,2026-01-31 23:00:00,2026-02-01T01:00:00+05:00,e46d74629bd710750db40d5e9d8f3eadbaa20ee486e416572c0d88f6ec77ad79,gfs_seamless,False
turbine_1,2026-02-23 20:00:00+00:00,48,0.9853595376520679,0.9853595376520679,False,False,0.9603525641025641,11.83,0.6,2026-02-22 19:00:00+00:00,25.0,2026-01-31 23:00:00,2026-02-01T01:00:00+05:00,e46d74629bd710750db40d5e9d8f3eadbaa20ee486e416572c0d88f6ec77ad79,gfs_seamless,False
turbine_1,2026-02-23 21:00:00+00:00,48,0.9838126638621807,0.9838126638621807,False,False,0.9603525641025641,11.59,0.5,2026-02-22 19:00:00+00:00,26.0,2026-01-31 23:00:00,2026-02-01T01:00:00+05:00,e46d74629bd710750db40d5e9d8f3eadbaa20ee486e416572c0d88f6ec77ad79,gfs_seamless,False
turbine_1,2026-02-23 22:00:00+00:00,48,0.9757228668713498,0.9757228668713498,False,False,0.9603525641025641,11.63,0.2,2026-02-22 19:00:00+00:00,27.0,2026-01-31 23:00:00,2026-02-01T01:00:00+05:00,e46d74629bd710750db40d5e9d8f3eadbaa20ee486e416572c0d88f6ec77ad79,gfs_seamless,False
turbine_1,2026-02-23 23:00:00+00:00,48,0.9833486364127053,0.9833486364127053,False,False,0.9381677419354839,11.42,0.1,2026-02-22 19:00:00+00:00,28.0,2026-01-31 23:00:00,2026-02-01T01:00:00+05:00,e46d74629bd710750db40d5e9d8f3eadbaa20ee486e416572c0d88f6ec77ad79,gfs_seamless,False
turbine_1,2026-02-24 00:00:00+00:00,48,0.9639200304170865,0.9639200304170865,False,False,0.8937111928104575,10.97,-0.1,2026-02-22 19:00:00+00:00,29.0,2026-01-31 23:00:00,2026-02-01T01:00:00+05:00,e46d74629bd710750db40d5e9d8f3eadbaa20ee486e416572c0d88f6ec77ad79,gfs_seamless,False
turbine_1,2026-02-24 01:00:00+00:00,48,0.9386048237037216,0.9386048237037216,False,False,0.8937111928104575,10.7,-0.1,2026-02-22 19:00:00+00:00,30.0,2026-01-31 23:00:00,2026-02-01T01:00:00+05:00,e46d74629bd710750db40d5e9d8f3eadbaa20ee486e416572c0d88f6ec77ad79,gfs_seamless,False
turbine_1,2026-02-24 02:00:00+00:00,48,0.9081881836872654,0.9081881836872654,False,False,0.8301109660574413,10.34,0.0,2026-02-22 19:00:00+00:00,31.0,2026-01-31 23:00:00,2026-02-01T01:00:00+05:00,e46d74629bd710750db40d5e9d8f3eadbaa20ee486e416572c0d88f6ec77ad79,gfs_seamless,False
turbine_1,2026-02-24 03:00:00+00:00,48,0.8363182981211343,0.8363182981211343,False,False,0.7651013024602026,9.84,0.6,2026-02-22 19:00:00+00:00,32.0,2026-01-31 23:00:00,2026-02-01T01:00:00+05:00,e46d74629bd710750db40d5e9d8f3eadbaa20ee486e416572c0d88f6ec77ad79,gfs_seamless,False
turbine_1,2026-02-24 04:00:00+00:00,48,0.8114892582877166,0.8114892582877166,False,False,0.7651013024602026,9.82,1.1,2026-02-22 19:00:00+00:00,33.0,2026-01-31 23:00:00,2026-02-01T01:00:00+05:00,e46d74629bd710750db40d5e9d8f3eadbaa20ee486e416572c0d88f6ec77ad79,gfs_seamless,False
turbine_1,2026-02-24 05:00:00+00:00,48,0.6950242421983881,0.6950242421983881,False,False,0.6267624521072798,8.95,1.8,2026-02-22 19:00:00+00:00,34.0,2026-01-31 23:00:00,2026-02-01T01:00:00+05:00,e46d74629bd710750db40d5e9d8f3eadbaa20ee486e416572c0d88f6ec77ad79,gfs_seamless,False
turbine_1,2026-02-24 06:00:00+00:00,48,0.6478573849953635,0.6478573849953635,False,False,0.6267624521072798,8.65,0.6,2026-02-22 19:00:00+00:00,35.0,2026-01-31 23:00:00,2026-02-01T01:00:00+05:00,e46d74629bd710750db40d5e9d8f3eadbaa20ee486e416572c0d88f6ec77ad79,gfs_seamless,False
turbine_1,2026-02-24 07:00:00+00:00,48,0.5063138471760995,0.5063138471760995,False,False,0.47519897772909825,7.82,1.0,2026-02-22 19:00:00+00:00,36.0,2026-01-31 23:00:00,2026-02-01T01:00:00+05:00,e46d74629bd710750db40d5e9d8f3eadbaa20ee486e416572c0d88f6ec77ad79,gfs_seamless,False
turbine_1,2026-02-24 08:00:00+00:00,48,0.4756261855205851,0.4756261855205851,False,False,0.47519897772909825,7.59,1.0,2026-02-22 19:00:00+00:00,37.0,2026-01-31 23:00:00,2026-02-01T01:00:00+05:00,e46d74629bd710750db40d5e9d8f3eadbaa20ee486e416572c0d88f6ec77ad79,gfs_seamless,False
turbine_1,2026-02-24 09:00:00+00:00,48,0.5433838991743736,0.5433838991743736,False,False,0.5480688448074679,8.08,0.7,2026-02-22 19:00:00+00:00,38.0,2026-01-31 23:00:00,2026-02-01T01:00:00+05:00,e46d74629bd710750db40d5e9d8f3eadbaa20ee486e416572c0d88f6ec77ad79,gfs_seamless,False
turbine_1,2026-02-24 10:00:00+00:00,48,0.5655834410532478,0.5655834410532478,False,False,0.5480688448074679,8.19,0.9,2026-02-22 19:00:00+00:00,39.0,2026-01-31 23:00:00,2026-02-01T01:00:00+05:00,e46d74629bd710750db40d5e9d8f3eadbaa20ee486e416572c0d88f6ec77ad79,gfs_seamless,False
turbine_1,2026-02-24 11:00:00+00:00,48,0.6037501586010225,0.6037501586010225,False,False,0.5480688448074679,8.34,0.8,2026-02-22 19:00:00+00:00,40.0,2026-01-31 23:00:00,2026-02-01T01:00:00+05:00,e46d74629bd710750db40d5e9d8f3eadbaa20ee486e416572c0d88f6ec77ad79,gfs_seamless,False
turbine_1,2026-02-24 12:00:00+00:00,48,0.8695079297945685,0.8695079297945685,False,False,0.8301109660574413,10.08,-0.0,2026-02-22 19:00:00+00:00,41.0,2026-01-31 23:00:00,2026-02-01T01:00:00+05:00,e46d74629bd710750db40d5e9d8f3eadbaa20ee486e416572c0d88f6ec77ad79,gfs_seamless,False
turbine_1,2026-02-24 13:00:00+00:00,48,0.848064012645777,0.848064012645777,False,False,0.7651013024602026,9.84,-0.5,2026-02-22 19:00:00+00:00,42.0,2026-01-31 23:00:00,2026-02-01T01:00:00+05:00,e46d74629bd710750db40d5e9d8f3eadbaa20ee486e416572c0d88f6ec77ad79,gfs_seamless,False
turbine_1,2026-02-24 14:00:00+00:00,48,0.637834003592484,0.637834003592484,False,False,0.6267624521072798,8.59,-0.3,2026-02-22 19:00:00+00:00,43.0,2026-01-31 23:00:00,2026-02-01T01:00:00+05:00,e46d74629bd710750db40d5e9d8f3eadbaa20ee486e416572c0d88f6ec77ad79,gfs_seamless,False
turbine_1,2026-02-24 15:00:00+00:00,48,0.4721915214865066,0.4721915214865066,False,False,0.47519897772909825,7.6,-0.3,2026-02-22 19:00:00+00:00,44.0,2026-01-31 23:00:00,2026-02-01T01:00:00+05:00,e46d74629bd710750db40d5e9d8f3eadbaa20ee486e416572c0d88f6ec77ad79,gfs_seamless,False
turbine_1,2026-02-24 16:00:00+00:00,48,0.3513290695476106,0.3513290695476106,False,False,0.3244547053649956,6.98,-0.7,2026-02-22 19:00:00+00:00,45.0,2026-01-31 23:00:00,2026-02-01T01:00:00+05:00,e46d74629bd710750db40d5e9d8f3eadbaa20ee486e416572c0d88f6ec77ad79,gfs_seamless,False
turbine_1,2026-02-24 17:00:00+00:00,48,0.1243301612210452,0.1243301612210452,False,False,0.19472402597402597,5.51,-1.0,2026-02-22 19:00:00+00:00,46.0,2026-01-31 23:00:00,2026-02-01T01:00:00+05:00,e46d74629bd710750db40d5e9d8f3eadbaa20ee486e416572c0d88f6ec77ad79,gfs_seamless,False
turbine_1,2026-02-24 18:00:00+00:00,48,0.011013625567167479,0.011013625567167479,False,False,0.01599670263788969,2.34,-0.7,2026-02-22 19:00:00+00:00,47.0,2026-01-31 23:00:00,2026-02-01T01:00:00+05:00,e46d74629bd710750db40d5e9d8f3eadbaa20ee486e416572c0d88f6ec77ad79,gfs_seamless,False
turbine_1,2026-02-24 19:00:00+00:00,48,0.00966447145927752,0.00966447145927752,False,False,0.009961472602739725,1.17,-0.8,2026-02-22 19:00:00+00:00,48.0,2026-01-31 23:00:00,2026-02-01T01:00:00+05:00,e46d74629bd710750db40d5e9d8f3eadbaa20ee486e416572c0d88f6ec77ad79,gfs_seamless,False
turbine_2,2026-02-22 20:00:00+00:00,24,0.15409257750051575,0.15409257750051575,False,False,0.18799815254684613,5.61,5.9,2026-02-22 19:00:00+00:00,1.0,2026-01-31 23:00:00,2026-02-01T01:00:00+05:00,d05b3cae0b8e890efb085c68704c9fb8d2cbf736bedd6d6ce81594bf3efad63a,gfs_seamless,False
turbine_2,2026-02-22 21:00:00+00:00,24,0.16240980960814178,0.16240980960814178,False,False,0.18799815254684613,5.64,5.7,2026-02-22 19:00:00+00:00,2.0,2026-01-31 23:00:00,2026-02-01T01:00:00+05:00,d05b3cae0b8e890efb085c68704c9fb8d2cbf736bedd6d6ce81594bf3efad63a,gfs_seamless,False
turbine_2,2026-02-22 22:00:00+00:00,24,0.14219179190802878,0.14219179190802878,False,False,0.18799815254684613,5.59,5.3,2026-02-22 19:00:00+00:00,3.0,2026-01-31 23:00:00,2026-02-01T01:00:00+05:00,d05b3cae0b8e890efb085c68704c9fb8d2cbf736bedd6d6ce81594bf3efad63a,gfs_seamless,False
turbine_2,2026-02-22 23:00:00+00:00,24,0.1569976552628236,0.1569976552628236,False,False,0.18799815254684613,5.66,4.9,2026-02-22 19:00:00+00:00,4.0,2026-01-31 23:00:00,2026-02-01T01:00:00+05:00,d05b3cae0b8e890efb085c68704c9fb8d2cbf736bedd6d6ce81594bf3efad63a,gfs_seamless,False
turbine_2,2026-02-23 00:00:00+00:00,24,0.05108837207345365,0.05108837207345365,False,False,0.07894438894438895,4.31,4.9,2026-02-22 19:00:00+00:00,5.0,2026-01-31 23:00:00,2026-02-01T01:00:00+05:00,d05b3cae0b8e890efb085c68704c9fb8d2cbf736bedd6d6ce81594bf3efad63a,gfs_seamless,False
turbine_2,2026-02-23 01:00:00+00:00,24,0.022152682625499114,0.022152682625499114,False,False,0.037099712368168745,3.37,4.6,2026-02-22 19:00:00+00:00,6.0,2026-01-31 23:00:00,2026-02-01T01:00:00+05:00,d05b3cae0b8e890efb085c68704c9fb8d2cbf736bedd6d6ce81594bf3efad63a,gfs_seamless,False
turbine_2,2026-02-23 02:00:00+00:00,24,0.011433509544412072,0.011433509544412072,False,False,0.023970410628019325,2.5,4.9,2026-02-22 19:00:00+00:00,7.0,2026-01-31 23:00:00,2026-02-01T01:00:00+05:00,d05b3cae0b8e890efb085c68704c9fb8d2cbf736bedd6d6ce81594bf3efad63a,gfs_seamless,False
turbine_2,2026-02-23 03:00:00+00:00,24,0.009913219754553672,0.009913219754553672,False,False,0.00971122112211221,1.4,6.4,2026-02-22 19:00:00+00:00,8.0,2026-01-31 23:00:00,2026-02-01T01:00:00+05:00,d05b3cae0b8e890efb085c68704c9fb8d2cbf736bedd6d6ce81594bf3efad63a,gfs_seamless,False
turbine_2,2026-02-23 04:00:00+00:00,24,0.009662260512887414,0.009662260512887414,False,False,0.009932126696832579,0.63,7.3,2026-02-22 19:00:00+00:00,9.0,2026-01-31 23:00:00,2026-02-01T01:00:00+05:00,d05b3cae0b8e890efb085c68704c9fb8d2cbf736bedd6d6ce81594bf3efad63a,gfs_seamless,False
turbine_2,2026-02-23 05:00:00+00:00,24,0.009576305217229342,0.009576305217229342,False,False,0.00971122112211221,1.4,8.4,2026-02-22 19:00:00+00:00,10.0,2026-01-31 23:00:00,2026-02-01T01:00:00+05:00,d05b3cae0b8e890efb085c68704c9fb8d2cbf736bedd6d6ce81594bf3efad63a,gfs_seamless,False
turbine_2,2026-02-23 06:00:00+00:00,24,0.01725520124868366,0.01725520124868366,False,False,0.023970410628019325,2.83,9.5,2026-02-22 19:00:00+00:00,11.0,2026-01-31 23:00:00,2026-02-01T01:00:00+05:00,d05b3cae0b8e890efb085c68704c9fb8d2cbf736bedd6d6ce81594bf3efad63a,gfs_seamless,False
turbine_2,2026-02-23 07:00:00+00:00,24,0.12892277859918036,0.12892277859918036,False,False,0.14257562144354596,5.1,10.2,2026-02-22 19:00:00+00:00,12.0,2026-01-31 23:00:00,2026-02-01T01:00:00+05:00,d05b3cae0b8e890efb085c68704c9fb8d2cbf736bedd6d6ce81594bf3efad63a,gfs_seamless,False
turbine_2,2026-02-23 08:00:00+00:00,24,0.7213013090331669,0.7213013090331669,False,False,0.7536449275362319,9.52,10.3,2026-02-22 19:00:00+00:00,13.0,2026-01-31 23:00:00,2026-02-01T01:00:00+05:00,d05b3cae0b8e890efb085c68704c9fb8d2cbf736bedd6d6ce81594bf3efad63a,gfs_seamless,False
turbine_2,2026-02-23 09:00:00+00:00,24,0.9327266774063001,0.9327266774063001,False,False,0.8845606610237807,10.9,9.6,2026-02-22 19:00:00+00:00,14.0,2026-01-31 23:00:00,2026-02-01T01:00:00+05:00,d05b3cae0b8e890efb085c68704c9fb8d2cbf736bedd6d6ce81594bf3efad63a,gfs_seamless,False
turbine_2,2026-02-23 10:00:00+00:00,24,0.7412437416440659,0.7412437416440659,False,False,0.6742543244506779,9.44,8.6,2026-02-22 19:00:00+00:00,15.0,2026-01-31 23:00:00,2026-02-01T01:00:00+05:00,d05b3cae0b8e890efb085c68704c9fb8d2cbf736bedd6d6ce81594bf3efad63a,gfs_seamless,False
turbine_2,2026-02-23 11:00:00+00:00,24,0.8159684577986716,0.8159684577986716,False,False,0.8240326184092941,10.15,7.6,2026-02-22 19:00:00+00:00,16.0,2026-01-31 23:00:00,2026-02-01T01:00:00+05:00,d05b3cae0b8e890efb085c68704c9fb8d2cbf736bedd6d6ce81594bf3efad63a,gfs_seamless,False
turbine_2,2026-02-23 12:00:00+00:00,24,0.9557854306923489,0.9557854306923489,False,False,0.9257415902140673,11.48,7.2,2026-02-22 19:00:00+00:00,17.0,2026-01-31 23:00:00,2026-02-01T01:00:00+05:00,d05b3cae0b8e890efb085c68704c9fb8d2cbf736bedd6d6ce81594bf3efad63a,gfs_seamless,False
turbine_2,2026-02-23 13:00:00+00:00,24,0.9522416918383042,0.9522416918383042,False,False,0.9257415902140673,11.02,6.1,2026-02-22 19:00:00+00:00,18.0,2026-01-31 23:00:00,2026-02-01T01:00:00+05:00,d05b3cae0b8e890efb085c68704c9fb8d2cbf736bedd6d6ce81594bf3efad63a,gfs_seamless,False
turbine_2,2026-02-23 14:00:00+00:00,24,0.8091331497513902,0.8091331497513902,False,False,0.8240326184092941,10.0,5.2,2026-02-22 19:00:00+00:00,19.0,2026-01-31 23:00:00,2026-02-01T01:00:00+05:00,d05b3cae0b8e890efb085c68704c9fb8d2cbf736bedd6d6ce81594bf3efad63a,gfs_seamless,False
turbine_2,2026-02-23 15:00:00+00:00,24,0.6853085046173321,0.6853085046173321,False,False,0.6742543244506779,9.14,4.6,2026-02-22 19:00:00+00:00,20.0,2026-01-31 23:00:00,2026-02-01T01:00:00+05:00,d05b3cae0b8e890efb085c68704c9fb8d2cbf736bedd6d6ce81594bf3efad63a,gfs_seamless,False
turbine_2,2026-02-23 16:00:00+00:00,24,0.4707720826417005,0.4707720826417005,False,False,0.45997253690353584,7.72,3.8,2026-02-22 19:00:00+00:00,21.0,2026-01-31 23:00:00,2026-02-01T01:00:00+05:00,d05b3cae0b8e890efb085c68704c9fb8d2cbf736bedd6d6ce81594bf3efad63a,gfs_seamless,False
turbine_2,2026-02-23 17:00:00+00:00,24,0.8334178879991478,0.8334178879991478,False,False,0.8240326184092941,10.02,2.5,2026-02-22 19:00:00+00:00,22.0,2026-01-31 23:00:00,2026-02-01T01:00:00+05:00,d05b3cae0b8e890efb085c68704c9fb8d2cbf736bedd6d6ce81594bf3efad63a,gfs_seamless,False
turbine_2,2026-02-23 18:00:00+00:00,24,0.9561641104875329,0.9561641104875329,False,False,0.9257415902140673,11.18,1.2,2026-02-22 19:00:00+00:00,23.0,2026-01-31 23:00:00,2026-02-01T01:00:00+05:00,d05b3cae0b8e890efb085c68704c9fb8d2cbf736bedd6d6ce81594bf3efad63a,gfs_seamless,False
turbine_2,2026-02-23 19:00:00+00:00,24,0.9615948778770146,0.9615948778770146,False,False,0.9257415902140673,11.43,0.8,2026-02-22 19:00:00+00:00,24.0,2026-01-31 23:00:00,2026-02-01T01:00:00+05:00,d05b3cae0b8e890efb085c68704c9fb8d2cbf736bedd6d6ce81594bf3efad63a,gfs_seamless,False
turbine_2,2026-02-23 20:00:00+00:00,48,0.9734934305128891,0.9734934305128891,False,False,0.9518670076726343,11.83,0.6,2026-02-22 19:00:00+00:00,25.0,2026-01-31 23:00:00,2026-02-01T01:00:00+05:00,d05b3cae0b8e890efb085c68704c9fb8d2cbf736bedd6d6ce81594bf3efad63a,gfs_seamless,False
turbine_2,2026-02-23 21:00:00+00:00,48,0.9734525816012434,0.9734525816012434,False,False,0.9518670076726343,11.59,0.5,2026-02-22 19:00:00+00:00,26.0,2026-01-31 23:00:00,2026-02-01T01:00:00+05:00,d05b3cae0b8e890efb085c68704c9fb8d2cbf736bedd6d6ce81594bf3efad63a,gfs_seamless,False
turbine_2,2026-02-23 22:00:00+00:00,48,0.980041222514132,0.980041222514132,False,False,0.9518670076726343,11.63,0.2,2026-02-22 19:00:00+00:00,27.0,2026-01-31 23:00:00,2026-02-01T01:00:00+05:00,d05b3cae0b8e890efb085c68704c9fb8d2cbf736bedd6d6ce81594bf3efad63a,gfs_seamless,False
turbine_2,2026-02-23 23:00:00+00:00,48,0.9730514085860227,0.9730514085860227,False,False,0.9257415902140673,11.42,0.1,2026-02-22 19:00:00+00:00,28.0,2026-01-31 23:00:00,2026-02-01T01:00:00+05:00,d05b3cae0b8e890efb085c68704c9fb8d2cbf736bedd6d6ce81594bf3efad63a,gfs_seamless,False
turbine_2,2026-02-24 00:00:00+00:00,48,0.9607413952588872,0.9607413952588872,False,False,0.8845606610237807,10.97,-0.1,2026-02-22 19:00:00+00:00,29.0,2026-01-31 23:00:00,2026-02-01T01:00:00+05:00,d05b3cae0b8e890efb085c68704c9fb8d2cbf736bedd6d6ce81594bf3efad63a,gfs_seamless,False
turbine_2,2026-02-24 01:00:00+00:00,48,0.9313508606689095,0.9313508606689095,False,False,0.8845606610237807,10.7,-0.1,2026-02-22 19:00:00+00:00,30.0,2026-01-31 23:00:00,2026-02-01T01:00:00+05:00,d05b3cae0b8e890efb085c68704c9fb8d2cbf736bedd6d6ce81594bf3efad63a,gfs_seamless,False
turbine_2,2026-02-24 02:00:00+00:00,48,0.8869159099520081,0.8869159099520081,False,False,0.8240326184092941,10.34,0.0,2026-02-22 19:00:00+00:00,31.0,2026-01-31 23:00:00,2026-02-01T01:00:00+05:00,d05b3cae0b8e890efb085c68704c9fb8d2cbf736bedd6d6ce81594bf3efad63a,gfs_seamless,False
turbine_2,2026-02-24 03:00:00+00:00,48,0.8116887628626984,0.8116887628626984,False,False,0.7536449275362319,9.84,0.6,2026-02-22 19:00:00+00:00,32.0,2026-01-31 23:00:00,2026-02-01T01:00:00+05:00,d05b3cae0b8e890efb085c68704c9fb8d2cbf736bedd6d6ce81594bf3efad63a,gfs_seamless,False
turbine_2,2026-02-24 04:00:00+00:00,48,0.7786018351435056,0.7786018351435056,False,False,0.7536449275362319,9.82,1.1,2026-02-22 19:00:00+00:00,33.0,2026-01-31 23:00:00,2026-02-01T01:00:00+05:00,d05b3cae0b8e890efb085c68704c9fb8d2cbf736bedd6d6ce81594bf3efad63a,gfs_seamless,False
turbine_2,2026-02-24 05:00:00+00:00,48,0.672802341395939,0.672802341395939,False,False,0.6162610815602837,8.95,1.8,2026-02-22 19:00:00+00:00,34.0,2026-01-31 23:00:00,2026-02-01T01:00:00+05:00,d05b3cae0b8e890efb085c68704c9fb8d2cbf736bedd6d6ce81594bf3efad63a,gfs_seamless,False
turbine_2,2026-02-24 06:00:00+00:00,48,0.6105018444344638,0.6105018444344638,False,False,0.6162610815602837,8.65,0.6,2026-02-22 19:00:00+00:00,35.0,2026-01-31 23:00:00,2026-02-01T01:00:00+05:00,d05b3cae0b8e890efb085c68704c9fb8d2cbf736bedd6d6ce81594bf3efad63a,gfs_seamless,False
turbine_2,2026-02-24 07:00:00+00:00,48,0.4831705894639006,0.4831705894639006,False,False,0.45997253690353584,7.82,1.0,2026-02-22 19:00:00+00:00,36.0,2026-01-31 23:00:00,2026-02-01T01:00:00+05:00,d05b3cae0b8e890efb085c68704c9fb8d2cbf736bedd6d6ce81594bf3efad63a,gfs_seamless,False
turbine_2,2026-02-24 08:00:00+00:00,48,0.44109895099362556,0.44109895099362556,False,False,0.45997253690353584,7.59,1.0,2026-02-22 19:00:00+00:00,37.0,2026-01-31 23:00:00,2026-02-01T01:00:00+05:00,d05b3cae0b8e890efb085c68704c9fb8d2cbf736bedd6d6ce81594bf3efad63a,gfs_seamless,False
turbine_2,2026-02-24 09:00:00+00:00,48,0.5146418486488586,0.5146418486488586,False,False,0.5334922575387123,8.08,0.7,2026-02-22 19:00:00+00:00,38.0,2026-01-31 23:00:00,2026-02-01T01:00:00+05:00,d05b3cae0b8e890efb085c68704c9fb8d2cbf736bedd6d6ce81594bf3efad63a,gfs_seamless,False
turbine_2,2026-02-24 10:00:00+00:00,48,0.5381344415366346,0.5381344415366346,False,False,0.5334922575387123,8.19,0.9,2026-02-22 19:00:00+00:00,39.0,2026-01-31 23:00:00,2026-02-01T01:00:00+05:00,d05b3cae0b8e890efb085c68704c9fb8d2cbf736bedd6d6ce81594bf3efad63a,gfs_seamless,False
turbine_2,2026-02-24 11:00:00+00:00,48,0.5680081987783029,0.5680081987783029,False,False,0.5334922575387123,8.34,0.8,2026-02-22 19:00:00+00:00,40.0,2026-01-31 23:00:00,2026-02-01T01:00:00+05:00,d05b3cae0b8e890efb085c68704c9fb8d2cbf736bedd6d6ce81594bf3efad63a,gfs_seamless,False
turbine_2,2026-02-24 12:00:00+00:00,48,0.8522636805150899,0.8522636805150899,False,False,0.8240326184092941,10.08,-0.0,2026-02-22 19:00:00+00:00,41.0,2026-01-31 23:00:00,2026-02-01T01:00:00+05:00,d05b3cae0b8e890efb085c68704c9fb8d2cbf736bedd6d6ce81594bf3efad63a,gfs_seamless,False
turbine_2,2026-02-24 13:00:00+00:00,48,0.8120938669723188,0.8120938669723188,False,False,0.7536449275362319,9.84,-0.5,2026-02-22 19:00:00+00:00,42.0,2026-01-31 23:00:00,2026-02-01T01:00:00+05:00,d05b3cae0b8e890efb085c68704c9fb8d2cbf736bedd6d6ce81594bf3efad63a,gfs_seamless,False
turbine_2,2026-02-24 14:00:00+00:00,48,0.5911351074891726,0.5911351074891726,False,False,0.6162610815602837,8.59,-0.3,2026-02-22 19:00:00+00:00,43.0,2026-01-31 23:00:00,2026-02-01T01:00:00+05:00,d05b3cae0b8e890efb085c68704c9fb8d2cbf736bedd6d6ce81594bf3efad63a,gfs_seamless,False
turbine_2,2026-02-24 15:00:00+00:00,48,0.4289550293288982,0.4289550293288982,False,False,0.45997253690353584,7.6,-0.3,2026-02-22 19:00:00+00:00,44.0,2026-01-31 23:00:00,2026-02-01T01:00:00+05:00,d05b3cae0b8e890efb085c68704c9fb8d2cbf736bedd6d6ce81594bf3efad63a,gfs_seamless,False
turbine_2,2026-02-24 16:00:00+00:00,48,0.33928643932226654,0.33928643932226654,False,False,0.3134483750359506,6.98,-0.7,2026-02-22 19:00:00+00:00,45.0,2026-01-31 23:00:00,2026-02-01T01:00:00+05:00,d05b3cae0b8e890efb085c68704c9fb8d2cbf736bedd6d6ce81594bf3efad63a,gfs_seamless,False
turbine_2,2026-02-24 17:00:00+00:00,48,0.11764310946135026,0.11764310946135026,False,False,0.18799815254684613,5.51,-1.0,2026-02-22 19:00:00+00:00,46.0,2026-01-31 23:00:00,2026-02-01T01:00:00+05:00,d05b3cae0b8e890efb085c68704c9fb8d2cbf736bedd6d6ce81594bf3efad63a,gfs_seamless,False
turbine_2,2026-02-24 18:00:00+00:00,48,0.0099417040919996,0.0099417040919996,False,False,0.014608096468561586,2.34,-0.7,2026-02-22 19:00:00+00:00,47.0,2026-01-31 23:00:00,2026-02-01T01:00:00+05:00,d05b3cae0b8e890efb085c68704c9fb8d2cbf736bedd6d6ce81594bf3efad63a,gfs_seamless,False
turbine_2,2026-02-24 19:00:00+00:00,48,0.009216829200657469,0.009216829200657469,False,False,0.00971122112211221,1.17,-0.8,2026-02-22 19:00:00+00:00,48.0,2026-01-31 23:00:00,2026-02-01T01:00:00+05:00,d05b3cae0b8e890efb085c68704c9fb8d2cbf736bedd6d6ce81594bf3efad63a,gfs_seamless,False
turbine_1,2026-02-23 20:00:00+00:00,24,0.9793266236683978,0.9793266236683978,False,False,0.9381677419354839,11.45,0.7,2026-02-23 19:00:00+00:00,1.0,2026-01-31 23:00:00,2026-02-01T01:00:00+05:00,e46d74629bd710750db40d5e9d8f3eadbaa20ee486e416572c0d88f6ec77ad79,gfs_seamless,False
turbine_1,2026-02-23 21:00:00+00:00,24,0.9838126638621807,0.9838126638621807,False,False,0.9603525641025641,11.56,0.5,2026-02-23 19:00:00+00:00,2.0,2026-01-31 23:00:00,2026-02-01T01:00:00+05:00,e46d74629bd710750db40d5e9d8f3eadbaa20ee486e416572c0d88f6ec77ad79,gfs_seamless,False
turbine_1,2026-02-23 22:00:00+00:00,24,0.9875509946693134,0.9875509946693134,False,False,0.9603525641025641,11.54,0.1,2026-02-23 19:00:00+00:00,3.0,2026-01-31 23:00:00,2026-02-01T01:00:00+05:00,e46d74629bd710750db40d5e9d8f3eadbaa20ee486e416572c0d88f6ec77ad79,gfs_seamless,False
turbine_1,2026-02-23 23:00:00+00:00,24,0.977269740661237,0.977269740661237,False,False,0.9603525641025641,11.85,0.2,2026-02-23 19:00:00+00:00,4.0,2026-01-31 23:00:00,2026-02-01T01:00:00+05:00,e46d74629bd710750db40d5e9d8f3eadbaa20ee486e416572c0d88f6ec77ad79,gfs_seamless,False
turbine_1,2026-02-24 00:00:00+00:00,24,0.9816674304595936,0.9816674304595936,False,False,0.9603525641025641,11.72,-0.6,2026-02-23 19:00:00+00:00,5.0,2026-01-31 23:00:00,2026-02-01T01:00:00+05:00,e46d74629bd710750db40d5e9d8f3eadbaa20ee486e416572c0d88f6ec77ad79,gfs_seamless,False
turbine_1,2026-02-24 01:00:00+00:00,24,0.9751314908585433,0.9751314908585433,False,False,0.9603525641025641,11.73,-1.2,2026-02-23 19:00:00+00:00,6.0,2026-01-31 23:00:00,2026-02-01T01:00:00+05:00,e46d74629bd710750db40d5e9d8f3eadbaa20ee486e416572c0d88f6ec77ad79,gfs_seamless,False
turbine_1,2026-02-24 02:00:00+00:00,24,0.9801595711800357,0.9801595711800357,False,False,0.9603525641025641,11.62,-1.9,2026-02-23 19:00:00+00:00,7.0,2026-01-31 23:00:00,2026-02-01T01:00:00+05:00,e46d74629bd710750db40d5e9d8f3eadbaa20ee486e416572c0d88f6ec77ad79,gfs_seamless,False
turbine_1,2026-02-24 03:00:00+00:00,24,0.9703415572470218,0.9703415572470218,False,False,0.9381677419354839,11.32,-1.4,2026-02-23 19:00:00+00:00,8.0,2026-01-31 23:00:00,2026-02-01T01:00:00+05:00,e46d74629bd710750db40d5e9d8f3eadbaa20ee486e416572c0d88f6ec77ad79,gfs_seamless,False
turbine_1,2026-02-24 04:00:00+00:00,24,0.9454609122341174,0.9454609122341174,False,False,0.8937111928104575,10.97,-0.7,2026-02-23 19:00:00+00:00,9.0,2026-01-31 23:00:00,2026-02-01T01:00:00+05:00,e46d74629bd710750db40d5e9d8f3eadbaa20ee486e416572c0d88f6ec77ad79,gfs_seamless,False
turbine_1,2026-02-24 05:00:00+00:00,24,0.9067057693679628,0.9067057693679628,False,False,0.8301109660574413,10.49,-0.4,2026-02-23 19:00:00+00:00,10.0,2026-01-31 23:00:00,2026-02-01T01:00:00+05:00,e46d74629bd710750db40d5e9d8f3eadbaa20ee486e416572c0d88f6ec77ad79,gfs_seamless,False
turbine_1,2026-02-24 06:00:00+00:00,24,0.836583723329349,0.836583723329349,False,False,0.7651013024602026,9.84,0.2,2026-02-23 19:00:00+00:00,11.0,2026-01-31 23:00:00,2026-02-01T01:00:00+05:00,e46d74629bd710750db40d5e9d8f3eadbaa20ee486e416572c0d88f6ec77ad79,gfs_seamless,False
turbine_1,2026-02-24 07:00:00+00:00,24,0.7200439504484327,0.7200439504484327,False,False,0.6955416051206302,9.14,1.0,2026-02-23 19:00:00+00:00,12.0,2026-01-31 23:00:00,2026-02-01T01:00:00+05:00,e46d74629bd710750db40d5e9d8f3eadbaa20ee486e416572c0d88f6ec77ad79,gfs_seamless,False
turbine_1,2026-02-24 08:00:00+00:00,24,0.6783589751356935,0.6783589751356935,False,False,0.6267624521072798,8.79,1.5,2026-02-23 19:00:00+00:00,13.0,2026-01-31 23:00:00,2026-02-01T01:00:00+05:00,e46d74629bd710750db40d5e9d8f3eadbaa20ee486e416572c0d88f6ec77ad79,gfs_seamless,False
turbine_1,2026-02-24 09:00:00+00:00,24,0.7176689217700951,0.7176689217700951,False,False,0.6955416051206302,9.11,1.2,2026-02-23 19:00:00+00:00,14.0,2026-01-31 23:00:00,2026-02-01T01:00:00+05:00,e46d74629bd710750db40d5e9d8f3eadbaa20ee486e416572c0d88f6ec77ad79,gfs_seamless,False
turbine_1,2026-02-24 10:00:00+00:00,24,0.7497776912683214,0.7497776912683214,False,False,0.6955416051206302,9.34,0.6,2026-02-23 19:00:00+00:00,15.0,2026-01-31 23:00:00,2026-02-01T01:00:00+05:00,e46d74629bd710750db40d5e9d8f3eadbaa20ee486e416572c0d88f6ec77ad79,gfs_seamless,False
turbine_1,2026-02-24 11:00:00+00:00,24,0.6468192502833829,0.6468192502833829,False,False,0.6267624521072798,8.73,0.2,2026-02-23 19:00:00+00:00,16.0,2026-01-31 23:00:00,2026-02-01T01:00:00+05:00,e46d74629bd710750db40d5e9d8f3eadbaa20ee486e416572c0d88f6ec77ad79,gfs_seamless,False
turbine_1,2026-02-24 12:00:00+00:00,24,0.5291992859561568,0.5291992859561568,False,False,0.5480688448074679,8.01,-0.2,2026-02-23 19:00:00+00:00,17.0,2026-01-31 23:00:00,2026-02-01T01:00:00+05:00,e46d74629bd710750db40d5e9d8f3eadbaa20ee486e416572c0d88f6ec77ad79,gfs_seamless,False
turbine_1,2026-02-24 13:00:00+00:00,24,0.38682977092941023,0.38682977092941023,False,False,0.3981808278867102,7.2,-0.5,2026-02-23 19:00:00+00:00,18.0,2026-01-31 23:00:00,2026-02-01T01:00:00+05:00,e46d74629bd710750db40d5e9d8f3eadbaa20ee486e416572c0d88f6ec77ad79,gfs_seamless,False
turbine_1,2026-02-24 14:00:00+00:00,24,0.3412904469501313,0.3412904469501313,False,False,0.3244547053649956,6.84,-0.6,2026-02-23 19:00:00+00:00,19.0,2026-01-31 23:00:00,2026-02-01T01:00:00+05:00,e46d74629bd710750db40d5e9d8f3eadbaa20ee486e416572c0d88f6ec77ad79,gfs_seamless,False
turbine_1,2026-02-24 15:00:00+00:00,24,0.1959569997723471,0.1959569997723471,False,False,0.2560354184518709,6.04,-0.5,2026-02-23 19:00:00+00:00,20.0,2026-01-31 23:00:00,2026-02-01T01:00:00+05:00,e46d74629bd710750db40d5e9d8f3eadbaa20ee486e416572c0d88f6ec77ad79,gfs_seamless,False
turbine_1,2026-02-24 16:00:00+00:00,24,0.06700879371363395,0.06700879371363395,False,False,0.11167154471544716,4.77,-0.4,2026-02-23 19:00:00+00:00,21.0,2026-01-31 23:00:00,2026-02-01T01:00:00+05:00,e46d74629bd710750db40d5e9d8f3eadbaa20ee486e416572c0d88f6ec77ad79,gfs_seamless,False
turbine_1,2026-02-24 17:00:00+00:00,24,0.034484843904319086,0.034484843904319086,False,False,0.08138774811772757,4.13,-0.7,2026-02-23 19:00:00+00:00,22.0,2026-01-31 23:00:00,2026-02-01T01:00:00+05:00,e46d74629bd710750db40d5e9d8f3eadbaa20ee486e416572c0d88f6ec77ad79,gfs_seamless,False
turbine_1,2026-02-24 18:00:00+00:00,24,0.008993566360697952,0.008993566360697952,False,False,0.009961472602739725,1.36,-1.1,2026-02-23 19:00:00+00:00,23.0,2026-01-31 23:00:00,2026-02-01T01:00:00+05:00,e46d74629bd710750db40d5e9d8f3eadbaa20ee486e416572c0d88f6ec77ad79,gfs_seamless,False
turbine_1,2026-02-24 19:00:00+00:00,24,0.009059875965141495,0.009059875965141495,False,False,0.009989159891598917,0.67,-1.3,2026-02-23 19:00:00+00:00,24.0,2026-01-31 23:00:00,2026-02-01T01:00:00+05:00,e46d74629bd710750db40d5e9d8f3eadbaa20ee486e416572c0d88f6ec77ad79,gfs_seamless,False
turbine_1,2026-02-24 20:00:00+00:00,48,0.008993566360697952,0.008993566360697952,False,False,0.01,0.41,-1.0,2026-02-23 19:00:00+00:00,25.0,2026-01-31 23:00:00,2026-02-01T01:00:00+05:00,e46d74629bd710750db40d5e9d8f3eadbaa20ee486e416572c0d88f6ec77ad79,gfs_seamless,False
turbine_1,2026-02-24 21:00:00+00:00,48,0.008993566360697952,0.008993566360697952,False,False,0.009989159891598917,0.81,-1.1,2026-02-23 19:00:00+00:00,26.0,2026-01-31 23:00:00,2026-02-01T01:00:00+05:00,e46d74629bd710750db40d5e9d8f3eadbaa20ee486e416572c0d88f6ec77ad79,gfs_seamless,False
turbine_1,2026-02-24 22:00:00+00:00,48,0.009059875965141495,0.009059875965141495,False,False,0.009961472602739725,1.3,-1.3,2026-02-23 19:00:00+00:00,27.0,2026-01-31 23:00:00,2026-02-01T01:00:00+05:00,e46d74629bd710750db40d5e9d8f3eadbaa20ee486e416572c0d88f6ec77ad79,gfs_seamless,False
turbine_1,2026-02-24 23:00:00+00:00,48,0.00872973990171353,0.00872973990171353,False,False,0.01599670263788969,2.19,-1.4,2026-02-23 19:00:00+00:00,28.0,2026-01-31 23:00:00,2026-02-01T01:00:00+05:00,e46d74629bd710750db40d5e9d8f3eadbaa20ee486e416572c0d88f6ec77ad79,gfs_seamless,False
turbine_1,2026-02-25 00:00:00+00:00,48,0.0256555253409917,0.0256555253409917,False,False,0.0581515812431843,3.77,-1.6,2026-02-23 19:00:00+00:00,29.0,2026-01-31 23:00:00,2026-02-01T01:00:00+05:00,e46d74629bd710750db40d5e9d8f3eadbaa20ee486e416572c0d88f6ec77ad79,gfs_seamless,False
turbine_1,2026-02-25 01:00:00+00:00,48,0.12517205280208818,0.12517205280208818,False,False,0.19472402597402597,5.55,-1.6,2026-02-23 19:00:00+00:00,30.0,2026-01-31 23:00:00,2026-02-01T01:00:00+05:00,e46d74629bd710750db40d5e9d8f3eadbaa20ee486e416572c0d88f6ec77ad79,gfs_seamless,False
turbine_1,2026-02-25 02:00:00+00:00,48,0.3908144131136608,0.3908144131136608,False,False,0.3981808278867102,7.29,-1.3,2026-02-23 19:00:00+00:00,31.0,2026-01-31 23:00:00,2026-02-01T01:00:00+05:00,e46d74629bd710750db40d5e9d8f3eadbaa20ee486e416572c0d88f6ec77ad79,gfs_seamless,False
turbine_1,2026-02-25 03:00:00+00:00,48,0.6932137922854448,0.6932137922854448,False,False,0.6267624521072798,8.96,-0.3,2026-02-23 19:00:00+00:00,32.0,2026-01-31 23:00:00,2026-02-01T01:00:00+05:00,e46d74629bd710750db40d5e9d8f3eadbaa20ee486e416572c0d88f6ec77ad79,gfs_seamless,False
turbine_1,2026-02-25 04:00:00+00:00,48,0.8377448932358815,0.8377448932358815,False,False,0.7651013024602026,9.94,1.2,2026-02-23 19:00:00+00:00,33.0,2026-01-31 23:00:00,2026-02-01T01:00:00+05:00,e46d74629bd710750db40d5e9d8f3eadbaa20ee486e416572c0d88f6ec77ad79,gfs_seamless,False
turbine_1,2026-02-25 05:00:00+00:00,48,0.8933581551951704,0.8933581551951704,False,False,0.8301109660574413,10.27,2.3,2026-02-23 19:00:00+00:00,34.0,2026-01-31 23:00:00,2026-02-01T01:00:00+05:00,e46d74629bd710750db40d5e9d8f3eadbaa20ee486e416572c0d88f6ec77ad79,gfs_seamless,False
turbine_1,2026-02-25 06:00:00+00:00,48,0.892054864181182,0.892054864181182,False,False,0.8301109660574413,10.31,3.7,2026-02-23 19:00:00+00:00,35.0,2026-01-31 23:00:00,2026-02-01T01:00:00+05:00,e46d74629bd710750db40d5e9d8f3eadbaa20ee486e416572c0d88f6ec77ad79,gfs_seamless,False
turbine_1,2026-02-25 07:00:00+00:00,48,0.8942113293584137,0.8942113293584137,False,False,0.8301109660574413,10.38,4.7,2026-02-23 19:00:00+00:00,36.0,2026-01-31 23:00:00,2026-02-01T01:00:00+05:00,e46d74629bd710750db40d5e9d8f3eadbaa20ee486e416572c0d88f6ec77ad79,gfs_seamless,False
turbine_1,2026-02-25 08:00:00+00:00,48,0.7280473361793469,0.7280473361793469,False,False,0.6955416051206302,9.4,5.6,2026-02-23 19:00:00+00:00,37.0,2026-01-31 23:00:00,2026-02-01T01:00:00+05:00,e46d74629bd710750db40d5e9d8f3eadbaa20ee486e416572c0d88f6ec77ad79,gfs_seamless,False
turbine_1,2026-02-25 09:00:00+00:00,48,0.746120925653643,0.746120925653643,False,False,0.6955416051206302,9.27,6.1,2026-02-23 19:00:00+00:00,38.0,2026-01-31 23:00:00,2026-02-01T01:00:00+05:00,e46d74629bd710750db40d5e9d8f3eadbaa20ee486e416572c0d88f6ec77ad79,gfs_seamless,False
turbine_1,2026-02-25 10:00:00+00:00,48,0.694175008502603,0.694175008502603,False,False,0.6955416051206302,9.01,6.1,2026-02-23 19:00:00+00:00,39.0,2026-01-31 23:00:00,2026-02-01T01:00:00+05:00,e46d74629bd710750db40d5e9d8f3eadbaa20ee486e416572c0d88f6ec77ad79,gfs_seamless,False
turbine_1,2026-02-25 11:00:00+00:00,48,0.8091952836014267,0.8091952836014267,False,False,0.7651013024602026,9.8,6.1,2026-02-23 19:00:00+00:00,40.0,2026-01-31 23:00:00,2026-02-01T01:00:00+05:00,e46d74629bd710750db40d5e9d8f3eadbaa20ee486e416572c0d88f6ec77ad79,gfs_seamless,False
turbine_1,2026-02-25 12:00:00+00:00,48,0.5750413406615562,0.5750413406615562,False,False,0.5480688448074679,8.25,4.6,2026-02-23 19:00:00+00:00,41.0,2026-01-31 23:00:00,2026-02-01T01:00:00+05:00,e46d74629bd710750db40d5e9d8f3eadbaa20ee486e416572c0d88f6ec77ad79,gfs_seamless,False
turbine_1,2026-02-25 13:00:00+00:00,48,0.5125199762808418,0.5125199762808418,False,False,0.47519897772909825,7.93,4.0,2026-02-23 19:00:00+00:00,42.0,2026-01-31 23:00:00,2026-02-01T01:00:00+05:00,e46d74629bd710750db40d5e9d8f3eadbaa20ee486e416572c0d88f6ec77ad79,gfs_seamless,False
turbine_1,2026-02-25 14:00:00+00:00,48,0.3107106911894599,0.3107106911894599,False,False,0.3244547053649956,6.63,3.8,2026-02-23 19:00:00+00:00,43.0,2026-01-31 23:00:00,2026-02-01T01:00:00+05:00,e46d74629bd710750db40d5e9d8f3eadbaa20ee486e416572c0d88f6ec77ad79,gfs_seamless,False
turbine_1,2026-02-25 15:00:00+00:00,48,0.3032172777804482,0.3032172777804482,False,False,0.3244547053649956,6.56,3.0,2026-02-23 19:00:00+00:00,44.0,2026-01-31 23:00:00,2026-02-01T01:00:00+05:00,e46d74629bd710750db40d5e9d8f3eadbaa20ee486e416572c0d88f6ec77ad79,gfs_seamless,False
turbine_1,2026-02-25 16:00:00+00:00,48,0.4348172905974158,0.4348172905974158,False,False,0.3981808278867102,7.43,3.0,2026-02-23 19:00:00+00:00,45.0,2026-01-31 23:00:00,2026-02-01T01:00:00+05:00,e46d74629bd710750db40d5e9d8f3eadbaa20ee486e416572c0d88f6ec77ad79,gfs_seamless,False
turbine_1,2026-02-25 17:00:00+00:00,48,0.6094275461115375,0.6094275461115375,False,False,0.5480688448074679,8.36,3.0,2026-02-23 19:00:00+00:00,46.0,2026-01-31 23:00:00,2026-02-01T01:00:00+05:00,e46d74629bd710750db40d5e9d8f3eadbaa20ee486e416572c0d88f6ec77ad79,gfs_seamless,False
turbine_1,2026-02-25 18:00:00+00:00,48,0.8998443733889824,0.8998443733889824,False,False,0.8937111928104575,10.51,2.7,2026-02-23 19:00:00+00:00,47.0,2026-01-31 23:00:00,2026-02-01T01:00:00+05:00,e46d74629bd710750db40d5e9d8f3eadbaa20ee486e416572c0d88f6ec77ad79,gfs_seamless,False
turbine_1,2026-02-25 19:00:00+00:00,48,0.9416097298294053,0.9416097298294053,False,False,0.8937111928104575,10.89,2.6,2026-02-23 19:00:00+00:00,48.0,2026-01-31 23:00:00,2026-02-01T01:00:00+05:00,e46d74629bd710750db40d5e9d8f3eadbaa20ee486e416572c0d88f6ec77ad79,gfs_seamless,False
turbine_2,2026-02-23 20:00:00+00:00,24,0.9647925825938051,0.9647925825938051,False,False,0.9257415902140673,11.45,0.7,2026-02-23 19:00:00+00:00,1.0,2026-01-31 23:00:00,2026-02-01T01:00:00+05:00,d05b3cae0b8e890efb085c68704c9fb8d2cbf736bedd6d6ce81594bf3efad63a,gfs_seamless,False
turbine_2,2026-02-23 21:00:00+00:00,24,0.974671072351825,0.974671072351825,False,False,0.9518670076726343,11.56,0.5,2026-02-23 19:00:00+00:00,2.0,2026-01-31 23:00:00,2026-02-01T01:00:00+05:00,d05b3cae0b8e890efb085c68704c9fb8d2cbf736bedd6d6ce81594bf3efad63a,gfs_seamless,False
turbine_2,2026-02-23 22:00:00+00:00,24,0.9812597132647136,0.9812597132647136,False,False,0.9518670076726343,11.54,0.1,2026-02-23 19:00:00+00:00,3.0,2026-01-31 23:00:00,2026-02-01T01:00:00+05:00,d05b3cae0b8e890efb085c68704c9fb8d2cbf736bedd6d6ce81594bf3efad63a,gfs_seamless,False
turbine_2,2026-02-23 23:00:00+00:00,24,0.9800820714257776,0.9800820714257776,False,False,0.9518670076726343,11.85,0.2,2026-02-23 19:00:00+00:00,4.0,2026-01-31 23:00:00,2026-02-01T01:00:00+05:00,d05b3cae0b8e890efb085c68704c9fb8d2cbf736bedd6d6ce81594bf3efad63a,gfs_seamless,False
turbine_2,2026-02-24 00:00:00+00:00,24,0.9687428787445811,0.9687428787445811,False,False,0.9518670076726343,11.72,-0.6,2026-02-23 19:00:00+00:00,5.0,2026-01-31 23:00:00,2026-02-01T01:00:00+05:00,d05b3cae0b8e890efb085c68704c9fb8d2cbf736bedd6d6ce81594bf3efad63a,gfs_seamless,False
turbine_2,2026-02-24 01:00:00+00:00,24,0.9664312880656121,0.9664312880656121,False,False,0.9518670076726343,11.73,-1.2,2026-02-23 19:00:00+00:00,6.0,2026-01-31 23:00:00,2026-02-01T01:00:00+05:00,d05b3cae0b8e890efb085c68704c9fb8d2cbf736bedd6d6ce81594bf3efad63a,gfs_seamless,False
turbine_2,2026-02-24 02:00:00+00:00,24,0.9697806034920833,0.9697806034920833,False,False,0.9518670076726343,11.62,-1.9,2026-02-23 19:00:00+00:00,7.0,2026-01-31 23:00:00,2026-02-01T01:00:00+05:00,d05b3cae0b8e890efb085c68704c9fb8d2cbf736bedd6d6ce81594bf3efad63a,gfs_seamless,False
turbine_2,2026-02-24 03:00:00+00:00,24,0.9476435698524462,0.9476435698524462,False,False,0.9257415902140673,11.32,-1.4,2026-02-23 19:00:00+00:00,8.0,2026-01-31 23:00:00,2026-02-01T01:00:00+05:00,d05b3cae0b8e890efb085c68704c9fb8d2cbf736bedd6d6ce81594bf3efad63a,gfs_seamless,False
turbine_2,2026-02-24 04:00:00+00:00,24,0.9483886813841749,0.9483886813841749,False,False,0.8845606610237807,10.97,-0.7,2026-02-23 19:00:00+00:00,9.0,2026-01-31 23:00:00,2026-02-01T01:00:00+05:00,d05b3cae0b8e890efb085c68704c9fb8d2cbf736bedd6d6ce81594bf3efad63a,gfs_seamless,False
turbine_2,2026-02-24 05:00:00+00:00,24,0.8732097659506471,0.8732097659506471,False,False,0.8240326184092941,10.49,-0.4,2026-02-23 19:00:00+00:00,10.0,2026-01-31 23:00:00,2026-02-01T01:00:00+05:00,d05b3cae0b8e890efb085c68704c9fb8d2cbf736bedd6d6ce81594bf3efad63a,gfs_seamless,False
turbine_2,2026-02-24 06:00:00+00:00,24,0.8210325188534666,0.8210325188534666,False,False,0.7536449275362319,9.84,0.2,2026-02-23 19:00:00+00:00,11.0,2026-01-31 23:00:00,2026-02-01T01:00:00+05:00,d05b3cae0b8e890efb085c68704c9fb8d2cbf736bedd6d6ce81594bf3efad63a,gfs_seamless,False
turbine_2,2026-02-24 07:00:00+00:00,24,0.6828265026549396,0.6828265026549396,False,False,0.6742543244506779,9.14,1.0,2026-02-23 19:00:00+00:00,12.0,2026-01-31 23:00:00,2026-02-01T01:00:00+05:00,d05b3cae0b8e890efb085c68704c9fb8d2cbf736bedd6d6ce81594bf3efad63a,gfs_seamless,False
turbine_2,2026-02-24 08:00:00+00:00,24,0.61824442032958,0.61824442032958,False,False,0.6162610815602837,8.79,1.5,2026-02-23 19:00:00+00:00,13.0,2026-01-31 23:00:00,2026-02-01T01:00:00+05:00,d05b3cae0b8e890efb085c68704c9fb8d2cbf736bedd6d6ce81594bf3efad63a,gfs_seamless,False
turbine_2,2026-02-24 09:00:00+00:00,24,0.6854712224767849,0.6854712224767849,False,False,0.6742543244506779,9.11,1.2,2026-02-23 19:00:00+00:00,14.0,2026-01-31 23:00:00,2026-02-01T01:00:00+05:00,d05b3cae0b8e890efb085c68704c9fb8d2cbf736bedd6d6ce81594bf3efad63a,gfs_seamless,False
turbine_2,2026-02-24 10:00:00+00:00,24,0.7098597872754253,0.7098597872754253,False,False,0.6742543244506779,9.34,0.6,2026-02-23 19:00:00+00:00,15.0,2026-01-31 23:00:00,2026-02-01T01:00:00+05:00,d05b3cae0b8e890efb085c68704c9fb8d2cbf736bedd6d6ce81594bf3efad63a,gfs_seamless,False
turbine_2,2026-02-24 11:00:00+00:00,24,0.6153970334383948,0.6153970334383948,False,False,0.6162610815602837,8.73,0.2,2026-02-23 19:00:00+00:00,16.0,2026-01-31 23:00:00,2026-02-01T01:00:00+05:00,d05b3cae0b8e890efb085c68704c9fb8d2cbf736bedd6d6ce81594bf3efad63a,gfs_seamless,False
turbine_2,2026-02-24 12:00:00+00:00,24,0.4859594764638992,0.4859594764638992,False,False,0.5334922575387123,8.01,-0.2,2026-02-23 19:00:00+00:00,17.0,2026-01-31 23:00:00,2026-02-01T01:00:00+05:00,d05b3cae0b8e890efb085c68704c9fb8d2cbf736bedd6d6ce81594bf3efad63a,gfs_seamless,False
turbine_2,2026-02-24 13:00:00+00:00,24,0.3678163443504239,0.3678163443504239,False,False,0.3872421383647799,7.2,-0.5,2026-02-23 19:00:00+00:00,18.0,2026-01-31 23:00:00,2026-02-01T01:00:00+05:00,d05b3cae0b8e890efb085c68704c9fb8d2cbf736bedd6d6ce81594bf3efad63a,gfs_seamless,False
turbine_2,2026-02-24 14:00:00+00:00,24,0.32650255824807,0.32650255824807,False,False,0.3134483750359506,6.84,-0.6,2026-02-23 19:00:00+00:00,19.0,2026-01-31 23:00:00,2026-02-01T01:00:00+05:00,d05b3cae0b8e890efb085c68704c9fb8d2cbf736bedd6d6ce81594bf3efad63a,gfs_seamless,False
turbine_2,2026-02-24 15:00:00+00:00,24,0.18191721490380994,0.18191721490380994,False,False,0.24514071038251364,6.04,-0.5,2026-02-23 19:00:00+00:00,20.0,2026-01-31 23:00:00,2026-02-01T01:00:00+05:00,d05b3cae0b8e890efb085c68704c9fb8d2cbf736bedd6d6ce81594bf3efad63a,gfs_seamless,False
turbine_2,2026-02-24 16:00:00+00:00,24,0.06061519986748715,0.06061519986748715,False,False,0.10500000000000001,4.77,-0.4,2026-02-23 19:00:00+00:00,21.0,2026-01-31 23:00:00,2026-02-01T01:00:00+05:00,d05b3cae0b8e890efb085c68704c9fb8d2cbf736bedd6d6ce81594bf3efad63a,gfs_seamless,False
turbine_2,2026-02-24 17:00:00+00:00,24,0.03283997265483054,0.03283997265483054,False,False,0.07894438894438895,4.13,-0.7,2026-02-23 19:00:00+00:00,22.0,2026-01-31 23:00:00,2026-02-01T01:00:00+05:00,d05b3cae0b8e890efb085c68704c9fb8d2cbf736bedd6d6ce81594bf3efad63a,gfs_seamless,False
turbine_2,2026-02-24 18:00:00+00:00,24,0.00935155374655712,0.00935155374655712,False,False,0.00971122112211221,1.36,-1.1,2026-02-23 19:00:00+00:00,23.0,2026-01-31 23:00:00,2026-02-01T01:00:00+05:00,d05b3cae0b8e890efb085c68704c9fb8d2cbf736bedd6d6ce81594bf3efad63a,gfs_seamless,False
turbine_2,2026-02-24 19:00:00+00:00,24,0.00935155374655712,0.00935155374655712,False,False,0.009932126696832579,0.67,-1.3,2026-02-23 19:00:00+00:00,24.0,2026-01-31 23:00:00,2026-02-01T01:00:00+05:00,d05b3cae0b8e890efb085c68704c9fb8d2cbf736bedd6d6ce81594bf3efad63a,gfs_seamless,False
turbine_2,2026-02-24 20:00:00+00:00,48,0.00935155374655712,0.00935155374655712,False,False,0.01,0.41,-1.0,2026-02-23 19:00:00+00:00,25.0,2026-01-31 23:00:00,2026-02-01T01:00:00+05:00,d05b3cae0b8e890efb085c68704c9fb8d2cbf736bedd6d6ce81594bf3efad63a,gfs_seamless,False
turbine_2,2026-02-24 21:00:00+00:00,48,0.00935155374655712,0.00935155374655712,False,False,0.009932126696832579,0.81,-1.1,2026-02-23 19:00:00+00:00,26.0,2026-01-31 23:00:00,2026-02-01T01:00:00+05:00,d05b3cae0b8e890efb085c68704c9fb8d2cbf736bedd6d6ce81594bf3efad63a,gfs_seamless,False
turbine_2,2026-02-24 22:00:00+00:00,48,0.00935155374655712,0.00935155374655712,False,False,0.00971122112211221,1.3,-1.3,2026-02-23 19:00:00+00:00,27.0,2026-01-31 23:00:00,2026-02-01T01:00:00+05:00,d05b3cae0b8e890efb085c68704c9fb8d2cbf736bedd6d6ce81594bf3efad63a,gfs_seamless,False
turbine_2,2026-02-24 23:00:00+00:00,48,0.009167981652274134,0.009167981652274134,False,False,0.014608096468561586,2.19,-1.4,2026-02-23 19:00:00+00:00,28.0,2026-01-31 23:00:00,2026-02-01T01:00:00+05:00,d05b3cae0b8e890efb085c68704c9fb8d2cbf736bedd6d6ce81594bf3efad63a,gfs_seamless,False
turbine_2,2026-02-25 00:00:00+00:00,48,0.021504622792687073,0.021504622792687073,False,False,0.0552395725611858,3.77,-1.6,2026-02-23 19:00:00+00:00,29.0,2026-01-31 23:00:00,2026-02-01T01:00:00+05:00,d05b3cae0b8e890efb085c68704c9fb8d2cbf736bedd6d6ce81594bf3efad63a,gfs_seamless,False
turbine_2,2026-02-25 01:00:00+00:00,48,0.11681705108221566,0.11681705108221566,False,False,0.18799815254684613,5.55,-1.6,2026-02-23 19:00:00+00:00,30.0,2026-01-31 23:00:00,2026-02-01T01:00:00+05:00,d05b3cae0b8e890efb085c68704c9fb8d2cbf736bedd6d6ce81594bf3efad63a,gfs_seamless,False
turbine_2,2026-02-25 02:00:00+00:00,48,0.3779318392221505,0.3779318392221505,False,False,0.3872421383647799,7.29,-1.3,2026-02-23 19:00:00+00:00,31.0,2026-01-31 23:00:00,2026-02-01T01:00:00+05:00,d05b3cae0b8e890efb085c68704c9fb8d2cbf736bedd6d6ce81594bf3efad63a,gfs_seamless,False
turbine_2,2026-02-25 03:00:00+00:00,48,0.6754080762731755,0.6754080762731755,False,False,0.6162610815602837,8.96,-0.3,2026-02-23 19:00:00+00:00,32.0,2026-01-31 23:00:00,2026-02-01T01:00:00+05:00,d05b3cae0b8e890efb085c68704c9fb8d2cbf736bedd6d6ce81594bf3efad63a,gfs_seamless,False
turbine_2,2026-02-25 04:00:00+00:00,48,0.8165332075407814,0.8165332075407814,False,False,0.7536449275362319,9.94,1.2,2026-02-23 19:00:00+00:00,33.0,2026-01-31 23:00:00,2026-02-01T01:00:00+05:00,d05b3cae0b8e890efb085c68704c9fb8d2cbf736bedd6d6ce81594bf3efad63a,gfs_seamless,False
turbine_2,2026-02-25 05:00:00+00:00,48,0.8563721207607277,0.8563721207607277,False,False,0.8240326184092941,10.27,2.3,2026-02-23 19:00:00+00:00,34.0,2026-01-31 23:00:00,2026-02-01T01:00:00+05:00,d05b3cae0b8e890efb085c68704c9fb8d2cbf736bedd6d6ce81594bf3efad63a,gfs_seamless,False
turbine_2,2026-02-25 06:00:00+00:00,48,0.8580607516784676,0.8580607516784676,False,False,0.8240326184092941,10.31,3.7,2026-02-23 19:00:00+00:00,35.0,2026-01-31 23:00:00,2026-02-01T01:00:00+05:00,d05b3cae0b8e890efb085c68704c9fb8d2cbf736bedd6d6ce81594bf3efad63a,gfs_seamless,False
turbine_2,2026-02-25 07:00:00+00:00,48,0.8602396375074872,0.8602396375074872,False,False,0.8240326184092941,10.38,4.7,2026-02-23 19:00:00+00:00,36.0,2026-01-31 23:00:00,2026-02-01T01:00:00+05:00,d05b3cae0b8e890efb085c68704c9fb8d2cbf736bedd6d6ce81594bf3efad63a,gfs_seamless,False
turbine_2,2026-02-25 08:00:00+00:00,48,0.7498574116415048,0.7498574116415048,False,False,0.6742543244506779,9.4,5.6,2026-02-23 19:00:00+00:00,37.0,2026-01-31 23:00:00,2026-02-01T01:00:00+05:00,d05b3cae0b8e890efb085c68704c9fb8d2cbf736bedd6d6ce81594bf3efad63a,gfs_seamless,False
turbine_2,2026-02-25 09:00:00+00:00,48,0.5870737215290464,0.5870737215290464,False,False,0.6742543244506779,9.27,6.1,2026-02-23 19:00:00+00:00,38.0,2026-01-31 23:00:00,2026-02-01T01:00:00+05:00,d05b3cae0b8e890efb085c68704c9fb8d2cbf736bedd6d6ce81594bf3efad63a,gfs_seamless,False
turbine_2,2026-02-25 10:00:00+00:00,48,0.5594050228953447,0.5594050228953447,False,False,0.6742543244506779,9.01,6.1,2026-02-23 19:00:00+00:00,39.0,2026-01-31 23:00:00,2026-02-01T01:00:00+05:00,d05b3cae0b8e890efb085c68704c9fb8d2cbf736bedd6d6ce81594bf3efad63a,gfs_seamless,False
turbine_2,2026-02-25 11:00:00+00:00,48,0.6978805467996302,0.6978805467996302,False,False,0.7536449275362319,9.8,6.1,2026-02-23 19:00:00+00:00,40.0,2026-01-31 23:00:00,2026-02-01T01:00:00+05:00,d05b3cae0b8e890efb085c68704c9fb8d2cbf736bedd6d6ce81594bf3efad63a,gfs_seamless,False
turbine_2,2026-02-25 12:00:00+00:00,48,0.5403871479068335,0.5403871479068335,False,False,0.5334922575387123,8.25,4.6,2026-02-23 19:00:00+00:00,41.0,2026-01-31 23:00:00,2026-02-01T01:00:00+05:00,d05b3cae0b8e890efb085c68704c9fb8d2cbf736bedd6d6ce81594bf3efad63a,gfs_seamless,False
turbine_2,2026-02-25 13:00:00+00:00,48,0.49944958096500564,0.49944958096500564,False,False,0.45997253690353584,7.93,4.0,2026-02-23 19:00:00+00:00,42.0,2026-01-31 23:00:00,2026-02-01T01:00:00+05:00,d05b3cae0b8e890efb085c68704c9fb8d2cbf736bedd6d6ce81594bf3efad63a,gfs_seamless,False
turbine_2,2026-02-25 14:00:00+00:00,48,0.2835633351115893,0.2835633351115893,False,False,0.3134483750359506,6.63,3.8,2026-02-23 19:00:00+00:00,43.0,2026-01-31 23:00:00,2026-02-01T01:00:00+05:00,d05b3cae0b8e890efb085c68704c9fb8d2cbf736bedd6d6ce81594bf3efad63a,gfs_seamless,False
turbine_2,2026-02-25 15:00:00+00:00,48,0.2742670725617865,0.2742670725617865,False,False,0.3134483750359506,6.56,3.0,2026-02-23 19:00:00+00:00,44.0,2026-01-31 23:00:00,2026-02-01T01:00:00+05:00,d05b3cae0b8e890efb085c68704c9fb8d2cbf736bedd6d6ce81594bf3efad63a,gfs_seamless,False
turbine_2,2026-02-25 16:00:00+00:00,48,0.4110782044657225,0.4110782044657225,False,False,0.3872421383647799,7.43,3.0,2026-02-23 19:00:00+00:00,45.0,2026-01-31 23:00:00,2026-02-01T01:00:00+05:00,d05b3cae0b8e890efb085c68704c9fb8d2cbf736bedd6d6ce81594bf3efad63a,gfs_seamless,False
turbine_2,2026-02-25 17:00:00+00:00,48,0.5677991211853469,0.5677991211853469,False,False,0.5334922575387123,8.36,3.0,2026-02-23 19:00:00+00:00,46.0,2026-01-31 23:00:00,2026-02-01T01:00:00+05:00,d05b3cae0b8e890efb085c68704c9fb8d2cbf736bedd6d6ce81594bf3efad63a,gfs_seamless,False
turbine_2,2026-02-25 18:00:00+00:00,48,0.8875430741056768,0.8875430741056768,False,False,0.8845606610237807,10.51,2.7,2026-02-23 19:00:00+00:00,47.0,2026-01-31 23:00:00,2026-02-01T01:00:00+05:00,d05b3cae0b8e890efb085c68704c9fb8d2cbf736bedd6d6ce81594bf3efad63a,gfs_seamless,False
turbine_2,2026-02-25 19:00:00+00:00,48,0.938143976423254,0.938143976423254,False,False,0.8845606610237807,10.89,2.6,2026-02-23 19:00:00+00:00,48.0,2026-01-31 23:00:00,2026-02-01T01:00:00+05:00,d05b3cae0b8e890efb085c68704c9fb8d2cbf736bedd6d6ce81594bf3efad63a,gfs_seamless,False
turbine_1,2026-02-24 20:00:00+00:00,24,0.009059875965141495,0.009059875965141495,False,False,0.01,0.45,-1.3,2026-02-24 19:00:00+00:00,1.0,2026-01-31 23:00:00,2026-02-01T01:00:00+05:00,e46d74629bd710750db40d5e9d8f3eadbaa20ee486e416572c0d88f6ec77ad79,gfs_seamless,False
turbine_1,2026-02-24 21:00:00+00:00,24,0.009059875965141495,0.009059875965141495,False,False,0.009989159891598917,0.7,-1.3,2026-02-24 19:00:00+00:00,2.0,2026-01-31 23:00:00,2026-02-01T01:00:00+05:00,e46d74629bd710750db40d5e9d8f3eadbaa20ee486e416572c0d88f6ec77ad79,gfs_seamless,False
turbine_1,2026-02-24 22:00:00+00:00,24,0.009059875965141495,0.009059875965141495,False,False,0.009989159891598917,0.76,-1.3,2026-02-24 19:00:00+00:00,3.0,2026-01-31 23:00:00,2026-02-01T01:00:00+05:00,e46d74629bd710750db40d5e9d8f3eadbaa20ee486e416572c0d88f6ec77ad79,gfs_seamless,False
turbine_1,2026-02-24 23:00:00+00:00,24,0.008993566360697952,0.008993566360697952,False,False,0.01102904972919744,1.56,-1.0,2026-02-24 19:00:00+00:00,4.0,2026-01-31 23:00:00,2026-02-01T01:00:00+05:00,e46d74629bd710750db40d5e9d8f3eadbaa20ee486e416572c0d88f6ec77ad79,gfs_seamless,False
turbine_1,2026-02-25 00:00:00+00:00,24,0.008993566360697952,0.008993566360697952,False,False,0.009961472602739725,1.03,-1.0,2026-02-24 19:00:00+00:00,5.0,2026-01-31 23:00:00,2026-02-01T01:00:00+05:00,e46d74629bd710750db40d5e9d8f3eadbaa20ee486e416572c0d88f6ec77ad79,gfs_seamless,False
turbine_1,2026-02-25 01:00:00+00:00,24,0.010886025874917892,0.010886025874917892,False,False,0.01599670263788969,2.34,-0.9,2026-02-24 19:00:00+00:00,6.0,2026-01-31 23:00:00,2026-02-01T01:00:00+05:00,e46d74629bd710750db40d5e9d8f3eadbaa20ee486e416572c0d88f6ec77ad79,gfs_seamless,False
turbine_1,2026-02-25 02:00:00+00:00,24,0.02624714400584437,0.02624714400584437,False,False,0.0581515812431843,3.77,-0.0,2026-02-24 19:00:00+00:00,7.0,2026-01-31 23:00:00,2026-02-01T01:00:00+05:00,e46d74629bd710750db40d5e9d8f3eadbaa20ee486e416572c0d88f6ec77ad79,gfs_seamless,False
turbine_1,2026-02-25 03:00:00+00:00,24,0.08104876072998304,0.08104876072998304,False,False,0.11167154471544716,4.87,-0.0,2026-02-24 19:00:00+00:00,8.0,2026-01-31 23:00:00,2026-02-01T01:00:00+05:00,e46d74629bd710750db40d5e9d8f3eadbaa20ee486e416572c0d88f6ec77ad79,gfs_seamless,False
turbine_1,2026-02-25 04:00:00+00:00,24,0.09578394495328314,0.09578394495328314,False,False,0.11167154471544716,4.92,0.5,2026-02-24 19:00:00+00:00,9.0,2026-01-31 23:00:00,2026-02-01T01:00:00+05:00,e46d74629bd710750db40d5e9d8f3eadbaa20ee486e416572c0d88f6ec77ad79,gfs_seamless,False
turbine_1,2026-02-25 05:00:00+00:00,24,0.1469363439738897,0.1469363439738897,False,False,0.19472402597402597,5.6,1.2,2026-02-24 19:00:00+00:00,10.0,2026-01-31 23:00:00,2026-02-01T01:00:00+05:00,e46d74629bd710750db40d5e9d8f3eadbaa20ee486e416572c0d88f6ec77ad79,gfs_seamless,False
turbine_1,2026-02-25 06:00:00+00:00,24,0.14978146927214026,0.14978146927214026,False,False,0.19472402597402597,5.58,1.5,2026-02-24 19:00:00+00:00,11.0,2026-01-31 23:00:00,2026-02-01T01:00:00+05:00,e46d74629bd710750db40d5e9d8f3eadbaa20ee486e416572c0d88f6ec77ad79,gfs_seamless,False
turbine_1,2026-02-25 07:00:00+00:00,24,0.10591715676466279,0.10591715676466279,False,False,0.14868314676616917,5.03,1.8,2026-02-24 19:00:00+00:00,12.0,2026-01-31 23:00:00,2026-02-01T01:00:00+05:00,e46d74629bd710750db40d5e9d8f3eadbaa20ee486e416572c0d88f6ec77ad79,gfs_seamless,False
turbine_1,2026-02-25 08:00:00+00:00,24,0.07935125494170749,0.07935125494170749,False,False,0.11167154471544716,4.74,1.8,2026-02-24 19:00:00+00:00,13.0,2026-01-31 23:00:00,2026-02-01T01:00:00+05:00,e46d74629bd710750db40d5e9d8f3eadbaa20ee486e416572c0d88f6ec77ad79,gfs_seamless,False
turbine_1,2026-02-25 09:00:00+00:00,24,0.0928811692389756,0.0928811692389756,False,False,0.11167154471544716,4.79,2.5,2026-02-24 19:00:00+00:00,14.0,2026-01-31 23:00:00,2026-02-01T01:00:00+05:00,e46d74629bd710750db40d5e9d8f3eadbaa20ee486e416572c0d88f6ec77ad79,gfs_seamless,False
turbine_1,2026-02-25 10:00:00+00:00,24,0.09981694491729132,0.09981694491729132,False,False,0.11167154471544716,4.88,2.6,2026-02-24 19:00:00+00:00,15.0,2026-01-31 23:00:00,2026-02-01T01:00:00+05:00,e46d74629bd710750db40d5e9d8f3eadbaa20ee486e416572c0d88f6ec77ad79,gfs_seamless,False
turbine_1,2026-02-25 11:00:00+00:00,24,0.1302150473569622,0.1302150473569622,False,False,0.14868314676616917,5.23,2.7,2026-02-24 19:00:00+00:00,16.0,2026-01-31 23:00:00,2026-02-01T01:00:00+05:00,e46d74629bd710750db40d5e9d8f3eadbaa20ee486e416572c0d88f6ec77ad79,gfs_seamless,False
turbine_1,2026-02-25 12:00:00+00:00,24,0.09525010026437132,0.09525010026437132,False,False,0.11167154471544716,4.84,2.4,2026-02-24 19:00:00+00:00,17.0,2026-01-31 23:00:00,2026-02-01T01:00:00+05:00,e46d74629bd710750db40d5e9d8f3eadbaa20ee486e416572c0d88f6ec77ad79,gfs_seamless,False
turbine_1,2026-02-25 13:00:00+00:00,24,0.11425109000807568,0.11425109000807568,False,False,0.14868314676616917,5.15,1.5,2026-02-24 19:00:00+00:00,18.0,2026-01-31 23:00:00,2026-02-01T01:00:00+05:00,e46d74629bd710750db40d5e9d8f3eadbaa20ee486e416572c0d88f6ec77ad79,gfs_seamless,False
turbine_1,2026-02-25 14:00:00+00:00,24,0.3936557592137261,0.3936557592137261,False,False,0.3981808278867102,7.16,2.3,2026-02-24 19:00:00+00:00,19.0,2026-01-31 23:00:00,2026-02-01T01:00:00+05:00,e46d74629bd710750db40d5e9d8f3eadbaa20ee486e416572c0d88f6ec77ad79,gfs_seamless,False
turbine_1,2026-02-25 15:00:00+00:00,24,0.7497528618763823,0.7497528618763823,False,False,0.6955416051206302,9.3,2.1,2026-02-24 19:00:00+00:00,20.0,2026-01-31 23:00:00,2026-02-01T01:00:00+05:00,e46d74629bd710750db40d5e9d8f3eadbaa20ee486e416572c0d88f6ec77ad79,gfs_seamless,False
turbine_1,2026-02-25 16:00:00+00:00,24,0.6950242421983881,0.6950242421983881,False,False,0.6267624521072798,8.99,1.7,2026-02-24 19:00:00+00:00,21.0,2026-01-31 23:00:00,2026-02-01T01:00:00+05:00,e46d74629bd710750db40d5e9d8f3eadbaa20ee486e416572c0d88f6ec77ad79,gfs_seamless,False
turbine_1,2026-02-25 17:00:00+00:00,24,0.8917849987451701,0.8917849987451701,False,False,0.8301109660574413,10.29,1.1,2026-02-24 19:00:00+00:00,22.0,2026-01-31 23:00:00,2026-02-01T01:00:00+05:00,e46d74629bd710750db40d5e9d8f3eadbaa20ee486e416572c0d88f6ec77ad79,gfs_seamless,False
turbine_1,2026-02-25 18:00:00+00:00,24,0.976088289675286,0.976088289675286,False,False,0.9583879781420764,12.28,2.0,2026-02-24 19:00:00+00:00,23.0,2026-01-31 23:00:00,2026-02-01T01:00:00+05:00,e46d74629bd710750db40d5e9d8f3eadbaa20ee486e416572c0d88f6ec77ad79,gfs_seamless,False
turbine_1,2026-02-25 19:00:00+00:00,24,0.998020023869793,0.998020023869793,False,False,0.9761353467561521,13.02,2.0,2026-02-24 19:00:00+00:00,24.0,2026-01-31 23:00:00,2026-02-01T01:00:00+05:00,e46d74629bd710750db40d5e9d8f3eadbaa20ee486e416572c0d88f6ec77ad79,gfs_seamless,False
turbine_1,2026-02-25 20:00:00+00:00,48,0.9735474083221322,0.9735474083221322,False,False,0.9381677419354839,11.24,2.1,2026-02-24 19:00:00+00:00,25.0,2026-01-31 23:00:00,2026-02-01T01:00:00+05:00,e46d74629bd710750db40d5e9d8f3eadbaa20ee486e416572c0d88f6ec77ad79,gfs_seamless,False
turbine_1,2026-02-25 21:00:00+00:00,48,0.9664692012754973,0.9664692012754973,False,False,0.9381677419354839,11.12,1.7,2026-02-24 19:00:00+00:00,26.0,2026-01-31 23:00:00,2026-02-01T01:00:00+05:00,e46d74629bd710750db40d5e9d8f3eadbaa20ee486e416572c0d88f6ec77ad79,gfs_seamless,False
turbine_1,2026-02-25 22:00:00+00:00,48,0.9713777459786931,0.9713777459786931,False,False,0.9381677419354839,11.19,1.7,2026-02-24 19:00:00+00:00,27.0,2026-01-31 23:00:00,2026-02-01T01:00:00+05:00,e46d74629bd710750db40d5e9d8f3eadbaa20ee486e416572c0d88f6ec77ad79,gfs_seamless,False
turbine_1,2026-02-25 23:00:00+00:00,48,0.9566097297782761,0.9566097297782761,False,False,0.9381677419354839,11.0,1.7,2026-02-24 19:00:00+00:00,28.0,2026-01-31 23:00:00,2026-02-01T01:00:00+05:00,e46d74629bd710750db40d5e9d8f3eadbaa20ee486e416572c0d88f6ec77ad79,gfs_seamless,False
turbine_1,2026-02-26 00:00:00+00:00,48,0.9737611390462995,0.9737611390462995,False,False,0.9381677419354839,11.23,1.2,2026-02-24 19:00:00+00:00,29.0,2026-01-31 23:00:00,2026-02-01T01:00:00+05:00,e46d74629bd710750db40d5e9d8f3eadbaa20ee486e416572c0d88f6ec77ad79,gfs_seamless,False
turbine_1,2026-02-26 01:00:00+00:00,48,0.9323100393977123,0.9323100393977123,False,False,0.8937111928104575,10.77,1.5,2026-02-24 19:00:00+00:00,30.0,2026-01-31 23:00:00,2026-02-01T01:00:00+05:00,e46d74629bd710750db40d5e9d8f3eadbaa20ee486e416572c0d88f6ec77ad79,gfs_seamless,False
turbine_1,2026-02-26 02:00:00+00:00,48,0.9847974248214793,0.9847974248214793,False,False,0.9603525641025641,11.81,1.9,2026-02-24 19:00:00+00:00,31.0,2026-01-31 23:00:00,2026-02-01T01:00:00+05:00,e46d74629bd710750db40d5e9d8f3eadbaa20ee486e416572c0d88f6ec77ad79,gfs_seamless,False
turbine_1,2026-02-26 03:00:00+00:00,48,0.8587978572910949,0.8587978572910949,False,False,0.8301109660574413,10.06,2.7,2026-02-24 19:00:00+00:00,32.0,2026-01-31 23:00:00,2026-02-01T01:00:00+05:00,e46d74629bd710750db40d5e9d8f3eadbaa20ee486e416572c0d88f6ec77ad79,gfs_seamless,False
turbine_1,2026-02-26 04:00:00+00:00,48,0.7279557946054579,0.7279557946054579,False,False,0.6955416051206302,9.24,3.6,2026-02-24 19:00:00+00:00,33.0,2026-01-31 23:00:00,2026-02-01T01:00:00+05:00,e46d74629bd710750db40d5e9d8f3eadbaa20ee486e416572c0d88f6ec77ad79,gfs_seamless,False
turbine_1,2026-02-26 05:00:00+00:00,48,0.450941748940826,0.450941748940826,False,False,0.47519897772909825,7.52,5.3,2026-02-24 19:00:00+00:00,34.0,2026-01-31 23:00:00,2026-02-01T01:00:00+05:00,e46d74629bd710750db40d5e9d8f3eadbaa20ee486e416572c0d88f6ec77ad79,gfs_seamless,False
turbine_1,2026-02-26 06:00:00+00:00,48,0.5247912495290299,0.5247912495290299,False,False,0.5480688448074679,8.08,6.4,2026-02-24 19:00:00+00:00,35.0,2026-01-31 23:00:00,2026-02-01T01:00:00+05:00,e46d74629bd710750db40d5e9d8f3eadbaa20ee486e416572c0d88f6ec77ad79,gfs_seamless,False
turbine_1,2026-02-26 07:00:00+00:00,48,0.012049440549280362,0.012049440549280362,False,False,0.01599670263788969,2.21,6.5,2026-02-24 19:00:00+00:00,36.0,2026-01-31 23:00:00,2026-02-01T01:00:00+05:00,e46d74629bd710750db40d5e9d8f3eadbaa20ee486e416572c0d88f6ec77ad79,gfs_seamless,False
turbine_1,2026-02-26 08:00:00+00:00,48,0.46534168276879034,0.46534168276879034,False,False,0.47519897772909825,7.56,5.4,2026-02-24 19:00:00+00:00,37.0,2026-01-31 23:00:00,2026-02-01T01:00:00+05:00,e46d74629bd710750db40d5e9d8f3eadbaa20ee486e416572c0d88f6ec77ad79,gfs_seamless,False
turbine_1,2026-02-26 09:00:00+00:00,48,0.7849429818362273,0.7849429818362273,False,False,0.7651013024602026,9.52,4.3,2026-02-24 19:00:00+00:00,38.0,2026-01-31 23:00:00,2026-02-01T01:00:00+05:00,e46d74629bd710750db40d5e9d8f3eadbaa20ee486e416572c0d88f6ec77ad79,gfs_seamless,False
turbine_1,2026-02-26 10:00:00+00:00,48,0.8802341220250363,0.8802341220250363,False,False,0.8301109660574413,10.24,4.2,2026-02-24 19:00:00+00:00,39.0,2026-01-31 23:00:00,2026-02-01T01:00:00+05:00,e46d74629bd710750db40d5e9d8f3eadbaa20ee486e416572c0d88f6ec77ad79,gfs_seamless,False
turbine_1,2026-02-26 11:00:00+00:00,48,0.48935614428709795,0.48935614428709795,False,False,0.47519897772909825,7.7,1.6,2026-02-24 19:00:00+00:00,40.0,2026-01-31 23:00:00,2026-02-01T01:00:00+05:00,e46d74629bd710750db40d5e9d8f3eadbaa20ee486e416572c0d88f6ec77ad79,gfs_seamless,False
turbine_1,2026-02-26 12:00:00+00:00,48,0.6083327290828232,0.6083327290828232,False,False,0.5480688448074679,8.37,1.6,2026-02-24 19:00:00+00:00,41.0,2026-01-31 23:00:00,2026-02-01T01:00:00+05:00,e46d74629bd710750db40d5e9d8f3eadbaa20ee486e416572c0d88f6ec77ad79,gfs_seamless,False
turbine_1,2026-02-26 13:00:00+00:00,48,0.28243243147697644,0.28243243147697644,False,False,0.3244547053649956,6.51,2.5,2026-02-24 19:00:00+00:00,42.0,2026-01-31 23:00:00,2026-02-01T01:00:00+05:00,e46d74629bd710750db40d5e9d8f3eadbaa20ee486e416572c0d88f6ec77ad79,gfs_seamless,False
turbine_1,2026-02-26 14:00:00+00:00,48,0.39073242212244474,0.39073242212244474,False,False,0.3981808278867102,7.13,2.9,2026-02-24 19:00:00+00:00,43.0,2026-01-31 23:00:00,2026-02-01T01:00:00+05:00,e46d74629bd710750db40d5e9d8f3eadbaa20ee486e416572c0d88f6ec77ad79,gfs_seamless,False
turbine_1,2026-02-26 15:00:00+00:00,48,0.9762509066280284,0.9762509066280284,False,False,0.9603525641025641,11.69,3.0,2026-02-24 19:00:00+00:00,44.0,2026-01-31 23:00:00,2026-02-01T01:00:00+05:00,e46d74629bd710750db40d5e9d8f3eadbaa20ee486e416572c0d88f6ec77ad79,gfs_seamless,False
turbine_1,2026-02-26 16:00:00+00:00,48,0.9737798291133455,0.9737798291133455,False,False,0.9761353467561521,13.08,3.5,2026-02-24 19:00:00+00:00,45.0,2026-01-31 23:00:00,2026-02-01T01:00:00+05:00,e46d74629bd710750db40d5e9d8f3eadbaa20ee486e416572c0d88f6ec77ad79,gfs_seamless,False
turbine_1,2026-02-26 17:00:00+00:00,48,0.9286019070128188,0.9286019070128188,False,False,0.9583879781420764,12.3,3.3,2026-02-24 19:00:00+00:00,46.0,2026-01-31 23:00:00,2026-02-01T01:00:00+05:00,e46d74629bd710750db40d5e9d8f3eadbaa20ee486e416572c0d88f6ec77ad79,gfs_seamless,False
turbine_1,2026-02-26 18:00:00+00:00,48,0.9679202067279905,0.9679202067279905,False,False,0.9672885572139301,14.3,2.8,2026-02-24 19:00:00+00:00,47.0,2026-01-31 23:00:00,2026-02-01T01:00:00+05:00,e46d74629bd710750db40d5e9d8f3eadbaa20ee486e416572c0d88f6ec77ad79,gfs_seamless,False
turbine_1,2026-02-26 19:00:00+00:00,48,0.9848936176671644,0.9848936176671644,False,False,0.9618518518518518,14.61,2.5,2026-02-24 19:00:00+00:00,48.0,2026-01-31 23:00:00,2026-02-01T01:00:00+05:00,e46d74629bd710750db40d5e9d8f3eadbaa20ee486e416572c0d88f6ec77ad79,gfs_seamless,False
turbine_2,2026-02-24 20:00:00+00:00,24,0.00935155374655712,0.00935155374655712,False,False,0.01,0.45,-1.3,2026-02-24 19:00:00+00:00,1.0,2026-01-31 23:00:00,2026-02-01T01:00:00+05:00,d05b3cae0b8e890efb085c68704c9fb8d2cbf736bedd6d6ce81594bf3efad63a,gfs_seamless,False
turbine_2,2026-02-24 21:00:00+00:00,24,0.00935155374655712,0.00935155374655712,False,False,0.009932126696832579,0.7,-1.3,2026-02-24 19:00:00+00:00,2.0,2026-01-31 23:00:00,2026-02-01T01:00:00+05:00,d05b3cae0b8e890efb085c68704c9fb8d2cbf736bedd6d6ce81594bf3efad63a,gfs_seamless,False
turbine_2,2026-02-24 22:00:00+00:00,24,0.00935155374655712,0.00935155374655712,False,False,0.009932126696832579,0.76,-1.3,2026-02-24 19:00:00+00:00,3.0,2026-01-31 23:00:00,2026-02-01T01:00:00+05:00,d05b3cae0b8e890efb085c68704c9fb8d2cbf736bedd6d6ce81594bf3efad63a,gfs_seamless,False
turbine_2,2026-02-24 23:00:00+00:00,24,0.00935155374655712,0.00935155374655712,False,False,0.010127472003812246,1.56,-1.0,2026-02-24 19:00:00+00:00,4.0,2026-01-31 23:00:00,2026-02-01T01:00:00+05:00,d05b3cae0b8e890efb085c68704c9fb8d2cbf736bedd6d6ce81594bf3efad63a,gfs_seamless,False
turbine_2,2026-02-25 00:00:00+00:00,24,0.00935155374655712,0.00935155374655712,False,False,0.00971122112211221,1.03,-1.0,2026-02-24 19:00:00+00:00,5.0,2026-01-31 23:00:00,2026-02-01T01:00:00+05:00,d05b3cae0b8e890efb085c68704c9fb8d2cbf736bedd6d6ce81594bf3efad63a,gfs_seamless,False
turbine_2,2026-02-25 01:00:00+00:00,24,0.010039649353144036,0.010039649353144036,False,False,0.014608096468561586,2.34,-0.9,2026-02-24 19:00:00+00:00,6.0,2026-01-31 23:00:00,2026-02-01T01:00:00+05:00,d05b3cae0b8e890efb085c68704c9fb8d2cbf736bedd6d6ce81594bf3efad63a,gfs_seamless,False
turbine_2,2026-02-25 02:00:00+00:00,24,0.024343065479222145,0.024343065479222145,False,False,0.0552395725611858,3.77,-0.0,2026-02-24 19:00:00+00:00,7.0,2026-01-31 23:00:00,2026-02-01T01:00:00+05:00,d05b3cae0b8e890efb085c68704c9fb8d2cbf736bedd6d6ce81594bf3efad63a,gfs_seamless,False
turbine_2,2026-02-25 03:00:00+00:00,24,0.07379857392443519,0.07379857392443519,False,False,0.10500000000000001,4.87,-0.0,2026-02-24 19:00:00+00:00,8.0,2026-01-31 23:00:00,2026-02-01T01:00:00+05:00,d05b3cae0b8e890efb085c68704c9fb8d2cbf736bedd6d6ce81594bf3efad63a,gfs_seamless,False
turbine_2,2026-02-25 04:00:00+00:00,24,0.07703862611563128,0.07703862611563128,False,False,0.10500000000000001,4.92,0.5,2026-02-24 19:00:00+00:00,9.0,2026-01-31 23:00:00,2026-02-01T01:00:00+05:00,d05b3cae0b8e890efb085c68704c9fb8d2cbf736bedd6d6ce81594bf3efad63a,gfs_seamless,False
turbine_2,2026-02-25 05:00:00+00:00,24,0.14521362172697233,0.14521362172697233,False,False,0.18799815254684613,5.6,1.2,2026-02-24 19:00:00+00:00,10.0,2026-01-31 23:00:00,2026-02-01T01:00:00+05:00,d05b3cae0b8e890efb085c68704c9fb8d2cbf736bedd6d6ce81594bf3efad63a,gfs_seamless,False
turbine_2,2026-02-25 06:00:00+00:00,24,0.1370847694458844,0.1370847694458844,False,False,0.18799815254684613,5.58,1.5,2026-02-24 19:00:00+00:00,11.0,2026-01-31 23:00:00,2026-02-01T01:00:00+05:00,d05b3cae0b8e890efb085c68704c9fb8d2cbf736bedd6d6ce81594bf3efad63a,gfs_seamless,False
turbine_2,2026-02-25 07:00:00+00:00,24,0.09295002447860463,0.09295002447860463,False,False,0.14257562144354596,5.03,1.8,2026-02-24 19:00:00+00:00,12.0,2026-01-31 23:00:00,2026-02-01T01:00:00+05:00,d05b3cae0b8e890efb085c68704c9fb8d2cbf736bedd6d6ce81594bf3efad63a,gfs_seamless,False
turbine_2,2026-02-25 08:00:00+00:00,24,0.07175075076454585,0.07175075076454585,False,False,0.10500000000000001,4.74,1.8,2026-02-24 19:00:00+00:00,13.0,2026-01-31 23:00:00,2026-02-01T01:00:00+05:00,d05b3cae0b8e890efb085c68704c9fb8d2cbf736bedd6d6ce81594bf3efad63a,gfs_seamless,False
turbine_2,2026-02-25 09:00:00+00:00,24,0.07452260767280398,0.07452260767280398,False,False,0.10500000000000001,4.79,2.5,2026-02-24 19:00:00+00:00,14.0,2026-01-31 23:00:00,2026-02-01T01:00:00+05:00,d05b3cae0b8e890efb085c68704c9fb8d2cbf736bedd6d6ce81594bf3efad63a,gfs_seamless,False
turbine_2,2026-02-25 10:00:00+00:00,24,0.08400177210582287,0.08400177210582287,False,False,0.10500000000000001,4.88,2.6,2026-02-24 19:00:00+00:00,15.0,2026-01-31 23:00:00,2026-02-01T01:00:00+05:00,d05b3cae0b8e890efb085c68704c9fb8d2cbf736bedd6d6ce81594bf3efad63a,gfs_seamless,False
turbine_2,2026-02-25 11:00:00+00:00,24,0.1030302269827733,0.1030302269827733,False,False,0.14257562144354596,5.23,2.7,2026-02-24 19:00:00+00:00,16.0,2026-01-31 23:00:00,2026-02-01T01:00:00+05:00,d05b3cae0b8e890efb085c68704c9fb8d2cbf736bedd6d6ce81594bf3efad63a,gfs_seamless,False
turbine_2,2026-02-25 12:00:00+00:00,24,0.0839082604537602,0.0839082604537602,False,False,0.10500000000000001,4.84,2.4,2026-02-24 19:00:00+00:00,17.0,2026-01-31 23:00:00,2026-02-01T01:00:00+05:00,d05b3cae0b8e890efb085c68704c9fb8d2cbf736bedd6d6ce81594bf3efad63a,gfs_seamless,False
turbine_2,2026-02-25 13:00:00+00:00,24,0.0987796504560155,0.0987796504560155,False,False,0.14257562144354596,5.15,1.5,2026-02-24 19:00:00+00:00,18.0,2026-01-31 23:00:00,2026-02-01T01:00:00+05:00,d05b3cae0b8e890efb085c68704c9fb8d2cbf736bedd6d6ce81594bf3efad63a,gfs_seamless,False
turbine_2,2026-02-25 14:00:00+00:00,24,0.36273357802185713,0.36273357802185713,False,False,0.3872421383647799,7.16,2.3,2026-02-24 19:00:00+00:00,19.0,2026-01-31 23:00:00,2026-02-01T01:00:00+05:00,d05b3cae0b8e890efb085c68704c9fb8d2cbf736bedd6d6ce81594bf3efad63a,gfs_seamless,False
turbine_2,2026-02-25 15:00:00+00:00,24,0.6933280056142971,0.6933280056142971,False,False,0.6742543244506779,9.3,2.1,2026-02-24 19:00:00+00:00,20.0,2026-01-31 23:00:00,2026-02-01T01:00:00+05:00,d05b3cae0b8e890efb085c68704c9fb8d2cbf736bedd6d6ce81594bf3efad63a,gfs_seamless,False
turbine_2,2026-02-25 16:00:00+00:00,24,0.672802341395939,0.672802341395939,False,False,0.6162610815602837,8.99,1.7,2026-02-24 19:00:00+00:00,21.0,2026-01-31 23:00:00,2026-02-01T01:00:00+05:00,d05b3cae0b8e890efb085c68704c9fb8d2cbf736bedd6d6ce81594bf3efad63a,gfs_seamless,False
turbine_2,2026-02-25 17:00:00+00:00,24,0.8541762012468176,0.8541762012468176,False,False,0.8240326184092941,10.29,1.1,2026-02-24 19:00:00+00:00,22.0,2026-01-31 23:00:00,2026-02-01T01:00:00+05:00,d05b3cae0b8e890efb085c68704c9fb8d2cbf736bedd6d6ce81594bf3efad63a,gfs_seamless,False
turbine_2,2026-02-25 18:00:00+00:00,24,0.9679688135606447,0.9679688135606447,False,False,0.9574121315192744,12.28,2.0,2026-02-24 19:00:00+00:00,23.0,2026-01-31 23:00:00,2026-02-01T01:00:00+05:00,d05b3cae0b8e890efb085c68704c9fb8d2cbf736bedd6d6ce81594bf3efad63a,gfs_seamless,False
turbine_2,2026-02-25 19:00:00+00:00,24,0.9678627226462627,0.9678627226462627,False,False,0.9700600600600602,13.02,2.0,2026-02-24 19:00:00+00:00,24.0,2026-01-31 23:00:00,2026-02-01T01:00:00+05:00,d05b3cae0b8e890efb085c68704c9fb8d2cbf736bedd6d6ce81594bf3efad63a,gfs_seamless,False
turbine_2,2026-02-25 20:00:00+00:00,48,0.9523747097440529,0.9523747097440529,False,False,0.9257415902140673,11.24,2.1,2026-02-24 19:00:00+00:00,25.0,2026-01-31 23:00:00,2026-02-01T01:00:00+05:00,d05b3cae0b8e890efb085c68704c9fb8d2cbf736bedd6d6ce81594bf3efad63a,gfs_seamless,False
turbine_2,2026-02-25 21:00:00+00:00,48,0.9370890812111831,0.9370890812111831,False,False,0.9257415902140673,11.12,1.7,2026-02-24 19:00:00+00:00,26.0,2026-01-31 23:00:00,2026-02-01T01:00:00+05:00,d05b3cae0b8e890efb085c68704c9fb8d2cbf736bedd6d6ce81594bf3efad63a,gfs_seamless,False
turbine_2,2026-02-25 22:00:00+00:00,48,0.9531754032398718,0.9531754032398718,False,False,0.9257415902140673,11.19,1.7,2026-02-24 19:00:00+00:00,27.0,2026-01-31 23:00:00,2026-02-01T01:00:00+05:00,d05b3cae0b8e890efb085c68704c9fb8d2cbf736bedd6d6ce81594bf3efad63a,gfs_seamless,False
turbine_2,2026-02-25 23:00:00+00:00,48,0.9424234129427108,0.9424234129427108,False,False,0.9257415902140673,11.0,1.7,2026-02-24 19:00:00+00:00,28.0,2026-01-31 23:00:00,2026-02-01T01:00:00+05:00,d05b3cae0b8e890efb085c68704c9fb8d2cbf736bedd6d6ce81594bf3efad63a,gfs_seamless,False
turbine_2,2026-02-26 00:00:00+00:00,48,0.9594537801575809,0.9594537801575809,False,False,0.9257415902140673,11.23,1.2,2026-02-24 19:00:00+00:00,29.0,2026-01-31 23:00:00,2026-02-01T01:00:00+05:00,d05b3cae0b8e890efb085c68704c9fb8d2cbf736bedd6d6ce81594bf3efad63a,gfs_seamless,False
turbine_2,2026-02-26 01:00:00+00:00,48,0.9266510346168043,0.9266510346168043,False,False,0.8845606610237807,10.77,1.5,2026-02-24 19:00:00+00:00,30.0,2026-01-31 23:00:00,2026-02-01T01:00:00+05:00,d05b3cae0b8e890efb085c68704c9fb8d2cbf736bedd6d6ce81594bf3efad63a,gfs_seamless,False
turbine_2,2026-02-26 02:00:00+00:00,48,0.9708061596442799,0.9708061596442799,False,False,0.9518670076726343,11.81,1.9,2026-02-24 19:00:00+00:00,31.0,2026-01-31 23:00:00,2026-02-01T01:00:00+05:00,d05b3cae0b8e890efb085c68704c9fb8d2cbf736bedd6d6ce81594bf3efad63a,gfs_seamless,False
turbine_2,2026-02-26 03:00:00+00:00,48,0.837268362967685,0.837268362967685,False,False,0.8240326184092941,10.06,2.7,2026-02-24 19:00:00+00:00,32.0,2026-01-31 23:00:00,2026-02-01T01:00:00+05:00,d05b3cae0b8e890efb085c68704c9fb8d2cbf736bedd6d6ce81594bf3efad63a,gfs_seamless,False
turbine_2,2026-02-26 04:00:00+00:00,48,0.6840616098939211,0.6840616098939211,False,False,0.6742543244506779,9.24,3.6,2026-02-24 19:00:00+00:00,33.0,2026-01-31 23:00:00,2026-02-01T01:00:00+05:00,d05b3cae0b8e890efb085c68704c9fb8d2cbf736bedd6d6ce81594bf3efad63a,gfs_seamless,False
turbine_2,2026-02-26 05:00:00+00:00,48,0.42053728994258444,0.42053728994258444,False,False,0.45997253690353584,7.52,5.3,2026-02-24 19:00:00+00:00,34.0,2026-01-31 23:00:00,2026-02-01T01:00:00+05:00,d05b3cae0b8e890efb085c68704c9fb8d2cbf736bedd6d6ce81594bf3efad63a,gfs_seamless,False
turbine_2,2026-02-26 06:00:00+00:00,48,0.5286959140102969,0.5286959140102969,False,False,0.5334922575387123,8.08,6.4,2026-02-24 19:00:00+00:00,35.0,2026-01-31 23:00:00,2026-02-01T01:00:00+05:00,d05b3cae0b8e890efb085c68704c9fb8d2cbf736bedd6d6ce81594bf3efad63a,gfs_seamless,False
turbine_2,2026-02-26 07:00:00+00:00,48,0.010963887911245472,0.010963887911245472,False,False,0.014608096468561586,2.21,6.5,2026-02-24 19:00:00+00:00,36.0,2026-01-31 23:00:00,2026-02-01T01:00:00+05:00,d05b3cae0b8e890efb085c68704c9fb8d2cbf736bedd6d6ce81594bf3efad63a,gfs_seamless,False
turbine_2,2026-02-26 08:00:00+00:00,48,0.4281512834958012,0.4281512834958012,False,False,0.45997253690353584,7.56,5.4,2026-02-24 19:00:00+00:00,37.0,2026-01-31 23:00:00,2026-02-01T01:00:00+05:00,d05b3cae0b8e890efb085c68704c9fb8d2cbf736bedd6d6ce81594bf3efad63a,gfs_seamless,False
turbine_2,2026-02-26 09:00:00+00:00,48,0.7441144854523097,0.7441144854523097,False,False,0.7536449275362319,9.52,4.3,2026-02-24 19:00:00+00:00,38.0,2026-01-31 23:00:00,2026-02-01T01:00:00+05:00,d05b3cae0b8e890efb085c68704c9fb8d2cbf736bedd6d6ce81594bf3efad63a,gfs_seamless,False
turbine_2,2026-02-26 10:00:00+00:00,48,0.8526235883397953,0.8526235883397953,False,False,0.8240326184092941,10.24,4.2,2026-02-24 19:00:00+00:00,39.0,2026-01-31 23:00:00,2026-02-01T01:00:00+05:00,d05b3cae0b8e890efb085c68704c9fb8d2cbf736bedd6d6ce81594bf3efad63a,gfs_seamless,False
turbine_2,2026-02-26 11:00:00+00:00,48,0.43826765317914695,0.43826765317914695,False,False,0.45997253690353584,7.7,1.6,2026-02-24 19:00:00+00:00,40.0,2026-01-31 23:00:00,2026-02-01T01:00:00+05:00,d05b3cae0b8e890efb085c68704c9fb8d2cbf736bedd6d6ce81594bf3efad63a,gfs_seamless,False
turbine_2,2026-02-26 12:00:00+00:00,48,0.5586065765564368,0.5586065765564368,False,False,0.5334922575387123,8.37,1.6,2026-02-24 19:00:00+00:00,41.0,2026-01-31 23:00:00,2026-02-01T01:00:00+05:00,d05b3cae0b8e890efb085c68704c9fb8d2cbf736bedd6d6ce81594bf3efad63a,gfs_seamless,False
turbine_2,2026-02-26 13:00:00+00:00,48,0.2521162197922173,0.2521162197922173,False,False,0.3134483750359506,6.51,2.5,2026-02-24 19:00:00+00:00,42.0,2026-01-31 23:00:00,2026-02-01T01:00:00+05:00,d05b3cae0b8e890efb085c68704c9fb8d2cbf736bedd6d6ce81594bf3efad63a,gfs_seamless,False
turbine_2,2026-02-26 14:00:00+00:00,48,0.36506318016141787,0.36506318016141787,False,False,0.3872421383647799,7.13,2.9,2026-02-24 19:00:00+00:00,43.0,2026-01-31 23:00:00,2026-02-01T01:00:00+05:00,d05b3cae0b8e890efb085c68704c9fb8d2cbf736bedd6d6ce81594bf3efad63a,gfs_seamless,False
turbine_2,2026-02-26 15:00:00+00:00,48,0.9668344241124632,0.9668344241124632,False,False,0.9518670076726343,11.69,3.0,2026-02-24 19:00:00+00:00,44.0,2026-01-31 23:00:00,2026-02-01T01:00:00+05:00,d05b3cae0b8e890efb085c68704c9fb8d2cbf736bedd6d6ce81594bf3efad63a,gfs_seamless,False
turbine_2,2026-02-26 16:00:00+00:00,48,0.9784849596331349,0.9784849596331349,False,False,0.9700600600600602,13.08,3.5,2026-02-24 19:00:00+00:00,45.0,2026-01-31 23:00:00,2026-02-01T01:00:00+05:00,d05b3cae0b8e890efb085c68704c9fb8d2cbf736bedd6d6ce81594bf3efad63a,gfs_seamless,False
turbine_2,2026-02-26 17:00:00+00:00,48,0.9720592118634992,0.9720592118634992,False,False,0.9574121315192744,12.3,3.3,2026-02-24 19:00:00+00:00,46.0,2026-01-31 23:00:00,2026-02-01T01:00:00+05:00,d05b3cae0b8e890efb085c68704c9fb8d2cbf736bedd6d6ce81594bf3efad63a,gfs_seamless,False
turbine_2,2026-02-26 18:00:00+00:00,48,0.9832638373629549,0.9832638373629549,False,False,0.9603782505910166,14.3,2.8,2026-02-24 19:00:00+00:00,47.0,2026-01-31 23:00:00,2026-02-01T01:00:00+05:00,d05b3cae0b8e890efb085c68704c9fb8d2cbf736bedd6d6ce81594bf3efad63a,gfs_seamless,False
turbine_2,2026-02-26 19:00:00+00:00,48,0.9541897998273011,0.9541897998273011,False,False,0.962514880952381,14.61,2.5,2026-02-24 19:00:00+00:00,48.0,2026-01-31 23:00:00,2026-02-01T01:00:00+05:00,d05b3cae0b8e890efb085c68704c9fb8d2cbf736bedd6d6ce81594bf3efad63a,gfs_seamless,False
turbine_1,2026-02-25 20:00:00+00:00,24,0.9918255138404671,0.9918255138404671,False,False,0.9761353467561521,13.33,1.8,2026-02-25 19:00:00+00:00,1.0,2026-01-31 23:00:00,2026-02-01T01:00:00+05:00,e46d74629bd710750db40d5e9d8f3eadbaa20ee486e416572c0d88f6ec77ad79,gfs_seamless,False
turbine_1,2026-02-25 21:00:00+00:00,24,0.9970419037572272,0.9970419037572272,False,False,0.9673371212121211,12.84,1.6,2026-02-25 19:00:00+00:00,2.0,2026-01-31 23:00:00,2026-02-01T01:00:00+05:00,e46d74629bd710750db40d5e9d8f3eadbaa20ee486e416572c0d88f6ec77ad79,gfs_seamless,False
turbine_1,2026-02-25 22:00:00+00:00,24,0.9814849542530046,0.9814849542530046,False,False,0.9583879781420764,12.03,1.6,2026-02-25 19:00:00+00:00,3.0,2026-01-31 23:00:00,2026-02-01T01:00:00+05:00,e46d74629bd710750db40d5e9d8f3eadbaa20ee486e416572c0d88f6ec77ad79,gfs_seamless,False
turbine_1,2026-02-25 23:00:00+00:00,24,0.9838126638621807,0.9838126638621807,False,False,0.9603525641025641,11.7,1.1,2026-02-25 19:00:00+00:00,4.0,2026-01-31 23:00:00,2026-02-01T01:00:00+05:00,e46d74629bd710750db40d5e9d8f3eadbaa20ee486e416572c0d88f6ec77ad79,gfs_seamless,False
turbine_1,2026-02-26 00:00:00+00:00,24,0.9838126638621807,0.9838126638621807,False,False,0.9603525641025641,11.59,1.0,2026-02-25 19:00:00+00:00,5.0,2026-01-31 23:00:00,2026-02-01T01:00:00+05:00,e46d74629bd710750db40d5e9d8f3eadbaa20ee486e416572c0d88f6ec77ad79,gfs_seamless,False
turbine_1,2026-02-26 01:00:00+00:00,24,0.9737611390462995,0.9737611390462995,False,False,0.9381677419354839,11.29,1.2,2026-02-25 19:00:00+00:00,6.0,2026-01-31 23:00:00,2026-02-01T01:00:00+05:00,e46d74629bd710750db40d5e9d8f3eadbaa20ee486e416572c0d88f6ec77ad79,gfs_seamless,False
turbine_1,2026-02-26 02:00:00+00:00,24,0.8060093691773611,0.8060093691773611,False,False,0.7651013024602026,9.73,1.2,2026-02-25 19:00:00+00:00,7.0,2026-01-31 23:00:00,2026-02-01T01:00:00+05:00,e46d74629bd710750db40d5e9d8f3eadbaa20ee486e416572c0d88f6ec77ad79,gfs_seamless,False
turbine_1,2026-02-26 03:00:00+00:00,24,0.5512823286375991,0.5512823286375991,False,False,0.5480688448074679,8.14,1.9,2026-02-25 19:00:00+00:00,8.0,2026-01-31 23:00:00,2026-02-01T01:00:00+05:00,e46d74629bd710750db40d5e9d8f3eadbaa20ee486e416572c0d88f6ec77ad79,gfs_seamless,False
turbine_1,2026-02-26 04:00:00+00:00,24,0.40288707751668135,0.40288707751668135,False,False,0.3981808278867102,7.2,3.5,2026-02-25 19:00:00+00:00,9.0,2026-01-31 23:00:00,2026-02-01T01:00:00+05:00,e46d74629bd710750db40d5e9d8f3eadbaa20ee486e416572c0d88f6ec77ad79,gfs_seamless,False
turbine_1,2026-02-26 05:00:00+00:00,24,0.06402768890694056,0.06402768890694056,False,False,0.08138774811772757,4.36,4.9,2026-02-25 19:00:00+00:00,10.0,2026-01-31 23:00:00,2026-02-01T01:00:00+05:00,e46d74629bd710750db40d5e9d8f3eadbaa20ee486e416572c0d88f6ec77ad79,gfs_seamless,False
turbine_1,2026-02-26 06:00:00+00:00,24,0.02635278765592247,0.02635278765592247,False,False,0.040077274323849665,3.35,5.1,2026-02-25 19:00:00+00:00,11.0,2026-01-31 23:00:00,2026-02-01T01:00:00+05:00,e46d74629bd710750db40d5e9d8f3eadbaa20ee486e416572c0d88f6ec77ad79,gfs_seamless,False
turbine_1,2026-02-26 07:00:00+00:00,24,0.3119669606659513,0.3119669606659513,False,False,0.3244547053649956,6.63,4.6,2026-02-25 19:00:00+00:00,12.0,2026-01-31 23:00:00,2026-02-01T01:00:00+05:00,e46d74629bd710750db40d5e9d8f3eadbaa20ee486e416572c0d88f6ec77ad79,gfs_seamless,False
turbine_1,2026-02-26 08:00:00+00:00,24,0.6435132822891677,0.6435132822891677,False,False,0.6267624521072798,8.63,5.8,2026-02-25 19:00:00+00:00,13.0,2026-01-31 23:00:00,2026-02-01T01:00:00+05:00,e46d74629bd710750db40d5e9d8f3eadbaa20ee486e416572c0d88f6ec77ad79,gfs_seamless,False
turbine_1,2026-02-26 09:00:00+00:00,24,0.783733440718514,0.783733440718514,False,False,0.6955416051206302,9.45,4.1,2026-02-25 19:00:00+00:00,14.0,2026-01-31 23:00:00,2026-02-01T01:00:00+05:00,e46d74629bd710750db40d5e9d8f3eadbaa20ee486e416572c0d88f6ec77ad79,gfs_seamless,False
turbine_1,2026-02-26 10:00:00+00:00,24,0.43025664348854836,0.43025664348854836,False,False,0.3981808278867102,7.42,1.8,2026-02-25 19:00:00+00:00,15.0,2026-01-31 23:00:00,2026-02-01T01:00:00+05:00,e46d74629bd710750db40d5e9d8f3eadbaa20ee486e416572c0d88f6ec77ad79,gfs_seamless,False
turbine_1,2026-02-26 11:00:00+00:00,24,0.6162874349308615,0.6162874349308615,False,False,0.6267624521072798,8.54,1.7,2026-02-25 19:00:00+00:00,16.0,2026-01-31 23:00:00,2026-02-01T01:00:00+05:00,e46d74629bd710750db40d5e9d8f3eadbaa20ee486e416572c0d88f6ec77ad79,gfs_seamless,False
turbine_1,2026-02-26 12:00:00+00:00,24,0.6950242421983881,0.6950242421983881,False,False,0.6267624521072798,8.98,1.6,2026-02-25 19:00:00+00:00,17.0,2026-01-31 23:00:00,2026-02-01T01:00:00+05:00,e46d74629bd710750db40d5e9d8f3eadbaa20ee486e416572c0d88f6ec77ad79,gfs_seamless,False
turbine_1,2026-02-26 13:00:00+00:00,24,0.7288422667556292,0.7288422667556292,False,False,0.6955416051206302,9.22,2.3,2026-02-25 19:00:00+00:00,18.0,2026-01-31 23:00:00,2026-02-01T01:00:00+05:00,e46d74629bd710750db40d5e9d8f3eadbaa20ee486e416572c0d88f6ec77ad79,gfs_seamless,False
turbine_1,2026-02-26 14:00:00+00:00,24,0.7501131539358027,0.7501131539358027,False,False,0.6955416051206302,9.33,2.4,2026-02-25 19:00:00+00:00,19.0,2026-01-31 23:00:00,2026-02-01T01:00:00+05:00,e46d74629bd710750db40d5e9d8f3eadbaa20ee486e416572c0d88f6ec77ad79,gfs_seamless,False
turbine_1,2026-02-26 15:00:00+00:00,24,0.8824317282877066,0.8824317282877066,False,False,0.8301109660574413,10.4,2.5,2026-02-25 19:00:00+00:00,20.0,2026-01-31 23:00:00,2026-02-01T01:00:00+05:00,e46d74629bd710750db40d5e9d8f3eadbaa20ee486e416572c0d88f6ec77ad79,gfs_seamless,False
turbine_1,2026-02-26 16:00:00+00:00,24,0.9974021958166476,0.9974021958166476,False,False,0.9673371212121211,12.82,2.5,2026-02-25 19:00:00+00:00,21.0,2026-01-31 23:00:00,2026-02-01T01:00:00+05:00,e46d74629bd710750db40d5e9d8f3eadbaa20ee486e416572c0d88f6ec77ad79,gfs_seamless,False
turbine_1,2026-02-26 17:00:00+00:00,24,0.9886089380537458,0.9886089380537458,False,False,0.9583879781420764,12.45,2.7,2026-02-25 19:00:00+00:00,22.0,2026-01-31 23:00:00,2026-02-01T01:00:00+05:00,e46d74629bd710750db40d5e9d8f3eadbaa20ee486e416572c0d88f6ec77ad79,gfs_seamless,False
turbine_1,2026-02-26 18:00:00+00:00,24,0.9890009348925026,0.9890009348925026,False,False,0.9661001642036123,13.71,2.8,2026-02-25 19:00:00+00:00,23.0,2026-01-31 23:00:00,2026-02-01T01:00:00+05:00,e46d74629bd710750db40d5e9d8f3eadbaa20ee486e416572c0d88f6ec77ad79,gfs_seamless,False
turbine_1,2026-02-26 19:00:00+00:00,24,0.9951259232154471,0.9951259232154471,False,False,0.9761353467561521,13.01,2.8,2026-02-25 19:00:00+00:00,24.0,2026-01-31 23:00:00,2026-02-01T01:00:00+05:00,e46d74629bd710750db40d5e9d8f3eadbaa20ee486e416572c0d88f6ec77ad79,gfs_seamless,False
turbine_1,2026-02-26 20:00:00+00:00,48,0.9922553276062689,0.9922553276062689,False,False,0.9661001642036123,13.65,2.5,2026-02-25 19:00:00+00:00,25.0,2026-01-31 23:00:00,2026-02-01T01:00:00+05:00,e46d74629bd710750db40d5e9d8f3eadbaa20ee486e416572c0d88f6ec77ad79,gfs_seamless,False
turbine_1,2026-02-26 21:00:00+00:00,48,0.998020023869793,0.998020023869793,False,False,0.9673371212121211,12.94,2.0,2026-02-25 19:00:00+00:00,26.0,2026-01-31 23:00:00,2026-02-01T01:00:00+05:00,e46d74629bd710750db40d5e9d8f3eadbaa20ee486e416572c0d88f6ec77ad79,gfs_seamless,False
turbine_1,2026-02-26 22:00:00+00:00,48,0.9847974248214793,0.9847974248214793,False,False,0.9603525641025641,11.81,1.9,2026-02-25 19:00:00+00:00,27.0,2026-01-31 23:00:00,2026-02-01T01:00:00+05:00,e46d74629bd710750db40d5e9d8f3eadbaa20ee486e416572c0d88f6ec77ad79,gfs_seamless,False
turbine_1,2026-02-26 23:00:00+00:00,48,0.6162874349308615,0.6162874349308615,False,False,0.6267624521072798,8.5,2.2,2026-02-25 19:00:00+00:00,28.0,2026-01-31 23:00:00,2026-02-01T01:00:00+05:00,e46d74629bd710750db40d5e9d8f3eadbaa20ee486e416572c0d88f6ec77ad79,gfs_seamless,False
turbine_1,2026-02-27 00:00:00+00:00,48,0.6978317741172815,0.6978317741172815,False,False,0.6955416051206302,9.07,0.7,2026-02-25 19:00:00+00:00,29.0,2026-01-31 23:00:00,2026-02-01T01:00:00+05:00,e46d74629bd710750db40d5e9d8f3eadbaa20ee486e416572c0d88f6ec77ad79,gfs_seamless,False
turbine_1,2026-02-27 01:00:00+00:00,48,0.3702646224939768,0.3702646224939768,False,False,0.3981808278867102,7.06,1.0,2026-02-25 19:00:00+00:00,30.0,2026-01-31 23:00:00,2026-02-01T01:00:00+05:00,e46d74629bd710750db40d5e9d8f3eadbaa20ee486e416572c0d88f6ec77ad79,gfs_seamless,False
turbine_1,2026-02-27 02:00:00+00:00,48,0.25727503061807766,0.25727503061807766,False,False,0.2560354184518709,6.33,0.9,2026-02-25 19:00:00+00:00,31.0,2026-01-31 23:00:00,2026-02-01T01:00:00+05:00,e46d74629bd710750db40d5e9d8f3eadbaa20ee486e416572c0d88f6ec77ad79,gfs_seamless,False
turbine_1,2026-02-27 03:00:00+00:00,48,0.26055244874865363,0.26055244874865363,False,False,0.2560354184518709,6.33,1.1,2026-02-25 19:00:00+00:00,32.0,2026-01-31 23:00:00,2026-02-01T01:00:00+05:00,e46d74629bd710750db40d5e9d8f3eadbaa20ee486e416572c0d88f6ec77ad79,gfs_seamless,False
turbine_1,2026-02-27 04:00:00+00:00,48,0.20671245340779593,0.20671245340779593,False,False,0.2560354184518709,6.06,1.4,2026-02-25 19:00:00+00:00,33.0,2026-01-31 23:00:00,2026-02-01T01:00:00+05:00,e46d74629bd710750db40d5e9d8f3eadbaa20ee486e416572c0d88f6ec77ad79,gfs_seamless,False
turbine_1,2026-02-27 05:00:00+00:00,48,0.2849217333744199,0.2849217333744199,False,False,0.3244547053649956,6.55,2.2,2026-02-25 19:00:00+00:00,34.0,2026-01-31 23:00:00,2026-02-01T01:00:00+05:00,e46d74629bd710750db40d5e9d8f3eadbaa20ee486e416572c0d88f6ec77ad79,gfs_seamless,False
turbine_1,2026-02-27 06:00:00+00:00,48,0.6170342152158848,0.6170342152158848,False,False,0.5480688448074679,8.49,1.0,2026-02-25 19:00:00+00:00,35.0,2026-01-31 23:00:00,2026-02-01T01:00:00+05:00,e46d74629bd710750db40d5e9d8f3eadbaa20ee486e416572c0d88f6ec77ad79,gfs_seamless,False
turbine_1,2026-02-27 07:00:00+00:00,48,0.8586512959558419,0.8586512959558419,False,False,0.8301109660574413,10.04,1.2,2026-02-25 19:00:00+00:00,36.0,2026-01-31 23:00:00,2026-02-01T01:00:00+05:00,e46d74629bd710750db40d5e9d8f3eadbaa20ee486e416572c0d88f6ec77ad79,gfs_seamless,False
turbine_1,2026-02-27 08:00:00+00:00,48,0.9834642817557594,0.9834642817557594,False,False,0.9603525641025641,11.74,1.2,2026-02-25 19:00:00+00:00,37.0,2026-01-31 23:00:00,2026-02-01T01:00:00+05:00,e46d74629bd710750db40d5e9d8f3eadbaa20ee486e416572c0d88f6ec77ad79,gfs_seamless,False
turbine_1,2026-02-27 09:00:00+00:00,48,0.9987245238145411,0.9983333333333334,True,False,0.9673371212121211,12.9,0.9,2026-02-25 19:00:00+00:00,38.0,2026-01-31 23:00:00,2026-02-01T01:00:00+05:00,e46d74629bd710750db40d5e9d8f3eadbaa20ee486e416572c0d88f6ec77ad79,gfs_seamless,False
turbine_1,2026-02-27 10:00:00+00:00,48,0.9948513418914111,0.9948513418914111,False,False,0.9661001642036123,13.76,0.4,2026-02-25 19:00:00+00:00,39.0,2026-01-31 23:00:00,2026-02-01T01:00:00+05:00,e46d74629bd710750db40d5e9d8f3eadbaa20ee486e416572c0d88f6ec77ad79,gfs_seamless,False
turbine_1,2026-02-27 11:00:00+00:00,48,0.9456597763840007,0.9456597763840007,False,False,0.9618518518518518,14.53,-0.5,2026-02-25 19:00:00+00:00,40.0,2026-01-31 23:00:00,2026-02-01T01:00:00+05:00,e46d74629bd710750db40d5e9d8f3eadbaa20ee486e416572c0d88f6ec77ad79,gfs_seamless,False
turbine_1,2026-02-27 12:00:00+00:00,48,0.9171872206575551,0.9171872206575551,False,False,0.9672885572139301,14.14,-1.9,2026-02-25 19:00:00+00:00,41.0,2026-01-31 23:00:00,2026-02-01T01:00:00+05:00,e46d74629bd710750db40d5e9d8f3eadbaa20ee486e416572c0d88f6ec77ad79,gfs_seamless,False
turbine_1,2026-02-27 13:00:00+00:00,48,0.9433727614924393,0.9433727614924393,False,False,0.9672885572139301,14.17,-3.1,2026-02-25 19:00:00+00:00,42.0,2026-01-31 23:00:00,2026-02-01T01:00:00+05:00,e46d74629bd710750db40d5e9d8f3eadbaa20ee486e416572c0d88f6ec77ad79,gfs_seamless,False
turbine_1,2026-02-27 14:00:00+00:00,48,0.9955817218015358,0.9955817218015358,False,False,0.9661001642036123,13.78,-3.8,2026-02-25 19:00:00+00:00,43.0,2026-01-31 23:00:00,2026-02-01T01:00:00+05:00,e46d74629bd710750db40d5e9d8f3eadbaa20ee486e416572c0d88f6ec77ad79,gfs_seamless,False
turbine_1,2026-02-27 15:00:00+00:00,48,0.9897858484374545,0.9897858484374545,False,False,0.9661001642036123,13.5,-4.4,2026-02-25 19:00:00+00:00,44.0,2026-01-31 23:00:00,2026-02-01T01:00:00+05:00,e46d74629bd710750db40d5e9d8f3eadbaa20ee486e416572c0d88f6ec77ad79,gfs_seamless,False
turbine_1,2026-02-27 16:00:00+00:00,48,0.9914979323130081,0.9914979323130081,False,False,0.9761353467561521,13.37,-4.7,2026-02-25 19:00:00+00:00,45.0,2026-01-31 23:00:00,2026-02-01T01:00:00+05:00,e46d74629bd710750db40d5e9d8f3eadbaa20ee486e416572c0d88f6ec77ad79,gfs_seamless,False
turbine_1,2026-02-27 17:00:00+00:00,48,0.9895274644110379,0.9895274644110379,False,False,0.9761353467561521,13.35,-4.9,2026-02-25 19:00:00+00:00,46.0,2026-01-31 23:00:00,2026-02-01T01:00:00+05:00,e46d74629bd710750db40d5e9d8f3eadbaa20ee486e416572c0d88f6ec77ad79,gfs_seamless,False
turbine_1,2026-02-27 18:00:00+00:00,48,0.9970666407586566,0.9970666407586566,False,False,0.9673371212121211,12.54,-4.1,2026-02-25 19:00:00+00:00,47.0,2026-01-31 23:00:00,2026-02-01T01:00:00+05:00,e46d74629bd710750db40d5e9d8f3eadbaa20ee486e416572c0d88f6ec77ad79,gfs_seamless,False
turbine_1,2026-02-27 19:00:00+00:00,48,0.9817317368556017,0.9817317368556017,False,False,0.9761353467561521,13.08,-4.5,2026-02-25 19:00:00+00:00,48.0,2026-01-31 23:00:00,2026-02-01T01:00:00+05:00,e46d74629bd710750db40d5e9d8f3eadbaa20ee486e416572c0d88f6ec77ad79,gfs_seamless,False
turbine_2,2026-02-25 20:00:00+00:00,24,0.976143722610556,0.976143722610556,False,False,0.9700600600600602,13.33,1.8,2026-02-25 19:00:00+00:00,1.0,2026-01-31 23:00:00,2026-02-01T01:00:00+05:00,d05b3cae0b8e890efb085c68704c9fb8d2cbf736bedd6d6ce81594bf3efad63a,gfs_seamless,False
turbine_2,2026-02-25 21:00:00+00:00,24,0.9841575220486296,0.9841575220486296,False,False,0.9633299798792756,12.84,1.6,2026-02-25 19:00:00+00:00,2.0,2026-01-31 23:00:00,2026-02-01T01:00:00+05:00,d05b3cae0b8e890efb085c68704c9fb8d2cbf736bedd6d6ce81594bf3efad63a,gfs_seamless,False
turbine_2,2026-02-25 22:00:00+00:00,24,0.9778144740180046,0.9778144740180046,False,False,0.9574121315192744,12.03,1.6,2026-02-25 19:00:00+00:00,3.0,2026-01-31 23:00:00,2026-02-01T01:00:00+05:00,d05b3cae0b8e890efb085c68704c9fb8d2cbf736bedd6d6ce81594bf3efad63a,gfs_seamless,False
turbine_2,2026-02-25 23:00:00+00:00,24,0.972021125375996,0.972021125375996,False,False,0.9518670076726343,11.7,1.1,2026-02-25 19:00:00+00:00,4.0,2026-01-31 23:00:00,2026-02-01T01:00:00+05:00,d05b3cae0b8e890efb085c68704c9fb8d2cbf736bedd6d6ce81594bf3efad63a,gfs_seamless,False
turbine_2,2026-02-26 00:00:00+00:00,24,0.9719802764643504,0.9719802764643504,False,False,0.9518670076726343,11.59,1.0,2026-02-25 19:00:00+00:00,5.0,2026-01-31 23:00:00,2026-02-01T01:00:00+05:00,d05b3cae0b8e890efb085c68704c9fb8d2cbf736bedd6d6ce81594bf3efad63a,gfs_seamless,False
turbine_2,2026-02-26 01:00:00+00:00,24,0.9617206148373706,0.9617206148373706,False,False,0.9257415902140673,11.29,1.2,2026-02-25 19:00:00+00:00,6.0,2026-01-31 23:00:00,2026-02-01T01:00:00+05:00,d05b3cae0b8e890efb085c68704c9fb8d2cbf736bedd6d6ce81594bf3efad63a,gfs_seamless,False
turbine_2,2026-02-26 02:00:00+00:00,24,0.7786018351435056,0.7786018351435056,False,False,0.7536449275362319,9.73,1.2,2026-02-25 19:00:00+00:00,7.0,2026-01-31 23:00:00,2026-02-01T01:00:00+05:00,d05b3cae0b8e890efb085c68704c9fb8d2cbf736bedd6d6ce81594bf3efad63a,gfs_seamless,False
turbine_2,2026-02-26 03:00:00+00:00,24,0.5316567721720968,0.5316567721720968,False,False,0.5334922575387123,8.14,1.9,2026-02-25 19:00:00+00:00,8.0,2026-01-31 23:00:00,2026-02-01T01:00:00+05:00,d05b3cae0b8e890efb085c68704c9fb8d2cbf736bedd6d6ce81594bf3efad63a,gfs_seamless,False
turbine_2,2026-02-26 04:00:00+00:00,24,0.37617119345997924,0.37617119345997924,False,False,0.3872421383647799,7.2,3.5,2026-02-25 19:00:00+00:00,9.0,2026-01-31 23:00:00,2026-02-01T01:00:00+05:00,d05b3cae0b8e890efb085c68704c9fb8d2cbf736bedd6d6ce81594bf3efad63a,gfs_seamless,False
turbine_2,2026-02-26 05:00:00+00:00,24,0.05479341596694641,0.05479341596694641,False,False,0.07894438894438895,4.36,4.9,2026-02-25 19:00:00+00:00,10.0,2026-01-31 23:00:00,2026-02-01T01:00:00+05:00,d05b3cae0b8e890efb085c68704c9fb8d2cbf736bedd6d6ce81594bf3efad63a,gfs_seamless,False
turbine_2,2026-02-26 06:00:00+00:00,24,0.022560489316035104,0.022560489316035104,False,False,0.037099712368168745,3.35,5.1,2026-02-25 19:00:00+00:00,11.0,2026-01-31 23:00:00,2026-02-01T01:00:00+05:00,d05b3cae0b8e890efb085c68704c9fb8d2cbf736bedd6d6ce81594bf3efad63a,gfs_seamless,False
turbine_2,2026-02-26 07:00:00+00:00,24,0.2819169038536168,0.2819169038536168,False,False,0.3134483750359506,6.63,4.6,2026-02-25 19:00:00+00:00,12.0,2026-01-31 23:00:00,2026-02-01T01:00:00+05:00,d05b3cae0b8e890efb085c68704c9fb8d2cbf736bedd6d6ce81594bf3efad63a,gfs_seamless,False
turbine_2,2026-02-26 08:00:00+00:00,24,0.6127136120234709,0.6127136120234709,False,False,0.6162610815602837,8.63,5.8,2026-02-25 19:00:00+00:00,13.0,2026-01-31 23:00:00,2026-02-01T01:00:00+05:00,d05b3cae0b8e890efb085c68704c9fb8d2cbf736bedd6d6ce81594bf3efad63a,gfs_seamless,False
turbine_2,2026-02-26 09:00:00+00:00,24,0.7194572977620608,0.7194572977620608,False,False,0.6742543244506779,9.45,4.1,2026-02-25 19:00:00+00:00,14.0,2026-01-31 23:00:00,2026-02-01T01:00:00+05:00,d05b3cae0b8e890efb085c68704c9fb8d2cbf736bedd6d6ce81594bf3efad63a,gfs_seamless,False
turbine_2,2026-02-26 10:00:00+00:00,24,0.39812701371059805,0.39812701371059805,False,False,0.3872421383647799,7.42,1.8,2026-02-25 19:00:00+00:00,15.0,2026-01-31 23:00:00,2026-02-01T01:00:00+05:00,d05b3cae0b8e890efb085c68704c9fb8d2cbf736bedd6d6ce81594bf3efad63a,gfs_seamless,False
turbine_2,2026-02-26 11:00:00+00:00,24,0.5932394276764243,0.5932394276764243,False,False,0.6162610815602837,8.54,1.7,2026-02-25 19:00:00+00:00,16.0,2026-01-31 23:00:00,2026-02-01T01:00:00+05:00,d05b3cae0b8e890efb085c68704c9fb8d2cbf736bedd6d6ce81594bf3efad63a,gfs_seamless,False
turbine_2,2026-02-26 12:00:00+00:00,24,0.6666761241579592,0.6666761241579592,False,False,0.6162610815602837,8.98,1.6,2026-02-25 19:00:00+00:00,17.0,2026-01-31 23:00:00,2026-02-01T01:00:00+05:00,d05b3cae0b8e890efb085c68704c9fb8d2cbf736bedd6d6ce81594bf3efad63a,gfs_seamless,False
turbine_2,2026-02-26 13:00:00+00:00,24,0.6865094731714796,0.6865094731714796,False,False,0.6742543244506779,9.22,2.3,2026-02-25 19:00:00+00:00,18.0,2026-01-31 23:00:00,2026-02-01T01:00:00+05:00,d05b3cae0b8e890efb085c68704c9fb8d2cbf736bedd6d6ce81594bf3efad63a,gfs_seamless,False
turbine_2,2026-02-26 14:00:00+00:00,24,0.6933280056142971,0.6933280056142971,False,False,0.6742543244506779,9.33,2.4,2026-02-25 19:00:00+00:00,19.0,2026-01-31 23:00:00,2026-02-01T01:00:00+05:00,d05b3cae0b8e890efb085c68704c9fb8d2cbf736bedd6d6ce81594bf3efad63a,gfs_seamless,False
turbine_2,2026-02-26 15:00:00+00:00,24,0.8686036679859103,0.8686036679859103,False,False,0.8240326184092941,10.4,2.5,2026-02-25 19:00:00+00:00,20.0,2026-01-31 23:00:00,2026-02-01T01:00:00+05:00,d05b3cae0b8e890efb085c68704c9fb8d2cbf736bedd6d6ce81594bf3efad63a,gfs_seamless,False
turbine_2,2026-02-26 16:00:00+00:00,24,0.976705217995617,0.976705217995617,False,False,0.9633299798792756,12.82,2.5,2026-02-25 19:00:00+00:00,21.0,2026-01-31 23:00:00,2026-02-01T01:00:00+05:00,d05b3cae0b8e890efb085c68704c9fb8d2cbf736bedd6d6ce81594bf3efad63a,gfs_seamless,False
turbine_2,2026-02-26 17:00:00+00:00,24,0.9744195750178329,0.9744195750178329,False,False,0.9574121315192744,12.45,2.7,2026-02-25 19:00:00+00:00,22.0,2026-01-31 23:00:00,2026-02-01T01:00:00+05:00,d05b3cae0b8e890efb085c68704c9fb8d2cbf736bedd6d6ce81594bf3efad63a,gfs_seamless,False
turbine_2,2026-02-26 18:00:00+00:00,24,0.9812199871093298,0.9812199871093298,False,False,0.9598799435028249,13.71,2.8,2026-02-25 19:00:00+00:00,23.0,2026-01-31 23:00:00,2026-02-01T01:00:00+05:00,d05b3cae0b8e890efb085c68704c9fb8d2cbf736bedd6d6ce81594bf3efad63a,gfs_seamless,False
turbine_2,2026-02-26 19:00:00+00:00,24,0.9804085844638496,0.9804085844638496,False,False,0.9700600600600602,13.01,2.8,2026-02-25 19:00:00+00:00,24.0,2026-01-31 23:00:00,2026-02-01T01:00:00+05:00,d05b3cae0b8e890efb085c68704c9fb8d2cbf736bedd6d6ce81594bf3efad63a,gfs_seamless,False
turbine_2,2026-02-26 20:00:00+00:00,48,0.9732283180009604,0.9732283180009604,False,False,0.9598799435028249,13.65,2.5,2026-02-25 19:00:00+00:00,25.0,2026-01-31 23:00:00,2026-02-01T01:00:00+05:00,d05b3cae0b8e890efb085c68704c9fb8d2cbf736bedd6d6ce81594bf3efad63a,gfs_seamless,False
turbine_2,2026-02-26 21:00:00+00:00,48,0.9678627226462627,0.9678627226462627,False,False,0.9633299798792756,12.94,2.0,2026-02-25 19:00:00+00:00,26.0,2026-01-31 23:00:00,2026-02-01T01:00:00+05:00,d05b3cae0b8e890efb085c68704c9fb8d2cbf736bedd6d6ce81594bf3efad63a,gfs_seamless,False
turbine_2,2026-02-26 22:00:00+00:00,48,0.9708061596442799,0.9708061596442799,False,False,0.9518670076726343,11.81,1.9,2026-02-25 19:00:00+00:00,27.0,2026-01-31 23:00:00,2026-02-01T01:00:00+05:00,d05b3cae0b8e890efb085c68704c9fb8d2cbf736bedd6d6ce81594bf3efad63a,gfs_seamless,False
turbine_2,2026-02-26 23:00:00+00:00,48,0.6033925885029815,0.6033925885029815,False,False,0.6162610815602837,8.5,2.2,2026-02-25 19:00:00+00:00,28.0,2026-01-31 23:00:00,2026-02-01T01:00:00+05:00,d05b3cae0b8e890efb085c68704c9fb8d2cbf736bedd6d6ce81594bf3efad63a,gfs_seamless,False
turbine_2,2026-02-27 00:00:00+00:00,48,0.6798876785759639,0.6798876785759639,False,False,0.6742543244506779,9.07,0.7,2026-02-25 19:00:00+00:00,29.0,2026-01-31 23:00:00,2026-02-01T01:00:00+05:00,d05b3cae0b8e890efb085c68704c9fb8d2cbf736bedd6d6ce81594bf3efad63a,gfs_seamless,False
turbine_2,2026-02-27 01:00:00+00:00,48,0.3549989254076712,0.3549989254076712,False,False,0.3872421383647799,7.06,1.0,2026-02-25 19:00:00+00:00,30.0,2026-01-31 23:00:00,2026-02-01T01:00:00+05:00,d05b3cae0b8e890efb085c68704c9fb8d2cbf736bedd6d6ce81594bf3efad63a,gfs_seamless,False
turbine_2,2026-02-27 02:00:00+00:00,48,0.23172685573128204,0.23172685573128204,False,False,0.24514071038251364,6.33,0.9,2026-02-25 19:00:00+00:00,31.0,2026-01-31 23:00:00,2026-02-01T01:00:00+05:00,d05b3cae0b8e890efb085c68704c9fb8d2cbf736bedd6d6ce81594bf3efad63a,gfs_seamless,False
turbine_2,2026-02-27 03:00:00+00:00,48,0.23172685573128204,0.23172685573128204,False,False,0.24514071038251364,6.33,1.1,2026-02-25 19:00:00+00:00,32.0,2026-01-31 23:00:00,2026-02-01T01:00:00+05:00,d05b3cae0b8e890efb085c68704c9fb8d2cbf736bedd6d6ce81594bf3efad63a,gfs_seamless,False
turbine_2,2026-02-27 04:00:00+00:00,48,0.18537242735053963,0.18537242735053963,False,False,0.24514071038251364,6.06,1.4,2026-02-25 19:00:00+00:00,33.0,2026-01-31 23:00:00,2026-02-01T01:00:00+05:00,d05b3cae0b8e890efb085c68704c9fb8d2cbf736bedd6d6ce81594bf3efad63a,gfs_seamless,False
turbine_2,2026-02-27 05:00:00+00:00,48,0.27292515146030105,0.27292515146030105,False,False,0.3134483750359506,6.55,2.2,2026-02-25 19:00:00+00:00,34.0,2026-01-31 23:00:00,2026-02-01T01:00:00+05:00,d05b3cae0b8e890efb085c68704c9fb8d2cbf736bedd6d6ce81594bf3efad63a,gfs_seamless,False
turbine_2,2026-02-27 06:00:00+00:00,48,0.6019735424477841,0.6019735424477841,False,False,0.5334922575387123,8.49,1.0,2026-02-25 19:00:00+00:00,35.0,2026-01-31 23:00:00,2026-02-01T01:00:00+05:00,d05b3cae0b8e890efb085c68704c9fb8d2cbf736bedd6d6ce81594bf3efad63a,gfs_seamless,False
turbine_2,2026-02-27 07:00:00+00:00,48,0.8293999675371962,0.8293999675371962,False,False,0.8240326184092941,10.04,1.2,2026-02-25 19:00:00+00:00,36.0,2026-01-31 23:00:00,2026-02-01T01:00:00+05:00,d05b3cae0b8e890efb085c68704c9fb8d2cbf736bedd6d6ce81594bf3efad63a,gfs_seamless,False
turbine_2,2026-02-27 08:00:00+00:00,48,0.972021125375996,0.972021125375996,False,False,0.9518670076726343,11.74,1.2,2026-02-25 19:00:00+00:00,37.0,2026-01-31 23:00:00,2026-02-01T01:00:00+05:00,d05b3cae0b8e890efb085c68704c9fb8d2cbf736bedd6d6ce81594bf3efad63a,gfs_seamless,False
turbine_2,2026-02-27 09:00:00+00:00,48,0.9836663621337913,0.9836663621337913,False,False,0.9633299798792756,12.9,0.9,2026-02-25 19:00:00+00:00,38.0,2026-01-31 23:00:00,2026-02-01T01:00:00+05:00,d05b3cae0b8e890efb085c68704c9fb8d2cbf736bedd6d6ce81594bf3efad63a,gfs_seamless,False
turbine_2,2026-02-27 10:00:00+00:00,48,1.000037698239261,0.995,True,False,0.9598799435028249,13.76,0.4,2026-02-25 19:00:00+00:00,39.0,2026-01-31 23:00:00,2026-02-01T01:00:00+05:00,d05b3cae0b8e890efb085c68704c9fb8d2cbf736bedd6d6ce81594bf3efad63a,gfs_seamless,False
turbine_2,2026-02-27 11:00:00+00:00,48,0.8363482582360876,0.8363482582360876,False,False,0.962514880952381,14.53,-0.5,2026-02-25 19:00:00+00:00,40.0,2026-01-31 23:00:00,2026-02-01T01:00:00+05:00,d05b3cae0b8e890efb085c68704c9fb8d2cbf736bedd6d6ce81594bf3efad63a,gfs_seamless,False
turbine_2,2026-02-27 12:00:00+00:00,48,0.8700805972619368,0.8700805972619368,False,False,0.9603782505910166,14.14,-1.9,2026-02-25 19:00:00+00:00,41.0,2026-01-31 23:00:00,2026-02-01T01:00:00+05:00,d05b3cae0b8e890efb085c68704c9fb8d2cbf736bedd6d6ce81594bf3efad63a,gfs_seamless,False
turbine_2,2026-02-27 13:00:00+00:00,48,0.9132826031064762,0.9132826031064762,False,False,0.9603782505910166,14.17,-3.1,2026-02-25 19:00:00+00:00,42.0,2026-01-31 23:00:00,2026-02-01T01:00:00+05:00,d05b3cae0b8e890efb085c68704c9fb8d2cbf736bedd6d6ce81594bf3efad63a,gfs_seamless,False
turbine_2,2026-02-27 14:00:00+00:00,48,0.98686990274566,0.98686990274566,False,False,0.9598799435028249,13.78,-3.8,2026-02-25 19:00:00+00:00,43.0,2026-01-31 23:00:00,2026-02-01T01:00:00+05:00,d05b3cae0b8e890efb085c68704c9fb8d2cbf736bedd6d6ce81594bf3efad63a,gfs_seamless,False
turbine_2,2026-02-27 15:00:00+00:00,48,0.9835270060438462,0.9835270060438462,False,False,0.9598799435028249,13.5,-4.4,2026-02-25 19:00:00+00:00,44.0,2026-01-31 23:00:00,2026-02-01T01:00:00+05:00,d05b3cae0b8e890efb085c68704c9fb8d2cbf736bedd6d6ce81594bf3efad63a,gfs_seamless,False
turbine_2,2026-02-27 16:00:00+00:00,48,0.9871707023299467,0.9871707023299467,False,False,0.9700600600600602,13.37,-4.7,2026-02-25 19:00:00+00:00,45.0,2026-01-31 23:00:00,2026-02-01T01:00:00+05:00,d05b3cae0b8e890efb085c68704c9fb8d2cbf736bedd6d6ce81594bf3efad63a,gfs_seamless,False
turbine_2,2026-02-27 17:00:00+00:00,48,0.9871707023299467,0.9871707023299467,False,False,0.9700600600600602,13.35,-4.9,2026-02-25 19:00:00+00:00,46.0,2026-01-31 23:00:00,2026-02-01T01:00:00+05:00,d05b3cae0b8e890efb085c68704c9fb8d2cbf736bedd6d6ce81594bf3efad63a,gfs_seamless,False
turbine_2,2026-02-27 18:00:00+00:00,48,0.9748284455281382,0.9748284455281382,False,False,0.9633299798792756,12.54,-4.1,2026-02-25 19:00:00+00:00,47.0,2026-01-31 23:00:00,2026-02-01T01:00:00+05:00,d05b3cae0b8e890efb085c68704c9fb8d2cbf736bedd6d6ce81594bf3efad63a,gfs_seamless,False
turbine_2,2026-02-27 19:00:00+00:00,48,0.9907367490304734,0.9907367490304734,False,False,0.9700600600600602,13.08,-4.5,2026-02-25 19:00:00+00:00,48.0,2026-01-31 23:00:00,2026-02-01T01:00:00+05:00,d05b3cae0b8e890efb085c68704c9fb8d2cbf736bedd6d6ce81594bf3efad63a,gfs_seamless,False
turbine_1,2026-02-26 20:00:00+00:00,24,0.9720781923958349,0.9720781923958349,False,False,0.9583879781420764,12.12,2.2,2026-02-26 19:00:00+00:00,1.0,2026-01-31 23:00:00,2026-02-01T01:00:00+05:00,e46d74629bd710750db40d5e9d8f3eadbaa20ee486e416572c0d88f6ec77ad79,gfs_seamless,False
turbine_1,2026-02-26 21:00:00+00:00,24,0.8584375652316746,0.8584375652316746,False,False,0.8301109660574413,10.08,1.4,2026-02-26 19:00:00+00:00,2.0,2026-01-31 23:00:00,2026-02-01T01:00:00+05:00,e46d74629bd710750db40d5e9d8f3eadbaa20ee486e416572c0d88f6ec77ad79,gfs_seamless,False
turbine_1,2026-02-26 22:00:00+00:00,24,0.921802318851193,0.921802318851193,False,False,0.8937111928104575,10.62,0.9,2026-02-26 19:00:00+00:00,3.0,2026-01-31 23:00:00,2026-02-01T01:00:00+05:00,e46d74629bd710750db40d5e9d8f3eadbaa20ee486e416572c0d88f6ec77ad79,gfs_seamless,False
turbine_1,2026-02-26 23:00:00+00:00,24,0.8572247008410947,0.8572247008410947,False,False,0.8301109660574413,10.07,0.5,2026-02-26 19:00:00+00:00,4.0,2026-01-31 23:00:00,2026-02-01T01:00:00+05:00,e46d74629bd710750db40d5e9d8f3eadbaa20ee486e416572c0d88f6ec77ad79,gfs_seamless,False
turbine_1,2026-02-27 00:00:00+00:00,24,0.7284819746962089,0.7284819746962089,False,False,0.6955416051206302,9.22,1.3,2026-02-26 19:00:00+00:00,5.0,2026-01-31 23:00:00,2026-02-01T01:00:00+05:00,e46d74629bd710750db40d5e9d8f3eadbaa20ee486e416572c0d88f6ec77ad79,gfs_seamless,False
turbine_1,2026-02-27 01:00:00+00:00,24,0.6037501586010225,0.6037501586010225,False,False,0.5480688448074679,8.35,0.5,2026-02-26 19:00:00+00:00,6.0,2026-01-31 23:00:00,2026-02-01T01:00:00+05:00,e46d74629bd710750db40d5e9d8f3eadbaa20ee486e416572c0d88f6ec77ad79,gfs_seamless,False
turbine_1,2026-02-27 02:00:00+00:00,24,0.2763528958188522,0.2763528958188522,False,False,0.2560354184518709,6.49,0.4,2026-02-26 19:00:00+00:00,7.0,2026-01-31 23:00:00,2026-02-01T01:00:00+05:00,e46d74629bd710750db40d5e9d8f3eadbaa20ee486e416572c0d88f6ec77ad79,gfs_seamless,False
turbine_1,2026-02-27 03:00:00+00:00,24,0.20309890003465111,0.20309890003465111,False,False,0.2560354184518709,6.11,0.7,2026-02-26 19:00:00+00:00,8.0,2026-01-31 23:00:00,2026-02-01T01:00:00+05:00,e46d74629bd710750db40d5e9d8f3eadbaa20ee486e416572c0d88f6ec77ad79,gfs_seamless,False
turbine_1,2026-02-27 04:00:00+00:00,24,0.325610713232618,0.325610713232618,False,False,0.3244547053649956,6.69,1.1,2026-02-26 19:00:00+00:00,9.0,2026-01-31 23:00:00,2026-02-01T01:00:00+05:00,e46d74629bd710750db40d5e9d8f3eadbaa20ee486e416572c0d88f6ec77ad79,gfs_seamless,False
turbine_1,2026-02-27 05:00:00+00:00,24,0.36151317758535784,0.36151317758535784,False,False,0.3244547053649956,6.93,1.9,2026-02-26 19:00:00+00:00,10.0,2026-01-31 23:00:00,2026-02-01T01:00:00+05:00,e46d74629bd710750db40d5e9d8f3eadbaa20ee486e416572c0d88f6ec77ad79,gfs_seamless,False
turbine_1,2026-02-27 06:00:00+00:00,24,0.3730216070479567,0.3730216070479567,False,False,0.3981808278867102,7.01,2.9,2026-02-26 19:00:00+00:00,11.0,2026-01-31 23:00:00,2026-02-01T01:00:00+05:00,e46d74629bd710750db40d5e9d8f3eadbaa20ee486e416572c0d88f6ec77ad79,gfs_seamless,False
turbine_1,2026-02-27 07:00:00+00:00,24,0.5718915708308352,0.5718915708308352,False,False,0.5480688448074679,8.23,3.5,2026-02-26 19:00:00+00:00,12.0,2026-01-31 23:00:00,2026-02-01T01:00:00+05:00,e46d74629bd710750db40d5e9d8f3eadbaa20ee486e416572c0d88f6ec77ad79,gfs_seamless,False
turbine_1,2026-02-27 08:00:00+00:00,24,0.783733440718514,0.783733440718514,False,False,0.6955416051206302,9.49,4.1,2026-02-26 19:00:00+00:00,13.0,2026-01-31 23:00:00,2026-02-01T01:00:00+05:00,e46d74629bd710750db40d5e9d8f3eadbaa20ee486e416572c0d88f6ec77ad79,gfs_seamless,False
turbine_1,2026-02-27 09:00:00+00:00,24,0.9313670404431442,0.9313670404431442,False,False,0.8937111928104575,10.75,4.0,2026-02-26 19:00:00+00:00,14.0,2026-01-31 23:00:00,2026-02-01T01:00:00+05:00,e46d74629bd710750db40d5e9d8f3eadbaa20ee486e416572c0d88f6ec77ad79,gfs_seamless,False
turbine_1,2026-02-27 10:00:00+00:00,24,0.9660410666934123,0.9660410666934123,False,False,0.9603525641025641,11.91,3.2,2026-02-26 19:00:00+00:00,15.0,2026-01-31 23:00:00,2026-02-01T01:00:00+05:00,e46d74629bd710750db40d5e9d8f3eadbaa20ee486e416572c0d88f6ec77ad79,gfs_seamless,False
turbine_1,2026-02-27 11:00:00+00:00,24,0.978679638398719,0.978679638398719,False,False,0.9673371212121211,12.56,1.5,2026-02-26 19:00:00+00:00,16.0,2026-01-31 23:00:00,2026-02-01T01:00:00+05:00,e46d74629bd710750db40d5e9d8f3eadbaa20ee486e416572c0d88f6ec77ad79,gfs_seamless,False
turbine_1,2026-02-27 12:00:00+00:00,24,0.9945415389997913,0.9945415389997913,False,False,0.9761353467561521,13.2,0.9,2026-02-26 19:00:00+00:00,17.0,2026-01-31 23:00:00,2026-02-01T01:00:00+05:00,e46d74629bd710750db40d5e9d8f3eadbaa20ee486e416572c0d88f6ec77ad79,gfs_seamless,False
turbine_1,2026-02-27 13:00:00+00:00,24,0.9580051822487134,0.9580051822487134,False,False,0.9761353467561521,13.28,-0.0,2026-02-26 19:00:00+00:00,18.0,2026-01-31 23:00:00,2026-02-01T01:00:00+05:00,e46d74629bd710750db40d5e9d8f3eadbaa20ee486e416572c0d88f6ec77ad79,gfs_seamless,False
turbine_1,2026-02-27 14:00:00+00:00,24,0.9450185572893012,0.9450185572893012,False,False,0.9661001642036123,13.6,-0.9,2026-02-26 19:00:00+00:00,19.0,2026-01-31 23:00:00,2026-02-01T01:00:00+05:00,e46d74629bd710750db40d5e9d8f3eadbaa20ee486e416572c0d88f6ec77ad79,gfs_seamless,False
turbine_1,2026-02-27 15:00:00+00:00,24,0.9624797797447958,0.9624797797447958,False,False,0.9761353467561521,13.38,-1.7,2026-02-26 19:00:00+00:00,20.0,2026-01-31 23:00:00,2026-02-01T01:00:00+05:00,e46d74629bd710750db40d5e9d8f3eadbaa20ee486e416572c0d88f6ec77ad79,gfs_seamless,False
turbine_1,2026-02-27 16:00:00+00:00,24,0.9864174905172376,0.9864174905172376,False,False,0.9761353467561521,13.0,-2.3,2026-02-26 19:00:00+00:00,21.0,2026-01-31 23:00:00,2026-02-01T01:00:00+05:00,e46d74629bd710750db40d5e9d8f3eadbaa20ee486e416572c0d88f6ec77ad79,gfs_seamless,False
turbine_1,2026-02-27 17:00:00+00:00,24,0.9824672185348149,0.9824672185348149,False,False,0.9673371212121211,12.8,-3.0,2026-02-26 19:00:00+00:00,22.0,2026-01-31 23:00:00,2026-02-01T01:00:00+05:00,e46d74629bd710750db40d5e9d8f3eadbaa20ee486e416572c0d88f6ec77ad79,gfs_seamless,False
turbine_1,2026-02-27 18:00:00+00:00,24,0.9849693389046913,0.9849693389046913,False,False,0.9583879781420764,12.03,-3.1,2026-02-26 19:00:00+00:00,23.0,2026-01-31 23:00:00,2026-02-01T01:00:00+05:00,e46d74629bd710750db40d5e9d8f3eadbaa20ee486e416572c0d88f6ec77ad79,gfs_seamless,False
turbine_1,2026-02-27 19:00:00+00:00,24,0.9937347983874877,0.9937347983874877,False,False,0.9583879781420764,12.18,-3.2,2026-02-26 19:00:00+00:00,24.0,2026-01-31 23:00:00,2026-02-01T01:00:00+05:00,e46d74629bd710750db40d5e9d8f3eadbaa20ee486e416572c0d88f6ec77ad79,gfs_seamless,False
turbine_1,2026-02-27 20:00:00+00:00,48,0.9916313240848428,0.9916313240848428,False,False,0.9761353467561521,13.47,-4.8,2026-02-26 19:00:00+00:00,25.0,2026-01-31 23:00:00,2026-02-01T01:00:00+05:00,e46d74629bd710750db40d5e9d8f3eadbaa20ee486e416572c0d88f6ec77ad79,gfs_seamless,False
turbine_1,2026-02-27 21:00:00+00:00,48,0.9911626216413645,0.9911626216413645,False,False,0.9661001642036123,13.57,-5.1,2026-02-26 19:00:00+00:00,26.0,2026-01-31 23:00:00,2026-02-01T01:00:00+05:00,e46d74629bd710750db40d5e9d8f3eadbaa20ee486e416572c0d88f6ec77ad79,gfs_seamless,False
turbine_1,2026-02-27 22:00:00+00:00,48,0.9820521360025573,0.9820521360025573,False,False,0.9761353467561521,13.15,-5.1,2026-02-26 19:00:00+00:00,27.0,2026-01-31 23:00:00,2026-02-01T01:00:00+05:00,e46d74629bd710750db40d5e9d8f3eadbaa20ee486e416572c0d88f6ec77ad79,gfs_seamless,False
turbine_1,2026-02-27 23:00:00+00:00,48,0.9808918121432225,0.9808918121432225,False,False,0.9761353467561521,13.13,-5.4,2026-02-26 19:00:00+00:00,28.0,2026-01-31 23:00:00,2026-02-01T01:00:00+05:00,e46d74629bd710750db40d5e9d8f3eadbaa20ee486e416572c0d88f6ec77ad79,gfs_seamless,False
turbine_1,2026-02-28 00:00:00+00:00,48,0.9885541479268241,0.9885541479268241,False,False,0.9761353467561521,13.26,-5.5,2026-02-26 19:00:00+00:00,29.0,2026-01-31 23:00:00,2026-02-01T01:00:00+05:00,e46d74629bd710750db40d5e9d8f3eadbaa20ee486e416572c0d88f6ec77ad79,gfs_seamless,False
turbine_1,2026-02-28 01:00:00+00:00,48,0.9998019512990143,0.9983333333333334,True,False,0.9673371212121211,12.59,-5.7,2026-02-26 19:00:00+00:00,30.0,2026-01-31 23:00:00,2026-02-01T01:00:00+05:00,e46d74629bd710750db40d5e9d8f3eadbaa20ee486e416572c0d88f6ec77ad79,gfs_seamless,False
turbine_1,2026-02-28 02:00:00+00:00,48,0.9845022075179616,0.9845022075179616,False,False,0.9603525641025641,11.92,-5.8,2026-02-26 19:00:00+00:00,31.0,2026-01-31 23:00:00,2026-02-01T01:00:00+05:00,e46d74629bd710750db40d5e9d8f3eadbaa20ee486e416572c0d88f6ec77ad79,gfs_seamless,False
turbine_1,2026-02-28 03:00:00+00:00,48,0.9781433256478342,0.9781433256478342,False,False,0.9381677419354839,11.46,-5.5,2026-02-26 19:00:00+00:00,32.0,2026-01-31 23:00:00,2026-02-01T01:00:00+05:00,e46d74629bd710750db40d5e9d8f3eadbaa20ee486e416572c0d88f6ec77ad79,gfs_seamless,False
turbine_1,2026-02-28 04:00:00+00:00,48,0.885020289054903,0.885020289054903,False,False,0.8937111928104575,10.63,-5.0,2026-02-26 19:00:00+00:00,33.0,2026-01-31 23:00:00,2026-02-01T01:00:00+05:00,e46d74629bd710750db40d5e9d8f3eadbaa20ee486e416572c0d88f6ec77ad79,gfs_seamless,False
turbine_1,2026-02-28 05:00:00+00:00,48,0.8650094478510874,0.8650094478510874,False,False,0.8301109660574413,10.41,-4.4,2026-02-26 19:00:00+00:00,34.0,2026-01-31 23:00:00,2026-02-01T01:00:00+05:00,e46d74629bd710750db40d5e9d8f3eadbaa20ee486e416572c0d88f6ec77ad79,gfs_seamless,False
turbine_1,2026-02-28 06:00:00+00:00,48,0.9749577110793792,0.9749577110793792,False,False,0.9381677419354839,11.29,-3.2,2026-02-26 19:00:00+00:00,35.0,2026-01-31 23:00:00,2026-02-01T01:00:00+05:00,e46d74629bd710750db40d5e9d8f3eadbaa20ee486e416572c0d88f6ec77ad79,gfs_seamless,False
turbine_1,2026-02-28 07:00:00+00:00,48,0.9724957839087012,0.9724957839087012,False,False,0.9381677419354839,11.26,-2.5,2026-02-26 19:00:00+00:00,36.0,2026-01-31 23:00:00,2026-02-01T01:00:00+05:00,e46d74629bd710750db40d5e9d8f3eadbaa20ee486e416572c0d88f6ec77ad79,gfs_seamless,False
turbine_1,2026-02-28 08:00:00+00:00,48,0.9812105182866385,0.9812105182866385,False,False,0.9603525641025641,11.58,-2.0,2026-02-26 19:00:00+00:00,37.0,2026-01-31 23:00:00,2026-02-01T01:00:00+05:00,e46d74629bd710750db40d5e9d8f3eadbaa20ee486e416572c0d88f6ec77ad79,gfs_seamless,False
turbine_1,2026-02-28 09:00:00+00:00,48,0.9827573920765257,0.9827573920765257,False,False,0.9603525641025641,11.83,-2.0,2026-02-26 19:00:00+00:00,38.0,2026-01-31 23:00:00,2026-02-01T01:00:00+05:00,e46d74629bd710750db40d5e9d8f3eadbaa20ee486e416572c0d88f6ec77ad79,gfs_seamless,False
turbine_1,2026-02-28 10:00:00+00:00,48,0.9812105182866385,0.9812105182866385,False,False,0.9603525641025641,11.8,-2.0,2026-02-26 19:00:00+00:00,39.0,2026-01-31 23:00:00,2026-02-01T01:00:00+05:00,e46d74629bd710750db40d5e9d8f3eadbaa20ee486e416572c0d88f6ec77ad79,gfs_seamless,False
turbine_1,2026-02-28 11:00:00+00:00,48,0.9783902081797287,0.9783902081797287,False,False,0.9381677419354839,11.39,-2.3,2026-02-26 19:00:00+00:00,40.0,2026-01-31 23:00:00,2026-02-01T01:00:00+05:00,e46d74629bd710750db40d5e9d8f3eadbaa20ee486e416572c0d88f6ec77ad79,gfs_seamless,False
turbine_1,2026-02-28 12:00:00+00:00,48,0.9733121197553982,0.9733121197553982,False,False,0.9381677419354839,11.11,-3.3,2026-02-26 19:00:00+00:00,41.0,2026-01-31 23:00:00,2026-02-01T01:00:00+05:00,e46d74629bd710750db40d5e9d8f3eadbaa20ee486e416572c0d88f6ec77ad79,gfs_seamless,False
turbine_1,2026-02-28 13:00:00+00:00,48,0.8842198773090344,0.8842198773090344,False,False,0.8301109660574413,10.47,-4.2,2026-02-26 19:00:00+00:00,42.0,2026-01-31 23:00:00,2026-02-01T01:00:00+05:00,e46d74629bd710750db40d5e9d8f3eadbaa20ee486e416572c0d88f6ec77ad79,gfs_seamless,False
turbine_1,2026-02-28 14:00:00+00:00,48,0.7893046862666927,0.7893046862666927,False,False,0.7651013024602026,9.53,-4.3,2026-02-26 19:00:00+00:00,43.0,2026-01-31 23:00:00,2026-02-01T01:00:00+05:00,e46d74629bd710750db40d5e9d8f3eadbaa20ee486e416572c0d88f6ec77ad79,gfs_seamless,False
turbine_1,2026-02-28 15:00:00+00:00,48,0.6082729751499745,0.6082729751499745,False,False,0.5480688448074679,8.45,-4.7,2026-02-26 19:00:00+00:00,44.0,2026-01-31 23:00:00,2026-02-01T01:00:00+05:00,e46d74629bd710750db40d5e9d8f3eadbaa20ee486e416572c0d88f6ec77ad79,gfs_seamless,False
turbine_1,2026-02-28 16:00:00+00:00,48,0.4760172131391863,0.4760172131391863,False,False,0.47519897772909825,7.84,-4.9,2026-02-26 19:00:00+00:00,45.0,2026-01-31 23:00:00,2026-02-01T01:00:00+05:00,e46d74629bd710750db40d5e9d8f3eadbaa20ee486e416572c0d88f6ec77ad79,gfs_seamless,False
turbine_1,2026-02-28 17:00:00+00:00,48,0.2972276712875648,0.2972276712875648,False,False,0.3981808278867102,7.0,-5.1,2026-02-26 19:00:00+00:00,46.0,2026-01-31 23:00:00,2026-02-01T01:00:00+05:00,e46d74629bd710750db40d5e9d8f3eadbaa20ee486e416572c0d88f6ec77ad79,gfs_seamless,False
turbine_1,2026-02-28 18:00:00+00:00,48,0.5972668340336483,0.5972668340336483,False,False,0.6267624521072798,8.51,-5.3,2026-02-26 19:00:00+00:00,47.0,2026-01-31 23:00:00,2026-02-01T01:00:00+05:00,e46d74629bd710750db40d5e9d8f3eadbaa20ee486e416572c0d88f6ec77ad79,gfs_seamless,False
turbine_1,2026-02-28 19:00:00+00:00,48,0.5499373705707986,0.5499373705707986,False,False,0.5480688448074679,8.29,-5.4,2026-02-26 19:00:00+00:00,48.0,2026-01-31 23:00:00,2026-02-01T01:00:00+05:00,e46d74629bd710750db40d5e9d8f3eadbaa20ee486e416572c0d88f6ec77ad79,gfs_seamless,False
turbine_2,2026-02-26 20:00:00+00:00,24,0.9276164920668479,0.9276164920668479,False,False,0.9574121315192744,12.12,2.2,2026-02-26 19:00:00+00:00,1.0,2026-01-31 23:00:00,2026-02-01T01:00:00+05:00,d05b3cae0b8e890efb085c68704c9fb8d2cbf736bedd6d6ce81594bf3efad63a,gfs_seamless,False
turbine_2,2026-02-26 21:00:00+00:00,24,0.8292058165277407,0.8292058165277407,False,False,0.8240326184092941,10.08,1.4,2026-02-26 19:00:00+00:00,2.0,2026-01-31 23:00:00,2026-02-01T01:00:00+05:00,d05b3cae0b8e890efb085c68704c9fb8d2cbf736bedd6d6ce81594bf3efad63a,gfs_seamless,False
turbine_2,2026-02-26 22:00:00+00:00,24,0.901032986631572,0.901032986631572,False,False,0.8845606610237807,10.62,0.9,2026-02-26 19:00:00+00:00,3.0,2026-01-31 23:00:00,2026-02-01T01:00:00+05:00,d05b3cae0b8e890efb085c68704c9fb8d2cbf736bedd6d6ce81594bf3efad63a,gfs_seamless,False
turbine_2,2026-02-26 23:00:00+00:00,24,0.8437119137283795,0.8437119137283795,False,False,0.8240326184092941,10.07,0.5,2026-02-26 19:00:00+00:00,4.0,2026-01-31 23:00:00,2026-02-01T01:00:00+05:00,d05b3cae0b8e890efb085c68704c9fb8d2cbf736bedd6d6ce81594bf3efad63a,gfs_seamless,False
turbine_2,2026-02-27 00:00:00+00:00,24,0.6878531803207539,0.6878531803207539,False,False,0.6742543244506779,9.22,1.3,2026-02-26 19:00:00+00:00,5.0,2026-01-31 23:00:00,2026-02-01T01:00:00+05:00,d05b3cae0b8e890efb085c68704c9fb8d2cbf736bedd6d6ce81594bf3efad63a,gfs_seamless,False
turbine_2,2026-02-27 01:00:00+00:00,24,0.5658997773091865,0.5658997773091865,False,False,0.5334922575387123,8.35,0.5,2026-02-26 19:00:00+00:00,6.0,2026-01-31 23:00:00,2026-02-01T01:00:00+05:00,d05b3cae0b8e890efb085c68704c9fb8d2cbf736bedd6d6ce81594bf3efad63a,gfs_seamless,False
turbine_2,2026-02-27 02:00:00+00:00,24,0.24824667013490262,0.24824667013490262,False,False,0.24514071038251364,6.49,0.4,2026-02-26 19:00:00+00:00,7.0,2026-01-31 23:00:00,2026-02-01T01:00:00+05:00,d05b3cae0b8e890efb085c68704c9fb8d2cbf736bedd6d6ce81594bf3efad63a,gfs_seamless,False
turbine_2,2026-02-27 03:00:00+00:00,24,0.19727272639035406,0.19727272639035406,False,False,0.24514071038251364,6.11,0.7,2026-02-26 19:00:00+00:00,8.0,2026-01-31 23:00:00,2026-02-01T01:00:00+05:00,d05b3cae0b8e890efb085c68704c9fb8d2cbf736bedd6d6ce81594bf3efad63a,gfs_seamless,False
turbine_2,2026-02-27 04:00:00+00:00,24,0.28918561631375816,0.28918561631375816,False,False,0.3134483750359506,6.69,1.1,2026-02-26 19:00:00+00:00,9.0,2026-01-31 23:00:00,2026-02-01T01:00:00+05:00,d05b3cae0b8e890efb085c68704c9fb8d2cbf736bedd6d6ce81594bf3efad63a,gfs_seamless,False
turbine_2,2026-02-27 05:00:00+00:00,24,0.33899305712795,0.33899305712795,False,False,0.3134483750359506,6.93,1.9,2026-02-26 19:00:00+00:00,10.0,2026-01-31 23:00:00,2026-02-01T01:00:00+05:00,d05b3cae0b8e890efb085c68704c9fb8d2cbf736bedd6d6ce81594bf3efad63a,gfs_seamless,False
turbine_2,2026-02-27 06:00:00+00:00,24,0.3491069032566302,0.3491069032566302,False,False,0.3872421383647799,7.01,2.9,2026-02-26 19:00:00+00:00,11.0,2026-01-31 23:00:00,2026-02-01T01:00:00+05:00,d05b3cae0b8e890efb085c68704c9fb8d2cbf736bedd6d6ce81594bf3efad63a,gfs_seamless,False
turbine_2,2026-02-27 07:00:00+00:00,24,0.537460441778916,0.537460441778916,False,False,0.5334922575387123,8.23,3.5,2026-02-26 19:00:00+00:00,12.0,2026-01-31 23:00:00,2026-02-01T01:00:00+05:00,d05b3cae0b8e890efb085c68704c9fb8d2cbf736bedd6d6ce81594bf3efad63a,gfs_seamless,False
turbine_2,2026-02-27 08:00:00+00:00,24,0.74589566271497,0.74589566271497,False,False,0.6742543244506779,9.49,4.1,2026-02-26 19:00:00+00:00,13.0,2026-01-31 23:00:00,2026-02-01T01:00:00+05:00,d05b3cae0b8e890efb085c68704c9fb8d2cbf736bedd6d6ce81594bf3efad63a,gfs_seamless,False
turbine_2,2026-02-27 09:00:00+00:00,24,0.9262474194784518,0.9262474194784518,False,False,0.8845606610237807,10.75,4.0,2026-02-26 19:00:00+00:00,14.0,2026-01-31 23:00:00,2026-02-01T01:00:00+05:00,d05b3cae0b8e890efb085c68704c9fb8d2cbf736bedd6d6ce81594bf3efad63a,gfs_seamless,False
turbine_2,2026-02-27 10:00:00+00:00,24,0.9686228627731313,0.9686228627731313,False,False,0.9518670076726343,11.91,3.2,2026-02-26 19:00:00+00:00,15.0,2026-01-31 23:00:00,2026-02-01T01:00:00+05:00,d05b3cae0b8e890efb085c68704c9fb8d2cbf736bedd6d6ce81594bf3efad63a,gfs_seamless,False
turbine_2,2026-02-27 11:00:00+00:00,24,0.9760792633185975,0.9760792633185975,False,False,0.9633299798792756,12.56,1.5,2026-02-26 19:00:00+00:00,16.0,2026-01-31 23:00:00,2026-02-01T01:00:00+05:00,d05b3cae0b8e890efb085c68704c9fb8d2cbf736bedd6d6ce81594bf3efad63a,gfs_seamless,False
turbine_2,2026-02-27 12:00:00+00:00,24,0.9815841692086983,0.9815841692086983,False,False,0.9700600600600602,13.2,0.9,2026-02-26 19:00:00+00:00,17.0,2026-01-31 23:00:00,2026-02-01T01:00:00+05:00,d05b3cae0b8e890efb085c68704c9fb8d2cbf736bedd6d6ce81594bf3efad63a,gfs_seamless,False
turbine_2,2026-02-27 13:00:00+00:00,24,0.9800259527484771,0.9800259527484771,False,False,0.9700600600600602,13.28,-0.0,2026-02-26 19:00:00+00:00,18.0,2026-01-31 23:00:00,2026-02-01T01:00:00+05:00,d05b3cae0b8e890efb085c68704c9fb8d2cbf736bedd6d6ce81594bf3efad63a,gfs_seamless,False
turbine_2,2026-02-27 14:00:00+00:00,24,0.9413037586915189,0.9413037586915189,False,False,0.9598799435028249,13.6,-0.9,2026-02-26 19:00:00+00:00,19.0,2026-01-31 23:00:00,2026-02-01T01:00:00+05:00,d05b3cae0b8e890efb085c68704c9fb8d2cbf736bedd6d6ce81594bf3efad63a,gfs_seamless,False
turbine_2,2026-02-27 15:00:00+00:00,24,0.9663548360131854,0.9663548360131854,False,False,0.9700600600600602,13.38,-1.7,2026-02-26 19:00:00+00:00,20.0,2026-01-31 23:00:00,2026-02-01T01:00:00+05:00,d05b3cae0b8e890efb085c68704c9fb8d2cbf736bedd6d6ce81594bf3efad63a,gfs_seamless,False
turbine_2,2026-02-27 16:00:00+00:00,24,0.9788706122336926,0.9788706122336926,False,False,0.9700600600600602,13.0,-2.3,2026-02-26 19:00:00+00:00,21.0,2026-01-31 23:00:00,2026-02-01T01:00:00+05:00,d05b3cae0b8e890efb085c68704c9fb8d2cbf736bedd6d6ce81594bf3efad63a,gfs_seamless,False
turbine_2,2026-02-27 17:00:00+00:00,24,0.9855310850698633,0.9855310850698633,False,False,0.9633299798792756,12.8,-3.0,2026-02-26 19:00:00+00:00,22.0,2026-01-31 23:00:00,2026-02-01T01:00:00+05:00,d05b3cae0b8e890efb085c68704c9fb8d2cbf736bedd6d6ce81594bf3efad63a,gfs_seamless,False
turbine_2,2026-02-27 18:00:00+00:00,24,0.9753665302379915,0.9753665302379915,False,False,0.9574121315192744,12.03,-3.1,2026-02-26 19:00:00+00:00,23.0,2026-01-31 23:00:00,2026-02-01T01:00:00+05:00,d05b3cae0b8e890efb085c68704c9fb8d2cbf736bedd6d6ce81594bf3efad63a,gfs_seamless,False
turbine_2,2026-02-27 19:00:00+00:00,24,0.9357542715489092,0.9357542715489092,False,False,0.9574121315192744,12.18,-3.2,2026-02-26 19:00:00+00:00,24.0,2026-01-31 23:00:00,2026-02-01T01:00:00+05:00,d05b3cae0b8e890efb085c68704c9fb8d2cbf736bedd6d6ce81594bf3efad63a,gfs_seamless,False
turbine_2,2026-02-27 20:00:00+00:00,48,0.9825847846301606,0.9825847846301606,False,False,0.9700600600600602,13.47,-4.8,2026-02-26 19:00:00+00:00,25.0,2026-01-31 23:00:00,2026-02-01T01:00:00+05:00,d05b3cae0b8e890efb085c68704c9fb8d2cbf736bedd6d6ce81594bf3efad63a,gfs_seamless,False
turbine_2,2026-02-27 21:00:00+00:00,48,0.9805299210586638,0.9805299210586638,False,False,0.9598799435028249,13.57,-5.1,2026-02-26 19:00:00+00:00,26.0,2026-01-31 23:00:00,2026-02-01T01:00:00+05:00,d05b3cae0b8e890efb085c68704c9fb8d2cbf736bedd6d6ce81594bf3efad63a,gfs_seamless,False
turbine_2,2026-02-27 22:00:00+00:00,48,0.989991241003412,0.989991241003412,False,False,0.9700600600600602,13.15,-5.1,2026-02-26 19:00:00+00:00,27.0,2026-01-31 23:00:00,2026-02-01T01:00:00+05:00,d05b3cae0b8e890efb085c68704c9fb8d2cbf736bedd6d6ce81594bf3efad63a,gfs_seamless,False
turbine_2,2026-02-27 23:00:00+00:00,48,0.9940592727578508,0.9940592727578508,False,False,0.9700600600600602,13.13,-5.4,2026-02-26 19:00:00+00:00,28.0,2026-01-31 23:00:00,2026-02-01T01:00:00+05:00,d05b3cae0b8e890efb085c68704c9fb8d2cbf736bedd6d6ce81594bf3efad63a,gfs_seamless,False
turbine_2,2026-02-28 00:00:00+00:00,48,0.9879531793781143,0.9879531793781143,False,False,0.9700600600600602,13.26,-5.5,2026-02-26 19:00:00+00:00,29.0,2026-01-31 23:00:00,2026-02-01T01:00:00+05:00,d05b3cae0b8e890efb085c68704c9fb8d2cbf736bedd6d6ce81594bf3efad63a,gfs_seamless,False
turbine_2,2026-02-28 01:00:00+00:00,48,0.977432892881819,0.977432892881819,False,False,0.9633299798792756,12.59,-5.7,2026-02-26 19:00:00+00:00,30.0,2026-01-31 23:00:00,2026-02-01T01:00:00+05:00,d05b3cae0b8e890efb085c68704c9fb8d2cbf736bedd6d6ce81594bf3efad63a,gfs_seamless,False
turbine_2,2026-02-28 02:00:00+00:00,48,0.9668952614487629,0.9668952614487629,False,False,0.9518670076726343,11.92,-5.8,2026-02-26 19:00:00+00:00,31.0,2026-01-31 23:00:00,2026-02-01T01:00:00+05:00,d05b3cae0b8e890efb085c68704c9fb8d2cbf736bedd6d6ce81594bf3efad63a,gfs_seamless,False
turbine_2,2026-02-28 03:00:00+00:00,48,0.9452608877979195,0.9452608877979195,False,False,0.9257415902140673,11.46,-5.5,2026-02-26 19:00:00+00:00,32.0,2026-01-31 23:00:00,2026-02-01T01:00:00+05:00,d05b3cae0b8e890efb085c68704c9fb8d2cbf736bedd6d6ce81594bf3efad63a,gfs_seamless,False
turbine_2,2026-02-28 04:00:00+00:00,48,0.8373344192737855,0.8373344192737855,False,False,0.8845606610237807,10.63,-5.0,2026-02-26 19:00:00+00:00,33.0,2026-01-31 23:00:00,2026-02-01T01:00:00+05:00,d05b3cae0b8e890efb085c68704c9fb8d2cbf736bedd6d6ce81594bf3efad63a,gfs_seamless,False
turbine_2,2026-02-28 05:00:00+00:00,48,0.886963358944136,0.886963358944136,False,False,0.8240326184092941,10.41,-4.4,2026-02-26 19:00:00+00:00,34.0,2026-01-31 23:00:00,2026-02-01T01:00:00+05:00,d05b3cae0b8e890efb085c68704c9fb8d2cbf736bedd6d6ce81594bf3efad63a,gfs_seamless,False
turbine_2,2026-02-28 06:00:00+00:00,48,0.9657474498918124,0.9657474498918124,False,False,0.9257415902140673,11.29,-3.2,2026-02-26 19:00:00+00:00,35.0,2026-01-31 23:00:00,2026-02-01T01:00:00+05:00,d05b3cae0b8e890efb085c68704c9fb8d2cbf736bedd6d6ce81594bf3efad63a,gfs_seamless,False
turbine_2,2026-02-28 07:00:00+00:00,48,0.9530612180804603,0.9530612180804603,False,False,0.9257415902140673,11.26,-2.5,2026-02-26 19:00:00+00:00,36.0,2026-01-31 23:00:00,2026-02-01T01:00:00+05:00,d05b3cae0b8e890efb085c68704c9fb8d2cbf736bedd6d6ce81594bf3efad63a,gfs_seamless,False
turbine_2,2026-02-28 08:00:00+00:00,48,0.9390021184755859,0.9390021184755859,False,False,0.9518670076726343,11.58,-2.0,2026-02-26 19:00:00+00:00,37.0,2026-01-31 23:00:00,2026-02-01T01:00:00+05:00,d05b3cae0b8e890efb085c68704c9fb8d2cbf736bedd6d6ce81594bf3efad63a,gfs_seamless,False
turbine_2,2026-02-28 09:00:00+00:00,48,0.9703374327685631,0.9703374327685631,False,False,0.9518670076726343,11.83,-2.0,2026-02-26 19:00:00+00:00,38.0,2026-01-31 23:00:00,2026-02-01T01:00:00+05:00,d05b3cae0b8e890efb085c68704c9fb8d2cbf736bedd6d6ce81594bf3efad63a,gfs_seamless,False
turbine_2,2026-02-28 10:00:00+00:00,48,0.9703374327685631,0.9703374327685631,False,False,0.9518670076726343,11.8,-2.0,2026-02-26 19:00:00+00:00,39.0,2026-01-31 23:00:00,2026-02-01T01:00:00+05:00,d05b3cae0b8e890efb085c68704c9fb8d2cbf736bedd6d6ce81594bf3efad63a,gfs_seamless,False
turbine_2,2026-02-28 11:00:00+00:00,48,0.9445375344227741,0.9445375344227741,False,False,0.9257415902140673,11.39,-2.3,2026-02-26 19:00:00+00:00,40.0,2026-01-31 23:00:00,2026-02-01T01:00:00+05:00,d05b3cae0b8e890efb085c68704c9fb8d2cbf736bedd6d6ce81594bf3efad63a,gfs_seamless,False
turbine_2,2026-02-28 12:00:00+00:00,48,0.9223936000613048,0.9223936000613048,False,False,0.9257415902140673,11.11,-3.3,2026-02-26 19:00:00+00:00,41.0,2026-01-31 23:00:00,2026-02-01T01:00:00+05:00,d05b3cae0b8e890efb085c68704c9fb8d2cbf736bedd6d6ce81594bf3efad63a,gfs_seamless,False
turbine_2,2026-02-28 13:00:00+00:00,48,0.8884878588919092,0.8884878588919092,False,False,0.8240326184092941,10.47,-4.2,2026-02-26 19:00:00+00:00,42.0,2026-01-31 23:00:00,2026-02-01T01:00:00+05:00,d05b3cae0b8e890efb085c68704c9fb8d2cbf736bedd6d6ce81594bf3efad63a,gfs_seamless,False
turbine_2,2026-02-28 14:00:00+00:00,48,0.7298093452123945,0.7298093452123945,False,False,0.7536449275362319,9.53,-4.3,2026-02-26 19:00:00+00:00,43.0,2026-01-31 23:00:00,2026-02-01T01:00:00+05:00,d05b3cae0b8e890efb085c68704c9fb8d2cbf736bedd6d6ce81594bf3efad63a,gfs_seamless,False
turbine_2,2026-02-28 15:00:00+00:00,48,0.562967855491418,0.562967855491418,False,False,0.5334922575387123,8.45,-4.7,2026-02-26 19:00:00+00:00,44.0,2026-01-31 23:00:00,2026-02-01T01:00:00+05:00,d05b3cae0b8e890efb085c68704c9fb8d2cbf736bedd6d6ce81594bf3efad63a,gfs_seamless,False
turbine_2,2026-02-28 16:00:00+00:00,48,0.4530644426961158,0.4530644426961158,False,False,0.45997253690353584,7.84,-4.9,2026-02-26 19:00:00+00:00,45.0,2026-01-31 23:00:00,2026-02-01T01:00:00+05:00,d05b3cae0b8e890efb085c68704c9fb8d2cbf736bedd6d6ce81594bf3efad63a,gfs_seamless,False
turbine_2,2026-02-28 17:00:00+00:00,48,0.3101606376031292,0.3101606376031292,False,False,0.3872421383647799,7.0,-5.1,2026-02-26 19:00:00+00:00,46.0,2026-01-31 23:00:00,2026-02-01T01:00:00+05:00,d05b3cae0b8e890efb085c68704c9fb8d2cbf736bedd6d6ce81594bf3efad63a,gfs_seamless,False
turbine_2,2026-02-28 18:00:00+00:00,48,0.5717641664152603,0.5717641664152603,False,False,0.6162610815602837,8.51,-5.3,2026-02-26 19:00:00+00:00,47.0,2026-01-31 23:00:00,2026-02-01T01:00:00+05:00,d05b3cae0b8e890efb085c68704c9fb8d2cbf736bedd6d6ce81594bf3efad63a,gfs_seamless,False
turbine_2,2026-02-28 19:00:00+00:00,48,0.526643002025124,0.526643002025124,False,False,0.5334922575387123,8.29,-5.4,2026-02-26 19:00:00+00:00,48.0,2026-01-31 23:00:00,2026-02-01T01:00:00+05:00,d05b3cae0b8e890efb085c68704c9fb8d2cbf736bedd6d6ce81594bf3efad63a,gfs_seamless,False
turbine_1,2026-02-27 20:00:00+00:00,24,1.0028591740496542,0.9983333333333334,True,False,0.9673371212121211,12.59,-3.5,2026-02-27 19:00:00+00:00,1.0,2026-01-31 23:00:00,2026-02-01T01:00:00+05:00,e46d74629bd710750db40d5e9d8f3eadbaa20ee486e416572c0d88f6ec77ad79,gfs_seamless,False
turbine_1,2026-02-27 21:00:00+00:00,24,0.9817317368556017,0.9817317368556017,False,False,0.9761353467561521,13.09,-4.1,2026-02-27 19:00:00+00:00,2.0,2026-01-31 23:00:00,2026-02-01T01:00:00+05:00,e46d74629bd710750db40d5e9d8f3eadbaa20ee486e416572c0d88f6ec77ad79,gfs_seamless,False
turbine_1,2026-02-27 22:00:00+00:00,24,0.9896594163389867,0.9896594163389867,False,False,0.9673371212121211,12.91,-4.1,2026-02-27 19:00:00+00:00,3.0,2026-01-31 23:00:00,2026-02-01T01:00:00+05:00,e46d74629bd710750db40d5e9d8f3eadbaa20ee486e416572c0d88f6ec77ad79,gfs_seamless,False
turbine_1,2026-02-27 23:00:00+00:00,24,0.9817317368556017,0.9817317368556017,False,False,0.9761353467561521,13.13,-4.4,2026-02-27 19:00:00+00:00,4.0,2026-01-31 23:00:00,2026-02-01T01:00:00+05:00,e46d74629bd710750db40d5e9d8f3eadbaa20ee486e416572c0d88f6ec77ad79,gfs_seamless,False
turbine_1,2026-02-28 00:00:00+00:00,24,0.9896594163389867,0.9896594163389867,False,False,0.9673371212121211,12.82,-4.7,2026-02-27 19:00:00+00:00,5.0,2026-01-31 23:00:00,2026-02-01T01:00:00+05:00,e46d74629bd710750db40d5e9d8f3eadbaa20ee486e416572c0d88f6ec77ad79,gfs_seamless,False
turbine_1,2026-02-28 01:00:00+00:00,24,0.98279136438248,0.98279136438248,False,False,0.9603525641025641,11.76,-4.6,2026-02-27 19:00:00+00:00,6.0,2026-01-31 23:00:00,2026-02-01T01:00:00+05:00,e46d74629bd710750db40d5e9d8f3eadbaa20ee486e416572c0d88f6ec77ad79,gfs_seamless,False
turbine_1,2026-02-28 02:00:00+00:00,24,0.9919517908454829,0.9919517908454829,False,False,0.9673371212121211,12.82,-5.0,2026-02-27 19:00:00+00:00,7.0,2026-01-31 23:00:00,2026-02-01T01:00:00+05:00,e46d74629bd710750db40d5e9d8f3eadbaa20ee486e416572c0d88f6ec77ad79,gfs_seamless,False
turbine_1,2026-02-28 03:00:00+00:00,24,0.9475241118625192,0.9475241118625192,False,False,0.9672885572139301,14.23,-5.1,2026-02-27 19:00:00+00:00,8.0,2026-01-31 23:00:00,2026-02-01T01:00:00+05:00,e46d74629bd710750db40d5e9d8f3eadbaa20ee486e416572c0d88f6ec77ad79,gfs_seamless,False
turbine_1,2026-02-28 04:00:00+00:00,24,0.9912053985605598,0.9912053985605598,False,False,0.9618518518518518,14.74,-5.1,2026-02-27 19:00:00+00:00,9.0,2026-01-31 23:00:00,2026-02-01T01:00:00+05:00,e46d74629bd710750db40d5e9d8f3eadbaa20ee486e416572c0d88f6ec77ad79,gfs_seamless,False
turbine_1,2026-02-28 05:00:00+00:00,24,0.9467835791510445,0.9467835791510445,False,False,0.9672885572139301,14.07,-4.6,2026-02-27 19:00:00+00:00,10.0,2026-01-31 23:00:00,2026-02-01T01:00:00+05:00,e46d74629bd710750db40d5e9d8f3eadbaa20ee486e416572c0d88f6ec77ad79,gfs_seamless,False
turbine_1,2026-02-28 06:00:00+00:00,24,0.9508000696313301,0.9508000696313301,False,False,0.9672885572139301,14.05,-3.3,2026-02-27 19:00:00+00:00,11.0,2026-01-31 23:00:00,2026-02-01T01:00:00+05:00,e46d74629bd710750db40d5e9d8f3eadbaa20ee486e416572c0d88f6ec77ad79,gfs_seamless,False
turbine_1,2026-02-28 07:00:00+00:00,24,0.9433727614924393,0.9433727614924393,False,False,0.9672885572139301,14.14,-2.8,2026-02-27 19:00:00+00:00,12.0,2026-01-31 23:00:00,2026-02-01T01:00:00+05:00,e46d74629bd710750db40d5e9d8f3eadbaa20ee486e416572c0d88f6ec77ad79,gfs_seamless,False
turbine_1,2026-02-28 08:00:00+00:00,24,0.9943384218993047,0.9943384218993047,False,False,0.9650781249999999,15.03,-2.7,2026-02-27 19:00:00+00:00,13.0,2026-01-31 23:00:00,2026-02-01T01:00:00+05:00,e46d74629bd710750db40d5e9d8f3eadbaa20ee486e416572c0d88f6ec77ad79,gfs_seamless,False
turbine_1,2026-02-28 09:00:00+00:00,24,0.9946831132812424,0.9946831132812424,False,False,0.9618518518518518,14.78,-3.1,2026-02-27 19:00:00+00:00,14.0,2026-01-31 23:00:00,2026-02-01T01:00:00+05:00,e46d74629bd710750db40d5e9d8f3eadbaa20ee486e416572c0d88f6ec77ad79,gfs_seamless,False
turbine_1,2026-02-28 10:00:00+00:00,24,0.9433727614924393,0.9433727614924393,False,False,0.9672885572139301,14.3,-3.0,2026-02-27 19:00:00+00:00,15.0,2026-01-31 23:00:00,2026-02-01T01:00:00+05:00,e46d74629bd710750db40d5e9d8f3eadbaa20ee486e416572c0d88f6ec77ad79,gfs_seamless,False
turbine_1,2026-02-28 11:00:00+00:00,24,1.0034951465072715,0.9983333333333334,True,False,0.9661001642036123,13.79,-3.3,2026-02-27 19:00:00+00:00,16.0,2026-01-31 23:00:00,2026-02-01T01:00:00+05:00,e46d74629bd710750db40d5e9d8f3eadbaa20ee486e416572c0d88f6ec77ad79,gfs_seamless,False
turbine_1,2026-02-28 12:00:00+00:00,24,0.9966394421380609,0.9966394421380609,False,False,0.9673371212121211,12.58,-3.6,2026-02-27 19:00:00+00:00,17.0,2026-01-31 23:00:00,2026-02-01T01:00:00+05:00,e46d74629bd710750db40d5e9d8f3eadbaa20ee486e416572c0d88f6ec77ad79,gfs_seamless,False
turbine_1,2026-02-28 13:00:00+00:00,24,0.9843382381723672,0.9843382381723672,False,False,0.9603525641025641,11.85,-4.3,2026-02-27 19:00:00+00:00,18.0,2026-01-31 23:00:00,2026-02-01T01:00:00+05:00,e46d74629bd710750db40d5e9d8f3eadbaa20ee486e416572c0d88f6ec77ad79,gfs_seamless,False
turbine_1,2026-02-28 14:00:00+00:00,24,0.9590065141329094,0.9590065141329094,False,False,0.9381677419354839,11.03,-4.4,2026-02-27 19:00:00+00:00,19.0,2026-01-31 23:00:00,2026-02-01T01:00:00+05:00,e46d74629bd710750db40d5e9d8f3eadbaa20ee486e416572c0d88f6ec77ad79,gfs_seamless,False
turbine_1,2026-02-28 15:00:00+00:00,24,0.9163632880563678,0.9163632880563678,False,False,0.8937111928104575,10.57,-4.6,2026-02-27 19:00:00+00:00,20.0,2026-01-31 23:00:00,2026-02-01T01:00:00+05:00,e46d74629bd710750db40d5e9d8f3eadbaa20ee486e416572c0d88f6ec77ad79,gfs_seamless,False
turbine_1,2026-02-28 16:00:00+00:00,24,0.8761718457086253,0.8761718457086253,False,False,0.8301109660574413,10.29,-4.3,2026-02-27 19:00:00+00:00,21.0,2026-01-31 23:00:00,2026-02-01T01:00:00+05:00,e46d74629bd710750db40d5e9d8f3eadbaa20ee486e416572c0d88f6ec77ad79,gfs_seamless,False
turbine_1,2026-02-28 17:00:00+00:00,24,0.823575774956368,0.823575774956368,False,False,0.7651013024602026,9.77,-4.6,2026-02-27 19:00:00+00:00,22.0,2026-01-31 23:00:00,2026-02-01T01:00:00+05:00,e46d74629bd710750db40d5e9d8f3eadbaa20ee486e416572c0d88f6ec77ad79,gfs_seamless,False
turbine_1,2026-02-28 18:00:00+00:00,24,0.8262895014745965,0.8262895014745965,False,False,0.8301109660574413,10.27,-5.0,2026-02-27 19:00:00+00:00,23.0,2026-01-31 23:00:00,2026-02-01T01:00:00+05:00,e46d74629bd710750db40d5e9d8f3eadbaa20ee486e416572c0d88f6ec77ad79,gfs_seamless,False
turbine_1,2026-02-28 19:00:00+00:00,24,0.8684724589146129,0.8684724589146129,False,False,0.8301109660574413,10.03,-5.3,2026-02-27 19:00:00+00:00,24.0,2026-01-31 23:00:00,2026-02-01T01:00:00+05:00,e46d74629bd710750db40d5e9d8f3eadbaa20ee486e416572c0d88f6ec77ad79,gfs_seamless,False
turbine_1,2026-02-28 20:00:00+00:00,48,0.503618935089642,0.503618935089642,False,False,0.5480688448074679,8.01,-5.7,2026-02-27 19:00:00+00:00,25.0,2026-01-31 23:00:00,2026-02-01T01:00:00+05:00,e46d74629bd710750db40d5e9d8f3eadbaa20ee486e416572c0d88f6ec77ad79,gfs_seamless,False
turbine_1,2026-02-28 21:00:00+00:00,48,0.5485991712994158,0.5485991712994158,False,False,0.5480688448074679,8.22,-6.1,2026-02-27 19:00:00+00:00,26.0,2026-01-31 23:00:00,2026-02-01T01:00:00+05:00,e46d74629bd710750db40d5e9d8f3eadbaa20ee486e416572c0d88f6ec77ad79,gfs_seamless,False
turbine_1,2026-02-28 22:00:00+00:00,48,0.49374966742201687,0.49374966742201687,False,False,0.47519897772909825,7.91,-6.6,2026-02-27 19:00:00+00:00,27.0,2026-01-31 23:00:00,2026-02-01T01:00:00+05:00,e46d74629bd710750db40d5e9d8f3eadbaa20ee486e416572c0d88f6ec77ad79,gfs_seamless,False
turbine_1,2026-02-28 23:00:00+00:00,48,0.39038066487867995,0.39038066487867995,False,False,0.3981808278867102,7.37,-6.8,2026-02-27 19:00:00+00:00,28.0,2026-01-31 23:00:00,2026-02-01T01:00:00+05:00,e46d74629bd710750db40d5e9d8f3eadbaa20ee486e416572c0d88f6ec77ad79,gfs_seamless,False
turbine_1,2026-03-01 00:00:00+00:00,48,0.6568522447508468,0.6568522447508468,False,False,0.6267624521072798,8.81,-6.5,2026-02-27 19:00:00+00:00,29.0,2026-01-31 23:00:00,2026-02-01T01:00:00+05:00,e46d74629bd710750db40d5e9d8f3eadbaa20ee486e416572c0d88f6ec77ad79,gfs_seamless,False
turbine_1,2026-03-01 01:00:00+00:00,48,0.510924466315435,0.510924466315435,False,False,0.47519897772909825,7.96,-6.5,2026-02-27 19:00:00+00:00,30.0,2026-01-31 23:00:00,2026-02-01T01:00:00+05:00,e46d74629bd710750db40d5e9d8f3eadbaa20ee486e416572c0d88f6ec77ad79,gfs_seamless,False
turbine_1,2026-03-01 02:00:00+00:00,48,0.269720028646007,0.269720028646007,False,False,0.3244547053649956,6.89,-6.2,2026-02-27 19:00:00+00:00,31.0,2026-01-31 23:00:00,2026-02-01T01:00:00+05:00,e46d74629bd710750db40d5e9d8f3eadbaa20ee486e416572c0d88f6ec77ad79,gfs_seamless,False
turbine_1,2026-03-01 03:00:00+00:00,48,0.22289258530457484,0.22289258530457484,False,False,0.2560354184518709,6.36,-5.5,2026-02-27 19:00:00+00:00,32.0,2026-01-31 23:00:00,2026-02-01T01:00:00+05:00,e46d74629bd710750db40d5e9d8f3eadbaa20ee486e416572c0d88f6ec77ad79,gfs_seamless,False
turbine_1,2026-03-01 04:00:00+00:00,48,0.235656760590715,0.235656760590715,False,False,0.2560354184518709,6.46,-4.6,2026-02-27 19:00:00+00:00,33.0,2026-01-31 23:00:00,2026-02-01T01:00:00+05:00,e46d74629bd710750db40d5e9d8f3eadbaa20ee486e416572c0d88f6ec77ad79,gfs_seamless,False
turbine_1,2026-03-01 05:00:00+00:00,48,0.2272066063283816,0.2272066063283816,False,False,0.2560354184518709,6.28,-3.8,2026-02-27 19:00:00+00:00,34.0,2026-01-31 23:00:00,2026-02-01T01:00:00+05:00,e46d74629bd710750db40d5e9d8f3eadbaa20ee486e416572c0d88f6ec77ad79,gfs_seamless,False
turbine_1,2026-03-01 06:00:00+00:00,48,0.08542654324458526,0.08542654324458526,False,False,0.11167154471544716,4.98,-2.0,2026-02-27 19:00:00+00:00,35.0,2026-01-31 23:00:00,2026-02-01T01:00:00+05:00,e46d74629bd710750db40d5e9d8f3eadbaa20ee486e416572c0d88f6ec77ad79,gfs_seamless,False
turbine_1,2026-03-01 07:00:00+00:00,48,0.10381420579743407,0.10381420579743407,False,False,0.14868314676616917,5.28,-1.1,2026-02-27 19:00:00+00:00,36.0,2026-01-31 23:00:00,2026-02-01T01:00:00+05:00,e46d74629bd710750db40d5e9d8f3eadbaa20ee486e416572c0d88f6ec77ad79,gfs_seamless,False
turbine_1,2026-03-01 08:00:00+00:00,48,0.1156139452975862,0.1156139452975862,False,False,0.14868314676616917,5.36,-0.3,2026-02-27 19:00:00+00:00,37.0,2026-01-31 23:00:00,2026-02-01T01:00:00+05:00,e46d74629bd710750db40d5e9d8f3eadbaa20ee486e416572c0d88f6ec77ad79,gfs_seamless,False
turbine_1,2026-03-01 09:00:00+00:00,48,0.1193695427378793,0.1193695427378793,False,False,0.14868314676616917,5.42,0.1,2026-02-27 19:00:00+00:00,38.0,2026-01-31 23:00:00,2026-02-01T01:00:00+05:00,e46d74629bd710750db40d5e9d8f3eadbaa20ee486e416572c0d88f6ec77ad79,gfs_seamless,False
turbine_1,2026-03-01 10:00:00+00:00,48,0.14375423453270178,0.14375423453270178,False,False,0.19472402597402597,5.64,0.2,2026-02-27 19:00:00+00:00,39.0,2026-01-31 23:00:00,2026-02-01T01:00:00+05:00,e46d74629bd710750db40d5e9d8f3eadbaa20ee486e416572c0d88f6ec77ad79,gfs_seamless,False
turbine_1,2026-03-01 11:00:00+00:00,48,0.11163271120109255,0.11163271120109255,False,False,0.14868314676616917,5.32,-0.2,2026-02-27 19:00:00+00:00,40.0,2026-01-31 23:00:00,2026-02-01T01:00:00+05:00,e46d74629bd710750db40d5e9d8f3eadbaa20ee486e416572c0d88f6ec77ad79,gfs_seamless,False
turbine_1,2026-03-01 12:00:00+00:00,48,0.014217954291962116,0.014217954291962116,False,False,0.025215897939156035,2.75,-0.9,2026-02-27 19:00:00+00:00,41.0,2026-01-31 23:00:00,2026-02-01T01:00:00+05:00,e46d74629bd710750db40d5e9d8f3eadbaa20ee486e416572c0d88f6ec77ad79,gfs_seamless,False
turbine_1,2026-03-01 13:00:00+00:00,48,0.00932972444682402,0.00932972444682402,False,False,0.01599670263788969,2.02,-2.6,2026-02-27 19:00:00+00:00,42.0,2026-01-31 23:00:00,2026-02-01T01:00:00+05:00,e46d74629bd710750db40d5e9d8f3eadbaa20ee486e416572c0d88f6ec77ad79,gfs_seamless,False
turbine_1,2026-03-01 14:00:00+00:00,48,0.009101397760147319,0.009101397760147319,False,False,0.009961472602739725,1.32,-3.0,2026-02-27 19:00:00+00:00,43.0,2026-01-31 23:00:00,2026-02-01T01:00:00+05:00,e46d74629bd710750db40d5e9d8f3eadbaa20ee486e416572c0d88f6ec77ad79,gfs_seamless,False
turbine_1,2026-03-01 15:00:00+00:00,48,0.015360073032291078,0.015360073032291078,False,False,0.025215897939156035,2.82,-2.7,2026-02-27 19:00:00+00:00,44.0,2026-01-31 23:00:00,2026-02-01T01:00:00+05:00,e46d74629bd710750db40d5e9d8f3eadbaa20ee486e416572c0d88f6ec77ad79,gfs_seamless,False
turbine_1,2026-03-01 16:00:00+00:00,48,0.05566669839633057,0.05566669839633057,False,False,0.11167154471544716,4.57,-2.7,2026-02-27 19:00:00+00:00,45.0,2026-01-31 23:00:00,2026-02-01T01:00:00+05:00,e46d74629bd710750db40d5e9d8f3eadbaa20ee486e416572c0d88f6ec77ad79,gfs_seamless,False
turbine_1,2026-03-01 17:00:00+00:00,48,0.6464797058348611,0.6464797058348611,False,False,0.6267624521072798,8.72,-2.5,2026-02-27 19:00:00+00:00,46.0,2026-01-31 23:00:00,2026-02-01T01:00:00+05:00,e46d74629bd710750db40d5e9d8f3eadbaa20ee486e416572c0d88f6ec77ad79,gfs_seamless,False
turbine_1,2026-03-01 18:00:00+00:00,48,0.9635638099133776,0.9635638099133776,False,False,0.9661001642036123,13.93,-1.3,2026-02-27 19:00:00+00:00,47.0,2026-01-31 23:00:00,2026-02-01T01:00:00+05:00,e46d74629bd710750db40d5e9d8f3eadbaa20ee486e416572c0d88f6ec77ad79,gfs_seamless,False
turbine_1,2026-03-01 19:00:00+00:00,48,0.9574018541709686,0.9574018541709686,False,False,0.9661001642036123,13.93,-1.1,2026-02-27 19:00:00+00:00,48.0,2026-01-31 23:00:00,2026-02-01T01:00:00+05:00,e46d74629bd710750db40d5e9d8f3eadbaa20ee486e416572c0d88f6ec77ad79,gfs_seamless,False
turbine_2,2026-02-27 20:00:00+00:00,24,0.9769862565392337,0.9769862565392337,False,False,0.9633299798792756,12.59,-3.5,2026-02-27 19:00:00+00:00,1.0,2026-01-31 23:00:00,2026-02-01T01:00:00+05:00,d05b3cae0b8e890efb085c68704c9fb8d2cbf736bedd6d6ce81594bf3efad63a,gfs_seamless,False
turbine_2,2026-02-27 21:00:00+00:00,24,0.989947434797451,0.989947434797451,False,False,0.9700600600600602,13.09,-4.1,2026-02-27 19:00:00+00:00,2.0,2026-01-31 23:00:00,2026-02-01T01:00:00+05:00,d05b3cae0b8e890efb085c68704c9fb8d2cbf736bedd6d6ce81594bf3efad63a,gfs_seamless,False
turbine_2,2026-02-27 22:00:00+00:00,24,0.9921633301534604,0.9921633301534604,False,False,0.9633299798792756,12.91,-4.1,2026-02-27 19:00:00+00:00,3.0,2026-01-31 23:00:00,2026-02-01T01:00:00+05:00,d05b3cae0b8e890efb085c68704c9fb8d2cbf736bedd6d6ce81594bf3efad63a,gfs_seamless,False
turbine_2,2026-02-27 23:00:00+00:00,24,0.9907367490304734,0.9907367490304734,False,False,0.9700600600600602,13.13,-4.4,2026-02-27 19:00:00+00:00,4.0,2026-01-31 23:00:00,2026-02-01T01:00:00+05:00,d05b3cae0b8e890efb085c68704c9fb8d2cbf736bedd6d6ce81594bf3efad63a,gfs_seamless,False
turbine_2,2026-02-28 00:00:00+00:00,24,0.9901978935543856,0.9901978935543856,False,False,0.9633299798792756,12.82,-4.7,2026-02-27 19:00:00+00:00,5.0,2026-01-31 23:00:00,2026-02-01T01:00:00+05:00,d05b3cae0b8e890efb085c68704c9fb8d2cbf736bedd6d6ce81594bf3efad63a,gfs_seamless,False
turbine_2,2026-02-28 01:00:00+00:00,24,0.9673203848884016,0.9673203848884016,False,False,0.9518670076726343,11.76,-4.6,2026-02-27 19:00:00+00:00,6.0,2026-01-31 23:00:00,2026-02-01T01:00:00+05:00,d05b3cae0b8e890efb085c68704c9fb8d2cbf736bedd6d6ce81594bf3efad63a,gfs_seamless,False
turbine_2,2026-02-28 02:00:00+00:00,24,0.9889906139612268,0.9889906139612268,False,False,0.9633299798792756,12.82,-5.0,2026-02-27 19:00:00+00:00,7.0,2026-01-31 23:00:00,2026-02-01T01:00:00+05:00,d05b3cae0b8e890efb085c68704c9fb8d2cbf736bedd6d6ce81594bf3efad63a,gfs_seamless,False
turbine_2,2026-02-28 03:00:00+00:00,24,0.9106407691155199,0.9106407691155199,False,False,0.9603782505910166,14.23,-5.1,2026-02-27 19:00:00+00:00,8.0,2026-01-31 23:00:00,2026-02-01T01:00:00+05:00,d05b3cae0b8e890efb085c68704c9fb8d2cbf736bedd6d6ce81594bf3efad63a,gfs_seamless,False
turbine_2,2026-02-28 04:00:00+00:00,24,0.9484303976826239,0.9484303976826239,False,False,0.962514880952381,14.74,-5.1,2026-02-27 19:00:00+00:00,9.0,2026-01-31 23:00:00,2026-02-01T01:00:00+05:00,d05b3cae0b8e890efb085c68704c9fb8d2cbf736bedd6d6ce81594bf3efad63a,gfs_seamless,False
turbine_2,2026-02-28 05:00:00+00:00,24,0.9682169967247711,0.9682169967247711,False,False,0.9603782505910166,14.07,-4.6,2026-02-27 19:00:00+00:00,10.0,2026-01-31 23:00:00,2026-02-01T01:00:00+05:00,d05b3cae0b8e890efb085c68704c9fb8d2cbf736bedd6d6ce81594bf3efad63a,gfs_seamless,False
turbine_2,2026-02-28 06:00:00+00:00,24,0.9692032629936044,0.9692032629936044,False,False,0.9603782505910166,14.05,-3.3,2026-02-27 19:00:00+00:00,11.0,2026-01-31 23:00:00,2026-02-01T01:00:00+05:00,d05b3cae0b8e890efb085c68704c9fb8d2cbf736bedd6d6ce81594bf3efad63a,gfs_seamless,False
turbine_2,2026-02-28 07:00:00+00:00,24,0.8763403189267882,0.8763403189267882,False,False,0.9603782505910166,14.14,-2.8,2026-02-27 19:00:00+00:00,12.0,2026-01-31 23:00:00,2026-02-01T01:00:00+05:00,d05b3cae0b8e890efb085c68704c9fb8d2cbf736bedd6d6ce81594bf3efad63a,gfs_seamless,False
turbine_2,2026-02-28 08:00:00+00:00,24,0.9626811649477715,0.9626811649477715,False,False,0.9496153846153847,15.03,-2.7,2026-02-27 19:00:00+00:00,13.0,2026-01-31 23:00:00,2026-02-01T01:00:00+05:00,d05b3cae0b8e890efb085c68704c9fb8d2cbf736bedd6d6ce81594bf3efad63a,gfs_seamless,False
turbine_2,2026-02-28 09:00:00+00:00,24,0.9484902734382162,0.9484902734382162,False,False,0.962514880952381,14.78,-3.1,2026-02-27 19:00:00+00:00,14.0,2026-01-31 23:00:00,2026-02-01T01:00:00+05:00,d05b3cae0b8e890efb085c68704c9fb8d2cbf736bedd6d6ce81594bf3efad63a,gfs_seamless,False
turbine_2,2026-02-28 10:00:00+00:00,24,0.8459213591680721,0.8459213591680721,False,False,0.9603782505910166,14.3,-3.0,2026-02-27 19:00:00+00:00,15.0,2026-01-31 23:00:00,2026-02-01T01:00:00+05:00,d05b3cae0b8e890efb085c68704c9fb8d2cbf736bedd6d6ce81594bf3efad63a,gfs_seamless,False
turbine_2,2026-02-28 11:00:00+00:00,24,0.987231278323263,0.987231278323263,False,False,0.9598799435028249,13.79,-3.3,2026-02-27 19:00:00+00:00,16.0,2026-01-31 23:00:00,2026-02-01T01:00:00+05:00,d05b3cae0b8e890efb085c68704c9fb8d2cbf736bedd6d6ce81594bf3efad63a,gfs_seamless,False
turbine_2,2026-02-28 12:00:00+00:00,24,0.9769862565392337,0.9769862565392337,False,False,0.9633299798792756,12.58,-3.6,2026-02-27 19:00:00+00:00,17.0,2026-01-31 23:00:00,2026-02-01T01:00:00+05:00,d05b3cae0b8e890efb085c68704c9fb8d2cbf736bedd6d6ce81594bf3efad63a,gfs_seamless,False
turbine_2,2026-02-28 13:00:00+00:00,24,0.9646111568917646,0.9646111568917646,False,False,0.9518670076726343,11.85,-4.3,2026-02-27 19:00:00+00:00,18.0,2026-01-31 23:00:00,2026-02-01T01:00:00+05:00,d05b3cae0b8e890efb085c68704c9fb8d2cbf736bedd6d6ce81594bf3efad63a,gfs_seamless,False
turbine_2,2026-02-28 14:00:00+00:00,24,0.9402109690286287,0.9402109690286287,False,False,0.9257415902140673,11.03,-4.4,2026-02-27 19:00:00+00:00,19.0,2026-01-31 23:00:00,2026-02-01T01:00:00+05:00,d05b3cae0b8e890efb085c68704c9fb8d2cbf736bedd6d6ce81594bf3efad63a,gfs_seamless,False
turbine_2,2026-02-28 15:00:00+00:00,24,0.8586769561630228,0.8586769561630228,False,False,0.8845606610237807,10.57,-4.6,2026-02-27 19:00:00+00:00,20.0,2026-01-31 23:00:00,2026-02-01T01:00:00+05:00,d05b3cae0b8e890efb085c68704c9fb8d2cbf736bedd6d6ce81594bf3efad63a,gfs_seamless,False
turbine_2,2026-02-28 16:00:00+00:00,24,0.878631006228855,0.878631006228855,False,False,0.8240326184092941,10.29,-4.3,2026-02-27 19:00:00+00:00,21.0,2026-01-31 23:00:00,2026-02-01T01:00:00+05:00,d05b3cae0b8e890efb085c68704c9fb8d2cbf736bedd6d6ce81594bf3efad63a,gfs_seamless,False
turbine_2,2026-02-28 17:00:00+00:00,24,0.7903305180518783,0.7903305180518783,False,False,0.7536449275362319,9.77,-4.6,2026-02-27 19:00:00+00:00,22.0,2026-01-31 23:00:00,2026-02-01T01:00:00+05:00,d05b3cae0b8e890efb085c68704c9fb8d2cbf736bedd6d6ce81594bf3efad63a,gfs_seamless,False
turbine_2,2026-02-28 18:00:00+00:00,24,0.8716604388951233,0.8716604388951233,False,False,0.8240326184092941,10.27,-5.0,2026-02-27 19:00:00+00:00,23.0,2026-01-31 23:00:00,2026-02-01T01:00:00+05:00,d05b3cae0b8e890efb085c68704c9fb8d2cbf736bedd6d6ce81594bf3efad63a,gfs_seamless,False
turbine_2,2026-02-28 19:00:00+00:00,24,0.8380167917683472,0.8380167917683472,False,False,0.8240326184092941,10.03,-5.3,2026-02-27 19:00:00+00:00,24.0,2026-01-31 23:00:00,2026-02-01T01:00:00+05:00,d05b3cae0b8e890efb085c68704c9fb8d2cbf736bedd6d6ce81594bf3efad63a,gfs_seamless,False
turbine_2,2026-02-28 20:00:00+00:00,48,0.4593860620857109,0.4593860620857109,False,False,0.5334922575387123,8.01,-5.7,2026-02-27 19:00:00+00:00,25.0,2026-01-31 23:00:00,2026-02-01T01:00:00+05:00,d05b3cae0b8e890efb085c68704c9fb8d2cbf736bedd6d6ce81594bf3efad63a,gfs_seamless,False
turbine_2,2026-02-28 21:00:00+00:00,48,0.4901497445679961,0.4901497445679961,False,False,0.5334922575387123,8.22,-6.1,2026-02-27 19:00:00+00:00,26.0,2026-01-31 23:00:00,2026-02-01T01:00:00+05:00,d05b3cae0b8e890efb085c68704c9fb8d2cbf736bedd6d6ce81594bf3efad63a,gfs_seamless,False
turbine_2,2026-02-28 22:00:00+00:00,48,0.47517372081897685,0.47517372081897685,False,False,0.45997253690353584,7.91,-6.6,2026-02-27 19:00:00+00:00,27.0,2026-01-31 23:00:00,2026-02-01T01:00:00+05:00,d05b3cae0b8e890efb085c68704c9fb8d2cbf736bedd6d6ce81594bf3efad63a,gfs_seamless,False
turbine_2,2026-02-28 23:00:00+00:00,48,0.37231011310724266,0.37231011310724266,False,False,0.3872421383647799,7.37,-6.8,2026-02-27 19:00:00+00:00,28.0,2026-01-31 23:00:00,2026-02-01T01:00:00+05:00,d05b3cae0b8e890efb085c68704c9fb8d2cbf736bedd6d6ce81594bf3efad63a,gfs_seamless,False
turbine_2,2026-03-01 00:00:00+00:00,48,0.5997623370344525,0.5997623370344525,False,False,0.6162610815602837,8.81,-6.5,2026-02-27 19:00:00+00:00,29.0,2026-01-31 23:00:00,2026-02-01T01:00:00+05:00,d05b3cae0b8e890efb085c68704c9fb8d2cbf736bedd6d6ce81594bf3efad63a,gfs_seamless,False
turbine_2,2026-03-01 01:00:00+00:00,48,0.47517372081897685,0.47517372081897685,False,False,0.45997253690353584,7.96,-6.5,2026-02-27 19:00:00+00:00,30.0,2026-01-31 23:00:00,2026-02-01T01:00:00+05:00,d05b3cae0b8e890efb085c68704c9fb8d2cbf736bedd6d6ce81594bf3efad63a,gfs_seamless,False
turbine_2,2026-03-01 02:00:00+00:00,48,0.29757771954447465,0.29757771954447465,False,False,0.3134483750359506,6.89,-6.2,2026-02-27 19:00:00+00:00,31.0,2026-01-31 23:00:00,2026-02-01T01:00:00+05:00,d05b3cae0b8e890efb085c68704c9fb8d2cbf736bedd6d6ce81594bf3efad63a,gfs_seamless,False
turbine_2,2026-03-01 03:00:00+00:00,48,0.21214779267677064,0.21214779267677064,False,False,0.24514071038251364,6.36,-5.5,2026-02-27 19:00:00+00:00,32.0,2026-01-31 23:00:00,2026-02-01T01:00:00+05:00,d05b3cae0b8e890efb085c68704c9fb8d2cbf736bedd6d6ce81594bf3efad63a,gfs_seamless,False
turbine_2,2026-03-01 04:00:00+00:00,48,0.21343886211091206,0.21343886211091206,False,False,0.24514071038251364,6.46,-4.6,2026-02-27 19:00:00+00:00,33.0,2026-01-31 23:00:00,2026-02-01T01:00:00+05:00,d05b3cae0b8e890efb085c68704c9fb8d2cbf736bedd6d6ce81594bf3efad63a,gfs_seamless,False
turbine_2,2026-03-01 05:00:00+00:00,48,0.2098347652047255,0.2098347652047255,False,False,0.24514071038251364,6.28,-3.8,2026-02-27 19:00:00+00:00,34.0,2026-01-31 23:00:00,2026-02-01T01:00:00+05:00,d05b3cae0b8e890efb085c68704c9fb8d2cbf736bedd6d6ce81594bf3efad63a,gfs_seamless,False
turbine_2,2026-03-01 06:00:00+00:00,48,0.06632126054256555,0.06632126054256555,False,False,0.10500000000000001,4.98,-2.0,2026-02-27 19:00:00+00:00,35.0,2026-01-31 23:00:00,2026-02-01T01:00:00+05:00,d05b3cae0b8e890efb085c68704c9fb8d2cbf736bedd6d6ce81594bf3efad63a,gfs_seamless,False
turbine_2,2026-03-01 07:00:00+00:00,48,0.1053222914958744,0.1053222914958744,False,False,0.14257562144354596,5.28,-1.1,2026-02-27 19:00:00+00:00,36.0,2026-01-31 23:00:00,2026-02-01T01:00:00+05:00,d05b3cae0b8e890efb085c68704c9fb8d2cbf736bedd6d6ce81594bf3efad63a,gfs_seamless,False
turbine_2,2026-03-01 08:00:00+00:00,48,0.11370060544525429,0.11370060544525429,False,False,0.14257562144354596,5.36,-0.3,2026-02-27 19:00:00+00:00,37.0,2026-01-31 23:00:00,2026-02-01T01:00:00+05:00,d05b3cae0b8e890efb085c68704c9fb8d2cbf736bedd6d6ce81594bf3efad63a,gfs_seamless,False
turbine_2,2026-03-01 09:00:00+00:00,48,0.11516400310938632,0.11516400310938632,False,False,0.14257562144354596,5.42,0.1,2026-02-27 19:00:00+00:00,38.0,2026-01-31 23:00:00,2026-02-01T01:00:00+05:00,d05b3cae0b8e890efb085c68704c9fb8d2cbf736bedd6d6ce81594bf3efad63a,gfs_seamless,False
turbine_2,2026-03-01 10:00:00+00:00,48,0.142770359467344,0.142770359467344,False,False,0.18799815254684613,5.64,0.2,2026-02-27 19:00:00+00:00,39.0,2026-01-31 23:00:00,2026-02-01T01:00:00+05:00,d05b3cae0b8e890efb085c68704c9fb8d2cbf736bedd6d6ce81594bf3efad63a,gfs_seamless,False
turbine_2,2026-03-01 11:00:00+00:00,48,0.10737614022531669,0.10737614022531669,False,False,0.14257562144354596,5.32,-0.2,2026-02-27 19:00:00+00:00,40.0,2026-01-31 23:00:00,2026-02-01T01:00:00+05:00,d05b3cae0b8e890efb085c68704c9fb8d2cbf736bedd6d6ce81594bf3efad63a,gfs_seamless,False
turbine_2,2026-03-01 12:00:00+00:00,48,0.013116413836185446,0.013116413836185446,False,False,0.023970410628019325,2.75,-0.9,2026-02-27 19:00:00+00:00,41.0,2026-01-31 23:00:00,2026-02-01T01:00:00+05:00,d05b3cae0b8e890efb085c68704c9fb8d2cbf736bedd6d6ce81594bf3efad63a,gfs_seamless,False
turbine_2,2026-03-01 13:00:00+00:00,48,0.008736565829920263,0.008736565829920263,False,False,0.014608096468561586,2.02,-2.6,2026-02-27 19:00:00+00:00,42.0,2026-01-31 23:00:00,2026-02-01T01:00:00+05:00,d05b3cae0b8e890efb085c68704c9fb8d2cbf736bedd6d6ce81594bf3efad63a,gfs_seamless,False
turbine_2,2026-03-01 14:00:00+00:00,48,0.00907031827287941,0.00907031827287941,False,False,0.00971122112211221,1.32,-3.0,2026-02-27 19:00:00+00:00,43.0,2026-01-31 23:00:00,2026-02-01T01:00:00+05:00,d05b3cae0b8e890efb085c68704c9fb8d2cbf736bedd6d6ce81594bf3efad63a,gfs_seamless,False
turbine_2,2026-03-01 15:00:00+00:00,48,0.013222511776148643,0.013222511776148643,False,False,0.023970410628019325,2.82,-2.7,2026-02-27 19:00:00+00:00,44.0,2026-01-31 23:00:00,2026-02-01T01:00:00+05:00,d05b3cae0b8e890efb085c68704c9fb8d2cbf736bedd6d6ce81594bf3efad63a,gfs_seamless,False
turbine_2,2026-03-01 16:00:00+00:00,48,0.04652463015070477,0.04652463015070477,False,False,0.10500000000000001,4.57,-2.7,2026-02-27 19:00:00+00:00,45.0,2026-01-31 23:00:00,2026-02-01T01:00:00+05:00,d05b3cae0b8e890efb085c68704c9fb8d2cbf736bedd6d6ce81594bf3efad63a,gfs_seamless,False
turbine_2,2026-03-01 17:00:00+00:00,48,0.6014892165570924,0.6014892165570924,False,False,0.6162610815602837,8.72,-2.5,2026-02-27 19:00:00+00:00,46.0,2026-01-31 23:00:00,2026-02-01T01:00:00+05:00,d05b3cae0b8e890efb085c68704c9fb8d2cbf736bedd6d6ce81594bf3efad63a,gfs_seamless,False
turbine_2,2026-03-01 18:00:00+00:00,48,0.9131428148786007,0.9131428148786007,False,False,0.9598799435028249,13.93,-1.3,2026-02-27 19:00:00+00:00,47.0,2026-01-31 23:00:00,2026-02-01T01:00:00+05:00,d05b3cae0b8e890efb085c68704c9fb8d2cbf736bedd6d6ce81594bf3efad63a,gfs_seamless,False
turbine_2,2026-03-01 19:00:00+00:00,48,0.8975189735898869,0.8975189735898869,False,False,0.9598799435028249,13.93,-1.1,2026-02-27 19:00:00+00:00,48.0,2026-01-31 23:00:00,2026-02-01T01:00:00+05:00,d05b3cae0b8e890efb085c68704c9fb8d2cbf736bedd6d6ce81594bf3efad63a,gfs_seamless,False
