turbine_id,valid_time,nominal_lead_time_hours,raw_predicted_power,predicted_power,prediction_bounded,weather_out_of_training_range,baseline_prediction,wind_speed,temperature,forecast_origin,hours_ahead,model_training_max,model_training_available_at,model_id,weather_model,forecast_contract_compatible
turbine_1,2025-12-31 20:00:00+00:00,24,0.009391612097384094,0.009391612097384094,False,False,0.009988623435722412,0.76,1.8,2025-12-31 19:00:00+00:00,1.0,2025-12-31 22:00:00,2026-01-01T00:00:00+05:00,f593fd24f9c9c75249d18ce1aee1a63ff3ad1ce495bf49517b8fce706f8b7b2b,gfs_seamless,False
turbine_1,2025-12-31 21:00:00+00:00,24,0.009605477885167154,0.009605477885167154,False,False,0.009988623435722412,0.98,1.6,2025-12-31 19:00:00+00:00,2.0,2025-12-31 22:00:00,2026-01-01T00:00:00+05:00,f593fd24f9c9c75249d18ce1aee1a63ff3ad1ce495bf49517b8fce706f8b7b2b,gfs_seamless,False
turbine_1,2025-12-31 22:00:00+00:00,24,0.010236574812804147,0.010236574812804147,False,False,0.011048448145344437,1.86,2.1,2025-12-31 19:00:00+00:00,3.0,2025-12-31 22:00:00,2026-01-01T00:00:00+05:00,f593fd24f9c9c75249d18ce1aee1a63ff3ad1ce495bf49517b8fce706f8b7b2b,gfs_seamless,False
turbine_1,2025-12-31 23:00:00+00:00,24,0.023396398742211257,0.023396398742211257,False,False,0.04069233550253073,3.26,2.7,2025-12-31 19:00:00+00:00,4.0,2025-12-31 22:00:00,2026-01-01T00:00:00+05:00,f593fd24f9c9c75249d18ce1aee1a63ff3ad1ce495bf49517b8fce706f8b7b2b,gfs_seamless,False
turbine_1,2026-01-01 00:00:00+00:00,24,0.9897930565211325,0.9897930565211325,False,False,0.9769104308390022,13.47,2.1,2025-12-31 19:00:00+00:00,5.0,2025-12-31 22:00:00,2026-01-01T00:00:00+05:00,f593fd24f9c9c75249d18ce1aee1a63ff3ad1ce495bf49517b8fce706f8b7b2b,gfs_seamless,False
turbine_1,2026-01-01 01:00:00+00:00,24,0.9863506925166433,0.9863506925166433,False,False,0.9668531468531468,12.82,1.6,2025-12-31 19:00:00+00:00,6.0,2025-12-31 22:00:00,2026-01-01T00:00:00+05:00,f593fd24f9c9c75249d18ce1aee1a63ff3ad1ce495bf49517b8fce706f8b7b2b,gfs_seamless,False
turbine_1,2026-01-01 02:00:00+00:00,24,0.9849981027354475,0.9849981027354475,False,False,0.9576498127340823,12.15,1.5,2025-12-31 19:00:00+00:00,7.0,2025-12-31 22:00:00,2026-01-01T00:00:00+05:00,f593fd24f9c9c75249d18ce1aee1a63ff3ad1ce495bf49517b8fce706f8b7b2b,gfs_seamless,False
turbine_1,2026-01-01 03:00:00+00:00,24,0.9642754591687186,0.9642754591687186,False,False,0.9376587301587301,11.06,1.2,2025-12-31 19:00:00+00:00,8.0,2025-12-31 22:00:00,2026-01-01T00:00:00+05:00,f593fd24f9c9c75249d18ce1aee1a63ff3ad1ce495bf49517b8fce706f8b7b2b,gfs_seamless,False
turbine_1,2026-01-01 04:00:00+00:00,24,0.7927582268956889,0.7927582268956889,False,False,0.6947272727272727,9.49,1.1,2025-12-31 19:00:00+00:00,9.0,2025-12-31 22:00:00,2026-01-01T00:00:00+05:00,f593fd24f9c9c75249d18ce1aee1a63ff3ad1ce495bf49517b8fce706f8b7b2b,gfs_seamless,False
turbine_1,2026-01-01 05:00:00+00:00,24,0.5689222649431463,0.5689222649431463,False,False,0.5471700762133975,8.3,1.4,2025-12-31 19:00:00+00:00,10.0,2025-12-31 22:00:00,2026-01-01T00:00:00+05:00,f593fd24f9c9c75249d18ce1aee1a63ff3ad1ce495bf49517b8fce706f8b7b2b,gfs_seamless,False
turbine_1,2026-01-01 06:00:00+00:00,24,0.27973029361062984,0.27973029361062984,False,False,0.2573408071748879,6.49,1.5,2025-12-31 19:00:00+00:00,11.0,2025-12-31 22:00:00,2026-01-01T00:00:00+05:00,f593fd24f9c9c75249d18ce1aee1a63ff3ad1ce495bf49517b8fce706f8b7b2b,gfs_seamless,False
turbine_1,2026-01-01 07:00:00+00:00,24,0.08091550453762036,0.08091550453762036,False,False,0.11303655264922871,4.74,1.9,2025-12-31 19:00:00+00:00,12.0,2025-12-31 22:00:00,2026-01-01T00:00:00+05:00,f593fd24f9c9c75249d18ce1aee1a63ff3ad1ce495bf49517b8fce706f8b7b2b,gfs_seamless,False
turbine_1,2026-01-01 08:00:00+00:00,24,0.016644550331141043,0.016644550331141043,False,False,0.02556619623655914,2.82,2.4,2025-12-31 19:00:00+00:00,13.0,2025-12-31 22:00:00,2026-01-01T00:00:00+05:00,f593fd24f9c9c75249d18ce1aee1a63ff3ad1ce495bf49517b8fce706f8b7b2b,gfs_seamless,False
turbine_1,2026-01-01 09:00:00+00:00,24,0.009945020335783848,0.009945020335783848,False,False,0.009988623435722412,0.67,2.5,2025-12-31 19:00:00+00:00,14.0,2025-12-31 22:00:00,2026-01-01T00:00:00+05:00,f593fd24f9c9c75249d18ce1aee1a63ff3ad1ce495bf49517b8fce706f8b7b2b,gfs_seamless,False
turbine_1,2026-01-01 10:00:00+00:00,24,0.009945020335783848,0.009945020335783848,False,False,0.009956922162804516,1.21,2.5,2025-12-31 19:00:00+00:00,15.0,2025-12-31 22:00:00,2026-01-01T00:00:00+05:00,f593fd24f9c9c75249d18ce1aee1a63ff3ad1ce495bf49517b8fce706f8b7b2b,gfs_seamless,False
turbine_1,2026-01-01 11:00:00+00:00,24,0.024059816008149566,0.024059816008149566,False,False,0.04069233550253073,3.31,2.0,2025-12-31 19:00:00+00:00,16.0,2025-12-31 22:00:00,2026-01-01T00:00:00+05:00,f593fd24f9c9c75249d18ce1aee1a63ff3ad1ce495bf49517b8fce706f8b7b2b,gfs_seamless,False
turbine_1,2026-01-01 12:00:00+00:00,24,0.1856604595078616,0.1856604595078616,False,False,0.19667375886524824,5.95,1.3,2025-12-31 19:00:00+00:00,17.0,2025-12-31 22:00:00,2026-01-01T00:00:00+05:00,f593fd24f9c9c75249d18ce1aee1a63ff3ad1ce495bf49517b8fce706f8b7b2b,gfs_seamless,False
turbine_1,2026-01-01 13:00:00+00:00,24,0.49153193852595206,0.49153193852595206,False,False,0.4757498101746393,7.69,1.0,2025-12-31 19:00:00+00:00,18.0,2025-12-31 22:00:00,2026-01-01T00:00:00+05:00,f593fd24f9c9c75249d18ce1aee1a63ff3ad1ce495bf49517b8fce706f8b7b2b,gfs_seamless,False
turbine_1,2026-01-01 14:00:00+00:00,24,0.6745981368595305,0.6745981368595305,False,False,0.6262148148148148,8.77,0.6,2025-12-31 19:00:00+00:00,19.0,2025-12-31 22:00:00,2026-01-01T00:00:00+05:00,f593fd24f9c9c75249d18ce1aee1a63ff3ad1ce495bf49517b8fce706f8b7b2b,gfs_seamless,False
turbine_1,2026-01-01 15:00:00+00:00,24,0.7667904809289541,0.7667904809289541,False,False,0.6947272727272727,9.39,0.6,2025-12-31 19:00:00+00:00,20.0,2025-12-31 22:00:00,2026-01-01T00:00:00+05:00,f593fd24f9c9c75249d18ce1aee1a63ff3ad1ce495bf49517b8fce706f8b7b2b,gfs_seamless,False
turbine_1,2026-01-01 16:00:00+00:00,24,0.6263871633393765,0.6263871633393765,False,False,0.6262148148148148,8.55,0.6,2025-12-31 19:00:00+00:00,21.0,2025-12-31 22:00:00,2026-01-01T00:00:00+05:00,f593fd24f9c9c75249d18ce1aee1a63ff3ad1ce495bf49517b8fce706f8b7b2b,gfs_seamless,False
turbine_1,2026-01-01 17:00:00+00:00,24,0.6038105876159346,0.6038105876159346,False,False,0.5471700762133975,8.39,0.4,2025-12-31 19:00:00+00:00,22.0,2025-12-31 22:00:00,2026-01-01T00:00:00+05:00,f593fd24f9c9c75249d18ce1aee1a63ff3ad1ce495bf49517b8fce706f8b7b2b,gfs_seamless,False
turbine_1,2026-01-01 18:00:00+00:00,24,0.43229484766440923,0.43229484766440923,False,False,0.39882457846952013,7.42,-0.1,2025-12-31 19:00:00+00:00,23.0,2025-12-31 22:00:00,2026-01-01T00:00:00+05:00,f593fd24f9c9c75249d18ce1aee1a63ff3ad1ce495bf49517b8fce706f8b7b2b,gfs_seamless,False
turbine_1,2026-01-01 19:00:00+00:00,24,0.37064807286075885,0.37064807286075885,False,False,0.39882457846952013,7.11,-0.3,2025-12-31 19:00:00+00:00,24.0,2025-12-31 22:00:00,2026-01-01T00:00:00+05:00,f593fd24f9c9c75249d18ce1aee1a63ff3ad1ce495bf49517b8fce706f8b7b2b,gfs_seamless,False
turbine_1,2026-01-01 20:00:00+00:00,48,0.10126772098581081,0.10126772098581081,False,False,0.15014102564102566,5.14,-0.3,2025-12-31 19:00:00+00:00,25.0,2025-12-31 22:00:00,2026-01-01T00:00:00+05:00,f593fd24f9c9c75249d18ce1aee1a63ff3ad1ce495bf49517b8fce706f8b7b2b,gfs_seamless,False
turbine_1,2026-01-01 21:00:00+00:00,48,0.10674443521697877,0.10674443521697877,False,False,0.15014102564102566,5.2,-0.3,2025-12-31 19:00:00+00:00,26.0,2025-12-31 22:00:00,2026-01-01T00:00:00+05:00,f593fd24f9c9c75249d18ce1aee1a63ff3ad1ce495bf49517b8fce706f8b7b2b,gfs_seamless,False
turbine_1,2026-01-01 22:00:00+00:00,48,0.17531982622963763,0.17531982622963763,False,False,0.19667375886524824,5.82,-0.3,2025-12-31 19:00:00+00:00,27.0,2025-12-31 22:00:00,2026-01-01T00:00:00+05:00,f593fd24f9c9c75249d18ce1aee1a63ff3ad1ce495bf49517b8fce706f8b7b2b,gfs_seamless,False
turbine_1,2026-01-01 23:00:00+00:00,48,0.2527666436780667,0.2527666436780667,False,False,0.2573408071748879,6.4,-0.5,2025-12-31 19:00:00+00:00,28.0,2025-12-31 22:00:00,2026-01-01T00:00:00+05:00,f593fd24f9c9c75249d18ce1aee1a63ff3ad1ce495bf49517b8fce706f8b7b2b,gfs_seamless,False
turbine_1,2026-01-02 00:00:00+00:00,48,0.1524290296994065,0.1524290296994065,False,False,0.19667375886524824,5.72,-0.6,2025-12-31 19:00:00+00:00,29.0,2025-12-31 22:00:00,2026-01-01T00:00:00+05:00,f593fd24f9c9c75249d18ce1aee1a63ff3ad1ce495bf49517b8fce706f8b7b2b,gfs_seamless,False
turbine_1,2026-01-02 01:00:00+00:00,48,0.20415422208382766,0.20415422208382766,False,False,0.2573408071748879,6.08,-0.8,2025-12-31 19:00:00+00:00,30.0,2025-12-31 22:00:00,2026-01-01T00:00:00+05:00,f593fd24f9c9c75249d18ce1aee1a63ff3ad1ce495bf49517b8fce706f8b7b2b,gfs_seamless,False
turbine_1,2026-01-02 02:00:00+00:00,48,0.30763705231510313,0.30763705231510313,False,False,0.3257574363692119,6.67,-1.1,2025-12-31 19:00:00+00:00,31.0,2025-12-31 22:00:00,2026-01-01T00:00:00+05:00,f593fd24f9c9c75249d18ce1aee1a63ff3ad1ce495bf49517b8fce706f8b7b2b,gfs_seamless,False
turbine_1,2026-01-02 03:00:00+00:00,48,0.4051140403553499,0.4051140403553499,False,False,0.39882457846952013,7.34,-0.8,2025-12-31 19:00:00+00:00,32.0,2025-12-31 22:00:00,2026-01-01T00:00:00+05:00,f593fd24f9c9c75249d18ce1aee1a63ff3ad1ce495bf49517b8fce706f8b7b2b,gfs_seamless,False
turbine_1,2026-01-02 04:00:00+00:00,48,0.39748675305531994,0.39748675305531994,False,False,0.39882457846952013,7.16,0.4,2025-12-31 19:00:00+00:00,33.0,2025-12-31 22:00:00,2026-01-01T00:00:00+05:00,f593fd24f9c9c75249d18ce1aee1a63ff3ad1ce495bf49517b8fce706f8b7b2b,gfs_seamless,False
turbine_1,2026-01-02 05:00:00+00:00,48,0.6308935393941557,0.6308935393941557,False,False,0.6262148148148148,8.54,1.6,2025-12-31 19:00:00+00:00,34.0,2025-12-31 22:00:00,2026-01-01T00:00:00+05:00,f593fd24f9c9c75249d18ce1aee1a63ff3ad1ce495bf49517b8fce706f8b7b2b,gfs_seamless,False
turbine_1,2026-01-02 06:00:00+00:00,48,0.7412585950393485,0.7412585950393485,False,False,0.6947272727272727,9.26,2.6,2025-12-31 19:00:00+00:00,35.0,2025-12-31 22:00:00,2026-01-01T00:00:00+05:00,f593fd24f9c9c75249d18ce1aee1a63ff3ad1ce495bf49517b8fce706f8b7b2b,gfs_seamless,False
turbine_1,2026-01-02 07:00:00+00:00,48,0.7725306020002678,0.7725306020002678,False,False,0.6947272727272727,9.44,3.1,2025-12-31 19:00:00+00:00,36.0,2025-12-31 22:00:00,2026-01-01T00:00:00+05:00,f593fd24f9c9c75249d18ce1aee1a63ff3ad1ce495bf49517b8fce706f8b7b2b,gfs_seamless,False
turbine_1,2026-01-02 08:00:00+00:00,48,0.7408297656128185,0.7408297656128185,False,False,0.6947272727272727,9.26,3.6,2025-12-31 19:00:00+00:00,37.0,2025-12-31 22:00:00,2026-01-01T00:00:00+05:00,f593fd24f9c9c75249d18ce1aee1a63ff3ad1ce495bf49517b8fce706f8b7b2b,gfs_seamless,False
turbine_1,2026-01-02 09:00:00+00:00,48,0.6494378198667885,0.6494378198667885,False,False,0.6262148148148148,8.64,3.8,2025-12-31 19:00:00+00:00,38.0,2025-12-31 22:00:00,2026-01-01T00:00:00+05:00,f593fd24f9c9c75249d18ce1aee1a63ff3ad1ce495bf49517b8fce706f8b7b2b,gfs_seamless,False
turbine_1,2026-01-02 10:00:00+00:00,48,0.5152735516639638,0.5152735516639638,False,False,0.4757498101746393,7.84,3.3,2025-12-31 19:00:00+00:00,39.0,2025-12-31 22:00:00,2026-01-01T00:00:00+05:00,f593fd24f9c9c75249d18ce1aee1a63ff3ad1ce495bf49517b8fce706f8b7b2b,gfs_seamless,False
turbine_1,2026-01-02 11:00:00+00:00,48,0.4107909546756137,0.4107909546756137,False,False,0.39882457846952013,7.27,2.3,2025-12-31 19:00:00+00:00,40.0,2025-12-31 22:00:00,2026-01-01T00:00:00+05:00,f593fd24f9c9c75249d18ce1aee1a63ff3ad1ce495bf49517b8fce706f8b7b2b,gfs_seamless,False
turbine_1,2026-01-02 12:00:00+00:00,48,0.35395347978176384,0.35395347978176384,False,False,0.3257574363692119,6.9,1.5,2025-12-31 19:00:00+00:00,41.0,2025-12-31 22:00:00,2026-01-01T00:00:00+05:00,f593fd24f9c9c75249d18ce1aee1a63ff3ad1ce495bf49517b8fce706f8b7b2b,gfs_seamless,False
turbine_1,2026-01-02 13:00:00+00:00,48,0.3704091722772548,0.3704091722772548,False,False,0.39882457846952013,7.07,1.0,2025-12-31 19:00:00+00:00,42.0,2025-12-31 22:00:00,2026-01-01T00:00:00+05:00,f593fd24f9c9c75249d18ce1aee1a63ff3ad1ce495bf49517b8fce706f8b7b2b,gfs_seamless,False
turbine_1,2026-01-02 14:00:00+00:00,48,0.406120542397639,0.406120542397639,False,False,0.39882457846952013,7.29,0.6,2025-12-31 19:00:00+00:00,43.0,2025-12-31 22:00:00,2026-01-01T00:00:00+05:00,f593fd24f9c9c75249d18ce1aee1a63ff3ad1ce495bf49517b8fce706f8b7b2b,gfs_seamless,False
turbine_1,2026-01-02 15:00:00+00:00,48,0.4938091527534972,0.4938091527534972,False,False,0.4757498101746393,7.78,0.5,2025-12-31 19:00:00+00:00,44.0,2025-12-31 22:00:00,2026-01-01T00:00:00+05:00,f593fd24f9c9c75249d18ce1aee1a63ff3ad1ce495bf49517b8fce706f8b7b2b,gfs_seamless,False
turbine_1,2026-01-02 16:00:00+00:00,48,0.5290510820387434,0.5290510820387434,False,False,0.5471700762133975,8.01,0.4,2025-12-31 19:00:00+00:00,45.0,2025-12-31 22:00:00,2026-01-01T00:00:00+05:00,f593fd24f9c9c75249d18ce1aee1a63ff3ad1ce495bf49517b8fce706f8b7b2b,gfs_seamless,False
turbine_1,2026-01-02 17:00:00+00:00,48,0.6454841550153393,0.6454841550153393,False,False,0.6262148148148148,8.72,0.3,2025-12-31 19:00:00+00:00,46.0,2025-12-31 22:00:00,2026-01-01T00:00:00+05:00,f593fd24f9c9c75249d18ce1aee1a63ff3ad1ce495bf49517b8fce706f8b7b2b,gfs_seamless,False
turbine_1,2026-01-02 18:00:00+00:00,48,0.6782540128672043,0.6782540128672043,False,False,0.6262148148148148,8.81,0.1,2025-12-31 19:00:00+00:00,47.0,2025-12-31 22:00:00,2026-01-01T00:00:00+05:00,f593fd24f9c9c75249d18ce1aee1a63ff3ad1ce495bf49517b8fce706f8b7b2b,gfs_seamless,False
turbine_1,2026-01-02 19:00:00+00:00,48,0.7400319523621984,0.7400319523621984,False,False,0.6947272727272727,9.35,-0.2,2025-12-31 19:00:00+00:00,48.0,2025-12-31 22:00:00,2026-01-01T00:00:00+05:00,f593fd24f9c9c75249d18ce1aee1a63ff3ad1ce495bf49517b8fce706f8b7b2b,gfs_seamless,False
turbine_2,2025-12-31 20:00:00+00:00,24,0.007699417701444207,0.007699417701444207,False,False,0.009929245283018868,0.76,1.8,2025-12-31 19:00:00+00:00,1.0,2025-12-31 22:00:00,2026-01-01T00:00:00+05:00,b2cf416378039d21a62456a714803b3c0b13d4642202a8917652f1849555dd08,gfs_seamless,False
turbine_2,2025-12-31 21:00:00+00:00,24,0.008142264759167909,0.008142264759167909,False,False,0.009929245283018868,0.98,1.6,2025-12-31 19:00:00+00:00,2.0,2025-12-31 22:00:00,2026-01-01T00:00:00+05:00,b2cf416378039d21a62456a714803b3c0b13d4642202a8917652f1849555dd08,gfs_seamless,False
turbine_2,2025-12-31 22:00:00+00:00,24,0.009006059402190224,0.009006059402190224,False,False,0.010143382352941176,1.86,2.1,2025-12-31 19:00:00+00:00,3.0,2025-12-31 22:00:00,2026-01-01T00:00:00+05:00,b2cf416378039d21a62456a714803b3c0b13d4642202a8917652f1849555dd08,gfs_seamless,False
turbine_2,2025-12-31 23:00:00+00:00,24,0.018876770402722533,0.018876770402722533,False,False,0.03761132940406025,3.26,2.7,2025-12-31 19:00:00+00:00,4.0,2025-12-31 22:00:00,2026-01-01T00:00:00+05:00,b2cf416378039d21a62456a714803b3c0b13d4642202a8917652f1849555dd08,gfs_seamless,False
turbine_2,2026-01-01 00:00:00+00:00,24,0.9723926776940047,0.9723926776940047,False,False,0.9697865853658537,13.47,2.1,2025-12-31 19:00:00+00:00,5.0,2025-12-31 22:00:00,2026-01-01T00:00:00+05:00,b2cf416378039d21a62456a714803b3c0b13d4642202a8917652f1849555dd08,gfs_seamless,False
turbine_2,2026-01-01 01:00:00+00:00,24,0.9809501351866237,0.9809501351866237,False,False,0.9628872752420471,12.82,1.6,2025-12-31 19:00:00+00:00,6.0,2025-12-31 22:00:00,2026-01-01T00:00:00+05:00,b2cf416378039d21a62456a714803b3c0b13d4642202a8917652f1849555dd08,gfs_seamless,False
turbine_2,2026-01-01 02:00:00+00:00,24,0.9615652966699075,0.9615652966699075,False,False,0.9570732410611305,12.15,1.5,2025-12-31 19:00:00+00:00,7.0,2025-12-31 22:00:00,2026-01-01T00:00:00+05:00,b2cf416378039d21a62456a714803b3c0b13d4642202a8917652f1849555dd08,gfs_seamless,False
turbine_2,2026-01-01 03:00:00+00:00,24,0.9516297252524722,0.9516297252524722,False,False,0.9252080902372617,11.06,1.2,2025-12-31 19:00:00+00:00,8.0,2025-12-31 22:00:00,2026-01-01T00:00:00+05:00,b2cf416378039d21a62456a714803b3c0b13d4642202a8917652f1849555dd08,gfs_seamless,False
turbine_2,2026-01-01 04:00:00+00:00,24,0.7254227081626613,0.7254227081626613,False,False,0.6748404761904762,9.49,1.1,2025-12-31 19:00:00+00:00,9.0,2025-12-31 22:00:00,2026-01-01T00:00:00+05:00,b2cf416378039d21a62456a714803b3c0b13d4642202a8917652f1849555dd08,gfs_seamless,False
turbine_2,2026-01-01 05:00:00+00:00,24,0.5572893684771205,0.5572893684771205,False,False,0.5337578814627995,8.3,1.4,2025-12-31 19:00:00+00:00,10.0,2025-12-31 22:00:00,2026-01-01T00:00:00+05:00,b2cf416378039d21a62456a714803b3c0b13d4642202a8917652f1849555dd08,gfs_seamless,False
turbine_2,2026-01-01 06:00:00+00:00,24,0.24917514177756542,0.24917514177756542,False,False,0.24732096635030196,6.49,1.5,2025-12-31 19:00:00+00:00,11.0,2025-12-31 22:00:00,2026-01-01T00:00:00+05:00,b2cf416378039d21a62456a714803b3c0b13d4642202a8917652f1849555dd08,gfs_seamless,False
turbine_2,2026-01-01 07:00:00+00:00,24,0.0754462922830394,0.0754462922830394,False,False,0.1068421052631579,4.74,1.9,2025-12-31 19:00:00+00:00,12.0,2025-12-31 22:00:00,2026-01-01T00:00:00+05:00,b2cf416378039d21a62456a714803b3c0b13d4642202a8917652f1849555dd08,gfs_seamless,False
turbine_2,2026-01-01 08:00:00+00:00,24,0.015315525629884348,0.015315525629884348,False,False,0.02424721189591078,2.82,2.4,2025-12-31 19:00:00+00:00,13.0,2025-12-31 22:00:00,2026-01-01T00:00:00+05:00,b2cf416378039d21a62456a714803b3c0b13d4642202a8917652f1849555dd08,gfs_seamless,False
turbine_2,2026-01-01 09:00:00+00:00,24,0.009100172466011493,0.009100172466011493,False,False,0.009929245283018868,0.67,2.5,2025-12-31 19:00:00+00:00,14.0,2025-12-31 22:00:00,2026-01-01T00:00:00+05:00,b2cf416378039d21a62456a714803b3c0b13d4642202a8917652f1849555dd08,gfs_seamless,False
turbine_2,2026-01-01 10:00:00+00:00,24,0.009100172466011493,0.009100172466011493,False,False,0.00969982847341338,1.21,2.5,2025-12-31 19:00:00+00:00,15.0,2025-12-31 22:00:00,2026-01-01T00:00:00+05:00,b2cf416378039d21a62456a714803b3c0b13d4642202a8917652f1849555dd08,gfs_seamless,False
turbine_2,2026-01-01 11:00:00+00:00,24,0.019147364386689115,0.019147364386689115,False,False,0.03761132940406025,3.31,2.0,2025-12-31 19:00:00+00:00,16.0,2025-12-31 22:00:00,2026-01-01T00:00:00+05:00,b2cf416378039d21a62456a714803b3c0b13d4642202a8917652f1849555dd08,gfs_seamless,False
turbine_2,2026-01-01 12:00:00+00:00,24,0.17613276581285367,0.17613276581285367,False,False,0.18975542731519648,5.95,1.3,2025-12-31 19:00:00+00:00,17.0,2025-12-31 22:00:00,2026-01-01T00:00:00+05:00,b2cf416378039d21a62456a714803b3c0b13d4642202a8917652f1849555dd08,gfs_seamless,False
turbine_2,2026-01-01 13:00:00+00:00,24,0.4727193694947483,0.4727193694947483,False,False,0.4598817204301075,7.69,1.0,2025-12-31 19:00:00+00:00,18.0,2025-12-31 22:00:00,2026-01-01T00:00:00+05:00,b2cf416378039d21a62456a714803b3c0b13d4642202a8917652f1849555dd08,gfs_seamless,False
turbine_2,2026-01-01 14:00:00+00:00,24,0.620291449044003,0.620291449044003,False,False,0.6152328767123287,8.77,0.6,2025-12-31 19:00:00+00:00,19.0,2025-12-31 22:00:00,2026-01-01T00:00:00+05:00,b2cf416378039d21a62456a714803b3c0b13d4642202a8917652f1849555dd08,gfs_seamless,False
turbine_2,2026-01-01 15:00:00+00:00,24,0.7272080000189769,0.7272080000189769,False,False,0.6748404761904762,9.39,0.6,2025-12-31 19:00:00+00:00,20.0,2025-12-31 22:00:00,2026-01-01T00:00:00+05:00,b2cf416378039d21a62456a714803b3c0b13d4642202a8917652f1849555dd08,gfs_seamless,False
turbine_2,2026-01-01 16:00:00+00:00,24,0.5920431525350385,0.5920431525350385,False,False,0.6152328767123287,8.55,0.6,2025-12-31 19:00:00+00:00,21.0,2025-12-31 22:00:00,2026-01-01T00:00:00+05:00,b2cf416378039d21a62456a714803b3c0b13d4642202a8917652f1849555dd08,gfs_seamless,False
turbine_2,2026-01-01 17:00:00+00:00,24,0.5659541077227307,0.5659541077227307,False,False,0.5337578814627995,8.39,0.4,2025-12-31 19:00:00+00:00,22.0,2025-12-31 22:00:00,2026-01-01T00:00:00+05:00,b2cf416378039d21a62456a714803b3c0b13d4642202a8917652f1849555dd08,gfs_seamless,False
turbine_2,2026-01-01 18:00:00+00:00,24,0.4062469389182653,0.4062469389182653,False,False,0.38877364644487933,7.42,-0.1,2025-12-31 19:00:00+00:00,23.0,2025-12-31 22:00:00,2026-01-01T00:00:00+05:00,b2cf416378039d21a62456a714803b3c0b13d4642202a8917652f1849555dd08,gfs_seamless,False
turbine_2,2026-01-01 19:00:00+00:00,24,0.35687420426852284,0.35687420426852284,False,False,0.38877364644487933,7.11,-0.3,2025-12-31 19:00:00+00:00,24.0,2025-12-31 22:00:00,2026-01-01T00:00:00+05:00,b2cf416378039d21a62456a714803b3c0b13d4642202a8917652f1849555dd08,gfs_seamless,False
turbine_2,2026-01-01 20:00:00+00:00,48,0.08772553343111263,0.08772553343111263,False,False,0.14425324675324674,5.14,-0.3,2025-12-31 19:00:00+00:00,25.0,2025-12-31 22:00:00,2026-01-01T00:00:00+05:00,b2cf416378039d21a62456a714803b3c0b13d4642202a8917652f1849555dd08,gfs_seamless,False
turbine_2,2026-01-01 21:00:00+00:00,48,0.09276315617357105,0.09276315617357105,False,False,0.14425324675324674,5.2,-0.3,2025-12-31 19:00:00+00:00,26.0,2025-12-31 22:00:00,2026-01-01T00:00:00+05:00,b2cf416378039d21a62456a714803b3c0b13d4642202a8917652f1849555dd08,gfs_seamless,False
turbine_2,2026-01-01 22:00:00+00:00,48,0.15090515375590574,0.15090515375590574,False,False,0.18975542731519648,5.82,-0.3,2025-12-31 19:00:00+00:00,27.0,2025-12-31 22:00:00,2026-01-01T00:00:00+05:00,b2cf416378039d21a62456a714803b3c0b13d4642202a8917652f1849555dd08,gfs_seamless,False
turbine_2,2026-01-01 23:00:00+00:00,48,0.2428129259569183,0.2428129259569183,False,False,0.24732096635030196,6.4,-0.5,2025-12-31 19:00:00+00:00,28.0,2025-12-31 22:00:00,2026-01-01T00:00:00+05:00,b2cf416378039d21a62456a714803b3c0b13d4642202a8917652f1849555dd08,gfs_seamless,False
turbine_2,2026-01-02 00:00:00+00:00,48,0.14286269154652104,0.14286269154652104,False,False,0.18975542731519648,5.72,-0.6,2025-12-31 19:00:00+00:00,29.0,2025-12-31 22:00:00,2026-01-01T00:00:00+05:00,b2cf416378039d21a62456a714803b3c0b13d4642202a8917652f1849555dd08,gfs_seamless,False
turbine_2,2026-01-02 01:00:00+00:00,48,0.18915615750655893,0.18915615750655893,False,False,0.24732096635030196,6.08,-0.8,2025-12-31 19:00:00+00:00,30.0,2025-12-31 22:00:00,2026-01-01T00:00:00+05:00,b2cf416378039d21a62456a714803b3c0b13d4642202a8917652f1849555dd08,gfs_seamless,False
turbine_2,2026-01-02 02:00:00+00:00,48,0.27929596375374083,0.27929596375374083,False,False,0.3145680119581465,6.67,-1.1,2025-12-31 19:00:00+00:00,31.0,2025-12-31 22:00:00,2026-01-01T00:00:00+05:00,b2cf416378039d21a62456a714803b3c0b13d4642202a8917652f1849555dd08,gfs_seamless,False
turbine_2,2026-01-02 03:00:00+00:00,48,0.394898384903307,0.394898384903307,False,False,0.38877364644487933,7.34,-0.8,2025-12-31 19:00:00+00:00,32.0,2025-12-31 22:00:00,2026-01-01T00:00:00+05:00,b2cf416378039d21a62456a714803b3c0b13d4642202a8917652f1849555dd08,gfs_seamless,False
turbine_2,2026-01-02 04:00:00+00:00,48,0.358095721115163,0.358095721115163,False,False,0.38877364644487933,7.16,0.4,2025-12-31 19:00:00+00:00,33.0,2025-12-31 22:00:00,2026-01-01T00:00:00+05:00,b2cf416378039d21a62456a714803b3c0b13d4642202a8917652f1849555dd08,gfs_seamless,False
turbine_2,2026-01-02 05:00:00+00:00,48,0.5870921033501563,0.5870921033501563,False,False,0.6152328767123287,8.54,1.6,2025-12-31 19:00:00+00:00,34.0,2025-12-31 22:00:00,2026-01-01T00:00:00+05:00,b2cf416378039d21a62456a714803b3c0b13d4642202a8917652f1849555dd08,gfs_seamless,False
turbine_2,2026-01-02 06:00:00+00:00,48,0.6672406929550359,0.6672406929550359,False,False,0.6748404761904762,9.26,2.6,2025-12-31 19:00:00+00:00,35.0,2025-12-31 22:00:00,2026-01-01T00:00:00+05:00,b2cf416378039d21a62456a714803b3c0b13d4642202a8917652f1849555dd08,gfs_seamless,False
turbine_2,2026-01-02 07:00:00+00:00,48,0.7167479522587316,0.7167479522587316,False,False,0.6748404761904762,9.44,3.1,2025-12-31 19:00:00+00:00,36.0,2025-12-31 22:00:00,2026-01-01T00:00:00+05:00,b2cf416378039d21a62456a714803b3c0b13d4642202a8917652f1849555dd08,gfs_seamless,False
turbine_2,2026-01-02 08:00:00+00:00,48,0.6811996888080568,0.6811996888080568,False,False,0.6748404761904762,9.26,3.6,2025-12-31 19:00:00+00:00,37.0,2025-12-31 22:00:00,2026-01-01T00:00:00+05:00,b2cf416378039d21a62456a714803b3c0b13d4642202a8917652f1849555dd08,gfs_seamless,False
turbine_2,2026-01-02 09:00:00+00:00,48,0.6079810479914026,0.6079810479914026,False,False,0.6152328767123287,8.64,3.8,2025-12-31 19:00:00+00:00,38.0,2025-12-31 22:00:00,2026-01-01T00:00:00+05:00,b2cf416378039d21a62456a714803b3c0b13d4642202a8917652f1849555dd08,gfs_seamless,False
turbine_2,2026-01-02 10:00:00+00:00,48,0.4741230377581882,0.4741230377581882,False,False,0.4598817204301075,7.84,3.3,2025-12-31 19:00:00+00:00,39.0,2025-12-31 22:00:00,2026-01-01T00:00:00+05:00,b2cf416378039d21a62456a714803b3c0b13d4642202a8917652f1849555dd08,gfs_seamless,False
turbine_2,2026-01-02 11:00:00+00:00,48,0.38016590604437334,0.38016590604437334,False,False,0.38877364644487933,7.27,2.3,2025-12-31 19:00:00+00:00,40.0,2025-12-31 22:00:00,2026-01-01T00:00:00+05:00,b2cf416378039d21a62456a714803b3c0b13d4642202a8917652f1849555dd08,gfs_seamless,False
turbine_2,2026-01-02 12:00:00+00:00,48,0.3282744008554867,0.3282744008554867,False,False,0.3145680119581465,6.9,1.5,2025-12-31 19:00:00+00:00,41.0,2025-12-31 22:00:00,2026-01-01T00:00:00+05:00,b2cf416378039d21a62456a714803b3c0b13d4642202a8917652f1849555dd08,gfs_seamless,False
turbine_2,2026-01-02 13:00:00+00:00,48,0.36712238478931625,0.36712238478931625,False,False,0.38877364644487933,7.07,1.0,2025-12-31 19:00:00+00:00,42.0,2025-12-31 22:00:00,2026-01-01T00:00:00+05:00,b2cf416378039d21a62456a714803b3c0b13d4642202a8917652f1849555dd08,gfs_seamless,False
turbine_2,2026-01-02 14:00:00+00:00,48,0.3732238681794761,0.3732238681794761,False,False,0.38877364644487933,7.29,0.6,2025-12-31 19:00:00+00:00,43.0,2025-12-31 22:00:00,2026-01-01T00:00:00+05:00,b2cf416378039d21a62456a714803b3c0b13d4642202a8917652f1849555dd08,gfs_seamless,False
turbine_2,2026-01-02 15:00:00+00:00,48,0.46348619322817114,0.46348619322817114,False,False,0.4598817204301075,7.78,0.5,2025-12-31 19:00:00+00:00,44.0,2025-12-31 22:00:00,2026-01-01T00:00:00+05:00,b2cf416378039d21a62456a714803b3c0b13d4642202a8917652f1849555dd08,gfs_seamless,False
turbine_2,2026-01-02 16:00:00+00:00,48,0.4962360696411634,0.4962360696411634,False,False,0.5337578814627995,8.01,0.4,2025-12-31 19:00:00+00:00,45.0,2025-12-31 22:00:00,2026-01-01T00:00:00+05:00,b2cf416378039d21a62456a714803b3c0b13d4642202a8917652f1849555dd08,gfs_seamless,False
turbine_2,2026-01-02 17:00:00+00:00,48,0.6171078020236953,0.6171078020236953,False,False,0.6152328767123287,8.72,0.3,2025-12-31 19:00:00+00:00,46.0,2025-12-31 22:00:00,2026-01-01T00:00:00+05:00,b2cf416378039d21a62456a714803b3c0b13d4642202a8917652f1849555dd08,gfs_seamless,False
turbine_2,2026-01-02 18:00:00+00:00,48,0.6344317787850633,0.6344317787850633,False,False,0.6152328767123287,8.81,0.1,2025-12-31 19:00:00+00:00,47.0,2025-12-31 22:00:00,2026-01-01T00:00:00+05:00,b2cf416378039d21a62456a714803b3c0b13d4642202a8917652f1849555dd08,gfs_seamless,False
turbine_2,2026-01-02 19:00:00+00:00,48,0.7208069022704913,0.7208069022704913,False,False,0.6748404761904762,9.35,-0.2,2025-12-31 19:00:00+00:00,48.0,2025-12-31 22:00:00,2026-01-01T00:00:00+05:00,b2cf416378039d21a62456a714803b3c0b13d4642202a8917652f1849555dd08,gfs_seamless,False
turbine_1,2026-01-01 20:00:00+00:00,24,0.3066312136994089,0.3066312136994089,False,False,0.3257674632352941,6.66,-0.4,2026-01-01 19:00:00+00:00,1.0,2026-01-01 22:00:00,2026-01-02T00:00:00+05:00,6434dd679a1e3c6020d554a571537fcef70758e1238a983405e0679f4ba8e773,gfs_seamless,False
turbine_1,2026-01-01 21:00:00+00:00,24,0.2586353610858688,0.2586353610858688,False,False,0.2573408071748879,6.44,-0.5,2026-01-01 19:00:00+00:00,2.0,2026-01-01 22:00:00,2026-01-02T00:00:00+05:00,6434dd679a1e3c6020d554a571537fcef70758e1238a983405e0679f4ba8e773,gfs_seamless,False
turbine_1,2026-01-01 22:00:00+00:00,24,0.2526595231890275,0.2526595231890275,False,False,0.2573408071748879,6.3,-0.8,2026-01-01 19:00:00+00:00,3.0,2026-01-01 22:00:00,2026-01-02T00:00:00+05:00,6434dd679a1e3c6020d554a571537fcef70758e1238a983405e0679f4ba8e773,gfs_seamless,False
turbine_1,2026-01-01 23:00:00+00:00,24,0.2716802218065537,0.2716802218065537,False,False,0.3257674632352941,6.5,-0.9,2026-01-01 19:00:00+00:00,4.0,2026-01-01 22:00:00,2026-01-02T00:00:00+05:00,6434dd679a1e3c6020d554a571537fcef70758e1238a983405e0679f4ba8e773,gfs_seamless,False
turbine_1,2026-01-02 00:00:00+00:00,24,0.1325567037563648,0.1325567037563648,False,False,0.19664257369614513,5.59,-1.1,2026-01-01 19:00:00+00:00,5.0,2026-01-01 22:00:00,2026-01-02T00:00:00+05:00,6434dd679a1e3c6020d554a571537fcef70758e1238a983405e0679f4ba8e773,gfs_seamless,False
turbine_1,2026-01-02 01:00:00+00:00,24,0.09783247796468791,0.09783247796468791,False,False,0.15010726865193724,5.19,-1.0,2026-01-01 19:00:00+00:00,6.0,2026-01-01 22:00:00,2026-01-02T00:00:00+05:00,6434dd679a1e3c6020d554a571537fcef70758e1238a983405e0679f4ba8e773,gfs_seamless,False
turbine_1,2026-01-02 02:00:00+00:00,24,0.09078884766544,0.09078884766544,False,False,0.15010726865193724,5.02,-0.9,2026-01-01 19:00:00+00:00,7.0,2026-01-01 22:00:00,2026-01-02T00:00:00+05:00,6434dd679a1e3c6020d554a571537fcef70758e1238a983405e0679f4ba8e773,gfs_seamless,False
turbine_1,2026-01-02 03:00:00+00:00,24,0.10331596964863263,0.10331596964863263,False,False,0.15010726865193724,5.2,-0.6,2026-01-01 19:00:00+00:00,8.0,2026-01-01 22:00:00,2026-01-02T00:00:00+05:00,6434dd679a1e3c6020d554a571537fcef70758e1238a983405e0679f4ba8e773,gfs_seamless,False
turbine_1,2026-01-02 04:00:00+00:00,24,0.14261207945681753,0.14261207945681753,False,False,0.19664257369614513,5.63,0.5,2026-01-01 19:00:00+00:00,9.0,2026-01-01 22:00:00,2026-01-02T00:00:00+05:00,6434dd679a1e3c6020d554a571537fcef70758e1238a983405e0679f4ba8e773,gfs_seamless,False
turbine_1,2026-01-02 05:00:00+00:00,24,0.3285083379975529,0.3285083379975529,False,False,0.3257674632352941,6.8,1.6,2026-01-01 19:00:00+00:00,10.0,2026-01-01 22:00:00,2026-01-02T00:00:00+05:00,6434dd679a1e3c6020d554a571537fcef70758e1238a983405e0679f4ba8e773,gfs_seamless,False
turbine_1,2026-01-02 06:00:00+00:00,24,0.6090121726081983,0.6090121726081983,False,False,0.6262148148148148,8.5,2.4,2026-01-01 19:00:00+00:00,11.0,2026-01-01 22:00:00,2026-01-02T00:00:00+05:00,6434dd679a1e3c6020d554a571537fcef70758e1238a983405e0679f4ba8e773,gfs_seamless,False
turbine_1,2026-01-02 07:00:00+00:00,24,0.6497142443173842,0.6497142443173842,False,False,0.6262148148148148,8.68,3.3,2026-01-01 19:00:00+00:00,12.0,2026-01-01 22:00:00,2026-01-02T00:00:00+05:00,6434dd679a1e3c6020d554a571537fcef70758e1238a983405e0679f4ba8e773,gfs_seamless,False
turbine_1,2026-01-02 08:00:00+00:00,24,0.5698142632713402,0.5698142632713402,False,False,0.5471995192307693,8.23,3.6,2026-01-01 19:00:00+00:00,13.0,2026-01-01 22:00:00,2026-01-02T00:00:00+05:00,6434dd679a1e3c6020d554a571537fcef70758e1238a983405e0679f4ba8e773,gfs_seamless,False
turbine_1,2026-01-02 09:00:00+00:00,24,0.4999398136290386,0.4999398136290386,False,False,0.4757498101746393,7.78,3.5,2026-01-01 19:00:00+00:00,14.0,2026-01-01 22:00:00,2026-01-02T00:00:00+05:00,6434dd679a1e3c6020d554a571537fcef70758e1238a983405e0679f4ba8e773,gfs_seamless,False
turbine_1,2026-01-02 10:00:00+00:00,24,0.37216236282940995,0.37216236282940995,False,False,0.3257674632352941,6.98,3.1,2026-01-01 19:00:00+00:00,15.0,2026-01-01 22:00:00,2026-01-02T00:00:00+05:00,6434dd679a1e3c6020d554a571537fcef70758e1238a983405e0679f4ba8e773,gfs_seamless,False
turbine_1,2026-01-02 11:00:00+00:00,24,0.30588756390490235,0.30588756390490235,False,False,0.3257674632352941,6.62,2.1,2026-01-01 19:00:00+00:00,16.0,2026-01-01 22:00:00,2026-01-02T00:00:00+05:00,6434dd679a1e3c6020d554a571537fcef70758e1238a983405e0679f4ba8e773,gfs_seamless,False
turbine_1,2026-01-02 12:00:00+00:00,24,0.2336154674221516,0.2336154674221516,False,False,0.2573408071748879,6.23,2.0,2026-01-01 19:00:00+00:00,17.0,2026-01-01 22:00:00,2026-01-02T00:00:00+05:00,6434dd679a1e3c6020d554a571537fcef70758e1238a983405e0679f4ba8e773,gfs_seamless,False
turbine_1,2026-01-02 13:00:00+00:00,24,0.29374232605894984,0.29374232605894984,False,False,0.3257674632352941,6.53,1.7,2026-01-01 19:00:00+00:00,18.0,2026-01-01 22:00:00,2026-01-02T00:00:00+05:00,6434dd679a1e3c6020d554a571537fcef70758e1238a983405e0679f4ba8e773,gfs_seamless,False
turbine_1,2026-01-02 14:00:00+00:00,24,0.3702706339878491,0.3702706339878491,False,False,0.39883381924198247,7.02,1.6,2026-01-01 19:00:00+00:00,19.0,2026-01-01 22:00:00,2026-01-02T00:00:00+05:00,6434dd679a1e3c6020d554a571537fcef70758e1238a983405e0679f4ba8e773,gfs_seamless,False
turbine_1,2026-01-02 15:00:00+00:00,24,0.49249616726791934,0.49249616726791934,False,False,0.4757498101746393,7.69,1.5,2026-01-01 19:00:00+00:00,20.0,2026-01-01 22:00:00,2026-01-02T00:00:00+05:00,6434dd679a1e3c6020d554a571537fcef70758e1238a983405e0679f4ba8e773,gfs_seamless,False
turbine_1,2026-01-02 16:00:00+00:00,24,0.6049896479341382,0.6049896479341382,False,False,0.5471995192307693,8.45,0.7,2026-01-01 19:00:00+00:00,21.0,2026-01-01 22:00:00,2026-01-02T00:00:00+05:00,6434dd679a1e3c6020d554a571537fcef70758e1238a983405e0679f4ba8e773,gfs_seamless,False
turbine_1,2026-01-02 17:00:00+00:00,24,0.6728096558247711,0.6728096558247711,False,False,0.6262148148148148,8.77,0.5,2026-01-01 19:00:00+00:00,22.0,2026-01-01 22:00:00,2026-01-02T00:00:00+05:00,6434dd679a1e3c6020d554a571537fcef70758e1238a983405e0679f4ba8e773,gfs_seamless,False
turbine_1,2026-01-02 18:00:00+00:00,24,0.7998121669068596,0.7998121669068596,False,False,0.7636775631500744,9.62,0.2,2026-01-01 19:00:00+00:00,23.0,2026-01-01 22:00:00,2026-01-02T00:00:00+05:00,6434dd679a1e3c6020d554a571537fcef70758e1238a983405e0679f4ba8e773,gfs_seamless,False
turbine_1,2026-01-02 19:00:00+00:00,24,0.8472195116089702,0.8472195116089702,False,False,0.7636775631500744,9.88,0.2,2026-01-01 19:00:00+00:00,24.0,2026-01-01 22:00:00,2026-01-02T00:00:00+05:00,6434dd679a1e3c6020d554a571537fcef70758e1238a983405e0679f4ba8e773,gfs_seamless,False
turbine_1,2026-01-02 20:00:00+00:00,48,0.7393217741639044,0.7393217741639044,False,False,0.6946394351991931,9.35,-0.5,2026-01-01 19:00:00+00:00,25.0,2026-01-01 22:00:00,2026-01-02T00:00:00+05:00,6434dd679a1e3c6020d554a571537fcef70758e1238a983405e0679f4ba8e773,gfs_seamless,False
turbine_1,2026-01-02 21:00:00+00:00,48,0.773682221705724,0.773682221705724,False,False,0.6946394351991931,9.39,-0.5,2026-01-01 19:00:00+00:00,26.0,2026-01-01 22:00:00,2026-01-02T00:00:00+05:00,6434dd679a1e3c6020d554a571537fcef70758e1238a983405e0679f4ba8e773,gfs_seamless,False
turbine_1,2026-01-02 22:00:00+00:00,48,0.7750873202867502,0.7750873202867502,False,False,0.7636775631500744,9.58,-0.7,2026-01-01 19:00:00+00:00,27.0,2026-01-01 22:00:00,2026-01-02T00:00:00+05:00,6434dd679a1e3c6020d554a571537fcef70758e1238a983405e0679f4ba8e773,gfs_seamless,False
turbine_1,2026-01-02 23:00:00+00:00,48,0.7915807619215774,0.7915807619215774,False,False,0.7636775631500744,9.66,-0.7,2026-01-01 19:00:00+00:00,28.0,2026-01-01 22:00:00,2026-01-02T00:00:00+05:00,6434dd679a1e3c6020d554a571537fcef70758e1238a983405e0679f4ba8e773,gfs_seamless,False
turbine_1,2026-01-03 00:00:00+00:00,48,0.8533171325299239,0.8533171325299239,False,False,0.8298366890380313,10.06,-0.9,2026-01-01 19:00:00+00:00,29.0,2026-01-01 22:00:00,2026-01-02T00:00:00+05:00,6434dd679a1e3c6020d554a571537fcef70758e1238a983405e0679f4ba8e773,gfs_seamless,False
turbine_1,2026-01-03 01:00:00+00:00,48,0.6850803234605908,0.6850803234605908,False,False,0.6262148148148148,8.97,-1.1,2026-01-01 19:00:00+00:00,30.0,2026-01-01 22:00:00,2026-01-02T00:00:00+05:00,6434dd679a1e3c6020d554a571537fcef70758e1238a983405e0679f4ba8e773,gfs_seamless,False
turbine_1,2026-01-03 02:00:00+00:00,48,0.7257170019340814,0.7257170019340814,False,False,0.6946394351991931,9.17,-1.2,2026-01-01 19:00:00+00:00,31.0,2026-01-01 22:00:00,2026-01-02T00:00:00+05:00,6434dd679a1e3c6020d554a571537fcef70758e1238a983405e0679f4ba8e773,gfs_seamless,False
turbine_1,2026-01-03 03:00:00+00:00,48,0.6994340518570041,0.6994340518570041,False,False,0.6946394351991931,9.08,-0.8,2026-01-01 19:00:00+00:00,32.0,2026-01-01 22:00:00,2026-01-02T00:00:00+05:00,6434dd679a1e3c6020d554a571537fcef70758e1238a983405e0679f4ba8e773,gfs_seamless,False
turbine_1,2026-01-03 04:00:00+00:00,48,0.6816922422392304,0.6816922422392304,False,False,0.6262148148148148,8.81,1.2,2026-01-01 19:00:00+00:00,33.0,2026-01-01 22:00:00,2026-01-02T00:00:00+05:00,6434dd679a1e3c6020d554a571537fcef70758e1238a983405e0679f4ba8e773,gfs_seamless,False
turbine_1,2026-01-03 05:00:00+00:00,48,0.6503511727643757,0.6503511727643757,False,False,0.6262148148148148,8.68,3.1,2026-01-01 19:00:00+00:00,34.0,2026-01-01 22:00:00,2026-01-02T00:00:00+05:00,6434dd679a1e3c6020d554a571537fcef70758e1238a983405e0679f4ba8e773,gfs_seamless,False
turbine_1,2026-01-03 06:00:00+00:00,48,0.8362214517751411,0.8362214517751411,False,False,0.7636775631500744,9.81,4.7,2026-01-01 19:00:00+00:00,35.0,2026-01-01 22:00:00,2026-01-02T00:00:00+05:00,6434dd679a1e3c6020d554a571537fcef70758e1238a983405e0679f4ba8e773,gfs_seamless,False
turbine_1,2026-01-03 07:00:00+00:00,48,0.8012932067831101,0.8012932067831101,False,False,0.7636775631500744,9.73,5.9,2026-01-01 19:00:00+00:00,36.0,2026-01-01 22:00:00,2026-01-02T00:00:00+05:00,6434dd679a1e3c6020d554a571537fcef70758e1238a983405e0679f4ba8e773,gfs_seamless,False
turbine_1,2026-01-03 08:00:00+00:00,48,0.8259458505566083,0.8259458505566083,False,False,0.7636775631500744,9.84,6.5,2026-01-01 19:00:00+00:00,37.0,2026-01-01 22:00:00,2026-01-02T00:00:00+05:00,6434dd679a1e3c6020d554a571537fcef70758e1238a983405e0679f4ba8e773,gfs_seamless,False
turbine_1,2026-01-03 09:00:00+00:00,48,0.8259458505566083,0.8259458505566083,False,False,0.7636775631500744,9.85,6.4,2026-01-01 19:00:00+00:00,38.0,2026-01-01 22:00:00,2026-01-02T00:00:00+05:00,6434dd679a1e3c6020d554a571537fcef70758e1238a983405e0679f4ba8e773,gfs_seamless,False
turbine_1,2026-01-03 10:00:00+00:00,48,0.7534026140998555,0.7534026140998555,False,False,0.6946394351991931,9.44,5.5,2026-01-01 19:00:00+00:00,39.0,2026-01-01 22:00:00,2026-01-02T00:00:00+05:00,6434dd679a1e3c6020d554a571537fcef70758e1238a983405e0679f4ba8e773,gfs_seamless,False
turbine_1,2026-01-03 11:00:00+00:00,48,0.7947110776468309,0.7947110776468309,False,False,0.6946394351991931,9.48,3.5,2026-01-01 19:00:00+00:00,40.0,2026-01-01 22:00:00,2026-01-02T00:00:00+05:00,6434dd679a1e3c6020d554a571537fcef70758e1238a983405e0679f4ba8e773,gfs_seamless,False
turbine_1,2026-01-03 12:00:00+00:00,48,0.9030927287578582,0.9030927287578582,False,False,0.8298366890380313,10.47,2.6,2026-01-01 19:00:00+00:00,41.0,2026-01-01 22:00:00,2026-01-02T00:00:00+05:00,6434dd679a1e3c6020d554a571537fcef70758e1238a983405e0679f4ba8e773,gfs_seamless,False
turbine_1,2026-01-03 13:00:00+00:00,48,0.8578736029567469,0.8578736029567469,False,False,0.8298366890380313,10.11,2.3,2026-01-01 19:00:00+00:00,42.0,2026-01-01 22:00:00,2026-01-02T00:00:00+05:00,6434dd679a1e3c6020d554a571537fcef70758e1238a983405e0679f4ba8e773,gfs_seamless,False
turbine_1,2026-01-03 14:00:00+00:00,48,0.901007190843635,0.901007190843635,False,False,0.8298366890380313,10.38,2.0,2026-01-01 19:00:00+00:00,43.0,2026-01-01 22:00:00,2026-01-02T00:00:00+05:00,6434dd679a1e3c6020d554a571537fcef70758e1238a983405e0679f4ba8e773,gfs_seamless,False
turbine_1,2026-01-03 15:00:00+00:00,48,0.9014765587026794,0.9014765587026794,False,False,0.8298366890380313,10.39,1.6,2026-01-01 19:00:00+00:00,44.0,2026-01-01 22:00:00,2026-01-02T00:00:00+05:00,6434dd679a1e3c6020d554a571537fcef70758e1238a983405e0679f4ba8e773,gfs_seamless,False
turbine_1,2026-01-03 16:00:00+00:00,48,0.9016242598387875,0.9016242598387875,False,False,0.8298366890380313,10.42,1.3,2026-01-01 19:00:00+00:00,45.0,2026-01-01 22:00:00,2026-01-02T00:00:00+05:00,6434dd679a1e3c6020d554a571537fcef70758e1238a983405e0679f4ba8e773,gfs_seamless,False
turbine_1,2026-01-03 17:00:00+00:00,48,0.9192480981198371,0.9192480981198371,False,False,0.8926999999999999,10.55,1.1,2026-01-01 19:00:00+00:00,46.0,2026-01-01 22:00:00,2026-01-02T00:00:00+05:00,6434dd679a1e3c6020d554a571537fcef70758e1238a983405e0679f4ba8e773,gfs_seamless,False
turbine_1,2026-01-03 18:00:00+00:00,48,0.9016242598387875,0.9016242598387875,False,False,0.8298366890380313,10.47,1.6,2026-01-01 19:00:00+00:00,47.0,2026-01-01 22:00:00,2026-01-02T00:00:00+05:00,6434dd679a1e3c6020d554a571537fcef70758e1238a983405e0679f4ba8e773,gfs_seamless,False
turbine_1,2026-01-03 19:00:00+00:00,48,0.950762886671159,0.950762886671159,False,False,0.8926999999999999,10.98,1.4,2026-01-01 19:00:00+00:00,48.0,2026-01-01 22:00:00,2026-01-02T00:00:00+05:00,6434dd679a1e3c6020d554a571537fcef70758e1238a983405e0679f4ba8e773,gfs_seamless,False
turbine_2,2026-01-01 20:00:00+00:00,24,0.27954315334296087,0.27954315334296087,False,False,0.3145848267622461,6.66,-0.4,2026-01-01 19:00:00+00:00,1.0,2026-01-01 22:00:00,2026-01-02T00:00:00+05:00,ef43ddd4f6aea86f3dd92cc9c4f69442651c0a2f3de260b3e7a962a093614ec7,gfs_seamless,False
turbine_2,2026-01-01 21:00:00+00:00,24,0.24847452349270532,0.24847452349270532,False,False,0.24732096635030196,6.44,-0.5,2026-01-01 19:00:00+00:00,2.0,2026-01-01 22:00:00,2026-01-02T00:00:00+05:00,ef43ddd4f6aea86f3dd92cc9c4f69442651c0a2f3de260b3e7a962a093614ec7,gfs_seamless,False
turbine_2,2026-01-01 22:00:00+00:00,24,0.22384908845694323,0.22384908845694323,False,False,0.24732096635030196,6.3,-0.8,2026-01-01 19:00:00+00:00,3.0,2026-01-01 22:00:00,2026-01-02T00:00:00+05:00,ef43ddd4f6aea86f3dd92cc9c4f69442651c0a2f3de260b3e7a962a093614ec7,gfs_seamless,False
turbine_2,2026-01-01 23:00:00+00:00,24,0.2496670616781649,0.2496670616781649,False,False,0.3145848267622461,6.5,-0.9,2026-01-01 19:00:00+00:00,4.0,2026-01-01 22:00:00,2026-01-02T00:00:00+05:00,ef43ddd4f6aea86f3dd92cc9c4f69442651c0a2f3de260b3e7a962a093614ec7,gfs_seamless,False
turbine_2,2026-01-02 00:00:00+00:00,24,0.11717801523021971,0.11717801523021971,False,False,0.18973366282262494,5.59,-1.1,2026-01-01 19:00:00+00:00,5.0,2026-01-01 22:00:00,2026-01-02T00:00:00+05:00,ef43ddd4f6aea86f3dd92cc9c4f69442651c0a2f3de260b3e7a962a093614ec7,gfs_seamless,False
turbine_2,2026-01-02 01:00:00+00:00,24,0.08964763973174934,0.08964763973174934,False,False,0.14422304603027494,5.19,-1.0,2026-01-01 19:00:00+00:00,6.0,2026-01-01 22:00:00,2026-01-02T00:00:00+05:00,ef43ddd4f6aea86f3dd92cc9c4f69442651c0a2f3de260b3e7a962a093614ec7,gfs_seamless,False
turbine_2,2026-01-02 02:00:00+00:00,24,0.07673454005699612,0.07673454005699612,False,False,0.14422304603027494,5.02,-0.9,2026-01-01 19:00:00+00:00,7.0,2026-01-01 22:00:00,2026-01-02T00:00:00+05:00,ef43ddd4f6aea86f3dd92cc9c4f69442651c0a2f3de260b3e7a962a093614ec7,gfs_seamless,False
turbine_2,2026-01-02 03:00:00+00:00,24,0.0896832520987391,0.0896832520987391,False,False,0.14422304603027494,5.2,-0.6,2026-01-01 19:00:00+00:00,8.0,2026-01-01 22:00:00,2026-01-02T00:00:00+05:00,ef43ddd4f6aea86f3dd92cc9c4f69442651c0a2f3de260b3e7a962a093614ec7,gfs_seamless,False
turbine_2,2026-01-02 04:00:00+00:00,24,0.1373379097156173,0.1373379097156173,False,False,0.18973366282262494,5.63,0.5,2026-01-01 19:00:00+00:00,9.0,2026-01-01 22:00:00,2026-01-02T00:00:00+05:00,ef43ddd4f6aea86f3dd92cc9c4f69442651c0a2f3de260b3e7a962a093614ec7,gfs_seamless,False
turbine_2,2026-01-02 05:00:00+00:00,24,0.2975206173353487,0.2975206173353487,False,False,0.3145848267622461,6.8,1.6,2026-01-01 19:00:00+00:00,10.0,2026-01-01 22:00:00,2026-01-02T00:00:00+05:00,ef43ddd4f6aea86f3dd92cc9c4f69442651c0a2f3de260b3e7a962a093614ec7,gfs_seamless,False
turbine_2,2026-01-02 06:00:00+00:00,24,0.5942820598503906,0.5942820598503906,False,False,0.6152328767123287,8.5,2.4,2026-01-01 19:00:00+00:00,11.0,2026-01-01 22:00:00,2026-01-02T00:00:00+05:00,ef43ddd4f6aea86f3dd92cc9c4f69442651c0a2f3de260b3e7a962a093614ec7,gfs_seamless,False
turbine_2,2026-01-02 07:00:00+00:00,24,0.5983722289572306,0.5983722289572306,False,False,0.6152328767123287,8.68,3.3,2026-01-01 19:00:00+00:00,12.0,2026-01-01 22:00:00,2026-01-02T00:00:00+05:00,ef43ddd4f6aea86f3dd92cc9c4f69442651c0a2f3de260b3e7a962a093614ec7,gfs_seamless,False
turbine_2,2026-01-02 08:00:00+00:00,24,0.554104715425582,0.554104715425582,False,False,0.5338224181360202,8.23,3.6,2026-01-01 19:00:00+00:00,13.0,2026-01-01 22:00:00,2026-01-02T00:00:00+05:00,ef43ddd4f6aea86f3dd92cc9c4f69442651c0a2f3de260b3e7a962a093614ec7,gfs_seamless,False
turbine_2,2026-01-02 09:00:00+00:00,24,0.4734222650840738,0.4734222650840738,False,False,0.45985499462943075,7.78,3.5,2026-01-01 19:00:00+00:00,14.0,2026-01-01 22:00:00,2026-01-02T00:00:00+05:00,ef43ddd4f6aea86f3dd92cc9c4f69442651c0a2f3de260b3e7a962a093614ec7,gfs_seamless,False
turbine_2,2026-01-02 10:00:00+00:00,24,0.34007426883938974,0.34007426883938974,False,False,0.3145848267622461,6.98,3.1,2026-01-01 19:00:00+00:00,15.0,2026-01-01 22:00:00,2026-01-02T00:00:00+05:00,ef43ddd4f6aea86f3dd92cc9c4f69442651c0a2f3de260b3e7a962a093614ec7,gfs_seamless,False
turbine_2,2026-01-02 11:00:00+00:00,24,0.2729902358918528,0.2729902358918528,False,False,0.3145848267622461,6.62,2.1,2026-01-01 19:00:00+00:00,16.0,2026-01-01 22:00:00,2026-01-02T00:00:00+05:00,ef43ddd4f6aea86f3dd92cc9c4f69442651c0a2f3de260b3e7a962a093614ec7,gfs_seamless,False
turbine_2,2026-01-02 12:00:00+00:00,24,0.21829033336828083,0.21829033336828083,False,False,0.24732096635030196,6.23,2.0,2026-01-01 19:00:00+00:00,17.0,2026-01-01 22:00:00,2026-01-02T00:00:00+05:00,ef43ddd4f6aea86f3dd92cc9c4f69442651c0a2f3de260b3e7a962a093614ec7,gfs_seamless,False
turbine_2,2026-01-02 13:00:00+00:00,24,0.2633100549275965,0.2633100549275965,False,False,0.3145848267622461,6.53,1.7,2026-01-01 19:00:00+00:00,18.0,2026-01-01 22:00:00,2026-01-02T00:00:00+05:00,ef43ddd4f6aea86f3dd92cc9c4f69442651c0a2f3de260b3e7a962a093614ec7,gfs_seamless,False
turbine_2,2026-01-02 14:00:00+00:00,24,0.342130167368953,0.342130167368953,False,False,0.38877364644487933,7.02,1.6,2026-01-01 19:00:00+00:00,19.0,2026-01-01 22:00:00,2026-01-02T00:00:00+05:00,ef43ddd4f6aea86f3dd92cc9c4f69442651c0a2f3de260b3e7a962a093614ec7,gfs_seamless,False
turbine_2,2026-01-02 15:00:00+00:00,24,0.4695893288900627,0.4695893288900627,False,False,0.45985499462943075,7.69,1.5,2026-01-01 19:00:00+00:00,20.0,2026-01-01 22:00:00,2026-01-02T00:00:00+05:00,ef43ddd4f6aea86f3dd92cc9c4f69442651c0a2f3de260b3e7a962a093614ec7,gfs_seamless,False
turbine_2,2026-01-02 16:00:00+00:00,24,0.5846052757897737,0.5846052757897737,False,False,0.5338224181360202,8.45,0.7,2026-01-01 19:00:00+00:00,21.0,2026-01-01 22:00:00,2026-01-02T00:00:00+05:00,ef43ddd4f6aea86f3dd92cc9c4f69442651c0a2f3de260b3e7a962a093614ec7,gfs_seamless,False
turbine_2,2026-01-02 17:00:00+00:00,24,0.6238167586615027,0.6238167586615027,False,False,0.6152328767123287,8.77,0.5,2026-01-01 19:00:00+00:00,22.0,2026-01-01 22:00:00,2026-01-02T00:00:00+05:00,ef43ddd4f6aea86f3dd92cc9c4f69442651c0a2f3de260b3e7a962a093614ec7,gfs_seamless,False
turbine_2,2026-01-02 18:00:00+00:00,24,0.7818348919112205,0.7818348919112205,False,False,0.7521689155422289,9.62,0.2,2026-01-01 19:00:00+00:00,23.0,2026-01-01 22:00:00,2026-01-02T00:00:00+05:00,ef43ddd4f6aea86f3dd92cc9c4f69442651c0a2f3de260b3e7a962a093614ec7,gfs_seamless,False
turbine_2,2026-01-02 19:00:00+00:00,24,0.8115156503997083,0.8115156503997083,False,False,0.7521689155422289,9.88,0.2,2026-01-01 19:00:00+00:00,24.0,2026-01-01 22:00:00,2026-01-02T00:00:00+05:00,ef43ddd4f6aea86f3dd92cc9c4f69442651c0a2f3de260b3e7a962a093614ec7,gfs_seamless,False
turbine_2,2026-01-02 20:00:00+00:00,48,0.7017932949546637,0.7017932949546637,False,False,0.6747765097479791,9.35,-0.5,2026-01-01 19:00:00+00:00,25.0,2026-01-01 22:00:00,2026-01-02T00:00:00+05:00,ef43ddd4f6aea86f3dd92cc9c4f69442651c0a2f3de260b3e7a962a093614ec7,gfs_seamless,False
turbine_2,2026-01-02 21:00:00+00:00,48,0.7148319179630901,0.7148319179630901,False,False,0.6747765097479791,9.39,-0.5,2026-01-01 19:00:00+00:00,26.0,2026-01-01 22:00:00,2026-01-02T00:00:00+05:00,ef43ddd4f6aea86f3dd92cc9c4f69442651c0a2f3de260b3e7a962a093614ec7,gfs_seamless,False
turbine_2,2026-01-02 22:00:00+00:00,48,0.7806999096044641,0.7806999096044641,False,False,0.7521689155422289,9.58,-0.7,2026-01-01 19:00:00+00:00,27.0,2026-01-01 22:00:00,2026-01-02T00:00:00+05:00,ef43ddd4f6aea86f3dd92cc9c4f69442651c0a2f3de260b3e7a962a093614ec7,gfs_seamless,False
turbine_2,2026-01-02 23:00:00+00:00,48,0.7853985236056301,0.7853985236056301,False,False,0.7521689155422289,9.66,-0.7,2026-01-01 19:00:00+00:00,28.0,2026-01-01 22:00:00,2026-01-02T00:00:00+05:00,ef43ddd4f6aea86f3dd92cc9c4f69442651c0a2f3de260b3e7a962a093614ec7,gfs_seamless,False
turbine_2,2026-01-03 00:00:00+00:00,48,0.8494975398472047,0.8494975398472047,False,False,0.8242284798534798,10.06,-0.9,2026-01-01 19:00:00+00:00,29.0,2026-01-01 22:00:00,2026-01-02T00:00:00+05:00,ef43ddd4f6aea86f3dd92cc9c4f69442651c0a2f3de260b3e7a962a093614ec7,gfs_seamless,False
turbine_2,2026-01-03 01:00:00+00:00,48,0.6582544967989346,0.6582544967989346,False,False,0.6152328767123287,8.97,-1.1,2026-01-01 19:00:00+00:00,30.0,2026-01-01 22:00:00,2026-01-02T00:00:00+05:00,ef43ddd4f6aea86f3dd92cc9c4f69442651c0a2f3de260b3e7a962a093614ec7,gfs_seamless,False
turbine_2,2026-01-03 02:00:00+00:00,48,0.6777831664941385,0.6777831664941385,False,False,0.6747765097479791,9.17,-1.2,2026-01-01 19:00:00+00:00,31.0,2026-01-01 22:00:00,2026-01-02T00:00:00+05:00,ef43ddd4f6aea86f3dd92cc9c4f69442651c0a2f3de260b3e7a962a093614ec7,gfs_seamless,False
turbine_2,2026-01-03 03:00:00+00:00,48,0.6774723119546763,0.6774723119546763,False,False,0.6747765097479791,9.08,-0.8,2026-01-01 19:00:00+00:00,32.0,2026-01-01 22:00:00,2026-01-02T00:00:00+05:00,ef43ddd4f6aea86f3dd92cc9c4f69442651c0a2f3de260b3e7a962a093614ec7,gfs_seamless,False
turbine_2,2026-01-03 04:00:00+00:00,48,0.636801039084982,0.636801039084982,False,False,0.6152328767123287,8.81,1.2,2026-01-01 19:00:00+00:00,33.0,2026-01-01 22:00:00,2026-01-02T00:00:00+05:00,ef43ddd4f6aea86f3dd92cc9c4f69442651c0a2f3de260b3e7a962a093614ec7,gfs_seamless,False
turbine_2,2026-01-03 05:00:00+00:00,48,0.5922027051395811,0.5922027051395811,False,False,0.6152328767123287,8.68,3.1,2026-01-01 19:00:00+00:00,34.0,2026-01-01 22:00:00,2026-01-02T00:00:00+05:00,ef43ddd4f6aea86f3dd92cc9c4f69442651c0a2f3de260b3e7a962a093614ec7,gfs_seamless,False
turbine_2,2026-01-03 06:00:00+00:00,48,0.7504720020649297,0.7504720020649297,False,False,0.7521689155422289,9.81,4.7,2026-01-01 19:00:00+00:00,35.0,2026-01-01 22:00:00,2026-01-02T00:00:00+05:00,ef43ddd4f6aea86f3dd92cc9c4f69442651c0a2f3de260b3e7a962a093614ec7,gfs_seamless,False
turbine_2,2026-01-03 07:00:00+00:00,48,0.6871475310275955,0.6871475310275955,False,False,0.7521689155422289,9.73,5.9,2026-01-01 19:00:00+00:00,36.0,2026-01-01 22:00:00,2026-01-02T00:00:00+05:00,ef43ddd4f6aea86f3dd92cc9c4f69442651c0a2f3de260b3e7a962a093614ec7,gfs_seamless,False
turbine_2,2026-01-03 08:00:00+00:00,48,0.6330079585020973,0.6330079585020973,False,False,0.7521689155422289,9.84,6.5,2026-01-01 19:00:00+00:00,37.0,2026-01-01 22:00:00,2026-01-02T00:00:00+05:00,ef43ddd4f6aea86f3dd92cc9c4f69442651c0a2f3de260b3e7a962a093614ec7,gfs_seamless,False
turbine_2,2026-01-03 09:00:00+00:00,48,0.6330079585020973,0.6330079585020973,False,False,0.7521689155422289,9.85,6.4,2026-01-01 19:00:00+00:00,38.0,2026-01-01 22:00:00,2026-01-02T00:00:00+05:00,ef43ddd4f6aea86f3dd92cc9c4f69442651c0a2f3de260b3e7a962a093614ec7,gfs_seamless,False
turbine_2,2026-01-03 10:00:00+00:00,48,0.7267557928150293,0.7267557928150293,False,False,0.6747765097479791,9.44,5.5,2026-01-01 19:00:00+00:00,39.0,2026-01-01 22:00:00,2026-01-02T00:00:00+05:00,ef43ddd4f6aea86f3dd92cc9c4f69442651c0a2f3de260b3e7a962a093614ec7,gfs_seamless,False
turbine_2,2026-01-03 11:00:00+00:00,48,0.7391759795386013,0.7391759795386013,False,False,0.6747765097479791,9.48,3.5,2026-01-01 19:00:00+00:00,40.0,2026-01-01 22:00:00,2026-01-02T00:00:00+05:00,ef43ddd4f6aea86f3dd92cc9c4f69442651c0a2f3de260b3e7a962a093614ec7,gfs_seamless,False
turbine_2,2026-01-03 12:00:00+00:00,48,0.8747275879676707,0.8747275879676707,False,False,0.8242284798534798,10.47,2.6,2026-01-01 19:00:00+00:00,41.0,2026-01-01 22:00:00,2026-01-02T00:00:00+05:00,ef43ddd4f6aea86f3dd92cc9c4f69442651c0a2f3de260b3e7a962a093614ec7,gfs_seamless,False
turbine_2,2026-01-03 13:00:00+00:00,48,0.8421575736569327,0.8421575736569327,False,False,0.8242284798534798,10.11,2.3,2026-01-01 19:00:00+00:00,42.0,2026-01-01 22:00:00,2026-01-02T00:00:00+05:00,ef43ddd4f6aea86f3dd92cc9c4f69442651c0a2f3de260b3e7a962a093614ec7,gfs_seamless,False
turbine_2,2026-01-03 14:00:00+00:00,48,0.8644229560909911,0.8644229560909911,False,False,0.8242284798534798,10.38,2.0,2026-01-01 19:00:00+00:00,43.0,2026-01-01 22:00:00,2026-01-02T00:00:00+05:00,ef43ddd4f6aea86f3dd92cc9c4f69442651c0a2f3de260b3e7a962a093614ec7,gfs_seamless,False
turbine_2,2026-01-03 15:00:00+00:00,48,0.8466771291397579,0.8466771291397579,False,False,0.8242284798534798,10.39,1.6,2026-01-01 19:00:00+00:00,44.0,2026-01-01 22:00:00,2026-01-02T00:00:00+05:00,ef43ddd4f6aea86f3dd92cc9c4f69442651c0a2f3de260b3e7a962a093614ec7,gfs_seamless,False
turbine_2,2026-01-03 16:00:00+00:00,48,0.8698047148336985,0.8698047148336985,False,False,0.8242284798534798,10.42,1.3,2026-01-01 19:00:00+00:00,45.0,2026-01-01 22:00:00,2026-01-02T00:00:00+05:00,ef43ddd4f6aea86f3dd92cc9c4f69442651c0a2f3de260b3e7a962a093614ec7,gfs_seamless,False
turbine_2,2026-01-03 17:00:00+00:00,48,0.9082888765038666,0.9082888765038666,False,False,0.8845214521452145,10.55,1.1,2026-01-01 19:00:00+00:00,46.0,2026-01-01 22:00:00,2026-01-02T00:00:00+05:00,ef43ddd4f6aea86f3dd92cc9c4f69442651c0a2f3de260b3e7a962a093614ec7,gfs_seamless,False
turbine_2,2026-01-03 18:00:00+00:00,48,0.8547304183928343,0.8547304183928343,False,False,0.8242284798534798,10.47,1.6,2026-01-01 19:00:00+00:00,47.0,2026-01-01 22:00:00,2026-01-02T00:00:00+05:00,ef43ddd4f6aea86f3dd92cc9c4f69442651c0a2f3de260b3e7a962a093614ec7,gfs_seamless,False
turbine_2,2026-01-03 19:00:00+00:00,48,0.9463449748129038,0.9463449748129038,False,False,0.8845214521452145,10.98,1.4,2026-01-01 19:00:00+00:00,48.0,2026-01-01 22:00:00,2026-01-02T00:00:00+05:00,ef43ddd4f6aea86f3dd92cc9c4f69442651c0a2f3de260b3e7a962a093614ec7,gfs_seamless,False
turbine_1,2026-01-02 20:00:00+00:00,24,0.8218405995858588,0.8218405995858588,False,False,0.763795746785361,9.78,-0.3,2026-01-02 19:00:00+00:00,1.0,2026-01-02 22:00:00,2026-01-03T00:00:00+05:00,2717682dd9ee93926c6abde46db8ed94e183ba31757a8fc00ec36e31adf191ea,gfs_seamless,False
turbine_1,2026-01-02 21:00:00+00:00,24,0.8253062052495765,0.8253062052495765,False,False,0.763795746785361,9.8,-0.8,2026-01-02 19:00:00+00:00,2.0,2026-01-02 22:00:00,2026-01-03T00:00:00+05:00,2717682dd9ee93926c6abde46db8ed94e183ba31757a8fc00ec36e31adf191ea,gfs_seamless,False
turbine_1,2026-01-02 22:00:00+00:00,24,0.7896066139391473,0.7896066139391473,False,False,0.763795746785361,9.54,-0.9,2026-01-02 19:00:00+00:00,3.0,2026-01-02 22:00:00,2026-01-03T00:00:00+05:00,2717682dd9ee93926c6abde46db8ed94e183ba31757a8fc00ec36e31adf191ea,gfs_seamless,False
turbine_1,2026-01-02 23:00:00+00:00,24,0.8095249953393078,0.8095249953393078,False,False,0.763795746785361,9.75,-1.0,2026-01-02 19:00:00+00:00,4.0,2026-01-02 22:00:00,2026-01-03T00:00:00+05:00,2717682dd9ee93926c6abde46db8ed94e183ba31757a8fc00ec36e31adf191ea,gfs_seamless,False
turbine_1,2026-01-03 00:00:00+00:00,24,0.7882498949012974,0.7882498949012974,False,False,0.763795746785361,9.54,-1.0,2026-01-02 19:00:00+00:00,5.0,2026-01-02 22:00:00,2026-01-03T00:00:00+05:00,2717682dd9ee93926c6abde46db8ed94e183ba31757a8fc00ec36e31adf191ea,gfs_seamless,False
turbine_1,2026-01-03 01:00:00+00:00,24,0.7286439856501825,0.7286439856501825,False,False,0.694662638469285,9.3,-1.1,2026-01-02 19:00:00+00:00,6.0,2026-01-02 22:00:00,2026-01-03T00:00:00+05:00,2717682dd9ee93926c6abde46db8ed94e183ba31757a8fc00ec36e31adf191ea,gfs_seamless,False
turbine_1,2026-01-03 02:00:00+00:00,24,0.8037579823847524,0.8037579823847524,False,False,0.763795746785361,9.66,-1.1,2026-01-02 19:00:00+00:00,7.0,2026-01-02 22:00:00,2026-01-03T00:00:00+05:00,2717682dd9ee93926c6abde46db8ed94e183ba31757a8fc00ec36e31adf191ea,gfs_seamless,False
turbine_1,2026-01-03 03:00:00+00:00,24,0.8263546377631088,0.8263546377631088,False,False,0.763795746785361,9.88,-0.6,2026-01-02 19:00:00+00:00,8.0,2026-01-02 22:00:00,2026-01-03T00:00:00+05:00,2717682dd9ee93926c6abde46db8ed94e183ba31757a8fc00ec36e31adf191ea,gfs_seamless,False
turbine_1,2026-01-03 04:00:00+00:00,24,0.829932822592154,0.829932822592154,False,False,0.763795746785361,9.84,1.5,2026-01-02 19:00:00+00:00,9.0,2026-01-02 22:00:00,2026-01-03T00:00:00+05:00,2717682dd9ee93926c6abde46db8ed94e183ba31757a8fc00ec36e31adf191ea,gfs_seamless,False
turbine_1,2026-01-03 05:00:00+00:00,24,0.8834471365142644,0.8834471365142644,False,False,0.8298972296693476,10.24,3.7,2026-01-02 19:00:00+00:00,10.0,2026-01-02 22:00:00,2026-01-03T00:00:00+05:00,2717682dd9ee93926c6abde46db8ed94e183ba31757a8fc00ec36e31adf191ea,gfs_seamless,False
turbine_1,2026-01-03 06:00:00+00:00,24,0.9274251182831086,0.9274251182831086,False,False,0.8926999999999999,10.65,5.2,2026-01-02 19:00:00+00:00,11.0,2026-01-02 22:00:00,2026-01-03T00:00:00+05:00,2717682dd9ee93926c6abde46db8ed94e183ba31757a8fc00ec36e31adf191ea,gfs_seamless,False
turbine_1,2026-01-03 07:00:00+00:00,24,0.9581939000792717,0.9581939000792717,False,False,0.9377506596306068,11.03,6.4,2026-01-02 19:00:00+00:00,12.0,2026-01-02 22:00:00,2026-01-03T00:00:00+05:00,2717682dd9ee93926c6abde46db8ed94e183ba31757a8fc00ec36e31adf191ea,gfs_seamless,False
turbine_1,2026-01-03 08:00:00+00:00,24,0.9062563657535544,0.9062563657535544,False,False,0.8926999999999999,10.7,7.3,2026-01-02 19:00:00+00:00,13.0,2026-01-02 22:00:00,2026-01-03T00:00:00+05:00,2717682dd9ee93926c6abde46db8ed94e183ba31757a8fc00ec36e31adf191ea,gfs_seamless,False
turbine_1,2026-01-03 09:00:00+00:00,24,0.9128377801028078,0.9128377801028078,False,False,0.8926999999999999,10.56,7.5,2026-01-02 19:00:00+00:00,14.0,2026-01-02 22:00:00,2026-01-03T00:00:00+05:00,2717682dd9ee93926c6abde46db8ed94e183ba31757a8fc00ec36e31adf191ea,gfs_seamless,False
turbine_1,2026-01-03 10:00:00+00:00,24,0.96151629962615,0.96151629962615,False,False,0.9377506596306068,11.05,6.4,2026-01-02 19:00:00+00:00,15.0,2026-01-02 22:00:00,2026-01-03T00:00:00+05:00,2717682dd9ee93926c6abde46db8ed94e183ba31757a8fc00ec36e31adf191ea,gfs_seamless,False
turbine_1,2026-01-03 11:00:00+00:00,24,0.9767374078043156,0.9767374078043156,False,False,0.9601162250116224,11.85,4.5,2026-01-02 19:00:00+00:00,16.0,2026-01-02 22:00:00,2026-01-03T00:00:00+05:00,2717682dd9ee93926c6abde46db8ed94e183ba31757a8fc00ec36e31adf191ea,gfs_seamless,False
turbine_1,2026-01-03 12:00:00+00:00,24,0.9267828203454709,0.9267828203454709,False,False,0.8926999999999999,10.67,3.0,2026-01-02 19:00:00+00:00,17.0,2026-01-02 22:00:00,2026-01-03T00:00:00+05:00,2717682dd9ee93926c6abde46db8ed94e183ba31757a8fc00ec36e31adf191ea,gfs_seamless,False
turbine_1,2026-01-03 13:00:00+00:00,24,0.960050339479012,0.960050339479012,False,False,0.9377506596306068,11.0,2.4,2026-01-02 19:00:00+00:00,18.0,2026-01-02 22:00:00,2026-01-03T00:00:00+05:00,2717682dd9ee93926c6abde46db8ed94e183ba31757a8fc00ec36e31adf191ea,gfs_seamless,False
turbine_1,2026-01-03 14:00:00+00:00,24,0.9014171306320662,0.9014171306320662,False,False,0.8298972296693476,10.42,2.1,2026-01-02 19:00:00+00:00,19.0,2026-01-02 22:00:00,2026-01-03T00:00:00+05:00,2717682dd9ee93926c6abde46db8ed94e183ba31757a8fc00ec36e31adf191ea,gfs_seamless,False
turbine_1,2026-01-03 15:00:00+00:00,24,0.8989236769337065,0.8989236769337065,False,False,0.8298972296693476,10.47,1.8,2026-01-02 19:00:00+00:00,20.0,2026-01-02 22:00:00,2026-01-03T00:00:00+05:00,2717682dd9ee93926c6abde46db8ed94e183ba31757a8fc00ec36e31adf191ea,gfs_seamless,False
turbine_1,2026-01-03 16:00:00+00:00,24,0.8989236769337065,0.8989236769337065,False,False,0.8298972296693476,10.43,1.8,2026-01-02 19:00:00+00:00,21.0,2026-01-02 22:00:00,2026-01-03T00:00:00+05:00,2717682dd9ee93926c6abde46db8ed94e183ba31757a8fc00ec36e31adf191ea,gfs_seamless,False
turbine_1,2026-01-03 17:00:00+00:00,24,0.8385494195690354,0.8385494195690354,False,False,0.763795746785361,9.97,2.1,2026-01-02 19:00:00+00:00,22.0,2026-01-02 22:00:00,2026-01-03T00:00:00+05:00,2717682dd9ee93926c6abde46db8ed94e183ba31757a8fc00ec36e31adf191ea,gfs_seamless,False
turbine_1,2026-01-03 18:00:00+00:00,24,0.8391642823244425,0.8391642823244425,False,False,0.763795746785361,9.98,1.6,2026-01-02 19:00:00+00:00,23.0,2026-01-02 22:00:00,2026-01-03T00:00:00+05:00,2717682dd9ee93926c6abde46db8ed94e183ba31757a8fc00ec36e31adf191ea,gfs_seamless,False
turbine_1,2026-01-03 19:00:00+00:00,24,0.7942332312817247,0.7942332312817247,False,False,0.694662638469285,9.48,1.2,2026-01-02 19:00:00+00:00,24.0,2026-01-02 22:00:00,2026-01-03T00:00:00+05:00,2717682dd9ee93926c6abde46db8ed94e183ba31757a8fc00ec36e31adf191ea,gfs_seamless,False
turbine_1,2026-01-03 20:00:00+00:00,48,0.9596414685630137,0.9596414685630137,False,False,0.9377506596306068,11.03,1.8,2026-01-02 19:00:00+00:00,25.0,2026-01-02 22:00:00,2026-01-03T00:00:00+05:00,2717682dd9ee93926c6abde46db8ed94e183ba31757a8fc00ec36e31adf191ea,gfs_seamless,False
turbine_1,2026-01-03 21:00:00+00:00,48,0.962963868109892,0.962963868109892,False,False,0.9377506596306068,11.05,1.8,2026-01-02 19:00:00+00:00,26.0,2026-01-02 22:00:00,2026-01-03T00:00:00+05:00,2717682dd9ee93926c6abde46db8ed94e183ba31757a8fc00ec36e31adf191ea,gfs_seamless,False
turbine_1,2026-01-03 22:00:00+00:00,48,0.9819663977498533,0.9819663977498533,False,False,0.9601162250116224,11.61,1.4,2026-01-02 19:00:00+00:00,27.0,2026-01-02 22:00:00,2026-01-03T00:00:00+05:00,2717682dd9ee93926c6abde46db8ed94e183ba31757a8fc00ec36e31adf191ea,gfs_seamless,False
turbine_1,2026-01-03 23:00:00+00:00,48,0.9784428569465425,0.9784428569465425,False,False,0.9377506596306068,11.41,1.1,2026-01-02 19:00:00+00:00,28.0,2026-01-02 22:00:00,2026-01-03T00:00:00+05:00,2717682dd9ee93926c6abde46db8ed94e183ba31757a8fc00ec36e31adf191ea,gfs_seamless,False
turbine_1,2026-01-04 00:00:00+00:00,48,0.9921523693632404,0.9921523693632404,False,False,0.9577674129353234,12.27,0.5,2026-01-02 19:00:00+00:00,29.0,2026-01-02 22:00:00,2026-01-03T00:00:00+05:00,2717682dd9ee93926c6abde46db8ed94e183ba31757a8fc00ec36e31adf191ea,gfs_seamless,False
turbine_1,2026-01-04 01:00:00+00:00,48,0.9821709930310779,0.9821709930310779,False,False,0.9601162250116224,11.9,0.5,2026-01-02 19:00:00+00:00,30.0,2026-01-02 22:00:00,2026-01-03T00:00:00+05:00,2717682dd9ee93926c6abde46db8ed94e183ba31757a8fc00ec36e31adf191ea,gfs_seamless,False
turbine_1,2026-01-04 02:00:00+00:00,48,0.9845838942640917,0.9845838942640917,False,False,0.9601162250116224,11.55,0.0,2026-01-02 19:00:00+00:00,31.0,2026-01-02 22:00:00,2026-01-03T00:00:00+05:00,2717682dd9ee93926c6abde46db8ed94e183ba31757a8fc00ec36e31adf191ea,gfs_seamless,False
turbine_1,2026-01-04 03:00:00+00:00,48,0.9437431949668569,0.9437431949668569,False,False,0.8926999999999999,10.87,0.3,2026-01-02 19:00:00+00:00,32.0,2026-01-02 22:00:00,2026-01-03T00:00:00+05:00,2717682dd9ee93926c6abde46db8ed94e183ba31757a8fc00ec36e31adf191ea,gfs_seamless,False
turbine_1,2026-01-04 04:00:00+00:00,48,0.6438719626835081,0.6438719626835081,False,False,0.626218611521418,8.63,1.9,2026-01-02 19:00:00+00:00,33.0,2026-01-02 22:00:00,2026-01-03T00:00:00+05:00,2717682dd9ee93926c6abde46db8ed94e183ba31757a8fc00ec36e31adf191ea,gfs_seamless,False
turbine_1,2026-01-04 05:00:00+00:00,48,0.31874260151731,0.31874260151731,False,False,0.3257254361799816,6.67,2.6,2026-01-02 19:00:00+00:00,34.0,2026-01-02 22:00:00,2026-01-03T00:00:00+05:00,2717682dd9ee93926c6abde46db8ed94e183ba31757a8fc00ec36e31adf191ea,gfs_seamless,False
turbine_1,2026-01-04 06:00:00+00:00,48,0.09374116402107635,0.09374116402107635,False,False,0.11295850066934406,4.83,3.9,2026-01-02 19:00:00+00:00,35.0,2026-01-02 22:00:00,2026-01-03T00:00:00+05:00,2717682dd9ee93926c6abde46db8ed94e183ba31757a8fc00ec36e31adf191ea,gfs_seamless,False
turbine_1,2026-01-04 07:00:00+00:00,48,0.021183868378162034,0.021183868378162034,False,False,0.025527638190954775,2.9,5.0,2026-01-02 19:00:00+00:00,36.0,2026-01-02 22:00:00,2026-01-03T00:00:00+05:00,2717682dd9ee93926c6abde46db8ed94e183ba31757a8fc00ec36e31adf191ea,gfs_seamless,False
turbine_1,2026-01-04 08:00:00+00:00,48,0.009955726969189335,0.009955726969189335,False,False,0.01104607250755287,1.55,6.0,2026-01-02 19:00:00+00:00,37.0,2026-01-02 22:00:00,2026-01-03T00:00:00+05:00,2717682dd9ee93926c6abde46db8ed94e183ba31757a8fc00ec36e31adf191ea,gfs_seamless,False
turbine_1,2026-01-04 09:00:00+00:00,48,0.009955726969189335,0.009955726969189335,False,False,0.009988662131519273,0.67,6.2,2026-01-02 19:00:00+00:00,38.0,2026-01-02 22:00:00,2026-01-03T00:00:00+05:00,2717682dd9ee93926c6abde46db8ed94e183ba31757a8fc00ec36e31adf191ea,gfs_seamless,False
turbine_1,2026-01-04 10:00:00+00:00,48,0.01698000482575099,0.01698000482575099,False,False,0.025527638190954775,2.69,5.9,2026-01-02 19:00:00+00:00,39.0,2026-01-02 22:00:00,2026-01-03T00:00:00+05:00,2717682dd9ee93926c6abde46db8ed94e183ba31757a8fc00ec36e31adf191ea,gfs_seamless,False
turbine_1,2026-01-04 11:00:00+00:00,48,0.025839124607884338,0.025839124607884338,False,False,0.04060475161987041,3.26,4.5,2026-01-02 19:00:00+00:00,40.0,2026-01-02 22:00:00,2026-01-03T00:00:00+05:00,2717682dd9ee93926c6abde46db8ed94e183ba31757a8fc00ec36e31adf191ea,gfs_seamless,False
turbine_1,2026-01-04 12:00:00+00:00,48,0.09602904946536954,0.09602904946536954,False,False,0.11295850066934406,4.87,3.2,2026-01-02 19:00:00+00:00,41.0,2026-01-02 22:00:00,2026-01-03T00:00:00+05:00,2717682dd9ee93926c6abde46db8ed94e183ba31757a8fc00ec36e31adf191ea,gfs_seamless,False
turbine_1,2026-01-04 13:00:00+00:00,48,0.297467731586666,0.297467731586666,False,False,0.3257254361799816,6.57,3.0,2026-01-02 19:00:00+00:00,42.0,2026-01-02 22:00:00,2026-01-03T00:00:00+05:00,2717682dd9ee93926c6abde46db8ed94e183ba31757a8fc00ec36e31adf191ea,gfs_seamless,False
turbine_1,2026-01-04 14:00:00+00:00,48,0.4737361871695311,0.4737361871695311,False,False,0.475655303030303,7.65,2.9,2026-01-02 19:00:00+00:00,43.0,2026-01-02 22:00:00,2026-01-03T00:00:00+05:00,2717682dd9ee93926c6abde46db8ed94e183ba31757a8fc00ec36e31adf191ea,gfs_seamless,False
turbine_1,2026-01-04 15:00:00+00:00,48,0.494224980241438,0.494224980241438,False,False,0.475655303030303,7.79,2.5,2026-01-02 19:00:00+00:00,44.0,2026-01-02 22:00:00,2026-01-03T00:00:00+05:00,2717682dd9ee93926c6abde46db8ed94e183ba31757a8fc00ec36e31adf191ea,gfs_seamless,False
turbine_1,2026-01-04 16:00:00+00:00,48,0.5978539998842678,0.5978539998842678,False,False,0.5473021582733812,8.32,2.1,2026-01-02 19:00:00+00:00,45.0,2026-01-02 22:00:00,2026-01-03T00:00:00+05:00,2717682dd9ee93926c6abde46db8ed94e183ba31757a8fc00ec36e31adf191ea,gfs_seamless,False
turbine_1,2026-01-04 17:00:00+00:00,48,0.6778716091353352,0.6778716091353352,False,False,0.626218611521418,8.81,1.4,2026-01-02 19:00:00+00:00,46.0,2026-01-02 22:00:00,2026-01-03T00:00:00+05:00,2717682dd9ee93926c6abde46db8ed94e183ba31757a8fc00ec36e31adf191ea,gfs_seamless,False
turbine_1,2026-01-04 18:00:00+00:00,48,0.5193313791026021,0.5193313791026021,False,False,0.475655303030303,7.96,1.1,2026-01-02 19:00:00+00:00,47.0,2026-01-02 22:00:00,2026-01-03T00:00:00+05:00,2717682dd9ee93926c6abde46db8ed94e183ba31757a8fc00ec36e31adf191ea,gfs_seamless,False
turbine_1,2026-01-04 19:00:00+00:00,48,0.39544446458050847,0.39544446458050847,False,False,0.39882590439276483,7.2,1.1,2026-01-02 19:00:00+00:00,48.0,2026-01-02 22:00:00,2026-01-03T00:00:00+05:00,2717682dd9ee93926c6abde46db8ed94e183ba31757a8fc00ec36e31adf191ea,gfs_seamless,False
turbine_2,2026-01-02 20:00:00+00:00,24,0.7880340305358131,0.7880340305358131,False,False,0.7521581836327346,9.78,-0.3,2026-01-02 19:00:00+00:00,1.0,2026-01-02 22:00:00,2026-01-03T00:00:00+05:00,b3cb74d1b3050322bc965894ca9596449c8a5fc36a0f927d3bd2d51968483a2f,gfs_seamless,False
turbine_2,2026-01-02 21:00:00+00:00,24,0.7942888749704111,0.7942888749704111,False,False,0.7521581836327346,9.8,-0.8,2026-01-02 19:00:00+00:00,2.0,2026-01-02 22:00:00,2026-01-03T00:00:00+05:00,b3cb74d1b3050322bc965894ca9596449c8a5fc36a0f927d3bd2d51968483a2f,gfs_seamless,False
turbine_2,2026-01-02 22:00:00+00:00,24,0.7724760149025475,0.7724760149025475,False,False,0.7521581836327346,9.54,-0.9,2026-01-02 19:00:00+00:00,3.0,2026-01-02 22:00:00,2026-01-03T00:00:00+05:00,b3cb74d1b3050322bc965894ca9596449c8a5fc36a0f927d3bd2d51968483a2f,gfs_seamless,False
turbine_2,2026-01-02 23:00:00+00:00,24,0.7900345140984808,0.7900345140984808,False,False,0.7521581836327346,9.75,-1.0,2026-01-02 19:00:00+00:00,4.0,2026-01-02 22:00:00,2026-01-03T00:00:00+05:00,b3cb74d1b3050322bc965894ca9596449c8a5fc36a0f927d3bd2d51968483a2f,gfs_seamless,False
turbine_2,2026-01-03 00:00:00+00:00,24,0.7724760149025475,0.7724760149025475,False,False,0.7521581836327346,9.54,-1.0,2026-01-02 19:00:00+00:00,5.0,2026-01-02 22:00:00,2026-01-03T00:00:00+05:00,b3cb74d1b3050322bc965894ca9596449c8a5fc36a0f927d3bd2d51968483a2f,gfs_seamless,False
turbine_2,2026-01-03 01:00:00+00:00,24,0.7069628809796247,0.7069628809796247,False,False,0.6747792022792023,9.3,-1.1,2026-01-02 19:00:00+00:00,6.0,2026-01-02 22:00:00,2026-01-03T00:00:00+05:00,b3cb74d1b3050322bc965894ca9596449c8a5fc36a0f927d3bd2d51968483a2f,gfs_seamless,False
turbine_2,2026-01-03 02:00:00+00:00,24,0.7913974300190412,0.7913974300190412,False,False,0.7521581836327346,9.66,-1.1,2026-01-02 19:00:00+00:00,7.0,2026-01-02 22:00:00,2026-01-03T00:00:00+05:00,b3cb74d1b3050322bc965894ca9596449c8a5fc36a0f927d3bd2d51968483a2f,gfs_seamless,False
turbine_2,2026-01-03 03:00:00+00:00,24,0.7959058595131174,0.7959058595131174,False,False,0.7521581836327346,9.88,-0.6,2026-01-02 19:00:00+00:00,8.0,2026-01-02 22:00:00,2026-01-03T00:00:00+05:00,b3cb74d1b3050322bc965894ca9596449c8a5fc36a0f927d3bd2d51968483a2f,gfs_seamless,False
turbine_2,2026-01-03 04:00:00+00:00,24,0.784287771143096,0.784287771143096,False,False,0.7521581836327346,9.84,1.5,2026-01-02 19:00:00+00:00,9.0,2026-01-02 22:00:00,2026-01-03T00:00:00+05:00,b3cb74d1b3050322bc965894ca9596449c8a5fc36a0f927d3bd2d51968483a2f,gfs_seamless,False
turbine_2,2026-01-03 05:00:00+00:00,24,0.8635648264443981,0.8635648264443981,False,False,0.8243118427069044,10.24,3.7,2026-01-02 19:00:00+00:00,10.0,2026-01-02 22:00:00,2026-01-03T00:00:00+05:00,b3cb74d1b3050322bc965894ca9596449c8a5fc36a0f927d3bd2d51968483a2f,gfs_seamless,False
turbine_2,2026-01-03 06:00:00+00:00,24,0.9049068140723425,0.9049068140723425,False,False,0.8845220436753194,10.65,5.2,2026-01-02 19:00:00+00:00,11.0,2026-01-02 22:00:00,2026-01-03T00:00:00+05:00,b3cb74d1b3050322bc965894ca9596449c8a5fc36a0f927d3bd2d51968483a2f,gfs_seamless,False
turbine_2,2026-01-03 07:00:00+00:00,24,0.9406711843546429,0.9406711843546429,False,False,0.925302677532014,11.03,6.4,2026-01-02 19:00:00+00:00,12.0,2026-01-02 22:00:00,2026-01-03T00:00:00+05:00,b3cb74d1b3050322bc965894ca9596449c8a5fc36a0f927d3bd2d51968483a2f,gfs_seamless,False
turbine_2,2026-01-03 08:00:00+00:00,24,0.9070358175917744,0.9070358175917744,False,False,0.8845220436753194,10.7,7.3,2026-01-02 19:00:00+00:00,13.0,2026-01-02 22:00:00,2026-01-03T00:00:00+05:00,b3cb74d1b3050322bc965894ca9596449c8a5fc36a0f927d3bd2d51968483a2f,gfs_seamless,False
turbine_2,2026-01-03 09:00:00+00:00,24,0.8963737097867555,0.8963737097867555,False,False,0.8845220436753194,10.56,7.5,2026-01-02 19:00:00+00:00,14.0,2026-01-02 22:00:00,2026-01-03T00:00:00+05:00,b3cb74d1b3050322bc965894ca9596449c8a5fc36a0f927d3bd2d51968483a2f,gfs_seamless,False
turbine_2,2026-01-03 10:00:00+00:00,24,0.9406711843546429,0.9406711843546429,False,False,0.925302677532014,11.05,6.4,2026-01-02 19:00:00+00:00,15.0,2026-01-02 22:00:00,2026-01-03T00:00:00+05:00,b3cb74d1b3050322bc965894ca9596449c8a5fc36a0f927d3bd2d51968483a2f,gfs_seamless,False
turbine_2,2026-01-03 11:00:00+00:00,24,0.9690042331440772,0.9690042331440772,False,False,0.9520113438045376,11.85,4.5,2026-01-02 19:00:00+00:00,16.0,2026-01-02 22:00:00,2026-01-03T00:00:00+05:00,b3cb74d1b3050322bc965894ca9596449c8a5fc36a0f927d3bd2d51968483a2f,gfs_seamless,False
turbine_2,2026-01-03 12:00:00+00:00,24,0.909376717644188,0.909376717644188,False,False,0.8845220436753194,10.67,3.0,2026-01-02 19:00:00+00:00,17.0,2026-01-02 22:00:00,2026-01-03T00:00:00+05:00,b3cb74d1b3050322bc965894ca9596449c8a5fc36a0f927d3bd2d51968483a2f,gfs_seamless,False
turbine_2,2026-01-03 13:00:00+00:00,24,0.9441945031723972,0.9441945031723972,False,False,0.925302677532014,11.0,2.4,2026-01-02 19:00:00+00:00,18.0,2026-01-02 22:00:00,2026-01-03T00:00:00+05:00,b3cb74d1b3050322bc965894ca9596449c8a5fc36a0f927d3bd2d51968483a2f,gfs_seamless,False
turbine_2,2026-01-03 14:00:00+00:00,24,0.8756789044886591,0.8756789044886591,False,False,0.8243118427069044,10.42,2.1,2026-01-02 19:00:00+00:00,19.0,2026-01-02 22:00:00,2026-01-03T00:00:00+05:00,b3cb74d1b3050322bc965894ca9596449c8a5fc36a0f927d3bd2d51968483a2f,gfs_seamless,False
turbine_2,2026-01-03 15:00:00+00:00,24,0.8692540544236463,0.8692540544236463,False,False,0.8243118427069044,10.47,1.8,2026-01-02 19:00:00+00:00,20.0,2026-01-02 22:00:00,2026-01-03T00:00:00+05:00,b3cb74d1b3050322bc965894ca9596449c8a5fc36a0f927d3bd2d51968483a2f,gfs_seamless,False
turbine_2,2026-01-03 16:00:00+00:00,24,0.871092814735793,0.871092814735793,False,False,0.8243118427069044,10.43,1.8,2026-01-02 19:00:00+00:00,21.0,2026-01-02 22:00:00,2026-01-03T00:00:00+05:00,b3cb74d1b3050322bc965894ca9596449c8a5fc36a0f927d3bd2d51968483a2f,gfs_seamless,False
turbine_2,2026-01-03 17:00:00+00:00,24,0.8215432376867915,0.8215432376867915,False,False,0.7521581836327346,9.97,2.1,2026-01-02 19:00:00+00:00,22.0,2026-01-02 22:00:00,2026-01-03T00:00:00+05:00,b3cb74d1b3050322bc965894ca9596449c8a5fc36a0f927d3bd2d51968483a2f,gfs_seamless,False
turbine_2,2026-01-03 18:00:00+00:00,24,0.8142339820632515,0.8142339820632515,False,False,0.7521581836327346,9.98,1.6,2026-01-02 19:00:00+00:00,23.0,2026-01-02 22:00:00,2026-01-03T00:00:00+05:00,b3cb74d1b3050322bc965894ca9596449c8a5fc36a0f927d3bd2d51968483a2f,gfs_seamless,False
turbine_2,2026-01-03 19:00:00+00:00,24,0.7340830260409913,0.7340830260409913,False,False,0.6747792022792023,9.48,1.2,2026-01-02 19:00:00+00:00,24.0,2026-01-02 22:00:00,2026-01-03T00:00:00+05:00,b3cb74d1b3050322bc965894ca9596449c8a5fc36a0f927d3bd2d51968483a2f,gfs_seamless,False
turbine_2,2026-01-03 20:00:00+00:00,48,0.9450217062544044,0.9450217062544044,False,False,0.925302677532014,11.03,1.8,2026-01-02 19:00:00+00:00,25.0,2026-01-02 22:00:00,2026-01-03T00:00:00+05:00,b3cb74d1b3050322bc965894ca9596449c8a5fc36a0f927d3bd2d51968483a2f,gfs_seamless,False
turbine_2,2026-01-03 21:00:00+00:00,48,0.9450217062544044,0.9450217062544044,False,False,0.925302677532014,11.05,1.8,2026-01-02 19:00:00+00:00,26.0,2026-01-02 22:00:00,2026-01-03T00:00:00+05:00,b3cb74d1b3050322bc965894ca9596449c8a5fc36a0f927d3bd2d51968483a2f,gfs_seamless,False
turbine_2,2026-01-03 22:00:00+00:00,48,0.9725842478581113,0.9725842478581113,False,False,0.9520113438045376,11.61,1.4,2026-01-02 19:00:00+00:00,27.0,2026-01-02 22:00:00,2026-01-03T00:00:00+05:00,b3cb74d1b3050322bc965894ca9596449c8a5fc36a0f927d3bd2d51968483a2f,gfs_seamless,False
turbine_2,2026-01-03 23:00:00+00:00,48,0.9617880883696729,0.9617880883696729,False,False,0.925302677532014,11.41,1.1,2026-01-02 19:00:00+00:00,28.0,2026-01-02 22:00:00,2026-01-03T00:00:00+05:00,b3cb74d1b3050322bc965894ca9596449c8a5fc36a0f927d3bd2d51968483a2f,gfs_seamless,False
turbine_2,2026-01-04 00:00:00+00:00,48,0.9760073583670942,0.9760073583670942,False,False,0.9571070811744387,12.27,0.5,2026-01-02 19:00:00+00:00,29.0,2026-01-02 22:00:00,2026-01-03T00:00:00+05:00,b3cb74d1b3050322bc965894ca9596449c8a5fc36a0f927d3bd2d51968483a2f,gfs_seamless,False
turbine_2,2026-01-04 01:00:00+00:00,48,0.9713744641080214,0.9713744641080214,False,False,0.9520113438045376,11.9,0.5,2026-01-02 19:00:00+00:00,30.0,2026-01-02 22:00:00,2026-01-03T00:00:00+05:00,b3cb74d1b3050322bc965894ca9596449c8a5fc36a0f927d3bd2d51968483a2f,gfs_seamless,False
turbine_2,2026-01-04 02:00:00+00:00,48,0.9769653381954958,0.9769653381954958,False,False,0.9520113438045376,11.55,0.0,2026-01-02 19:00:00+00:00,31.0,2026-01-02 22:00:00,2026-01-03T00:00:00+05:00,b3cb74d1b3050322bc965894ca9596449c8a5fc36a0f927d3bd2d51968483a2f,gfs_seamless,False
turbine_2,2026-01-04 03:00:00+00:00,48,0.9316297400884785,0.9316297400884785,False,False,0.8845220436753194,10.87,0.3,2026-01-02 19:00:00+00:00,32.0,2026-01-02 22:00:00,2026-01-03T00:00:00+05:00,b3cb74d1b3050322bc965894ca9596449c8a5fc36a0f927d3bd2d51968483a2f,gfs_seamless,False
turbine_2,2026-01-04 04:00:00+00:00,48,0.605401946228401,0.605401946228401,False,False,0.6153620218579234,8.63,1.9,2026-01-02 19:00:00+00:00,33.0,2026-01-02 22:00:00,2026-01-03T00:00:00+05:00,b3cb74d1b3050322bc965894ca9596449c8a5fc36a0f927d3bd2d51968483a2f,gfs_seamless,False
turbine_2,2026-01-04 05:00:00+00:00,48,0.2851896355732249,0.2851896355732249,False,False,0.3145419277827514,6.67,2.6,2026-01-02 19:00:00+00:00,34.0,2026-01-02 22:00:00,2026-01-03T00:00:00+05:00,b3cb74d1b3050322bc965894ca9596449c8a5fc36a0f927d3bd2d51968483a2f,gfs_seamless,False
turbine_2,2026-01-04 06:00:00+00:00,48,0.0879131172189762,0.0879131172189762,False,False,0.1067025593008739,4.83,3.9,2026-01-02 19:00:00+00:00,35.0,2026-01-02 22:00:00,2026-01-03T00:00:00+05:00,b3cb74d1b3050322bc965894ca9596449c8a5fc36a0f927d3bd2d51968483a2f,gfs_seamless,False
turbine_2,2026-01-04 07:00:00+00:00,48,0.01710726092194999,0.01710726092194999,False,False,0.02421223354958295,2.9,5.0,2026-01-02 19:00:00+00:00,36.0,2026-01-02 22:00:00,2026-01-03T00:00:00+05:00,b3cb74d1b3050322bc965894ca9596449c8a5fc36a0f927d3bd2d51968483a2f,gfs_seamless,False
turbine_2,2026-01-04 08:00:00+00:00,48,0.0097455239969403,0.0097455239969403,False,False,0.010140415140415141,1.55,6.0,2026-01-02 19:00:00+00:00,37.0,2026-01-02 22:00:00,2026-01-03T00:00:00+05:00,b3cb74d1b3050322bc965894ca9596449c8a5fc36a0f927d3bd2d51968483a2f,gfs_seamless,False
turbine_2,2026-01-04 09:00:00+00:00,48,0.009788551814925847,0.009788551814925847,False,False,0.009929356357927787,0.67,6.2,2026-01-02 19:00:00+00:00,38.0,2026-01-02 22:00:00,2026-01-03T00:00:00+05:00,b3cb74d1b3050322bc965894ca9596449c8a5fc36a0f927d3bd2d51968483a2f,gfs_seamless,False
turbine_2,2026-01-04 10:00:00+00:00,48,0.016135830313472554,0.016135830313472554,False,False,0.02421223354958295,2.69,5.9,2026-01-02 19:00:00+00:00,39.0,2026-01-02 22:00:00,2026-01-03T00:00:00+05:00,b3cb74d1b3050322bc965894ca9596449c8a5fc36a0f927d3bd2d51968483a2f,gfs_seamless,False
turbine_2,2026-01-04 11:00:00+00:00,48,0.017803191648870682,0.017803191648870682,False,False,0.03753750815394651,3.26,4.5,2026-01-02 19:00:00+00:00,40.0,2026-01-02 22:00:00,2026-01-03T00:00:00+05:00,b3cb74d1b3050322bc965894ca9596449c8a5fc36a0f927d3bd2d51968483a2f,gfs_seamless,False
turbine_2,2026-01-04 12:00:00+00:00,48,0.08550057123045812,0.08550057123045812,False,False,0.1067025593008739,4.87,3.2,2026-01-02 19:00:00+00:00,41.0,2026-01-02 22:00:00,2026-01-03T00:00:00+05:00,b3cb74d1b3050322bc965894ca9596449c8a5fc36a0f927d3bd2d51968483a2f,gfs_seamless,False
turbine_2,2026-01-04 13:00:00+00:00,48,0.2747865678769806,0.2747865678769806,False,False,0.3145419277827514,6.57,3.0,2026-01-02 19:00:00+00:00,42.0,2026-01-02 22:00:00,2026-01-03T00:00:00+05:00,b3cb74d1b3050322bc965894ca9596449c8a5fc36a0f927d3bd2d51968483a2f,gfs_seamless,False
turbine_2,2026-01-04 14:00:00+00:00,48,0.4250651640540124,0.4250651640540124,False,False,0.4598233404710921,7.65,2.9,2026-01-02 19:00:00+00:00,43.0,2026-01-02 22:00:00,2026-01-03T00:00:00+05:00,b3cb74d1b3050322bc965894ca9596449c8a5fc36a0f927d3bd2d51968483a2f,gfs_seamless,False
turbine_2,2026-01-04 15:00:00+00:00,48,0.4670235163364712,0.4670235163364712,False,False,0.4598233404710921,7.79,2.5,2026-01-02 19:00:00+00:00,44.0,2026-01-02 22:00:00,2026-01-03T00:00:00+05:00,b3cb74d1b3050322bc965894ca9596449c8a5fc36a0f927d3bd2d51968483a2f,gfs_seamless,False
turbine_2,2026-01-04 16:00:00+00:00,48,0.5762098252316258,0.5762098252316258,False,False,0.5338825995807128,8.32,2.1,2026-01-02 19:00:00+00:00,45.0,2026-01-02 22:00:00,2026-01-03T00:00:00+05:00,b3cb74d1b3050322bc965894ca9596449c8a5fc36a0f927d3bd2d51968483a2f,gfs_seamless,False
turbine_2,2026-01-04 17:00:00+00:00,48,0.6388690727463818,0.6388690727463818,False,False,0.6153620218579234,8.81,1.4,2026-01-02 19:00:00+00:00,46.0,2026-01-02 22:00:00,2026-01-03T00:00:00+05:00,b3cb74d1b3050322bc965894ca9596449c8a5fc36a0f927d3bd2d51968483a2f,gfs_seamless,False
turbine_2,2026-01-04 18:00:00+00:00,48,0.5116121343463235,0.5116121343463235,False,False,0.4598233404710921,7.96,1.1,2026-01-02 19:00:00+00:00,47.0,2026-01-02 22:00:00,2026-01-03T00:00:00+05:00,b3cb74d1b3050322bc965894ca9596449c8a5fc36a0f927d3bd2d51968483a2f,gfs_seamless,False
turbine_2,2026-01-04 19:00:00+00:00,48,0.35840328131757926,0.35840328131757926,False,False,0.3887532552083333,7.2,1.1,2026-01-02 19:00:00+00:00,48.0,2026-01-02 22:00:00,2026-01-03T00:00:00+05:00,b3cb74d1b3050322bc965894ca9596449c8a5fc36a0f927d3bd2d51968483a2f,gfs_seamless,False
turbine_1,2026-01-03 20:00:00+00:00,24,0.7313375766965744,0.7313375766965744,False,False,0.694662638469285,9.32,0.7,2026-01-03 19:00:00+00:00,1.0,2026-01-03 22:00:00,2026-01-04T00:00:00+05:00,ab5a78a565114a0bebe4189c1cc075f30a4ebc4a0183bc428de7c7b0c19c736e,gfs_seamless,False
turbine_1,2026-01-03 21:00:00+00:00,24,0.7846463866482453,0.7846463866482453,False,False,0.694662638469285,9.48,0.4,2026-01-03 19:00:00+00:00,2.0,2026-01-03 22:00:00,2026-01-04T00:00:00+05:00,ab5a78a565114a0bebe4189c1cc075f30a4ebc4a0183bc428de7c7b0c19c736e,gfs_seamless,False
turbine_1,2026-01-03 22:00:00+00:00,24,0.810949117089409,0.810949117089409,False,False,0.763795746785361,9.7,0.4,2026-01-03 19:00:00+00:00,3.0,2026-01-03 22:00:00,2026-01-04T00:00:00+05:00,ab5a78a565114a0bebe4189c1cc075f30a4ebc4a0183bc428de7c7b0c19c736e,gfs_seamless,False
turbine_1,2026-01-03 23:00:00+00:00,24,0.84400461826885,0.84400461826885,False,False,0.763795746785361,9.97,0.2,2026-01-03 19:00:00+00:00,4.0,2026-01-03 22:00:00,2026-01-04T00:00:00+05:00,ab5a78a565114a0bebe4189c1cc075f30a4ebc4a0183bc428de7c7b0c19c736e,gfs_seamless,False
turbine_1,2026-01-04 00:00:00+00:00,24,0.8595188727647409,0.8595188727647409,False,False,0.8298972296693476,10.06,-0.5,2026-01-03 19:00:00+00:00,5.0,2026-01-03 22:00:00,2026-01-04T00:00:00+05:00,ab5a78a565114a0bebe4189c1cc075f30a4ebc4a0183bc428de7c7b0c19c736e,gfs_seamless,False
turbine_1,2026-01-04 01:00:00+00:00,24,0.8796648032033509,0.8796648032033509,False,False,0.8298972296693476,10.2,-0.8,2026-01-03 19:00:00+00:00,6.0,2026-01-03 22:00:00,2026-01-04T00:00:00+05:00,ab5a78a565114a0bebe4189c1cc075f30a4ebc4a0183bc428de7c7b0c19c736e,gfs_seamless,False
turbine_1,2026-01-04 02:00:00+00:00,24,0.7838400317607622,0.7838400317607622,False,False,0.763795746785361,9.53,-1.4,2026-01-03 19:00:00+00:00,7.0,2026-01-03 22:00:00,2026-01-04T00:00:00+05:00,ab5a78a565114a0bebe4189c1cc075f30a4ebc4a0183bc428de7c7b0c19c736e,gfs_seamless,False
turbine_1,2026-01-04 03:00:00+00:00,24,0.634261094517043,0.634261094517043,False,False,0.626218611521418,8.62,-0.9,2026-01-03 19:00:00+00:00,8.0,2026-01-03 22:00:00,2026-01-04T00:00:00+05:00,ab5a78a565114a0bebe4189c1cc075f30a4ebc4a0183bc428de7c7b0c19c736e,gfs_seamless,False
turbine_1,2026-01-04 04:00:00+00:00,24,0.3027325967348288,0.3027325967348288,False,False,0.3256602622750839,6.6,1.1,2026-01-03 19:00:00+00:00,9.0,2026-01-03 22:00:00,2026-01-04T00:00:00+05:00,ab5a78a565114a0bebe4189c1cc075f30a4ebc4a0183bc428de7c7b0c19c736e,gfs_seamless,False
turbine_1,2026-01-04 05:00:00+00:00,24,0.10488938553465851,0.10488938553465851,False,False,0.15009268136784917,5.04,2.7,2026-01-03 19:00:00+00:00,10.0,2026-01-03 22:00:00,2026-01-04T00:00:00+05:00,ab5a78a565114a0bebe4189c1cc075f30a4ebc4a0183bc428de7c7b0c19c736e,gfs_seamless,False
turbine_1,2026-01-04 06:00:00+00:00,24,0.08605499029812619,0.08605499029812619,False,False,0.11295850066934406,4.69,3.9,2026-01-03 19:00:00+00:00,11.0,2026-01-03 22:00:00,2026-01-04T00:00:00+05:00,ab5a78a565114a0bebe4189c1cc075f30a4ebc4a0183bc428de7c7b0c19c736e,gfs_seamless,False
turbine_1,2026-01-04 07:00:00+00:00,24,0.03266891331674165,0.03266891331674165,False,False,0.0586927374301676,3.71,4.7,2026-01-03 19:00:00+00:00,12.0,2026-01-03 22:00:00,2026-01-04T00:00:00+05:00,ab5a78a565114a0bebe4189c1cc075f30a4ebc4a0183bc428de7c7b0c19c736e,gfs_seamless,False
turbine_1,2026-01-04 08:00:00+00:00,24,0.012885712562540843,0.012885712562540843,False,False,0.016143033673154155,2.24,5.5,2026-01-03 19:00:00+00:00,13.0,2026-01-03 22:00:00,2026-01-04T00:00:00+05:00,ab5a78a565114a0bebe4189c1cc075f30a4ebc4a0183bc428de7c7b0c19c736e,gfs_seamless,False
turbine_1,2026-01-04 09:00:00+00:00,24,0.010076134642787308,0.010076134642787308,False,False,0.009988662131519273,0.86,5.9,2026-01-03 19:00:00+00:00,14.0,2026-01-03 22:00:00,2026-01-04T00:00:00+05:00,ab5a78a565114a0bebe4189c1cc075f30a4ebc4a0183bc428de7c7b0c19c736e,gfs_seamless,False
turbine_1,2026-01-04 10:00:00+00:00,24,0.009989845805092852,0.009989845805092852,False,False,0.009956960522410211,1.33,5.3,2026-01-03 19:00:00+00:00,15.0,2026-01-03 22:00:00,2026-01-04T00:00:00+05:00,ab5a78a565114a0bebe4189c1cc075f30a4ebc4a0183bc428de7c7b0c19c736e,gfs_seamless,False
turbine_1,2026-01-04 11:00:00+00:00,24,0.011336324295611006,0.011336324295611006,False,False,0.016143033673154155,2.06,3.8,2026-01-03 19:00:00+00:00,16.0,2026-01-03 22:00:00,2026-01-04T00:00:00+05:00,ab5a78a565114a0bebe4189c1cc075f30a4ebc4a0183bc428de7c7b0c19c736e,gfs_seamless,False
turbine_1,2026-01-04 12:00:00+00:00,24,0.08715272365259155,0.08715272365259155,False,False,0.11295850066934406,4.81,2.8,2026-01-03 19:00:00+00:00,17.0,2026-01-03 22:00:00,2026-01-04T00:00:00+05:00,ab5a78a565114a0bebe4189c1cc075f30a4ebc4a0183bc428de7c7b0c19c736e,gfs_seamless,False
turbine_1,2026-01-04 13:00:00+00:00,24,0.2772566306699103,0.2772566306699103,False,False,0.25723262032085564,6.49,2.4,2026-01-03 19:00:00+00:00,18.0,2026-01-03 22:00:00,2026-01-04T00:00:00+05:00,ab5a78a565114a0bebe4189c1cc075f30a4ebc4a0183bc428de7c7b0c19c736e,gfs_seamless,False
turbine_1,2026-01-04 14:00:00+00:00,24,0.33405205378606073,0.33405205378606073,False,False,0.3256602622750839,6.8,2.6,2026-01-03 19:00:00+00:00,19.0,2026-01-03 22:00:00,2026-01-04T00:00:00+05:00,ab5a78a565114a0bebe4189c1cc075f30a4ebc4a0183bc428de7c7b0c19c736e,gfs_seamless,False
turbine_1,2026-01-04 15:00:00+00:00,24,0.33246422386722274,0.33246422386722274,False,False,0.3256602622750839,6.76,2.6,2026-01-03 19:00:00+00:00,20.0,2026-01-03 22:00:00,2026-01-04T00:00:00+05:00,ab5a78a565114a0bebe4189c1cc075f30a4ebc4a0183bc428de7c7b0c19c736e,gfs_seamless,False
turbine_1,2026-01-04 16:00:00+00:00,24,0.3610242192943449,0.3610242192943449,False,False,0.3256602622750839,6.95,2.2,2026-01-03 19:00:00+00:00,21.0,2026-01-03 22:00:00,2026-01-04T00:00:00+05:00,ab5a78a565114a0bebe4189c1cc075f30a4ebc4a0183bc428de7c7b0c19c736e,gfs_seamless,False
turbine_1,2026-01-04 17:00:00+00:00,24,0.40629654347280664,0.40629654347280664,False,False,0.39882590439276483,7.24,1.6,2026-01-03 19:00:00+00:00,22.0,2026-01-03 22:00:00,2026-01-04T00:00:00+05:00,ab5a78a565114a0bebe4189c1cc075f30a4ebc4a0183bc428de7c7b0c19c736e,gfs_seamless,False
turbine_1,2026-01-04 18:00:00+00:00,24,0.2602346085344017,0.2602346085344017,False,False,0.25723262032085564,6.4,1.5,2026-01-03 19:00:00+00:00,23.0,2026-01-03 22:00:00,2026-01-04T00:00:00+05:00,ab5a78a565114a0bebe4189c1cc075f30a4ebc4a0183bc428de7c7b0c19c736e,gfs_seamless,False
turbine_1,2026-01-04 19:00:00+00:00,24,0.17458617199816337,0.17458617199816337,False,False,0.19654138513513514,5.82,1.2,2026-01-03 19:00:00+00:00,24.0,2026-01-03 22:00:00,2026-01-04T00:00:00+05:00,ab5a78a565114a0bebe4189c1cc075f30a4ebc4a0183bc428de7c7b0c19c736e,gfs_seamless,False
turbine_1,2026-01-04 20:00:00+00:00,48,0.3111736937782866,0.3111736937782866,False,False,0.3256602622750839,6.67,1.0,2026-01-03 19:00:00+00:00,25.0,2026-01-03 22:00:00,2026-01-04T00:00:00+05:00,ab5a78a565114a0bebe4189c1cc075f30a4ebc4a0183bc428de7c7b0c19c736e,gfs_seamless,False
turbine_1,2026-01-04 21:00:00+00:00,48,0.22513226572211362,0.22513226572211362,False,False,0.25723262032085564,6.17,1.1,2026-01-03 19:00:00+00:00,26.0,2026-01-03 22:00:00,2026-01-04T00:00:00+05:00,ab5a78a565114a0bebe4189c1cc075f30a4ebc4a0183bc428de7c7b0c19c736e,gfs_seamless,False
turbine_1,2026-01-04 22:00:00+00:00,48,0.17489622055931567,0.17489622055931567,False,False,0.19654138513513514,5.87,1.3,2026-01-03 19:00:00+00:00,27.0,2026-01-03 22:00:00,2026-01-04T00:00:00+05:00,ab5a78a565114a0bebe4189c1cc075f30a4ebc4a0183bc428de7c7b0c19c736e,gfs_seamless,False
turbine_1,2026-01-04 23:00:00+00:00,48,0.1438361774619343,0.1438361774619343,False,False,0.19654138513513514,5.6,0.7,2026-01-03 19:00:00+00:00,28.0,2026-01-03 22:00:00,2026-01-04T00:00:00+05:00,ab5a78a565114a0bebe4189c1cc075f30a4ebc4a0183bc428de7c7b0c19c736e,gfs_seamless,False
turbine_1,2026-01-05 00:00:00+00:00,48,0.05218052457171351,0.05218052457171351,False,False,0.08268498942917547,4.4,0.6,2026-01-03 19:00:00+00:00,29.0,2026-01-03 22:00:00,2026-01-04T00:00:00+05:00,ab5a78a565114a0bebe4189c1cc075f30a4ebc4a0183bc428de7c7b0c19c736e,gfs_seamless,False
turbine_1,2026-01-05 01:00:00+00:00,48,0.02278045122852873,0.02278045122852873,False,False,0.0586927374301676,3.56,0.8,2026-01-03 19:00:00+00:00,30.0,2026-01-03 22:00:00,2026-01-04T00:00:00+05:00,ab5a78a565114a0bebe4189c1cc075f30a4ebc4a0183bc428de7c7b0c19c736e,gfs_seamless,False
turbine_1,2026-01-05 02:00:00+00:00,48,0.009334365452545535,0.009334365452545535,False,False,0.009956960522410211,1.08,0.5,2026-01-03 19:00:00+00:00,31.0,2026-01-03 22:00:00,2026-01-04T00:00:00+05:00,ab5a78a565114a0bebe4189c1cc075f30a4ebc4a0183bc428de7c7b0c19c736e,gfs_seamless,False
turbine_1,2026-01-05 03:00:00+00:00,48,0.009334365452545535,0.009334365452545535,False,False,0.009988662131519273,0.81,0.7,2026-01-03 19:00:00+00:00,32.0,2026-01-03 22:00:00,2026-01-04T00:00:00+05:00,ab5a78a565114a0bebe4189c1cc075f30a4ebc4a0183bc428de7c7b0c19c736e,gfs_seamless,False
turbine_1,2026-01-05 04:00:00+00:00,48,0.010061978863133165,0.010061978863133165,False,False,0.01104607250755287,1.8,1.0,2026-01-03 19:00:00+00:00,33.0,2026-01-03 22:00:00,2026-01-04T00:00:00+05:00,ab5a78a565114a0bebe4189c1cc075f30a4ebc4a0183bc428de7c7b0c19c736e,gfs_seamless,False
turbine_1,2026-01-05 05:00:00+00:00,48,0.020044309596209172,0.020044309596209172,False,False,0.04060475161987041,3.0,1.2,2026-01-03 19:00:00+00:00,34.0,2026-01-03 22:00:00,2026-01-04T00:00:00+05:00,ab5a78a565114a0bebe4189c1cc075f30a4ebc4a0183bc428de7c7b0c19c736e,gfs_seamless,False
turbine_1,2026-01-05 06:00:00+00:00,48,0.012700151142704678,0.012700151142704678,False,False,0.016143033673154155,2.4,1.6,2026-01-03 19:00:00+00:00,35.0,2026-01-03 22:00:00,2026-01-04T00:00:00+05:00,ab5a78a565114a0bebe4189c1cc075f30a4ebc4a0183bc428de7c7b0c19c736e,gfs_seamless,False
turbine_1,2026-01-05 07:00:00+00:00,48,0.020075005011273014,0.020075005011273014,False,False,0.04060475161987041,3.08,1.6,2026-01-03 19:00:00+00:00,36.0,2026-01-03 22:00:00,2026-01-04T00:00:00+05:00,ab5a78a565114a0bebe4189c1cc075f30a4ebc4a0183bc428de7c7b0c19c736e,gfs_seamless,False
turbine_1,2026-01-05 08:00:00+00:00,48,0.02246339298063594,0.02246339298063594,False,False,0.04060475161987041,3.2,1.4,2026-01-03 19:00:00+00:00,37.0,2026-01-03 22:00:00,2026-01-04T00:00:00+05:00,ab5a78a565114a0bebe4189c1cc075f30a4ebc4a0183bc428de7c7b0c19c736e,gfs_seamless,False
turbine_1,2026-01-05 09:00:00+00:00,48,0.016798672871494173,0.016798672871494173,False,False,0.025527638190954775,2.81,1.7,2026-01-03 19:00:00+00:00,38.0,2026-01-03 22:00:00,2026-01-04T00:00:00+05:00,ab5a78a565114a0bebe4189c1cc075f30a4ebc4a0183bc428de7c7b0c19c736e,gfs_seamless,False
turbine_1,2026-01-05 10:00:00+00:00,48,0.012563642425487282,0.012563642425487282,False,False,0.016143033673154155,2.4,2.2,2026-01-03 19:00:00+00:00,39.0,2026-01-03 22:00:00,2026-01-04T00:00:00+05:00,ab5a78a565114a0bebe4189c1cc075f30a4ebc4a0183bc428de7c7b0c19c736e,gfs_seamless,False
turbine_1,2026-01-05 11:00:00+00:00,48,0.012437596232692803,0.012437596232692803,False,False,0.016143033673154155,2.3,2.3,2026-01-03 19:00:00+00:00,40.0,2026-01-03 22:00:00,2026-01-04T00:00:00+05:00,ab5a78a565114a0bebe4189c1cc075f30a4ebc4a0183bc428de7c7b0c19c736e,gfs_seamless,False
turbine_1,2026-01-05 12:00:00+00:00,48,0.026843948264064558,0.026843948264064558,False,False,0.0586927374301676,3.64,1.3,2026-01-03 19:00:00+00:00,41.0,2026-01-03 22:00:00,2026-01-04T00:00:00+05:00,ab5a78a565114a0bebe4189c1cc075f30a4ebc4a0183bc428de7c7b0c19c736e,gfs_seamless,False
turbine_1,2026-01-05 13:00:00+00:00,48,0.09769722532044367,0.09769722532044367,False,False,0.15009268136784917,5.0,1.2,2026-01-03 19:00:00+00:00,42.0,2026-01-03 22:00:00,2026-01-04T00:00:00+05:00,ab5a78a565114a0bebe4189c1cc075f30a4ebc4a0183bc428de7c7b0c19c736e,gfs_seamless,False
turbine_1,2026-01-05 14:00:00+00:00,48,0.259256864848563,0.259256864848563,False,False,0.25723262032085564,6.31,0.8,2026-01-03 19:00:00+00:00,43.0,2026-01-03 22:00:00,2026-01-04T00:00:00+05:00,ab5a78a565114a0bebe4189c1cc075f30a4ebc4a0183bc428de7c7b0c19c736e,gfs_seamless,False
turbine_1,2026-01-05 15:00:00+00:00,48,0.40919539857008586,0.40919539857008586,False,False,0.39882590439276483,7.25,0.6,2026-01-03 19:00:00+00:00,44.0,2026-01-03 22:00:00,2026-01-04T00:00:00+05:00,ab5a78a565114a0bebe4189c1cc075f30a4ebc4a0183bc428de7c7b0c19c736e,gfs_seamless,False
turbine_1,2026-01-05 16:00:00+00:00,48,0.5711959014454581,0.5711959014454581,False,False,0.5473273453093812,8.18,-0.0,2026-01-03 19:00:00+00:00,45.0,2026-01-03 22:00:00,2026-01-04T00:00:00+05:00,ab5a78a565114a0bebe4189c1cc075f30a4ebc4a0183bc428de7c7b0c19c736e,gfs_seamless,False
turbine_1,2026-01-05 17:00:00+00:00,48,0.6994572707657102,0.6994572707657102,False,False,0.694662638469285,9.08,-0.7,2026-01-03 19:00:00+00:00,46.0,2026-01-03 22:00:00,2026-01-04T00:00:00+05:00,ab5a78a565114a0bebe4189c1cc075f30a4ebc4a0183bc428de7c7b0c19c736e,gfs_seamless,False
turbine_1,2026-01-05 18:00:00+00:00,48,0.8348317671718948,0.8348317671718948,False,False,0.8298972296693476,10.03,-0.6,2026-01-03 19:00:00+00:00,47.0,2026-01-03 22:00:00,2026-01-04T00:00:00+05:00,ab5a78a565114a0bebe4189c1cc075f30a4ebc4a0183bc428de7c7b0c19c736e,gfs_seamless,False
turbine_1,2026-01-05 19:00:00+00:00,48,0.8765024704267071,0.8765024704267071,False,False,0.8298972296693476,10.33,-0.7,2026-01-03 19:00:00+00:00,48.0,2026-01-03 22:00:00,2026-01-04T00:00:00+05:00,ab5a78a565114a0bebe4189c1cc075f30a4ebc4a0183bc428de7c7b0c19c736e,gfs_seamless,False
turbine_2,2026-01-03 20:00:00+00:00,24,0.7070527680926395,0.7070527680926395,False,False,0.6747792022792023,9.32,0.7,2026-01-03 19:00:00+00:00,1.0,2026-01-03 22:00:00,2026-01-04T00:00:00+05:00,73d116a5ee5ecc1934a2031f53627ba94d7db23a69d6fb6c4eb3708013ad106d,gfs_seamless,False
turbine_2,2026-01-03 21:00:00+00:00,24,0.7414935707149951,0.7414935707149951,False,False,0.6747792022792023,9.48,0.4,2026-01-03 19:00:00+00:00,2.0,2026-01-03 22:00:00,2026-01-04T00:00:00+05:00,73d116a5ee5ecc1934a2031f53627ba94d7db23a69d6fb6c4eb3708013ad106d,gfs_seamless,False
turbine_2,2026-01-03 22:00:00+00:00,24,0.7848982006167079,0.7848982006167079,False,False,0.7521581836327346,9.7,0.4,2026-01-03 19:00:00+00:00,3.0,2026-01-03 22:00:00,2026-01-04T00:00:00+05:00,73d116a5ee5ecc1934a2031f53627ba94d7db23a69d6fb6c4eb3708013ad106d,gfs_seamless,False
turbine_2,2026-01-03 23:00:00+00:00,24,0.830636238696545,0.830636238696545,False,False,0.7521581836327346,9.97,0.2,2026-01-03 19:00:00+00:00,4.0,2026-01-03 22:00:00,2026-01-04T00:00:00+05:00,73d116a5ee5ecc1934a2031f53627ba94d7db23a69d6fb6c4eb3708013ad106d,gfs_seamless,False
turbine_2,2026-01-04 00:00:00+00:00,24,0.8298838283511,0.8298838283511,False,False,0.8243118427069044,10.06,-0.5,2026-01-03 19:00:00+00:00,5.0,2026-01-03 22:00:00,2026-01-04T00:00:00+05:00,73d116a5ee5ecc1934a2031f53627ba94d7db23a69d6fb6c4eb3708013ad106d,gfs_seamless,False
turbine_2,2026-01-04 01:00:00+00:00,24,0.8518972855177743,0.8518972855177743,False,False,0.8243118427069044,10.2,-0.8,2026-01-03 19:00:00+00:00,6.0,2026-01-03 22:00:00,2026-01-04T00:00:00+05:00,73d116a5ee5ecc1934a2031f53627ba94d7db23a69d6fb6c4eb3708013ad106d,gfs_seamless,False
turbine_2,2026-01-04 02:00:00+00:00,24,0.7564510120816461,0.7564510120816461,False,False,0.7521581836327346,9.53,-1.4,2026-01-03 19:00:00+00:00,7.0,2026-01-03 22:00:00,2026-01-04T00:00:00+05:00,73d116a5ee5ecc1934a2031f53627ba94d7db23a69d6fb6c4eb3708013ad106d,gfs_seamless,False
turbine_2,2026-01-04 03:00:00+00:00,24,0.5935961773876427,0.5935961773876427,False,False,0.6153620218579234,8.62,-0.9,2026-01-03 19:00:00+00:00,8.0,2026-01-03 22:00:00,2026-01-04T00:00:00+05:00,73d116a5ee5ecc1934a2031f53627ba94d7db23a69d6fb6c4eb3708013ad106d,gfs_seamless,False
turbine_2,2026-01-04 04:00:00+00:00,24,0.27957430398118494,0.27957430398118494,False,False,0.31438948306595366,6.6,1.1,2026-01-03 19:00:00+00:00,9.0,2026-01-03 22:00:00,2026-01-04T00:00:00+05:00,73d116a5ee5ecc1934a2031f53627ba94d7db23a69d6fb6c4eb3708013ad106d,gfs_seamless,False
turbine_2,2026-01-04 05:00:00+00:00,24,0.09866072412955969,0.09866072412955969,False,False,0.14419056429232194,5.04,2.7,2026-01-03 19:00:00+00:00,10.0,2026-01-03 22:00:00,2026-01-04T00:00:00+05:00,73d116a5ee5ecc1934a2031f53627ba94d7db23a69d6fb6c4eb3708013ad106d,gfs_seamless,False
turbine_2,2026-01-04 06:00:00+00:00,24,0.07317391108617137,0.07317391108617137,False,False,0.10666510757717494,4.69,3.9,2026-01-03 19:00:00+00:00,11.0,2026-01-03 22:00:00,2026-01-04T00:00:00+05:00,73d116a5ee5ecc1934a2031f53627ba94d7db23a69d6fb6c4eb3708013ad106d,gfs_seamless,False
turbine_2,2026-01-04 07:00:00+00:00,24,0.027475339378997994,0.027475339378997994,False,False,0.05606398020501944,3.71,4.7,2026-01-03 19:00:00+00:00,12.0,2026-01-03 22:00:00,2026-01-04T00:00:00+05:00,73d116a5ee5ecc1934a2031f53627ba94d7db23a69d6fb6c4eb3708013ad106d,gfs_seamless,False
turbine_2,2026-01-04 08:00:00+00:00,24,0.009908246840552104,0.009908246840552104,False,False,0.01471436984687868,2.24,5.5,2026-01-03 19:00:00+00:00,13.0,2026-01-03 22:00:00,2026-01-04T00:00:00+05:00,73d116a5ee5ecc1934a2031f53627ba94d7db23a69d6fb6c4eb3708013ad106d,gfs_seamless,False
turbine_2,2026-01-04 09:00:00+00:00,24,0.009401040793624523,0.009401040793624523,False,False,0.009929356357927787,0.86,5.9,2026-01-03 19:00:00+00:00,14.0,2026-01-03 22:00:00,2026-01-04T00:00:00+05:00,73d116a5ee5ecc1934a2031f53627ba94d7db23a69d6fb6c4eb3708013ad106d,gfs_seamless,False
turbine_2,2026-01-04 10:00:00+00:00,24,0.008594943918842201,0.008594943918842201,False,False,0.009700085689802913,1.33,5.3,2026-01-03 19:00:00+00:00,15.0,2026-01-03 22:00:00,2026-01-04T00:00:00+05:00,73d116a5ee5ecc1934a2031f53627ba94d7db23a69d6fb6c4eb3708013ad106d,gfs_seamless,False
turbine_2,2026-01-04 11:00:00+00:00,24,0.009643746807234562,0.009643746807234562,False,False,0.01471436984687868,2.06,3.8,2026-01-03 19:00:00+00:00,16.0,2026-01-03 22:00:00,2026-01-04T00:00:00+05:00,73d116a5ee5ecc1934a2031f53627ba94d7db23a69d6fb6c4eb3708013ad106d,gfs_seamless,False
turbine_2,2026-01-04 12:00:00+00:00,24,0.07836485706926588,0.07836485706926588,False,False,0.10666510757717494,4.81,2.8,2026-01-03 19:00:00+00:00,17.0,2026-01-03 22:00:00,2026-01-04T00:00:00+05:00,73d116a5ee5ecc1934a2031f53627ba94d7db23a69d6fb6c4eb3708013ad106d,gfs_seamless,False
turbine_2,2026-01-04 13:00:00+00:00,24,0.24516918422112122,0.24516918422112122,False,False,0.24724369988545247,6.49,2.4,2026-01-03 19:00:00+00:00,18.0,2026-01-03 22:00:00,2026-01-04T00:00:00+05:00,73d116a5ee5ecc1934a2031f53627ba94d7db23a69d6fb6c4eb3708013ad106d,gfs_seamless,False
turbine_2,2026-01-04 14:00:00+00:00,24,0.3129620109041221,0.3129620109041221,False,False,0.31438948306595366,6.8,2.6,2026-01-03 19:00:00+00:00,19.0,2026-01-03 22:00:00,2026-01-04T00:00:00+05:00,73d116a5ee5ecc1934a2031f53627ba94d7db23a69d6fb6c4eb3708013ad106d,gfs_seamless,False
turbine_2,2026-01-04 15:00:00+00:00,24,0.2883486055574103,0.2883486055574103,False,False,0.31438948306595366,6.76,2.6,2026-01-03 19:00:00+00:00,20.0,2026-01-03 22:00:00,2026-01-04T00:00:00+05:00,73d116a5ee5ecc1934a2031f53627ba94d7db23a69d6fb6c4eb3708013ad106d,gfs_seamless,False
turbine_2,2026-01-04 16:00:00+00:00,24,0.33297476224020256,0.33297476224020256,False,False,0.31438948306595366,6.95,2.2,2026-01-03 19:00:00+00:00,21.0,2026-01-03 22:00:00,2026-01-04T00:00:00+05:00,73d116a5ee5ecc1934a2031f53627ba94d7db23a69d6fb6c4eb3708013ad106d,gfs_seamless,False
turbine_2,2026-01-04 17:00:00+00:00,24,0.35166407439281444,0.35166407439281444,False,False,0.38885040650406505,7.24,1.6,2026-01-03 19:00:00+00:00,22.0,2026-01-03 22:00:00,2026-01-04T00:00:00+05:00,73d116a5ee5ecc1934a2031f53627ba94d7db23a69d6fb6c4eb3708013ad106d,gfs_seamless,False
turbine_2,2026-01-04 18:00:00+00:00,24,0.2446006442541646,0.2446006442541646,False,False,0.24724369988545247,6.4,1.5,2026-01-03 19:00:00+00:00,23.0,2026-01-03 22:00:00,2026-01-04T00:00:00+05:00,73d116a5ee5ecc1934a2031f53627ba94d7db23a69d6fb6c4eb3708013ad106d,gfs_seamless,False
turbine_2,2026-01-04 19:00:00+00:00,24,0.1670084011945575,0.1670084011945575,False,False,0.18958571817934042,5.82,1.2,2026-01-03 19:00:00+00:00,24.0,2026-01-03 22:00:00,2026-01-04T00:00:00+05:00,73d116a5ee5ecc1934a2031f53627ba94d7db23a69d6fb6c4eb3708013ad106d,gfs_seamless,False
turbine_2,2026-01-04 20:00:00+00:00,48,0.28292708429212354,0.28292708429212354,False,False,0.31438948306595366,6.67,1.0,2026-01-03 19:00:00+00:00,25.0,2026-01-03 22:00:00,2026-01-04T00:00:00+05:00,73d116a5ee5ecc1934a2031f53627ba94d7db23a69d6fb6c4eb3708013ad106d,gfs_seamless,False
turbine_2,2026-01-04 21:00:00+00:00,48,0.2093316210981873,0.2093316210981873,False,False,0.24724369988545247,6.17,1.1,2026-01-03 19:00:00+00:00,26.0,2026-01-03 22:00:00,2026-01-04T00:00:00+05:00,73d116a5ee5ecc1934a2031f53627ba94d7db23a69d6fb6c4eb3708013ad106d,gfs_seamless,False
turbine_2,2026-01-04 22:00:00+00:00,48,0.17713841647888856,0.17713841647888856,False,False,0.18958571817934042,5.87,1.3,2026-01-03 19:00:00+00:00,27.0,2026-01-03 22:00:00,2026-01-04T00:00:00+05:00,73d116a5ee5ecc1934a2031f53627ba94d7db23a69d6fb6c4eb3708013ad106d,gfs_seamless,False
turbine_2,2026-01-04 23:00:00+00:00,48,0.14258780411167124,0.14258780411167124,False,False,0.18958571817934042,5.6,0.7,2026-01-03 19:00:00+00:00,28.0,2026-01-03 22:00:00,2026-01-04T00:00:00+05:00,73d116a5ee5ecc1934a2031f53627ba94d7db23a69d6fb6c4eb3708013ad106d,gfs_seamless,False
turbine_2,2026-01-05 00:00:00+00:00,48,0.052642881715959815,0.052642881715959815,False,False,0.07964358452138494,4.4,0.6,2026-01-03 19:00:00+00:00,29.0,2026-01-03 22:00:00,2026-01-04T00:00:00+05:00,73d116a5ee5ecc1934a2031f53627ba94d7db23a69d6fb6c4eb3708013ad106d,gfs_seamless,False
turbine_2,2026-01-05 01:00:00+00:00,48,0.01886257480291938,0.01886257480291938,False,False,0.05606398020501944,3.56,0.8,2026-01-03 19:00:00+00:00,30.0,2026-01-03 22:00:00,2026-01-04T00:00:00+05:00,73d116a5ee5ecc1934a2031f53627ba94d7db23a69d6fb6c4eb3708013ad106d,gfs_seamless,False
turbine_2,2026-01-05 02:00:00+00:00,48,0.009139954541155964,0.009139954541155964,False,False,0.009700085689802913,1.08,0.5,2026-01-03 19:00:00+00:00,31.0,2026-01-03 22:00:00,2026-01-04T00:00:00+05:00,73d116a5ee5ecc1934a2031f53627ba94d7db23a69d6fb6c4eb3708013ad106d,gfs_seamless,False
turbine_2,2026-01-05 03:00:00+00:00,48,0.009329304646374608,0.009329304646374608,False,False,0.009929356357927787,0.81,0.7,2026-01-03 19:00:00+00:00,32.0,2026-01-03 22:00:00,2026-01-04T00:00:00+05:00,73d116a5ee5ecc1934a2031f53627ba94d7db23a69d6fb6c4eb3708013ad106d,gfs_seamless,False
turbine_2,2026-01-05 04:00:00+00:00,48,0.008942974509045696,0.008942974509045696,False,False,0.010140415140415141,1.8,1.0,2026-01-03 19:00:00+00:00,33.0,2026-01-03 22:00:00,2026-01-04T00:00:00+05:00,73d116a5ee5ecc1934a2031f53627ba94d7db23a69d6fb6c4eb3708013ad106d,gfs_seamless,False
turbine_2,2026-01-05 05:00:00+00:00,48,0.01603607264254057,0.01603607264254057,False,False,0.03753750815394651,3.0,1.2,2026-01-03 19:00:00+00:00,34.0,2026-01-03 22:00:00,2026-01-04T00:00:00+05:00,73d116a5ee5ecc1934a2031f53627ba94d7db23a69d6fb6c4eb3708013ad106d,gfs_seamless,False
turbine_2,2026-01-05 06:00:00+00:00,48,0.012940057153273184,0.012940057153273184,False,False,0.01471436984687868,2.4,1.6,2026-01-03 19:00:00+00:00,35.0,2026-01-03 22:00:00,2026-01-04T00:00:00+05:00,73d116a5ee5ecc1934a2031f53627ba94d7db23a69d6fb6c4eb3708013ad106d,gfs_seamless,False
turbine_2,2026-01-05 07:00:00+00:00,48,0.01775348412634283,0.01775348412634283,False,False,0.03753750815394651,3.08,1.6,2026-01-03 19:00:00+00:00,36.0,2026-01-03 22:00:00,2026-01-04T00:00:00+05:00,73d116a5ee5ecc1934a2031f53627ba94d7db23a69d6fb6c4eb3708013ad106d,gfs_seamless,False
turbine_2,2026-01-05 08:00:00+00:00,48,0.01743947025714562,0.01743947025714562,False,False,0.03753750815394651,3.2,1.4,2026-01-03 19:00:00+00:00,37.0,2026-01-03 22:00:00,2026-01-04T00:00:00+05:00,73d116a5ee5ecc1934a2031f53627ba94d7db23a69d6fb6c4eb3708013ad106d,gfs_seamless,False
turbine_2,2026-01-05 09:00:00+00:00,48,0.01620865028726938,0.01620865028726938,False,False,0.02421223354958295,2.81,1.7,2026-01-03 19:00:00+00:00,38.0,2026-01-03 22:00:00,2026-01-04T00:00:00+05:00,73d116a5ee5ecc1934a2031f53627ba94d7db23a69d6fb6c4eb3708013ad106d,gfs_seamless,False
turbine_2,2026-01-05 10:00:00+00:00,48,0.012241192433805875,0.012241192433805875,False,False,0.01471436984687868,2.4,2.2,2026-01-03 19:00:00+00:00,39.0,2026-01-03 22:00:00,2026-01-04T00:00:00+05:00,73d116a5ee5ecc1934a2031f53627ba94d7db23a69d6fb6c4eb3708013ad106d,gfs_seamless,False
turbine_2,2026-01-05 11:00:00+00:00,48,0.011064786641408168,0.011064786641408168,False,False,0.01471436984687868,2.3,2.3,2026-01-03 19:00:00+00:00,40.0,2026-01-03 22:00:00,2026-01-04T00:00:00+05:00,73d116a5ee5ecc1934a2031f53627ba94d7db23a69d6fb6c4eb3708013ad106d,gfs_seamless,False
turbine_2,2026-01-05 12:00:00+00:00,48,0.021671669687379578,0.021671669687379578,False,False,0.05606398020501944,3.64,1.3,2026-01-03 19:00:00+00:00,41.0,2026-01-03 22:00:00,2026-01-04T00:00:00+05:00,73d116a5ee5ecc1934a2031f53627ba94d7db23a69d6fb6c4eb3708013ad106d,gfs_seamless,False
turbine_2,2026-01-05 13:00:00+00:00,48,0.08971612339664828,0.08971612339664828,False,False,0.14419056429232194,5.0,1.2,2026-01-03 19:00:00+00:00,42.0,2026-01-03 22:00:00,2026-01-04T00:00:00+05:00,73d116a5ee5ecc1934a2031f53627ba94d7db23a69d6fb6c4eb3708013ad106d,gfs_seamless,False
turbine_2,2026-01-05 14:00:00+00:00,48,0.23942185609251254,0.23942185609251254,False,False,0.24724369988545247,6.31,0.8,2026-01-03 19:00:00+00:00,43.0,2026-01-03 22:00:00,2026-01-04T00:00:00+05:00,73d116a5ee5ecc1934a2031f53627ba94d7db23a69d6fb6c4eb3708013ad106d,gfs_seamless,False
turbine_2,2026-01-05 15:00:00+00:00,48,0.36997741999337197,0.36997741999337197,False,False,0.38885040650406505,7.25,0.6,2026-01-03 19:00:00+00:00,44.0,2026-01-03 22:00:00,2026-01-04T00:00:00+05:00,73d116a5ee5ecc1934a2031f53627ba94d7db23a69d6fb6c4eb3708013ad106d,gfs_seamless,False
turbine_2,2026-01-05 16:00:00+00:00,48,0.5179807860421313,0.5179807860421313,False,False,0.5338825995807128,8.18,-0.0,2026-01-03 19:00:00+00:00,45.0,2026-01-03 22:00:00,2026-01-04T00:00:00+05:00,73d116a5ee5ecc1934a2031f53627ba94d7db23a69d6fb6c4eb3708013ad106d,gfs_seamless,False
turbine_2,2026-01-05 17:00:00+00:00,48,0.67518312504566,0.67518312504566,False,False,0.6747792022792023,9.08,-0.7,2026-01-03 19:00:00+00:00,46.0,2026-01-03 22:00:00,2026-01-04T00:00:00+05:00,73d116a5ee5ecc1934a2031f53627ba94d7db23a69d6fb6c4eb3708013ad106d,gfs_seamless,False
turbine_2,2026-01-05 18:00:00+00:00,48,0.8298838283511,0.8298838283511,False,False,0.8243118427069044,10.03,-0.6,2026-01-03 19:00:00+00:00,47.0,2026-01-03 22:00:00,2026-01-04T00:00:00+05:00,73d116a5ee5ecc1934a2031f53627ba94d7db23a69d6fb6c4eb3708013ad106d,gfs_seamless,False
turbine_2,2026-01-05 19:00:00+00:00,48,0.8696081157688593,0.8696081157688593,False,False,0.8243118427069044,10.33,-0.7,2026-01-03 19:00:00+00:00,48.0,2026-01-03 22:00:00,2026-01-04T00:00:00+05:00,73d116a5ee5ecc1934a2031f53627ba94d7db23a69d6fb6c4eb3708013ad106d,gfs_seamless,False
turbine_1,2026-01-04 20:00:00+00:00,24,0.1871877798036283,0.1871877798036283,False,False,0.19653586497890296,5.9,0.8,2026-01-04 19:00:00+00:00,1.0,2026-01-04 22:00:00,2026-01-05T00:00:00+05:00,687cf530b7fa386330e0b25436d9622f0a29dac96f3164950272a27d8ca5dbe6,gfs_seamless,False
turbine_1,2026-01-04 21:00:00+00:00,24,0.11355930751435271,0.11355930751435271,False,False,0.15009268136784917,5.25,0.5,2026-01-04 19:00:00+00:00,2.0,2026-01-04 22:00:00,2026-01-05T00:00:00+05:00,687cf530b7fa386330e0b25436d9622f0a29dac96f3164950272a27d8ca5dbe6,gfs_seamless,False
turbine_1,2026-01-04 22:00:00+00:00,24,0.04754535707248155,0.04754535707248155,False,False,0.08267335445265751,4.2,0.5,2026-01-04 19:00:00+00:00,3.0,2026-01-04 22:00:00,2026-01-05T00:00:00+05:00,687cf530b7fa386330e0b25436d9622f0a29dac96f3164950272a27d8ca5dbe6,gfs_seamless,False
turbine_1,2026-01-04 23:00:00+00:00,24,0.022938314352937868,0.022938314352937868,False,False,0.05867892976588628,3.54,0.3,2026-01-04 19:00:00+00:00,4.0,2026-01-04 22:00:00,2026-01-05T00:00:00+05:00,687cf530b7fa386330e0b25436d9622f0a29dac96f3164950272a27d8ca5dbe6,gfs_seamless,False
turbine_1,2026-01-05 00:00:00+00:00,24,0.01192209135879942,0.01192209135879942,False,False,0.016143033673154155,2.48,-0.2,2026-01-04 19:00:00+00:00,5.0,2026-01-04 22:00:00,2026-01-05T00:00:00+05:00,687cf530b7fa386330e0b25436d9622f0a29dac96f3164950272a27d8ca5dbe6,gfs_seamless,False
turbine_1,2026-01-05 01:00:00+00:00,24,0.008858057462077806,0.008858057462077806,False,False,0.00995699881376038,1.43,-0.4,2026-01-04 19:00:00+00:00,6.0,2026-01-04 22:00:00,2026-01-05T00:00:00+05:00,687cf530b7fa386330e0b25436d9622f0a29dac96f3164950272a27d8ca5dbe6,gfs_seamless,False
turbine_1,2026-01-05 02:00:00+00:00,24,0.009196456545879361,0.009196456545879361,False,False,0.00995699881376038,1.39,-0.0,2026-01-04 19:00:00+00:00,7.0,2026-01-04 22:00:00,2026-01-05T00:00:00+05:00,687cf530b7fa386330e0b25436d9622f0a29dac96f3164950272a27d8ca5dbe6,gfs_seamless,False
turbine_1,2026-01-05 03:00:00+00:00,24,0.01213245433537278,0.01213245433537278,False,False,0.016143033673154155,2.4,0.7,2026-01-04 19:00:00+00:00,8.0,2026-01-04 22:00:00,2026-01-05T00:00:00+05:00,687cf530b7fa386330e0b25436d9622f0a29dac96f3164950272a27d8ca5dbe6,gfs_seamless,False
turbine_1,2026-01-05 04:00:00+00:00,24,0.027663898424992176,0.027663898424992176,False,False,0.05867892976588628,3.69,0.8,2026-01-04 19:00:00+00:00,9.0,2026-01-04 22:00:00,2026-01-05T00:00:00+05:00,687cf530b7fa386330e0b25436d9622f0a29dac96f3164950272a27d8ca5dbe6,gfs_seamless,False
turbine_1,2026-01-05 05:00:00+00:00,24,0.049802078563954764,0.049802078563954764,False,False,0.08267335445265751,4.31,1.0,2026-01-04 19:00:00+00:00,10.0,2026-01-04 22:00:00,2026-01-05T00:00:00+05:00,687cf530b7fa386330e0b25436d9622f0a29dac96f3164950272a27d8ca5dbe6,gfs_seamless,False
turbine_1,2026-01-05 06:00:00+00:00,24,0.05824985178628547,0.05824985178628547,False,False,0.08267335445265751,4.49,1.7,2026-01-04 19:00:00+00:00,11.0,2026-01-04 22:00:00,2026-01-05T00:00:00+05:00,687cf530b7fa386330e0b25436d9622f0a29dac96f3164950272a27d8ca5dbe6,gfs_seamless,False
turbine_1,2026-01-05 07:00:00+00:00,24,0.0665705753834043,0.0665705753834043,False,False,0.11291875626880642,4.52,1.7,2026-01-04 19:00:00+00:00,12.0,2026-01-04 22:00:00,2026-01-05T00:00:00+05:00,687cf530b7fa386330e0b25436d9622f0a29dac96f3164950272a27d8ca5dbe6,gfs_seamless,False
turbine_1,2026-01-05 08:00:00+00:00,24,0.05405443874559716,0.05405443874559716,False,False,0.08267335445265751,4.3,1.9,2026-01-04 19:00:00+00:00,13.0,2026-01-04 22:00:00,2026-01-05T00:00:00+05:00,687cf530b7fa386330e0b25436d9622f0a29dac96f3164950272a27d8ca5dbe6,gfs_seamless,False
turbine_1,2026-01-05 09:00:00+00:00,24,0.03858192767924422,0.03858192767924422,False,False,0.08267335445265751,4.05,2.2,2026-01-04 19:00:00+00:00,14.0,2026-01-04 22:00:00,2026-01-05T00:00:00+05:00,687cf530b7fa386330e0b25436d9622f0a29dac96f3164950272a27d8ca5dbe6,gfs_seamless,False
turbine_1,2026-01-05 10:00:00+00:00,24,0.033429520579665195,0.033429520579665195,False,False,0.05867892976588628,3.81,2.2,2026-01-04 19:00:00+00:00,15.0,2026-01-04 22:00:00,2026-01-05T00:00:00+05:00,687cf530b7fa386330e0b25436d9622f0a29dac96f3164950272a27d8ca5dbe6,gfs_seamless,False
turbine_1,2026-01-05 11:00:00+00:00,24,0.03858192767924422,0.03858192767924422,False,False,0.08267335445265751,4.03,1.9,2026-01-04 19:00:00+00:00,16.0,2026-01-04 22:00:00,2026-01-05T00:00:00+05:00,687cf530b7fa386330e0b25436d9622f0a29dac96f3164950272a27d8ca5dbe6,gfs_seamless,False
turbine_1,2026-01-05 12:00:00+00:00,24,0.08944959930613379,0.08944959930613379,False,False,0.11291875626880642,4.85,2.0,2026-01-04 19:00:00+00:00,17.0,2026-01-04 22:00:00,2026-01-05T00:00:00+05:00,687cf530b7fa386330e0b25436d9622f0a29dac96f3164950272a27d8ca5dbe6,gfs_seamless,False
turbine_1,2026-01-05 13:00:00+00:00,24,0.3085385265254593,0.3085385265254593,False,False,0.3256265206812652,6.61,1.7,2026-01-04 19:00:00+00:00,18.0,2026-01-04 22:00:00,2026-01-05T00:00:00+05:00,687cf530b7fa386330e0b25436d9622f0a29dac96f3164950272a27d8ca5dbe6,gfs_seamless,False
turbine_1,2026-01-05 14:00:00+00:00,24,0.564733613966306,0.564733613966306,False,False,0.5473923444976077,8.14,0.9,2026-01-04 19:00:00+00:00,19.0,2026-01-04 22:00:00,2026-01-05T00:00:00+05:00,687cf530b7fa386330e0b25436d9622f0a29dac96f3164950272a27d8ca5dbe6,gfs_seamless,False
turbine_1,2026-01-05 15:00:00+00:00,24,0.7880761647524841,0.7880761647524841,False,False,0.763795746785361,9.53,0.3,2026-01-04 19:00:00+00:00,20.0,2026-01-04 22:00:00,2026-01-05T00:00:00+05:00,687cf530b7fa386330e0b25436d9622f0a29dac96f3164950272a27d8ca5dbe6,gfs_seamless,False
turbine_1,2026-01-05 16:00:00+00:00,24,0.8471048222668934,0.8471048222668934,False,False,0.763795746785361,9.98,-0.2,2026-01-04 19:00:00+00:00,21.0,2026-01-04 22:00:00,2026-01-05T00:00:00+05:00,687cf530b7fa386330e0b25436d9622f0a29dac96f3164950272a27d8ca5dbe6,gfs_seamless,False
turbine_1,2026-01-05 17:00:00+00:00,24,0.9443002089539961,0.9443002089539961,False,False,0.8926999999999999,10.87,-0.5,2026-01-04 19:00:00+00:00,22.0,2026-01-04 22:00:00,2026-01-05T00:00:00+05:00,687cf530b7fa386330e0b25436d9622f0a29dac96f3164950272a27d8ca5dbe6,gfs_seamless,False
turbine_1,2026-01-05 18:00:00+00:00,24,0.9100599915876503,0.9100599915876503,False,False,0.8926999999999999,10.74,-0.7,2026-01-04 19:00:00+00:00,23.0,2026-01-04 22:00:00,2026-01-05T00:00:00+05:00,687cf530b7fa386330e0b25436d9622f0a29dac96f3164950272a27d8ca5dbe6,gfs_seamless,False
turbine_1,2026-01-05 19:00:00+00:00,24,0.9668245471153053,0.9668245471153053,False,False,0.9377506596306068,11.05,-0.8,2026-01-04 19:00:00+00:00,24.0,2026-01-04 22:00:00,2026-01-05T00:00:00+05:00,687cf530b7fa386330e0b25436d9622f0a29dac96f3164950272a27d8ca5dbe6,gfs_seamless,False
turbine_1,2026-01-05 20:00:00+00:00,48,0.9356371811317784,0.9356371811317784,False,False,0.8926999999999999,10.91,-0.9,2026-01-04 19:00:00+00:00,25.0,2026-01-04 22:00:00,2026-01-05T00:00:00+05:00,687cf530b7fa386330e0b25436d9622f0a29dac96f3164950272a27d8ca5dbe6,gfs_seamless,False
turbine_1,2026-01-05 21:00:00+00:00,48,0.9813396472585093,0.9813396472585093,False,False,0.9601162250116224,11.99,-1.0,2026-01-04 19:00:00+00:00,26.0,2026-01-04 22:00:00,2026-01-05T00:00:00+05:00,687cf530b7fa386330e0b25436d9622f0a29dac96f3164950272a27d8ca5dbe6,gfs_seamless,False
turbine_1,2026-01-05 22:00:00+00:00,48,0.98800975215936,0.98800975215936,False,False,0.9668531468531468,12.52,-1.2,2026-01-04 19:00:00+00:00,27.0,2026-01-04 22:00:00,2026-01-05T00:00:00+05:00,687cf530b7fa386330e0b25436d9622f0a29dac96f3164950272a27d8ca5dbe6,gfs_seamless,False
turbine_1,2026-01-05 23:00:00+00:00,48,0.9405717653341323,0.9405717653341323,False,False,0.9668531468531468,12.7,-1.2,2026-01-04 19:00:00+00:00,28.0,2026-01-04 22:00:00,2026-01-05T00:00:00+05:00,687cf530b7fa386330e0b25436d9622f0a29dac96f3164950272a27d8ca5dbe6,gfs_seamless,False
turbine_1,2026-01-06 00:00:00+00:00,48,0.9836379393605836,0.9836379393605836,False,False,0.9769104308390022,13.1,-1.5,2026-01-04 19:00:00+00:00,29.0,2026-01-04 22:00:00,2026-01-05T00:00:00+05:00,687cf530b7fa386330e0b25436d9622f0a29dac96f3164950272a27d8ca5dbe6,gfs_seamless,False
turbine_1,2026-01-06 01:00:00+00:00,48,0.9844171589621727,0.9844171589621727,False,False,0.9769104308390022,13.02,-1.4,2026-01-04 19:00:00+00:00,30.0,2026-01-04 22:00:00,2026-01-05T00:00:00+05:00,687cf530b7fa386330e0b25436d9622f0a29dac96f3164950272a27d8ca5dbe6,gfs_seamless,False
turbine_1,2026-01-06 02:00:00+00:00,48,0.9827312273355481,0.9827312273355481,False,False,0.9769104308390022,13.31,-1.7,2026-01-04 19:00:00+00:00,31.0,2026-01-04 22:00:00,2026-01-05T00:00:00+05:00,687cf530b7fa386330e0b25436d9622f0a29dac96f3164950272a27d8ca5dbe6,gfs_seamless,False
turbine_1,2026-01-06 03:00:00+00:00,48,0.9748497299722042,0.9748497299722042,False,False,0.9653976311336716,13.56,-1.6,2026-01-04 19:00:00+00:00,32.0,2026-01-04 22:00:00,2026-01-05T00:00:00+05:00,687cf530b7fa386330e0b25436d9622f0a29dac96f3164950272a27d8ca5dbe6,gfs_seamless,False
turbine_1,2026-01-06 04:00:00+00:00,48,0.9140505153311671,0.9140505153311671,False,False,0.9653976311336716,13.57,0.1,2026-01-04 19:00:00+00:00,33.0,2026-01-04 22:00:00,2026-01-05T00:00:00+05:00,687cf530b7fa386330e0b25436d9622f0a29dac96f3164950272a27d8ca5dbe6,gfs_seamless,False
turbine_1,2026-01-06 05:00:00+00:00,48,0.9782874258676375,0.9782874258676375,False,False,0.961047619047619,14.54,2.3,2026-01-04 19:00:00+00:00,34.0,2026-01-04 22:00:00,2026-01-05T00:00:00+05:00,687cf530b7fa386330e0b25436d9622f0a29dac96f3164950272a27d8ca5dbe6,gfs_seamless,False
turbine_1,2026-01-06 06:00:00+00:00,48,0.991577801027868,0.991577801027868,False,False,0.9681453634085212,14.24,3.6,2026-01-04 19:00:00+00:00,35.0,2026-01-04 22:00:00,2026-01-05T00:00:00+05:00,687cf530b7fa386330e0b25436d9622f0a29dac96f3164950272a27d8ca5dbe6,gfs_seamless,False
turbine_1,2026-01-06 07:00:00+00:00,48,0.9899139129421193,0.9899139129421193,False,False,0.9681453634085212,14.2,4.3,2026-01-04 19:00:00+00:00,36.0,2026-01-04 22:00:00,2026-01-05T00:00:00+05:00,687cf530b7fa386330e0b25436d9622f0a29dac96f3164950272a27d8ca5dbe6,gfs_seamless,False
turbine_1,2026-01-06 08:00:00+00:00,48,0.9862974983610485,0.9862974983610485,False,False,0.9653976311336716,13.98,4.5,2026-01-04 19:00:00+00:00,37.0,2026-01-04 22:00:00,2026-01-05T00:00:00+05:00,687cf530b7fa386330e0b25436d9622f0a29dac96f3164950272a27d8ca5dbe6,gfs_seamless,False
turbine_1,2026-01-06 09:00:00+00:00,48,0.9875531492195214,0.9875531492195214,False,False,0.9653976311336716,13.7,4.5,2026-01-04 19:00:00+00:00,38.0,2026-01-04 22:00:00,2026-01-05T00:00:00+05:00,687cf530b7fa386330e0b25436d9622f0a29dac96f3164950272a27d8ca5dbe6,gfs_seamless,False
turbine_1,2026-01-06 10:00:00+00:00,48,0.9940901055034114,0.9940901055034114,False,False,0.9769104308390022,13.41,3.8,2026-01-04 19:00:00+00:00,39.0,2026-01-04 22:00:00,2026-01-05T00:00:00+05:00,687cf530b7fa386330e0b25436d9622f0a29dac96f3164950272a27d8ca5dbe6,gfs_seamless,False
turbine_1,2026-01-06 11:00:00+00:00,48,0.99206989038219,0.99206989038219,False,False,0.9668531468531468,12.98,2.0,2026-01-04 19:00:00+00:00,40.0,2026-01-04 22:00:00,2026-01-05T00:00:00+05:00,687cf530b7fa386330e0b25436d9622f0a29dac96f3164950272a27d8ca5dbe6,gfs_seamless,False
turbine_1,2026-01-06 12:00:00+00:00,48,0.978108810846114,0.978108810846114,False,False,0.9668531468531468,12.61,0.6,2026-01-04 19:00:00+00:00,41.0,2026-01-04 22:00:00,2026-01-05T00:00:00+05:00,687cf530b7fa386330e0b25436d9622f0a29dac96f3164950272a27d8ca5dbe6,gfs_seamless,False
turbine_1,2026-01-06 13:00:00+00:00,48,0.9877622745668952,0.9877622745668952,False,False,0.9577674129353234,12.22,0.2,2026-01-04 19:00:00+00:00,42.0,2026-01-04 22:00:00,2026-01-05T00:00:00+05:00,687cf530b7fa386330e0b25436d9622f0a29dac96f3164950272a27d8ca5dbe6,gfs_seamless,False
turbine_1,2026-01-06 14:00:00+00:00,48,0.9928189381538097,0.9928189381538097,False,False,0.9577674129353234,12.03,-0.1,2026-01-04 19:00:00+00:00,43.0,2026-01-04 22:00:00,2026-01-05T00:00:00+05:00,687cf530b7fa386330e0b25436d9622f0a29dac96f3164950272a27d8ca5dbe6,gfs_seamless,False
turbine_1,2026-01-06 15:00:00+00:00,48,0.9872567171508708,0.9872567171508708,False,False,0.9601162250116224,11.59,-0.3,2026-01-04 19:00:00+00:00,44.0,2026-01-04 22:00:00,2026-01-05T00:00:00+05:00,687cf530b7fa386330e0b25436d9622f0a29dac96f3164950272a27d8ca5dbe6,gfs_seamless,False
turbine_1,2026-01-06 16:00:00+00:00,48,0.9767044342452585,0.9767044342452585,False,False,0.9377506596306068,11.36,-0.5,2026-01-04 19:00:00+00:00,45.0,2026-01-04 22:00:00,2026-01-05T00:00:00+05:00,687cf530b7fa386330e0b25436d9622f0a29dac96f3164950272a27d8ca5dbe6,gfs_seamless,False
turbine_1,2026-01-06 17:00:00+00:00,48,0.8787148869695708,0.8787148869695708,False,False,0.8298972296693476,10.38,-0.7,2026-01-04 19:00:00+00:00,46.0,2026-01-04 22:00:00,2026-01-05T00:00:00+05:00,687cf530b7fa386330e0b25436d9622f0a29dac96f3164950272a27d8ca5dbe6,gfs_seamless,False
turbine_1,2026-01-06 18:00:00+00:00,48,0.5887512541145157,0.5887512541145157,False,False,0.6262199312714777,8.5,-1.2,2026-01-04 19:00:00+00:00,47.0,2026-01-04 22:00:00,2026-01-05T00:00:00+05:00,687cf530b7fa386330e0b25436d9622f0a29dac96f3164950272a27d8ca5dbe6,gfs_seamless,False
turbine_1,2026-01-06 19:00:00+00:00,48,0.4714189799243054,0.4714189799243054,False,False,0.4757277526395174,7.75,-1.2,2026-01-04 19:00:00+00:00,48.0,2026-01-04 22:00:00,2026-01-05T00:00:00+05:00,687cf530b7fa386330e0b25436d9622f0a29dac96f3164950272a27d8ca5dbe6,gfs_seamless,False
turbine_2,2026-01-04 20:00:00+00:00,24,0.1739749596447577,0.1739749596447577,False,False,0.18956326530612244,5.9,0.8,2026-01-04 19:00:00+00:00,1.0,2026-01-04 22:00:00,2026-01-05T00:00:00+05:00,b7f9d35cffe3874f33b7e0807b91f578350581e90078e0f463697ab24d6cf558,gfs_seamless,False
turbine_2,2026-01-04 21:00:00+00:00,24,0.09534083302837632,0.09534083302837632,False,False,0.14423290203327171,5.25,0.5,2026-01-04 19:00:00+00:00,2.0,2026-01-04 22:00:00,2026-01-05T00:00:00+05:00,b7f9d35cffe3874f33b7e0807b91f578350581e90078e0f463697ab24d6cf558,gfs_seamless,False
turbine_2,2026-01-04 22:00:00+00:00,24,0.03535766855479611,0.03535766855479611,False,False,0.07959477789081046,4.2,0.5,2026-01-04 19:00:00+00:00,3.0,2026-01-04 22:00:00,2026-01-05T00:00:00+05:00,b7f9d35cffe3874f33b7e0807b91f578350581e90078e0f463697ab24d6cf558,gfs_seamless,False
turbine_2,2026-01-04 23:00:00+00:00,24,0.016364196500946313,0.016364196500946313,False,False,0.05605579096045198,3.54,0.3,2026-01-04 19:00:00+00:00,4.0,2026-01-04 22:00:00,2026-01-05T00:00:00+05:00,b7f9d35cffe3874f33b7e0807b91f578350581e90078e0f463697ab24d6cf558,gfs_seamless,False
turbine_2,2026-01-05 00:00:00+00:00,24,0.010432572360363468,0.010432572360363468,False,False,0.01471436984687868,2.48,-0.2,2026-01-04 19:00:00+00:00,5.0,2026-01-04 22:00:00,2026-01-05T00:00:00+05:00,b7f9d35cffe3874f33b7e0807b91f578350581e90078e0f463697ab24d6cf558,gfs_seamless,False
turbine_2,2026-01-05 01:00:00+00:00,24,0.00909705195472729,0.00909705195472729,False,False,0.009700342465753424,1.43,-0.4,2026-01-04 19:00:00+00:00,6.0,2026-01-04 22:00:00,2026-01-05T00:00:00+05:00,b7f9d35cffe3874f33b7e0807b91f578350581e90078e0f463697ab24d6cf558,gfs_seamless,False
turbine_2,2026-01-05 02:00:00+00:00,24,0.009074640422453203,0.009074640422453203,False,False,0.009700342465753424,1.39,-0.0,2026-01-04 19:00:00+00:00,7.0,2026-01-04 22:00:00,2026-01-05T00:00:00+05:00,b7f9d35cffe3874f33b7e0807b91f578350581e90078e0f463697ab24d6cf558,gfs_seamless,False
turbine_2,2026-01-05 03:00:00+00:00,24,0.010663501956161578,0.010663501956161578,False,False,0.01471436984687868,2.4,0.7,2026-01-04 19:00:00+00:00,8.0,2026-01-04 22:00:00,2026-01-05T00:00:00+05:00,b7f9d35cffe3874f33b7e0807b91f578350581e90078e0f463697ab24d6cf558,gfs_seamless,False
turbine_2,2026-01-05 04:00:00+00:00,24,0.024617753643585347,0.024617753643585347,False,False,0.05605579096045198,3.69,0.8,2026-01-04 19:00:00+00:00,9.0,2026-01-04 22:00:00,2026-01-05T00:00:00+05:00,b7f9d35cffe3874f33b7e0807b91f578350581e90078e0f463697ab24d6cf558,gfs_seamless,False
turbine_2,2026-01-05 05:00:00+00:00,24,0.045970263298511164,0.045970263298511164,False,False,0.07959477789081046,4.31,1.0,2026-01-04 19:00:00+00:00,10.0,2026-01-04 22:00:00,2026-01-05T00:00:00+05:00,b7f9d35cffe3874f33b7e0807b91f578350581e90078e0f463697ab24d6cf558,gfs_seamless,False
turbine_2,2026-01-05 06:00:00+00:00,24,0.05877672833901625,0.05877672833901625,False,False,0.07959477789081046,4.49,1.7,2026-01-04 19:00:00+00:00,11.0,2026-01-04 22:00:00,2026-01-05T00:00:00+05:00,b7f9d35cffe3874f33b7e0807b91f578350581e90078e0f463697ab24d6cf558,gfs_seamless,False
turbine_2,2026-01-05 07:00:00+00:00,24,0.05877672833901625,0.05877672833901625,False,False,0.10660130718954249,4.52,1.7,2026-01-04 19:00:00+00:00,12.0,2026-01-04 22:00:00,2026-01-05T00:00:00+05:00,b7f9d35cffe3874f33b7e0807b91f578350581e90078e0f463697ab24d6cf558,gfs_seamless,False
turbine_2,2026-01-05 08:00:00+00:00,24,0.0457588245293419,0.0457588245293419,False,False,0.07959477789081046,4.3,1.9,2026-01-04 19:00:00+00:00,13.0,2026-01-04 22:00:00,2026-01-05T00:00:00+05:00,b7f9d35cffe3874f33b7e0807b91f578350581e90078e0f463697ab24d6cf558,gfs_seamless,False
turbine_2,2026-01-05 09:00:00+00:00,24,0.03595144374259157,0.03595144374259157,False,False,0.07959477789081046,4.05,2.2,2026-01-04 19:00:00+00:00,14.0,2026-01-04 22:00:00,2026-01-05T00:00:00+05:00,b7f9d35cffe3874f33b7e0807b91f578350581e90078e0f463697ab24d6cf558,gfs_seamless,False
turbine_2,2026-01-05 10:00:00+00:00,24,0.027016276377741476,0.027016276377741476,False,False,0.05605579096045198,3.81,2.2,2026-01-04 19:00:00+00:00,15.0,2026-01-04 22:00:00,2026-01-05T00:00:00+05:00,b7f9d35cffe3874f33b7e0807b91f578350581e90078e0f463697ab24d6cf558,gfs_seamless,False
turbine_2,2026-01-05 11:00:00+00:00,24,0.033845016661586735,0.033845016661586735,False,False,0.07959477789081046,4.03,1.9,2026-01-04 19:00:00+00:00,16.0,2026-01-04 22:00:00,2026-01-05T00:00:00+05:00,b7f9d35cffe3874f33b7e0807b91f578350581e90078e0f463697ab24d6cf558,gfs_seamless,False
turbine_2,2026-01-05 12:00:00+00:00,24,0.08156845946729682,0.08156845946729682,False,False,0.10660130718954249,4.85,2.0,2026-01-04 19:00:00+00:00,17.0,2026-01-04 22:00:00,2026-01-05T00:00:00+05:00,b7f9d35cffe3874f33b7e0807b91f578350581e90078e0f463697ab24d6cf558,gfs_seamless,False
turbine_2,2026-01-05 13:00:00+00:00,24,0.2752851950989363,0.2752851950989363,False,False,0.3143585185185185,6.61,1.7,2026-01-04 19:00:00+00:00,18.0,2026-01-04 22:00:00,2026-01-05T00:00:00+05:00,b7f9d35cffe3874f33b7e0807b91f578350581e90078e0f463697ab24d6cf558,gfs_seamless,False
turbine_2,2026-01-05 14:00:00+00:00,24,0.5216918255901727,0.5216918255901727,False,False,0.5339426298157454,8.14,0.9,2026-01-04 19:00:00+00:00,19.0,2026-01-04 22:00:00,2026-01-05T00:00:00+05:00,b7f9d35cffe3874f33b7e0807b91f578350581e90078e0f463697ab24d6cf558,gfs_seamless,False
turbine_2,2026-01-05 15:00:00+00:00,24,0.770373708126771,0.770373708126771,False,False,0.7521581836327346,9.53,0.3,2026-01-04 19:00:00+00:00,20.0,2026-01-04 22:00:00,2026-01-05T00:00:00+05:00,b7f9d35cffe3874f33b7e0807b91f578350581e90078e0f463697ab24d6cf558,gfs_seamless,False
turbine_2,2026-01-05 16:00:00+00:00,24,0.8340407194404378,0.8340407194404378,False,False,0.7521581836327346,9.98,-0.2,2026-01-04 19:00:00+00:00,21.0,2026-01-04 22:00:00,2026-01-05T00:00:00+05:00,b7f9d35cffe3874f33b7e0807b91f578350581e90078e0f463697ab24d6cf558,gfs_seamless,False
turbine_2,2026-01-05 17:00:00+00:00,24,0.9131163446540512,0.9131163446540512,False,False,0.8845220436753194,10.87,-0.5,2026-01-04 19:00:00+00:00,22.0,2026-01-04 22:00:00,2026-01-05T00:00:00+05:00,b7f9d35cffe3874f33b7e0807b91f578350581e90078e0f463697ab24d6cf558,gfs_seamless,False
turbine_2,2026-01-05 18:00:00+00:00,24,0.9234411836080635,0.9234411836080635,False,False,0.8845220436753194,10.74,-0.7,2026-01-04 19:00:00+00:00,23.0,2026-01-04 22:00:00,2026-01-05T00:00:00+05:00,b7f9d35cffe3874f33b7e0807b91f578350581e90078e0f463697ab24d6cf558,gfs_seamless,False
turbine_2,2026-01-05 19:00:00+00:00,24,0.951611438898013,0.951611438898013,False,False,0.925302677532014,11.05,-0.8,2026-01-04 19:00:00+00:00,24.0,2026-01-04 22:00:00,2026-01-05T00:00:00+05:00,b7f9d35cffe3874f33b7e0807b91f578350581e90078e0f463697ab24d6cf558,gfs_seamless,False
turbine_2,2026-01-05 20:00:00+00:00,48,0.940891450829534,0.940891450829534,False,False,0.8845220436753194,10.91,-0.9,2026-01-04 19:00:00+00:00,25.0,2026-01-04 22:00:00,2026-01-05T00:00:00+05:00,b7f9d35cffe3874f33b7e0807b91f578350581e90078e0f463697ab24d6cf558,gfs_seamless,False
turbine_2,2026-01-05 21:00:00+00:00,48,0.9742733304020723,0.9742733304020723,False,False,0.9520113438045376,11.99,-1.0,2026-01-04 19:00:00+00:00,26.0,2026-01-04 22:00:00,2026-01-05T00:00:00+05:00,b7f9d35cffe3874f33b7e0807b91f578350581e90078e0f463697ab24d6cf558,gfs_seamless,False
turbine_2,2026-01-05 22:00:00+00:00,48,0.9712083304477517,0.9712083304477517,False,False,0.9628872752420471,12.52,-1.2,2026-01-04 19:00:00+00:00,27.0,2026-01-04 22:00:00,2026-01-05T00:00:00+05:00,b7f9d35cffe3874f33b7e0807b91f578350581e90078e0f463697ab24d6cf558,gfs_seamless,False
turbine_2,2026-01-05 23:00:00+00:00,48,0.9406006164572096,0.9406006164572096,False,False,0.9628872752420471,12.7,-1.2,2026-01-04 19:00:00+00:00,28.0,2026-01-04 22:00:00,2026-01-05T00:00:00+05:00,b7f9d35cffe3874f33b7e0807b91f578350581e90078e0f463697ab24d6cf558,gfs_seamless,False
turbine_2,2026-01-06 00:00:00+00:00,48,0.9690971579456057,0.9690971579456057,False,False,0.9697865853658537,13.1,-1.5,2026-01-04 19:00:00+00:00,29.0,2026-01-04 22:00:00,2026-01-05T00:00:00+05:00,b7f9d35cffe3874f33b7e0807b91f578350581e90078e0f463697ab24d6cf558,gfs_seamless,False
turbine_2,2026-01-06 01:00:00+00:00,48,0.9637236180696387,0.9637236180696387,False,False,0.9697865853658537,13.02,-1.4,2026-01-04 19:00:00+00:00,30.0,2026-01-04 22:00:00,2026-01-05T00:00:00+05:00,b7f9d35cffe3874f33b7e0807b91f578350581e90078e0f463697ab24d6cf558,gfs_seamless,False
turbine_2,2026-01-06 02:00:00+00:00,48,0.9556264648346389,0.9556264648346389,False,False,0.9697865853658537,13.31,-1.7,2026-01-04 19:00:00+00:00,31.0,2026-01-04 22:00:00,2026-01-05T00:00:00+05:00,b7f9d35cffe3874f33b7e0807b91f578350581e90078e0f463697ab24d6cf558,gfs_seamless,False
turbine_2,2026-01-06 03:00:00+00:00,48,0.9815092389768549,0.9815092389768549,False,False,0.9607463768115941,13.56,-1.6,2026-01-04 19:00:00+00:00,32.0,2026-01-04 22:00:00,2026-01-05T00:00:00+05:00,b7f9d35cffe3874f33b7e0807b91f578350581e90078e0f463697ab24d6cf558,gfs_seamless,False
turbine_2,2026-01-06 04:00:00+00:00,48,0.9813865684203867,0.9813865684203867,False,False,0.9607463768115941,13.57,0.1,2026-01-04 19:00:00+00:00,33.0,2026-01-04 22:00:00,2026-01-05T00:00:00+05:00,b7f9d35cffe3874f33b7e0807b91f578350581e90078e0f463697ab24d6cf558,gfs_seamless,False
turbine_2,2026-01-06 05:00:00+00:00,48,0.943052126173936,0.943052126173936,False,False,0.9623423423423424,14.54,2.3,2026-01-04 19:00:00+00:00,34.0,2026-01-04 22:00:00,2026-01-05T00:00:00+05:00,b7f9d35cffe3874f33b7e0807b91f578350581e90078e0f463697ab24d6cf558,gfs_seamless,False
turbine_2,2026-01-06 06:00:00+00:00,48,0.9780820853695994,0.9780820853695994,False,False,0.9600239808153477,14.24,3.6,2026-01-04 19:00:00+00:00,35.0,2026-01-04 22:00:00,2026-01-05T00:00:00+05:00,b7f9d35cffe3874f33b7e0807b91f578350581e90078e0f463697ab24d6cf558,gfs_seamless,False
turbine_2,2026-01-06 07:00:00+00:00,48,0.9780820853695994,0.9780820853695994,False,False,0.9600239808153477,14.2,4.3,2026-01-04 19:00:00+00:00,36.0,2026-01-04 22:00:00,2026-01-05T00:00:00+05:00,b7f9d35cffe3874f33b7e0807b91f578350581e90078e0f463697ab24d6cf558,gfs_seamless,False
turbine_2,2026-01-06 08:00:00+00:00,48,0.9760083703806209,0.9760083703806209,False,False,0.9607463768115941,13.98,4.5,2026-01-04 19:00:00+00:00,37.0,2026-01-04 22:00:00,2026-01-05T00:00:00+05:00,b7f9d35cffe3874f33b7e0807b91f578350581e90078e0f463697ab24d6cf558,gfs_seamless,False
turbine_2,2026-01-06 09:00:00+00:00,48,0.9817761626269297,0.9817761626269297,False,False,0.9607463768115941,13.7,4.5,2026-01-04 19:00:00+00:00,38.0,2026-01-04 22:00:00,2026-01-05T00:00:00+05:00,b7f9d35cffe3874f33b7e0807b91f578350581e90078e0f463697ab24d6cf558,gfs_seamless,False
turbine_2,2026-01-06 10:00:00+00:00,48,0.9802307685617336,0.9802307685617336,False,False,0.9697865853658537,13.41,3.8,2026-01-04 19:00:00+00:00,39.0,2026-01-04 22:00:00,2026-01-05T00:00:00+05:00,b7f9d35cffe3874f33b7e0807b91f578350581e90078e0f463697ab24d6cf558,gfs_seamless,False
turbine_2,2026-01-06 11:00:00+00:00,48,0.9791413099411239,0.9791413099411239,False,False,0.9628872752420471,12.98,2.0,2026-01-04 19:00:00+00:00,40.0,2026-01-04 22:00:00,2026-01-05T00:00:00+05:00,b7f9d35cffe3874f33b7e0807b91f578350581e90078e0f463697ab24d6cf558,gfs_seamless,False
turbine_2,2026-01-06 12:00:00+00:00,48,0.9740242172242835,0.9740242172242835,False,False,0.9628872752420471,12.61,0.6,2026-01-04 19:00:00+00:00,41.0,2026-01-04 22:00:00,2026-01-05T00:00:00+05:00,b7f9d35cffe3874f33b7e0807b91f578350581e90078e0f463697ab24d6cf558,gfs_seamless,False
turbine_2,2026-01-06 13:00:00+00:00,48,0.979246604563565,0.979246604563565,False,False,0.9571070811744387,12.22,0.2,2026-01-04 19:00:00+00:00,42.0,2026-01-04 22:00:00,2026-01-05T00:00:00+05:00,b7f9d35cffe3874f33b7e0807b91f578350581e90078e0f463697ab24d6cf558,gfs_seamless,False
turbine_2,2026-01-06 14:00:00+00:00,48,0.9793521156776791,0.9793521156776791,False,False,0.9571070811744387,12.03,-0.1,2026-01-04 19:00:00+00:00,43.0,2026-01-04 22:00:00,2026-01-05T00:00:00+05:00,b7f9d35cffe3874f33b7e0807b91f578350581e90078e0f463697ab24d6cf558,gfs_seamless,False
turbine_2,2026-01-06 15:00:00+00:00,48,0.9723803351119052,0.9723803351119052,False,False,0.9520113438045376,11.59,-0.3,2026-01-04 19:00:00+00:00,44.0,2026-01-04 22:00:00,2026-01-05T00:00:00+05:00,b7f9d35cffe3874f33b7e0807b91f578350581e90078e0f463697ab24d6cf558,gfs_seamless,False
turbine_2,2026-01-06 16:00:00+00:00,48,0.9461026383054656,0.9461026383054656,False,False,0.925302677532014,11.36,-0.5,2026-01-04 19:00:00+00:00,45.0,2026-01-04 22:00:00,2026-01-05T00:00:00+05:00,b7f9d35cffe3874f33b7e0807b91f578350581e90078e0f463697ab24d6cf558,gfs_seamless,False
turbine_2,2026-01-06 17:00:00+00:00,48,0.8679538562309953,0.8679538562309953,False,False,0.8243118427069044,10.38,-0.7,2026-01-04 19:00:00+00:00,46.0,2026-01-04 22:00:00,2026-01-05T00:00:00+05:00,b7f9d35cffe3874f33b7e0807b91f578350581e90078e0f463697ab24d6cf558,gfs_seamless,False
turbine_2,2026-01-06 18:00:00+00:00,48,0.5761891100521513,0.5761891100521513,False,False,0.6154246139872843,8.5,-1.2,2026-01-04 19:00:00+00:00,47.0,2026-01-04 22:00:00,2026-01-05T00:00:00+05:00,b7f9d35cffe3874f33b7e0807b91f578350581e90078e0f463697ab24d6cf558,gfs_seamless,False
turbine_2,2026-01-06 19:00:00+00:00,48,0.4462353801959333,0.4462353801959333,False,False,0.459928850942725,7.75,-1.2,2026-01-04 19:00:00+00:00,48.0,2026-01-04 22:00:00,2026-01-05T00:00:00+05:00,b7f9d35cffe3874f33b7e0807b91f578350581e90078e0f463697ab24d6cf558,gfs_seamless,False
turbine_1,2026-01-05 20:00:00+00:00,24,0.9747961341754806,0.9747961341754806,False,False,0.9377506596306068,11.36,-1.1,2026-01-05 19:00:00+00:00,1.0,2026-01-05 22:00:00,2026-01-06T00:00:00+05:00,ad01cd4a1c944571c277b16751c0c1aa33168e656dc568c0c4444f4222d6850d,gfs_seamless,False
turbine_1,2026-01-05 21:00:00+00:00,24,0.9799380477182041,0.9799380477182041,False,False,0.9601162250116224,11.67,-1.1,2026-01-05 19:00:00+00:00,2.0,2026-01-05 22:00:00,2026-01-06T00:00:00+05:00,ad01cd4a1c944571c277b16751c0c1aa33168e656dc568c0c4444f4222d6850d,gfs_seamless,False
turbine_1,2026-01-05 22:00:00+00:00,24,0.980861897691008,0.980861897691008,False,False,0.9577674129353234,12.13,-1.2,2026-01-05 19:00:00+00:00,3.0,2026-01-05 22:00:00,2026-01-06T00:00:00+05:00,ad01cd4a1c944571c277b16751c0c1aa33168e656dc568c0c4444f4222d6850d,gfs_seamless,False
turbine_1,2026-01-05 23:00:00+00:00,24,0.9673993872178087,0.9673993872178087,False,False,0.9668531468531468,12.75,-1.3,2026-01-05 19:00:00+00:00,4.0,2026-01-05 22:00:00,2026-01-06T00:00:00+05:00,ad01cd4a1c944571c277b16751c0c1aa33168e656dc568c0c4444f4222d6850d,gfs_seamless,False
turbine_1,2026-01-06 00:00:00+00:00,24,0.9895127415700888,0.9895127415700888,False,False,0.9769104308390022,13.1,-1.5,2026-01-05 19:00:00+00:00,5.0,2026-01-05 22:00:00,2026-01-06T00:00:00+05:00,ad01cd4a1c944571c277b16751c0c1aa33168e656dc568c0c4444f4222d6850d,gfs_seamless,False
turbine_1,2026-01-06 01:00:00+00:00,24,0.9827600971225233,0.9827600971225233,False,False,0.9653976311336716,13.64,-1.6,2026-01-05 19:00:00+00:00,6.0,2026-01-05 22:00:00,2026-01-06T00:00:00+05:00,ad01cd4a1c944571c277b16751c0c1aa33168e656dc568c0c4444f4222d6850d,gfs_seamless,False
turbine_1,2026-01-06 02:00:00+00:00,24,0.9827600971225233,0.9827600971225233,False,False,0.9653976311336716,13.69,-1.7,2026-01-05 19:00:00+00:00,7.0,2026-01-05 22:00:00,2026-01-06T00:00:00+05:00,ad01cd4a1c944571c277b16751c0c1aa33168e656dc568c0c4444f4222d6850d,gfs_seamless,False
turbine_1,2026-01-06 03:00:00+00:00,24,0.9817420040545269,0.9817420040545269,False,False,0.9653976311336716,13.6,-1.5,2026-01-05 19:00:00+00:00,8.0,2026-01-05 22:00:00,2026-01-06T00:00:00+05:00,ad01cd4a1c944571c277b16751c0c1aa33168e656dc568c0c4444f4222d6850d,gfs_seamless,False
turbine_1,2026-01-06 04:00:00+00:00,24,0.9271531325428455,0.9271531325428455,False,False,0.9653976311336716,13.96,-0.0,2026-01-05 19:00:00+00:00,9.0,2026-01-05 22:00:00,2026-01-06T00:00:00+05:00,ad01cd4a1c944571c277b16751c0c1aa33168e656dc568c0c4444f4222d6850d,gfs_seamless,False
turbine_1,2026-01-06 05:00:00+00:00,24,0.9741255291775045,0.9741255291775045,False,False,0.961047619047619,14.82,2.0,2026-01-05 19:00:00+00:00,10.0,2026-01-05 22:00:00,2026-01-06T00:00:00+05:00,ad01cd4a1c944571c277b16751c0c1aa33168e656dc568c0c4444f4222d6850d,gfs_seamless,False
turbine_1,2026-01-06 06:00:00+00:00,24,0.9710448048741294,0.9710448048741294,False,False,0.9650781249999999,15.08,3.2,2026-01-05 19:00:00+00:00,11.0,2026-01-05 22:00:00,2026-01-06T00:00:00+05:00,ad01cd4a1c944571c277b16751c0c1aa33168e656dc568c0c4444f4222d6850d,gfs_seamless,False
turbine_1,2026-01-06 07:00:00+00:00,24,0.9974575861071421,0.9974575861071421,False,False,0.961047619047619,14.84,3.8,2026-01-05 19:00:00+00:00,12.0,2026-01-05 22:00:00,2026-01-06T00:00:00+05:00,ad01cd4a1c944571c277b16751c0c1aa33168e656dc568c0c4444f4222d6850d,gfs_seamless,False
turbine_1,2026-01-06 08:00:00+00:00,24,0.9974575861071421,0.9974575861071421,False,False,0.9650781249999999,15.28,4.0,2026-01-05 19:00:00+00:00,13.0,2026-01-05 22:00:00,2026-01-06T00:00:00+05:00,ad01cd4a1c944571c277b16751c0c1aa33168e656dc568c0c4444f4222d6850d,gfs_seamless,False
turbine_1,2026-01-06 09:00:00+00:00,24,0.9989574978583652,0.9983333333333334,True,False,0.9650781249999999,15.11,4.2,2026-01-05 19:00:00+00:00,14.0,2026-01-05 22:00:00,2026-01-06T00:00:00+05:00,ad01cd4a1c944571c277b16751c0c1aa33168e656dc568c0c4444f4222d6850d,gfs_seamless,False
turbine_1,2026-01-06 10:00:00+00:00,24,1.0002445305876189,0.9983333333333334,True,False,0.9681453634085212,14.36,3.7,2026-01-05 19:00:00+00:00,15.0,2026-01-05 22:00:00,2026-01-06T00:00:00+05:00,ad01cd4a1c944571c277b16751c0c1aa33168e656dc568c0c4444f4222d6850d,gfs_seamless,False
turbine_1,2026-01-06 11:00:00+00:00,24,0.988717515819432,0.988717515819432,False,False,0.9653976311336716,13.61,1.8,2026-01-05 19:00:00+00:00,16.0,2026-01-05 22:00:00,2026-01-06T00:00:00+05:00,ad01cd4a1c944571c277b16751c0c1aa33168e656dc568c0c4444f4222d6850d,gfs_seamless,False
turbine_1,2026-01-06 12:00:00+00:00,24,0.987798371539478,0.987798371539478,False,False,0.9668531468531468,12.85,0.3,2026-01-05 19:00:00+00:00,17.0,2026-01-05 22:00:00,2026-01-06T00:00:00+05:00,ad01cd4a1c944571c277b16751c0c1aa33168e656dc568c0c4444f4222d6850d,gfs_seamless,False
turbine_1,2026-01-06 13:00:00+00:00,24,0.9969490006093679,0.9969490006093679,False,False,0.9577674129353234,12.22,-0.1,2026-01-05 19:00:00+00:00,18.0,2026-01-05 22:00:00,2026-01-06T00:00:00+05:00,ad01cd4a1c944571c277b16751c0c1aa33168e656dc568c0c4444f4222d6850d,gfs_seamless,False
turbine_1,2026-01-06 14:00:00+00:00,24,0.9693262027400246,0.9693262027400246,False,False,0.9601162250116224,11.67,-0.4,2026-01-05 19:00:00+00:00,19.0,2026-01-05 22:00:00,2026-01-06T00:00:00+05:00,ad01cd4a1c944571c277b16751c0c1aa33168e656dc568c0c4444f4222d6850d,gfs_seamless,False
turbine_1,2026-01-06 15:00:00+00:00,24,0.9649715700930073,0.9649715700930073,False,False,0.9377506596306068,11.05,-0.8,2026-01-05 19:00:00+00:00,20.0,2026-01-05 22:00:00,2026-01-06T00:00:00+05:00,ad01cd4a1c944571c277b16751c0c1aa33168e656dc568c0c4444f4222d6850d,gfs_seamless,False
turbine_1,2026-01-06 16:00:00+00:00,24,0.8654718430578151,0.8654718430578151,False,False,0.8298972296693476,10.11,-1.0,2026-01-05 19:00:00+00:00,21.0,2026-01-05 22:00:00,2026-01-06T00:00:00+05:00,ad01cd4a1c944571c277b16751c0c1aa33168e656dc568c0c4444f4222d6850d,gfs_seamless,False
turbine_1,2026-01-06 17:00:00+00:00,24,0.6838326280248914,0.6838326280248914,False,False,0.6262199312714777,8.95,-1.3,2026-01-05 19:00:00+00:00,22.0,2026-01-05 22:00:00,2026-01-06T00:00:00+05:00,ad01cd4a1c944571c277b16751c0c1aa33168e656dc568c0c4444f4222d6850d,gfs_seamless,False
turbine_1,2026-01-06 18:00:00+00:00,24,0.3133635950395139,0.3133635950395139,False,False,0.32568850470124355,6.74,-1.4,2026-01-05 19:00:00+00:00,23.0,2026-01-05 22:00:00,2026-01-06T00:00:00+05:00,ad01cd4a1c944571c277b16751c0c1aa33168e656dc568c0c4444f4222d6850d,gfs_seamless,False
turbine_1,2026-01-06 19:00:00+00:00,24,0.1467273679691889,0.1467273679691889,False,False,0.19650659926986802,5.75,-1.3,2026-01-05 19:00:00+00:00,24.0,2026-01-05 22:00:00,2026-01-06T00:00:00+05:00,ad01cd4a1c944571c277b16751c0c1aa33168e656dc568c0c4444f4222d6850d,gfs_seamless,False
turbine_1,2026-01-06 20:00:00+00:00,48,0.379936516130372,0.379936516130372,False,False,0.39881897386253634,7.26,-1.3,2026-01-05 19:00:00+00:00,25.0,2026-01-05 22:00:00,2026-01-06T00:00:00+05:00,ad01cd4a1c944571c277b16751c0c1aa33168e656dc568c0c4444f4222d6850d,gfs_seamless,False
turbine_1,2026-01-06 21:00:00+00:00,48,0.32542746765285785,0.32542746765285785,False,False,0.32568850470124355,6.9,-1.4,2026-01-05 19:00:00+00:00,26.0,2026-01-05 22:00:00,2026-01-06T00:00:00+05:00,ad01cd4a1c944571c277b16751c0c1aa33168e656dc568c0c4444f4222d6850d,gfs_seamless,False
turbine_1,2026-01-06 22:00:00+00:00,48,0.22206720944478534,0.22206720944478534,False,False,0.2573200589970501,6.21,-1.3,2026-01-05 19:00:00+00:00,27.0,2026-01-05 22:00:00,2026-01-06T00:00:00+05:00,ad01cd4a1c944571c277b16751c0c1aa33168e656dc568c0c4444f4222d6850d,gfs_seamless,False
turbine_1,2026-01-06 23:00:00+00:00,48,0.12311181328830971,0.12311181328830971,False,False,0.1500494417862839,5.43,-1.2,2026-01-05 19:00:00+00:00,28.0,2026-01-05 22:00:00,2026-01-06T00:00:00+05:00,ad01cd4a1c944571c277b16751c0c1aa33168e656dc568c0c4444f4222d6850d,gfs_seamless,False
turbine_1,2026-01-07 00:00:00+00:00,48,0.12944015345885712,0.12944015345885712,False,False,0.19650659926986802,5.58,-1.7,2026-01-05 19:00:00+00:00,29.0,2026-01-05 22:00:00,2026-01-06T00:00:00+05:00,ad01cd4a1c944571c277b16751c0c1aa33168e656dc568c0c4444f4222d6850d,gfs_seamless,False
turbine_1,2026-01-07 01:00:00+00:00,48,0.18452398146816917,0.18452398146816917,False,False,0.19650659926986802,5.98,-1.8,2026-01-05 19:00:00+00:00,30.0,2026-01-05 22:00:00,2026-01-06T00:00:00+05:00,ad01cd4a1c944571c277b16751c0c1aa33168e656dc568c0c4444f4222d6850d,gfs_seamless,False
turbine_1,2026-01-07 02:00:00+00:00,48,0.3176060385632452,0.3176060385632452,False,False,0.32568850470124355,6.93,-2.0,2026-01-05 19:00:00+00:00,31.0,2026-01-05 22:00:00,2026-01-06T00:00:00+05:00,ad01cd4a1c944571c277b16751c0c1aa33168e656dc568c0c4444f4222d6850d,gfs_seamless,False
turbine_1,2026-01-07 03:00:00+00:00,48,0.5059605013272606,0.5059605013272606,False,False,0.4757277526395174,7.97,-2.1,2026-01-05 19:00:00+00:00,32.0,2026-01-05 22:00:00,2026-01-06T00:00:00+05:00,ad01cd4a1c944571c277b16751c0c1aa33168e656dc568c0c4444f4222d6850d,gfs_seamless,False
turbine_1,2026-01-07 04:00:00+00:00,48,0.5008596750260139,0.5008596750260139,False,False,0.4757277526395174,7.88,-0.9,2026-01-05 19:00:00+00:00,33.0,2026-01-05 22:00:00,2026-01-06T00:00:00+05:00,ad01cd4a1c944571c277b16751c0c1aa33168e656dc568c0c4444f4222d6850d,gfs_seamless,False
turbine_1,2026-01-07 05:00:00+00:00,48,0.5137785252072148,0.5137785252072148,False,False,0.4757277526395174,7.88,0.3,2026-01-05 19:00:00+00:00,34.0,2026-01-05 22:00:00,2026-01-06T00:00:00+05:00,ad01cd4a1c944571c277b16751c0c1aa33168e656dc568c0c4444f4222d6850d,gfs_seamless,False
turbine_1,2026-01-07 06:00:00+00:00,48,0.35298764681405725,0.35298764681405725,False,False,0.32568850470124355,6.89,1.3,2026-01-05 19:00:00+00:00,35.0,2026-01-05 22:00:00,2026-01-06T00:00:00+05:00,ad01cd4a1c944571c277b16751c0c1aa33168e656dc568c0c4444f4222d6850d,gfs_seamless,False
turbine_1,2026-01-07 07:00:00+00:00,48,0.29583872913720977,0.29583872913720977,False,False,0.32568850470124355,6.56,2.5,2026-01-05 19:00:00+00:00,36.0,2026-01-05 22:00:00,2026-01-06T00:00:00+05:00,ad01cd4a1c944571c277b16751c0c1aa33168e656dc568c0c4444f4222d6850d,gfs_seamless,False
turbine_1,2026-01-07 08:00:00+00:00,48,0.32889173059592414,0.32889173059592414,False,False,0.32568850470124355,6.71,2.8,2026-01-05 19:00:00+00:00,37.0,2026-01-05 22:00:00,2026-01-06T00:00:00+05:00,ad01cd4a1c944571c277b16751c0c1aa33168e656dc568c0c4444f4222d6850d,gfs_seamless,False
turbine_1,2026-01-07 09:00:00+00:00,48,0.3303156680536678,0.3303156680536678,False,False,0.32568850470124355,6.74,2.8,2026-01-05 19:00:00+00:00,38.0,2026-01-05 22:00:00,2026-01-06T00:00:00+05:00,ad01cd4a1c944571c277b16751c0c1aa33168e656dc568c0c4444f4222d6850d,gfs_seamless,False
turbine_1,2026-01-07 10:00:00+00:00,48,0.31513466998649775,0.31513466998649775,False,False,0.32568850470124355,6.66,2.4,2026-01-05 19:00:00+00:00,39.0,2026-01-05 22:00:00,2026-01-06T00:00:00+05:00,ad01cd4a1c944571c277b16751c0c1aa33168e656dc568c0c4444f4222d6850d,gfs_seamless,False
turbine_1,2026-01-07 11:00:00+00:00,48,0.42355536016888995,0.42355536016888995,False,False,0.39881897386253634,7.36,0.4,2026-01-05 19:00:00+00:00,40.0,2026-01-05 22:00:00,2026-01-06T00:00:00+05:00,ad01cd4a1c944571c277b16751c0c1aa33168e656dc568c0c4444f4222d6850d,gfs_seamless,False
turbine_1,2026-01-07 12:00:00+00:00,48,0.45275566337820217,0.45275566337820217,False,False,0.4757277526395174,7.58,-1.2,2026-01-05 19:00:00+00:00,41.0,2026-01-05 22:00:00,2026-01-06T00:00:00+05:00,ad01cd4a1c944571c277b16751c0c1aa33168e656dc568c0c4444f4222d6850d,gfs_seamless,False
turbine_1,2026-01-07 13:00:00+00:00,48,0.497494959364674,0.497494959364674,False,False,0.4757277526395174,7.92,-1.4,2026-01-05 19:00:00+00:00,42.0,2026-01-05 22:00:00,2026-01-06T00:00:00+05:00,ad01cd4a1c944571c277b16751c0c1aa33168e656dc568c0c4444f4222d6850d,gfs_seamless,False
turbine_1,2026-01-07 14:00:00+00:00,48,0.5818183371249058,0.5818183371249058,False,False,0.5473923444976077,8.45,-1.7,2026-01-05 19:00:00+00:00,43.0,2026-01-05 22:00:00,2026-01-06T00:00:00+05:00,ad01cd4a1c944571c277b16751c0c1aa33168e656dc568c0c4444f4222d6850d,gfs_seamless,False
turbine_1,2026-01-07 15:00:00+00:00,48,0.6969576837775466,0.6969576837775466,False,False,0.6947712418300653,9.0,-1.9,2026-01-05 19:00:00+00:00,44.0,2026-01-05 22:00:00,2026-01-06T00:00:00+05:00,ad01cd4a1c944571c277b16751c0c1aa33168e656dc568c0c4444f4222d6850d,gfs_seamless,False
turbine_1,2026-01-07 16:00:00+00:00,48,0.8074684305234991,0.8074684305234991,False,False,0.763795746785361,9.72,-2.2,2026-01-05 19:00:00+00:00,45.0,2026-01-05 22:00:00,2026-01-06T00:00:00+05:00,ad01cd4a1c944571c277b16751c0c1aa33168e656dc568c0c4444f4222d6850d,gfs_seamless,False
turbine_1,2026-01-07 17:00:00+00:00,48,0.8401629970178165,0.8401629970178165,False,False,0.763795746785361,9.88,-2.3,2026-01-05 19:00:00+00:00,46.0,2026-01-05 22:00:00,2026-01-06T00:00:00+05:00,ad01cd4a1c944571c277b16751c0c1aa33168e656dc568c0c4444f4222d6850d,gfs_seamless,False
turbine_1,2026-01-07 18:00:00+00:00,48,0.6990086376238701,0.6990086376238701,False,False,0.6947712418300653,9.08,-2.6,2026-01-05 19:00:00+00:00,47.0,2026-01-05 22:00:00,2026-01-06T00:00:00+05:00,ad01cd4a1c944571c277b16751c0c1aa33168e656dc568c0c4444f4222d6850d,gfs_seamless,False
turbine_1,2026-01-07 19:00:00+00:00,48,0.726145710480452,0.726145710480452,False,False,0.6947712418300653,9.18,-2.8,2026-01-05 19:00:00+00:00,48.0,2026-01-05 22:00:00,2026-01-06T00:00:00+05:00,ad01cd4a1c944571c277b16751c0c1aa33168e656dc568c0c4444f4222d6850d,gfs_seamless,False
turbine_2,2026-01-05 20:00:00+00:00,24,0.9593395715469178,0.9593395715469178,False,False,0.925302677532014,11.36,-1.1,2026-01-05 19:00:00+00:00,1.0,2026-01-05 22:00:00,2026-01-06T00:00:00+05:00,480615662b1b74d381acae7cb5230a0b426a11ae9ecb70ff5b551df29912ed3a,gfs_seamless,False
turbine_2,2026-01-05 21:00:00+00:00,24,0.9710904913506855,0.9710904913506855,False,False,0.9520113438045376,11.67,-1.1,2026-01-05 19:00:00+00:00,2.0,2026-01-05 22:00:00,2026-01-06T00:00:00+05:00,480615662b1b74d381acae7cb5230a0b426a11ae9ecb70ff5b551df29912ed3a,gfs_seamless,False
turbine_2,2026-01-05 22:00:00+00:00,24,0.9291740780845943,0.9291740780845943,False,False,0.9571070811744387,12.13,-1.2,2026-01-05 19:00:00+00:00,3.0,2026-01-05 22:00:00,2026-01-06T00:00:00+05:00,480615662b1b74d381acae7cb5230a0b426a11ae9ecb70ff5b551df29912ed3a,gfs_seamless,False
turbine_2,2026-01-05 23:00:00+00:00,24,0.9659353041148185,0.9659353041148185,False,False,0.9628872752420471,12.75,-1.3,2026-01-05 19:00:00+00:00,4.0,2026-01-05 22:00:00,2026-01-06T00:00:00+05:00,480615662b1b74d381acae7cb5230a0b426a11ae9ecb70ff5b551df29912ed3a,gfs_seamless,False
turbine_2,2026-01-06 00:00:00+00:00,24,0.9742958126899689,0.9742958126899689,False,False,0.9697865853658537,13.1,-1.5,2026-01-05 19:00:00+00:00,5.0,2026-01-05 22:00:00,2026-01-06T00:00:00+05:00,480615662b1b74d381acae7cb5230a0b426a11ae9ecb70ff5b551df29912ed3a,gfs_seamless,False
turbine_2,2026-01-06 01:00:00+00:00,24,0.9816575065290306,0.9816575065290306,False,False,0.9607463768115941,13.64,-1.6,2026-01-05 19:00:00+00:00,6.0,2026-01-05 22:00:00,2026-01-06T00:00:00+05:00,480615662b1b74d381acae7cb5230a0b426a11ae9ecb70ff5b551df29912ed3a,gfs_seamless,False
turbine_2,2026-01-06 02:00:00+00:00,24,0.9917172856664731,0.9916666666666667,True,False,0.9607463768115941,13.69,-1.7,2026-01-05 19:00:00+00:00,7.0,2026-01-05 22:00:00,2026-01-06T00:00:00+05:00,480615662b1b74d381acae7cb5230a0b426a11ae9ecb70ff5b551df29912ed3a,gfs_seamless,False
turbine_2,2026-01-06 03:00:00+00:00,24,0.9839678898176236,0.9839678898176236,False,False,0.9607463768115941,13.6,-1.5,2026-01-05 19:00:00+00:00,8.0,2026-01-05 22:00:00,2026-01-06T00:00:00+05:00,480615662b1b74d381acae7cb5230a0b426a11ae9ecb70ff5b551df29912ed3a,gfs_seamless,False
turbine_2,2026-01-06 04:00:00+00:00,24,1.004749524099259,0.9916666666666667,True,False,0.9607463768115941,13.96,-0.0,2026-01-05 19:00:00+00:00,9.0,2026-01-05 22:00:00,2026-01-06T00:00:00+05:00,480615662b1b74d381acae7cb5230a0b426a11ae9ecb70ff5b551df29912ed3a,gfs_seamless,False
turbine_2,2026-01-06 05:00:00+00:00,24,0.8699154676475486,0.8699154676475486,False,False,0.9623423423423424,14.82,2.0,2026-01-05 19:00:00+00:00,10.0,2026-01-05 22:00:00,2026-01-06T00:00:00+05:00,480615662b1b74d381acae7cb5230a0b426a11ae9ecb70ff5b551df29912ed3a,gfs_seamless,False
turbine_2,2026-01-06 06:00:00+00:00,24,0.9535450956592262,0.9535450956592262,False,False,0.9496153846153847,15.08,3.2,2026-01-05 19:00:00+00:00,11.0,2026-01-05 22:00:00,2026-01-06T00:00:00+05:00,480615662b1b74d381acae7cb5230a0b426a11ae9ecb70ff5b551df29912ed3a,gfs_seamless,False
turbine_2,2026-01-06 07:00:00+00:00,24,0.9762171544158003,0.9762171544158003,False,False,0.9623423423423424,14.84,3.8,2026-01-05 19:00:00+00:00,12.0,2026-01-05 22:00:00,2026-01-06T00:00:00+05:00,480615662b1b74d381acae7cb5230a0b426a11ae9ecb70ff5b551df29912ed3a,gfs_seamless,False
turbine_2,2026-01-06 08:00:00+00:00,24,0.9578479824274483,0.9578479824274483,False,False,0.9496153846153847,15.28,4.0,2026-01-05 19:00:00+00:00,13.0,2026-01-05 22:00:00,2026-01-06T00:00:00+05:00,480615662b1b74d381acae7cb5230a0b426a11ae9ecb70ff5b551df29912ed3a,gfs_seamless,False
turbine_2,2026-01-06 09:00:00+00:00,24,0.9578479824274483,0.9578479824274483,False,False,0.9496153846153847,15.11,4.2,2026-01-05 19:00:00+00:00,14.0,2026-01-05 22:00:00,2026-01-06T00:00:00+05:00,480615662b1b74d381acae7cb5230a0b426a11ae9ecb70ff5b551df29912ed3a,gfs_seamless,False
turbine_2,2026-01-06 10:00:00+00:00,24,0.9771022654043559,0.9771022654043559,False,False,0.9600239808153477,14.36,3.7,2026-01-05 19:00:00+00:00,15.0,2026-01-05 22:00:00,2026-01-06T00:00:00+05:00,480615662b1b74d381acae7cb5230a0b426a11ae9ecb70ff5b551df29912ed3a,gfs_seamless,False
turbine_2,2026-01-06 11:00:00+00:00,24,0.9756743961242783,0.9756743961242783,False,False,0.9607463768115941,13.61,1.8,2026-01-05 19:00:00+00:00,16.0,2026-01-05 22:00:00,2026-01-06T00:00:00+05:00,480615662b1b74d381acae7cb5230a0b426a11ae9ecb70ff5b551df29912ed3a,gfs_seamless,False
turbine_2,2026-01-06 12:00:00+00:00,24,0.9831032562407205,0.9831032562407205,False,False,0.9628872752420471,12.85,0.3,2026-01-05 19:00:00+00:00,17.0,2026-01-05 22:00:00,2026-01-06T00:00:00+05:00,480615662b1b74d381acae7cb5230a0b426a11ae9ecb70ff5b551df29912ed3a,gfs_seamless,False
turbine_2,2026-01-06 13:00:00+00:00,24,0.9732085094886102,0.9732085094886102,False,False,0.9571070811744387,12.22,-0.1,2026-01-05 19:00:00+00:00,18.0,2026-01-05 22:00:00,2026-01-06T00:00:00+05:00,480615662b1b74d381acae7cb5230a0b426a11ae9ecb70ff5b551df29912ed3a,gfs_seamless,False
turbine_2,2026-01-06 14:00:00+00:00,24,0.9699564120813637,0.9699564120813637,False,False,0.9520113438045376,11.67,-0.4,2026-01-05 19:00:00+00:00,19.0,2026-01-05 22:00:00,2026-01-06T00:00:00+05:00,480615662b1b74d381acae7cb5230a0b426a11ae9ecb70ff5b551df29912ed3a,gfs_seamless,False
turbine_2,2026-01-06 15:00:00+00:00,24,0.9507385486311183,0.9507385486311183,False,False,0.925302677532014,11.05,-0.8,2026-01-05 19:00:00+00:00,20.0,2026-01-05 22:00:00,2026-01-06T00:00:00+05:00,480615662b1b74d381acae7cb5230a0b426a11ae9ecb70ff5b551df29912ed3a,gfs_seamless,False
turbine_2,2026-01-06 16:00:00+00:00,24,0.8559403789157294,0.8559403789157294,False,False,0.8243118427069044,10.11,-1.0,2026-01-05 19:00:00+00:00,21.0,2026-01-05 22:00:00,2026-01-06T00:00:00+05:00,480615662b1b74d381acae7cb5230a0b426a11ae9ecb70ff5b551df29912ed3a,gfs_seamless,False
turbine_2,2026-01-06 17:00:00+00:00,24,0.6472044594244192,0.6472044594244192,False,False,0.6154246139872843,8.95,-1.3,2026-01-05 19:00:00+00:00,22.0,2026-01-05 22:00:00,2026-01-06T00:00:00+05:00,480615662b1b74d381acae7cb5230a0b426a11ae9ecb70ff5b551df29912ed3a,gfs_seamless,False
turbine_2,2026-01-06 18:00:00+00:00,24,0.27991412024977014,0.27991412024977014,False,False,0.3144296690307329,6.74,-1.4,2026-01-05 19:00:00+00:00,23.0,2026-01-05 22:00:00,2026-01-06T00:00:00+05:00,480615662b1b74d381acae7cb5230a0b426a11ae9ecb70ff5b551df29912ed3a,gfs_seamless,False
turbine_2,2026-01-06 19:00:00+00:00,24,0.14351323929698775,0.14351323929698775,False,False,0.18950828579190437,5.75,-1.3,2026-01-05 19:00:00+00:00,24.0,2026-01-05 22:00:00,2026-01-06T00:00:00+05:00,480615662b1b74d381acae7cb5230a0b426a11ae9ecb70ff5b551df29912ed3a,gfs_seamless,False
turbine_2,2026-01-06 20:00:00+00:00,48,0.36993658112069405,0.36993658112069405,False,False,0.3888526452450503,7.26,-1.3,2026-01-05 19:00:00+00:00,25.0,2026-01-05 22:00:00,2026-01-06T00:00:00+05:00,480615662b1b74d381acae7cb5230a0b426a11ae9ecb70ff5b551df29912ed3a,gfs_seamless,False
turbine_2,2026-01-06 21:00:00+00:00,48,0.3183705551219042,0.3183705551219042,False,False,0.3144296690307329,6.9,-1.4,2026-01-05 19:00:00+00:00,26.0,2026-01-05 22:00:00,2026-01-06T00:00:00+05:00,480615662b1b74d381acae7cb5230a0b426a11ae9ecb70ff5b551df29912ed3a,gfs_seamless,False
turbine_2,2026-01-06 22:00:00+00:00,48,0.208830472635366,0.208830472635366,False,False,0.24729629629629626,6.21,-1.3,2026-01-05 19:00:00+00:00,27.0,2026-01-05 22:00:00,2026-01-06T00:00:00+05:00,480615662b1b74d381acae7cb5230a0b426a11ae9ecb70ff5b551df29912ed3a,gfs_seamless,False
turbine_2,2026-01-06 23:00:00+00:00,48,0.1078782772665703,0.1078782772665703,False,False,0.14419587945879458,5.43,-1.2,2026-01-05 19:00:00+00:00,28.0,2026-01-05 22:00:00,2026-01-06T00:00:00+05:00,480615662b1b74d381acae7cb5230a0b426a11ae9ecb70ff5b551df29912ed3a,gfs_seamless,False
turbine_2,2026-01-07 00:00:00+00:00,48,0.11152415036267449,0.11152415036267449,False,False,0.18950828579190437,5.58,-1.7,2026-01-05 19:00:00+00:00,29.0,2026-01-05 22:00:00,2026-01-06T00:00:00+05:00,480615662b1b74d381acae7cb5230a0b426a11ae9ecb70ff5b551df29912ed3a,gfs_seamless,False
turbine_2,2026-01-07 01:00:00+00:00,48,0.16072097607584399,0.16072097607584399,False,False,0.18950828579190437,5.98,-1.8,2026-01-05 19:00:00+00:00,30.0,2026-01-05 22:00:00,2026-01-06T00:00:00+05:00,480615662b1b74d381acae7cb5230a0b426a11ae9ecb70ff5b551df29912ed3a,gfs_seamless,False
turbine_2,2026-01-07 02:00:00+00:00,48,0.32215163568413135,0.32215163568413135,False,False,0.3144296690307329,6.93,-2.0,2026-01-05 19:00:00+00:00,31.0,2026-01-05 22:00:00,2026-01-06T00:00:00+05:00,480615662b1b74d381acae7cb5230a0b426a11ae9ecb70ff5b551df29912ed3a,gfs_seamless,False
turbine_2,2026-01-07 03:00:00+00:00,48,0.4458897445265564,0.4458897445265564,False,False,0.459928850942725,7.97,-2.1,2026-01-05 19:00:00+00:00,32.0,2026-01-05 22:00:00,2026-01-06T00:00:00+05:00,480615662b1b74d381acae7cb5230a0b426a11ae9ecb70ff5b551df29912ed3a,gfs_seamless,False
turbine_2,2026-01-07 04:00:00+00:00,48,0.4678275587986562,0.4678275587986562,False,False,0.459928850942725,7.88,-0.9,2026-01-05 19:00:00+00:00,33.0,2026-01-05 22:00:00,2026-01-06T00:00:00+05:00,480615662b1b74d381acae7cb5230a0b426a11ae9ecb70ff5b551df29912ed3a,gfs_seamless,False
turbine_2,2026-01-07 05:00:00+00:00,48,0.48428173212829834,0.48428173212829834,False,False,0.459928850942725,7.88,0.3,2026-01-05 19:00:00+00:00,34.0,2026-01-05 22:00:00,2026-01-06T00:00:00+05:00,480615662b1b74d381acae7cb5230a0b426a11ae9ecb70ff5b551df29912ed3a,gfs_seamless,False
turbine_2,2026-01-07 06:00:00+00:00,48,0.3255552472203596,0.3255552472203596,False,False,0.3144296690307329,6.89,1.3,2026-01-05 19:00:00+00:00,35.0,2026-01-05 22:00:00,2026-01-06T00:00:00+05:00,480615662b1b74d381acae7cb5230a0b426a11ae9ecb70ff5b551df29912ed3a,gfs_seamless,False
turbine_2,2026-01-07 07:00:00+00:00,48,0.26886790728472076,0.26886790728472076,False,False,0.3144296690307329,6.56,2.5,2026-01-05 19:00:00+00:00,36.0,2026-01-05 22:00:00,2026-01-06T00:00:00+05:00,480615662b1b74d381acae7cb5230a0b426a11ae9ecb70ff5b551df29912ed3a,gfs_seamless,False
turbine_2,2026-01-07 08:00:00+00:00,48,0.2903837790336703,0.2903837790336703,False,False,0.3144296690307329,6.71,2.8,2026-01-05 19:00:00+00:00,37.0,2026-01-05 22:00:00,2026-01-06T00:00:00+05:00,480615662b1b74d381acae7cb5230a0b426a11ae9ecb70ff5b551df29912ed3a,gfs_seamless,False
turbine_2,2026-01-07 09:00:00+00:00,48,0.2903837790336703,0.2903837790336703,False,False,0.3144296690307329,6.74,2.8,2026-01-05 19:00:00+00:00,38.0,2026-01-05 22:00:00,2026-01-06T00:00:00+05:00,480615662b1b74d381acae7cb5230a0b426a11ae9ecb70ff5b551df29912ed3a,gfs_seamless,False
turbine_2,2026-01-07 10:00:00+00:00,48,0.28050074737139985,0.28050074737139985,False,False,0.3144296690307329,6.66,2.4,2026-01-05 19:00:00+00:00,39.0,2026-01-05 22:00:00,2026-01-06T00:00:00+05:00,480615662b1b74d381acae7cb5230a0b426a11ae9ecb70ff5b551df29912ed3a,gfs_seamless,False
turbine_2,2026-01-07 11:00:00+00:00,48,0.39886446065038617,0.39886446065038617,False,False,0.3888526452450503,7.36,0.4,2026-01-05 19:00:00+00:00,40.0,2026-01-05 22:00:00,2026-01-06T00:00:00+05:00,480615662b1b74d381acae7cb5230a0b426a11ae9ecb70ff5b551df29912ed3a,gfs_seamless,False
turbine_2,2026-01-07 12:00:00+00:00,48,0.4268644095453106,0.4268644095453106,False,False,0.459928850942725,7.58,-1.2,2026-01-05 19:00:00+00:00,41.0,2026-01-05 22:00:00,2026-01-06T00:00:00+05:00,480615662b1b74d381acae7cb5230a0b426a11ae9ecb70ff5b551df29912ed3a,gfs_seamless,False
turbine_2,2026-01-07 13:00:00+00:00,48,0.4676479127372062,0.4676479127372062,False,False,0.459928850942725,7.92,-1.4,2026-01-05 19:00:00+00:00,42.0,2026-01-05 22:00:00,2026-01-06T00:00:00+05:00,480615662b1b74d381acae7cb5230a0b426a11ae9ecb70ff5b551df29912ed3a,gfs_seamless,False
turbine_2,2026-01-07 14:00:00+00:00,48,0.5720082937722606,0.5720082937722606,False,False,0.5339426298157454,8.45,-1.7,2026-01-05 19:00:00+00:00,43.0,2026-01-05 22:00:00,2026-01-06T00:00:00+05:00,480615662b1b74d381acae7cb5230a0b426a11ae9ecb70ff5b551df29912ed3a,gfs_seamless,False
turbine_2,2026-01-07 15:00:00+00:00,48,0.6414229695083137,0.6414229695083137,False,False,0.6747792022792023,9.0,-1.9,2026-01-05 19:00:00+00:00,44.0,2026-01-05 22:00:00,2026-01-06T00:00:00+05:00,480615662b1b74d381acae7cb5230a0b426a11ae9ecb70ff5b551df29912ed3a,gfs_seamless,False
turbine_2,2026-01-07 16:00:00+00:00,48,0.7515274065904339,0.7515274065904339,False,False,0.7522770303936223,9.72,-2.2,2026-01-05 19:00:00+00:00,45.0,2026-01-05 22:00:00,2026-01-06T00:00:00+05:00,480615662b1b74d381acae7cb5230a0b426a11ae9ecb70ff5b551df29912ed3a,gfs_seamless,False
turbine_2,2026-01-07 17:00:00+00:00,48,0.7787417563050713,0.7787417563050713,False,False,0.7522770303936223,9.88,-2.3,2026-01-05 19:00:00+00:00,46.0,2026-01-05 22:00:00,2026-01-06T00:00:00+05:00,480615662b1b74d381acae7cb5230a0b426a11ae9ecb70ff5b551df29912ed3a,gfs_seamless,False
turbine_2,2026-01-07 18:00:00+00:00,48,0.6764770162403235,0.6764770162403235,False,False,0.6747792022792023,9.08,-2.6,2026-01-05 19:00:00+00:00,47.0,2026-01-05 22:00:00,2026-01-06T00:00:00+05:00,480615662b1b74d381acae7cb5230a0b426a11ae9ecb70ff5b551df29912ed3a,gfs_seamless,False
turbine_2,2026-01-07 19:00:00+00:00,48,0.7039523026158291,0.7039523026158291,False,False,0.6747792022792023,9.18,-2.8,2026-01-05 19:00:00+00:00,48.0,2026-01-05 22:00:00,2026-01-06T00:00:00+05:00,480615662b1b74d381acae7cb5230a0b426a11ae9ecb70ff5b551df29912ed3a,gfs_seamless,False
turbine_1,2026-01-06 20:00:00+00:00,24,0.07101667417610052,0.07101667417610052,False,False,0.11284451117784451,4.82,-1.3,2026-01-06 19:00:00+00:00,1.0,2026-01-06 22:00:00,2026-01-07T00:00:00+05:00,820ac38a5b83bc33de4123d17a2f4bfc422bf3396b687177f55a1a2de82ef68a,gfs_seamless,False
turbine_1,2026-01-06 21:00:00+00:00,24,0.03320943875037929,0.03320943875037929,False,False,0.08257112750263434,4.0,-1.5,2026-01-06 19:00:00+00:00,2.0,2026-01-06 22:00:00,2026-01-07T00:00:00+05:00,820ac38a5b83bc33de4123d17a2f4bfc422bf3396b687177f55a1a2de82ef68a,gfs_seamless,False
turbine_1,2026-01-06 22:00:00+00:00,24,0.027289436335422353,0.027289436335422353,False,False,0.05866369710467706,3.8,-1.5,2026-01-06 19:00:00+00:00,3.0,2026-01-06 22:00:00,2026-01-07T00:00:00+05:00,820ac38a5b83bc33de4123d17a2f4bfc422bf3396b687177f55a1a2de82ef68a,gfs_seamless,False
turbine_1,2026-01-06 23:00:00+00:00,24,0.027289436335422353,0.027289436335422353,False,False,0.05866369710467706,3.82,-1.7,2026-01-06 19:00:00+00:00,4.0,2026-01-06 22:00:00,2026-01-07T00:00:00+05:00,820ac38a5b83bc33de4123d17a2f4bfc422bf3396b687177f55a1a2de82ef68a,gfs_seamless,False
turbine_1,2026-01-07 00:00:00+00:00,24,0.059810548019933595,0.059810548019933595,False,False,0.11284451117784451,4.55,-1.6,2026-01-06 19:00:00+00:00,5.0,2026-01-06 22:00:00,2026-01-07T00:00:00+05:00,820ac38a5b83bc33de4123d17a2f4bfc422bf3396b687177f55a1a2de82ef68a,gfs_seamless,False
turbine_1,2026-01-07 01:00:00+00:00,24,0.17018072596578918,0.17018072596578918,False,False,0.1965347923681257,5.85,-1.6,2026-01-06 19:00:00+00:00,6.0,2026-01-06 22:00:00,2026-01-07T00:00:00+05:00,820ac38a5b83bc33de4123d17a2f4bfc422bf3396b687177f55a1a2de82ef68a,gfs_seamless,False
turbine_1,2026-01-07 02:00:00+00:00,24,0.32465909955218947,0.32465909955218947,False,False,0.3257266121707539,6.87,-2.1,2026-01-06 19:00:00+00:00,7.0,2026-01-06 22:00:00,2026-01-07T00:00:00+05:00,820ac38a5b83bc33de4123d17a2f4bfc422bf3396b687177f55a1a2de82ef68a,gfs_seamless,False
turbine_1,2026-01-07 03:00:00+00:00,24,0.4545866411215467,0.4545866411215467,False,False,0.4757277526395174,7.59,-1.8,2026-01-06 19:00:00+00:00,8.0,2026-01-06 22:00:00,2026-01-07T00:00:00+05:00,820ac38a5b83bc33de4123d17a2f4bfc422bf3396b687177f55a1a2de82ef68a,gfs_seamless,False
turbine_1,2026-01-07 04:00:00+00:00,24,0.4362872299630379,0.4362872299630379,False,False,0.4757277526395174,7.54,-0.7,2026-01-06 19:00:00+00:00,9.0,2026-01-06 22:00:00,2026-01-07T00:00:00+05:00,820ac38a5b83bc33de4123d17a2f4bfc422bf3396b687177f55a1a2de82ef68a,gfs_seamless,False
turbine_1,2026-01-07 05:00:00+00:00,24,0.4885925587090783,0.4885925587090783,False,False,0.4757277526395174,7.73,-0.1,2026-01-06 19:00:00+00:00,10.0,2026-01-06 22:00:00,2026-01-07T00:00:00+05:00,820ac38a5b83bc33de4123d17a2f4bfc422bf3396b687177f55a1a2de82ef68a,gfs_seamless,False
turbine_1,2026-01-07 06:00:00+00:00,24,0.4428657224673886,0.4428657224673886,False,False,0.3989033816425121,7.43,0.9,2026-01-06 19:00:00+00:00,11.0,2026-01-06 22:00:00,2026-01-07T00:00:00+05:00,820ac38a5b83bc33de4123d17a2f4bfc422bf3396b687177f55a1a2de82ef68a,gfs_seamless,False
turbine_1,2026-01-07 07:00:00+00:00,24,0.3075514827105402,0.3075514827105402,False,False,0.3257266121707539,6.67,2.2,2026-01-06 19:00:00+00:00,12.0,2026-01-06 22:00:00,2026-01-07T00:00:00+05:00,820ac38a5b83bc33de4123d17a2f4bfc422bf3396b687177f55a1a2de82ef68a,gfs_seamless,False
turbine_1,2026-01-07 08:00:00+00:00,24,0.2860793299896768,0.2860793299896768,False,False,0.2573200589970501,6.46,3.1,2026-01-06 19:00:00+00:00,13.0,2026-01-06 22:00:00,2026-01-07T00:00:00+05:00,820ac38a5b83bc33de4123d17a2f4bfc422bf3396b687177f55a1a2de82ef68a,gfs_seamless,False
turbine_1,2026-01-07 09:00:00+00:00,24,0.30940811215045594,0.30940811215045594,False,False,0.3257266121707539,6.58,3.2,2026-01-06 19:00:00+00:00,14.0,2026-01-06 22:00:00,2026-01-07T00:00:00+05:00,820ac38a5b83bc33de4123d17a2f4bfc422bf3396b687177f55a1a2de82ef68a,gfs_seamless,False
turbine_1,2026-01-07 10:00:00+00:00,24,0.28356869807488827,0.28356869807488827,False,False,0.2573200589970501,6.49,2.6,2026-01-06 19:00:00+00:00,15.0,2026-01-06 22:00:00,2026-01-07T00:00:00+05:00,820ac38a5b83bc33de4123d17a2f4bfc422bf3396b687177f55a1a2de82ef68a,gfs_seamless,False
turbine_1,2026-01-07 11:00:00+00:00,24,0.3108801567847477,0.3108801567847477,False,False,0.3257266121707539,6.62,0.8,2026-01-06 19:00:00+00:00,16.0,2026-01-06 22:00:00,2026-01-07T00:00:00+05:00,820ac38a5b83bc33de4123d17a2f4bfc422bf3396b687177f55a1a2de82ef68a,gfs_seamless,False
turbine_1,2026-01-07 12:00:00+00:00,24,0.2998712814924167,0.2998712814924167,False,False,0.3257266121707539,6.57,-0.7,2026-01-06 19:00:00+00:00,17.0,2026-01-06 22:00:00,2026-01-07T00:00:00+05:00,820ac38a5b83bc33de4123d17a2f4bfc422bf3396b687177f55a1a2de82ef68a,gfs_seamless,False
turbine_1,2026-01-07 13:00:00+00:00,24,0.22318274529227908,0.22318274529227908,False,False,0.2573200589970501,6.22,-1.2,2026-01-06 19:00:00+00:00,18.0,2026-01-06 22:00:00,2026-01-07T00:00:00+05:00,820ac38a5b83bc33de4123d17a2f4bfc422bf3396b687177f55a1a2de82ef68a,gfs_seamless,False
turbine_1,2026-01-07 14:00:00+00:00,24,0.2463545537233598,0.2463545537233598,False,False,0.2573200589970501,6.4,-1.8,2026-01-06 19:00:00+00:00,19.0,2026-01-06 22:00:00,2026-01-07T00:00:00+05:00,820ac38a5b83bc33de4123d17a2f4bfc422bf3396b687177f55a1a2de82ef68a,gfs_seamless,False
turbine_1,2026-01-07 15:00:00+00:00,24,0.32465909955218947,0.32465909955218947,False,False,0.3257266121707539,6.89,-2.3,2026-01-06 19:00:00+00:00,20.0,2026-01-06 22:00:00,2026-01-07T00:00:00+05:00,820ac38a5b83bc33de4123d17a2f4bfc422bf3396b687177f55a1a2de82ef68a,gfs_seamless,False
turbine_1,2026-01-07 16:00:00+00:00,24,0.34762863498200025,0.34762863498200025,False,False,0.3989033816425121,7.03,-2.4,2026-01-06 19:00:00+00:00,21.0,2026-01-06 22:00:00,2026-01-07T00:00:00+05:00,820ac38a5b83bc33de4123d17a2f4bfc422bf3396b687177f55a1a2de82ef68a,gfs_seamless,False
turbine_1,2026-01-07 17:00:00+00:00,24,0.39222479258020376,0.39222479258020376,False,False,0.3989033816425121,7.29,-2.8,2026-01-06 19:00:00+00:00,22.0,2026-01-06 22:00:00,2026-01-07T00:00:00+05:00,820ac38a5b83bc33de4123d17a2f4bfc422bf3396b687177f55a1a2de82ef68a,gfs_seamless,False
turbine_1,2026-01-07 18:00:00+00:00,24,0.48915656872743385,0.48915656872743385,False,False,0.4757277526395174,7.78,-3.4,2026-01-06 19:00:00+00:00,23.0,2026-01-06 22:00:00,2026-01-07T00:00:00+05:00,820ac38a5b83bc33de4123d17a2f4bfc422bf3396b687177f55a1a2de82ef68a,gfs_seamless,False
turbine_1,2026-01-07 19:00:00+00:00,24,0.4424323181953034,0.4424323181953034,False,False,0.4757277526395174,7.51,-3.4,2026-01-06 19:00:00+00:00,24.0,2026-01-06 22:00:00,2026-01-07T00:00:00+05:00,820ac38a5b83bc33de4123d17a2f4bfc422bf3396b687177f55a1a2de82ef68a,gfs_seamless,False
turbine_1,2026-01-07 20:00:00+00:00,48,0.7020671892426552,0.7020671892426552,False,False,0.6947712418300653,9.08,-2.9,2026-01-06 19:00:00+00:00,25.0,2026-01-06 22:00:00,2026-01-07T00:00:00+05:00,820ac38a5b83bc33de4123d17a2f4bfc422bf3396b687177f55a1a2de82ef68a,gfs_seamless,False
turbine_1,2026-01-07 21:00:00+00:00,48,0.7084363513822509,0.7084363513822509,False,False,0.6263235294117647,8.99,-3.3,2026-01-06 19:00:00+00:00,26.0,2026-01-06 22:00:00,2026-01-07T00:00:00+05:00,820ac38a5b83bc33de4123d17a2f4bfc422bf3396b687177f55a1a2de82ef68a,gfs_seamless,False
turbine_1,2026-01-07 22:00:00+00:00,48,0.7069121985045146,0.7069121985045146,False,False,0.6947712418300653,9.12,-3.5,2026-01-06 19:00:00+00:00,27.0,2026-01-06 22:00:00,2026-01-07T00:00:00+05:00,820ac38a5b83bc33de4123d17a2f4bfc422bf3396b687177f55a1a2de82ef68a,gfs_seamless,False
turbine_1,2026-01-07 23:00:00+00:00,48,0.7069121985045146,0.7069121985045146,False,False,0.6947712418300653,9.13,-3.7,2026-01-06 19:00:00+00:00,28.0,2026-01-06 22:00:00,2026-01-07T00:00:00+05:00,820ac38a5b83bc33de4123d17a2f4bfc422bf3396b687177f55a1a2de82ef68a,gfs_seamless,False
turbine_1,2026-01-08 00:00:00+00:00,48,0.5493052194859652,0.5493052194859652,False,False,0.5473923444976077,8.1,-3.9,2026-01-06 19:00:00+00:00,29.0,2026-01-06 22:00:00,2026-01-07T00:00:00+05:00,820ac38a5b83bc33de4123d17a2f4bfc422bf3396b687177f55a1a2de82ef68a,gfs_seamless,False
turbine_1,2026-01-08 01:00:00+00:00,48,0.5917334159752435,0.5917334159752435,False,False,0.5473923444976077,8.37,-4.2,2026-01-06 19:00:00+00:00,30.0,2026-01-06 22:00:00,2026-01-07T00:00:00+05:00,820ac38a5b83bc33de4123d17a2f4bfc422bf3396b687177f55a1a2de82ef68a,gfs_seamless,False
turbine_1,2026-01-08 02:00:00+00:00,48,0.8067643523893997,0.8067643523893997,False,False,0.763874074074074,9.59,-4.9,2026-01-06 19:00:00+00:00,31.0,2026-01-06 22:00:00,2026-01-07T00:00:00+05:00,820ac38a5b83bc33de4123d17a2f4bfc422bf3396b687177f55a1a2de82ef68a,gfs_seamless,False
turbine_1,2026-01-08 03:00:00+00:00,48,0.7070383676353605,0.7070383676353605,False,False,0.6947712418300653,9.0,-3.9,2026-01-06 19:00:00+00:00,32.0,2026-01-06 22:00:00,2026-01-07T00:00:00+05:00,820ac38a5b83bc33de4123d17a2f4bfc422bf3396b687177f55a1a2de82ef68a,gfs_seamless,False
turbine_1,2026-01-08 04:00:00+00:00,48,0.8407365891191171,0.8407365891191171,False,False,0.763874074074074,9.98,-2.8,2026-01-06 19:00:00+00:00,33.0,2026-01-06 22:00:00,2026-01-07T00:00:00+05:00,820ac38a5b83bc33de4123d17a2f4bfc422bf3396b687177f55a1a2de82ef68a,gfs_seamless,False
turbine_1,2026-01-08 05:00:00+00:00,48,0.9128032934110549,0.9128032934110549,False,False,0.8927965043695381,10.52,-0.5,2026-01-06 19:00:00+00:00,34.0,2026-01-06 22:00:00,2026-01-07T00:00:00+05:00,820ac38a5b83bc33de4123d17a2f4bfc422bf3396b687177f55a1a2de82ef68a,gfs_seamless,False
turbine_1,2026-01-08 06:00:00+00:00,48,0.7784426544112585,0.7784426544112585,False,False,0.6947712418300653,9.42,-0.0,2026-01-06 19:00:00+00:00,35.0,2026-01-06 22:00:00,2026-01-07T00:00:00+05:00,820ac38a5b83bc33de4123d17a2f4bfc422bf3396b687177f55a1a2de82ef68a,gfs_seamless,False
turbine_1,2026-01-08 07:00:00+00:00,48,0.8403163518809927,0.8403163518809927,False,False,0.763874074074074,9.89,1.8,2026-01-06 19:00:00+00:00,36.0,2026-01-06 22:00:00,2026-01-07T00:00:00+05:00,820ac38a5b83bc33de4123d17a2f4bfc422bf3396b687177f55a1a2de82ef68a,gfs_seamless,False
turbine_1,2026-01-08 08:00:00+00:00,48,0.8417476437245031,0.8417476437245031,False,False,0.763874074074074,9.98,2.5,2026-01-06 19:00:00+00:00,37.0,2026-01-06 22:00:00,2026-01-07T00:00:00+05:00,820ac38a5b83bc33de4123d17a2f4bfc422bf3396b687177f55a1a2de82ef68a,gfs_seamless,False
turbine_1,2026-01-08 09:00:00+00:00,48,0.8573922163380889,0.8573922163380889,False,False,0.8300111259457054,10.02,2.5,2026-01-06 19:00:00+00:00,38.0,2026-01-06 22:00:00,2026-01-07T00:00:00+05:00,820ac38a5b83bc33de4123d17a2f4bfc422bf3396b687177f55a1a2de82ef68a,gfs_seamless,False
turbine_1,2026-01-08 10:00:00+00:00,48,0.8286928553514809,0.8286928553514809,False,False,0.763874074074074,9.81,2.0,2026-01-06 19:00:00+00:00,39.0,2026-01-06 22:00:00,2026-01-07T00:00:00+05:00,820ac38a5b83bc33de4123d17a2f4bfc422bf3396b687177f55a1a2de82ef68a,gfs_seamless,False
turbine_1,2026-01-08 11:00:00+00:00,48,0.8827057202117831,0.8827057202117831,False,False,0.8300111259457054,10.24,0.4,2026-01-06 19:00:00+00:00,40.0,2026-01-06 22:00:00,2026-01-07T00:00:00+05:00,820ac38a5b83bc33de4123d17a2f4bfc422bf3396b687177f55a1a2de82ef68a,gfs_seamless,False
turbine_1,2026-01-08 12:00:00+00:00,48,0.8100530327720464,0.8100530327720464,False,False,0.763874074074074,9.78,-1.2,2026-01-06 19:00:00+00:00,41.0,2026-01-06 22:00:00,2026-01-07T00:00:00+05:00,820ac38a5b83bc33de4123d17a2f4bfc422bf3396b687177f55a1a2de82ef68a,gfs_seamless,False
turbine_1,2026-01-08 13:00:00+00:00,48,0.891089798479818,0.891089798479818,False,False,0.8300111259457054,10.39,-1.8,2026-01-06 19:00:00+00:00,42.0,2026-01-06 22:00:00,2026-01-07T00:00:00+05:00,820ac38a5b83bc33de4123d17a2f4bfc422bf3396b687177f55a1a2de82ef68a,gfs_seamless,False
turbine_1,2026-01-08 14:00:00+00:00,48,0.9573294206256767,0.9573294206256767,False,False,0.9378574561403509,11.03,-2.0,2026-01-06 19:00:00+00:00,43.0,2026-01-06 22:00:00,2026-01-07T00:00:00+05:00,820ac38a5b83bc33de4123d17a2f4bfc422bf3396b687177f55a1a2de82ef68a,gfs_seamless,False
turbine_1,2026-01-08 15:00:00+00:00,48,0.9827498434828662,0.9827498434828662,False,False,0.960176170607325,11.64,-2.0,2026-01-06 19:00:00+00:00,44.0,2026-01-06 22:00:00,2026-01-07T00:00:00+05:00,820ac38a5b83bc33de4123d17a2f4bfc422bf3396b687177f55a1a2de82ef68a,gfs_seamless,False
turbine_1,2026-01-08 16:00:00+00:00,48,0.98433986910656,0.98433986910656,False,False,0.9580129390018484,12.04,-1.9,2026-01-06 19:00:00+00:00,45.0,2026-01-06 22:00:00,2026-01-07T00:00:00+05:00,820ac38a5b83bc33de4123d17a2f4bfc422bf3396b687177f55a1a2de82ef68a,gfs_seamless,False
turbine_1,2026-01-08 17:00:00+00:00,48,0.9842703766902461,0.9842703766902461,False,False,0.9580129390018484,12.28,-2.1,2026-01-06 19:00:00+00:00,46.0,2026-01-06 22:00:00,2026-01-07T00:00:00+05:00,820ac38a5b83bc33de4123d17a2f4bfc422bf3396b687177f55a1a2de82ef68a,gfs_seamless,False
turbine_1,2026-01-08 18:00:00+00:00,48,0.9894970994822344,0.9894970994822344,False,False,0.9580129390018484,12.23,-2.5,2026-01-06 19:00:00+00:00,47.0,2026-01-06 22:00:00,2026-01-07T00:00:00+05:00,820ac38a5b83bc33de4123d17a2f4bfc422bf3396b687177f55a1a2de82ef68a,gfs_seamless,False
turbine_1,2026-01-08 19:00:00+00:00,48,0.9915390103450203,0.9915390103450203,False,False,0.9669064191802009,12.73,-2.6,2026-01-06 19:00:00+00:00,48.0,2026-01-06 22:00:00,2026-01-07T00:00:00+05:00,820ac38a5b83bc33de4123d17a2f4bfc422bf3396b687177f55a1a2de82ef68a,gfs_seamless,False
turbine_2,2026-01-06 20:00:00+00:00,24,0.06281788664358513,0.06281788664358513,False,False,0.10646958410924891,4.82,-1.3,2026-01-06 19:00:00+00:00,1.0,2026-01-06 22:00:00,2026-01-07T00:00:00+05:00,ec0b7b27834117789496aee15dc76ea2a9eb0edfe946db4462f2710399868ffc,gfs_seamless,False
turbine_2,2026-01-06 21:00:00+00:00,24,0.030354725907880034,0.030354725907880034,False,False,0.07956300813008131,4.0,-1.5,2026-01-06 19:00:00+00:00,2.0,2026-01-06 22:00:00,2026-01-07T00:00:00+05:00,ec0b7b27834117789496aee15dc76ea2a9eb0edfe946db4462f2710399868ffc,gfs_seamless,False
turbine_2,2026-01-06 22:00:00+00:00,24,0.022980033832570343,0.022980033832570343,False,False,0.05603174603174604,3.8,-1.5,2026-01-06 19:00:00+00:00,3.0,2026-01-06 22:00:00,2026-01-07T00:00:00+05:00,ec0b7b27834117789496aee15dc76ea2a9eb0edfe946db4462f2710399868ffc,gfs_seamless,False
turbine_2,2026-01-06 23:00:00+00:00,24,0.02138773734368203,0.02138773734368203,False,False,0.05603174603174604,3.82,-1.7,2026-01-06 19:00:00+00:00,4.0,2026-01-06 22:00:00,2026-01-07T00:00:00+05:00,ec0b7b27834117789496aee15dc76ea2a9eb0edfe946db4462f2710399868ffc,gfs_seamless,False
turbine_2,2026-01-07 00:00:00+00:00,24,0.048137325053800244,0.048137325053800244,False,False,0.10646958410924891,4.55,-1.6,2026-01-06 19:00:00+00:00,5.0,2026-01-06 22:00:00,2026-01-07T00:00:00+05:00,ec0b7b27834117789496aee15dc76ea2a9eb0edfe946db4462f2710399868ffc,gfs_seamless,False
turbine_2,2026-01-07 01:00:00+00:00,24,0.143773613425594,0.143773613425594,False,False,0.1894883279044517,5.85,-1.6,2026-01-06 19:00:00+00:00,6.0,2026-01-06 22:00:00,2026-01-07T00:00:00+05:00,ec0b7b27834117789496aee15dc76ea2a9eb0edfe946db4462f2710399868ffc,gfs_seamless,False
turbine_2,2026-01-07 02:00:00+00:00,24,0.32004935958527264,0.32004935958527264,False,False,0.3144930739758326,6.87,-2.1,2026-01-06 19:00:00+00:00,7.0,2026-01-06 22:00:00,2026-01-07T00:00:00+05:00,ec0b7b27834117789496aee15dc76ea2a9eb0edfe946db4462f2710399868ffc,gfs_seamless,False
turbine_2,2026-01-07 03:00:00+00:00,24,0.4079752170306976,0.4079752170306976,False,False,0.459955579246624,7.59,-1.8,2026-01-06 19:00:00+00:00,8.0,2026-01-06 22:00:00,2026-01-07T00:00:00+05:00,ec0b7b27834117789496aee15dc76ea2a9eb0edfe946db4462f2710399868ffc,gfs_seamless,False
turbine_2,2026-01-07 04:00:00+00:00,24,0.419901004871329,0.419901004871329,False,False,0.459955579246624,7.54,-0.7,2026-01-06 19:00:00+00:00,9.0,2026-01-06 22:00:00,2026-01-07T00:00:00+05:00,ec0b7b27834117789496aee15dc76ea2a9eb0edfe946db4462f2710399868ffc,gfs_seamless,False
turbine_2,2026-01-07 05:00:00+00:00,24,0.465255558533932,0.465255558533932,False,False,0.459955579246624,7.73,-0.1,2026-01-06 19:00:00+00:00,10.0,2026-01-06 22:00:00,2026-01-07T00:00:00+05:00,ec0b7b27834117789496aee15dc76ea2a9eb0edfe946db4462f2710399868ffc,gfs_seamless,False
turbine_2,2026-01-07 06:00:00+00:00,24,0.42337469674315875,0.42337469674315875,False,False,0.3888526452450503,7.43,0.9,2026-01-06 19:00:00+00:00,11.0,2026-01-06 22:00:00,2026-01-07T00:00:00+05:00,ec0b7b27834117789496aee15dc76ea2a9eb0edfe946db4462f2710399868ffc,gfs_seamless,False
turbine_2,2026-01-07 07:00:00+00:00,24,0.2795568631253036,0.2795568631253036,False,False,0.3144930739758326,6.67,2.2,2026-01-06 19:00:00+00:00,12.0,2026-01-06 22:00:00,2026-01-07T00:00:00+05:00,ec0b7b27834117789496aee15dc76ea2a9eb0edfe946db4462f2710399868ffc,gfs_seamless,False
turbine_2,2026-01-07 08:00:00+00:00,24,0.2565905799209238,0.2565905799209238,False,False,0.24729629629629626,6.46,3.1,2026-01-06 19:00:00+00:00,13.0,2026-01-06 22:00:00,2026-01-07T00:00:00+05:00,ec0b7b27834117789496aee15dc76ea2a9eb0edfe946db4462f2710399868ffc,gfs_seamless,False
turbine_2,2026-01-07 09:00:00+00:00,24,0.2784662916323794,0.2784662916323794,False,False,0.3144930739758326,6.58,3.2,2026-01-06 19:00:00+00:00,14.0,2026-01-06 22:00:00,2026-01-07T00:00:00+05:00,ec0b7b27834117789496aee15dc76ea2a9eb0edfe946db4462f2710399868ffc,gfs_seamless,False
turbine_2,2026-01-07 10:00:00+00:00,24,0.2540716990647103,0.2540716990647103,False,False,0.24729629629629626,6.49,2.6,2026-01-06 19:00:00+00:00,15.0,2026-01-06 22:00:00,2026-01-07T00:00:00+05:00,ec0b7b27834117789496aee15dc76ea2a9eb0edfe946db4462f2710399868ffc,gfs_seamless,False
turbine_2,2026-01-07 11:00:00+00:00,24,0.2784414693490063,0.2784414693490063,False,False,0.3144930739758326,6.62,0.8,2026-01-06 19:00:00+00:00,16.0,2026-01-06 22:00:00,2026-01-07T00:00:00+05:00,ec0b7b27834117789496aee15dc76ea2a9eb0edfe946db4462f2710399868ffc,gfs_seamless,False
turbine_2,2026-01-07 12:00:00+00:00,24,0.26830395985585304,0.26830395985585304,False,False,0.3144930739758326,6.57,-0.7,2026-01-06 19:00:00+00:00,17.0,2026-01-06 22:00:00,2026-01-07T00:00:00+05:00,ec0b7b27834117789496aee15dc76ea2a9eb0edfe946db4462f2710399868ffc,gfs_seamless,False
turbine_2,2026-01-07 13:00:00+00:00,24,0.21237185095129565,0.21237185095129565,False,False,0.24729629629629626,6.22,-1.2,2026-01-06 19:00:00+00:00,18.0,2026-01-06 22:00:00,2026-01-07T00:00:00+05:00,ec0b7b27834117789496aee15dc76ea2a9eb0edfe946db4462f2710399868ffc,gfs_seamless,False
turbine_2,2026-01-07 14:00:00+00:00,24,0.21849407612503852,0.21849407612503852,False,False,0.24729629629629626,6.4,-1.8,2026-01-06 19:00:00+00:00,19.0,2026-01-06 22:00:00,2026-01-07T00:00:00+05:00,ec0b7b27834117789496aee15dc76ea2a9eb0edfe946db4462f2710399868ffc,gfs_seamless,False
turbine_2,2026-01-07 15:00:00+00:00,24,0.32004935958527264,0.32004935958527264,False,False,0.3144930739758326,6.89,-2.3,2026-01-06 19:00:00+00:00,20.0,2026-01-06 22:00:00,2026-01-07T00:00:00+05:00,ec0b7b27834117789496aee15dc76ea2a9eb0edfe946db4462f2710399868ffc,gfs_seamless,False
turbine_2,2026-01-07 16:00:00+00:00,24,0.3315333016654987,0.3315333016654987,False,False,0.3888526452450503,7.03,-2.4,2026-01-06 19:00:00+00:00,21.0,2026-01-06 22:00:00,2026-01-07T00:00:00+05:00,ec0b7b27834117789496aee15dc76ea2a9eb0edfe946db4462f2710399868ffc,gfs_seamless,False
turbine_2,2026-01-07 17:00:00+00:00,24,0.3439609800051123,0.3439609800051123,False,False,0.3888526452450503,7.29,-2.8,2026-01-06 19:00:00+00:00,22.0,2026-01-06 22:00:00,2026-01-07T00:00:00+05:00,ec0b7b27834117789496aee15dc76ea2a9eb0edfe946db4462f2710399868ffc,gfs_seamless,False
turbine_2,2026-01-07 18:00:00+00:00,24,0.44124152674380346,0.44124152674380346,False,False,0.459955579246624,7.78,-3.4,2026-01-06 19:00:00+00:00,23.0,2026-01-06 22:00:00,2026-01-07T00:00:00+05:00,ec0b7b27834117789496aee15dc76ea2a9eb0edfe946db4462f2710399868ffc,gfs_seamless,False
turbine_2,2026-01-07 19:00:00+00:00,24,0.40388684834064503,0.40388684834064503,False,False,0.459955579246624,7.51,-3.4,2026-01-06 19:00:00+00:00,24.0,2026-01-06 22:00:00,2026-01-07T00:00:00+05:00,ec0b7b27834117789496aee15dc76ea2a9eb0edfe946db4462f2710399868ffc,gfs_seamless,False
turbine_2,2026-01-07 20:00:00+00:00,48,0.6754610640510555,0.6754610640510555,False,False,0.6747792022792023,9.08,-2.9,2026-01-06 19:00:00+00:00,25.0,2026-01-06 22:00:00,2026-01-07T00:00:00+05:00,ec0b7b27834117789496aee15dc76ea2a9eb0edfe946db4462f2710399868ffc,gfs_seamless,False
turbine_2,2026-01-07 21:00:00+00:00,48,0.6706523498028231,0.6706523498028231,False,False,0.6154512471655329,8.99,-3.3,2026-01-06 19:00:00+00:00,26.0,2026-01-06 22:00:00,2026-01-07T00:00:00+05:00,ec0b7b27834117789496aee15dc76ea2a9eb0edfe946db4462f2710399868ffc,gfs_seamless,False
turbine_2,2026-01-07 22:00:00+00:00,48,0.6756955671513564,0.6756955671513564,False,False,0.6747792022792023,9.12,-3.5,2026-01-06 19:00:00+00:00,27.0,2026-01-06 22:00:00,2026-01-07T00:00:00+05:00,ec0b7b27834117789496aee15dc76ea2a9eb0edfe946db4462f2710399868ffc,gfs_seamless,False
turbine_2,2026-01-07 23:00:00+00:00,48,0.6659857524565251,0.6659857524565251,False,False,0.6747792022792023,9.13,-3.7,2026-01-06 19:00:00+00:00,28.0,2026-01-06 22:00:00,2026-01-07T00:00:00+05:00,ec0b7b27834117789496aee15dc76ea2a9eb0edfe946db4462f2710399868ffc,gfs_seamless,False
turbine_2,2026-01-08 00:00:00+00:00,48,0.5144901163679654,0.5144901163679654,False,False,0.5339426298157454,8.1,-3.9,2026-01-06 19:00:00+00:00,29.0,2026-01-06 22:00:00,2026-01-07T00:00:00+05:00,ec0b7b27834117789496aee15dc76ea2a9eb0edfe946db4462f2710399868ffc,gfs_seamless,False
turbine_2,2026-01-08 01:00:00+00:00,48,0.5459967713034092,0.5459967713034092,False,False,0.5339426298157454,8.37,-4.2,2026-01-06 19:00:00+00:00,30.0,2026-01-06 22:00:00,2026-01-07T00:00:00+05:00,ec0b7b27834117789496aee15dc76ea2a9eb0edfe946db4462f2710399868ffc,gfs_seamless,False
turbine_2,2026-01-08 02:00:00+00:00,48,0.7780914281585815,0.7780914281585815,False,False,0.7524465971187282,9.59,-4.9,2026-01-06 19:00:00+00:00,31.0,2026-01-06 22:00:00,2026-01-07T00:00:00+05:00,ec0b7b27834117789496aee15dc76ea2a9eb0edfe946db4462f2710399868ffc,gfs_seamless,False
turbine_2,2026-01-08 03:00:00+00:00,48,0.6634790087411598,0.6634790087411598,False,False,0.6747792022792023,9.0,-3.9,2026-01-06 19:00:00+00:00,32.0,2026-01-06 22:00:00,2026-01-07T00:00:00+05:00,ec0b7b27834117789496aee15dc76ea2a9eb0edfe946db4462f2710399868ffc,gfs_seamless,False
turbine_2,2026-01-08 04:00:00+00:00,48,0.8371357696726519,0.8371357696726519,False,False,0.7524465971187282,9.98,-2.8,2026-01-06 19:00:00+00:00,33.0,2026-01-06 22:00:00,2026-01-07T00:00:00+05:00,ec0b7b27834117789496aee15dc76ea2a9eb0edfe946db4462f2710399868ffc,gfs_seamless,False
turbine_2,2026-01-08 05:00:00+00:00,48,0.8984814578235606,0.8984814578235606,False,False,0.8846255144032922,10.52,-0.5,2026-01-06 19:00:00+00:00,34.0,2026-01-06 22:00:00,2026-01-07T00:00:00+05:00,ec0b7b27834117789496aee15dc76ea2a9eb0edfe946db4462f2710399868ffc,gfs_seamless,False
turbine_2,2026-01-08 06:00:00+00:00,48,0.7221136743551116,0.7221136743551116,False,False,0.6747792022792023,9.42,-0.0,2026-01-06 19:00:00+00:00,35.0,2026-01-06 22:00:00,2026-01-07T00:00:00+05:00,ec0b7b27834117789496aee15dc76ea2a9eb0edfe946db4462f2710399868ffc,gfs_seamless,False
turbine_2,2026-01-08 07:00:00+00:00,48,0.7926556618799797,0.7926556618799797,False,False,0.7524465971187282,9.89,1.8,2026-01-06 19:00:00+00:00,36.0,2026-01-06 22:00:00,2026-01-07T00:00:00+05:00,ec0b7b27834117789496aee15dc76ea2a9eb0edfe946db4462f2710399868ffc,gfs_seamless,False
turbine_2,2026-01-08 08:00:00+00:00,48,0.8352907439363743,0.8352907439363743,False,False,0.7524465971187282,9.98,2.5,2026-01-06 19:00:00+00:00,37.0,2026-01-06 22:00:00,2026-01-07T00:00:00+05:00,ec0b7b27834117789496aee15dc76ea2a9eb0edfe946db4462f2710399868ffc,gfs_seamless,False
turbine_2,2026-01-08 09:00:00+00:00,48,0.8390682526287191,0.8390682526287191,False,False,0.8243707250341997,10.02,2.5,2026-01-06 19:00:00+00:00,38.0,2026-01-06 22:00:00,2026-01-07T00:00:00+05:00,ec0b7b27834117789496aee15dc76ea2a9eb0edfe946db4462f2710399868ffc,gfs_seamless,False
turbine_2,2026-01-08 10:00:00+00:00,48,0.7677199519803131,0.7677199519803131,False,False,0.7524465971187282,9.81,2.0,2026-01-06 19:00:00+00:00,39.0,2026-01-06 22:00:00,2026-01-07T00:00:00+05:00,ec0b7b27834117789496aee15dc76ea2a9eb0edfe946db4462f2710399868ffc,gfs_seamless,False
turbine_2,2026-01-08 11:00:00+00:00,48,0.8677373820791738,0.8677373820791738,False,False,0.8243707250341997,10.24,0.4,2026-01-06 19:00:00+00:00,40.0,2026-01-06 22:00:00,2026-01-07T00:00:00+05:00,ec0b7b27834117789496aee15dc76ea2a9eb0edfe946db4462f2710399868ffc,gfs_seamless,False
turbine_2,2026-01-08 12:00:00+00:00,48,0.7904533475692289,0.7904533475692289,False,False,0.7524465971187282,9.78,-1.2,2026-01-06 19:00:00+00:00,41.0,2026-01-06 22:00:00,2026-01-07T00:00:00+05:00,ec0b7b27834117789496aee15dc76ea2a9eb0edfe946db4462f2710399868ffc,gfs_seamless,False
turbine_2,2026-01-08 13:00:00+00:00,48,0.8062701808485043,0.8062701808485043,False,False,0.8243707250341997,10.39,-1.8,2026-01-06 19:00:00+00:00,42.0,2026-01-06 22:00:00,2026-01-07T00:00:00+05:00,ec0b7b27834117789496aee15dc76ea2a9eb0edfe946db4462f2710399868ffc,gfs_seamless,False
turbine_2,2026-01-08 14:00:00+00:00,48,0.9336495934481384,0.9336495934481384,False,False,0.925302677532014,11.03,-2.0,2026-01-06 19:00:00+00:00,43.0,2026-01-06 22:00:00,2026-01-07T00:00:00+05:00,ec0b7b27834117789496aee15dc76ea2a9eb0edfe946db4462f2710399868ffc,gfs_seamless,False
turbine_2,2026-01-08 15:00:00+00:00,48,0.9683275182478672,0.9683275182478672,False,False,0.9521050347222223,11.64,-2.0,2026-01-06 19:00:00+00:00,44.0,2026-01-06 22:00:00,2026-01-07T00:00:00+05:00,ec0b7b27834117789496aee15dc76ea2a9eb0edfe946db4462f2710399868ffc,gfs_seamless,False
turbine_2,2026-01-08 16:00:00+00:00,48,0.9679207944269563,0.9679207944269563,False,False,0.9571649484536083,12.04,-1.9,2026-01-06 19:00:00+00:00,45.0,2026-01-06 22:00:00,2026-01-07T00:00:00+05:00,ec0b7b27834117789496aee15dc76ea2a9eb0edfe946db4462f2710399868ffc,gfs_seamless,False
turbine_2,2026-01-08 17:00:00+00:00,48,0.9661722663161169,0.9661722663161169,False,False,0.9571649484536083,12.28,-2.1,2026-01-06 19:00:00+00:00,46.0,2026-01-06 22:00:00,2026-01-07T00:00:00+05:00,ec0b7b27834117789496aee15dc76ea2a9eb0edfe946db4462f2710399868ffc,gfs_seamless,False
turbine_2,2026-01-08 18:00:00+00:00,48,0.9828031350689298,0.9828031350689298,False,False,0.9571649484536083,12.23,-2.5,2026-01-06 19:00:00+00:00,47.0,2026-01-06 22:00:00,2026-01-07T00:00:00+05:00,ec0b7b27834117789496aee15dc76ea2a9eb0edfe946db4462f2710399868ffc,gfs_seamless,False
turbine_2,2026-01-08 19:00:00+00:00,48,0.9817484832142888,0.9817484832142888,False,False,0.9628097193702942,12.73,-2.6,2026-01-06 19:00:00+00:00,48.0,2026-01-06 22:00:00,2026-01-07T00:00:00+05:00,ec0b7b27834117789496aee15dc76ea2a9eb0edfe946db4462f2710399868ffc,gfs_seamless,False
turbine_1,2026-01-07 20:00:00+00:00,24,0.39626264278470563,0.39626264278470563,False,False,0.3989033816425121,7.25,-3.2,2026-01-07 19:00:00+00:00,1.0,2026-01-07 22:00:00,2026-01-08T00:00:00+05:00,d9ca0c6a5930d42d4dbeb0eca8311454a62a8d0e173a3ec109b6de3a2c3603ba,gfs_seamless,False
turbine_1,2026-01-07 21:00:00+00:00,24,0.39626264278470563,0.39626264278470563,False,False,0.3989033816425121,7.24,-3.3,2026-01-07 19:00:00+00:00,2.0,2026-01-07 22:00:00,2026-01-08T00:00:00+05:00,d9ca0c6a5930d42d4dbeb0eca8311454a62a8d0e173a3ec109b6de3a2c3603ba,gfs_seamless,False
turbine_1,2026-01-07 22:00:00+00:00,24,0.3970602503494612,0.3970602503494612,False,False,0.3989033816425121,7.29,-3.8,2026-01-07 19:00:00+00:00,3.0,2026-01-07 22:00:00,2026-01-08T00:00:00+05:00,d9ca0c6a5930d42d4dbeb0eca8311454a62a8d0e173a3ec109b6de3a2c3603ba,gfs_seamless,False
turbine_1,2026-01-07 23:00:00+00:00,24,0.29900541717287366,0.29900541717287366,False,False,0.3257266121707539,6.85,-4.1,2026-01-07 19:00:00+00:00,4.0,2026-01-07 22:00:00,2026-01-08T00:00:00+05:00,d9ca0c6a5930d42d4dbeb0eca8311454a62a8d0e173a3ec109b6de3a2c3603ba,gfs_seamless,False
turbine_1,2026-01-08 00:00:00+00:00,24,0.4750022999180229,0.4750022999180229,False,False,0.4757277526395174,7.7,-4.2,2026-01-07 19:00:00+00:00,5.0,2026-01-07 22:00:00,2026-01-08T00:00:00+05:00,d9ca0c6a5930d42d4dbeb0eca8311454a62a8d0e173a3ec109b6de3a2c3603ba,gfs_seamless,False
turbine_1,2026-01-08 01:00:00+00:00,24,0.4902664845065934,0.4902664845065934,False,False,0.4757277526395174,7.84,-4.8,2026-01-07 19:00:00+00:00,6.0,2026-01-07 22:00:00,2026-01-08T00:00:00+05:00,d9ca0c6a5930d42d4dbeb0eca8311454a62a8d0e173a3ec109b6de3a2c3603ba,gfs_seamless,False
turbine_1,2026-01-08 02:00:00+00:00,24,0.44975894715482867,0.44975894715482867,False,False,0.4757277526395174,7.56,-4.6,2026-01-07 19:00:00+00:00,7.0,2026-01-07 22:00:00,2026-01-08T00:00:00+05:00,d9ca0c6a5930d42d4dbeb0eca8311454a62a8d0e173a3ec109b6de3a2c3603ba,gfs_seamless,False
turbine_1,2026-01-08 03:00:00+00:00,24,0.4750022999180229,0.4750022999180229,False,False,0.4757277526395174,7.71,-4.4,2026-01-07 19:00:00+00:00,8.0,2026-01-07 22:00:00,2026-01-08T00:00:00+05:00,d9ca0c6a5930d42d4dbeb0eca8311454a62a8d0e173a3ec109b6de3a2c3603ba,gfs_seamless,False
turbine_1,2026-01-08 04:00:00+00:00,24,0.4367955436531402,0.4367955436531402,False,False,0.3989033816425121,7.47,-2.3,2026-01-07 19:00:00+00:00,9.0,2026-01-07 22:00:00,2026-01-08T00:00:00+05:00,d9ca0c6a5930d42d4dbeb0eca8311454a62a8d0e173a3ec109b6de3a2c3603ba,gfs_seamless,False
turbine_1,2026-01-08 05:00:00+00:00,24,0.5966063324971337,0.5966063324971337,False,False,0.5473923444976077,8.42,-0.7,2026-01-07 19:00:00+00:00,10.0,2026-01-07 22:00:00,2026-01-08T00:00:00+05:00,d9ca0c6a5930d42d4dbeb0eca8311454a62a8d0e173a3ec109b6de3a2c3603ba,gfs_seamless,False
turbine_1,2026-01-08 06:00:00+00:00,24,0.6404227006755681,0.6404227006755681,False,False,0.6263235294117647,8.6,0.8,2026-01-07 19:00:00+00:00,11.0,2026-01-07 22:00:00,2026-01-08T00:00:00+05:00,d9ca0c6a5930d42d4dbeb0eca8311454a62a8d0e173a3ec109b6de3a2c3603ba,gfs_seamless,False
turbine_1,2026-01-08 07:00:00+00:00,24,0.7005874127875105,0.7005874127875105,False,False,0.6947712418300653,9.05,1.9,2026-01-07 19:00:00+00:00,12.0,2026-01-07 22:00:00,2026-01-08T00:00:00+05:00,d9ca0c6a5930d42d4dbeb0eca8311454a62a8d0e173a3ec109b6de3a2c3603ba,gfs_seamless,False
turbine_1,2026-01-08 08:00:00+00:00,24,0.6069372616100787,0.6069372616100787,False,False,0.5473923444976077,8.42,2.5,2026-01-07 19:00:00+00:00,13.0,2026-01-07 22:00:00,2026-01-08T00:00:00+05:00,d9ca0c6a5930d42d4dbeb0eca8311454a62a8d0e173a3ec109b6de3a2c3603ba,gfs_seamless,False
turbine_1,2026-01-08 09:00:00+00:00,24,0.6821646010439002,0.6821646010439002,False,False,0.6263235294117647,8.82,2.5,2026-01-07 19:00:00+00:00,14.0,2026-01-07 22:00:00,2026-01-08T00:00:00+05:00,d9ca0c6a5930d42d4dbeb0eca8311454a62a8d0e173a3ec109b6de3a2c3603ba,gfs_seamless,False
turbine_1,2026-01-08 10:00:00+00:00,24,0.6801120054647268,0.6801120054647268,False,False,0.6263235294117647,8.8,1.6,2026-01-07 19:00:00+00:00,15.0,2026-01-07 22:00:00,2026-01-08T00:00:00+05:00,d9ca0c6a5930d42d4dbeb0eca8311454a62a8d0e173a3ec109b6de3a2c3603ba,gfs_seamless,False
turbine_1,2026-01-08 11:00:00+00:00,24,0.6935917981479688,0.6935917981479688,False,False,0.6263235294117647,8.97,-0.0,2026-01-07 19:00:00+00:00,16.0,2026-01-07 22:00:00,2026-01-08T00:00:00+05:00,d9ca0c6a5930d42d4dbeb0eca8311454a62a8d0e173a3ec109b6de3a2c3603ba,gfs_seamless,False
turbine_1,2026-01-08 12:00:00+00:00,24,0.7788502601771815,0.7788502601771815,False,False,0.763874074074074,9.57,-1.3,2026-01-07 19:00:00+00:00,17.0,2026-01-07 22:00:00,2026-01-08T00:00:00+05:00,d9ca0c6a5930d42d4dbeb0eca8311454a62a8d0e173a3ec109b6de3a2c3603ba,gfs_seamless,False
turbine_1,2026-01-08 13:00:00+00:00,24,0.7357234147861094,0.7357234147861094,False,False,0.6947712418300653,9.32,-1.6,2026-01-07 19:00:00+00:00,18.0,2026-01-07 22:00:00,2026-01-08T00:00:00+05:00,d9ca0c6a5930d42d4dbeb0eca8311454a62a8d0e173a3ec109b6de3a2c3603ba,gfs_seamless,False
turbine_1,2026-01-08 14:00:00+00:00,24,0.8131289309286218,0.8131289309286218,False,False,0.763874074074074,9.72,-1.9,2026-01-07 19:00:00+00:00,19.0,2026-01-07 22:00:00,2026-01-08T00:00:00+05:00,d9ca0c6a5930d42d4dbeb0eca8311454a62a8d0e173a3ec109b6de3a2c3603ba,gfs_seamless,False
turbine_1,2026-01-08 15:00:00+00:00,24,0.8941784844248231,0.8941784844248231,False,False,0.8300111259457054,10.44,-1.9,2026-01-07 19:00:00+00:00,20.0,2026-01-07 22:00:00,2026-01-08T00:00:00+05:00,d9ca0c6a5930d42d4dbeb0eca8311454a62a8d0e173a3ec109b6de3a2c3603ba,gfs_seamless,False
turbine_1,2026-01-08 16:00:00+00:00,24,0.9300423587670645,0.9300423587670645,False,False,0.8927965043695381,10.89,-1.8,2026-01-07 19:00:00+00:00,21.0,2026-01-07 22:00:00,2026-01-08T00:00:00+05:00,d9ca0c6a5930d42d4dbeb0eca8311454a62a8d0e173a3ec109b6de3a2c3603ba,gfs_seamless,False
turbine_1,2026-01-08 17:00:00+00:00,24,0.9562895278719001,0.9562895278719001,False,False,0.9378574561403509,11.1,-1.8,2026-01-07 19:00:00+00:00,22.0,2026-01-07 22:00:00,2026-01-08T00:00:00+05:00,d9ca0c6a5930d42d4dbeb0eca8311454a62a8d0e173a3ec109b6de3a2c3603ba,gfs_seamless,False
turbine_1,2026-01-08 18:00:00+00:00,24,0.9696266014958853,0.9696266014958853,False,False,0.9378574561403509,11.25,-2.0,2026-01-07 19:00:00+00:00,23.0,2026-01-07 22:00:00,2026-01-08T00:00:00+05:00,d9ca0c6a5930d42d4dbeb0eca8311454a62a8d0e173a3ec109b6de3a2c3603ba,gfs_seamless,False
turbine_1,2026-01-08 19:00:00+00:00,24,0.9778368309151663,0.9778368309151663,False,False,0.9378574561403509,11.47,-2.1,2026-01-07 19:00:00+00:00,24.0,2026-01-07 22:00:00,2026-01-08T00:00:00+05:00,d9ca0c6a5930d42d4dbeb0eca8311454a62a8d0e173a3ec109b6de3a2c3603ba,gfs_seamless,False
turbine_1,2026-01-08 20:00:00+00:00,48,0.9555934529935841,0.9555934529935841,False,False,0.9669064191802009,12.69,-2.8,2026-01-07 19:00:00+00:00,25.0,2026-01-07 22:00:00,2026-01-08T00:00:00+05:00,d9ca0c6a5930d42d4dbeb0eca8311454a62a8d0e173a3ec109b6de3a2c3603ba,gfs_seamless,False
turbine_1,2026-01-08 21:00:00+00:00,48,0.9937309876349303,0.9937309876349303,False,False,0.9769763513513514,13.05,-2.8,2026-01-07 19:00:00+00:00,26.0,2026-01-07 22:00:00,2026-01-08T00:00:00+05:00,d9ca0c6a5930d42d4dbeb0eca8311454a62a8d0e173a3ec109b6de3a2c3603ba,gfs_seamless,False
turbine_1,2026-01-08 22:00:00+00:00,48,0.9951198131315943,0.9951198131315943,False,False,0.9769763513513514,13.19,-2.9,2026-01-07 19:00:00+00:00,27.0,2026-01-07 22:00:00,2026-01-08T00:00:00+05:00,d9ca0c6a5930d42d4dbeb0eca8311454a62a8d0e173a3ec109b6de3a2c3603ba,gfs_seamless,False
turbine_1,2026-01-08 23:00:00+00:00,48,0.9893830950560578,0.9893830950560578,False,False,0.9769763513513514,13.24,-3.0,2026-01-07 19:00:00+00:00,28.0,2026-01-07 22:00:00,2026-01-08T00:00:00+05:00,d9ca0c6a5930d42d4dbeb0eca8311454a62a8d0e173a3ec109b6de3a2c3603ba,gfs_seamless,False
turbine_1,2026-01-09 00:00:00+00:00,48,0.9555934529935841,0.9555934529935841,False,False,0.9669064191802009,12.71,-3.3,2026-01-07 19:00:00+00:00,29.0,2026-01-07 22:00:00,2026-01-08T00:00:00+05:00,d9ca0c6a5930d42d4dbeb0eca8311454a62a8d0e173a3ec109b6de3a2c3603ba,gfs_seamless,False
turbine_1,2026-01-09 01:00:00+00:00,48,0.9851711924101316,0.9851711924101316,False,False,0.9669064191802009,12.78,-3.3,2026-01-07 19:00:00+00:00,30.0,2026-01-07 22:00:00,2026-01-08T00:00:00+05:00,d9ca0c6a5930d42d4dbeb0eca8311454a62a8d0e173a3ec109b6de3a2c3603ba,gfs_seamless,False
turbine_1,2026-01-09 02:00:00+00:00,48,0.9851711924101316,0.9851711924101316,False,False,0.9669064191802009,12.73,-3.4,2026-01-07 19:00:00+00:00,31.0,2026-01-07 22:00:00,2026-01-08T00:00:00+05:00,d9ca0c6a5930d42d4dbeb0eca8311454a62a8d0e173a3ec109b6de3a2c3603ba,gfs_seamless,False
turbine_1,2026-01-09 03:00:00+00:00,48,0.9851711924101316,0.9851711924101316,False,False,0.9669064191802009,12.73,-2.9,2026-01-07 19:00:00+00:00,32.0,2026-01-07 22:00:00,2026-01-08T00:00:00+05:00,d9ca0c6a5930d42d4dbeb0eca8311454a62a8d0e173a3ec109b6de3a2c3603ba,gfs_seamless,False
turbine_1,2026-01-09 04:00:00+00:00,48,0.9876628858281405,0.9876628858281405,False,False,0.9580129390018484,12.42,-0.8,2026-01-07 19:00:00+00:00,33.0,2026-01-07 22:00:00,2026-01-08T00:00:00+05:00,d9ca0c6a5930d42d4dbeb0eca8311454a62a8d0e173a3ec109b6de3a2c3603ba,gfs_seamless,False
turbine_1,2026-01-09 05:00:00+00:00,48,0.9825315766518827,0.9825315766518827,False,False,0.960176170607325,11.95,1.7,2026-01-07 19:00:00+00:00,34.0,2026-01-07 22:00:00,2026-01-08T00:00:00+05:00,d9ca0c6a5930d42d4dbeb0eca8311454a62a8d0e173a3ec109b6de3a2c3603ba,gfs_seamless,False
turbine_1,2026-01-09 06:00:00+00:00,48,0.9784886788782288,0.9784886788782288,False,False,0.9378574561403509,11.27,2.5,2026-01-07 19:00:00+00:00,35.0,2026-01-07 22:00:00,2026-01-08T00:00:00+05:00,d9ca0c6a5930d42d4dbeb0eca8311454a62a8d0e173a3ec109b6de3a2c3603ba,gfs_seamless,False
turbine_1,2026-01-09 07:00:00+00:00,48,0.949544937145091,0.949544937145091,False,False,0.8927965043695381,10.96,3.9,2026-01-07 19:00:00+00:00,36.0,2026-01-07 22:00:00,2026-01-08T00:00:00+05:00,d9ca0c6a5930d42d4dbeb0eca8311454a62a8d0e173a3ec109b6de3a2c3603ba,gfs_seamless,False
turbine_1,2026-01-09 08:00:00+00:00,48,0.9197001979341116,0.9197001979341116,False,False,0.8927965043695381,10.55,4.4,2026-01-07 19:00:00+00:00,37.0,2026-01-07 22:00:00,2026-01-08T00:00:00+05:00,d9ca0c6a5930d42d4dbeb0eca8311454a62a8d0e173a3ec109b6de3a2c3603ba,gfs_seamless,False
turbine_1,2026-01-09 09:00:00+00:00,48,0.8135789389008357,0.8135789389008357,False,False,0.763874074074074,9.66,3.8,2026-01-07 19:00:00+00:00,38.0,2026-01-07 22:00:00,2026-01-08T00:00:00+05:00,d9ca0c6a5930d42d4dbeb0eca8311454a62a8d0e173a3ec109b6de3a2c3603ba,gfs_seamless,False
turbine_1,2026-01-09 10:00:00+00:00,48,0.642162812848849,0.642162812848849,False,False,0.6263235294117647,8.59,2.4,2026-01-07 19:00:00+00:00,39.0,2026-01-07 22:00:00,2026-01-08T00:00:00+05:00,d9ca0c6a5930d42d4dbeb0eca8311454a62a8d0e173a3ec109b6de3a2c3603ba,gfs_seamless,False
turbine_1,2026-01-09 11:00:00+00:00,48,0.5668828550434573,0.5668828550434573,False,False,0.5473923444976077,8.14,0.4,2026-01-07 19:00:00+00:00,40.0,2026-01-07 22:00:00,2026-01-08T00:00:00+05:00,d9ca0c6a5930d42d4dbeb0eca8311454a62a8d0e173a3ec109b6de3a2c3603ba,gfs_seamless,False
turbine_1,2026-01-09 12:00:00+00:00,48,0.5806751519326866,0.5806751519326866,False,False,0.5473923444976077,8.33,-1.5,2026-01-07 19:00:00+00:00,41.0,2026-01-07 22:00:00,2026-01-08T00:00:00+05:00,d9ca0c6a5930d42d4dbeb0eca8311454a62a8d0e173a3ec109b6de3a2c3603ba,gfs_seamless,False
turbine_1,2026-01-09 13:00:00+00:00,48,0.5149332800111288,0.5149332800111288,False,False,0.5473923444976077,8.05,-1.7,2026-01-07 19:00:00+00:00,42.0,2026-01-07 22:00:00,2026-01-08T00:00:00+05:00,d9ca0c6a5930d42d4dbeb0eca8311454a62a8d0e173a3ec109b6de3a2c3603ba,gfs_seamless,False
turbine_1,2026-01-09 14:00:00+00:00,48,0.4948023448489825,0.4948023448489825,False,False,0.4757277526395174,7.87,-1.9,2026-01-07 19:00:00+00:00,43.0,2026-01-07 22:00:00,2026-01-08T00:00:00+05:00,d9ca0c6a5930d42d4dbeb0eca8311454a62a8d0e173a3ec109b6de3a2c3603ba,gfs_seamless,False
turbine_1,2026-01-09 15:00:00+00:00,48,0.46759320442134483,0.46759320442134483,False,False,0.4757277526395174,7.69,-2.2,2026-01-07 19:00:00+00:00,44.0,2026-01-07 22:00:00,2026-01-08T00:00:00+05:00,d9ca0c6a5930d42d4dbeb0eca8311454a62a8d0e173a3ec109b6de3a2c3603ba,gfs_seamless,False
turbine_1,2026-01-09 16:00:00+00:00,48,0.5283205317548348,0.5283205317548348,False,False,0.5473923444976077,8.1,-2.3,2026-01-07 19:00:00+00:00,45.0,2026-01-07 22:00:00,2026-01-08T00:00:00+05:00,d9ca0c6a5930d42d4dbeb0eca8311454a62a8d0e173a3ec109b6de3a2c3603ba,gfs_seamless,False
turbine_1,2026-01-09 17:00:00+00:00,48,0.6309221394767647,0.6309221394767647,False,False,0.6263235294117647,8.59,-2.3,2026-01-07 19:00:00+00:00,46.0,2026-01-07 22:00:00,2026-01-08T00:00:00+05:00,d9ca0c6a5930d42d4dbeb0eca8311454a62a8d0e173a3ec109b6de3a2c3603ba,gfs_seamless,False
turbine_1,2026-01-09 18:00:00+00:00,48,0.8069297300999576,0.8069297300999576,False,False,0.763874074074074,9.66,-2.3,2026-01-07 19:00:00+00:00,47.0,2026-01-07 22:00:00,2026-01-08T00:00:00+05:00,d9ca0c6a5930d42d4dbeb0eca8311454a62a8d0e173a3ec109b6de3a2c3603ba,gfs_seamless,False
turbine_1,2026-01-09 19:00:00+00:00,48,0.8921261338979819,0.8921261338979819,False,False,0.8300111259457054,10.3,-2.2,2026-01-07 19:00:00+00:00,48.0,2026-01-07 22:00:00,2026-01-08T00:00:00+05:00,d9ca0c6a5930d42d4dbeb0eca8311454a62a8d0e173a3ec109b6de3a2c3603ba,gfs_seamless,False
turbine_2,2026-01-07 20:00:00+00:00,24,0.348470302156148,0.348470302156148,False,False,0.3888526452450503,7.25,-3.2,2026-01-07 19:00:00+00:00,1.0,2026-01-07 22:00:00,2026-01-08T00:00:00+05:00,a487cc2b6e1a9315da2330fa57ea18707cd53be4b982cea35204481102efd30d,gfs_seamless,False
turbine_2,2026-01-07 21:00:00+00:00,24,0.3487307877664984,0.3487307877664984,False,False,0.3888526452450503,7.24,-3.3,2026-01-07 19:00:00+00:00,2.0,2026-01-07 22:00:00,2026-01-08T00:00:00+05:00,a487cc2b6e1a9315da2330fa57ea18707cd53be4b982cea35204481102efd30d,gfs_seamless,False
turbine_2,2026-01-07 22:00:00+00:00,24,0.35350134494232854,0.35350134494232854,False,False,0.3888526452450503,7.29,-3.8,2026-01-07 19:00:00+00:00,3.0,2026-01-07 22:00:00,2026-01-08T00:00:00+05:00,a487cc2b6e1a9315da2330fa57ea18707cd53be4b982cea35204481102efd30d,gfs_seamless,False
turbine_2,2026-01-07 23:00:00+00:00,24,0.29832728419646093,0.29832728419646093,False,False,0.3144930739758326,6.85,-4.1,2026-01-07 19:00:00+00:00,4.0,2026-01-07 22:00:00,2026-01-08T00:00:00+05:00,a487cc2b6e1a9315da2330fa57ea18707cd53be4b982cea35204481102efd30d,gfs_seamless,False
turbine_2,2026-01-08 00:00:00+00:00,24,0.43839426932982006,0.43839426932982006,False,False,0.459955579246624,7.7,-4.2,2026-01-07 19:00:00+00:00,5.0,2026-01-07 22:00:00,2026-01-08T00:00:00+05:00,a487cc2b6e1a9315da2330fa57ea18707cd53be4b982cea35204481102efd30d,gfs_seamless,False
turbine_2,2026-01-08 01:00:00+00:00,24,0.4711391239516638,0.4711391239516638,False,False,0.459955579246624,7.84,-4.8,2026-01-07 19:00:00+00:00,6.0,2026-01-07 22:00:00,2026-01-08T00:00:00+05:00,a487cc2b6e1a9315da2330fa57ea18707cd53be4b982cea35204481102efd30d,gfs_seamless,False
turbine_2,2026-01-08 02:00:00+00:00,24,0.4079494080923546,0.4079494080923546,False,False,0.459955579246624,7.56,-4.6,2026-01-07 19:00:00+00:00,7.0,2026-01-07 22:00:00,2026-01-08T00:00:00+05:00,a487cc2b6e1a9315da2330fa57ea18707cd53be4b982cea35204481102efd30d,gfs_seamless,False
turbine_2,2026-01-08 03:00:00+00:00,24,0.43023235580476504,0.43023235580476504,False,False,0.459955579246624,7.71,-4.4,2026-01-07 19:00:00+00:00,8.0,2026-01-07 22:00:00,2026-01-08T00:00:00+05:00,a487cc2b6e1a9315da2330fa57ea18707cd53be4b982cea35204481102efd30d,gfs_seamless,False
turbine_2,2026-01-08 04:00:00+00:00,24,0.4047330787260439,0.4047330787260439,False,False,0.3888526452450503,7.47,-2.3,2026-01-07 19:00:00+00:00,9.0,2026-01-07 22:00:00,2026-01-08T00:00:00+05:00,a487cc2b6e1a9315da2330fa57ea18707cd53be4b982cea35204481102efd30d,gfs_seamless,False
turbine_2,2026-01-08 05:00:00+00:00,24,0.5588787816461604,0.5588787816461604,False,False,0.5339426298157454,8.42,-0.7,2026-01-07 19:00:00+00:00,10.0,2026-01-07 22:00:00,2026-01-08T00:00:00+05:00,a487cc2b6e1a9315da2330fa57ea18707cd53be4b982cea35204481102efd30d,gfs_seamless,False
turbine_2,2026-01-08 06:00:00+00:00,24,0.602901415836653,0.602901415836653,False,False,0.6154512471655329,8.6,0.8,2026-01-07 19:00:00+00:00,11.0,2026-01-07 22:00:00,2026-01-08T00:00:00+05:00,a487cc2b6e1a9315da2330fa57ea18707cd53be4b982cea35204481102efd30d,gfs_seamless,False
turbine_2,2026-01-08 07:00:00+00:00,24,0.673548310401318,0.673548310401318,False,False,0.6747792022792023,9.05,1.9,2026-01-07 19:00:00+00:00,12.0,2026-01-07 22:00:00,2026-01-08T00:00:00+05:00,a487cc2b6e1a9315da2330fa57ea18707cd53be4b982cea35204481102efd30d,gfs_seamless,False
turbine_2,2026-01-08 08:00:00+00:00,24,0.5809579479775211,0.5809579479775211,False,False,0.5339426298157454,8.42,2.5,2026-01-07 19:00:00+00:00,13.0,2026-01-07 22:00:00,2026-01-08T00:00:00+05:00,a487cc2b6e1a9315da2330fa57ea18707cd53be4b982cea35204481102efd30d,gfs_seamless,False
turbine_2,2026-01-08 09:00:00+00:00,24,0.6436108601788492,0.6436108601788492,False,False,0.6154512471655329,8.82,2.5,2026-01-07 19:00:00+00:00,14.0,2026-01-07 22:00:00,2026-01-08T00:00:00+05:00,a487cc2b6e1a9315da2330fa57ea18707cd53be4b982cea35204481102efd30d,gfs_seamless,False
turbine_2,2026-01-08 10:00:00+00:00,24,0.6357187815085146,0.6357187815085146,False,False,0.6154512471655329,8.8,1.6,2026-01-07 19:00:00+00:00,15.0,2026-01-07 22:00:00,2026-01-08T00:00:00+05:00,a487cc2b6e1a9315da2330fa57ea18707cd53be4b982cea35204481102efd30d,gfs_seamless,False
turbine_2,2026-01-08 11:00:00+00:00,24,0.6760533375308325,0.6760533375308325,False,False,0.6154512471655329,8.97,-0.0,2026-01-07 19:00:00+00:00,16.0,2026-01-07 22:00:00,2026-01-08T00:00:00+05:00,a487cc2b6e1a9315da2330fa57ea18707cd53be4b982cea35204481102efd30d,gfs_seamless,False
turbine_2,2026-01-08 12:00:00+00:00,24,0.7740637031317522,0.7740637031317522,False,False,0.7524465971187282,9.57,-1.3,2026-01-07 19:00:00+00:00,17.0,2026-01-07 22:00:00,2026-01-08T00:00:00+05:00,a487cc2b6e1a9315da2330fa57ea18707cd53be4b982cea35204481102efd30d,gfs_seamless,False
turbine_2,2026-01-08 13:00:00+00:00,24,0.7101645735008872,0.7101645735008872,False,False,0.6747792022792023,9.32,-1.6,2026-01-07 19:00:00+00:00,18.0,2026-01-07 22:00:00,2026-01-08T00:00:00+05:00,a487cc2b6e1a9315da2330fa57ea18707cd53be4b982cea35204481102efd30d,gfs_seamless,False
turbine_2,2026-01-08 14:00:00+00:00,24,0.7498326241254741,0.7498326241254741,False,False,0.7524465971187282,9.72,-1.9,2026-01-07 19:00:00+00:00,19.0,2026-01-07 22:00:00,2026-01-08T00:00:00+05:00,a487cc2b6e1a9315da2330fa57ea18707cd53be4b982cea35204481102efd30d,gfs_seamless,False
turbine_2,2026-01-08 15:00:00+00:00,24,0.8410720290695012,0.8410720290695012,False,False,0.8243707250341997,10.44,-1.9,2026-01-07 19:00:00+00:00,20.0,2026-01-07 22:00:00,2026-01-08T00:00:00+05:00,a487cc2b6e1a9315da2330fa57ea18707cd53be4b982cea35204481102efd30d,gfs_seamless,False
turbine_2,2026-01-08 16:00:00+00:00,24,0.9191172779053219,0.9191172779053219,False,False,0.8846255144032922,10.89,-1.8,2026-01-07 19:00:00+00:00,21.0,2026-01-07 22:00:00,2026-01-08T00:00:00+05:00,a487cc2b6e1a9315da2330fa57ea18707cd53be4b982cea35204481102efd30d,gfs_seamless,False
turbine_2,2026-01-08 17:00:00+00:00,24,0.9162382278582571,0.9162382278582571,False,False,0.925302677532014,11.1,-1.8,2026-01-07 19:00:00+00:00,22.0,2026-01-07 22:00:00,2026-01-08T00:00:00+05:00,a487cc2b6e1a9315da2330fa57ea18707cd53be4b982cea35204481102efd30d,gfs_seamless,False
turbine_2,2026-01-08 18:00:00+00:00,24,0.9400923513861567,0.9400923513861567,False,False,0.925302677532014,11.25,-2.0,2026-01-07 19:00:00+00:00,23.0,2026-01-07 22:00:00,2026-01-08T00:00:00+05:00,a487cc2b6e1a9315da2330fa57ea18707cd53be4b982cea35204481102efd30d,gfs_seamless,False
turbine_2,2026-01-08 19:00:00+00:00,24,0.9422816756406259,0.9422816756406259,False,False,0.925302677532014,11.47,-2.1,2026-01-07 19:00:00+00:00,24.0,2026-01-07 22:00:00,2026-01-08T00:00:00+05:00,a487cc2b6e1a9315da2330fa57ea18707cd53be4b982cea35204481102efd30d,gfs_seamless,False
turbine_2,2026-01-08 20:00:00+00:00,48,0.9648801650648661,0.9648801650648661,False,False,0.9628097193702942,12.69,-2.8,2026-01-07 19:00:00+00:00,25.0,2026-01-07 22:00:00,2026-01-08T00:00:00+05:00,a487cc2b6e1a9315da2330fa57ea18707cd53be4b982cea35204481102efd30d,gfs_seamless,False
turbine_2,2026-01-08 21:00:00+00:00,48,0.9708474699035373,0.9708474699035373,False,False,0.9697865853658537,13.05,-2.8,2026-01-07 19:00:00+00:00,26.0,2026-01-07 22:00:00,2026-01-08T00:00:00+05:00,a487cc2b6e1a9315da2330fa57ea18707cd53be4b982cea35204481102efd30d,gfs_seamless,False
turbine_2,2026-01-08 22:00:00+00:00,48,0.9599750089687414,0.9599750089687414,False,False,0.9697865853658537,13.19,-2.9,2026-01-07 19:00:00+00:00,27.0,2026-01-07 22:00:00,2026-01-08T00:00:00+05:00,a487cc2b6e1a9315da2330fa57ea18707cd53be4b982cea35204481102efd30d,gfs_seamless,False
turbine_2,2026-01-08 23:00:00+00:00,48,0.9829529058311196,0.9829529058311196,False,False,0.9697865853658537,13.24,-3.0,2026-01-07 19:00:00+00:00,28.0,2026-01-07 22:00:00,2026-01-08T00:00:00+05:00,a487cc2b6e1a9315da2330fa57ea18707cd53be4b982cea35204481102efd30d,gfs_seamless,False
turbine_2,2026-01-09 00:00:00+00:00,48,0.9849851725001497,0.9849851725001497,False,False,0.9628097193702942,12.71,-3.3,2026-01-07 19:00:00+00:00,29.0,2026-01-07 22:00:00,2026-01-08T00:00:00+05:00,a487cc2b6e1a9315da2330fa57ea18707cd53be4b982cea35204481102efd30d,gfs_seamless,False
turbine_2,2026-01-09 01:00:00+00:00,48,0.9927408590757416,0.9916666666666667,True,False,0.9628097193702942,12.78,-3.3,2026-01-07 19:00:00+00:00,30.0,2026-01-07 22:00:00,2026-01-08T00:00:00+05:00,a487cc2b6e1a9315da2330fa57ea18707cd53be4b982cea35204481102efd30d,gfs_seamless,False
turbine_2,2026-01-09 02:00:00+00:00,48,0.9927408590757416,0.9916666666666667,True,False,0.9628097193702942,12.73,-3.4,2026-01-07 19:00:00+00:00,31.0,2026-01-07 22:00:00,2026-01-08T00:00:00+05:00,a487cc2b6e1a9315da2330fa57ea18707cd53be4b982cea35204481102efd30d,gfs_seamless,False
turbine_2,2026-01-09 03:00:00+00:00,48,0.972635851640458,0.972635851640458,False,False,0.9628097193702942,12.73,-2.9,2026-01-07 19:00:00+00:00,32.0,2026-01-07 22:00:00,2026-01-08T00:00:00+05:00,a487cc2b6e1a9315da2330fa57ea18707cd53be4b982cea35204481102efd30d,gfs_seamless,False
turbine_2,2026-01-09 04:00:00+00:00,48,0.9714553449362517,0.9714553449362517,False,False,0.9571649484536083,12.42,-0.8,2026-01-07 19:00:00+00:00,33.0,2026-01-07 22:00:00,2026-01-08T00:00:00+05:00,a487cc2b6e1a9315da2330fa57ea18707cd53be4b982cea35204481102efd30d,gfs_seamless,False
turbine_2,2026-01-09 05:00:00+00:00,48,0.9700608060069549,0.9700608060069549,False,False,0.9521050347222223,11.95,1.7,2026-01-07 19:00:00+00:00,34.0,2026-01-07 22:00:00,2026-01-08T00:00:00+05:00,a487cc2b6e1a9315da2330fa57ea18707cd53be4b982cea35204481102efd30d,gfs_seamless,False
turbine_2,2026-01-09 06:00:00+00:00,48,0.956625777983611,0.956625777983611,False,False,0.925302677532014,11.27,2.5,2026-01-07 19:00:00+00:00,35.0,2026-01-07 22:00:00,2026-01-08T00:00:00+05:00,a487cc2b6e1a9315da2330fa57ea18707cd53be4b982cea35204481102efd30d,gfs_seamless,False
turbine_2,2026-01-09 07:00:00+00:00,48,0.9445240365320625,0.9445240365320625,False,False,0.8846255144032922,10.96,3.9,2026-01-07 19:00:00+00:00,36.0,2026-01-07 22:00:00,2026-01-08T00:00:00+05:00,a487cc2b6e1a9315da2330fa57ea18707cd53be4b982cea35204481102efd30d,gfs_seamless,False
turbine_2,2026-01-09 08:00:00+00:00,48,0.8992129144690181,0.8992129144690181,False,False,0.8846255144032922,10.55,4.4,2026-01-07 19:00:00+00:00,37.0,2026-01-07 22:00:00,2026-01-08T00:00:00+05:00,a487cc2b6e1a9315da2330fa57ea18707cd53be4b982cea35204481102efd30d,gfs_seamless,False
turbine_2,2026-01-09 09:00:00+00:00,48,0.7866776213837704,0.7866776213837704,False,False,0.7524465971187282,9.66,3.8,2026-01-07 19:00:00+00:00,38.0,2026-01-07 22:00:00,2026-01-08T00:00:00+05:00,a487cc2b6e1a9315da2330fa57ea18707cd53be4b982cea35204481102efd30d,gfs_seamless,False
turbine_2,2026-01-09 10:00:00+00:00,48,0.6063265812927682,0.6063265812927682,False,False,0.6154512471655329,8.59,2.4,2026-01-07 19:00:00+00:00,39.0,2026-01-07 22:00:00,2026-01-08T00:00:00+05:00,a487cc2b6e1a9315da2330fa57ea18707cd53be4b982cea35204481102efd30d,gfs_seamless,False
turbine_2,2026-01-09 11:00:00+00:00,48,0.4987021472691607,0.4987021472691607,False,False,0.5339426298157454,8.14,0.4,2026-01-07 19:00:00+00:00,40.0,2026-01-07 22:00:00,2026-01-08T00:00:00+05:00,a487cc2b6e1a9315da2330fa57ea18707cd53be4b982cea35204481102efd30d,gfs_seamless,False
turbine_2,2026-01-09 12:00:00+00:00,48,0.5485412574806462,0.5485412574806462,False,False,0.5339426298157454,8.33,-1.5,2026-01-07 19:00:00+00:00,41.0,2026-01-07 22:00:00,2026-01-08T00:00:00+05:00,a487cc2b6e1a9315da2330fa57ea18707cd53be4b982cea35204481102efd30d,gfs_seamless,False
turbine_2,2026-01-09 13:00:00+00:00,48,0.5079003493039667,0.5079003493039667,False,False,0.5339426298157454,8.05,-1.7,2026-01-07 19:00:00+00:00,42.0,2026-01-07 22:00:00,2026-01-08T00:00:00+05:00,a487cc2b6e1a9315da2330fa57ea18707cd53be4b982cea35204481102efd30d,gfs_seamless,False
turbine_2,2026-01-09 14:00:00+00:00,48,0.4461456681168638,0.4461456681168638,False,False,0.459955579246624,7.87,-1.9,2026-01-07 19:00:00+00:00,43.0,2026-01-07 22:00:00,2026-01-08T00:00:00+05:00,a487cc2b6e1a9315da2330fa57ea18707cd53be4b982cea35204481102efd30d,gfs_seamless,False
turbine_2,2026-01-09 15:00:00+00:00,48,0.43644702808833846,0.43644702808833846,False,False,0.459955579246624,7.69,-2.2,2026-01-07 19:00:00+00:00,44.0,2026-01-07 22:00:00,2026-01-08T00:00:00+05:00,a487cc2b6e1a9315da2330fa57ea18707cd53be4b982cea35204481102efd30d,gfs_seamless,False
turbine_2,2026-01-09 16:00:00+00:00,48,0.4958298663500453,0.4958298663500453,False,False,0.5339426298157454,8.1,-2.3,2026-01-07 19:00:00+00:00,45.0,2026-01-07 22:00:00,2026-01-08T00:00:00+05:00,a487cc2b6e1a9315da2330fa57ea18707cd53be4b982cea35204481102efd30d,gfs_seamless,False
turbine_2,2026-01-09 17:00:00+00:00,48,0.5677635240252518,0.5677635240252518,False,False,0.6154512471655329,8.59,-2.3,2026-01-07 19:00:00+00:00,46.0,2026-01-07 22:00:00,2026-01-08T00:00:00+05:00,a487cc2b6e1a9315da2330fa57ea18707cd53be4b982cea35204481102efd30d,gfs_seamless,False
turbine_2,2026-01-09 18:00:00+00:00,48,0.7508438942777723,0.7508438942777723,False,False,0.7524465971187282,9.66,-2.3,2026-01-07 19:00:00+00:00,47.0,2026-01-07 22:00:00,2026-01-08T00:00:00+05:00,a487cc2b6e1a9315da2330fa57ea18707cd53be4b982cea35204481102efd30d,gfs_seamless,False
turbine_2,2026-01-09 19:00:00+00:00,48,0.8343714658191199,0.8343714658191199,False,False,0.8243707250341997,10.3,-2.2,2026-01-07 19:00:00+00:00,48.0,2026-01-07 22:00:00,2026-01-08T00:00:00+05:00,a487cc2b6e1a9315da2330fa57ea18707cd53be4b982cea35204481102efd30d,gfs_seamless,False
turbine_1,2026-01-08 20:00:00+00:00,24,0.9779343675838196,0.9779343675838196,False,False,0.960176170607325,11.7,-2.2,2026-01-08 19:00:00+00:00,1.0,2026-01-08 22:00:00,2026-01-09T00:00:00+05:00,4a106ebb4d17ce87948b0cc2b310a1c7898c458f285b9e63aa923187f012c35b,gfs_seamless,False
turbine_1,2026-01-08 21:00:00+00:00,24,0.9779343675838196,0.9779343675838196,False,False,0.960176170607325,11.71,-2.2,2026-01-08 19:00:00+00:00,2.0,2026-01-08 22:00:00,2026-01-09T00:00:00+05:00,4a106ebb4d17ce87948b0cc2b310a1c7898c458f285b9e63aa923187f012c35b,gfs_seamless,False
turbine_1,2026-01-08 22:00:00+00:00,24,0.9810582428200946,0.9810582428200946,False,False,0.960176170607325,11.87,-2.3,2026-01-08 19:00:00+00:00,3.0,2026-01-08 22:00:00,2026-01-09T00:00:00+05:00,4a106ebb4d17ce87948b0cc2b310a1c7898c458f285b9e63aa923187f012c35b,gfs_seamless,False
turbine_1,2026-01-08 23:00:00+00:00,24,0.9810582428200946,0.9810582428200946,False,False,0.960176170607325,11.87,-2.4,2026-01-08 19:00:00+00:00,4.0,2026-01-08 22:00:00,2026-01-09T00:00:00+05:00,4a106ebb4d17ce87948b0cc2b310a1c7898c458f285b9e63aa923187f012c35b,gfs_seamless,False
turbine_1,2026-01-09 00:00:00+00:00,24,0.9786302660083606,0.9786302660083606,False,False,0.960176170607325,11.68,-2.4,2026-01-08 19:00:00+00:00,5.0,2026-01-08 22:00:00,2026-01-09T00:00:00+05:00,4a106ebb4d17ce87948b0cc2b310a1c7898c458f285b9e63aa923187f012c35b,gfs_seamless,False
turbine_1,2026-01-09 01:00:00+00:00,24,0.9797232095740619,0.9797232095740619,False,False,0.9378574561403509,11.32,-2.7,2026-01-08 19:00:00+00:00,6.0,2026-01-08 22:00:00,2026-01-09T00:00:00+05:00,4a106ebb4d17ce87948b0cc2b310a1c7898c458f285b9e63aa923187f012c35b,gfs_seamless,False
turbine_1,2026-01-09 02:00:00+00:00,24,0.9775474603950716,0.9775474603950716,False,False,0.9378574561403509,11.16,-2.9,2026-01-08 19:00:00+00:00,7.0,2026-01-08 22:00:00,2026-01-09T00:00:00+05:00,4a106ebb4d17ce87948b0cc2b310a1c7898c458f285b9e63aa923187f012c35b,gfs_seamless,False
turbine_1,2026-01-09 03:00:00+00:00,24,0.9299759108846096,0.9299759108846096,False,False,0.8927965043695381,10.88,-2.4,2026-01-08 19:00:00+00:00,8.0,2026-01-08 22:00:00,2026-01-09T00:00:00+05:00,4a106ebb4d17ce87948b0cc2b310a1c7898c458f285b9e63aa923187f012c35b,gfs_seamless,False
turbine_1,2026-01-09 04:00:00+00:00,24,0.8256232826554568,0.8256232826554568,False,False,0.763874074074074,9.9,-0.8,2026-01-08 19:00:00+00:00,9.0,2026-01-08 22:00:00,2026-01-09T00:00:00+05:00,4a106ebb4d17ce87948b0cc2b310a1c7898c458f285b9e63aa923187f012c35b,gfs_seamless,False
turbine_1,2026-01-09 05:00:00+00:00,24,0.7892630353491827,0.7892630353491827,False,False,0.763874074074074,9.53,0.8,2026-01-08 19:00:00+00:00,10.0,2026-01-08 22:00:00,2026-01-09T00:00:00+05:00,4a106ebb4d17ce87948b0cc2b310a1c7898c458f285b9e63aa923187f012c35b,gfs_seamless,False
turbine_1,2026-01-09 06:00:00+00:00,24,0.8307313838540338,0.8307313838540338,False,False,0.763874074074074,9.84,2.5,2026-01-08 19:00:00+00:00,11.0,2026-01-08 22:00:00,2026-01-09T00:00:00+05:00,4a106ebb4d17ce87948b0cc2b310a1c7898c458f285b9e63aa923187f012c35b,gfs_seamless,False
turbine_1,2026-01-09 07:00:00+00:00,24,0.8988808721866811,0.8988808721866811,False,False,0.8300111259457054,10.34,3.7,2026-01-08 19:00:00+00:00,12.0,2026-01-08 22:00:00,2026-01-09T00:00:00+05:00,4a106ebb4d17ce87948b0cc2b310a1c7898c458f285b9e63aa923187f012c35b,gfs_seamless,False
turbine_1,2026-01-09 08:00:00+00:00,24,0.8580768929662501,0.8580768929662501,False,False,0.8300111259457054,10.06,4.2,2026-01-08 19:00:00+00:00,13.0,2026-01-08 22:00:00,2026-01-09T00:00:00+05:00,4a106ebb4d17ce87948b0cc2b310a1c7898c458f285b9e63aa923187f012c35b,gfs_seamless,False
turbine_1,2026-01-09 09:00:00+00:00,24,0.8143886480336455,0.8143886480336455,False,False,0.763874074074074,9.75,3.8,2026-01-08 19:00:00+00:00,14.0,2026-01-08 22:00:00,2026-01-09T00:00:00+05:00,4a106ebb4d17ce87948b0cc2b310a1c7898c458f285b9e63aa923187f012c35b,gfs_seamless,False
turbine_1,2026-01-09 10:00:00+00:00,24,0.733394337290661,0.733394337290661,False,False,0.6947712418300653,9.27,2.6,2026-01-08 19:00:00+00:00,15.0,2026-01-08 22:00:00,2026-01-09T00:00:00+05:00,4a106ebb4d17ce87948b0cc2b310a1c7898c458f285b9e63aa923187f012c35b,gfs_seamless,False
turbine_1,2026-01-09 11:00:00+00:00,24,0.7288368927287975,0.7288368927287975,False,False,0.6947712418300653,9.22,0.6,2026-01-08 19:00:00+00:00,16.0,2026-01-08 22:00:00,2026-01-09T00:00:00+05:00,4a106ebb4d17ce87948b0cc2b310a1c7898c458f285b9e63aa923187f012c35b,gfs_seamless,False
turbine_1,2026-01-09 12:00:00+00:00,24,0.806740889958437,0.806740889958437,False,False,0.763874074074074,9.71,-1.1,2026-01-08 19:00:00+00:00,17.0,2026-01-08 22:00:00,2026-01-09T00:00:00+05:00,4a106ebb4d17ce87948b0cc2b310a1c7898c458f285b9e63aa923187f012c35b,gfs_seamless,False
turbine_1,2026-01-09 13:00:00+00:00,24,0.7813502688919371,0.7813502688919371,False,False,0.6947712418300653,9.48,-1.5,2026-01-08 19:00:00+00:00,18.0,2026-01-08 22:00:00,2026-01-09T00:00:00+05:00,4a106ebb4d17ce87948b0cc2b310a1c7898c458f285b9e63aa923187f012c35b,gfs_seamless,False
turbine_1,2026-01-09 14:00:00+00:00,24,0.7743034744283782,0.7743034744283782,False,False,0.6947712418300653,9.44,-1.8,2026-01-08 19:00:00+00:00,19.0,2026-01-08 22:00:00,2026-01-09T00:00:00+05:00,4a106ebb4d17ce87948b0cc2b310a1c7898c458f285b9e63aa923187f012c35b,gfs_seamless,False
turbine_1,2026-01-09 15:00:00+00:00,24,0.8090962379432662,0.8090962379432662,False,False,0.763874074074074,9.66,-2.0,2026-01-08 19:00:00+00:00,20.0,2026-01-08 22:00:00,2026-01-09T00:00:00+05:00,4a106ebb4d17ce87948b0cc2b310a1c7898c458f285b9e63aa923187f012c35b,gfs_seamless,False
turbine_1,2026-01-09 16:00:00+00:00,24,0.8534137474015352,0.8534137474015352,False,False,0.8300111259457054,10.02,-2.1,2026-01-08 19:00:00+00:00,21.0,2026-01-08 22:00:00,2026-01-09T00:00:00+05:00,4a106ebb4d17ce87948b0cc2b310a1c7898c458f285b9e63aa923187f012c35b,gfs_seamless,False
turbine_1,2026-01-09 17:00:00+00:00,24,0.8692078742715932,0.8692078742715932,False,False,0.8300111259457054,10.16,-2.2,2026-01-08 19:00:00+00:00,22.0,2026-01-08 22:00:00,2026-01-09T00:00:00+05:00,4a106ebb4d17ce87948b0cc2b310a1c7898c458f285b9e63aa923187f012c35b,gfs_seamless,False
turbine_1,2026-01-09 18:00:00+00:00,24,0.9205201274651414,0.9205201274651414,False,False,0.8927965043695381,10.74,-2.2,2026-01-08 19:00:00+00:00,23.0,2026-01-08 22:00:00,2026-01-09T00:00:00+05:00,4a106ebb4d17ce87948b0cc2b310a1c7898c458f285b9e63aa923187f012c35b,gfs_seamless,False
turbine_1,2026-01-09 19:00:00+00:00,24,0.9299759108846096,0.9299759108846096,False,False,0.8927965043695381,10.89,-2.3,2026-01-08 19:00:00+00:00,24.0,2026-01-08 22:00:00,2026-01-09T00:00:00+05:00,4a106ebb4d17ce87948b0cc2b310a1c7898c458f285b9e63aa923187f012c35b,gfs_seamless,False
turbine_1,2026-01-09 20:00:00+00:00,48,0.9299759108846096,0.9299759108846096,False,False,0.8927965043695381,10.89,-2.3,2026-01-08 19:00:00+00:00,25.0,2026-01-08 22:00:00,2026-01-09T00:00:00+05:00,4a106ebb4d17ce87948b0cc2b310a1c7898c458f285b9e63aa923187f012c35b,gfs_seamless,False
turbine_1,2026-01-09 21:00:00+00:00,48,0.9616868563467174,0.9616868563467174,False,False,0.9378574561403509,11.08,-2.4,2026-01-08 19:00:00+00:00,26.0,2026-01-08 22:00:00,2026-01-09T00:00:00+05:00,4a106ebb4d17ce87948b0cc2b310a1c7898c458f285b9e63aa923187f012c35b,gfs_seamless,False
turbine_1,2026-01-09 22:00:00+00:00,48,0.9794904946390824,0.9794904946390824,False,False,0.9378574561403509,11.39,-2.6,2026-01-08 19:00:00+00:00,27.0,2026-01-08 22:00:00,2026-01-09T00:00:00+05:00,4a106ebb4d17ce87948b0cc2b310a1c7898c458f285b9e63aa923187f012c35b,gfs_seamless,False
turbine_1,2026-01-09 23:00:00+00:00,48,0.9819192778827036,0.9819192778827036,False,False,0.9378574561403509,11.41,-2.7,2026-01-08 19:00:00+00:00,28.0,2026-01-08 22:00:00,2026-01-09T00:00:00+05:00,4a106ebb4d17ce87948b0cc2b310a1c7898c458f285b9e63aa923187f012c35b,gfs_seamless,False
turbine_1,2026-01-10 00:00:00+00:00,48,0.9844851066196435,0.9844851066196435,False,False,0.960176170607325,11.63,-2.7,2026-01-08 19:00:00+00:00,29.0,2026-01-08 22:00:00,2026-01-09T00:00:00+05:00,4a106ebb4d17ce87948b0cc2b310a1c7898c458f285b9e63aa923187f012c35b,gfs_seamless,False
turbine_1,2026-01-10 01:00:00+00:00,48,0.9851345836026475,0.9851345836026475,False,False,0.960176170607325,11.54,-2.9,2026-01-08 19:00:00+00:00,30.0,2026-01-08 22:00:00,2026-01-09T00:00:00+05:00,4a106ebb4d17ce87948b0cc2b310a1c7898c458f285b9e63aa923187f012c35b,gfs_seamless,False
turbine_1,2026-01-10 02:00:00+00:00,48,0.994507419848431,0.994507419848431,False,False,0.960176170607325,11.58,-3.2,2026-01-08 19:00:00+00:00,31.0,2026-01-08 22:00:00,2026-01-09T00:00:00+05:00,4a106ebb4d17ce87948b0cc2b310a1c7898c458f285b9e63aa923187f012c35b,gfs_seamless,False
turbine_1,2026-01-10 03:00:00+00:00,48,0.9819192778827036,0.9819192778827036,False,False,0.9378574561403509,11.41,-2.9,2026-01-08 19:00:00+00:00,32.0,2026-01-08 22:00:00,2026-01-09T00:00:00+05:00,4a106ebb4d17ce87948b0cc2b310a1c7898c458f285b9e63aa923187f012c35b,gfs_seamless,False
turbine_1,2026-01-10 04:00:00+00:00,48,0.9805852752556135,0.9805852752556135,False,False,0.9378574561403509,11.28,-0.9,2026-01-08 19:00:00+00:00,33.0,2026-01-08 22:00:00,2026-01-09T00:00:00+05:00,4a106ebb4d17ce87948b0cc2b310a1c7898c458f285b9e63aa923187f012c35b,gfs_seamless,False
turbine_1,2026-01-10 05:00:00+00:00,48,0.9774540352411235,0.9774540352411235,False,False,0.9378574561403509,11.32,1.5,2026-01-08 19:00:00+00:00,34.0,2026-01-08 22:00:00,2026-01-09T00:00:00+05:00,4a106ebb4d17ce87948b0cc2b310a1c7898c458f285b9e63aa923187f012c35b,gfs_seamless,False
turbine_1,2026-01-10 06:00:00+00:00,48,0.9409348746711206,0.9409348746711206,False,False,0.8927965043695381,10.82,3.2,2026-01-08 19:00:00+00:00,35.0,2026-01-08 22:00:00,2026-01-09T00:00:00+05:00,4a106ebb4d17ce87948b0cc2b310a1c7898c458f285b9e63aa923187f012c35b,gfs_seamless,False
turbine_1,2026-01-10 07:00:00+00:00,48,0.9320802558972878,0.9320802558972878,False,False,0.8927965043695381,10.73,4.5,2026-01-08 19:00:00+00:00,36.0,2026-01-08 22:00:00,2026-01-09T00:00:00+05:00,4a106ebb4d17ce87948b0cc2b310a1c7898c458f285b9e63aa923187f012c35b,gfs_seamless,False
turbine_1,2026-01-10 08:00:00+00:00,48,0.9065351474711616,0.9065351474711616,False,False,0.8927965043695381,10.51,4.9,2026-01-08 19:00:00+00:00,37.0,2026-01-08 22:00:00,2026-01-09T00:00:00+05:00,4a106ebb4d17ce87948b0cc2b310a1c7898c458f285b9e63aa923187f012c35b,gfs_seamless,False
turbine_1,2026-01-10 09:00:00+00:00,48,0.9016745212104661,0.9016745212104661,False,False,0.8300111259457054,10.29,4.8,2026-01-08 19:00:00+00:00,38.0,2026-01-08 22:00:00,2026-01-09T00:00:00+05:00,4a106ebb4d17ce87948b0cc2b310a1c7898c458f285b9e63aa923187f012c35b,gfs_seamless,False
turbine_1,2026-01-10 10:00:00+00:00,48,0.853533359695839,0.853533359695839,False,False,0.8300111259457054,10.03,3.7,2026-01-08 19:00:00+00:00,39.0,2026-01-08 22:00:00,2026-01-09T00:00:00+05:00,4a106ebb4d17ce87948b0cc2b310a1c7898c458f285b9e63aa923187f012c35b,gfs_seamless,False
turbine_1,2026-01-10 11:00:00+00:00,48,0.8287273375000331,0.8287273375000331,False,False,0.763874074074074,9.79,1.7,2026-01-08 19:00:00+00:00,40.0,2026-01-08 22:00:00,2026-01-09T00:00:00+05:00,4a106ebb4d17ce87948b0cc2b310a1c7898c458f285b9e63aa923187f012c35b,gfs_seamless,False
turbine_1,2026-01-10 12:00:00+00:00,48,0.8501183939968188,0.8501183939968188,False,False,0.8300111259457054,10.02,0.0,2026-01-08 19:00:00+00:00,41.0,2026-01-08 22:00:00,2026-01-09T00:00:00+05:00,4a106ebb4d17ce87948b0cc2b310a1c7898c458f285b9e63aa923187f012c35b,gfs_seamless,False
turbine_1,2026-01-10 13:00:00+00:00,48,0.8759530756865143,0.8759530756865143,False,False,0.8300111259457054,10.11,-0.1,2026-01-08 19:00:00+00:00,42.0,2026-01-08 22:00:00,2026-01-09T00:00:00+05:00,4a106ebb4d17ce87948b0cc2b310a1c7898c458f285b9e63aa923187f012c35b,gfs_seamless,False
turbine_1,2026-01-10 14:00:00+00:00,48,0.924339473942743,0.924339473942743,False,False,0.8927965043695381,10.6,-0.1,2026-01-08 19:00:00+00:00,43.0,2026-01-08 22:00:00,2026-01-09T00:00:00+05:00,4a106ebb4d17ce87948b0cc2b310a1c7898c458f285b9e63aa923187f012c35b,gfs_seamless,False
turbine_1,2026-01-10 15:00:00+00:00,48,0.940511028508026,0.940511028508026,False,False,0.9378574561403509,11.01,-0.7,2026-01-08 19:00:00+00:00,44.0,2026-01-08 22:00:00,2026-01-09T00:00:00+05:00,4a106ebb4d17ce87948b0cc2b310a1c7898c458f285b9e63aa923187f012c35b,gfs_seamless,False
turbine_1,2026-01-10 16:00:00+00:00,48,0.9637566916238997,0.9637566916238997,False,False,0.9378574561403509,11.05,-1.0,2026-01-08 19:00:00+00:00,45.0,2026-01-08 22:00:00,2026-01-09T00:00:00+05:00,4a106ebb4d17ce87948b0cc2b310a1c7898c458f285b9e63aa923187f012c35b,gfs_seamless,False
turbine_1,2026-01-10 17:00:00+00:00,48,0.9819347795247721,0.9819347795247721,False,False,0.9378574561403509,11.45,-1.0,2026-01-08 19:00:00+00:00,46.0,2026-01-08 22:00:00,2026-01-09T00:00:00+05:00,4a106ebb4d17ce87948b0cc2b310a1c7898c458f285b9e63aa923187f012c35b,gfs_seamless,False
turbine_1,2026-01-10 18:00:00+00:00,48,0.9819347795247721,0.9819347795247721,False,False,0.960176170607325,11.68,-1.0,2026-01-08 19:00:00+00:00,47.0,2026-01-08 22:00:00,2026-01-09T00:00:00+05:00,4a106ebb4d17ce87948b0cc2b310a1c7898c458f285b9e63aa923187f012c35b,gfs_seamless,False
turbine_1,2026-01-10 19:00:00+00:00,48,0.9907148649808218,0.9907148649808218,False,False,0.9580129390018484,12.21,-1.1,2026-01-08 19:00:00+00:00,48.0,2026-01-08 22:00:00,2026-01-09T00:00:00+05:00,4a106ebb4d17ce87948b0cc2b310a1c7898c458f285b9e63aa923187f012c35b,gfs_seamless,False
turbine_2,2026-01-08 20:00:00+00:00,24,0.9616271250125257,0.9616271250125257,False,False,0.9521050347222223,11.7,-2.2,2026-01-08 19:00:00+00:00,1.0,2026-01-08 22:00:00,2026-01-09T00:00:00+05:00,07b2a5eb0058ef6250226ec7b935b20742d3e75b16ddb2df5854b17f089a2d3d,gfs_seamless,False
turbine_2,2026-01-08 21:00:00+00:00,24,0.9616271250125257,0.9616271250125257,False,False,0.9521050347222223,11.71,-2.2,2026-01-08 19:00:00+00:00,2.0,2026-01-08 22:00:00,2026-01-09T00:00:00+05:00,07b2a5eb0058ef6250226ec7b935b20742d3e75b16ddb2df5854b17f089a2d3d,gfs_seamless,False
turbine_2,2026-01-08 22:00:00+00:00,24,0.9629083358628259,0.9629083358628259,False,False,0.9521050347222223,11.87,-2.3,2026-01-08 19:00:00+00:00,3.0,2026-01-08 22:00:00,2026-01-09T00:00:00+05:00,07b2a5eb0058ef6250226ec7b935b20742d3e75b16ddb2df5854b17f089a2d3d,gfs_seamless,False
turbine_2,2026-01-08 23:00:00+00:00,24,0.9629083358628259,0.9629083358628259,False,False,0.9521050347222223,11.87,-2.4,2026-01-08 19:00:00+00:00,4.0,2026-01-08 22:00:00,2026-01-09T00:00:00+05:00,07b2a5eb0058ef6250226ec7b935b20742d3e75b16ddb2df5854b17f089a2d3d,gfs_seamless,False
turbine_2,2026-01-09 00:00:00+00:00,24,0.9616271250125257,0.9616271250125257,False,False,0.9521050347222223,11.68,-2.4,2026-01-08 19:00:00+00:00,5.0,2026-01-08 22:00:00,2026-01-09T00:00:00+05:00,07b2a5eb0058ef6250226ec7b935b20742d3e75b16ddb2df5854b17f089a2d3d,gfs_seamless,False
turbine_2,2026-01-09 01:00:00+00:00,24,0.9614165618693826,0.9614165618693826,False,False,0.925302677532014,11.32,-2.7,2026-01-08 19:00:00+00:00,6.0,2026-01-08 22:00:00,2026-01-09T00:00:00+05:00,07b2a5eb0058ef6250226ec7b935b20742d3e75b16ddb2df5854b17f089a2d3d,gfs_seamless,False
turbine_2,2026-01-09 02:00:00+00:00,24,0.9185129160072251,0.9185129160072251,False,False,0.925302677532014,11.16,-2.9,2026-01-08 19:00:00+00:00,7.0,2026-01-08 22:00:00,2026-01-09T00:00:00+05:00,07b2a5eb0058ef6250226ec7b935b20742d3e75b16ddb2df5854b17f089a2d3d,gfs_seamless,False
turbine_2,2026-01-09 03:00:00+00:00,24,0.9161135637537411,0.9161135637537411,False,False,0.8846255144032922,10.88,-2.4,2026-01-08 19:00:00+00:00,8.0,2026-01-08 22:00:00,2026-01-09T00:00:00+05:00,07b2a5eb0058ef6250226ec7b935b20742d3e75b16ddb2df5854b17f089a2d3d,gfs_seamless,False
turbine_2,2026-01-09 04:00:00+00:00,24,0.8189960493293494,0.8189960493293494,False,False,0.7524465971187282,9.9,-0.8,2026-01-08 19:00:00+00:00,9.0,2026-01-08 22:00:00,2026-01-09T00:00:00+05:00,07b2a5eb0058ef6250226ec7b935b20742d3e75b16ddb2df5854b17f089a2d3d,gfs_seamless,False
turbine_2,2026-01-09 05:00:00+00:00,24,0.7622431781569884,0.7622431781569884,False,False,0.7524465971187282,9.53,0.8,2026-01-08 19:00:00+00:00,10.0,2026-01-08 22:00:00,2026-01-09T00:00:00+05:00,07b2a5eb0058ef6250226ec7b935b20742d3e75b16ddb2df5854b17f089a2d3d,gfs_seamless,False
turbine_2,2026-01-09 06:00:00+00:00,24,0.7775076645566791,0.7775076645566791,False,False,0.7524465971187282,9.84,2.5,2026-01-08 19:00:00+00:00,11.0,2026-01-08 22:00:00,2026-01-09T00:00:00+05:00,07b2a5eb0058ef6250226ec7b935b20742d3e75b16ddb2df5854b17f089a2d3d,gfs_seamless,False
turbine_2,2026-01-09 07:00:00+00:00,24,0.863742419821728,0.863742419821728,False,False,0.8243707250341997,10.34,3.7,2026-01-08 19:00:00+00:00,12.0,2026-01-08 22:00:00,2026-01-09T00:00:00+05:00,07b2a5eb0058ef6250226ec7b935b20742d3e75b16ddb2df5854b17f089a2d3d,gfs_seamless,False
turbine_2,2026-01-09 08:00:00+00:00,24,0.8356386511099032,0.8356386511099032,False,False,0.8243707250341997,10.06,4.2,2026-01-08 19:00:00+00:00,13.0,2026-01-08 22:00:00,2026-01-09T00:00:00+05:00,07b2a5eb0058ef6250226ec7b935b20742d3e75b16ddb2df5854b17f089a2d3d,gfs_seamless,False
turbine_2,2026-01-09 09:00:00+00:00,24,0.7826658974985338,0.7826658974985338,False,False,0.7524465971187282,9.75,3.8,2026-01-08 19:00:00+00:00,14.0,2026-01-08 22:00:00,2026-01-09T00:00:00+05:00,07b2a5eb0058ef6250226ec7b935b20742d3e75b16ddb2df5854b17f089a2d3d,gfs_seamless,False
turbine_2,2026-01-09 10:00:00+00:00,24,0.6678494299814872,0.6678494299814872,False,False,0.6747792022792023,9.27,2.6,2026-01-08 19:00:00+00:00,15.0,2026-01-08 22:00:00,2026-01-09T00:00:00+05:00,07b2a5eb0058ef6250226ec7b935b20742d3e75b16ddb2df5854b17f089a2d3d,gfs_seamless,False
turbine_2,2026-01-09 11:00:00+00:00,24,0.7038069986971334,0.7038069986971334,False,False,0.6747792022792023,9.22,0.6,2026-01-08 19:00:00+00:00,16.0,2026-01-08 22:00:00,2026-01-09T00:00:00+05:00,07b2a5eb0058ef6250226ec7b935b20742d3e75b16ddb2df5854b17f089a2d3d,gfs_seamless,False
turbine_2,2026-01-09 12:00:00+00:00,24,0.7836981779592568,0.7836981779592568,False,False,0.7524465971187282,9.71,-1.1,2026-01-08 19:00:00+00:00,17.0,2026-01-08 22:00:00,2026-01-09T00:00:00+05:00,07b2a5eb0058ef6250226ec7b935b20742d3e75b16ddb2df5854b17f089a2d3d,gfs_seamless,False
turbine_2,2026-01-09 13:00:00+00:00,24,0.7425410259495326,0.7425410259495326,False,False,0.6747792022792023,9.48,-1.5,2026-01-08 19:00:00+00:00,18.0,2026-01-08 22:00:00,2026-01-09T00:00:00+05:00,07b2a5eb0058ef6250226ec7b935b20742d3e75b16ddb2df5854b17f089a2d3d,gfs_seamless,False
turbine_2,2026-01-09 14:00:00+00:00,24,0.7185268351850876,0.7185268351850876,False,False,0.6747792022792023,9.44,-1.8,2026-01-08 19:00:00+00:00,19.0,2026-01-08 22:00:00,2026-01-09T00:00:00+05:00,07b2a5eb0058ef6250226ec7b935b20742d3e75b16ddb2df5854b17f089a2d3d,gfs_seamless,False
turbine_2,2026-01-09 15:00:00+00:00,24,0.7450323755367897,0.7450323755367897,False,False,0.7524465971187282,9.66,-2.0,2026-01-08 19:00:00+00:00,20.0,2026-01-08 22:00:00,2026-01-09T00:00:00+05:00,07b2a5eb0058ef6250226ec7b935b20742d3e75b16ddb2df5854b17f089a2d3d,gfs_seamless,False
turbine_2,2026-01-09 16:00:00+00:00,24,0.8000049659985325,0.8000049659985325,False,False,0.8243707250341997,10.02,-2.1,2026-01-08 19:00:00+00:00,21.0,2026-01-08 22:00:00,2026-01-09T00:00:00+05:00,07b2a5eb0058ef6250226ec7b935b20742d3e75b16ddb2df5854b17f089a2d3d,gfs_seamless,False
turbine_2,2026-01-09 17:00:00+00:00,24,0.7999190643129834,0.7999190643129834,False,False,0.8243707250341997,10.16,-2.2,2026-01-08 19:00:00+00:00,22.0,2026-01-08 22:00:00,2026-01-09T00:00:00+05:00,07b2a5eb0058ef6250226ec7b935b20742d3e75b16ddb2df5854b17f089a2d3d,gfs_seamless,False
turbine_2,2026-01-09 18:00:00+00:00,24,0.8818440091645707,0.8818440091645707,False,False,0.8846255144032922,10.74,-2.2,2026-01-08 19:00:00+00:00,23.0,2026-01-08 22:00:00,2026-01-09T00:00:00+05:00,07b2a5eb0058ef6250226ec7b935b20742d3e75b16ddb2df5854b17f089a2d3d,gfs_seamless,False
turbine_2,2026-01-09 19:00:00+00:00,24,0.9161135637537411,0.9161135637537411,False,False,0.8846255144032922,10.89,-2.3,2026-01-08 19:00:00+00:00,24.0,2026-01-08 22:00:00,2026-01-09T00:00:00+05:00,07b2a5eb0058ef6250226ec7b935b20742d3e75b16ddb2df5854b17f089a2d3d,gfs_seamless,False
turbine_2,2026-01-09 20:00:00+00:00,48,0.9161135637537411,0.9161135637537411,False,False,0.8846255144032922,10.89,-2.3,2026-01-08 19:00:00+00:00,25.0,2026-01-08 22:00:00,2026-01-09T00:00:00+05:00,07b2a5eb0058ef6250226ec7b935b20742d3e75b16ddb2df5854b17f089a2d3d,gfs_seamless,False
turbine_2,2026-01-09 21:00:00+00:00,48,0.9225686319511646,0.9225686319511646,False,False,0.925302677532014,11.08,-2.4,2026-01-08 19:00:00+00:00,26.0,2026-01-08 22:00:00,2026-01-09T00:00:00+05:00,07b2a5eb0058ef6250226ec7b935b20742d3e75b16ddb2df5854b17f089a2d3d,gfs_seamless,False
turbine_2,2026-01-09 22:00:00+00:00,48,0.9585332954969846,0.9585332954969846,False,False,0.925302677532014,11.39,-2.6,2026-01-08 19:00:00+00:00,27.0,2026-01-08 22:00:00,2026-01-09T00:00:00+05:00,07b2a5eb0058ef6250226ec7b935b20742d3e75b16ddb2df5854b17f089a2d3d,gfs_seamless,False
turbine_2,2026-01-09 23:00:00+00:00,48,0.9585332954969846,0.9585332954969846,False,False,0.925302677532014,11.41,-2.7,2026-01-08 19:00:00+00:00,28.0,2026-01-08 22:00:00,2026-01-09T00:00:00+05:00,07b2a5eb0058ef6250226ec7b935b20742d3e75b16ddb2df5854b17f089a2d3d,gfs_seamless,False
turbine_2,2026-01-10 00:00:00+00:00,48,0.9632883760587821,0.9632883760587821,False,False,0.9521050347222223,11.63,-2.7,2026-01-08 19:00:00+00:00,29.0,2026-01-08 22:00:00,2026-01-09T00:00:00+05:00,07b2a5eb0058ef6250226ec7b935b20742d3e75b16ddb2df5854b17f089a2d3d,gfs_seamless,False
turbine_2,2026-01-10 01:00:00+00:00,48,0.9538093131134738,0.9538093131134738,False,False,0.9521050347222223,11.54,-2.9,2026-01-08 19:00:00+00:00,30.0,2026-01-08 22:00:00,2026-01-09T00:00:00+05:00,07b2a5eb0058ef6250226ec7b935b20742d3e75b16ddb2df5854b17f089a2d3d,gfs_seamless,False
turbine_2,2026-01-10 02:00:00+00:00,48,0.9760074857266796,0.9760074857266796,False,False,0.9521050347222223,11.58,-3.2,2026-01-08 19:00:00+00:00,31.0,2026-01-08 22:00:00,2026-01-09T00:00:00+05:00,07b2a5eb0058ef6250226ec7b935b20742d3e75b16ddb2df5854b17f089a2d3d,gfs_seamless,False
turbine_2,2026-01-10 03:00:00+00:00,48,0.954612097068731,0.954612097068731,False,False,0.925302677532014,11.41,-2.9,2026-01-08 19:00:00+00:00,32.0,2026-01-08 22:00:00,2026-01-09T00:00:00+05:00,07b2a5eb0058ef6250226ec7b935b20742d3e75b16ddb2df5854b17f089a2d3d,gfs_seamless,False
turbine_2,2026-01-10 04:00:00+00:00,48,0.9640696147880339,0.9640696147880339,False,False,0.925302677532014,11.28,-0.9,2026-01-08 19:00:00+00:00,33.0,2026-01-08 22:00:00,2026-01-09T00:00:00+05:00,07b2a5eb0058ef6250226ec7b935b20742d3e75b16ddb2df5854b17f089a2d3d,gfs_seamless,False
turbine_2,2026-01-10 05:00:00+00:00,48,0.9667432300576299,0.9667432300576299,False,False,0.925302677532014,11.32,1.5,2026-01-08 19:00:00+00:00,34.0,2026-01-08 22:00:00,2026-01-09T00:00:00+05:00,07b2a5eb0058ef6250226ec7b935b20742d3e75b16ddb2df5854b17f089a2d3d,gfs_seamless,False
turbine_2,2026-01-10 06:00:00+00:00,48,0.9273820610837487,0.9273820610837487,False,False,0.8846255144032922,10.82,3.2,2026-01-08 19:00:00+00:00,35.0,2026-01-08 22:00:00,2026-01-09T00:00:00+05:00,07b2a5eb0058ef6250226ec7b935b20742d3e75b16ddb2df5854b17f089a2d3d,gfs_seamless,False
turbine_2,2026-01-10 07:00:00+00:00,48,0.9224571777617702,0.9224571777617702,False,False,0.8846255144032922,10.73,4.5,2026-01-08 19:00:00+00:00,36.0,2026-01-08 22:00:00,2026-01-09T00:00:00+05:00,07b2a5eb0058ef6250226ec7b935b20742d3e75b16ddb2df5854b17f089a2d3d,gfs_seamless,False
turbine_2,2026-01-10 08:00:00+00:00,48,0.8947746417944952,0.8947746417944952,False,False,0.8846255144032922,10.51,4.9,2026-01-08 19:00:00+00:00,37.0,2026-01-08 22:00:00,2026-01-09T00:00:00+05:00,07b2a5eb0058ef6250226ec7b935b20742d3e75b16ddb2df5854b17f089a2d3d,gfs_seamless,False
turbine_2,2026-01-10 09:00:00+00:00,48,0.8468171705437147,0.8468171705437147,False,False,0.8243707250341997,10.29,4.8,2026-01-08 19:00:00+00:00,38.0,2026-01-08 22:00:00,2026-01-09T00:00:00+05:00,07b2a5eb0058ef6250226ec7b935b20742d3e75b16ddb2df5854b17f089a2d3d,gfs_seamless,False
turbine_2,2026-01-10 10:00:00+00:00,48,0.8398719720342538,0.8398719720342538,False,False,0.8243707250341997,10.03,3.7,2026-01-08 19:00:00+00:00,39.0,2026-01-08 22:00:00,2026-01-09T00:00:00+05:00,07b2a5eb0058ef6250226ec7b935b20742d3e75b16ddb2df5854b17f089a2d3d,gfs_seamless,False
turbine_2,2026-01-10 11:00:00+00:00,48,0.7467911387447728,0.7467911387447728,False,False,0.7524465971187282,9.79,1.7,2026-01-08 19:00:00+00:00,40.0,2026-01-08 22:00:00,2026-01-09T00:00:00+05:00,07b2a5eb0058ef6250226ec7b935b20742d3e75b16ddb2df5854b17f089a2d3d,gfs_seamless,False
turbine_2,2026-01-10 12:00:00+00:00,48,0.845184668787046,0.845184668787046,False,False,0.8243707250341997,10.02,0.0,2026-01-08 19:00:00+00:00,41.0,2026-01-08 22:00:00,2026-01-09T00:00:00+05:00,07b2a5eb0058ef6250226ec7b935b20742d3e75b16ddb2df5854b17f089a2d3d,gfs_seamless,False
turbine_2,2026-01-10 13:00:00+00:00,48,0.8570710304692356,0.8570710304692356,False,False,0.8243707250341997,10.11,-0.1,2026-01-08 19:00:00+00:00,42.0,2026-01-08 22:00:00,2026-01-09T00:00:00+05:00,07b2a5eb0058ef6250226ec7b935b20742d3e75b16ddb2df5854b17f089a2d3d,gfs_seamless,False
turbine_2,2026-01-10 14:00:00+00:00,48,0.9158219380020304,0.9158219380020304,False,False,0.8846255144032922,10.6,-0.1,2026-01-08 19:00:00+00:00,43.0,2026-01-08 22:00:00,2026-01-09T00:00:00+05:00,07b2a5eb0058ef6250226ec7b935b20742d3e75b16ddb2df5854b17f089a2d3d,gfs_seamless,False
turbine_2,2026-01-10 15:00:00+00:00,48,0.9470320162799013,0.9470320162799013,False,False,0.925302677532014,11.01,-0.7,2026-01-08 19:00:00+00:00,44.0,2026-01-08 22:00:00,2026-01-09T00:00:00+05:00,07b2a5eb0058ef6250226ec7b935b20742d3e75b16ddb2df5854b17f089a2d3d,gfs_seamless,False
turbine_2,2026-01-10 16:00:00+00:00,48,0.9491284662991502,0.9491284662991502,False,False,0.925302677532014,11.05,-1.0,2026-01-08 19:00:00+00:00,45.0,2026-01-08 22:00:00,2026-01-09T00:00:00+05:00,07b2a5eb0058ef6250226ec7b935b20742d3e75b16ddb2df5854b17f089a2d3d,gfs_seamless,False
turbine_2,2026-01-10 17:00:00+00:00,48,0.9592731700262327,0.9592731700262327,False,False,0.925302677532014,11.45,-1.0,2026-01-08 19:00:00+00:00,46.0,2026-01-08 22:00:00,2026-01-09T00:00:00+05:00,07b2a5eb0058ef6250226ec7b935b20742d3e75b16ddb2df5854b17f089a2d3d,gfs_seamless,False
turbine_2,2026-01-10 18:00:00+00:00,48,0.9713878159905615,0.9713878159905615,False,False,0.9521050347222223,11.68,-1.0,2026-01-08 19:00:00+00:00,47.0,2026-01-08 22:00:00,2026-01-09T00:00:00+05:00,07b2a5eb0058ef6250226ec7b935b20742d3e75b16ddb2df5854b17f089a2d3d,gfs_seamless,False
turbine_2,2026-01-10 19:00:00+00:00,48,0.9759528714052642,0.9759528714052642,False,False,0.9571649484536083,12.21,-1.1,2026-01-08 19:00:00+00:00,48.0,2026-01-08 22:00:00,2026-01-09T00:00:00+05:00,07b2a5eb0058ef6250226ec7b935b20742d3e75b16ddb2df5854b17f089a2d3d,gfs_seamless,False
turbine_1,2026-01-09 20:00:00+00:00,24,0.9637359269984861,0.9637359269984861,False,False,0.9378574561403509,11.1,-2.5,2026-01-09 19:00:00+00:00,1.0,2026-01-09 22:00:00,2026-01-10T00:00:00+05:00,6a4977226efc6026bdc934a6ed287303d11ebcb5b24aea4e81fe78f9e501c563,gfs_seamless,False
turbine_1,2026-01-09 21:00:00+00:00,24,0.9714824734283461,0.9714824734283461,False,False,0.9378574561403509,11.25,-2.6,2026-01-09 19:00:00+00:00,2.0,2026-01-09 22:00:00,2026-01-10T00:00:00+05:00,6a4977226efc6026bdc934a6ed287303d11ebcb5b24aea4e81fe78f9e501c563,gfs_seamless,False
turbine_1,2026-01-09 22:00:00+00:00,24,0.9817533072876993,0.9817533072876993,False,False,0.960176170607325,11.52,-2.7,2026-01-09 19:00:00+00:00,3.0,2026-01-09 22:00:00,2026-01-10T00:00:00+05:00,6a4977226efc6026bdc934a6ed287303d11ebcb5b24aea4e81fe78f9e501c563,gfs_seamless,False
turbine_1,2026-01-09 23:00:00+00:00,24,0.9817950562526988,0.9817950562526988,False,False,0.9378574561403509,11.46,-3.0,2026-01-09 19:00:00+00:00,4.0,2026-01-09 22:00:00,2026-01-10T00:00:00+05:00,6a4977226efc6026bdc934a6ed287303d11ebcb5b24aea4e81fe78f9e501c563,gfs_seamless,False
turbine_1,2026-01-10 00:00:00+00:00,24,0.9641820919426008,0.9641820919426008,False,False,0.9378574561403509,11.09,-3.2,2026-01-09 19:00:00+00:00,5.0,2026-01-09 22:00:00,2026-01-10T00:00:00+05:00,6a4977226efc6026bdc934a6ed287303d11ebcb5b24aea4e81fe78f9e501c563,gfs_seamless,False
turbine_1,2026-01-10 01:00:00+00:00,24,0.9727149564242799,0.9727149564242799,False,False,0.9378574561403509,11.14,-3.4,2026-01-09 19:00:00+00:00,6.0,2026-01-09 22:00:00,2026-01-10T00:00:00+05:00,6a4977226efc6026bdc934a6ed287303d11ebcb5b24aea4e81fe78f9e501c563,gfs_seamless,False
turbine_1,2026-01-10 02:00:00+00:00,24,0.9142142547951263,0.9142142547951263,False,False,0.8927965043695381,10.6,-3.6,2026-01-09 19:00:00+00:00,7.0,2026-01-09 22:00:00,2026-01-10T00:00:00+05:00,6a4977226efc6026bdc934a6ed287303d11ebcb5b24aea4e81fe78f9e501c563,gfs_seamless,False
turbine_1,2026-01-10 03:00:00+00:00,24,0.9007656827918119,0.9007656827918119,False,False,0.8300111259457054,10.38,-3.1,2026-01-09 19:00:00+00:00,8.0,2026-01-09 22:00:00,2026-01-10T00:00:00+05:00,6a4977226efc6026bdc934a6ed287303d11ebcb5b24aea4e81fe78f9e501c563,gfs_seamless,False
turbine_1,2026-01-10 04:00:00+00:00,24,0.830360282276772,0.830360282276772,False,False,0.763874074074074,9.93,-0.8,2026-01-09 19:00:00+00:00,9.0,2026-01-09 22:00:00,2026-01-10T00:00:00+05:00,6a4977226efc6026bdc934a6ed287303d11ebcb5b24aea4e81fe78f9e501c563,gfs_seamless,False
turbine_1,2026-01-10 05:00:00+00:00,24,0.8551205312681112,0.8551205312681112,False,False,0.8300111259457054,10.07,1.5,2026-01-09 19:00:00+00:00,10.0,2026-01-09 22:00:00,2026-01-10T00:00:00+05:00,6a4977226efc6026bdc934a6ed287303d11ebcb5b24aea4e81fe78f9e501c563,gfs_seamless,False
turbine_1,2026-01-10 06:00:00+00:00,24,0.9167958822052109,0.9167958822052109,False,False,0.8927965043695381,10.56,3.5,2026-01-09 19:00:00+00:00,11.0,2026-01-09 22:00:00,2026-01-10T00:00:00+05:00,6a4977226efc6026bdc934a6ed287303d11ebcb5b24aea4e81fe78f9e501c563,gfs_seamless,False
turbine_1,2026-01-10 07:00:00+00:00,24,0.9305980221384089,0.9305980221384089,False,False,0.8927965043695381,10.65,4.7,2026-01-09 19:00:00+00:00,12.0,2026-01-09 22:00:00,2026-01-10T00:00:00+05:00,6a4977226efc6026bdc934a6ed287303d11ebcb5b24aea4e81fe78f9e501c563,gfs_seamless,False
turbine_1,2026-01-10 08:00:00+00:00,24,0.9015811223791171,0.9015811223791171,False,False,0.8927965043695381,10.51,5.4,2026-01-09 19:00:00+00:00,13.0,2026-01-09 22:00:00,2026-01-10T00:00:00+05:00,6a4977226efc6026bdc934a6ed287303d11ebcb5b24aea4e81fe78f9e501c563,gfs_seamless,False
turbine_1,2026-01-10 09:00:00+00:00,24,0.89932804595714,0.89932804595714,False,False,0.8300111259457054,10.42,5.1,2026-01-09 19:00:00+00:00,14.0,2026-01-09 22:00:00,2026-01-10T00:00:00+05:00,6a4977226efc6026bdc934a6ed287303d11ebcb5b24aea4e81fe78f9e501c563,gfs_seamless,False
turbine_1,2026-01-10 10:00:00+00:00,24,0.8825874001646008,0.8825874001646008,False,False,0.8300111259457054,10.17,4.0,2026-01-09 19:00:00+00:00,15.0,2026-01-09 22:00:00,2026-01-10T00:00:00+05:00,6a4977226efc6026bdc934a6ed287303d11ebcb5b24aea4e81fe78f9e501c563,gfs_seamless,False
turbine_1,2026-01-10 11:00:00+00:00,24,0.9181253457352166,0.9181253457352166,False,False,0.8927965043695381,10.61,2.0,2026-01-09 19:00:00+00:00,16.0,2026-01-09 22:00:00,2026-01-10T00:00:00+05:00,6a4977226efc6026bdc934a6ed287303d11ebcb5b24aea4e81fe78f9e501c563,gfs_seamless,False
turbine_1,2026-01-10 12:00:00+00:00,24,0.9433771555448401,0.9433771555448401,False,False,0.8927965043695381,10.87,0.4,2026-01-09 19:00:00+00:00,17.0,2026-01-09 22:00:00,2026-01-10T00:00:00+05:00,6a4977226efc6026bdc934a6ed287303d11ebcb5b24aea4e81fe78f9e501c563,gfs_seamless,False
turbine_1,2026-01-10 13:00:00+00:00,24,0.9711724769877399,0.9711724769877399,False,False,0.9378574561403509,11.19,0.1,2026-01-09 19:00:00+00:00,18.0,2026-01-09 22:00:00,2026-01-10T00:00:00+05:00,6a4977226efc6026bdc934a6ed287303d11ebcb5b24aea4e81fe78f9e501c563,gfs_seamless,False
turbine_1,2026-01-10 14:00:00+00:00,24,0.9715173137180985,0.9715173137180985,False,False,0.9378574561403509,11.05,-0.3,2026-01-09 19:00:00+00:00,19.0,2026-01-09 22:00:00,2026-01-10T00:00:00+05:00,6a4977226efc6026bdc934a6ed287303d11ebcb5b24aea4e81fe78f9e501c563,gfs_seamless,False
turbine_1,2026-01-10 15:00:00+00:00,24,0.9715173137180985,0.9715173137180985,False,False,0.9378574561403509,11.14,-0.4,2026-01-09 19:00:00+00:00,20.0,2026-01-09 22:00:00,2026-01-10T00:00:00+05:00,6a4977226efc6026bdc934a6ed287303d11ebcb5b24aea4e81fe78f9e501c563,gfs_seamless,False
turbine_1,2026-01-10 16:00:00+00:00,24,0.9882197507408287,0.9882197507408287,False,False,0.960176170607325,11.81,-0.6,2026-01-09 19:00:00+00:00,21.0,2026-01-09 22:00:00,2026-01-10T00:00:00+05:00,6a4977226efc6026bdc934a6ed287303d11ebcb5b24aea4e81fe78f9e501c563,gfs_seamless,False
turbine_1,2026-01-10 17:00:00+00:00,24,0.9721542378291412,0.9721542378291412,False,False,0.960176170607325,11.91,-0.7,2026-01-09 19:00:00+00:00,22.0,2026-01-09 22:00:00,2026-01-10T00:00:00+05:00,6a4977226efc6026bdc934a6ed287303d11ebcb5b24aea4e81fe78f9e501c563,gfs_seamless,False
turbine_1,2026-01-10 18:00:00+00:00,24,0.9742674597280382,0.9742674597280382,False,False,0.9580129390018484,12.44,-0.8,2026-01-09 19:00:00+00:00,23.0,2026-01-09 22:00:00,2026-01-10T00:00:00+05:00,6a4977226efc6026bdc934a6ed287303d11ebcb5b24aea4e81fe78f9e501c563,gfs_seamless,False
turbine_1,2026-01-10 19:00:00+00:00,24,0.8860087701996356,0.8860087701996356,False,False,0.9769763513513514,13.24,-0.8,2026-01-09 19:00:00+00:00,24.0,2026-01-09 22:00:00,2026-01-10T00:00:00+05:00,6a4977226efc6026bdc934a6ed287303d11ebcb5b24aea4e81fe78f9e501c563,gfs_seamless,False
turbine_1,2026-01-10 20:00:00+00:00,48,0.9667314725879284,0.9667314725879284,False,False,0.9669064191802009,12.75,-1.0,2026-01-09 19:00:00+00:00,25.0,2026-01-09 22:00:00,2026-01-10T00:00:00+05:00,6a4977226efc6026bdc934a6ed287303d11ebcb5b24aea4e81fe78f9e501c563,gfs_seamless,False
turbine_1,2026-01-10 21:00:00+00:00,48,0.9707059626227553,0.9707059626227553,False,False,0.9669064191802009,12.84,-1.2,2026-01-09 19:00:00+00:00,26.0,2026-01-09 22:00:00,2026-01-10T00:00:00+05:00,6a4977226efc6026bdc934a6ed287303d11ebcb5b24aea4e81fe78f9e501c563,gfs_seamless,False
turbine_1,2026-01-10 22:00:00+00:00,48,0.980787822133734,0.980787822133734,False,False,0.9769763513513514,13.19,-1.3,2026-01-09 19:00:00+00:00,27.0,2026-01-09 22:00:00,2026-01-10T00:00:00+05:00,6a4977226efc6026bdc934a6ed287303d11ebcb5b24aea4e81fe78f9e501c563,gfs_seamless,False
turbine_1,2026-01-10 23:00:00+00:00,48,0.9746685979494996,0.9746685979494996,False,False,0.9769763513513514,13.38,-1.5,2026-01-09 19:00:00+00:00,28.0,2026-01-09 22:00:00,2026-01-10T00:00:00+05:00,6a4977226efc6026bdc934a6ed287303d11ebcb5b24aea4e81fe78f9e501c563,gfs_seamless,False
turbine_1,2026-01-11 00:00:00+00:00,48,0.9320945796930722,0.9320945796930722,False,False,0.9681453634085212,14.18,-1.2,2026-01-09 19:00:00+00:00,29.0,2026-01-09 22:00:00,2026-01-10T00:00:00+05:00,6a4977226efc6026bdc934a6ed287303d11ebcb5b24aea4e81fe78f9e501c563,gfs_seamless,False
turbine_1,2026-01-11 01:00:00+00:00,48,0.9616270743917643,0.9616270743917643,False,False,0.961047619047619,14.71,-1.1,2026-01-09 19:00:00+00:00,30.0,2026-01-09 22:00:00,2026-01-10T00:00:00+05:00,6a4977226efc6026bdc934a6ed287303d11ebcb5b24aea4e81fe78f9e501c563,gfs_seamless,False
turbine_1,2026-01-11 02:00:00+00:00,48,0.9895205886068432,0.9895205886068432,False,False,0.961047619047619,14.9,-1.2,2026-01-09 19:00:00+00:00,31.0,2026-01-09 22:00:00,2026-01-10T00:00:00+05:00,6a4977226efc6026bdc934a6ed287303d11ebcb5b24aea4e81fe78f9e501c563,gfs_seamless,False
turbine_1,2026-01-11 03:00:00+00:00,48,0.9066469196733238,0.9066469196733238,False,False,0.961047619047619,14.82,-0.7,2026-01-09 19:00:00+00:00,32.0,2026-01-09 22:00:00,2026-01-10T00:00:00+05:00,6a4977226efc6026bdc934a6ed287303d11ebcb5b24aea4e81fe78f9e501c563,gfs_seamless,False
turbine_1,2026-01-11 04:00:00+00:00,48,0.9890698778789588,0.9890698778789588,False,False,0.961047619047619,14.9,0.8,2026-01-09 19:00:00+00:00,33.0,2026-01-09 22:00:00,2026-01-10T00:00:00+05:00,6a4977226efc6026bdc934a6ed287303d11ebcb5b24aea4e81fe78f9e501c563,gfs_seamless,False
turbine_1,2026-01-11 05:00:00+00:00,48,0.9665518522869523,0.9665518522869523,False,False,0.9681453634085212,14.28,2.7,2026-01-09 19:00:00+00:00,34.0,2026-01-09 22:00:00,2026-01-10T00:00:00+05:00,6a4977226efc6026bdc934a6ed287303d11ebcb5b24aea4e81fe78f9e501c563,gfs_seamless,False
turbine_1,2026-01-11 06:00:00+00:00,48,0.989821517174498,0.989821517174498,False,False,0.9653976311336716,13.83,4.7,2026-01-09 19:00:00+00:00,35.0,2026-01-09 22:00:00,2026-01-10T00:00:00+05:00,6a4977226efc6026bdc934a6ed287303d11ebcb5b24aea4e81fe78f9e501c563,gfs_seamless,False
turbine_1,2026-01-11 07:00:00+00:00,48,0.9831296061482041,0.9831296061482041,False,False,0.9653976311336716,13.7,6.3,2026-01-09 19:00:00+00:00,36.0,2026-01-09 22:00:00,2026-01-10T00:00:00+05:00,6a4977226efc6026bdc934a6ed287303d11ebcb5b24aea4e81fe78f9e501c563,gfs_seamless,False
turbine_1,2026-01-11 08:00:00+00:00,48,0.8901828549064764,0.8901828549064764,False,False,0.9653976311336716,13.69,7.1,2026-01-09 19:00:00+00:00,37.0,2026-01-09 22:00:00,2026-01-10T00:00:00+05:00,6a4977226efc6026bdc934a6ed287303d11ebcb5b24aea4e81fe78f9e501c563,gfs_seamless,False
turbine_1,2026-01-11 09:00:00+00:00,48,0.9648517003215106,0.9648517003215106,False,False,0.9669064191802009,12.94,5.7,2026-01-09 19:00:00+00:00,38.0,2026-01-09 22:00:00,2026-01-10T00:00:00+05:00,6a4977226efc6026bdc934a6ed287303d11ebcb5b24aea4e81fe78f9e501c563,gfs_seamless,False
turbine_1,2026-01-11 10:00:00+00:00,48,0.9826471377786877,0.9826471377786877,False,False,0.9669064191802009,12.61,5.0,2026-01-09 19:00:00+00:00,39.0,2026-01-09 22:00:00,2026-01-10T00:00:00+05:00,6a4977226efc6026bdc934a6ed287303d11ebcb5b24aea4e81fe78f9e501c563,gfs_seamless,False
turbine_1,2026-01-11 11:00:00+00:00,48,0.9227489214465996,0.9227489214465996,False,False,0.9669064191802009,12.67,4.1,2026-01-09 19:00:00+00:00,40.0,2026-01-09 22:00:00,2026-01-10T00:00:00+05:00,6a4977226efc6026bdc934a6ed287303d11ebcb5b24aea4e81fe78f9e501c563,gfs_seamless,False
turbine_1,2026-01-11 12:00:00+00:00,48,0.9496820116578967,0.9496820116578967,False,False,0.9669064191802009,12.89,2.9,2026-01-09 19:00:00+00:00,41.0,2026-01-09 22:00:00,2026-01-10T00:00:00+05:00,6a4977226efc6026bdc934a6ed287303d11ebcb5b24aea4e81fe78f9e501c563,gfs_seamless,False
turbine_1,2026-01-11 13:00:00+00:00,48,0.9587028306996294,0.9587028306996294,False,False,0.960176170607325,11.96,2.9,2026-01-09 19:00:00+00:00,42.0,2026-01-09 22:00:00,2026-01-10T00:00:00+05:00,6a4977226efc6026bdc934a6ed287303d11ebcb5b24aea4e81fe78f9e501c563,gfs_seamless,False
turbine_1,2026-01-11 14:00:00+00:00,48,0.9890534931876755,0.9890534931876755,False,False,0.9580129390018484,12.12,2.4,2026-01-09 19:00:00+00:00,43.0,2026-01-09 22:00:00,2026-01-10T00:00:00+05:00,6a4977226efc6026bdc934a6ed287303d11ebcb5b24aea4e81fe78f9e501c563,gfs_seamless,False
turbine_1,2026-01-11 15:00:00+00:00,48,0.9923588074762684,0.9923588074762684,False,False,0.9669064191802009,12.85,1.6,2026-01-09 19:00:00+00:00,44.0,2026-01-09 22:00:00,2026-01-10T00:00:00+05:00,6a4977226efc6026bdc934a6ed287303d11ebcb5b24aea4e81fe78f9e501c563,gfs_seamless,False
turbine_1,2026-01-11 16:00:00+00:00,48,0.9147529451481472,0.9147529451481472,False,False,0.9669064191802009,12.62,1.3,2026-01-09 19:00:00+00:00,45.0,2026-01-09 22:00:00,2026-01-10T00:00:00+05:00,6a4977226efc6026bdc934a6ed287303d11ebcb5b24aea4e81fe78f9e501c563,gfs_seamless,False
turbine_1,2026-01-11 17:00:00+00:00,48,0.9938490339772456,0.9938490339772456,False,False,0.9580129390018484,12.26,0.8,2026-01-09 19:00:00+00:00,46.0,2026-01-09 22:00:00,2026-01-10T00:00:00+05:00,6a4977226efc6026bdc934a6ed287303d11ebcb5b24aea4e81fe78f9e501c563,gfs_seamless,False
turbine_1,2026-01-11 18:00:00+00:00,48,0.9356327817305317,0.9356327817305317,False,False,0.8927965043695381,10.64,-0.1,2026-01-09 19:00:00+00:00,47.0,2026-01-09 22:00:00,2026-01-10T00:00:00+05:00,6a4977226efc6026bdc934a6ed287303d11ebcb5b24aea4e81fe78f9e501c563,gfs_seamless,False
turbine_1,2026-01-11 19:00:00+00:00,48,0.6794307640958642,0.6794307640958642,False,False,0.6263235294117647,8.81,-0.8,2026-01-09 19:00:00+00:00,48.0,2026-01-09 22:00:00,2026-01-10T00:00:00+05:00,6a4977226efc6026bdc934a6ed287303d11ebcb5b24aea4e81fe78f9e501c563,gfs_seamless,False
turbine_2,2026-01-09 20:00:00+00:00,24,0.9248894905091751,0.9248894905091751,False,False,0.925302677532014,11.1,-2.5,2026-01-09 19:00:00+00:00,1.0,2026-01-09 22:00:00,2026-01-10T00:00:00+05:00,2a6f2a66e223e6be653ab0a4290dc850422b9b180f37f21b129bd2db4237c833,gfs_seamless,False
turbine_2,2026-01-09 21:00:00+00:00,24,0.9552223525522583,0.9552223525522583,False,False,0.925302677532014,11.25,-2.6,2026-01-09 19:00:00+00:00,2.0,2026-01-09 22:00:00,2026-01-10T00:00:00+05:00,2a6f2a66e223e6be653ab0a4290dc850422b9b180f37f21b129bd2db4237c833,gfs_seamless,False
turbine_2,2026-01-09 22:00:00+00:00,24,0.9544894510348982,0.9544894510348982,False,False,0.9521050347222223,11.52,-2.7,2026-01-09 19:00:00+00:00,3.0,2026-01-09 22:00:00,2026-01-10T00:00:00+05:00,2a6f2a66e223e6be653ab0a4290dc850422b9b180f37f21b129bd2db4237c833,gfs_seamless,False
turbine_2,2026-01-09 23:00:00+00:00,24,0.9452961605629081,0.9452961605629081,False,False,0.925302677532014,11.46,-3.0,2026-01-09 19:00:00+00:00,4.0,2026-01-09 22:00:00,2026-01-10T00:00:00+05:00,2a6f2a66e223e6be653ab0a4290dc850422b9b180f37f21b129bd2db4237c833,gfs_seamless,False
turbine_2,2026-01-10 00:00:00+00:00,24,0.9395498315024509,0.9395498315024509,False,False,0.925302677532014,11.09,-3.2,2026-01-09 19:00:00+00:00,5.0,2026-01-09 22:00:00,2026-01-10T00:00:00+05:00,2a6f2a66e223e6be653ab0a4290dc850422b9b180f37f21b129bd2db4237c833,gfs_seamless,False
turbine_2,2026-01-10 01:00:00+00:00,24,0.9401516990681391,0.9401516990681391,False,False,0.925302677532014,11.14,-3.4,2026-01-09 19:00:00+00:00,6.0,2026-01-09 22:00:00,2026-01-10T00:00:00+05:00,2a6f2a66e223e6be653ab0a4290dc850422b9b180f37f21b129bd2db4237c833,gfs_seamless,False
turbine_2,2026-01-10 02:00:00+00:00,24,0.8925490094774247,0.8925490094774247,False,False,0.8846255144032922,10.6,-3.6,2026-01-09 19:00:00+00:00,7.0,2026-01-09 22:00:00,2026-01-10T00:00:00+05:00,2a6f2a66e223e6be653ab0a4290dc850422b9b180f37f21b129bd2db4237c833,gfs_seamless,False
turbine_2,2026-01-10 03:00:00+00:00,24,0.8711129676973598,0.8711129676973598,False,False,0.8243707250341997,10.38,-3.1,2026-01-09 19:00:00+00:00,8.0,2026-01-09 22:00:00,2026-01-10T00:00:00+05:00,2a6f2a66e223e6be653ab0a4290dc850422b9b180f37f21b129bd2db4237c833,gfs_seamless,False
turbine_2,2026-01-10 04:00:00+00:00,24,0.834898177035218,0.834898177035218,False,False,0.7524465971187282,9.93,-0.8,2026-01-09 19:00:00+00:00,9.0,2026-01-09 22:00:00,2026-01-10T00:00:00+05:00,2a6f2a66e223e6be653ab0a4290dc850422b9b180f37f21b129bd2db4237c833,gfs_seamless,False
turbine_2,2026-01-10 05:00:00+00:00,24,0.8438425121224359,0.8438425121224359,False,False,0.8243707250341997,10.07,1.5,2026-01-09 19:00:00+00:00,10.0,2026-01-09 22:00:00,2026-01-10T00:00:00+05:00,2a6f2a66e223e6be653ab0a4290dc850422b9b180f37f21b129bd2db4237c833,gfs_seamless,False
turbine_2,2026-01-10 06:00:00+00:00,24,0.9087621021555607,0.9087621021555607,False,False,0.8846255144032922,10.56,3.5,2026-01-09 19:00:00+00:00,11.0,2026-01-09 22:00:00,2026-01-10T00:00:00+05:00,2a6f2a66e223e6be653ab0a4290dc850422b9b180f37f21b129bd2db4237c833,gfs_seamless,False
turbine_2,2026-01-10 07:00:00+00:00,24,0.9025335381775438,0.9025335381775438,False,False,0.8846255144032922,10.65,4.7,2026-01-09 19:00:00+00:00,12.0,2026-01-09 22:00:00,2026-01-10T00:00:00+05:00,2a6f2a66e223e6be653ab0a4290dc850422b9b180f37f21b129bd2db4237c833,gfs_seamless,False
turbine_2,2026-01-10 08:00:00+00:00,24,0.8776752988253885,0.8776752988253885,False,False,0.8846255144032922,10.51,5.4,2026-01-09 19:00:00+00:00,13.0,2026-01-09 22:00:00,2026-01-10T00:00:00+05:00,2a6f2a66e223e6be653ab0a4290dc850422b9b180f37f21b129bd2db4237c833,gfs_seamless,False
turbine_2,2026-01-10 09:00:00+00:00,24,0.8725434106415512,0.8725434106415512,False,False,0.8243707250341997,10.42,5.1,2026-01-09 19:00:00+00:00,14.0,2026-01-09 22:00:00,2026-01-10T00:00:00+05:00,2a6f2a66e223e6be653ab0a4290dc850422b9b180f37f21b129bd2db4237c833,gfs_seamless,False
turbine_2,2026-01-10 10:00:00+00:00,24,0.8522724245894813,0.8522724245894813,False,False,0.8243707250341997,10.17,4.0,2026-01-09 19:00:00+00:00,15.0,2026-01-09 22:00:00,2026-01-10T00:00:00+05:00,2a6f2a66e223e6be653ab0a4290dc850422b9b180f37f21b129bd2db4237c833,gfs_seamless,False
turbine_2,2026-01-10 11:00:00+00:00,24,0.9033246501812956,0.9033246501812956,False,False,0.8846255144032922,10.61,2.0,2026-01-09 19:00:00+00:00,16.0,2026-01-09 22:00:00,2026-01-10T00:00:00+05:00,2a6f2a66e223e6be653ab0a4290dc850422b9b180f37f21b129bd2db4237c833,gfs_seamless,False
turbine_2,2026-01-10 12:00:00+00:00,24,0.9323512042693988,0.9323512042693988,False,False,0.8846255144032922,10.87,0.4,2026-01-09 19:00:00+00:00,17.0,2026-01-09 22:00:00,2026-01-10T00:00:00+05:00,2a6f2a66e223e6be653ab0a4290dc850422b9b180f37f21b129bd2db4237c833,gfs_seamless,False
turbine_2,2026-01-10 13:00:00+00:00,24,0.9600281956535978,0.9600281956535978,False,False,0.925302677532014,11.19,0.1,2026-01-09 19:00:00+00:00,18.0,2026-01-09 22:00:00,2026-01-10T00:00:00+05:00,2a6f2a66e223e6be653ab0a4290dc850422b9b180f37f21b129bd2db4237c833,gfs_seamless,False
turbine_2,2026-01-10 14:00:00+00:00,24,0.9479755327364636,0.9479755327364636,False,False,0.925302677532014,11.05,-0.3,2026-01-09 19:00:00+00:00,19.0,2026-01-09 22:00:00,2026-01-10T00:00:00+05:00,2a6f2a66e223e6be653ab0a4290dc850422b9b180f37f21b129bd2db4237c833,gfs_seamless,False
turbine_2,2026-01-10 15:00:00+00:00,24,0.9410214504223974,0.9410214504223974,False,False,0.925302677532014,11.14,-0.4,2026-01-09 19:00:00+00:00,20.0,2026-01-09 22:00:00,2026-01-10T00:00:00+05:00,2a6f2a66e223e6be653ab0a4290dc850422b9b180f37f21b129bd2db4237c833,gfs_seamless,False
turbine_2,2026-01-10 16:00:00+00:00,24,0.9674836458614989,0.9674836458614989,False,False,0.9521050347222223,11.81,-0.6,2026-01-09 19:00:00+00:00,21.0,2026-01-09 22:00:00,2026-01-10T00:00:00+05:00,2a6f2a66e223e6be653ab0a4290dc850422b9b180f37f21b129bd2db4237c833,gfs_seamless,False
turbine_2,2026-01-10 17:00:00+00:00,24,0.966801258337605,0.966801258337605,False,False,0.9521050347222223,11.91,-0.7,2026-01-09 19:00:00+00:00,22.0,2026-01-09 22:00:00,2026-01-10T00:00:00+05:00,2a6f2a66e223e6be653ab0a4290dc850422b9b180f37f21b129bd2db4237c833,gfs_seamless,False
turbine_2,2026-01-10 18:00:00+00:00,24,0.9696570380836381,0.9696570380836381,False,False,0.9571649484536083,12.44,-0.8,2026-01-09 19:00:00+00:00,23.0,2026-01-09 22:00:00,2026-01-10T00:00:00+05:00,2a6f2a66e223e6be653ab0a4290dc850422b9b180f37f21b129bd2db4237c833,gfs_seamless,False
turbine_2,2026-01-10 19:00:00+00:00,24,0.9312505070610613,0.9312505070610613,False,False,0.9697865853658537,13.24,-0.8,2026-01-09 19:00:00+00:00,24.0,2026-01-09 22:00:00,2026-01-10T00:00:00+05:00,2a6f2a66e223e6be653ab0a4290dc850422b9b180f37f21b129bd2db4237c833,gfs_seamless,False
turbine_2,2026-01-10 20:00:00+00:00,48,0.9496068226846172,0.9496068226846172,False,False,0.9628097193702942,12.75,-1.0,2026-01-09 19:00:00+00:00,25.0,2026-01-09 22:00:00,2026-01-10T00:00:00+05:00,2a6f2a66e223e6be653ab0a4290dc850422b9b180f37f21b129bd2db4237c833,gfs_seamless,False
turbine_2,2026-01-10 21:00:00+00:00,48,0.9615937286916071,0.9615937286916071,False,False,0.9628097193702942,12.84,-1.2,2026-01-09 19:00:00+00:00,26.0,2026-01-09 22:00:00,2026-01-10T00:00:00+05:00,2a6f2a66e223e6be653ab0a4290dc850422b9b180f37f21b129bd2db4237c833,gfs_seamless,False
turbine_2,2026-01-10 22:00:00+00:00,48,0.9380658063879727,0.9380658063879727,False,False,0.9697865853658537,13.19,-1.3,2026-01-09 19:00:00+00:00,27.0,2026-01-09 22:00:00,2026-01-10T00:00:00+05:00,2a6f2a66e223e6be653ab0a4290dc850422b9b180f37f21b129bd2db4237c833,gfs_seamless,False
turbine_2,2026-01-10 23:00:00+00:00,48,0.9684789300064222,0.9684789300064222,False,False,0.9697865853658537,13.38,-1.5,2026-01-09 19:00:00+00:00,28.0,2026-01-09 22:00:00,2026-01-10T00:00:00+05:00,2a6f2a66e223e6be653ab0a4290dc850422b9b180f37f21b129bd2db4237c833,gfs_seamless,False
turbine_2,2026-01-11 00:00:00+00:00,48,0.8914212384504646,0.8914212384504646,False,False,0.9600239808153477,14.18,-1.2,2026-01-09 19:00:00+00:00,29.0,2026-01-09 22:00:00,2026-01-10T00:00:00+05:00,2a6f2a66e223e6be653ab0a4290dc850422b9b180f37f21b129bd2db4237c833,gfs_seamless,False
turbine_2,2026-01-11 01:00:00+00:00,48,0.8376165116228796,0.8376165116228796,False,False,0.9623423423423424,14.71,-1.1,2026-01-09 19:00:00+00:00,30.0,2026-01-09 22:00:00,2026-01-10T00:00:00+05:00,2a6f2a66e223e6be653ab0a4290dc850422b9b180f37f21b129bd2db4237c833,gfs_seamless,False
turbine_2,2026-01-11 02:00:00+00:00,48,0.9335980017567173,0.9335980017567173,False,False,0.9623423423423424,14.9,-1.2,2026-01-09 19:00:00+00:00,31.0,2026-01-09 22:00:00,2026-01-10T00:00:00+05:00,2a6f2a66e223e6be653ab0a4290dc850422b9b180f37f21b129bd2db4237c833,gfs_seamless,False
turbine_2,2026-01-11 03:00:00+00:00,48,0.8225966718892505,0.8225966718892505,False,False,0.9623423423423424,14.82,-0.7,2026-01-09 19:00:00+00:00,32.0,2026-01-09 22:00:00,2026-01-10T00:00:00+05:00,2a6f2a66e223e6be653ab0a4290dc850422b9b180f37f21b129bd2db4237c833,gfs_seamless,False
turbine_2,2026-01-11 04:00:00+00:00,48,0.9423457303176789,0.9423457303176789,False,False,0.9623423423423424,14.9,0.8,2026-01-09 19:00:00+00:00,33.0,2026-01-09 22:00:00,2026-01-10T00:00:00+05:00,2a6f2a66e223e6be653ab0a4290dc850422b9b180f37f21b129bd2db4237c833,gfs_seamless,False
turbine_2,2026-01-11 05:00:00+00:00,48,0.9717240635704651,0.9717240635704651,False,False,0.9600239808153477,14.28,2.7,2026-01-09 19:00:00+00:00,34.0,2026-01-09 22:00:00,2026-01-10T00:00:00+05:00,2a6f2a66e223e6be653ab0a4290dc850422b9b180f37f21b129bd2db4237c833,gfs_seamless,False
turbine_2,2026-01-11 06:00:00+00:00,48,0.9803021324780229,0.9803021324780229,False,False,0.9608080808080809,13.83,4.7,2026-01-09 19:00:00+00:00,35.0,2026-01-09 22:00:00,2026-01-10T00:00:00+05:00,2a6f2a66e223e6be653ab0a4290dc850422b9b180f37f21b129bd2db4237c833,gfs_seamless,False
turbine_2,2026-01-11 07:00:00+00:00,48,0.966926861337114,0.966926861337114,False,False,0.9608080808080809,13.7,6.3,2026-01-09 19:00:00+00:00,36.0,2026-01-09 22:00:00,2026-01-10T00:00:00+05:00,2a6f2a66e223e6be653ab0a4290dc850422b9b180f37f21b129bd2db4237c833,gfs_seamless,False
turbine_2,2026-01-11 08:00:00+00:00,48,0.9625959119903964,0.9625959119903964,False,False,0.9608080808080809,13.69,7.1,2026-01-09 19:00:00+00:00,37.0,2026-01-09 22:00:00,2026-01-10T00:00:00+05:00,2a6f2a66e223e6be653ab0a4290dc850422b9b180f37f21b129bd2db4237c833,gfs_seamless,False
turbine_2,2026-01-11 09:00:00+00:00,48,0.9787635124138172,0.9787635124138172,False,False,0.9628097193702942,12.94,5.7,2026-01-09 19:00:00+00:00,38.0,2026-01-09 22:00:00,2026-01-10T00:00:00+05:00,2a6f2a66e223e6be653ab0a4290dc850422b9b180f37f21b129bd2db4237c833,gfs_seamless,False
turbine_2,2026-01-11 10:00:00+00:00,48,0.9707578968025555,0.9707578968025555,False,False,0.9628097193702942,12.61,5.0,2026-01-09 19:00:00+00:00,39.0,2026-01-09 22:00:00,2026-01-10T00:00:00+05:00,2a6f2a66e223e6be653ab0a4290dc850422b9b180f37f21b129bd2db4237c833,gfs_seamless,False
turbine_2,2026-01-11 11:00:00+00:00,48,0.9656534244071553,0.9656534244071553,False,False,0.9628097193702942,12.67,4.1,2026-01-09 19:00:00+00:00,40.0,2026-01-09 22:00:00,2026-01-10T00:00:00+05:00,2a6f2a66e223e6be653ab0a4290dc850422b9b180f37f21b129bd2db4237c833,gfs_seamless,False
turbine_2,2026-01-11 12:00:00+00:00,48,0.9756464222974016,0.9756464222974016,False,False,0.9628097193702942,12.89,2.9,2026-01-09 19:00:00+00:00,41.0,2026-01-09 22:00:00,2026-01-10T00:00:00+05:00,2a6f2a66e223e6be653ab0a4290dc850422b9b180f37f21b129bd2db4237c833,gfs_seamless,False
turbine_2,2026-01-11 13:00:00+00:00,48,0.9596684244899855,0.9596684244899855,False,False,0.9521050347222223,11.96,2.9,2026-01-09 19:00:00+00:00,42.0,2026-01-09 22:00:00,2026-01-10T00:00:00+05:00,2a6f2a66e223e6be653ab0a4290dc850422b9b180f37f21b129bd2db4237c833,gfs_seamless,False
turbine_2,2026-01-11 14:00:00+00:00,48,0.9198787089521031,0.9198787089521031,False,False,0.9571649484536083,12.12,2.4,2026-01-09 19:00:00+00:00,43.0,2026-01-09 22:00:00,2026-01-10T00:00:00+05:00,2a6f2a66e223e6be653ab0a4290dc850422b9b180f37f21b129bd2db4237c833,gfs_seamless,False
turbine_2,2026-01-11 15:00:00+00:00,48,0.9787661730513866,0.9787661730513866,False,False,0.9628097193702942,12.85,1.6,2026-01-09 19:00:00+00:00,44.0,2026-01-09 22:00:00,2026-01-10T00:00:00+05:00,2a6f2a66e223e6be653ab0a4290dc850422b9b180f37f21b129bd2db4237c833,gfs_seamless,False
turbine_2,2026-01-11 16:00:00+00:00,48,0.9759236661061721,0.9759236661061721,False,False,0.9628097193702942,12.62,1.3,2026-01-09 19:00:00+00:00,45.0,2026-01-09 22:00:00,2026-01-10T00:00:00+05:00,2a6f2a66e223e6be653ab0a4290dc850422b9b180f37f21b129bd2db4237c833,gfs_seamless,False
turbine_2,2026-01-11 17:00:00+00:00,48,0.9739158568886984,0.9739158568886984,False,False,0.9571649484536083,12.26,0.8,2026-01-09 19:00:00+00:00,46.0,2026-01-09 22:00:00,2026-01-10T00:00:00+05:00,2a6f2a66e223e6be653ab0a4290dc850422b9b180f37f21b129bd2db4237c833,gfs_seamless,False
turbine_2,2026-01-11 18:00:00+00:00,48,0.9176064424132938,0.9176064424132938,False,False,0.8846255144032922,10.64,-0.1,2026-01-09 19:00:00+00:00,47.0,2026-01-09 22:00:00,2026-01-10T00:00:00+05:00,2a6f2a66e223e6be653ab0a4290dc850422b9b180f37f21b129bd2db4237c833,gfs_seamless,False
turbine_2,2026-01-11 19:00:00+00:00,48,0.6364419135780522,0.6364419135780522,False,False,0.6154512471655329,8.81,-0.8,2026-01-09 19:00:00+00:00,48.0,2026-01-09 22:00:00,2026-01-10T00:00:00+05:00,2a6f2a66e223e6be653ab0a4290dc850422b9b180f37f21b129bd2db4237c833,gfs_seamless,False
turbine_1,2026-01-10 20:00:00+00:00,24,0.9565946074325632,0.9565946074325632,False,False,0.9769763513513514,13.3,-0.9,2026-01-10 19:00:00+00:00,1.0,2026-01-10 22:00:00,2026-01-11T00:00:00+05:00,ee49a639910a46e220d7de54aeab6f17efbc5804458968dcbeef4c6a571a48a5,gfs_seamless,False
turbine_1,2026-01-10 21:00:00+00:00,24,0.9914265652950998,0.9914265652950998,False,False,0.9769763513513514,13.09,-1.4,2026-01-10 19:00:00+00:00,2.0,2026-01-10 22:00:00,2026-01-11T00:00:00+05:00,ee49a639910a46e220d7de54aeab6f17efbc5804458968dcbeef4c6a571a48a5,gfs_seamless,False
turbine_1,2026-01-10 22:00:00+00:00,24,0.9868972902433667,0.9868972902433667,False,False,0.9769763513513514,13.28,-1.6,2026-01-10 19:00:00+00:00,3.0,2026-01-10 22:00:00,2026-01-11T00:00:00+05:00,ee49a639910a46e220d7de54aeab6f17efbc5804458968dcbeef4c6a571a48a5,gfs_seamless,False
turbine_1,2026-01-10 23:00:00+00:00,24,0.9445059591368247,0.9445059591368247,False,False,0.9653976311336716,13.61,-1.3,2026-01-10 19:00:00+00:00,4.0,2026-01-10 22:00:00,2026-01-11T00:00:00+05:00,ee49a639910a46e220d7de54aeab6f17efbc5804458968dcbeef4c6a571a48a5,gfs_seamless,False
turbine_1,2026-01-11 00:00:00+00:00,24,0.9336806610437881,0.9336806610437881,False,False,0.9653976311336716,13.78,-1.2,2026-01-10 19:00:00+00:00,5.0,2026-01-10 22:00:00,2026-01-11T00:00:00+05:00,ee49a639910a46e220d7de54aeab6f17efbc5804458968dcbeef4c6a571a48a5,gfs_seamless,False
turbine_1,2026-01-11 01:00:00+00:00,24,0.9375115535160694,0.9375115535160694,False,False,0.9681453634085212,14.24,-1.6,2026-01-10 19:00:00+00:00,6.0,2026-01-10 22:00:00,2026-01-11T00:00:00+05:00,ee49a639910a46e220d7de54aeab6f17efbc5804458968dcbeef4c6a571a48a5,gfs_seamless,False
turbine_1,2026-01-11 02:00:00+00:00,24,0.9735773585172358,0.9735773585172358,False,False,0.961047619047619,14.72,-1.6,2026-01-10 19:00:00+00:00,7.0,2026-01-10 22:00:00,2026-01-11T00:00:00+05:00,ee49a639910a46e220d7de54aeab6f17efbc5804458968dcbeef4c6a571a48a5,gfs_seamless,False
turbine_1,2026-01-11 03:00:00+00:00,24,0.8597048264083451,0.8597048264083451,False,False,0.9681453634085212,14.25,-0.6,2026-01-10 19:00:00+00:00,8.0,2026-01-10 22:00:00,2026-01-11T00:00:00+05:00,ee49a639910a46e220d7de54aeab6f17efbc5804458968dcbeef4c6a571a48a5,gfs_seamless,False
turbine_1,2026-01-11 04:00:00+00:00,24,0.9772484554128457,0.9772484554128457,False,False,0.9681453634085212,14.48,0.9,2026-01-10 19:00:00+00:00,9.0,2026-01-10 22:00:00,2026-01-11T00:00:00+05:00,ee49a639910a46e220d7de54aeab6f17efbc5804458968dcbeef4c6a571a48a5,gfs_seamless,False
turbine_1,2026-01-11 05:00:00+00:00,24,0.9626166948243251,0.9626166948243251,False,False,0.9681453634085212,14.09,3.3,2026-01-10 19:00:00+00:00,10.0,2026-01-10 22:00:00,2026-01-11T00:00:00+05:00,ee49a639910a46e220d7de54aeab6f17efbc5804458968dcbeef4c6a571a48a5,gfs_seamless,False
turbine_1,2026-01-11 06:00:00+00:00,24,1.0004984868342124,0.9983333333333334,True,False,0.9681453634085212,14.4,4.2,2026-01-10 19:00:00+00:00,11.0,2026-01-10 22:00:00,2026-01-11T00:00:00+05:00,ee49a639910a46e220d7de54aeab6f17efbc5804458968dcbeef4c6a571a48a5,gfs_seamless,False
turbine_1,2026-01-11 07:00:00+00:00,24,0.9890012921004766,0.9890012921004766,False,False,0.961047619047619,14.73,6.4,2026-01-10 19:00:00+00:00,12.0,2026-01-10 22:00:00,2026-01-11T00:00:00+05:00,ee49a639910a46e220d7de54aeab6f17efbc5804458968dcbeef4c6a571a48a5,gfs_seamless,False
turbine_1,2026-01-11 08:00:00+00:00,24,0.9027645989532993,0.9027645989532993,False,False,0.9653976311336716,13.78,6.9,2026-01-10 19:00:00+00:00,13.0,2026-01-10 22:00:00,2026-01-11T00:00:00+05:00,ee49a639910a46e220d7de54aeab6f17efbc5804458968dcbeef4c6a571a48a5,gfs_seamless,False
turbine_1,2026-01-11 09:00:00+00:00,24,0.9915906940442633,0.9915906940442633,False,False,0.9769763513513514,13.11,6.7,2026-01-10 19:00:00+00:00,14.0,2026-01-10 22:00:00,2026-01-11T00:00:00+05:00,ee49a639910a46e220d7de54aeab6f17efbc5804458968dcbeef4c6a571a48a5,gfs_seamless,False
turbine_1,2026-01-11 10:00:00+00:00,24,0.9864648057573404,0.9864648057573404,False,False,0.9669064191802009,12.58,5.9,2026-01-10 19:00:00+00:00,15.0,2026-01-10 22:00:00,2026-01-11T00:00:00+05:00,ee49a639910a46e220d7de54aeab6f17efbc5804458968dcbeef4c6a571a48a5,gfs_seamless,False
turbine_1,2026-01-11 11:00:00+00:00,24,0.9424079378597958,0.9424079378597958,False,False,0.9669064191802009,12.7,4.3,2026-01-10 19:00:00+00:00,16.0,2026-01-10 22:00:00,2026-01-11T00:00:00+05:00,ee49a639910a46e220d7de54aeab6f17efbc5804458968dcbeef4c6a571a48a5,gfs_seamless,False
turbine_1,2026-01-11 12:00:00+00:00,24,0.9854543842577761,0.9854543842577761,False,False,0.960176170607325,11.9,3.6,2026-01-10 19:00:00+00:00,17.0,2026-01-10 22:00:00,2026-01-11T00:00:00+05:00,ee49a639910a46e220d7de54aeab6f17efbc5804458968dcbeef4c6a571a48a5,gfs_seamless,False
turbine_1,2026-01-11 13:00:00+00:00,24,0.9851551899521406,0.9851551899521406,False,False,0.9580129390018484,12.04,2.7,2026-01-10 19:00:00+00:00,18.0,2026-01-10 22:00:00,2026-01-11T00:00:00+05:00,ee49a639910a46e220d7de54aeab6f17efbc5804458968dcbeef4c6a571a48a5,gfs_seamless,False
turbine_1,2026-01-11 14:00:00+00:00,24,0.9854951530446606,0.9854951530446606,False,False,0.9580129390018484,12.04,2.3,2026-01-10 19:00:00+00:00,19.0,2026-01-10 22:00:00,2026-01-11T00:00:00+05:00,ee49a639910a46e220d7de54aeab6f17efbc5804458968dcbeef4c6a571a48a5,gfs_seamless,False
turbine_1,2026-01-11 15:00:00+00:00,24,0.9912720111221894,0.9912720111221894,False,False,0.9580129390018484,12.43,1.7,2026-01-10 19:00:00+00:00,20.0,2026-01-10 22:00:00,2026-01-11T00:00:00+05:00,ee49a639910a46e220d7de54aeab6f17efbc5804458968dcbeef4c6a571a48a5,gfs_seamless,False
turbine_1,2026-01-11 16:00:00+00:00,24,0.9840529681804208,0.9840529681804208,False,False,0.960176170607325,11.72,1.0,2026-01-10 19:00:00+00:00,21.0,2026-01-10 22:00:00,2026-01-11T00:00:00+05:00,ee49a639910a46e220d7de54aeab6f17efbc5804458968dcbeef4c6a571a48a5,gfs_seamless,False
turbine_1,2026-01-11 17:00:00+00:00,24,0.6888787287230341,0.6888787287230341,False,False,0.6263235294117647,8.94,-0.1,2026-01-10 19:00:00+00:00,22.0,2026-01-10 22:00:00,2026-01-11T00:00:00+05:00,ee49a639910a46e220d7de54aeab6f17efbc5804458968dcbeef4c6a571a48a5,gfs_seamless,False
turbine_1,2026-01-11 18:00:00+00:00,24,0.3255284543112614,0.3255284543112614,False,False,0.3257441016333938,6.8,-0.4,2026-01-10 19:00:00+00:00,23.0,2026-01-10 22:00:00,2026-01-11T00:00:00+05:00,ee49a639910a46e220d7de54aeab6f17efbc5804458968dcbeef4c6a571a48a5,gfs_seamless,False
turbine_1,2026-01-11 19:00:00+00:00,24,0.22416797995462676,0.22416797995462676,False,False,0.2573200589970501,6.16,0.2,2026-01-10 19:00:00+00:00,24.0,2026-01-10 22:00:00,2026-01-11T00:00:00+05:00,ee49a639910a46e220d7de54aeab6f17efbc5804458968dcbeef4c6a571a48a5,gfs_seamless,False
turbine_1,2026-01-11 20:00:00+00:00,48,0.4857192747531079,0.4857192747531079,False,False,0.4758455467869222,7.74,-0.6,2026-01-10 19:00:00+00:00,25.0,2026-01-10 22:00:00,2026-01-11T00:00:00+05:00,ee49a639910a46e220d7de54aeab6f17efbc5804458968dcbeef4c6a571a48a5,gfs_seamless,False
turbine_1,2026-01-11 21:00:00+00:00,48,0.30069488493143715,0.30069488493143715,False,False,0.3257441016333938,6.62,-0.6,2026-01-10 19:00:00+00:00,26.0,2026-01-10 22:00:00,2026-01-11T00:00:00+05:00,ee49a639910a46e220d7de54aeab6f17efbc5804458968dcbeef4c6a571a48a5,gfs_seamless,False
turbine_1,2026-01-11 22:00:00+00:00,48,0.21602695840974973,0.21602695840974973,False,False,0.2573200589970501,6.14,-0.6,2026-01-10 19:00:00+00:00,27.0,2026-01-10 22:00:00,2026-01-11T00:00:00+05:00,ee49a639910a46e220d7de54aeab6f17efbc5804458968dcbeef4c6a571a48a5,gfs_seamless,False
turbine_1,2026-01-11 23:00:00+00:00,48,0.13226387594064196,0.13226387594064196,False,False,0.1500159337157425,5.46,-0.0,2026-01-10 19:00:00+00:00,28.0,2026-01-10 22:00:00,2026-01-11T00:00:00+05:00,ee49a639910a46e220d7de54aeab6f17efbc5804458968dcbeef4c6a571a48a5,gfs_seamless,False
turbine_1,2026-01-12 00:00:00+00:00,48,0.0319580525070122,0.0319580525070122,False,False,0.058542360340362566,3.98,0.0,2026-01-10 19:00:00+00:00,29.0,2026-01-10 22:00:00,2026-01-11T00:00:00+05:00,ee49a639910a46e220d7de54aeab6f17efbc5804458968dcbeef4c6a571a48a5,gfs_seamless,False
turbine_1,2026-01-12 01:00:00+00:00,48,0.012884757568037959,0.012884757568037959,False,False,0.025367428003972195,2.53,-0.8,2026-01-10 19:00:00+00:00,30.0,2026-01-10 22:00:00,2026-01-11T00:00:00+05:00,ee49a639910a46e220d7de54aeab6f17efbc5804458968dcbeef4c6a571a48a5,gfs_seamless,False
turbine_1,2026-01-12 02:00:00+00:00,48,0.008665453875250223,0.008665453875250223,False,False,0.009960767218831736,1.4,-0.5,2026-01-10 19:00:00+00:00,31.0,2026-01-10 22:00:00,2026-01-11T00:00:00+05:00,ee49a639910a46e220d7de54aeab6f17efbc5804458968dcbeef4c6a571a48a5,gfs_seamless,False
turbine_1,2026-01-12 03:00:00+00:00,48,0.009550357172888322,0.009550357172888322,False,False,0.009988907376594566,0.72,0.9,2026-01-10 19:00:00+00:00,32.0,2026-01-10 22:00:00,2026-01-11T00:00:00+05:00,ee49a639910a46e220d7de54aeab6f17efbc5804458968dcbeef4c6a571a48a5,gfs_seamless,False
turbine_1,2026-01-12 04:00:00+00:00,48,0.010322770850780181,0.010322770850780181,False,False,0.009988907376594566,0.72,3.6,2026-01-10 19:00:00+00:00,33.0,2026-01-10 22:00:00,2026-01-11T00:00:00+05:00,ee49a639910a46e220d7de54aeab6f17efbc5804458968dcbeef4c6a571a48a5,gfs_seamless,False
turbine_1,2026-01-12 05:00:00+00:00,48,0.01038810479406895,0.01038810479406895,False,False,0.009960767218831736,1.22,5.1,2026-01-10 19:00:00+00:00,34.0,2026-01-10 22:00:00,2026-01-11T00:00:00+05:00,ee49a639910a46e220d7de54aeab6f17efbc5804458968dcbeef4c6a571a48a5,gfs_seamless,False
turbine_1,2026-01-12 06:00:00+00:00,48,0.013094680226967591,0.013094680226967591,False,False,0.01607546593339444,2.35,5.9,2026-01-10 19:00:00+00:00,35.0,2026-01-10 22:00:00,2026-01-11T00:00:00+05:00,ee49a639910a46e220d7de54aeab6f17efbc5804458968dcbeef4c6a571a48a5,gfs_seamless,False
turbine_1,2026-01-12 07:00:00+00:00,48,0.10797365934696193,0.10797365934696193,False,False,0.11277777777777777,4.9,6.9,2026-01-10 19:00:00+00:00,36.0,2026-01-10 22:00:00,2026-01-11T00:00:00+05:00,ee49a639910a46e220d7de54aeab6f17efbc5804458968dcbeef4c6a571a48a5,gfs_seamless,False
turbine_1,2026-01-12 08:00:00+00:00,48,0.3863577721684546,0.3863577721684546,False,False,0.3988931788931789,7.17,8.1,2026-01-10 19:00:00+00:00,37.0,2026-01-10 22:00:00,2026-01-11T00:00:00+05:00,ee49a639910a46e220d7de54aeab6f17efbc5804458968dcbeef4c6a571a48a5,gfs_seamless,False
turbine_1,2026-01-12 09:00:00+00:00,48,0.5657242739187814,0.5657242739187814,False,False,0.5473923444976077,8.3,8.5,2026-01-10 19:00:00+00:00,38.0,2026-01-10 22:00:00,2026-01-11T00:00:00+05:00,ee49a639910a46e220d7de54aeab6f17efbc5804458968dcbeef4c6a571a48a5,gfs_seamless,False
turbine_1,2026-01-12 10:00:00+00:00,48,0.9356243425168752,0.9356243425168752,False,False,0.8927965043695381,10.81,8.7,2026-01-10 19:00:00+00:00,39.0,2026-01-10 22:00:00,2026-01-11T00:00:00+05:00,ee49a639910a46e220d7de54aeab6f17efbc5804458968dcbeef4c6a571a48a5,gfs_seamless,False
turbine_1,2026-01-12 11:00:00+00:00,48,0.6896285259485675,0.6896285259485675,False,False,0.763874074074074,9.56,7.2,2026-01-10 19:00:00+00:00,40.0,2026-01-10 22:00:00,2026-01-11T00:00:00+05:00,ee49a639910a46e220d7de54aeab6f17efbc5804458968dcbeef4c6a571a48a5,gfs_seamless,False
turbine_1,2026-01-12 12:00:00+00:00,48,0.3602209744577605,0.3602209744577605,False,False,0.3257441016333938,6.95,6.3,2026-01-10 19:00:00+00:00,41.0,2026-01-10 22:00:00,2026-01-11T00:00:00+05:00,ee49a639910a46e220d7de54aeab6f17efbc5804458968dcbeef4c6a571a48a5,gfs_seamless,False
turbine_1,2026-01-12 13:00:00+00:00,48,0.16466182792117703,0.16466182792117703,False,False,0.19637541806020067,5.6,5.9,2026-01-10 19:00:00+00:00,42.0,2026-01-10 22:00:00,2026-01-11T00:00:00+05:00,ee49a639910a46e220d7de54aeab6f17efbc5804458968dcbeef4c6a571a48a5,gfs_seamless,False
turbine_1,2026-01-12 14:00:00+00:00,48,0.06660058719608877,0.06660058719608877,False,False,0.08223615464994775,4.44,5.5,2026-01-10 19:00:00+00:00,43.0,2026-01-10 22:00:00,2026-01-11T00:00:00+05:00,ee49a639910a46e220d7de54aeab6f17efbc5804458968dcbeef4c6a571a48a5,gfs_seamless,False
turbine_1,2026-01-12 15:00:00+00:00,48,0.121993799513809,0.121993799513809,False,False,0.1500159337157425,5.2,5.8,2026-01-10 19:00:00+00:00,44.0,2026-01-10 22:00:00,2026-01-11T00:00:00+05:00,ee49a639910a46e220d7de54aeab6f17efbc5804458968dcbeef4c6a571a48a5,gfs_seamless,False
turbine_1,2026-01-12 16:00:00+00:00,48,0.07221556313837287,0.07221556313837287,False,False,0.08223615464994775,4.33,6.0,2026-01-10 19:00:00+00:00,45.0,2026-01-10 22:00:00,2026-01-11T00:00:00+05:00,ee49a639910a46e220d7de54aeab6f17efbc5804458968dcbeef4c6a571a48a5,gfs_seamless,False
turbine_1,2026-01-12 17:00:00+00:00,48,0.18244418331433884,0.18244418331433884,False,False,0.19637541806020067,5.75,5.3,2026-01-10 19:00:00+00:00,46.0,2026-01-10 22:00:00,2026-01-11T00:00:00+05:00,ee49a639910a46e220d7de54aeab6f17efbc5804458968dcbeef4c6a571a48a5,gfs_seamless,False
turbine_1,2026-01-12 18:00:00+00:00,48,0.008769249620560948,0.008769249620560948,False,False,0.009960767218831736,1.08,5.6,2026-01-10 19:00:00+00:00,47.0,2026-01-10 22:00:00,2026-01-11T00:00:00+05:00,ee49a639910a46e220d7de54aeab6f17efbc5804458968dcbeef4c6a571a48a5,gfs_seamless,False
turbine_1,2026-01-12 19:00:00+00:00,48,0.010323539881497942,0.010323539881497942,False,False,0.009960767218831736,1.22,4.2,2026-01-10 19:00:00+00:00,48.0,2026-01-10 22:00:00,2026-01-11T00:00:00+05:00,ee49a639910a46e220d7de54aeab6f17efbc5804458968dcbeef4c6a571a48a5,gfs_seamless,False
turbine_2,2026-01-10 20:00:00+00:00,24,0.9054334610885754,0.9054334610885754,False,False,0.9697865853658537,13.3,-0.9,2026-01-10 19:00:00+00:00,1.0,2026-01-10 22:00:00,2026-01-11T00:00:00+05:00,b806b9ce3fff0b616fa68179a752fd0afe12933d671de82cec69b153e2eebdaf,gfs_seamless,False
turbine_2,2026-01-10 21:00:00+00:00,24,0.9688566476761122,0.9688566476761122,False,False,0.9697865853658537,13.09,-1.4,2026-01-10 19:00:00+00:00,2.0,2026-01-10 22:00:00,2026-01-11T00:00:00+05:00,b806b9ce3fff0b616fa68179a752fd0afe12933d671de82cec69b153e2eebdaf,gfs_seamless,False
turbine_2,2026-01-10 22:00:00+00:00,24,0.955881332463707,0.955881332463707,False,False,0.9697865853658537,13.28,-1.6,2026-01-10 19:00:00+00:00,3.0,2026-01-10 22:00:00,2026-01-11T00:00:00+05:00,b806b9ce3fff0b616fa68179a752fd0afe12933d671de82cec69b153e2eebdaf,gfs_seamless,False
turbine_2,2026-01-10 23:00:00+00:00,24,0.9498950766298916,0.9498950766298916,False,False,0.9608080808080809,13.61,-1.3,2026-01-10 19:00:00+00:00,4.0,2026-01-10 22:00:00,2026-01-11T00:00:00+05:00,b806b9ce3fff0b616fa68179a752fd0afe12933d671de82cec69b153e2eebdaf,gfs_seamless,False
turbine_2,2026-01-11 00:00:00+00:00,24,0.964189234923201,0.964189234923201,False,False,0.9608080808080809,13.78,-1.2,2026-01-10 19:00:00+00:00,5.0,2026-01-10 22:00:00,2026-01-11T00:00:00+05:00,b806b9ce3fff0b616fa68179a752fd0afe12933d671de82cec69b153e2eebdaf,gfs_seamless,False
turbine_2,2026-01-11 01:00:00+00:00,24,0.9010563470205568,0.9010563470205568,False,False,0.9600239808153477,14.24,-1.6,2026-01-10 19:00:00+00:00,6.0,2026-01-10 22:00:00,2026-01-11T00:00:00+05:00,b806b9ce3fff0b616fa68179a752fd0afe12933d671de82cec69b153e2eebdaf,gfs_seamless,False
turbine_2,2026-01-11 02:00:00+00:00,24,0.9092687515638509,0.9092687515638509,False,False,0.9623423423423424,14.72,-1.6,2026-01-10 19:00:00+00:00,7.0,2026-01-10 22:00:00,2026-01-11T00:00:00+05:00,b806b9ce3fff0b616fa68179a752fd0afe12933d671de82cec69b153e2eebdaf,gfs_seamless,False
turbine_2,2026-01-11 03:00:00+00:00,24,0.818395657001905,0.818395657001905,False,False,0.9600239808153477,14.25,-0.6,2026-01-10 19:00:00+00:00,8.0,2026-01-10 22:00:00,2026-01-11T00:00:00+05:00,b806b9ce3fff0b616fa68179a752fd0afe12933d671de82cec69b153e2eebdaf,gfs_seamless,False
turbine_2,2026-01-11 04:00:00+00:00,24,0.9568927895427187,0.9568927895427187,False,False,0.9600239808153477,14.48,0.9,2026-01-10 19:00:00+00:00,9.0,2026-01-10 22:00:00,2026-01-11T00:00:00+05:00,b806b9ce3fff0b616fa68179a752fd0afe12933d671de82cec69b153e2eebdaf,gfs_seamless,False
turbine_2,2026-01-11 05:00:00+00:00,24,0.965292079213414,0.965292079213414,False,False,0.9600239808153477,14.09,3.3,2026-01-10 19:00:00+00:00,10.0,2026-01-10 22:00:00,2026-01-11T00:00:00+05:00,b806b9ce3fff0b616fa68179a752fd0afe12933d671de82cec69b153e2eebdaf,gfs_seamless,False
turbine_2,2026-01-11 06:00:00+00:00,24,0.9800435503017701,0.9800435503017701,False,False,0.9600239808153477,14.4,4.2,2026-01-10 19:00:00+00:00,11.0,2026-01-10 22:00:00,2026-01-11T00:00:00+05:00,b806b9ce3fff0b616fa68179a752fd0afe12933d671de82cec69b153e2eebdaf,gfs_seamless,False
turbine_2,2026-01-11 07:00:00+00:00,24,0.9719403356343813,0.9719403356343813,False,False,0.9623423423423424,14.73,6.4,2026-01-10 19:00:00+00:00,12.0,2026-01-10 22:00:00,2026-01-11T00:00:00+05:00,b806b9ce3fff0b616fa68179a752fd0afe12933d671de82cec69b153e2eebdaf,gfs_seamless,False
turbine_2,2026-01-11 08:00:00+00:00,24,0.9755368632520673,0.9755368632520673,False,False,0.9608080808080809,13.78,6.9,2026-01-10 19:00:00+00:00,13.0,2026-01-10 22:00:00,2026-01-11T00:00:00+05:00,b806b9ce3fff0b616fa68179a752fd0afe12933d671de82cec69b153e2eebdaf,gfs_seamless,False
turbine_2,2026-01-11 09:00:00+00:00,24,0.9721902293820054,0.9721902293820054,False,False,0.9697865853658537,13.11,6.7,2026-01-10 19:00:00+00:00,14.0,2026-01-10 22:00:00,2026-01-11T00:00:00+05:00,b806b9ce3fff0b616fa68179a752fd0afe12933d671de82cec69b153e2eebdaf,gfs_seamless,False
turbine_2,2026-01-11 10:00:00+00:00,24,0.960082776385015,0.960082776385015,False,False,0.9628097193702942,12.58,5.9,2026-01-10 19:00:00+00:00,15.0,2026-01-10 22:00:00,2026-01-11T00:00:00+05:00,b806b9ce3fff0b616fa68179a752fd0afe12933d671de82cec69b153e2eebdaf,gfs_seamless,False
turbine_2,2026-01-11 11:00:00+00:00,24,0.9602787887758995,0.9602787887758995,False,False,0.9628097193702942,12.7,4.3,2026-01-10 19:00:00+00:00,16.0,2026-01-10 22:00:00,2026-01-11T00:00:00+05:00,b806b9ce3fff0b616fa68179a752fd0afe12933d671de82cec69b153e2eebdaf,gfs_seamless,False
turbine_2,2026-01-11 12:00:00+00:00,24,0.9628213566731209,0.9628213566731209,False,False,0.9521050347222223,11.9,3.6,2026-01-10 19:00:00+00:00,17.0,2026-01-10 22:00:00,2026-01-11T00:00:00+05:00,b806b9ce3fff0b616fa68179a752fd0afe12933d671de82cec69b153e2eebdaf,gfs_seamless,False
turbine_2,2026-01-11 13:00:00+00:00,24,0.9718703381216871,0.9718703381216871,False,False,0.9571649484536083,12.04,2.7,2026-01-10 19:00:00+00:00,18.0,2026-01-10 22:00:00,2026-01-11T00:00:00+05:00,b806b9ce3fff0b616fa68179a752fd0afe12933d671de82cec69b153e2eebdaf,gfs_seamless,False
turbine_2,2026-01-11 14:00:00+00:00,24,0.9736618400177041,0.9736618400177041,False,False,0.9571649484536083,12.04,2.3,2026-01-10 19:00:00+00:00,19.0,2026-01-10 22:00:00,2026-01-11T00:00:00+05:00,b806b9ce3fff0b616fa68179a752fd0afe12933d671de82cec69b153e2eebdaf,gfs_seamless,False
turbine_2,2026-01-11 15:00:00+00:00,24,0.9784826848437125,0.9784826848437125,False,False,0.9571649484536083,12.43,1.7,2026-01-10 19:00:00+00:00,20.0,2026-01-10 22:00:00,2026-01-11T00:00:00+05:00,b806b9ce3fff0b616fa68179a752fd0afe12933d671de82cec69b153e2eebdaf,gfs_seamless,False
turbine_2,2026-01-11 16:00:00+00:00,24,0.9745784917207428,0.9745784917207428,False,False,0.9521050347222223,11.72,1.0,2026-01-10 19:00:00+00:00,21.0,2026-01-10 22:00:00,2026-01-11T00:00:00+05:00,b806b9ce3fff0b616fa68179a752fd0afe12933d671de82cec69b153e2eebdaf,gfs_seamless,False
turbine_2,2026-01-11 17:00:00+00:00,24,0.6571084951039071,0.6571084951039071,False,False,0.6154512471655329,8.94,-0.1,2026-01-10 19:00:00+00:00,22.0,2026-01-10 22:00:00,2026-01-11T00:00:00+05:00,b806b9ce3fff0b616fa68179a752fd0afe12933d671de82cec69b153e2eebdaf,gfs_seamless,False
turbine_2,2026-01-11 18:00:00+00:00,24,0.3117558893899725,0.3117558893899725,False,False,0.3144930739758326,6.8,-0.4,2026-01-10 19:00:00+00:00,23.0,2026-01-10 22:00:00,2026-01-11T00:00:00+05:00,b806b9ce3fff0b616fa68179a752fd0afe12933d671de82cec69b153e2eebdaf,gfs_seamless,False
turbine_2,2026-01-11 19:00:00+00:00,24,0.21530852100841114,0.21530852100841114,False,False,0.24726149914821127,6.16,0.2,2026-01-10 19:00:00+00:00,24.0,2026-01-10 22:00:00,2026-01-11T00:00:00+05:00,b806b9ce3fff0b616fa68179a752fd0afe12933d671de82cec69b153e2eebdaf,gfs_seamless,False
turbine_2,2026-01-11 20:00:00+00:00,48,0.44870034597391495,0.44870034597391495,False,False,0.46006376195536663,7.74,-0.6,2026-01-10 19:00:00+00:00,25.0,2026-01-10 22:00:00,2026-01-11T00:00:00+05:00,b806b9ce3fff0b616fa68179a752fd0afe12933d671de82cec69b153e2eebdaf,gfs_seamless,False
turbine_2,2026-01-11 21:00:00+00:00,48,0.2738739001009765,0.2738739001009765,False,False,0.3144930739758326,6.62,-0.6,2026-01-10 19:00:00+00:00,26.0,2026-01-10 22:00:00,2026-01-11T00:00:00+05:00,b806b9ce3fff0b616fa68179a752fd0afe12933d671de82cec69b153e2eebdaf,gfs_seamless,False
turbine_2,2026-01-11 22:00:00+00:00,48,0.19184027218734528,0.19184027218734528,False,False,0.24726149914821127,6.14,-0.6,2026-01-10 19:00:00+00:00,27.0,2026-01-10 22:00:00,2026-01-11T00:00:00+05:00,b806b9ce3fff0b616fa68179a752fd0afe12933d671de82cec69b153e2eebdaf,gfs_seamless,False
turbine_2,2026-01-11 23:00:00+00:00,48,0.11626028686022637,0.11626028686022637,False,False,0.14419587945879458,5.46,-0.0,2026-01-10 19:00:00+00:00,28.0,2026-01-10 22:00:00,2026-01-11T00:00:00+05:00,b806b9ce3fff0b616fa68179a752fd0afe12933d671de82cec69b153e2eebdaf,gfs_seamless,False
turbine_2,2026-01-12 00:00:00+00:00,48,0.0277533914008994,0.0277533914008994,False,False,0.05572053165442462,3.98,0.0,2026-01-10 19:00:00+00:00,29.0,2026-01-10 22:00:00,2026-01-11T00:00:00+05:00,b806b9ce3fff0b616fa68179a752fd0afe12933d671de82cec69b153e2eebdaf,gfs_seamless,False
turbine_2,2026-01-12 01:00:00+00:00,48,0.010903827205310225,0.010903827205310225,False,False,0.024097732843137255,2.53,-0.8,2026-01-10 19:00:00+00:00,30.0,2026-01-10 22:00:00,2026-01-11T00:00:00+05:00,b806b9ce3fff0b616fa68179a752fd0afe12933d671de82cec69b153e2eebdaf,gfs_seamless,False
turbine_2,2026-01-12 02:00:00+00:00,48,0.008480769554833189,0.008480769554833189,False,False,0.009705387205387205,1.4,-0.5,2026-01-10 19:00:00+00:00,31.0,2026-01-10 22:00:00,2026-01-11T00:00:00+05:00,b806b9ce3fff0b616fa68179a752fd0afe12933d671de82cec69b153e2eebdaf,gfs_seamless,False
turbine_2,2026-01-12 03:00:00+00:00,48,0.009187867323406531,0.009187867323406531,False,False,0.009930555555555557,0.72,0.9,2026-01-10 19:00:00+00:00,32.0,2026-01-10 22:00:00,2026-01-11T00:00:00+05:00,b806b9ce3fff0b616fa68179a752fd0afe12933d671de82cec69b153e2eebdaf,gfs_seamless,False
turbine_2,2026-01-12 04:00:00+00:00,48,0.009359166808267419,0.009359166808267419,False,False,0.009930555555555557,0.72,3.6,2026-01-10 19:00:00+00:00,33.0,2026-01-10 22:00:00,2026-01-11T00:00:00+05:00,b806b9ce3fff0b616fa68179a752fd0afe12933d671de82cec69b153e2eebdaf,gfs_seamless,False
turbine_2,2026-01-12 05:00:00+00:00,48,0.01009395032379447,0.01009395032379447,False,False,0.009705387205387205,1.22,5.1,2026-01-10 19:00:00+00:00,34.0,2026-01-10 22:00:00,2026-01-11T00:00:00+05:00,b806b9ce3fff0b616fa68179a752fd0afe12933d671de82cec69b153e2eebdaf,gfs_seamless,False
turbine_2,2026-01-12 06:00:00+00:00,48,0.013167460119736277,0.013167460119736277,False,False,0.014649505526468877,2.35,5.9,2026-01-10 19:00:00+00:00,35.0,2026-01-10 22:00:00,2026-01-11T00:00:00+05:00,b806b9ce3fff0b616fa68179a752fd0afe12933d671de82cec69b153e2eebdaf,gfs_seamless,False
turbine_2,2026-01-12 07:00:00+00:00,48,0.10073082644433475,0.10073082644433475,False,False,0.10637109254100897,4.9,6.9,2026-01-10 19:00:00+00:00,36.0,2026-01-10 22:00:00,2026-01-11T00:00:00+05:00,b806b9ce3fff0b616fa68179a752fd0afe12933d671de82cec69b153e2eebdaf,gfs_seamless,False
turbine_2,2026-01-12 08:00:00+00:00,48,0.377341887400521,0.377341887400521,False,False,0.38885538261997404,7.17,8.1,2026-01-10 19:00:00+00:00,37.0,2026-01-10 22:00:00,2026-01-11T00:00:00+05:00,b806b9ce3fff0b616fa68179a752fd0afe12933d671de82cec69b153e2eebdaf,gfs_seamless,False
turbine_2,2026-01-12 09:00:00+00:00,48,0.5766744480646584,0.5766744480646584,False,False,0.5339426298157454,8.3,8.5,2026-01-10 19:00:00+00:00,38.0,2026-01-10 22:00:00,2026-01-11T00:00:00+05:00,b806b9ce3fff0b616fa68179a752fd0afe12933d671de82cec69b153e2eebdaf,gfs_seamless,False
turbine_2,2026-01-12 10:00:00+00:00,48,0.9211910094821385,0.9211910094821385,False,False,0.8846255144032922,10.81,8.7,2026-01-10 19:00:00+00:00,39.0,2026-01-10 22:00:00,2026-01-11T00:00:00+05:00,b806b9ce3fff0b616fa68179a752fd0afe12933d671de82cec69b153e2eebdaf,gfs_seamless,False
turbine_2,2026-01-12 11:00:00+00:00,48,0.7565725089783302,0.7565725089783302,False,False,0.7524465971187282,9.56,7.2,2026-01-10 19:00:00+00:00,40.0,2026-01-10 22:00:00,2026-01-11T00:00:00+05:00,b806b9ce3fff0b616fa68179a752fd0afe12933d671de82cec69b153e2eebdaf,gfs_seamless,False
turbine_2,2026-01-12 12:00:00+00:00,48,0.33586507203279103,0.33586507203279103,False,False,0.3144930739758326,6.95,6.3,2026-01-10 19:00:00+00:00,41.0,2026-01-10 22:00:00,2026-01-11T00:00:00+05:00,b806b9ce3fff0b616fa68179a752fd0afe12933d671de82cec69b153e2eebdaf,gfs_seamless,False
turbine_2,2026-01-12 13:00:00+00:00,48,0.15267425189990522,0.15267425189990522,False,False,0.18934982427683159,5.6,5.9,2026-01-10 19:00:00+00:00,42.0,2026-01-10 22:00:00,2026-01-11T00:00:00+05:00,b806b9ce3fff0b616fa68179a752fd0afe12933d671de82cec69b153e2eebdaf,gfs_seamless,False
turbine_2,2026-01-12 14:00:00+00:00,48,0.06690886583736778,0.06690886583736778,False,False,0.07938995618469835,4.44,5.5,2026-01-10 19:00:00+00:00,43.0,2026-01-10 22:00:00,2026-01-11T00:00:00+05:00,b806b9ce3fff0b616fa68179a752fd0afe12933d671de82cec69b153e2eebdaf,gfs_seamless,False
turbine_2,2026-01-12 15:00:00+00:00,48,0.11120765963766091,0.11120765963766091,False,False,0.14419587945879458,5.2,5.8,2026-01-10 19:00:00+00:00,44.0,2026-01-10 22:00:00,2026-01-11T00:00:00+05:00,b806b9ce3fff0b616fa68179a752fd0afe12933d671de82cec69b153e2eebdaf,gfs_seamless,False
turbine_2,2026-01-12 16:00:00+00:00,48,0.06324737885165477,0.06324737885165477,False,False,0.07938995618469835,4.33,6.0,2026-01-10 19:00:00+00:00,45.0,2026-01-10 22:00:00,2026-01-11T00:00:00+05:00,b806b9ce3fff0b616fa68179a752fd0afe12933d671de82cec69b153e2eebdaf,gfs_seamless,False
turbine_2,2026-01-12 17:00:00+00:00,48,0.16342200771782772,0.16342200771782772,False,False,0.18934982427683159,5.75,5.3,2026-01-10 19:00:00+00:00,46.0,2026-01-10 22:00:00,2026-01-11T00:00:00+05:00,b806b9ce3fff0b616fa68179a752fd0afe12933d671de82cec69b153e2eebdaf,gfs_seamless,False
turbine_2,2026-01-12 18:00:00+00:00,48,0.009684411200654731,0.009684411200654731,False,False,0.009705387205387205,1.08,5.6,2026-01-10 19:00:00+00:00,47.0,2026-01-10 22:00:00,2026-01-11T00:00:00+05:00,b806b9ce3fff0b616fa68179a752fd0afe12933d671de82cec69b153e2eebdaf,gfs_seamless,False
turbine_2,2026-01-12 19:00:00+00:00,48,0.00946492317404747,0.00946492317404747,False,False,0.009705387205387205,1.22,4.2,2026-01-10 19:00:00+00:00,48.0,2026-01-10 22:00:00,2026-01-11T00:00:00+05:00,b806b9ce3fff0b616fa68179a752fd0afe12933d671de82cec69b153e2eebdaf,gfs_seamless,False
turbine_1,2026-01-11 20:00:00+00:00,24,0.14452794657928109,0.14452794657928109,False,False,0.1965,5.57,0.1,2026-01-11 19:00:00+00:00,1.0,2026-01-11 22:00:00,2026-01-12T00:00:00+05:00,fcb07f16ccece23161bc94ceaf6ecd81a18af4225f69358cddb00b063e3d484e,gfs_seamless,False
turbine_1,2026-01-11 21:00:00+00:00,24,0.034370031723934054,0.034370031723934054,False,False,0.08223615464994775,4.06,-0.0,2026-01-11 19:00:00+00:00,2.0,2026-01-11 22:00:00,2026-01-12T00:00:00+05:00,fcb07f16ccece23161bc94ceaf6ecd81a18af4225f69358cddb00b063e3d484e,gfs_seamless,False
turbine_1,2026-01-11 22:00:00+00:00,24,0.020925947666710853,0.020925947666710853,False,False,0.040409074669524835,3.47,-0.5,2026-01-11 19:00:00+00:00,3.0,2026-01-11 22:00:00,2026-01-12T00:00:00+05:00,fcb07f16ccece23161bc94ceaf6ecd81a18af4225f69358cddb00b063e3d484e,gfs_seamless,False
turbine_1,2026-01-11 23:00:00+00:00,24,0.010827233289593511,0.010827233289593511,False,False,0.01607546593339444,2.26,-0.8,2026-01-11 19:00:00+00:00,4.0,2026-01-11 22:00:00,2026-01-12T00:00:00+05:00,fcb07f16ccece23161bc94ceaf6ecd81a18af4225f69358cddb00b063e3d484e,gfs_seamless,False
turbine_1,2026-01-12 00:00:00+00:00,24,0.00949830936441337,0.00949830936441337,False,False,0.009960767218831736,1.3,1.1,2026-01-11 19:00:00+00:00,5.0,2026-01-11 22:00:00,2026-01-12T00:00:00+05:00,fcb07f16ccece23161bc94ceaf6ecd81a18af4225f69358cddb00b063e3d484e,gfs_seamless,False
turbine_1,2026-01-12 01:00:00+00:00,24,0.00949830936441337,0.00949830936441337,False,False,0.009988907376594566,0.71,1.2,2026-01-11 19:00:00+00:00,6.0,2026-01-11 22:00:00,2026-01-12T00:00:00+05:00,fcb07f16ccece23161bc94ceaf6ecd81a18af4225f69358cddb00b063e3d484e,gfs_seamless,False
turbine_1,2026-01-12 02:00:00+00:00,24,0.009366684368952598,0.009366684368952598,False,False,0.009988907376594566,0.6,0.5,2026-01-11 19:00:00+00:00,7.0,2026-01-11 22:00:00,2026-01-12T00:00:00+05:00,fcb07f16ccece23161bc94ceaf6ecd81a18af4225f69358cddb00b063e3d484e,gfs_seamless,False
turbine_1,2026-01-12 03:00:00+00:00,24,0.009710670662978335,0.009710670662978335,False,False,0.009960767218831736,1.27,1.9,2026-01-11 19:00:00+00:00,8.0,2026-01-11 22:00:00,2026-01-12T00:00:00+05:00,fcb07f16ccece23161bc94ceaf6ecd81a18af4225f69358cddb00b063e3d484e,gfs_seamless,False
turbine_1,2026-01-12 04:00:00+00:00,24,0.02172249565294881,0.02172249565294881,False,False,0.040409074669524835,3.03,3.3,2026-01-11 19:00:00+00:00,9.0,2026-01-11 22:00:00,2026-01-12T00:00:00+05:00,fcb07f16ccece23161bc94ceaf6ecd81a18af4225f69358cddb00b063e3d484e,gfs_seamless,False
turbine_1,2026-01-12 05:00:00+00:00,24,0.029624656039349533,0.029624656039349533,False,False,0.040409074669524835,3.49,4.6,2026-01-11 19:00:00+00:00,10.0,2026-01-11 22:00:00,2026-01-12T00:00:00+05:00,fcb07f16ccece23161bc94ceaf6ecd81a18af4225f69358cddb00b063e3d484e,gfs_seamless,False
turbine_1,2026-01-12 06:00:00+00:00,24,0.010192750706427731,0.010192750706427731,False,False,0.009988907376594566,0.61,6.4,2026-01-11 19:00:00+00:00,11.0,2026-01-11 22:00:00,2026-01-12T00:00:00+05:00,fcb07f16ccece23161bc94ceaf6ecd81a18af4225f69358cddb00b063e3d484e,gfs_seamless,False
turbine_1,2026-01-12 07:00:00+00:00,24,0.02253595554359812,0.02253595554359812,False,False,0.040409074669524835,3.01,7.1,2026-01-11 19:00:00+00:00,12.0,2026-01-11 22:00:00,2026-01-12T00:00:00+05:00,fcb07f16ccece23161bc94ceaf6ecd81a18af4225f69358cddb00b063e3d484e,gfs_seamless,False
turbine_1,2026-01-12 08:00:00+00:00,24,0.03897869964682262,0.03897869964682262,False,False,0.058542360340362566,3.7,8.0,2026-01-11 19:00:00+00:00,13.0,2026-01-11 22:00:00,2026-01-12T00:00:00+05:00,fcb07f16ccece23161bc94ceaf6ecd81a18af4225f69358cddb00b063e3d484e,gfs_seamless,False
turbine_1,2026-01-12 09:00:00+00:00,24,0.04924563940369493,0.04924563940369493,False,False,0.058542360340362566,3.91,8.1,2026-01-11 19:00:00+00:00,14.0,2026-01-11 22:00:00,2026-01-12T00:00:00+05:00,fcb07f16ccece23161bc94ceaf6ecd81a18af4225f69358cddb00b063e3d484e,gfs_seamless,False
turbine_1,2026-01-12 10:00:00+00:00,24,0.032281057653172,0.032281057653172,False,False,0.040409074669524835,3.42,7.4,2026-01-11 19:00:00+00:00,15.0,2026-01-11 22:00:00,2026-01-12T00:00:00+05:00,fcb07f16ccece23161bc94ceaf6ecd81a18af4225f69358cddb00b063e3d484e,gfs_seamless,False
turbine_1,2026-01-12 11:00:00+00:00,24,0.036580762966349906,0.036580762966349906,False,False,0.058542360340362566,3.51,6.6,2026-01-11 19:00:00+00:00,16.0,2026-01-11 22:00:00,2026-01-12T00:00:00+05:00,fcb07f16ccece23161bc94ceaf6ecd81a18af4225f69358cddb00b063e3d484e,gfs_seamless,False
turbine_1,2026-01-12 12:00:00+00:00,24,0.6415299669891976,0.6415299669891976,False,False,0.6262933138116155,8.61,5.9,2026-01-11 19:00:00+00:00,17.0,2026-01-11 22:00:00,2026-01-12T00:00:00+05:00,fcb07f16ccece23161bc94ceaf6ecd81a18af4225f69358cddb00b063e3d484e,gfs_seamless,False
turbine_1,2026-01-12 13:00:00+00:00,24,0.33026234685749295,0.33026234685749295,False,False,0.32573284980356604,6.71,5.3,2026-01-11 19:00:00+00:00,18.0,2026-01-11 22:00:00,2026-01-12T00:00:00+05:00,fcb07f16ccece23161bc94ceaf6ecd81a18af4225f69358cddb00b063e3d484e,gfs_seamless,False
turbine_1,2026-01-12 14:00:00+00:00,24,0.2248608192072314,0.2248608192072314,False,False,0.257419829361577,6.02,4.9,2026-01-11 19:00:00+00:00,19.0,2026-01-11 22:00:00,2026-01-12T00:00:00+05:00,fcb07f16ccece23161bc94ceaf6ecd81a18af4225f69358cddb00b063e3d484e,gfs_seamless,False
turbine_1,2026-01-12 15:00:00+00:00,24,0.0848100142394391,0.0848100142394391,False,False,0.11277777777777777,4.64,5.0,2026-01-11 19:00:00+00:00,20.0,2026-01-11 22:00:00,2026-01-12T00:00:00+05:00,fcb07f16ccece23161bc94ceaf6ecd81a18af4225f69358cddb00b063e3d484e,gfs_seamless,False
turbine_1,2026-01-12 16:00:00+00:00,24,0.044535484393503216,0.044535484393503216,False,False,0.058542360340362566,3.98,5.1,2026-01-11 19:00:00+00:00,21.0,2026-01-11 22:00:00,2026-01-12T00:00:00+05:00,fcb07f16ccece23161bc94ceaf6ecd81a18af4225f69358cddb00b063e3d484e,gfs_seamless,False
turbine_1,2026-01-12 17:00:00+00:00,24,0.009889218028510493,0.009889218028510493,False,False,0.009960767218831736,1.3,3.6,2026-01-11 19:00:00+00:00,22.0,2026-01-11 22:00:00,2026-01-12T00:00:00+05:00,fcb07f16ccece23161bc94ceaf6ecd81a18af4225f69358cddb00b063e3d484e,gfs_seamless,False
turbine_1,2026-01-12 18:00:00+00:00,24,0.009783295941860276,0.009783295941860276,False,False,0.01,0.41,3.3,2026-01-11 19:00:00+00:00,23.0,2026-01-11 22:00:00,2026-01-12T00:00:00+05:00,fcb07f16ccece23161bc94ceaf6ecd81a18af4225f69358cddb00b063e3d484e,gfs_seamless,False
turbine_1,2026-01-12 19:00:00+00:00,24,0.009906577288585192,0.009906577288585192,False,False,0.009988907376594566,0.95,2.7,2026-01-11 19:00:00+00:00,24.0,2026-01-11 22:00:00,2026-01-12T00:00:00+05:00,fcb07f16ccece23161bc94ceaf6ecd81a18af4225f69358cddb00b063e3d484e,gfs_seamless,False
turbine_1,2026-01-12 20:00:00+00:00,48,0.010070506284320694,0.010070506284320694,False,False,0.009960767218831736,1.42,4.7,2026-01-11 19:00:00+00:00,25.0,2026-01-11 22:00:00,2026-01-12T00:00:00+05:00,fcb07f16ccece23161bc94ceaf6ecd81a18af4225f69358cddb00b063e3d484e,gfs_seamless,False
turbine_1,2026-01-12 21:00:00+00:00,48,0.009976979387387747,0.009976979387387747,False,False,0.011036676646706588,1.8,5.6,2026-01-11 19:00:00+00:00,26.0,2026-01-11 22:00:00,2026-01-12T00:00:00+05:00,fcb07f16ccece23161bc94ceaf6ecd81a18af4225f69358cddb00b063e3d484e,gfs_seamless,False
turbine_1,2026-01-12 22:00:00+00:00,48,0.10630481210845195,0.10630481210845195,False,False,0.1500159337157425,5.01,5.1,2026-01-11 19:00:00+00:00,27.0,2026-01-11 22:00:00,2026-01-12T00:00:00+05:00,fcb07f16ccece23161bc94ceaf6ecd81a18af4225f69358cddb00b063e3d484e,gfs_seamless,False
turbine_1,2026-01-12 23:00:00+00:00,48,0.37316371043411206,0.37316371043411206,False,False,0.39906820365033624,7.04,3.3,2026-01-11 19:00:00+00:00,28.0,2026-01-11 22:00:00,2026-01-12T00:00:00+05:00,fcb07f16ccece23161bc94ceaf6ecd81a18af4225f69358cddb00b063e3d484e,gfs_seamless,False
turbine_1,2026-01-13 00:00:00+00:00,48,0.03173668964554134,0.03173668964554134,False,False,0.058542360340362566,3.71,3.5,2026-01-11 19:00:00+00:00,29.0,2026-01-11 22:00:00,2026-01-12T00:00:00+05:00,fcb07f16ccece23161bc94ceaf6ecd81a18af4225f69358cddb00b063e3d484e,gfs_seamless,False
turbine_1,2026-01-13 01:00:00+00:00,48,0.009648465356950093,0.009648465356950093,False,False,0.009960767218831736,1.24,2.8,2026-01-11 19:00:00+00:00,30.0,2026-01-11 22:00:00,2026-01-12T00:00:00+05:00,fcb07f16ccece23161bc94ceaf6ecd81a18af4225f69358cddb00b063e3d484e,gfs_seamless,False
turbine_1,2026-01-13 02:00:00+00:00,48,0.016116829639332784,0.016116829639332784,False,False,0.025367428003972195,2.66,1.7,2026-01-11 19:00:00+00:00,31.0,2026-01-11 22:00:00,2026-01-12T00:00:00+05:00,fcb07f16ccece23161bc94ceaf6ecd81a18af4225f69358cddb00b063e3d484e,gfs_seamless,False
turbine_1,2026-01-13 03:00:00+00:00,48,0.04422765538676255,0.04422765538676255,False,False,0.08223615464994775,4.08,2.4,2026-01-11 19:00:00+00:00,32.0,2026-01-11 22:00:00,2026-01-12T00:00:00+05:00,fcb07f16ccece23161bc94ceaf6ecd81a18af4225f69358cddb00b063e3d484e,gfs_seamless,False
turbine_1,2026-01-13 04:00:00+00:00,48,0.08349944348068804,0.08349944348068804,False,False,0.11277777777777777,4.68,4.2,2026-01-11 19:00:00+00:00,33.0,2026-01-11 22:00:00,2026-01-12T00:00:00+05:00,fcb07f16ccece23161bc94ceaf6ecd81a18af4225f69358cddb00b063e3d484e,gfs_seamless,False
turbine_1,2026-01-13 05:00:00+00:00,48,0.13528373634605936,0.13528373634605936,False,False,0.1500159337157425,5.28,5.6,2026-01-11 19:00:00+00:00,34.0,2026-01-11 22:00:00,2026-01-12T00:00:00+05:00,fcb07f16ccece23161bc94ceaf6ecd81a18af4225f69358cddb00b063e3d484e,gfs_seamless,False
turbine_1,2026-01-13 06:00:00+00:00,48,0.6391516257418696,0.6391516257418696,False,False,0.6262933138116155,8.64,5.7,2026-01-11 19:00:00+00:00,35.0,2026-01-11 22:00:00,2026-01-12T00:00:00+05:00,fcb07f16ccece23161bc94ceaf6ecd81a18af4225f69358cddb00b063e3d484e,gfs_seamless,False
turbine_1,2026-01-13 07:00:00+00:00,48,0.80621664724959,0.80621664724959,False,False,0.7641137370753323,9.68,6.4,2026-01-11 19:00:00+00:00,36.0,2026-01-11 22:00:00,2026-01-12T00:00:00+05:00,fcb07f16ccece23161bc94ceaf6ecd81a18af4225f69358cddb00b063e3d484e,gfs_seamless,False
turbine_1,2026-01-13 08:00:00+00:00,48,0.9179981233619111,0.9179981233619111,False,False,0.8927965043695381,10.53,7.0,2026-01-11 19:00:00+00:00,37.0,2026-01-11 22:00:00,2026-01-12T00:00:00+05:00,fcb07f16ccece23161bc94ceaf6ecd81a18af4225f69358cddb00b063e3d484e,gfs_seamless,False
turbine_1,2026-01-13 09:00:00+00:00,48,0.9735828604784377,0.9735828604784377,False,False,0.9378574561403509,11.2,6.9,2026-01-11 19:00:00+00:00,38.0,2026-01-11 22:00:00,2026-01-12T00:00:00+05:00,fcb07f16ccece23161bc94ceaf6ecd81a18af4225f69358cddb00b063e3d484e,gfs_seamless,False
turbine_1,2026-01-13 10:00:00+00:00,48,0.9767969984176281,0.9767969984176281,False,False,0.960176170607325,11.63,6.1,2026-01-11 19:00:00+00:00,39.0,2026-01-11 22:00:00,2026-01-12T00:00:00+05:00,fcb07f16ccece23161bc94ceaf6ecd81a18af4225f69358cddb00b063e3d484e,gfs_seamless,False
turbine_1,2026-01-13 11:00:00+00:00,48,0.9811045701394223,0.9811045701394223,False,False,0.9653976311336716,13.55,4.7,2026-01-11 19:00:00+00:00,40.0,2026-01-11 22:00:00,2026-01-12T00:00:00+05:00,fcb07f16ccece23161bc94ceaf6ecd81a18af4225f69358cddb00b063e3d484e,gfs_seamless,False
turbine_1,2026-01-13 12:00:00+00:00,48,0.9980196866279298,0.9980196866279298,False,False,0.9650781249999999,15.05,3.6,2026-01-11 19:00:00+00:00,41.0,2026-01-11 22:00:00,2026-01-12T00:00:00+05:00,fcb07f16ccece23161bc94ceaf6ecd81a18af4225f69358cddb00b063e3d484e,gfs_seamless,False
turbine_1,2026-01-13 13:00:00+00:00,48,0.9768972418333953,0.9768972418333953,False,False,0.9650781249999999,15.08,3.0,2026-01-11 19:00:00+00:00,42.0,2026-01-11 22:00:00,2026-01-12T00:00:00+05:00,fcb07f16ccece23161bc94ceaf6ecd81a18af4225f69358cddb00b063e3d484e,gfs_seamless,False
turbine_1,2026-01-13 14:00:00+00:00,48,0.98849350198872,0.98849350198872,False,False,0.9681453634085212,14.41,2.4,2026-01-11 19:00:00+00:00,43.0,2026-01-11 22:00:00,2026-01-12T00:00:00+05:00,fcb07f16ccece23161bc94ceaf6ecd81a18af4225f69358cddb00b063e3d484e,gfs_seamless,False
turbine_1,2026-01-13 15:00:00+00:00,48,0.9867092915117446,0.9867092915117446,False,False,0.9653976311336716,13.57,1.8,2026-01-11 19:00:00+00:00,44.0,2026-01-11 22:00:00,2026-01-12T00:00:00+05:00,fcb07f16ccece23161bc94ceaf6ecd81a18af4225f69358cddb00b063e3d484e,gfs_seamless,False
turbine_1,2026-01-13 16:00:00+00:00,48,0.9905632280573776,0.9905632280573776,False,False,0.9669064191802009,12.57,1.2,2026-01-11 19:00:00+00:00,45.0,2026-01-11 22:00:00,2026-01-12T00:00:00+05:00,fcb07f16ccece23161bc94ceaf6ecd81a18af4225f69358cddb00b063e3d484e,gfs_seamless,False
turbine_1,2026-01-13 17:00:00+00:00,48,0.9841509727013525,0.9841509727013525,False,False,0.960176170607325,11.51,0.7,2026-01-11 19:00:00+00:00,46.0,2026-01-11 22:00:00,2026-01-12T00:00:00+05:00,fcb07f16ccece23161bc94ceaf6ecd81a18af4225f69358cddb00b063e3d484e,gfs_seamless,False
turbine_1,2026-01-13 18:00:00+00:00,48,0.940708354639862,0.940708354639862,False,False,0.8927965043695381,10.83,0.4,2026-01-11 19:00:00+00:00,47.0,2026-01-11 22:00:00,2026-01-12T00:00:00+05:00,fcb07f16ccece23161bc94ceaf6ecd81a18af4225f69358cddb00b063e3d484e,gfs_seamless,False
turbine_1,2026-01-13 19:00:00+00:00,48,0.9290895520235839,0.9290895520235839,False,False,0.8927965043695381,10.57,0.1,2026-01-11 19:00:00+00:00,48.0,2026-01-11 22:00:00,2026-01-12T00:00:00+05:00,fcb07f16ccece23161bc94ceaf6ecd81a18af4225f69358cddb00b063e3d484e,gfs_seamless,False
turbine_2,2026-01-11 20:00:00+00:00,24,0.12364219988446717,0.12364219988446717,False,False,0.1893503511615343,5.57,0.1,2026-01-11 19:00:00+00:00,1.0,2026-01-11 22:00:00,2026-01-12T00:00:00+05:00,67e65e8a7d571cdd690ea3ba14335ece57cec3b6a0fdf759cb9cea4f04945315,gfs_seamless,False
turbine_2,2026-01-11 21:00:00+00:00,24,0.03024178937073041,0.03024178937073041,False,False,0.07938995618469835,4.06,-0.0,2026-01-11 19:00:00+00:00,2.0,2026-01-11 22:00:00,2026-01-12T00:00:00+05:00,67e65e8a7d571cdd690ea3ba14335ece57cec3b6a0fdf759cb9cea4f04945315,gfs_seamless,False
turbine_2,2026-01-11 22:00:00+00:00,24,0.016493696020944974,0.016493696020944974,False,False,0.037316521176850956,3.47,-0.5,2026-01-11 19:00:00+00:00,3.0,2026-01-11 22:00:00,2026-01-12T00:00:00+05:00,67e65e8a7d571cdd690ea3ba14335ece57cec3b6a0fdf759cb9cea4f04945315,gfs_seamless,False
turbine_2,2026-01-11 23:00:00+00:00,24,0.00942781123418438,0.00942781123418438,False,False,0.014649505526468877,2.26,-0.8,2026-01-11 19:00:00+00:00,4.0,2026-01-11 22:00:00,2026-01-12T00:00:00+05:00,67e65e8a7d571cdd690ea3ba14335ece57cec3b6a0fdf759cb9cea4f04945315,gfs_seamless,False
turbine_2,2026-01-12 00:00:00+00:00,24,0.009319902438309116,0.009319902438309116,False,False,0.009705387205387205,1.3,1.1,2026-01-11 19:00:00+00:00,5.0,2026-01-11 22:00:00,2026-01-12T00:00:00+05:00,67e65e8a7d571cdd690ea3ba14335ece57cec3b6a0fdf759cb9cea4f04945315,gfs_seamless,False
turbine_2,2026-01-12 01:00:00+00:00,24,0.009319902438309116,0.009319902438309116,False,False,0.009930555555555557,0.71,1.2,2026-01-11 19:00:00+00:00,6.0,2026-01-11 22:00:00,2026-01-12T00:00:00+05:00,67e65e8a7d571cdd690ea3ba14335ece57cec3b6a0fdf759cb9cea4f04945315,gfs_seamless,False
turbine_2,2026-01-12 02:00:00+00:00,24,0.009319902438309116,0.009319902438309116,False,False,0.009930555555555557,0.6,0.5,2026-01-11 19:00:00+00:00,7.0,2026-01-11 22:00:00,2026-01-12T00:00:00+05:00,67e65e8a7d571cdd690ea3ba14335ece57cec3b6a0fdf759cb9cea4f04945315,gfs_seamless,False
turbine_2,2026-01-12 03:00:00+00:00,24,0.00904448099542899,0.00904448099542899,False,False,0.009705387205387205,1.27,1.9,2026-01-11 19:00:00+00:00,8.0,2026-01-11 22:00:00,2026-01-12T00:00:00+05:00,67e65e8a7d571cdd690ea3ba14335ece57cec3b6a0fdf759cb9cea4f04945315,gfs_seamless,False
turbine_2,2026-01-12 04:00:00+00:00,24,0.018501437541216807,0.018501437541216807,False,False,0.037316521176850956,3.03,3.3,2026-01-11 19:00:00+00:00,9.0,2026-01-11 22:00:00,2026-01-12T00:00:00+05:00,67e65e8a7d571cdd690ea3ba14335ece57cec3b6a0fdf759cb9cea4f04945315,gfs_seamless,False
turbine_2,2026-01-12 05:00:00+00:00,24,0.019787811577151097,0.019787811577151097,False,False,0.037316521176850956,3.49,4.6,2026-01-11 19:00:00+00:00,10.0,2026-01-11 22:00:00,2026-01-12T00:00:00+05:00,67e65e8a7d571cdd690ea3ba14335ece57cec3b6a0fdf759cb9cea4f04945315,gfs_seamless,False
turbine_2,2026-01-12 06:00:00+00:00,24,0.009232940558008067,0.009232940558008067,False,False,0.009930555555555557,0.61,6.4,2026-01-11 19:00:00+00:00,11.0,2026-01-11 22:00:00,2026-01-12T00:00:00+05:00,67e65e8a7d571cdd690ea3ba14335ece57cec3b6a0fdf759cb9cea4f04945315,gfs_seamless,False
turbine_2,2026-01-12 07:00:00+00:00,24,0.01937028855820571,0.01937028855820571,False,False,0.037316521176850956,3.01,7.1,2026-01-11 19:00:00+00:00,12.0,2026-01-11 22:00:00,2026-01-12T00:00:00+05:00,67e65e8a7d571cdd690ea3ba14335ece57cec3b6a0fdf759cb9cea4f04945315,gfs_seamless,False
turbine_2,2026-01-12 08:00:00+00:00,24,0.03634052614717736,0.03634052614717736,False,False,0.05572053165442462,3.7,8.0,2026-01-11 19:00:00+00:00,13.0,2026-01-11 22:00:00,2026-01-12T00:00:00+05:00,67e65e8a7d571cdd690ea3ba14335ece57cec3b6a0fdf759cb9cea4f04945315,gfs_seamless,False
turbine_2,2026-01-12 09:00:00+00:00,24,0.046556267696677464,0.046556267696677464,False,False,0.05572053165442462,3.91,8.1,2026-01-11 19:00:00+00:00,14.0,2026-01-11 22:00:00,2026-01-12T00:00:00+05:00,67e65e8a7d571cdd690ea3ba14335ece57cec3b6a0fdf759cb9cea4f04945315,gfs_seamless,False
turbine_2,2026-01-12 10:00:00+00:00,24,0.02800999942755951,0.02800999942755951,False,False,0.037316521176850956,3.42,7.4,2026-01-11 19:00:00+00:00,15.0,2026-01-11 22:00:00,2026-01-12T00:00:00+05:00,67e65e8a7d571cdd690ea3ba14335ece57cec3b6a0fdf759cb9cea4f04945315,gfs_seamless,False
turbine_2,2026-01-12 11:00:00+00:00,24,0.02588917035110108,0.02588917035110108,False,False,0.05572053165442462,3.51,6.6,2026-01-11 19:00:00+00:00,16.0,2026-01-11 22:00:00,2026-01-12T00:00:00+05:00,67e65e8a7d571cdd690ea3ba14335ece57cec3b6a0fdf759cb9cea4f04945315,gfs_seamless,False
turbine_2,2026-01-12 12:00:00+00:00,24,0.5792342250422788,0.5792342250422788,False,False,0.6156345980126467,8.61,5.9,2026-01-11 19:00:00+00:00,17.0,2026-01-11 22:00:00,2026-01-12T00:00:00+05:00,67e65e8a7d571cdd690ea3ba14335ece57cec3b6a0fdf759cb9cea4f04945315,gfs_seamless,False
turbine_2,2026-01-12 13:00:00+00:00,24,0.29312074704341273,0.29312074704341273,False,False,0.31446601941747576,6.71,5.3,2026-01-11 19:00:00+00:00,18.0,2026-01-11 22:00:00,2026-01-12T00:00:00+05:00,67e65e8a7d571cdd690ea3ba14335ece57cec3b6a0fdf759cb9cea4f04945315,gfs_seamless,False
turbine_2,2026-01-12 14:00:00+00:00,24,0.19533721262726453,0.19533721262726453,False,False,0.24725190839694655,6.02,4.9,2026-01-11 19:00:00+00:00,19.0,2026-01-11 22:00:00,2026-01-12T00:00:00+05:00,67e65e8a7d571cdd690ea3ba14335ece57cec3b6a0fdf759cb9cea4f04945315,gfs_seamless,False
turbine_2,2026-01-12 15:00:00+00:00,24,0.07435725165560365,0.07435725165560365,False,False,0.10637109254100897,4.64,5.0,2026-01-11 19:00:00+00:00,20.0,2026-01-11 22:00:00,2026-01-12T00:00:00+05:00,67e65e8a7d571cdd690ea3ba14335ece57cec3b6a0fdf759cb9cea4f04945315,gfs_seamless,False
turbine_2,2026-01-12 16:00:00+00:00,24,0.03989469622773996,0.03989469622773996,False,False,0.05572053165442462,3.98,5.1,2026-01-11 19:00:00+00:00,21.0,2026-01-11 22:00:00,2026-01-12T00:00:00+05:00,67e65e8a7d571cdd690ea3ba14335ece57cec3b6a0fdf759cb9cea4f04945315,gfs_seamless,False
turbine_2,2026-01-12 17:00:00+00:00,24,0.009361766217977527,0.009361766217977527,False,False,0.009705387205387205,1.3,3.6,2026-01-11 19:00:00+00:00,22.0,2026-01-11 22:00:00,2026-01-12T00:00:00+05:00,67e65e8a7d571cdd690ea3ba14335ece57cec3b6a0fdf759cb9cea4f04945315,gfs_seamless,False
turbine_2,2026-01-12 18:00:00+00:00,24,0.011564598987574282,0.011564598987574282,False,False,0.01,0.41,3.3,2026-01-11 19:00:00+00:00,23.0,2026-01-11 22:00:00,2026-01-12T00:00:00+05:00,67e65e8a7d571cdd690ea3ba14335ece57cec3b6a0fdf759cb9cea4f04945315,gfs_seamless,False
turbine_2,2026-01-12 19:00:00+00:00,24,0.008797968061769091,0.008797968061769091,False,False,0.009930555555555557,0.95,2.7,2026-01-11 19:00:00+00:00,24.0,2026-01-11 22:00:00,2026-01-12T00:00:00+05:00,67e65e8a7d571cdd690ea3ba14335ece57cec3b6a0fdf759cb9cea4f04945315,gfs_seamless,False
turbine_2,2026-01-12 20:00:00+00:00,48,0.009149932546962463,0.009149932546962463,False,False,0.009705387205387205,1.42,4.7,2026-01-11 19:00:00+00:00,25.0,2026-01-11 22:00:00,2026-01-12T00:00:00+05:00,67e65e8a7d571cdd690ea3ba14335ece57cec3b6a0fdf759cb9cea4f04945315,gfs_seamless,False
turbine_2,2026-01-12 21:00:00+00:00,48,0.010057692003600164,0.010057692003600164,False,False,0.010135265700483091,1.8,5.6,2026-01-11 19:00:00+00:00,26.0,2026-01-11 22:00:00,2026-01-12T00:00:00+05:00,67e65e8a7d571cdd690ea3ba14335ece57cec3b6a0fdf759cb9cea4f04945315,gfs_seamless,False
turbine_2,2026-01-12 22:00:00+00:00,48,0.09954792730862834,0.09954792730862834,False,False,0.14419587945879458,5.01,5.1,2026-01-11 19:00:00+00:00,27.0,2026-01-11 22:00:00,2026-01-12T00:00:00+05:00,67e65e8a7d571cdd690ea3ba14335ece57cec3b6a0fdf759cb9cea4f04945315,gfs_seamless,False
turbine_2,2026-01-12 23:00:00+00:00,48,0.3525175918019487,0.3525175918019487,False,False,0.3891158438205873,7.04,3.3,2026-01-11 19:00:00+00:00,28.0,2026-01-11 22:00:00,2026-01-12T00:00:00+05:00,67e65e8a7d571cdd690ea3ba14335ece57cec3b6a0fdf759cb9cea4f04945315,gfs_seamless,False
turbine_2,2026-01-13 00:00:00+00:00,48,0.02392035046211101,0.02392035046211101,False,False,0.05572053165442462,3.71,3.5,2026-01-11 19:00:00+00:00,29.0,2026-01-11 22:00:00,2026-01-12T00:00:00+05:00,67e65e8a7d571cdd690ea3ba14335ece57cec3b6a0fdf759cb9cea4f04945315,gfs_seamless,False
turbine_2,2026-01-13 01:00:00+00:00,48,0.008797968061769091,0.008797968061769091,False,False,0.009705387205387205,1.24,2.8,2026-01-11 19:00:00+00:00,30.0,2026-01-11 22:00:00,2026-01-12T00:00:00+05:00,67e65e8a7d571cdd690ea3ba14335ece57cec3b6a0fdf759cb9cea4f04945315,gfs_seamless,False
turbine_2,2026-01-13 02:00:00+00:00,48,0.013129349954626326,0.013129349954626326,False,False,0.024097732843137255,2.66,1.7,2026-01-11 19:00:00+00:00,31.0,2026-01-11 22:00:00,2026-01-12T00:00:00+05:00,67e65e8a7d571cdd690ea3ba14335ece57cec3b6a0fdf759cb9cea4f04945315,gfs_seamless,False
turbine_2,2026-01-13 03:00:00+00:00,48,0.03972394705500889,0.03972394705500889,False,False,0.07938995618469835,4.08,2.4,2026-01-11 19:00:00+00:00,32.0,2026-01-11 22:00:00,2026-01-12T00:00:00+05:00,67e65e8a7d571cdd690ea3ba14335ece57cec3b6a0fdf759cb9cea4f04945315,gfs_seamless,False
turbine_2,2026-01-13 04:00:00+00:00,48,0.07152168819767582,0.07152168819767582,False,False,0.10637109254100897,4.68,4.2,2026-01-11 19:00:00+00:00,33.0,2026-01-11 22:00:00,2026-01-12T00:00:00+05:00,67e65e8a7d571cdd690ea3ba14335ece57cec3b6a0fdf759cb9cea4f04945315,gfs_seamless,False
turbine_2,2026-01-13 05:00:00+00:00,48,0.12063635458694764,0.12063635458694764,False,False,0.14419587945879458,5.28,5.6,2026-01-11 19:00:00+00:00,34.0,2026-01-11 22:00:00,2026-01-12T00:00:00+05:00,67e65e8a7d571cdd690ea3ba14335ece57cec3b6a0fdf759cb9cea4f04945315,gfs_seamless,False
turbine_2,2026-01-13 06:00:00+00:00,48,0.6052924626817426,0.6052924626817426,False,False,0.6156345980126467,8.64,5.7,2026-01-11 19:00:00+00:00,35.0,2026-01-11 22:00:00,2026-01-12T00:00:00+05:00,67e65e8a7d571cdd690ea3ba14335ece57cec3b6a0fdf759cb9cea4f04945315,gfs_seamless,False
turbine_2,2026-01-13 07:00:00+00:00,48,0.6065761624252508,0.6065761624252508,False,False,0.7525520833333333,9.68,6.4,2026-01-11 19:00:00+00:00,36.0,2026-01-11 22:00:00,2026-01-12T00:00:00+05:00,67e65e8a7d571cdd690ea3ba14335ece57cec3b6a0fdf759cb9cea4f04945315,gfs_seamless,False
turbine_2,2026-01-13 08:00:00+00:00,48,0.9061883429778433,0.9061883429778433,False,False,0.8846255144032922,10.53,7.0,2026-01-11 19:00:00+00:00,37.0,2026-01-11 22:00:00,2026-01-12T00:00:00+05:00,67e65e8a7d571cdd690ea3ba14335ece57cec3b6a0fdf759cb9cea4f04945315,gfs_seamless,False
turbine_2,2026-01-13 09:00:00+00:00,48,0.9476415522574478,0.9476415522574478,False,False,0.925302677532014,11.2,6.9,2026-01-11 19:00:00+00:00,38.0,2026-01-11 22:00:00,2026-01-12T00:00:00+05:00,67e65e8a7d571cdd690ea3ba14335ece57cec3b6a0fdf759cb9cea4f04945315,gfs_seamless,False
turbine_2,2026-01-13 10:00:00+00:00,48,0.951934169896876,0.951934169896876,False,False,0.9521050347222223,11.63,6.1,2026-01-11 19:00:00+00:00,39.0,2026-01-11 22:00:00,2026-01-12T00:00:00+05:00,67e65e8a7d571cdd690ea3ba14335ece57cec3b6a0fdf759cb9cea4f04945315,gfs_seamless,False
turbine_2,2026-01-13 11:00:00+00:00,48,0.9826486897281957,0.9826486897281957,False,False,0.9608080808080809,13.55,4.7,2026-01-11 19:00:00+00:00,40.0,2026-01-11 22:00:00,2026-01-12T00:00:00+05:00,67e65e8a7d571cdd690ea3ba14335ece57cec3b6a0fdf759cb9cea4f04945315,gfs_seamless,False
turbine_2,2026-01-13 12:00:00+00:00,48,0.951151284909039,0.951151284909039,False,False,0.9496153846153847,15.05,3.6,2026-01-11 19:00:00+00:00,41.0,2026-01-11 22:00:00,2026-01-12T00:00:00+05:00,67e65e8a7d571cdd690ea3ba14335ece57cec3b6a0fdf759cb9cea4f04945315,gfs_seamless,False
turbine_2,2026-01-13 13:00:00+00:00,48,0.9521013505953566,0.9521013505953566,False,False,0.9496153846153847,15.08,3.0,2026-01-11 19:00:00+00:00,42.0,2026-01-11 22:00:00,2026-01-12T00:00:00+05:00,67e65e8a7d571cdd690ea3ba14335ece57cec3b6a0fdf759cb9cea4f04945315,gfs_seamless,False
turbine_2,2026-01-13 14:00:00+00:00,48,0.9727736017019644,0.9727736017019644,False,False,0.9600239808153477,14.41,2.4,2026-01-11 19:00:00+00:00,43.0,2026-01-11 22:00:00,2026-01-12T00:00:00+05:00,67e65e8a7d571cdd690ea3ba14335ece57cec3b6a0fdf759cb9cea4f04945315,gfs_seamless,False
turbine_2,2026-01-13 15:00:00+00:00,48,0.9736786120585655,0.9736786120585655,False,False,0.9608080808080809,13.57,1.8,2026-01-11 19:00:00+00:00,44.0,2026-01-11 22:00:00,2026-01-12T00:00:00+05:00,67e65e8a7d571cdd690ea3ba14335ece57cec3b6a0fdf759cb9cea4f04945315,gfs_seamless,False
turbine_2,2026-01-13 16:00:00+00:00,48,0.9786072983494769,0.9786072983494769,False,False,0.9628097193702942,12.57,1.2,2026-01-11 19:00:00+00:00,45.0,2026-01-11 22:00:00,2026-01-12T00:00:00+05:00,67e65e8a7d571cdd690ea3ba14335ece57cec3b6a0fdf759cb9cea4f04945315,gfs_seamless,False
turbine_2,2026-01-13 17:00:00+00:00,48,0.9680579852916921,0.9680579852916921,False,False,0.9521050347222223,11.51,0.7,2026-01-11 19:00:00+00:00,46.0,2026-01-11 22:00:00,2026-01-12T00:00:00+05:00,67e65e8a7d571cdd690ea3ba14335ece57cec3b6a0fdf759cb9cea4f04945315,gfs_seamless,False
turbine_2,2026-01-13 18:00:00+00:00,48,0.9322522353912982,0.9322522353912982,False,False,0.8846255144032922,10.83,0.4,2026-01-11 19:00:00+00:00,47.0,2026-01-11 22:00:00,2026-01-12T00:00:00+05:00,67e65e8a7d571cdd690ea3ba14335ece57cec3b6a0fdf759cb9cea4f04945315,gfs_seamless,False
turbine_2,2026-01-13 19:00:00+00:00,48,0.9105191895812402,0.9105191895812402,False,False,0.8846255144032922,10.57,0.1,2026-01-11 19:00:00+00:00,48.0,2026-01-11 22:00:00,2026-01-12T00:00:00+05:00,67e65e8a7d571cdd690ea3ba14335ece57cec3b6a0fdf759cb9cea4f04945315,gfs_seamless,False
turbine_1,2026-01-12 20:00:00+00:00,24,0.013247774367280366,0.013247774367280366,False,False,0.016071428571428573,2.47,3.7,2026-01-12 19:00:00+00:00,1.0,2026-01-12 22:00:00,2026-01-13T00:00:00+05:00,2433c243b1514bed816b03e2939d4d14c7ff63a0c78a57acae4de3a621f8ed40,gfs_seamless,False
turbine_1,2026-01-12 21:00:00+00:00,24,0.00979236595938854,0.00979236595938854,False,False,0.01,0.28,2.2,2026-01-12 19:00:00+00:00,2.0,2026-01-12 22:00:00,2026-01-13T00:00:00+05:00,2433c243b1514bed816b03e2939d4d14c7ff63a0c78a57acae4de3a621f8ed40,gfs_seamless,False
turbine_1,2026-01-12 22:00:00+00:00,24,0.01584204676007087,0.01584204676007087,False,False,0.02535218253968254,2.6,2.2,2026-01-12 19:00:00+00:00,3.0,2026-01-12 22:00:00,2026-01-13T00:00:00+05:00,2433c243b1514bed816b03e2939d4d14c7ff63a0c78a57acae4de3a621f8ed40,gfs_seamless,False
turbine_1,2026-01-12 23:00:00+00:00,24,0.11672194991471752,0.11672194991471752,False,False,0.1500159337157425,5.13,2.0,2026-01-12 19:00:00+00:00,4.0,2026-01-12 22:00:00,2026-01-13T00:00:00+05:00,2433c243b1514bed816b03e2939d4d14c7ff63a0c78a57acae4de3a621f8ed40,gfs_seamless,False
turbine_1,2026-01-13 00:00:00+00:00,24,0.009577550457600531,0.009577550457600531,False,False,0.01,0.4,1.2,2026-01-12 19:00:00+00:00,5.0,2026-01-12 22:00:00,2026-01-13T00:00:00+05:00,2433c243b1514bed816b03e2939d4d14c7ff63a0c78a57acae4de3a621f8ed40,gfs_seamless,False
turbine_1,2026-01-13 01:00:00+00:00,24,0.009577550457600531,0.009577550457600531,False,False,0.011038088125466767,1.53,1.2,2026-01-12 19:00:00+00:00,6.0,2026-01-12 22:00:00,2026-01-13T00:00:00+05:00,2433c243b1514bed816b03e2939d4d14c7ff63a0c78a57acae4de3a621f8ed40,gfs_seamless,False
turbine_1,2026-01-13 02:00:00+00:00,24,0.023188226547706314,0.023188226547706314,False,False,0.040390792291220556,3.24,1.4,2026-01-12 19:00:00+00:00,7.0,2026-01-12 22:00:00,2026-01-13T00:00:00+05:00,2433c243b1514bed816b03e2939d4d14c7ff63a0c78a57acae4de3a621f8ed40,gfs_seamless,False
turbine_1,2026-01-13 03:00:00+00:00,24,0.10580344958739873,0.10580344958739873,False,False,0.1500159337157425,5.0,2.1,2026-01-12 19:00:00+00:00,8.0,2026-01-12 22:00:00,2026-01-13T00:00:00+05:00,2433c243b1514bed816b03e2939d4d14c7ff63a0c78a57acae4de3a621f8ed40,gfs_seamless,False
turbine_1,2026-01-13 04:00:00+00:00,24,0.29677523299724234,0.29677523299724234,False,False,0.32580314009661837,6.57,3.7,2026-01-12 19:00:00+00:00,9.0,2026-01-12 22:00:00,2026-01-13T00:00:00+05:00,2433c243b1514bed816b03e2939d4d14c7ff63a0c78a57acae4de3a621f8ed40,gfs_seamless,False
turbine_1,2026-01-13 05:00:00+00:00,24,0.5102219774648472,0.5102219774648472,False,False,0.4759448818897638,7.79,4.4,2026-01-12 19:00:00+00:00,10.0,2026-01-12 22:00:00,2026-01-13T00:00:00+05:00,2433c243b1514bed816b03e2939d4d14c7ff63a0c78a57acae4de3a621f8ed40,gfs_seamless,False
turbine_1,2026-01-13 06:00:00+00:00,24,0.6733750693027694,0.6733750693027694,False,False,0.6262933138116155,8.76,6.0,2026-01-12 19:00:00+00:00,11.0,2026-01-12 22:00:00,2026-01-13T00:00:00+05:00,2433c243b1514bed816b03e2939d4d14c7ff63a0c78a57acae4de3a621f8ed40,gfs_seamless,False
turbine_1,2026-01-13 07:00:00+00:00,24,0.7347276310062202,0.7347276310062202,False,False,0.694887048192771,9.3,6.8,2026-01-12 19:00:00+00:00,12.0,2026-01-12 22:00:00,2026-01-13T00:00:00+05:00,2433c243b1514bed816b03e2939d4d14c7ff63a0c78a57acae4de3a621f8ed40,gfs_seamless,False
turbine_1,2026-01-13 08:00:00+00:00,24,0.7761535247370035,0.7761535247370035,False,False,0.8301022222222223,10.01,7.2,2026-01-12 19:00:00+00:00,13.0,2026-01-12 22:00:00,2026-01-13T00:00:00+05:00,2433c243b1514bed816b03e2939d4d14c7ff63a0c78a57acae4de3a621f8ed40,gfs_seamless,False
turbine_1,2026-01-13 09:00:00+00:00,24,0.9501154976966392,0.9501154976966392,False,False,0.8927965043695381,10.92,6.9,2026-01-12 19:00:00+00:00,14.0,2026-01-12 22:00:00,2026-01-13T00:00:00+05:00,2433c243b1514bed816b03e2939d4d14c7ff63a0c78a57acae4de3a621f8ed40,gfs_seamless,False
turbine_1,2026-01-13 10:00:00+00:00,24,0.9765119553097429,0.9765119553097429,False,False,0.960176170607325,11.94,5.9,2026-01-12 19:00:00+00:00,15.0,2026-01-12 22:00:00,2026-01-13T00:00:00+05:00,2433c243b1514bed816b03e2939d4d14c7ff63a0c78a57acae4de3a621f8ed40,gfs_seamless,False
turbine_1,2026-01-13 11:00:00+00:00,24,0.9912754743047807,0.9912754743047807,False,False,0.9769763513513514,13.46,4.4,2026-01-12 19:00:00+00:00,16.0,2026-01-12 22:00:00,2026-01-13T00:00:00+05:00,2433c243b1514bed816b03e2939d4d14c7ff63a0c78a57acae4de3a621f8ed40,gfs_seamless,False
turbine_1,2026-01-13 12:00:00+00:00,24,0.9981076125652041,0.9981076125652041,False,False,0.9650781249999999,15.08,3.7,2026-01-12 19:00:00+00:00,17.0,2026-01-12 22:00:00,2026-01-13T00:00:00+05:00,2433c243b1514bed816b03e2939d4d14c7ff63a0c78a57acae4de3a621f8ed40,gfs_seamless,False
turbine_1,2026-01-13 13:00:00+00:00,24,0.9881158204471736,0.9881158204471736,False,False,0.961047619047619,14.68,3.1,2026-01-12 19:00:00+00:00,18.0,2026-01-12 22:00:00,2026-01-13T00:00:00+05:00,2433c243b1514bed816b03e2939d4d14c7ff63a0c78a57acae4de3a621f8ed40,gfs_seamless,False
turbine_1,2026-01-13 14:00:00+00:00,24,0.9945985498051548,0.9945985498051548,False,False,0.9653976311336716,13.85,2.4,2026-01-12 19:00:00+00:00,19.0,2026-01-12 22:00:00,2026-01-13T00:00:00+05:00,2433c243b1514bed816b03e2939d4d14c7ff63a0c78a57acae4de3a621f8ed40,gfs_seamless,False
turbine_1,2026-01-13 15:00:00+00:00,24,0.9921560693936787,0.9921560693936787,False,False,0.9769763513513514,13.16,1.8,2026-01-12 19:00:00+00:00,20.0,2026-01-12 22:00:00,2026-01-13T00:00:00+05:00,2433c243b1514bed816b03e2939d4d14c7ff63a0c78a57acae4de3a621f8ed40,gfs_seamless,False
turbine_1,2026-01-13 16:00:00+00:00,24,0.9830475961692469,0.9830475961692469,False,False,0.960176170607325,11.72,1.2,2026-01-12 19:00:00+00:00,21.0,2026-01-12 22:00:00,2026-01-13T00:00:00+05:00,2433c243b1514bed816b03e2939d4d14c7ff63a0c78a57acae4de3a621f8ed40,gfs_seamless,False
turbine_1,2026-01-13 17:00:00+00:00,24,0.9276277542419171,0.9276277542419171,False,False,0.8927965043695381,10.66,0.6,2026-01-12 19:00:00+00:00,22.0,2026-01-12 22:00:00,2026-01-13T00:00:00+05:00,2433c243b1514bed816b03e2939d4d14c7ff63a0c78a57acae4de3a621f8ed40,gfs_seamless,False
turbine_1,2026-01-13 18:00:00+00:00,24,0.8970464635907021,0.8970464635907021,False,False,0.8301022222222223,10.43,0.4,2026-01-12 19:00:00+00:00,23.0,2026-01-12 22:00:00,2026-01-13T00:00:00+05:00,2433c243b1514bed816b03e2939d4d14c7ff63a0c78a57acae4de3a621f8ed40,gfs_seamless,False
turbine_1,2026-01-13 19:00:00+00:00,24,0.9052684782758171,0.9052684782758171,False,False,0.8301022222222223,10.44,0.2,2026-01-12 19:00:00+00:00,24.0,2026-01-12 22:00:00,2026-01-13T00:00:00+05:00,2433c243b1514bed816b03e2939d4d14c7ff63a0c78a57acae4de3a621f8ed40,gfs_seamless,False
turbine_1,2026-01-13 20:00:00+00:00,48,0.8799546652462307,0.8799546652462307,False,False,0.8301022222222223,10.26,0.1,2026-01-12 19:00:00+00:00,25.0,2026-01-12 22:00:00,2026-01-13T00:00:00+05:00,2433c243b1514bed816b03e2939d4d14c7ff63a0c78a57acae4de3a621f8ed40,gfs_seamless,False
turbine_1,2026-01-13 21:00:00+00:00,48,0.8871533906384725,0.8871533906384725,False,False,0.8301022222222223,10.21,0.2,2026-01-12 19:00:00+00:00,26.0,2026-01-12 22:00:00,2026-01-13T00:00:00+05:00,2433c243b1514bed816b03e2939d4d14c7ff63a0c78a57acae4de3a621f8ed40,gfs_seamless,False
turbine_1,2026-01-13 22:00:00+00:00,48,0.8799546652462307,0.8799546652462307,False,False,0.8301022222222223,10.22,0.1,2026-01-12 19:00:00+00:00,27.0,2026-01-12 22:00:00,2026-01-13T00:00:00+05:00,2433c243b1514bed816b03e2939d4d14c7ff63a0c78a57acae4de3a621f8ed40,gfs_seamless,False
turbine_1,2026-01-13 23:00:00+00:00,48,0.8551096552293762,0.8551096552293762,False,False,0.7641137370753323,9.98,-0.3,2026-01-12 19:00:00+00:00,28.0,2026-01-12 22:00:00,2026-01-13T00:00:00+05:00,2433c243b1514bed816b03e2939d4d14c7ff63a0c78a57acae4de3a621f8ed40,gfs_seamless,False
turbine_1,2026-01-14 00:00:00+00:00,48,0.8551096552293762,0.8551096552293762,False,False,0.7641137370753323,9.98,-0.4,2026-01-12 19:00:00+00:00,29.0,2026-01-12 22:00:00,2026-01-13T00:00:00+05:00,2433c243b1514bed816b03e2939d4d14c7ff63a0c78a57acae4de3a621f8ed40,gfs_seamless,False
turbine_1,2026-01-14 01:00:00+00:00,48,0.8118921940466269,0.8118921940466269,False,False,0.7641137370753323,9.67,-0.3,2026-01-12 19:00:00+00:00,30.0,2026-01-12 22:00:00,2026-01-13T00:00:00+05:00,2433c243b1514bed816b03e2939d4d14c7ff63a0c78a57acae4de3a621f8ed40,gfs_seamless,False
turbine_1,2026-01-14 02:00:00+00:00,48,0.7207447674878588,0.7207447674878588,False,False,0.694887048192771,9.18,-0.6,2026-01-12 19:00:00+00:00,31.0,2026-01-12 22:00:00,2026-01-13T00:00:00+05:00,2433c243b1514bed816b03e2939d4d14c7ff63a0c78a57acae4de3a621f8ed40,gfs_seamless,False
turbine_1,2026-01-14 03:00:00+00:00,48,0.6444158260129013,0.6444158260129013,False,False,0.6262933138116155,8.6,-0.3,2026-01-12 19:00:00+00:00,32.0,2026-01-12 22:00:00,2026-01-13T00:00:00+05:00,2433c243b1514bed816b03e2939d4d14c7ff63a0c78a57acae4de3a621f8ed40,gfs_seamless,False
turbine_1,2026-01-14 04:00:00+00:00,48,0.49949271966943504,0.49949271966943504,False,False,0.4759448818897638,7.75,0.9,2026-01-12 19:00:00+00:00,33.0,2026-01-12 22:00:00,2026-01-13T00:00:00+05:00,2433c243b1514bed816b03e2939d4d14c7ff63a0c78a57acae4de3a621f8ed40,gfs_seamless,False
turbine_1,2026-01-14 05:00:00+00:00,48,0.4330184173053673,0.4330184173053673,False,False,0.39900351887396035,7.42,1.8,2026-01-12 19:00:00+00:00,34.0,2026-01-12 22:00:00,2026-01-13T00:00:00+05:00,2433c243b1514bed816b03e2939d4d14c7ff63a0c78a57acae4de3a621f8ed40,gfs_seamless,False
turbine_1,2026-01-14 06:00:00+00:00,48,0.3752406286094756,0.3752406286094756,False,False,0.32580314009661837,6.98,3.1,2026-01-12 19:00:00+00:00,35.0,2026-01-12 22:00:00,2026-01-13T00:00:00+05:00,2433c243b1514bed816b03e2939d4d14c7ff63a0c78a57acae4de3a621f8ed40,gfs_seamless,False
turbine_1,2026-01-14 07:00:00+00:00,48,0.164379855683163,0.164379855683163,False,False,0.19647238412434084,5.57,4.1,2026-01-12 19:00:00+00:00,36.0,2026-01-12 22:00:00,2026-01-13T00:00:00+05:00,2433c243b1514bed816b03e2939d4d14c7ff63a0c78a57acae4de3a621f8ed40,gfs_seamless,False
turbine_1,2026-01-14 08:00:00+00:00,48,0.0423435065826219,0.0423435065826219,False,False,0.05855112587670728,3.96,4.6,2026-01-12 19:00:00+00:00,37.0,2026-01-12 22:00:00,2026-01-13T00:00:00+05:00,2433c243b1514bed816b03e2939d4d14c7ff63a0c78a57acae4de3a621f8ed40,gfs_seamless,False
turbine_1,2026-01-14 09:00:00+00:00,48,0.01319375323697045,0.01319375323697045,False,False,0.016071428571428573,2.42,4.9,2026-01-12 19:00:00+00:00,38.0,2026-01-12 22:00:00,2026-01-13T00:00:00+05:00,2433c243b1514bed816b03e2939d4d14c7ff63a0c78a57acae4de3a621f8ed40,gfs_seamless,False
turbine_1,2026-01-14 10:00:00+00:00,48,0.009881776308507072,0.009881776308507072,False,False,0.009960869565217391,1.46,4.6,2026-01-12 19:00:00+00:00,39.0,2026-01-12 22:00:00,2026-01-13T00:00:00+05:00,2433c243b1514bed816b03e2939d4d14c7ff63a0c78a57acae4de3a621f8ed40,gfs_seamless,False
turbine_1,2026-01-14 11:00:00+00:00,48,0.010029923803478821,0.010029923803478821,False,False,0.009988925802879292,0.71,2.7,2026-01-12 19:00:00+00:00,40.0,2026-01-12 22:00:00,2026-01-13T00:00:00+05:00,2433c243b1514bed816b03e2939d4d14c7ff63a0c78a57acae4de3a621f8ed40,gfs_seamless,False
turbine_1,2026-01-14 12:00:00+00:00,48,0.009413697052030273,0.009413697052030273,False,False,0.01,0.14,0.8,2026-01-12 19:00:00+00:00,41.0,2026-01-12 22:00:00,2026-01-13T00:00:00+05:00,2433c243b1514bed816b03e2939d4d14c7ff63a0c78a57acae4de3a621f8ed40,gfs_seamless,False
turbine_1,2026-01-14 13:00:00+00:00,48,0.009577550457600531,0.009577550457600531,False,False,0.009988925802879292,0.71,1.0,2026-01-12 19:00:00+00:00,42.0,2026-01-12 22:00:00,2026-01-13T00:00:00+05:00,2433c243b1514bed816b03e2939d4d14c7ff63a0c78a57acae4de3a621f8ed40,gfs_seamless,False
turbine_1,2026-01-14 14:00:00+00:00,48,0.009577550457600531,0.009577550457600531,False,False,0.009960869565217391,1.36,1.0,2026-01-12 19:00:00+00:00,43.0,2026-01-12 22:00:00,2026-01-13T00:00:00+05:00,2433c243b1514bed816b03e2939d4d14c7ff63a0c78a57acae4de3a621f8ed40,gfs_seamless,False
turbine_1,2026-01-14 15:00:00+00:00,48,0.01217356068327026,0.01217356068327026,False,False,0.016071428571428573,2.46,0.8,2026-01-12 19:00:00+00:00,44.0,2026-01-12 22:00:00,2026-01-13T00:00:00+05:00,2433c243b1514bed816b03e2939d4d14c7ff63a0c78a57acae4de3a621f8ed40,gfs_seamless,False
turbine_1,2026-01-14 16:00:00+00:00,48,0.05273281735427801,0.05273281735427801,False,False,0.08223615464994775,4.39,0.5,2026-01-12 19:00:00+00:00,45.0,2026-01-12 22:00:00,2026-01-13T00:00:00+05:00,2433c243b1514bed816b03e2939d4d14c7ff63a0c78a57acae4de3a621f8ed40,gfs_seamless,False
turbine_1,2026-01-14 17:00:00+00:00,48,0.08929690163544332,0.08929690163544332,False,False,0.1500159337157425,5.11,0.2,2026-01-12 19:00:00+00:00,46.0,2026-01-12 22:00:00,2026-01-13T00:00:00+05:00,2433c243b1514bed816b03e2939d4d14c7ff63a0c78a57acae4de3a621f8ed40,gfs_seamless,False
turbine_1,2026-01-14 18:00:00+00:00,48,0.1317141670011543,0.1317141670011543,False,False,0.19647238412434084,5.54,-0.7,2026-01-12 19:00:00+00:00,47.0,2026-01-12 22:00:00,2026-01-13T00:00:00+05:00,2433c243b1514bed816b03e2939d4d14c7ff63a0c78a57acae4de3a621f8ed40,gfs_seamless,False
turbine_1,2026-01-14 19:00:00+00:00,48,0.24688292025193534,0.24688292025193534,False,False,0.25744933920704843,6.32,-1.4,2026-01-12 19:00:00+00:00,48.0,2026-01-12 22:00:00,2026-01-13T00:00:00+05:00,2433c243b1514bed816b03e2939d4d14c7ff63a0c78a57acae4de3a621f8ed40,gfs_seamless,False
turbine_2,2026-01-12 20:00:00+00:00,24,0.011904691242860765,0.011904691242860765,False,False,0.014639953542392569,2.47,3.7,2026-01-12 19:00:00+00:00,1.0,2026-01-12 22:00:00,2026-01-13T00:00:00+05:00,3180859385eeaf56605974a4b5e96e3950017a0e501b1d85af71aae5cc95d3b4,gfs_seamless,False
turbine_2,2026-01-12 21:00:00+00:00,24,0.009670929594122642,0.009670929594122642,False,False,0.01,0.28,2.2,2026-01-12 19:00:00+00:00,2.0,2026-01-12 22:00:00,2026-01-13T00:00:00+05:00,3180859385eeaf56605974a4b5e96e3950017a0e501b1d85af71aae5cc95d3b4,gfs_seamless,False
turbine_2,2026-01-12 22:00:00+00:00,24,0.014789160345488148,0.014789160345488148,False,False,0.024097732843137255,2.6,2.2,2026-01-12 19:00:00+00:00,3.0,2026-01-12 22:00:00,2026-01-13T00:00:00+05:00,3180859385eeaf56605974a4b5e96e3950017a0e501b1d85af71aae5cc95d3b4,gfs_seamless,False
turbine_2,2026-01-12 23:00:00+00:00,24,0.10194315045239243,0.10194315045239243,False,False,0.14415821812596005,5.13,2.0,2026-01-12 19:00:00+00:00,4.0,2026-01-12 22:00:00,2026-01-13T00:00:00+05:00,3180859385eeaf56605974a4b5e96e3950017a0e501b1d85af71aae5cc95d3b4,gfs_seamless,False
turbine_2,2026-01-13 00:00:00+00:00,24,0.00959695283180289,0.00959695283180289,False,False,0.01,0.4,1.2,2026-01-12 19:00:00+00:00,5.0,2026-01-12 22:00:00,2026-01-13T00:00:00+05:00,3180859385eeaf56605974a4b5e96e3950017a0e501b1d85af71aae5cc95d3b4,gfs_seamless,False
turbine_2,2026-01-13 01:00:00+00:00,24,0.00959695283180289,0.00959695283180289,False,False,0.010135167752836108,1.53,1.2,2026-01-12 19:00:00+00:00,6.0,2026-01-12 22:00:00,2026-01-13T00:00:00+05:00,3180859385eeaf56605974a4b5e96e3950017a0e501b1d85af71aae5cc95d3b4,gfs_seamless,False
turbine_2,2026-01-13 02:00:00+00:00,24,0.01778608127491958,0.01778608127491958,False,False,0.03729166666666667,3.24,1.4,2026-01-12 19:00:00+00:00,7.0,2026-01-12 22:00:00,2026-01-13T00:00:00+05:00,3180859385eeaf56605974a4b5e96e3950017a0e501b1d85af71aae5cc95d3b4,gfs_seamless,False
turbine_2,2026-01-13 03:00:00+00:00,24,0.09041178991569827,0.09041178991569827,False,False,0.14415821812596005,5.0,2.1,2026-01-12 19:00:00+00:00,8.0,2026-01-12 22:00:00,2026-01-13T00:00:00+05:00,3180859385eeaf56605974a4b5e96e3950017a0e501b1d85af71aae5cc95d3b4,gfs_seamless,False
turbine_2,2026-01-13 04:00:00+00:00,24,0.2728472161878336,0.2728472161878336,False,False,0.3144400352733686,6.57,3.7,2026-01-12 19:00:00+00:00,9.0,2026-01-12 22:00:00,2026-01-13T00:00:00+05:00,3180859385eeaf56605974a4b5e96e3950017a0e501b1d85af71aae5cc95d3b4,gfs_seamless,False
turbine_2,2026-01-13 05:00:00+00:00,24,0.44951822019212984,0.44951822019212984,False,False,0.46024867724867724,7.79,4.4,2026-01-12 19:00:00+00:00,10.0,2026-01-12 22:00:00,2026-01-13T00:00:00+05:00,3180859385eeaf56605974a4b5e96e3950017a0e501b1d85af71aae5cc95d3b4,gfs_seamless,False
turbine_2,2026-01-13 06:00:00+00:00,24,0.5920129222838505,0.5920129222838505,False,False,0.6156450157870996,8.76,6.0,2026-01-12 19:00:00+00:00,11.0,2026-01-12 22:00:00,2026-01-13T00:00:00+05:00,3180859385eeaf56605974a4b5e96e3950017a0e501b1d85af71aae5cc95d3b4,gfs_seamless,False
turbine_2,2026-01-13 07:00:00+00:00,24,0.6823660044145788,0.6823660044145788,False,False,0.6747818871503082,9.3,6.8,2026-01-12 19:00:00+00:00,12.0,2026-01-12 22:00:00,2026-01-13T00:00:00+05:00,3180859385eeaf56605974a4b5e96e3950017a0e501b1d85af71aae5cc95d3b4,gfs_seamless,False
turbine_2,2026-01-13 08:00:00+00:00,24,0.8299404389846963,0.8299404389846963,False,False,0.8245634379263301,10.01,7.2,2026-01-12 19:00:00+00:00,13.0,2026-01-12 22:00:00,2026-01-13T00:00:00+05:00,3180859385eeaf56605974a4b5e96e3950017a0e501b1d85af71aae5cc95d3b4,gfs_seamless,False
turbine_2,2026-01-13 09:00:00+00:00,24,0.9353528815905134,0.9353528815905134,False,False,0.8846255144032922,10.92,6.9,2026-01-12 19:00:00+00:00,14.0,2026-01-12 22:00:00,2026-01-13T00:00:00+05:00,3180859385eeaf56605974a4b5e96e3950017a0e501b1d85af71aae5cc95d3b4,gfs_seamless,False
turbine_2,2026-01-13 10:00:00+00:00,24,0.9718294583621455,0.9718294583621455,False,False,0.9521050347222223,11.94,5.9,2026-01-12 19:00:00+00:00,15.0,2026-01-12 22:00:00,2026-01-13T00:00:00+05:00,3180859385eeaf56605974a4b5e96e3950017a0e501b1d85af71aae5cc95d3b4,gfs_seamless,False
turbine_2,2026-01-13 11:00:00+00:00,24,0.9788497198714727,0.9788497198714727,False,False,0.9697865853658537,13.46,4.4,2026-01-12 19:00:00+00:00,16.0,2026-01-12 22:00:00,2026-01-13T00:00:00+05:00,3180859385eeaf56605974a4b5e96e3950017a0e501b1d85af71aae5cc95d3b4,gfs_seamless,False
turbine_2,2026-01-13 12:00:00+00:00,24,0.9491789742978843,0.9491789742978843,False,False,0.9496153846153847,15.08,3.7,2026-01-12 19:00:00+00:00,17.0,2026-01-12 22:00:00,2026-01-13T00:00:00+05:00,3180859385eeaf56605974a4b5e96e3950017a0e501b1d85af71aae5cc95d3b4,gfs_seamless,False
turbine_2,2026-01-13 13:00:00+00:00,24,0.9711504962094952,0.9711504962094952,False,False,0.9623423423423424,14.68,3.1,2026-01-12 19:00:00+00:00,18.0,2026-01-12 22:00:00,2026-01-13T00:00:00+05:00,3180859385eeaf56605974a4b5e96e3950017a0e501b1d85af71aae5cc95d3b4,gfs_seamless,False
turbine_2,2026-01-13 14:00:00+00:00,24,0.9730983648125886,0.9730983648125886,False,False,0.9608080808080809,13.85,2.4,2026-01-12 19:00:00+00:00,19.0,2026-01-12 22:00:00,2026-01-13T00:00:00+05:00,3180859385eeaf56605974a4b5e96e3950017a0e501b1d85af71aae5cc95d3b4,gfs_seamless,False
turbine_2,2026-01-13 15:00:00+00:00,24,0.9775463159089177,0.9775463159089177,False,False,0.9697865853658537,13.16,1.8,2026-01-12 19:00:00+00:00,20.0,2026-01-12 22:00:00,2026-01-13T00:00:00+05:00,3180859385eeaf56605974a4b5e96e3950017a0e501b1d85af71aae5cc95d3b4,gfs_seamless,False
turbine_2,2026-01-13 16:00:00+00:00,24,0.9754573959531769,0.9754573959531769,False,False,0.9521050347222223,11.72,1.2,2026-01-12 19:00:00+00:00,21.0,2026-01-12 22:00:00,2026-01-13T00:00:00+05:00,3180859385eeaf56605974a4b5e96e3950017a0e501b1d85af71aae5cc95d3b4,gfs_seamless,False
turbine_2,2026-01-13 17:00:00+00:00,24,0.9134897347213246,0.9134897347213246,False,False,0.8846255144032922,10.66,0.6,2026-01-12 19:00:00+00:00,22.0,2026-01-12 22:00:00,2026-01-13T00:00:00+05:00,3180859385eeaf56605974a4b5e96e3950017a0e501b1d85af71aae5cc95d3b4,gfs_seamless,False
turbine_2,2026-01-13 18:00:00+00:00,24,0.8681847981239127,0.8681847981239127,False,False,0.8245634379263301,10.43,0.4,2026-01-12 19:00:00+00:00,23.0,2026-01-12 22:00:00,2026-01-13T00:00:00+05:00,3180859385eeaf56605974a4b5e96e3950017a0e501b1d85af71aae5cc95d3b4,gfs_seamless,False
turbine_2,2026-01-13 19:00:00+00:00,24,0.870300889560639,0.870300889560639,False,False,0.8245634379263301,10.44,0.2,2026-01-12 19:00:00+00:00,24.0,2026-01-12 22:00:00,2026-01-13T00:00:00+05:00,3180859385eeaf56605974a4b5e96e3950017a0e501b1d85af71aae5cc95d3b4,gfs_seamless,False
turbine_2,2026-01-13 20:00:00+00:00,48,0.8665913774540153,0.8665913774540153,False,False,0.8245634379263301,10.26,0.1,2026-01-12 19:00:00+00:00,25.0,2026-01-12 22:00:00,2026-01-13T00:00:00+05:00,3180859385eeaf56605974a4b5e96e3950017a0e501b1d85af71aae5cc95d3b4,gfs_seamless,False
turbine_2,2026-01-13 21:00:00+00:00,48,0.8634060688741921,0.8634060688741921,False,False,0.8245634379263301,10.21,0.2,2026-01-12 19:00:00+00:00,26.0,2026-01-12 22:00:00,2026-01-13T00:00:00+05:00,3180859385eeaf56605974a4b5e96e3950017a0e501b1d85af71aae5cc95d3b4,gfs_seamless,False
turbine_2,2026-01-13 22:00:00+00:00,48,0.8671737563783625,0.8671737563783625,False,False,0.8245634379263301,10.22,0.1,2026-01-12 19:00:00+00:00,27.0,2026-01-12 22:00:00,2026-01-13T00:00:00+05:00,3180859385eeaf56605974a4b5e96e3950017a0e501b1d85af71aae5cc95d3b4,gfs_seamless,False
turbine_2,2026-01-13 23:00:00+00:00,48,0.846298149198633,0.846298149198633,False,False,0.7525520833333333,9.98,-0.3,2026-01-12 19:00:00+00:00,28.0,2026-01-12 22:00:00,2026-01-13T00:00:00+05:00,3180859385eeaf56605974a4b5e96e3950017a0e501b1d85af71aae5cc95d3b4,gfs_seamless,False
turbine_2,2026-01-14 00:00:00+00:00,48,0.846298149198633,0.846298149198633,False,False,0.7525520833333333,9.98,-0.4,2026-01-12 19:00:00+00:00,29.0,2026-01-12 22:00:00,2026-01-13T00:00:00+05:00,3180859385eeaf56605974a4b5e96e3950017a0e501b1d85af71aae5cc95d3b4,gfs_seamless,False
turbine_2,2026-01-14 01:00:00+00:00,48,0.7906143366273188,0.7906143366273188,False,False,0.7525520833333333,9.67,-0.3,2026-01-12 19:00:00+00:00,30.0,2026-01-12 22:00:00,2026-01-13T00:00:00+05:00,3180859385eeaf56605974a4b5e96e3950017a0e501b1d85af71aae5cc95d3b4,gfs_seamless,False
turbine_2,2026-01-14 02:00:00+00:00,48,0.7073830134463819,0.7073830134463819,False,False,0.6747818871503082,9.18,-0.6,2026-01-12 19:00:00+00:00,31.0,2026-01-12 22:00:00,2026-01-13T00:00:00+05:00,3180859385eeaf56605974a4b5e96e3950017a0e501b1d85af71aae5cc95d3b4,gfs_seamless,False
turbine_2,2026-01-14 03:00:00+00:00,48,0.5904929326751964,0.5904929326751964,False,False,0.6156450157870996,8.6,-0.3,2026-01-12 19:00:00+00:00,32.0,2026-01-12 22:00:00,2026-01-13T00:00:00+05:00,3180859385eeaf56605974a4b5e96e3950017a0e501b1d85af71aae5cc95d3b4,gfs_seamless,False
turbine_2,2026-01-14 04:00:00+00:00,48,0.47238158375534256,0.47238158375534256,False,False,0.46024867724867724,7.75,0.9,2026-01-12 19:00:00+00:00,33.0,2026-01-12 22:00:00,2026-01-13T00:00:00+05:00,3180859385eeaf56605974a4b5e96e3950017a0e501b1d85af71aae5cc95d3b4,gfs_seamless,False
turbine_2,2026-01-14 05:00:00+00:00,48,0.3986760785220571,0.3986760785220571,False,False,0.38906280193236714,7.42,1.8,2026-01-12 19:00:00+00:00,34.0,2026-01-12 22:00:00,2026-01-13T00:00:00+05:00,3180859385eeaf56605974a4b5e96e3950017a0e501b1d85af71aae5cc95d3b4,gfs_seamless,False
turbine_2,2026-01-14 06:00:00+00:00,48,0.34841662334512186,0.34841662334512186,False,False,0.3144400352733686,6.98,3.1,2026-01-12 19:00:00+00:00,35.0,2026-01-12 22:00:00,2026-01-13T00:00:00+05:00,3180859385eeaf56605974a4b5e96e3950017a0e501b1d85af71aae5cc95d3b4,gfs_seamless,False
turbine_2,2026-01-14 07:00:00+00:00,48,0.13732060037957824,0.13732060037957824,False,False,0.1893503511615343,5.57,4.1,2026-01-12 19:00:00+00:00,36.0,2026-01-12 22:00:00,2026-01-13T00:00:00+05:00,3180859385eeaf56605974a4b5e96e3950017a0e501b1d85af71aae5cc95d3b4,gfs_seamless,False
turbine_2,2026-01-14 08:00:00+00:00,48,0.03667127833668633,0.03667127833668633,False,False,0.05571104122990916,3.96,4.6,2026-01-12 19:00:00+00:00,37.0,2026-01-12 22:00:00,2026-01-13T00:00:00+05:00,3180859385eeaf56605974a4b5e96e3950017a0e501b1d85af71aae5cc95d3b4,gfs_seamless,False
turbine_2,2026-01-14 09:00:00+00:00,48,0.013471719884477507,0.013471719884477507,False,False,0.014639953542392569,2.42,4.9,2026-01-12 19:00:00+00:00,38.0,2026-01-12 22:00:00,2026-01-13T00:00:00+05:00,3180859385eeaf56605974a4b5e96e3950017a0e501b1d85af71aae5cc95d3b4,gfs_seamless,False
turbine_2,2026-01-14 10:00:00+00:00,48,0.010082266301202476,0.010082266301202476,False,False,0.009706867671691792,1.46,4.6,2026-01-12 19:00:00+00:00,39.0,2026-01-12 22:00:00,2026-01-13T00:00:00+05:00,3180859385eeaf56605974a4b5e96e3950017a0e501b1d85af71aae5cc95d3b4,gfs_seamless,False
turbine_2,2026-01-14 11:00:00+00:00,48,0.007616719164373671,0.007616719164373671,False,False,0.009930555555555557,0.71,2.7,2026-01-12 19:00:00+00:00,40.0,2026-01-12 22:00:00,2026-01-13T00:00:00+05:00,3180859385eeaf56605974a4b5e96e3950017a0e501b1d85af71aae5cc95d3b4,gfs_seamless,False
turbine_2,2026-01-14 12:00:00+00:00,48,0.009213264350174272,0.009213264350174272,False,True,0.01,0.14,0.8,2026-01-12 19:00:00+00:00,41.0,2026-01-12 22:00:00,2026-01-13T00:00:00+05:00,3180859385eeaf56605974a4b5e96e3950017a0e501b1d85af71aae5cc95d3b4,gfs_seamless,False
turbine_2,2026-01-14 13:00:00+00:00,48,0.00959695283180289,0.00959695283180289,False,False,0.009930555555555557,0.71,1.0,2026-01-12 19:00:00+00:00,42.0,2026-01-12 22:00:00,2026-01-13T00:00:00+05:00,3180859385eeaf56605974a4b5e96e3950017a0e501b1d85af71aae5cc95d3b4,gfs_seamless,False
turbine_2,2026-01-14 14:00:00+00:00,48,0.00959695283180289,0.00959695283180289,False,False,0.009706867671691792,1.36,1.0,2026-01-12 19:00:00+00:00,43.0,2026-01-12 22:00:00,2026-01-13T00:00:00+05:00,3180859385eeaf56605974a4b5e96e3950017a0e501b1d85af71aae5cc95d3b4,gfs_seamless,False
turbine_2,2026-01-14 15:00:00+00:00,48,0.01140419206855292,0.01140419206855292,False,False,0.014639953542392569,2.46,0.8,2026-01-12 19:00:00+00:00,44.0,2026-01-12 22:00:00,2026-01-13T00:00:00+05:00,3180859385eeaf56605974a4b5e96e3950017a0e501b1d85af71aae5cc95d3b4,gfs_seamless,False
turbine_2,2026-01-14 16:00:00+00:00,48,0.04869326454044937,0.04869326454044937,False,False,0.07937710437710437,4.39,0.5,2026-01-12 19:00:00+00:00,45.0,2026-01-12 22:00:00,2026-01-13T00:00:00+05:00,3180859385eeaf56605974a4b5e96e3950017a0e501b1d85af71aae5cc95d3b4,gfs_seamless,False
turbine_2,2026-01-14 17:00:00+00:00,48,0.08875795543878619,0.08875795543878619,False,False,0.14415821812596005,5.11,0.2,2026-01-12 19:00:00+00:00,46.0,2026-01-12 22:00:00,2026-01-13T00:00:00+05:00,3180859385eeaf56605974a4b5e96e3950017a0e501b1d85af71aae5cc95d3b4,gfs_seamless,False
turbine_2,2026-01-14 18:00:00+00:00,48,0.12115463326873356,0.12115463326873356,False,False,0.1893503511615343,5.54,-0.7,2026-01-12 19:00:00+00:00,47.0,2026-01-12 22:00:00,2026-01-13T00:00:00+05:00,3180859385eeaf56605974a4b5e96e3950017a0e501b1d85af71aae5cc95d3b4,gfs_seamless,False
turbine_2,2026-01-14 19:00:00+00:00,48,0.2185177984987022,0.2185177984987022,False,False,0.24721987016652558,6.32,-1.4,2026-01-12 19:00:00+00:00,48.0,2026-01-12 22:00:00,2026-01-13T00:00:00+05:00,3180859385eeaf56605974a4b5e96e3950017a0e501b1d85af71aae5cc95d3b4,gfs_seamless,False
turbine_1,2026-01-13 20:00:00+00:00,24,0.897147125422311,0.897147125422311,False,False,0.8301022222222223,10.47,0.1,2026-01-13 19:00:00+00:00,1.0,2026-01-13 22:00:00,2026-01-14T00:00:00+05:00,c2e14a92e424b5aba1bc63a07154c490e59dfd986735b75168c8bc7cfd5c0858,gfs_seamless,False
turbine_1,2026-01-13 21:00:00+00:00,24,0.9432166383633476,0.9432166383633476,False,False,0.8928699085619286,10.84,0.2,2026-01-13 19:00:00+00:00,2.0,2026-01-13 22:00:00,2026-01-14T00:00:00+05:00,c2e14a92e424b5aba1bc63a07154c490e59dfd986735b75168c8bc7cfd5c0858,gfs_seamless,False
turbine_1,2026-01-13 22:00:00+00:00,24,0.8818156230515076,0.8818156230515076,False,False,0.8301022222222223,10.24,-0.0,2026-01-13 19:00:00+00:00,3.0,2026-01-13 22:00:00,2026-01-14T00:00:00+05:00,c2e14a92e424b5aba1bc63a07154c490e59dfd986735b75168c8bc7cfd5c0858,gfs_seamless,False
turbine_1,2026-01-13 23:00:00+00:00,24,0.8859726351633186,0.8859726351633186,False,False,0.8301022222222223,10.25,-0.1,2026-01-13 19:00:00+00:00,4.0,2026-01-13 22:00:00,2026-01-14T00:00:00+05:00,c2e14a92e424b5aba1bc63a07154c490e59dfd986735b75168c8bc7cfd5c0858,gfs_seamless,False
turbine_1,2026-01-14 00:00:00+00:00,24,0.8799311513041401,0.8799311513041401,False,False,0.8301022222222223,10.16,-0.0,2026-01-13 19:00:00+00:00,5.0,2026-01-13 22:00:00,2026-01-14T00:00:00+05:00,c2e14a92e424b5aba1bc63a07154c490e59dfd986735b75168c8bc7cfd5c0858,gfs_seamless,False
turbine_1,2026-01-14 01:00:00+00:00,24,0.8445292962754812,0.8445292962754812,False,False,0.7641420845624386,9.89,-0.3,2026-01-13 19:00:00+00:00,6.0,2026-01-13 22:00:00,2026-01-14T00:00:00+05:00,c2e14a92e424b5aba1bc63a07154c490e59dfd986735b75168c8bc7cfd5c0858,gfs_seamless,False
turbine_1,2026-01-14 02:00:00+00:00,24,0.8473194366427528,0.8473194366427528,False,False,0.7641420845624386,9.98,-0.7,2026-01-13 19:00:00+00:00,7.0,2026-01-13 22:00:00,2026-01-14T00:00:00+05:00,c2e14a92e424b5aba1bc63a07154c490e59dfd986735b75168c8bc7cfd5c0858,gfs_seamless,False
turbine_1,2026-01-14 03:00:00+00:00,24,0.7364644675246115,0.7364644675246115,False,False,0.694887048192771,9.21,-0.5,2026-01-13 19:00:00+00:00,8.0,2026-01-13 22:00:00,2026-01-14T00:00:00+05:00,c2e14a92e424b5aba1bc63a07154c490e59dfd986735b75168c8bc7cfd5c0858,gfs_seamless,False
turbine_1,2026-01-14 04:00:00+00:00,24,0.6011194738522824,0.6011194738522824,False,False,0.5476986951364176,8.37,0.8,2026-01-13 19:00:00+00:00,9.0,2026-01-13 22:00:00,2026-01-14T00:00:00+05:00,c2e14a92e424b5aba1bc63a07154c490e59dfd986735b75168c8bc7cfd5c0858,gfs_seamless,False
turbine_1,2026-01-14 05:00:00+00:00,24,0.5002757191391793,0.5002757191391793,False,False,0.47598876404494384,7.74,2.1,2026-01-13 19:00:00+00:00,10.0,2026-01-13 22:00:00,2026-01-14T00:00:00+05:00,c2e14a92e424b5aba1bc63a07154c490e59dfd986735b75168c8bc7cfd5c0858,gfs_seamless,False
turbine_1,2026-01-14 06:00:00+00:00,24,0.1711365490161722,0.1711365490161722,False,False,0.1964645625692137,5.74,3.0,2026-01-13 19:00:00+00:00,11.0,2026-01-13 22:00:00,2026-01-14T00:00:00+05:00,c2e14a92e424b5aba1bc63a07154c490e59dfd986735b75168c8bc7cfd5c0858,gfs_seamless,False
turbine_1,2026-01-14 07:00:00+00:00,24,0.06612518277590931,0.06612518277590931,False,False,0.08223615464994775,4.4,3.8,2026-01-13 19:00:00+00:00,12.0,2026-01-13 22:00:00,2026-01-14T00:00:00+05:00,c2e14a92e424b5aba1bc63a07154c490e59dfd986735b75168c8bc7cfd5c0858,gfs_seamless,False
turbine_1,2026-01-14 08:00:00+00:00,24,0.02481679097522032,0.02481679097522032,False,False,0.04037076648841355,3.23,4.2,2026-01-13 19:00:00+00:00,13.0,2026-01-13 22:00:00,2026-01-14T00:00:00+05:00,c2e14a92e424b5aba1bc63a07154c490e59dfd986735b75168c8bc7cfd5c0858,gfs_seamless,False
turbine_1,2026-01-14 09:00:00+00:00,24,0.01085319955049189,0.01085319955049189,False,False,0.016071428571428573,2.04,4.5,2026-01-13 19:00:00+00:00,14.0,2026-01-13 22:00:00,2026-01-14T00:00:00+05:00,c2e14a92e424b5aba1bc63a07154c490e59dfd986735b75168c8bc7cfd5c0858,gfs_seamless,False
turbine_1,2026-01-14 10:00:00+00:00,24,0.009719591186905784,0.009719591186905784,False,False,0.009960869565217391,1.2,4.5,2026-01-13 19:00:00+00:00,15.0,2026-01-13 22:00:00,2026-01-14T00:00:00+05:00,c2e14a92e424b5aba1bc63a07154c490e59dfd986735b75168c8bc7cfd5c0858,gfs_seamless,False
turbine_1,2026-01-14 11:00:00+00:00,24,0.009655226317298133,0.009655226317298133,False,False,0.01,0.36,2.8,2026-01-13 19:00:00+00:00,16.0,2026-01-13 22:00:00,2026-01-14T00:00:00+05:00,c2e14a92e424b5aba1bc63a07154c490e59dfd986735b75168c8bc7cfd5c0858,gfs_seamless,False
turbine_1,2026-01-14 12:00:00+00:00,24,0.009452026732266172,0.009452026732266172,False,False,0.009960869565217391,1.17,1.8,2026-01-13 19:00:00+00:00,17.0,2026-01-13 22:00:00,2026-01-14T00:00:00+05:00,c2e14a92e424b5aba1bc63a07154c490e59dfd986735b75168c8bc7cfd5c0858,gfs_seamless,False
turbine_1,2026-01-14 13:00:00+00:00,24,0.0192975811849437,0.0192975811849437,False,False,0.02535218253968254,2.9,1.8,2026-01-13 19:00:00+00:00,18.0,2026-01-13 22:00:00,2026-01-14T00:00:00+05:00,c2e14a92e424b5aba1bc63a07154c490e59dfd986735b75168c8bc7cfd5c0858,gfs_seamless,False
turbine_1,2026-01-14 14:00:00+00:00,24,0.11346670515878189,0.11346670515878189,False,False,0.14993656834760546,5.15,1.4,2026-01-13 19:00:00+00:00,19.0,2026-01-13 22:00:00,2026-01-14T00:00:00+05:00,c2e14a92e424b5aba1bc63a07154c490e59dfd986735b75168c8bc7cfd5c0858,gfs_seamless,False
turbine_1,2026-01-14 15:00:00+00:00,24,0.3539124357373846,0.3539124357373846,False,False,0.32580314009661837,6.86,1.1,2026-01-13 19:00:00+00:00,20.0,2026-01-13 22:00:00,2026-01-14T00:00:00+05:00,c2e14a92e424b5aba1bc63a07154c490e59dfd986735b75168c8bc7cfd5c0858,gfs_seamless,False
turbine_1,2026-01-14 16:00:00+00:00,24,0.463017296977115,0.463017296977115,False,False,0.47598876404494384,7.55,0.4,2026-01-13 19:00:00+00:00,21.0,2026-01-13 22:00:00,2026-01-14T00:00:00+05:00,c2e14a92e424b5aba1bc63a07154c490e59dfd986735b75168c8bc7cfd5c0858,gfs_seamless,False
turbine_1,2026-01-14 17:00:00+00:00,24,0.45117982894788267,0.45117982894788267,False,False,0.47598876404494384,7.57,-0.6,2026-01-13 19:00:00+00:00,22.0,2026-01-13 22:00:00,2026-01-14T00:00:00+05:00,c2e14a92e424b5aba1bc63a07154c490e59dfd986735b75168c8bc7cfd5c0858,gfs_seamless,False
turbine_1,2026-01-14 18:00:00+00:00,24,0.47406487467987507,0.47406487467987507,False,False,0.47598876404494384,7.74,-1.1,2026-01-13 19:00:00+00:00,23.0,2026-01-13 22:00:00,2026-01-14T00:00:00+05:00,c2e14a92e424b5aba1bc63a07154c490e59dfd986735b75168c8bc7cfd5c0858,gfs_seamless,False
turbine_1,2026-01-14 19:00:00+00:00,24,0.2465886905194571,0.2465886905194571,False,False,0.25740252125476404,6.39,-1.7,2026-01-13 19:00:00+00:00,24.0,2026-01-13 22:00:00,2026-01-14T00:00:00+05:00,c2e14a92e424b5aba1bc63a07154c490e59dfd986735b75168c8bc7cfd5c0858,gfs_seamless,False
turbine_1,2026-01-14 20:00:00+00:00,48,0.12279995090933296,0.12279995090933296,False,False,0.1964645625692137,5.51,-1.9,2026-01-13 19:00:00+00:00,25.0,2026-01-13 22:00:00,2026-01-14T00:00:00+05:00,c2e14a92e424b5aba1bc63a07154c490e59dfd986735b75168c8bc7cfd5c0858,gfs_seamless,False
turbine_1,2026-01-14 21:00:00+00:00,48,0.061860772976469705,0.061860772976469705,False,False,0.11280212483399735,4.62,-2.3,2026-01-13 19:00:00+00:00,26.0,2026-01-13 22:00:00,2026-01-14T00:00:00+05:00,c2e14a92e424b5aba1bc63a07154c490e59dfd986735b75168c8bc7cfd5c0858,gfs_seamless,False
turbine_1,2026-01-14 22:00:00+00:00,48,0.02336716003590073,0.02336716003590073,False,False,0.058536135693215335,3.72,-2.8,2026-01-13 19:00:00+00:00,27.0,2026-01-13 22:00:00,2026-01-14T00:00:00+05:00,c2e14a92e424b5aba1bc63a07154c490e59dfd986735b75168c8bc7cfd5c0858,gfs_seamless,False
turbine_1,2026-01-14 23:00:00+00:00,48,0.0236684255785323,0.0236684255785323,False,False,0.058536135693215335,3.71,-3.3,2026-01-13 19:00:00+00:00,28.0,2026-01-13 22:00:00,2026-01-14T00:00:00+05:00,c2e14a92e424b5aba1bc63a07154c490e59dfd986735b75168c8bc7cfd5c0858,gfs_seamless,False
turbine_1,2026-01-15 00:00:00+00:00,48,0.04054032154028655,0.04054032154028655,False,False,0.08223615464994775,4.3,-4.0,2026-01-13 19:00:00+00:00,29.0,2026-01-13 22:00:00,2026-01-14T00:00:00+05:00,c2e14a92e424b5aba1bc63a07154c490e59dfd986735b75168c8bc7cfd5c0858,gfs_seamless,False
turbine_1,2026-01-15 01:00:00+00:00,48,0.02543769987931475,0.02543769987931475,False,False,0.08223615464994775,4.02,-3.8,2026-01-13 19:00:00+00:00,30.0,2026-01-13 22:00:00,2026-01-14T00:00:00+05:00,c2e14a92e424b5aba1bc63a07154c490e59dfd986735b75168c8bc7cfd5c0858,gfs_seamless,False
turbine_1,2026-01-15 02:00:00+00:00,48,0.01954910596024725,0.01954910596024725,False,False,0.058536135693215335,3.61,-3.7,2026-01-13 19:00:00+00:00,31.0,2026-01-13 22:00:00,2026-01-14T00:00:00+05:00,c2e14a92e424b5aba1bc63a07154c490e59dfd986735b75168c8bc7cfd5c0858,gfs_seamless,False
turbine_1,2026-01-15 03:00:00+00:00,48,0.008822559739252075,0.008822559739252075,False,False,0.016071428571428573,2.09,-3.2,2026-01-13 19:00:00+00:00,32.0,2026-01-13 22:00:00,2026-01-14T00:00:00+05:00,c2e14a92e424b5aba1bc63a07154c490e59dfd986735b75168c8bc7cfd5c0858,gfs_seamless,False
turbine_1,2026-01-15 04:00:00+00:00,48,0.008636385677342205,0.008636385677342205,False,False,0.009988925802879292,0.91,-2.7,2026-01-13 19:00:00+00:00,33.0,2026-01-13 22:00:00,2026-01-14T00:00:00+05:00,c2e14a92e424b5aba1bc63a07154c490e59dfd986735b75168c8bc7cfd5c0858,gfs_seamless,False
turbine_1,2026-01-15 05:00:00+00:00,48,0.014372538143992959,0.014372538143992959,False,False,0.02535218253968254,2.62,-1.6,2026-01-13 19:00:00+00:00,34.0,2026-01-13 22:00:00,2026-01-14T00:00:00+05:00,c2e14a92e424b5aba1bc63a07154c490e59dfd986735b75168c8bc7cfd5c0858,gfs_seamless,False
turbine_1,2026-01-15 06:00:00+00:00,48,0.10300205310267967,0.10300205310267967,False,False,0.14993656834760546,5.16,-0.1,2026-01-13 19:00:00+00:00,35.0,2026-01-13 22:00:00,2026-01-14T00:00:00+05:00,c2e14a92e424b5aba1bc63a07154c490e59dfd986735b75168c8bc7cfd5c0858,gfs_seamless,False
turbine_1,2026-01-15 07:00:00+00:00,48,0.08832212093545092,0.08832212093545092,False,False,0.11280212483399735,4.86,0.7,2026-01-13 19:00:00+00:00,36.0,2026-01-13 22:00:00,2026-01-14T00:00:00+05:00,c2e14a92e424b5aba1bc63a07154c490e59dfd986735b75168c8bc7cfd5c0858,gfs_seamless,False
turbine_1,2026-01-15 08:00:00+00:00,48,0.2602809196235288,0.2602809196235288,False,False,0.25740252125476404,6.39,0.3,2026-01-13 19:00:00+00:00,37.0,2026-01-13 22:00:00,2026-01-14T00:00:00+05:00,c2e14a92e424b5aba1bc63a07154c490e59dfd986735b75168c8bc7cfd5c0858,gfs_seamless,False
turbine_1,2026-01-15 09:00:00+00:00,48,0.10525850434804876,0.10525850434804876,False,False,0.11280212483399735,4.97,1.7,2026-01-13 19:00:00+00:00,38.0,2026-01-13 22:00:00,2026-01-14T00:00:00+05:00,c2e14a92e424b5aba1bc63a07154c490e59dfd986735b75168c8bc7cfd5c0858,gfs_seamless,False
turbine_1,2026-01-15 10:00:00+00:00,48,0.09838607753996288,0.09838607753996288,False,False,0.14993656834760546,5.1,0.7,2026-01-13 19:00:00+00:00,39.0,2026-01-13 22:00:00,2026-01-14T00:00:00+05:00,c2e14a92e424b5aba1bc63a07154c490e59dfd986735b75168c8bc7cfd5c0858,gfs_seamless,False
turbine_1,2026-01-15 11:00:00+00:00,48,0.13491050669041801,0.13491050669041801,False,False,0.1964645625692137,5.5,0.8,2026-01-13 19:00:00+00:00,40.0,2026-01-13 22:00:00,2026-01-14T00:00:00+05:00,c2e14a92e424b5aba1bc63a07154c490e59dfd986735b75168c8bc7cfd5c0858,gfs_seamless,False
turbine_1,2026-01-15 12:00:00+00:00,48,0.6748411458701267,0.6748411458701267,False,False,0.6263133528265107,8.81,-0.7,2026-01-13 19:00:00+00:00,41.0,2026-01-13 22:00:00,2026-01-14T00:00:00+05:00,c2e14a92e424b5aba1bc63a07154c490e59dfd986735b75168c8bc7cfd5c0858,gfs_seamless,False
turbine_1,2026-01-15 13:00:00+00:00,48,0.8443935265915486,0.8443935265915486,False,False,0.7641420845624386,9.96,-0.6,2026-01-13 19:00:00+00:00,42.0,2026-01-13 22:00:00,2026-01-14T00:00:00+05:00,c2e14a92e424b5aba1bc63a07154c490e59dfd986735b75168c8bc7cfd5c0858,gfs_seamless,False
turbine_1,2026-01-15 14:00:00+00:00,48,0.25948829752767455,0.25948829752767455,False,False,0.25740252125476404,6.37,-1.1,2026-01-13 19:00:00+00:00,43.0,2026-01-13 22:00:00,2026-01-14T00:00:00+05:00,c2e14a92e424b5aba1bc63a07154c490e59dfd986735b75168c8bc7cfd5c0858,gfs_seamless,False
turbine_1,2026-01-15 15:00:00+00:00,48,0.019424979654003454,0.019424979654003454,False,False,0.04037076648841355,3.04,-1.3,2026-01-13 19:00:00+00:00,44.0,2026-01-13 22:00:00,2026-01-14T00:00:00+05:00,c2e14a92e424b5aba1bc63a07154c490e59dfd986735b75168c8bc7cfd5c0858,gfs_seamless,False
turbine_1,2026-01-15 16:00:00+00:00,48,0.008369997003411428,0.008369997003411428,False,False,0.009960869565217391,1.21,-1.2,2026-01-13 19:00:00+00:00,45.0,2026-01-13 22:00:00,2026-01-14T00:00:00+05:00,c2e14a92e424b5aba1bc63a07154c490e59dfd986735b75168c8bc7cfd5c0858,gfs_seamless,False
turbine_1,2026-01-15 17:00:00+00:00,48,0.00874456468464148,0.00874456468464148,False,False,0.011037313432835821,1.88,-1.8,2026-01-13 19:00:00+00:00,46.0,2026-01-13 22:00:00,2026-01-14T00:00:00+05:00,c2e14a92e424b5aba1bc63a07154c490e59dfd986735b75168c8bc7cfd5c0858,gfs_seamless,False
turbine_1,2026-01-15 18:00:00+00:00,48,0.04115905365717041,0.04115905365717041,False,False,0.08223615464994775,4.26,-1.8,2026-01-13 19:00:00+00:00,47.0,2026-01-13 22:00:00,2026-01-14T00:00:00+05:00,c2e14a92e424b5aba1bc63a07154c490e59dfd986735b75168c8bc7cfd5c0858,gfs_seamless,False
turbine_1,2026-01-15 19:00:00+00:00,48,0.008636385677342205,0.008636385677342205,False,False,0.009960869565217391,1.17,-2.0,2026-01-13 19:00:00+00:00,48.0,2026-01-13 22:00:00,2026-01-14T00:00:00+05:00,c2e14a92e424b5aba1bc63a07154c490e59dfd986735b75168c8bc7cfd5c0858,gfs_seamless,False
turbine_2,2026-01-13 20:00:00+00:00,24,0.8939352486018611,0.8939352486018611,False,False,0.8245526793823796,10.47,0.1,2026-01-13 19:00:00+00:00,1.0,2026-01-13 22:00:00,2026-01-14T00:00:00+05:00,19145696bea39b84e534082484c4c325d394f383c8530655a5de1f889c4008c2,gfs_seamless,False
turbine_2,2026-01-13 21:00:00+00:00,24,0.9370926531896672,0.9370926531896672,False,False,0.8846255144032922,10.84,0.2,2026-01-13 19:00:00+00:00,2.0,2026-01-13 22:00:00,2026-01-14T00:00:00+05:00,19145696bea39b84e534082484c4c325d394f383c8530655a5de1f889c4008c2,gfs_seamless,False
turbine_2,2026-01-13 22:00:00+00:00,24,0.8618255625478646,0.8618255625478646,False,False,0.8245526793823796,10.24,-0.0,2026-01-13 19:00:00+00:00,3.0,2026-01-13 22:00:00,2026-01-14T00:00:00+05:00,19145696bea39b84e534082484c4c325d394f383c8530655a5de1f889c4008c2,gfs_seamless,False
turbine_2,2026-01-13 23:00:00+00:00,24,0.8618255625478646,0.8618255625478646,False,False,0.8245526793823796,10.25,-0.1,2026-01-13 19:00:00+00:00,4.0,2026-01-13 22:00:00,2026-01-14T00:00:00+05:00,19145696bea39b84e534082484c4c325d394f383c8530655a5de1f889c4008c2,gfs_seamless,False
turbine_2,2026-01-14 00:00:00+00:00,24,0.858544871248594,0.858544871248594,False,False,0.8245526793823796,10.16,-0.0,2026-01-13 19:00:00+00:00,5.0,2026-01-13 22:00:00,2026-01-14T00:00:00+05:00,19145696bea39b84e534082484c4c325d394f383c8530655a5de1f889c4008c2,gfs_seamless,False
turbine_2,2026-01-14 01:00:00+00:00,24,0.8184266445136036,0.8184266445136036,False,False,0.7525520833333333,9.89,-0.3,2026-01-13 19:00:00+00:00,6.0,2026-01-13 22:00:00,2026-01-14T00:00:00+05:00,19145696bea39b84e534082484c4c325d394f383c8530655a5de1f889c4008c2,gfs_seamless,False
turbine_2,2026-01-14 02:00:00+00:00,24,0.8237961782794143,0.8237961782794143,False,False,0.7525520833333333,9.98,-0.7,2026-01-13 19:00:00+00:00,7.0,2026-01-13 22:00:00,2026-01-14T00:00:00+05:00,19145696bea39b84e534082484c4c325d394f383c8530655a5de1f889c4008c2,gfs_seamless,False
turbine_2,2026-01-14 03:00:00+00:00,24,0.7083386822762336,0.7083386822762336,False,False,0.674827178030303,9.21,-0.5,2026-01-13 19:00:00+00:00,8.0,2026-01-13 22:00:00,2026-01-14T00:00:00+05:00,19145696bea39b84e534082484c4c325d394f383c8530655a5de1f889c4008c2,gfs_seamless,False
turbine_2,2026-01-14 04:00:00+00:00,24,0.5688120158390889,0.5688120158390889,False,False,0.5340574282147316,8.37,0.8,2026-01-13 19:00:00+00:00,9.0,2026-01-13 22:00:00,2026-01-14T00:00:00+05:00,19145696bea39b84e534082484c4c325d394f383c8530655a5de1f889c4008c2,gfs_seamless,False
turbine_2,2026-01-14 05:00:00+00:00,24,0.4749103990071477,0.4749103990071477,False,False,0.46024867724867724,7.74,2.1,2026-01-13 19:00:00+00:00,10.0,2026-01-13 22:00:00,2026-01-14T00:00:00+05:00,19145696bea39b84e534082484c4c325d394f383c8530655a5de1f889c4008c2,gfs_seamless,False
turbine_2,2026-01-14 06:00:00+00:00,24,0.1620810332308501,0.1620810332308501,False,False,0.1893190399137001,5.74,3.0,2026-01-13 19:00:00+00:00,11.0,2026-01-13 22:00:00,2026-01-14T00:00:00+05:00,19145696bea39b84e534082484c4c325d394f383c8530655a5de1f889c4008c2,gfs_seamless,False
turbine_2,2026-01-14 07:00:00+00:00,24,0.055956930107164723,0.055956930107164723,False,False,0.07937710437710437,4.4,3.8,2026-01-13 19:00:00+00:00,12.0,2026-01-13 22:00:00,2026-01-14T00:00:00+05:00,19145696bea39b84e534082484c4c325d394f383c8530655a5de1f889c4008c2,gfs_seamless,False
turbine_2,2026-01-14 08:00:00+00:00,24,0.01904923955163673,0.01904923955163673,False,False,0.03729166666666667,3.23,4.2,2026-01-13 19:00:00+00:00,13.0,2026-01-13 22:00:00,2026-01-14T00:00:00+05:00,19145696bea39b84e534082484c4c325d394f383c8530655a5de1f889c4008c2,gfs_seamless,False
turbine_2,2026-01-14 09:00:00+00:00,24,0.009997443401004823,0.009997443401004823,False,False,0.014639953542392569,2.04,4.5,2026-01-13 19:00:00+00:00,14.0,2026-01-13 22:00:00,2026-01-14T00:00:00+05:00,19145696bea39b84e534082484c4c325d394f383c8530655a5de1f889c4008c2,gfs_seamless,False
turbine_2,2026-01-14 10:00:00+00:00,24,0.010009076625681169,0.010009076625681169,False,False,0.009706867671691792,1.2,4.5,2026-01-13 19:00:00+00:00,15.0,2026-01-13 22:00:00,2026-01-14T00:00:00+05:00,19145696bea39b84e534082484c4c325d394f383c8530655a5de1f889c4008c2,gfs_seamless,False
turbine_2,2026-01-14 11:00:00+00:00,24,0.00902328587503107,0.00902328587503107,False,False,0.01,0.36,2.8,2026-01-13 19:00:00+00:00,16.0,2026-01-13 22:00:00,2026-01-14T00:00:00+05:00,19145696bea39b84e534082484c4c325d394f383c8530655a5de1f889c4008c2,gfs_seamless,False
turbine_2,2026-01-14 12:00:00+00:00,24,0.008816692021056973,0.008816692021056973,False,False,0.009706867671691792,1.17,1.8,2026-01-13 19:00:00+00:00,17.0,2026-01-13 22:00:00,2026-01-14T00:00:00+05:00,19145696bea39b84e534082484c4c325d394f383c8530655a5de1f889c4008c2,gfs_seamless,False
turbine_2,2026-01-14 13:00:00+00:00,24,0.014627045260020115,0.014627045260020115,False,False,0.024097732843137255,2.9,1.8,2026-01-13 19:00:00+00:00,18.0,2026-01-13 22:00:00,2026-01-14T00:00:00+05:00,19145696bea39b84e534082484c4c325d394f383c8530655a5de1f889c4008c2,gfs_seamless,False
turbine_2,2026-01-14 14:00:00+00:00,24,0.09698707704760759,0.09698707704760759,False,False,0.144065749235474,5.15,1.4,2026-01-13 19:00:00+00:00,19.0,2026-01-13 22:00:00,2026-01-14T00:00:00+05:00,19145696bea39b84e534082484c4c325d394f383c8530655a5de1f889c4008c2,gfs_seamless,False
turbine_2,2026-01-14 15:00:00+00:00,24,0.33149813276634327,0.33149813276634327,False,False,0.3144400352733686,6.86,1.1,2026-01-13 19:00:00+00:00,20.0,2026-01-13 22:00:00,2026-01-14T00:00:00+05:00,19145696bea39b84e534082484c4c325d394f383c8530655a5de1f889c4008c2,gfs_seamless,False
turbine_2,2026-01-14 16:00:00+00:00,24,0.42210234989278816,0.42210234989278816,False,False,0.46024867724867724,7.55,0.4,2026-01-13 19:00:00+00:00,21.0,2026-01-13 22:00:00,2026-01-14T00:00:00+05:00,19145696bea39b84e534082484c4c325d394f383c8530655a5de1f889c4008c2,gfs_seamless,False
turbine_2,2026-01-14 17:00:00+00:00,24,0.42631327837203503,0.42631327837203503,False,False,0.46024867724867724,7.57,-0.6,2026-01-13 19:00:00+00:00,22.0,2026-01-13 22:00:00,2026-01-14T00:00:00+05:00,19145696bea39b84e534082484c4c325d394f383c8530655a5de1f889c4008c2,gfs_seamless,False
turbine_2,2026-01-14 18:00:00+00:00,24,0.4468364133361997,0.4468364133361997,False,False,0.46024867724867724,7.74,-1.1,2026-01-13 19:00:00+00:00,23.0,2026-01-13 22:00:00,2026-01-14T00:00:00+05:00,19145696bea39b84e534082484c4c325d394f383c8530655a5de1f889c4008c2,gfs_seamless,False
turbine_2,2026-01-14 19:00:00+00:00,24,0.22338267114784677,0.22338267114784677,False,False,0.2471663851351351,6.39,-1.7,2026-01-13 19:00:00+00:00,24.0,2026-01-13 22:00:00,2026-01-14T00:00:00+05:00,19145696bea39b84e534082484c4c325d394f383c8530655a5de1f889c4008c2,gfs_seamless,False
turbine_2,2026-01-14 20:00:00+00:00,48,0.10726694515375362,0.10726694515375362,False,False,0.1893190399137001,5.51,-1.9,2026-01-13 19:00:00+00:00,25.0,2026-01-13 22:00:00,2026-01-14T00:00:00+05:00,19145696bea39b84e534082484c4c325d394f383c8530655a5de1f889c4008c2,gfs_seamless,False
turbine_2,2026-01-14 21:00:00+00:00,48,0.048102786455643705,0.048102786455643705,False,False,0.1063991960420532,4.62,-2.3,2026-01-13 19:00:00+00:00,26.0,2026-01-13 22:00:00,2026-01-14T00:00:00+05:00,19145696bea39b84e534082484c4c325d394f383c8530655a5de1f889c4008c2,gfs_seamless,False
turbine_2,2026-01-14 22:00:00+00:00,48,0.019155718195294026,0.019155718195294026,False,False,0.055667712691771266,3.72,-2.8,2026-01-13 19:00:00+00:00,27.0,2026-01-13 22:00:00,2026-01-14T00:00:00+05:00,19145696bea39b84e534082484c4c325d394f383c8530655a5de1f889c4008c2,gfs_seamless,False
turbine_2,2026-01-14 23:00:00+00:00,48,0.016920894304745065,0.016920894304745065,False,False,0.055667712691771266,3.71,-3.3,2026-01-13 19:00:00+00:00,28.0,2026-01-13 22:00:00,2026-01-14T00:00:00+05:00,19145696bea39b84e534082484c4c325d394f383c8530655a5de1f889c4008c2,gfs_seamless,False
turbine_2,2026-01-15 00:00:00+00:00,48,0.031939585092216095,0.031939585092216095,False,False,0.07937710437710437,4.3,-4.0,2026-01-13 19:00:00+00:00,29.0,2026-01-13 22:00:00,2026-01-14T00:00:00+05:00,19145696bea39b84e534082484c4c325d394f383c8530655a5de1f889c4008c2,gfs_seamless,False
turbine_2,2026-01-15 01:00:00+00:00,48,0.024118925029891967,0.024118925029891967,False,False,0.07937710437710437,4.02,-3.8,2026-01-13 19:00:00+00:00,30.0,2026-01-13 22:00:00,2026-01-14T00:00:00+05:00,19145696bea39b84e534082484c4c325d394f383c8530655a5de1f889c4008c2,gfs_seamless,False
turbine_2,2026-01-15 02:00:00+00:00,48,0.015865447002132053,0.015865447002132053,False,False,0.055667712691771266,3.61,-3.7,2026-01-13 19:00:00+00:00,31.0,2026-01-13 22:00:00,2026-01-14T00:00:00+05:00,19145696bea39b84e534082484c4c325d394f383c8530655a5de1f889c4008c2,gfs_seamless,False
turbine_2,2026-01-15 03:00:00+00:00,48,0.009022541007366961,0.009022541007366961,False,False,0.014639953542392569,2.09,-3.2,2026-01-13 19:00:00+00:00,32.0,2026-01-13 22:00:00,2026-01-14T00:00:00+05:00,19145696bea39b84e534082484c4c325d394f383c8530655a5de1f889c4008c2,gfs_seamless,False
turbine_2,2026-01-15 04:00:00+00:00,48,0.009190597356983696,0.009190597356983696,False,False,0.009930555555555557,0.91,-2.7,2026-01-13 19:00:00+00:00,33.0,2026-01-13 22:00:00,2026-01-14T00:00:00+05:00,19145696bea39b84e534082484c4c325d394f383c8530655a5de1f889c4008c2,gfs_seamless,False
turbine_2,2026-01-15 05:00:00+00:00,48,0.013553755454367577,0.013553755454367577,False,False,0.024097732843137255,2.62,-1.6,2026-01-13 19:00:00+00:00,34.0,2026-01-13 22:00:00,2026-01-14T00:00:00+05:00,19145696bea39b84e534082484c4c325d394f383c8530655a5de1f889c4008c2,gfs_seamless,False
turbine_2,2026-01-15 06:00:00+00:00,48,0.08873653544059114,0.08873653544059114,False,False,0.144065749235474,5.16,-0.1,2026-01-13 19:00:00+00:00,35.0,2026-01-13 22:00:00,2026-01-14T00:00:00+05:00,19145696bea39b84e534082484c4c325d394f383c8530655a5de1f889c4008c2,gfs_seamless,False
turbine_2,2026-01-15 07:00:00+00:00,48,0.07805479050317674,0.07805479050317674,False,False,0.1063991960420532,4.86,0.7,2026-01-13 19:00:00+00:00,36.0,2026-01-13 22:00:00,2026-01-14T00:00:00+05:00,19145696bea39b84e534082484c4c325d394f383c8530655a5de1f889c4008c2,gfs_seamless,False
turbine_2,2026-01-15 08:00:00+00:00,48,0.24505275922556838,0.24505275922556838,False,False,0.2471663851351351,6.39,0.3,2026-01-13 19:00:00+00:00,37.0,2026-01-13 22:00:00,2026-01-14T00:00:00+05:00,19145696bea39b84e534082484c4c325d394f383c8530655a5de1f889c4008c2,gfs_seamless,False
turbine_2,2026-01-15 09:00:00+00:00,48,0.08112099328681233,0.08112099328681233,False,False,0.1063991960420532,4.97,1.7,2026-01-13 19:00:00+00:00,38.0,2026-01-13 22:00:00,2026-01-14T00:00:00+05:00,19145696bea39b84e534082484c4c325d394f383c8530655a5de1f889c4008c2,gfs_seamless,False
turbine_2,2026-01-15 10:00:00+00:00,48,0.09423625769430498,0.09423625769430498,False,False,0.144065749235474,5.1,0.7,2026-01-13 19:00:00+00:00,39.0,2026-01-13 22:00:00,2026-01-14T00:00:00+05:00,19145696bea39b84e534082484c4c325d394f383c8530655a5de1f889c4008c2,gfs_seamless,False
turbine_2,2026-01-15 11:00:00+00:00,48,0.1301573476125511,0.1301573476125511,False,False,0.1893190399137001,5.5,0.8,2026-01-13 19:00:00+00:00,40.0,2026-01-13 22:00:00,2026-01-14T00:00:00+05:00,19145696bea39b84e534082484c4c325d394f383c8530655a5de1f889c4008c2,gfs_seamless,False
turbine_2,2026-01-15 12:00:00+00:00,48,0.6355733221882464,0.6355733221882464,False,False,0.6156450157870996,8.81,-0.7,2026-01-13 19:00:00+00:00,41.0,2026-01-13 22:00:00,2026-01-14T00:00:00+05:00,19145696bea39b84e534082484c4c325d394f383c8530655a5de1f889c4008c2,gfs_seamless,False
turbine_2,2026-01-15 13:00:00+00:00,48,0.8237961782794143,0.8237961782794143,False,False,0.7525520833333333,9.96,-0.6,2026-01-13 19:00:00+00:00,42.0,2026-01-13 22:00:00,2026-01-14T00:00:00+05:00,19145696bea39b84e534082484c4c325d394f383c8530655a5de1f889c4008c2,gfs_seamless,False
turbine_2,2026-01-15 14:00:00+00:00,48,0.2393029319525049,0.2393029319525049,False,False,0.2471663851351351,6.37,-1.1,2026-01-13 19:00:00+00:00,43.0,2026-01-13 22:00:00,2026-01-14T00:00:00+05:00,19145696bea39b84e534082484c4c325d394f383c8530655a5de1f889c4008c2,gfs_seamless,False
turbine_2,2026-01-15 15:00:00+00:00,48,0.01540045926702079,0.01540045926702079,False,False,0.03729166666666667,3.04,-1.3,2026-01-13 19:00:00+00:00,44.0,2026-01-13 22:00:00,2026-01-14T00:00:00+05:00,19145696bea39b84e534082484c4c325d394f383c8530655a5de1f889c4008c2,gfs_seamless,False
turbine_2,2026-01-15 16:00:00+00:00,48,0.009232582308295587,0.009232582308295587,False,False,0.009706867671691792,1.21,-1.2,2026-01-13 19:00:00+00:00,45.0,2026-01-13 22:00:00,2026-01-14T00:00:00+05:00,19145696bea39b84e534082484c4c325d394f383c8530655a5de1f889c4008c2,gfs_seamless,False
turbine_2,2026-01-15 17:00:00+00:00,48,0.00878386519467705,0.00878386519467705,False,False,0.010133863965267728,1.88,-1.8,2026-01-13 19:00:00+00:00,46.0,2026-01-13 22:00:00,2026-01-14T00:00:00+05:00,19145696bea39b84e534082484c4c325d394f383c8530655a5de1f889c4008c2,gfs_seamless,False
turbine_2,2026-01-15 18:00:00+00:00,48,0.036983103730794796,0.036983103730794796,False,False,0.07937710437710437,4.26,-1.8,2026-01-13 19:00:00+00:00,47.0,2026-01-13 22:00:00,2026-01-14T00:00:00+05:00,19145696bea39b84e534082484c4c325d394f383c8530655a5de1f889c4008c2,gfs_seamless,False
turbine_2,2026-01-15 19:00:00+00:00,48,0.00903819065874807,0.00903819065874807,False,False,0.009706867671691792,1.17,-2.0,2026-01-13 19:00:00+00:00,48.0,2026-01-13 22:00:00,2026-01-14T00:00:00+05:00,19145696bea39b84e534082484c4c325d394f383c8530655a5de1f889c4008c2,gfs_seamless,False
turbine_1,2026-01-14 20:00:00+00:00,24,0.10641100110136385,0.10641100110136385,False,False,0.1499033586818758,5.35,-2.4,2026-01-14 19:00:00+00:00,1.0,2026-01-14 22:00:00,2026-01-15T00:00:00+05:00,8a5402b6a0a85bafea0094f1dbdc122ccf997f99fde94623fa9706c82d755b38,gfs_seamless,False
turbine_1,2026-01-14 21:00:00+00:00,24,0.0567413857551308,0.0567413857551308,False,False,0.11275290215588722,4.59,-2.7,2026-01-14 19:00:00+00:00,2.0,2026-01-14 22:00:00,2026-01-15T00:00:00+05:00,8a5402b6a0a85bafea0094f1dbdc122ccf997f99fde94623fa9706c82d755b38,gfs_seamless,False
turbine_1,2026-01-14 22:00:00+00:00,24,0.022512560726594147,0.022512560726594147,False,False,0.05852465047829286,3.59,-2.9,2026-01-14 19:00:00+00:00,3.0,2026-01-14 22:00:00,2026-01-15T00:00:00+05:00,8a5402b6a0a85bafea0094f1dbdc122ccf997f99fde94623fa9706c82d755b38,gfs_seamless,False
turbine_1,2026-01-14 23:00:00+00:00,24,0.028734442705435567,0.028734442705435567,False,False,0.05852465047829286,3.83,-3.2,2026-01-14 19:00:00+00:00,4.0,2026-01-14 22:00:00,2026-01-15T00:00:00+05:00,8a5402b6a0a85bafea0094f1dbdc122ccf997f99fde94623fa9706c82d755b38,gfs_seamless,False
turbine_1,2026-01-15 00:00:00+00:00,24,0.021284467446818885,0.021284467446818885,False,False,0.04037076648841355,3.36,-2.9,2026-01-14 19:00:00+00:00,5.0,2026-01-14 22:00:00,2026-01-15T00:00:00+05:00,8a5402b6a0a85bafea0094f1dbdc122ccf997f99fde94623fa9706c82d755b38,gfs_seamless,False
turbine_1,2026-01-15 01:00:00+00:00,24,0.016990017284023967,0.016990017284023967,False,False,0.02535218253968254,2.97,-2.7,2026-01-14 19:00:00+00:00,6.0,2026-01-14 22:00:00,2026-01-15T00:00:00+05:00,8a5402b6a0a85bafea0094f1dbdc122ccf997f99fde94623fa9706c82d755b38,gfs_seamless,False
turbine_1,2026-01-15 02:00:00+00:00,24,0.008922804746178665,0.008922804746178665,False,False,0.009988925802879292,0.58,-2.6,2026-01-14 19:00:00+00:00,7.0,2026-01-14 22:00:00,2026-01-15T00:00:00+05:00,8a5402b6a0a85bafea0094f1dbdc122ccf997f99fde94623fa9706c82d755b38,gfs_seamless,False
turbine_1,2026-01-15 03:00:00+00:00,24,0.009848702893166432,0.009848702893166432,False,False,0.009960869565217391,1.03,-1.8,2026-01-14 19:00:00+00:00,8.0,2026-01-14 22:00:00,2026-01-15T00:00:00+05:00,8a5402b6a0a85bafea0094f1dbdc122ccf997f99fde94623fa9706c82d755b38,gfs_seamless,False
turbine_1,2026-01-15 04:00:00+00:00,24,0.01984538958257546,0.01984538958257546,False,False,0.04037076648841355,3.18,-1.9,2026-01-14 19:00:00+00:00,9.0,2026-01-14 22:00:00,2026-01-15T00:00:00+05:00,8a5402b6a0a85bafea0094f1dbdc122ccf997f99fde94623fa9706c82d755b38,gfs_seamless,False
turbine_1,2026-01-15 05:00:00+00:00,24,0.01418822127877921,0.01418822127877921,False,False,0.02535218253968254,2.69,-0.7,2026-01-14 19:00:00+00:00,10.0,2026-01-14 22:00:00,2026-01-15T00:00:00+05:00,8a5402b6a0a85bafea0094f1dbdc122ccf997f99fde94623fa9706c82d755b38,gfs_seamless,False
turbine_1,2026-01-15 06:00:00+00:00,24,0.02165107968722223,0.02165107968722223,False,False,0.04037076648841355,3.4,-0.8,2026-01-14 19:00:00+00:00,11.0,2026-01-14 22:00:00,2026-01-15T00:00:00+05:00,8a5402b6a0a85bafea0094f1dbdc122ccf997f99fde94623fa9706c82d755b38,gfs_seamless,False
turbine_1,2026-01-15 07:00:00+00:00,24,0.14138524063523844,0.14138524063523844,False,False,0.19619146005509644,5.69,-0.8,2026-01-14 19:00:00+00:00,12.0,2026-01-14 22:00:00,2026-01-15T00:00:00+05:00,8a5402b6a0a85bafea0094f1dbdc122ccf997f99fde94623fa9706c82d755b38,gfs_seamless,False
turbine_1,2026-01-15 08:00:00+00:00,24,0.3837860189667237,0.3837860189667237,False,False,0.3988888888888889,7.09,0.8,2026-01-14 19:00:00+00:00,13.0,2026-01-14 22:00:00,2026-01-15T00:00:00+05:00,8a5402b6a0a85bafea0094f1dbdc122ccf997f99fde94623fa9706c82d755b38,gfs_seamless,False
turbine_1,2026-01-15 09:00:00+00:00,24,0.5641197167925884,0.5641197167925884,False,False,0.5477251184834123,8.19,0.7,2026-01-14 19:00:00+00:00,14.0,2026-01-14 22:00:00,2026-01-15T00:00:00+05:00,8a5402b6a0a85bafea0094f1dbdc122ccf997f99fde94623fa9706c82d755b38,gfs_seamless,False
turbine_1,2026-01-15 10:00:00+00:00,24,0.6980761001262359,0.6980761001262359,False,False,0.6949824561403509,9.0,0.7,2026-01-14 19:00:00+00:00,15.0,2026-01-14 22:00:00,2026-01-15T00:00:00+05:00,8a5402b6a0a85bafea0094f1dbdc122ccf997f99fde94623fa9706c82d755b38,gfs_seamless,False
turbine_1,2026-01-15 11:00:00+00:00,24,0.714900617739232,0.714900617739232,False,False,0.6949824561403509,9.11,-0.2,2026-01-14 19:00:00+00:00,16.0,2026-01-14 22:00:00,2026-01-15T00:00:00+05:00,8a5402b6a0a85bafea0094f1dbdc122ccf997f99fde94623fa9706c82d755b38,gfs_seamless,False
turbine_1,2026-01-15 12:00:00+00:00,24,0.49429680422383454,0.49429680422383454,False,False,0.47598876404494384,7.93,-1.4,2026-01-14 19:00:00+00:00,17.0,2026-01-14 22:00:00,2026-01-15T00:00:00+05:00,8a5402b6a0a85bafea0094f1dbdc122ccf997f99fde94623fa9706c82d755b38,gfs_seamless,False
turbine_1,2026-01-15 13:00:00+00:00,24,0.7150781012645477,0.7150781012645477,False,False,0.6949824561403509,9.09,-0.7,2026-01-14 19:00:00+00:00,18.0,2026-01-14 22:00:00,2026-01-15T00:00:00+05:00,8a5402b6a0a85bafea0094f1dbdc122ccf997f99fde94623fa9706c82d755b38,gfs_seamless,False
turbine_1,2026-01-15 14:00:00+00:00,24,0.8833958419527603,0.8833958419527603,False,False,0.8301573581560283,10.25,-1.0,2026-01-14 19:00:00+00:00,19.0,2026-01-14 22:00:00,2026-01-15T00:00:00+05:00,8a5402b6a0a85bafea0094f1dbdc122ccf997f99fde94623fa9706c82d755b38,gfs_seamless,False
turbine_1,2026-01-15 15:00:00+00:00,24,0.901953566856034,0.901953566856034,False,False,0.8929016189290162,10.57,-1.4,2026-01-14 19:00:00+00:00,20.0,2026-01-14 22:00:00,2026-01-15T00:00:00+05:00,8a5402b6a0a85bafea0094f1dbdc122ccf997f99fde94623fa9706c82d755b38,gfs_seamless,False
turbine_1,2026-01-15 16:00:00+00:00,24,0.5206439978493218,0.5206439978493218,False,False,0.5477251184834123,8.08,-1.4,2026-01-14 19:00:00+00:00,21.0,2026-01-14 22:00:00,2026-01-15T00:00:00+05:00,8a5402b6a0a85bafea0094f1dbdc122ccf997f99fde94623fa9706c82d755b38,gfs_seamless,False
turbine_1,2026-01-15 17:00:00+00:00,24,0.39758727990493825,0.39758727990493825,False,False,0.3988888888888889,7.39,-1.7,2026-01-14 19:00:00+00:00,22.0,2026-01-14 22:00:00,2026-01-15T00:00:00+05:00,8a5402b6a0a85bafea0094f1dbdc122ccf997f99fde94623fa9706c82d755b38,gfs_seamless,False
turbine_1,2026-01-15 18:00:00+00:00,24,0.38808725527306387,0.38808725527306387,False,False,0.3988888888888889,7.31,-1.5,2026-01-14 19:00:00+00:00,23.0,2026-01-14 22:00:00,2026-01-15T00:00:00+05:00,8a5402b6a0a85bafea0094f1dbdc122ccf997f99fde94623fa9706c82d755b38,gfs_seamless,False
turbine_1,2026-01-15 19:00:00+00:00,24,0.272768687513591,0.272768687513591,False,False,0.32569707919301416,6.55,-1.6,2026-01-14 19:00:00+00:00,24.0,2026-01-14 22:00:00,2026-01-15T00:00:00+05:00,8a5402b6a0a85bafea0094f1dbdc122ccf997f99fde94623fa9706c82d755b38,gfs_seamless,False
turbine_1,2026-01-15 20:00:00+00:00,48,0.009154776209800297,0.009154776209800297,False,False,0.011037313432835821,1.55,-2.0,2026-01-14 19:00:00+00:00,25.0,2026-01-14 22:00:00,2026-01-15T00:00:00+05:00,8a5402b6a0a85bafea0094f1dbdc122ccf997f99fde94623fa9706c82d755b38,gfs_seamless,False
turbine_1,2026-01-15 21:00:00+00:00,48,0.009443845891330557,0.009443845891330557,False,False,0.016090271424214698,2.14,-2.0,2026-01-14 19:00:00+00:00,26.0,2026-01-14 22:00:00,2026-01-15T00:00:00+05:00,8a5402b6a0a85bafea0094f1dbdc122ccf997f99fde94623fa9706c82d755b38,gfs_seamless,False
turbine_1,2026-01-15 22:00:00+00:00,48,0.02262817971962546,0.02262817971962546,False,False,0.05852465047829286,3.52,-1.7,2026-01-14 19:00:00+00:00,27.0,2026-01-14 22:00:00,2026-01-15T00:00:00+05:00,8a5402b6a0a85bafea0094f1dbdc122ccf997f99fde94623fa9706c82d755b38,gfs_seamless,False
turbine_1,2026-01-15 23:00:00+00:00,48,0.2646489730087005,0.2646489730087005,False,False,0.32569707919301416,6.5,-2.4,2026-01-14 19:00:00+00:00,28.0,2026-01-14 22:00:00,2026-01-15T00:00:00+05:00,8a5402b6a0a85bafea0094f1dbdc122ccf997f99fde94623fa9706c82d755b38,gfs_seamless,False
turbine_1,2026-01-16 00:00:00+00:00,48,0.04608749266973842,0.04608749266973842,False,False,0.0821972860125261,4.46,-1.5,2026-01-14 19:00:00+00:00,29.0,2026-01-14 22:00:00,2026-01-15T00:00:00+05:00,8a5402b6a0a85bafea0094f1dbdc122ccf997f99fde94623fa9706c82d755b38,gfs_seamless,False
turbine_1,2026-01-16 01:00:00+00:00,48,0.1984095799829366,0.1984095799829366,False,False,0.25735207967193907,6.1,-1.5,2026-01-14 19:00:00+00:00,30.0,2026-01-14 22:00:00,2026-01-15T00:00:00+05:00,8a5402b6a0a85bafea0094f1dbdc122ccf997f99fde94623fa9706c82d755b38,gfs_seamless,False
turbine_1,2026-01-16 02:00:00+00:00,48,0.43397739388771445,0.43397739388771445,False,False,0.3988888888888889,7.49,-1.4,2026-01-14 19:00:00+00:00,31.0,2026-01-14 22:00:00,2026-01-15T00:00:00+05:00,8a5402b6a0a85bafea0094f1dbdc122ccf997f99fde94623fa9706c82d755b38,gfs_seamless,False
turbine_1,2026-01-16 03:00:00+00:00,48,0.5164242010002809,0.5164242010002809,False,False,0.5477251184834123,8.08,-1.7,2026-01-14 19:00:00+00:00,32.0,2026-01-14 22:00:00,2026-01-15T00:00:00+05:00,8a5402b6a0a85bafea0094f1dbdc122ccf997f99fde94623fa9706c82d755b38,gfs_seamless,False
turbine_1,2026-01-16 04:00:00+00:00,48,0.8082621767806644,0.8082621767806644,False,False,0.7641420845624386,9.75,-1.8,2026-01-14 19:00:00+00:00,33.0,2026-01-14 22:00:00,2026-01-15T00:00:00+05:00,8a5402b6a0a85bafea0094f1dbdc122ccf997f99fde94623fa9706c82d755b38,gfs_seamless,False
turbine_1,2026-01-16 05:00:00+00:00,48,0.810616316027952,0.810616316027952,False,False,0.7641420845624386,9.66,-2.1,2026-01-14 19:00:00+00:00,34.0,2026-01-14 22:00:00,2026-01-15T00:00:00+05:00,8a5402b6a0a85bafea0094f1dbdc122ccf997f99fde94623fa9706c82d755b38,gfs_seamless,False
turbine_1,2026-01-16 06:00:00+00:00,48,0.9746928369040984,0.9746928369040984,False,False,0.9378537012702585,11.27,-2.5,2026-01-14 19:00:00+00:00,35.0,2026-01-14 22:00:00,2026-01-15T00:00:00+05:00,8a5402b6a0a85bafea0094f1dbdc122ccf997f99fde94623fa9706c82d755b38,gfs_seamless,False
turbine_1,2026-01-16 07:00:00+00:00,48,0.8980448284813161,0.8980448284813161,False,False,0.8301573581560283,10.45,-2.3,2026-01-14 19:00:00+00:00,36.0,2026-01-14 22:00:00,2026-01-15T00:00:00+05:00,8a5402b6a0a85bafea0094f1dbdc122ccf997f99fde94623fa9706c82d755b38,gfs_seamless,False
turbine_1,2026-01-16 08:00:00+00:00,48,0.9660381698165862,0.9660381698165862,False,False,0.9378537012702585,11.13,-2.5,2026-01-14 19:00:00+00:00,37.0,2026-01-14 22:00:00,2026-01-15T00:00:00+05:00,8a5402b6a0a85bafea0094f1dbdc122ccf997f99fde94623fa9706c82d755b38,gfs_seamless,False
turbine_1,2026-01-16 09:00:00+00:00,48,0.9823979393745963,0.9823979393745963,False,False,0.9601641239019879,11.52,-3.0,2026-01-14 19:00:00+00:00,38.0,2026-01-14 22:00:00,2026-01-15T00:00:00+05:00,8a5402b6a0a85bafea0094f1dbdc122ccf997f99fde94623fa9706c82d755b38,gfs_seamless,False
turbine_1,2026-01-16 10:00:00+00:00,48,0.9928294849456044,0.9928294849456044,False,False,0.9769763513513514,13.12,-4.0,2026-01-14 19:00:00+00:00,39.0,2026-01-14 22:00:00,2026-01-15T00:00:00+05:00,8a5402b6a0a85bafea0094f1dbdc122ccf997f99fde94623fa9706c82d755b38,gfs_seamless,False
turbine_1,2026-01-16 11:00:00+00:00,48,0.9958677480000309,0.9958677480000309,False,False,0.9769763513513514,13.16,-4.8,2026-01-14 19:00:00+00:00,40.0,2026-01-14 22:00:00,2026-01-15T00:00:00+05:00,8a5402b6a0a85bafea0094f1dbdc122ccf997f99fde94623fa9706c82d755b38,gfs_seamless,False
turbine_1,2026-01-16 12:00:00+00:00,48,0.9667988904927429,0.9667988904927429,False,False,0.9681453634085212,14.24,-6.1,2026-01-14 19:00:00+00:00,41.0,2026-01-14 22:00:00,2026-01-15T00:00:00+05:00,8a5402b6a0a85bafea0094f1dbdc122ccf997f99fde94623fa9706c82d755b38,gfs_seamless,False
turbine_1,2026-01-16 13:00:00+00:00,48,0.9795849497872601,0.9795849497872601,False,False,0.961047619047619,14.78,-6.7,2026-01-14 19:00:00+00:00,42.0,2026-01-14 22:00:00,2026-01-15T00:00:00+05:00,8a5402b6a0a85bafea0094f1dbdc122ccf997f99fde94623fa9706c82d755b38,gfs_seamless,False
turbine_1,2026-01-16 14:00:00+00:00,48,0.9795849497872601,0.9795849497872601,False,False,0.9650781249999999,15.23,-7.1,2026-01-14 19:00:00+00:00,43.0,2026-01-14 22:00:00,2026-01-15T00:00:00+05:00,8a5402b6a0a85bafea0094f1dbdc122ccf997f99fde94623fa9706c82d755b38,gfs_seamless,False
turbine_1,2026-01-16 15:00:00+00:00,48,0.9976583398019143,0.9976583398019143,False,False,0.961047619047619,14.88,-8.3,2026-01-14 19:00:00+00:00,44.0,2026-01-14 22:00:00,2026-01-15T00:00:00+05:00,8a5402b6a0a85bafea0094f1dbdc122ccf997f99fde94623fa9706c82d755b38,gfs_seamless,False
turbine_1,2026-01-16 16:00:00+00:00,48,0.9976583398019143,0.9976583398019143,False,False,0.961047619047619,14.96,-9.6,2026-01-14 19:00:00+00:00,45.0,2026-01-14 22:00:00,2026-01-15T00:00:00+05:00,8a5402b6a0a85bafea0094f1dbdc122ccf997f99fde94623fa9706c82d755b38,gfs_seamless,False
turbine_1,2026-01-16 17:00:00+00:00,48,0.9671293008785679,0.9671293008785679,False,False,0.9681453634085212,14.24,-9.8,2026-01-14 19:00:00+00:00,46.0,2026-01-14 22:00:00,2026-01-15T00:00:00+05:00,8a5402b6a0a85bafea0094f1dbdc122ccf997f99fde94623fa9706c82d755b38,gfs_seamless,False
turbine_1,2026-01-16 18:00:00+00:00,48,0.9908939358351704,0.9908939358351704,False,False,0.9515384615384614,16.18,-11.3,2026-01-14 19:00:00+00:00,47.0,2026-01-14 22:00:00,2026-01-15T00:00:00+05:00,8a5402b6a0a85bafea0094f1dbdc122ccf997f99fde94623fa9706c82d755b38,gfs_seamless,False
turbine_1,2026-01-16 19:00:00+00:00,48,0.9908939358351704,0.9908939358351704,False,False,0.9894999999999999,16.69,-12.1,2026-01-14 19:00:00+00:00,48.0,2026-01-14 22:00:00,2026-01-15T00:00:00+05:00,8a5402b6a0a85bafea0094f1dbdc122ccf997f99fde94623fa9706c82d755b38,gfs_seamless,False
turbine_2,2026-01-14 20:00:00+00:00,24,0.0980511140291667,0.0980511140291667,False,False,0.143997861289337,5.35,-2.4,2026-01-14 19:00:00+00:00,1.0,2026-01-14 22:00:00,2026-01-15T00:00:00+05:00,d633c2f1ae6f85e9c30f65bad57dddb0737fb42a3c8fe84ebda4cdc65874a07a,gfs_seamless,False
turbine_2,2026-01-14 21:00:00+00:00,24,0.045058119321615825,0.045058119321615825,False,False,0.1063531047265987,4.59,-2.7,2026-01-14 19:00:00+00:00,2.0,2026-01-14 22:00:00,2026-01-15T00:00:00+05:00,d633c2f1ae6f85e9c30f65bad57dddb0737fb42a3c8fe84ebda4cdc65874a07a,gfs_seamless,False
turbine_2,2026-01-14 22:00:00+00:00,24,0.017637814582572655,0.017637814582572655,False,False,0.055667712691771266,3.59,-2.9,2026-01-14 19:00:00+00:00,3.0,2026-01-14 22:00:00,2026-01-15T00:00:00+05:00,d633c2f1ae6f85e9c30f65bad57dddb0737fb42a3c8fe84ebda4cdc65874a07a,gfs_seamless,False
turbine_2,2026-01-14 23:00:00+00:00,24,0.020444262932616034,0.020444262932616034,False,False,0.055667712691771266,3.83,-3.2,2026-01-14 19:00:00+00:00,4.0,2026-01-14 22:00:00,2026-01-15T00:00:00+05:00,d633c2f1ae6f85e9c30f65bad57dddb0737fb42a3c8fe84ebda4cdc65874a07a,gfs_seamless,False
turbine_2,2026-01-15 00:00:00+00:00,24,0.016570647516564316,0.016570647516564316,False,False,0.03731687641174572,3.36,-2.9,2026-01-14 19:00:00+00:00,5.0,2026-01-14 22:00:00,2026-01-15T00:00:00+05:00,d633c2f1ae6f85e9c30f65bad57dddb0737fb42a3c8fe84ebda4cdc65874a07a,gfs_seamless,False
turbine_2,2026-01-15 01:00:00+00:00,24,0.014028863241014355,0.014028863241014355,False,False,0.024097732843137255,2.97,-2.7,2026-01-14 19:00:00+00:00,6.0,2026-01-14 22:00:00,2026-01-15T00:00:00+05:00,d633c2f1ae6f85e9c30f65bad57dddb0737fb42a3c8fe84ebda4cdc65874a07a,gfs_seamless,False
turbine_2,2026-01-15 02:00:00+00:00,24,0.008874471780102916,0.008874471780102916,False,False,0.009930555555555557,0.58,-2.6,2026-01-14 19:00:00+00:00,7.0,2026-01-14 22:00:00,2026-01-15T00:00:00+05:00,d633c2f1ae6f85e9c30f65bad57dddb0737fb42a3c8fe84ebda4cdc65874a07a,gfs_seamless,False
turbine_2,2026-01-15 03:00:00+00:00,24,0.00841399643615693,0.00841399643615693,False,False,0.009706867671691792,1.03,-1.8,2026-01-14 19:00:00+00:00,8.0,2026-01-14 22:00:00,2026-01-15T00:00:00+05:00,d633c2f1ae6f85e9c30f65bad57dddb0737fb42a3c8fe84ebda4cdc65874a07a,gfs_seamless,False
turbine_2,2026-01-15 04:00:00+00:00,24,0.015616506021334775,0.015616506021334775,False,False,0.03731687641174572,3.18,-1.9,2026-01-14 19:00:00+00:00,9.0,2026-01-14 22:00:00,2026-01-15T00:00:00+05:00,d633c2f1ae6f85e9c30f65bad57dddb0737fb42a3c8fe84ebda4cdc65874a07a,gfs_seamless,False
turbine_2,2026-01-15 05:00:00+00:00,24,0.0127025936153751,0.0127025936153751,False,False,0.024097732843137255,2.69,-0.7,2026-01-14 19:00:00+00:00,10.0,2026-01-14 22:00:00,2026-01-15T00:00:00+05:00,d633c2f1ae6f85e9c30f65bad57dddb0737fb42a3c8fe84ebda4cdc65874a07a,gfs_seamless,False
turbine_2,2026-01-15 06:00:00+00:00,24,0.016891502248493975,0.016891502248493975,False,False,0.03731687641174572,3.4,-0.8,2026-01-14 19:00:00+00:00,11.0,2026-01-14 22:00:00,2026-01-15T00:00:00+05:00,d633c2f1ae6f85e9c30f65bad57dddb0737fb42a3c8fe84ebda4cdc65874a07a,gfs_seamless,False
turbine_2,2026-01-15 07:00:00+00:00,24,0.1434516079734104,0.1434516079734104,False,False,0.18904857756307034,5.69,-0.8,2026-01-14 19:00:00+00:00,12.0,2026-01-14 22:00:00,2026-01-15T00:00:00+05:00,d633c2f1ae6f85e9c30f65bad57dddb0737fb42a3c8fe84ebda4cdc65874a07a,gfs_seamless,False
turbine_2,2026-01-15 08:00:00+00:00,24,0.36181122188259723,0.36181122188259723,False,False,0.3889543114543114,7.09,0.8,2026-01-14 19:00:00+00:00,13.0,2026-01-14 22:00:00,2026-01-15T00:00:00+05:00,d633c2f1ae6f85e9c30f65bad57dddb0737fb42a3c8fe84ebda4cdc65874a07a,gfs_seamless,False
turbine_2,2026-01-15 09:00:00+00:00,24,0.5302629501426726,0.5302629501426726,False,False,0.5340149625935162,8.19,0.7,2026-01-14 19:00:00+00:00,14.0,2026-01-14 22:00:00,2026-01-15T00:00:00+05:00,d633c2f1ae6f85e9c30f65bad57dddb0737fb42a3c8fe84ebda4cdc65874a07a,gfs_seamless,False
turbine_2,2026-01-15 10:00:00+00:00,24,0.6767251115311322,0.6767251115311322,False,False,0.674827178030303,9.0,0.7,2026-01-14 19:00:00+00:00,15.0,2026-01-14 22:00:00,2026-01-15T00:00:00+05:00,d633c2f1ae6f85e9c30f65bad57dddb0737fb42a3c8fe84ebda4cdc65874a07a,gfs_seamless,False
turbine_2,2026-01-15 11:00:00+00:00,24,0.6723766714580847,0.6723766714580847,False,False,0.674827178030303,9.11,-0.2,2026-01-14 19:00:00+00:00,16.0,2026-01-14 22:00:00,2026-01-15T00:00:00+05:00,d633c2f1ae6f85e9c30f65bad57dddb0737fb42a3c8fe84ebda4cdc65874a07a,gfs_seamless,False
turbine_2,2026-01-15 12:00:00+00:00,24,0.4792257370587228,0.4792257370587228,False,False,0.4600316789862724,7.93,-1.4,2026-01-14 19:00:00+00:00,17.0,2026-01-14 22:00:00,2026-01-15T00:00:00+05:00,d633c2f1ae6f85e9c30f65bad57dddb0737fb42a3c8fe84ebda4cdc65874a07a,gfs_seamless,False
turbine_2,2026-01-15 13:00:00+00:00,24,0.6674226989918158,0.6674226989918158,False,False,0.674827178030303,9.09,-0.7,2026-01-14 19:00:00+00:00,18.0,2026-01-14 22:00:00,2026-01-15T00:00:00+05:00,d633c2f1ae6f85e9c30f65bad57dddb0737fb42a3c8fe84ebda4cdc65874a07a,gfs_seamless,False
turbine_2,2026-01-15 14:00:00+00:00,24,0.8657727778918931,0.8657727778918931,False,False,0.8245056689342404,10.25,-1.0,2026-01-14 19:00:00+00:00,19.0,2026-01-14 22:00:00,2026-01-15T00:00:00+05:00,d633c2f1ae6f85e9c30f65bad57dddb0737fb42a3c8fe84ebda4cdc65874a07a,gfs_seamless,False
turbine_2,2026-01-15 15:00:00+00:00,24,0.9064843510600329,0.9064843510600329,False,False,0.8846255144032922,10.57,-1.4,2026-01-14 19:00:00+00:00,20.0,2026-01-14 22:00:00,2026-01-15T00:00:00+05:00,d633c2f1ae6f85e9c30f65bad57dddb0737fb42a3c8fe84ebda4cdc65874a07a,gfs_seamless,False
turbine_2,2026-01-15 16:00:00+00:00,24,0.497915041609711,0.497915041609711,False,False,0.5340149625935162,8.08,-1.4,2026-01-14 19:00:00+00:00,21.0,2026-01-14 22:00:00,2026-01-15T00:00:00+05:00,d633c2f1ae6f85e9c30f65bad57dddb0737fb42a3c8fe84ebda4cdc65874a07a,gfs_seamless,False
turbine_2,2026-01-15 17:00:00+00:00,24,0.3925991403878178,0.3925991403878178,False,False,0.3889543114543114,7.39,-1.7,2026-01-14 19:00:00+00:00,22.0,2026-01-14 22:00:00,2026-01-15T00:00:00+05:00,d633c2f1ae6f85e9c30f65bad57dddb0737fb42a3c8fe84ebda4cdc65874a07a,gfs_seamless,False
turbine_2,2026-01-15 18:00:00+00:00,24,0.37943335924602484,0.37943335924602484,False,False,0.3889543114543114,7.31,-1.5,2026-01-14 19:00:00+00:00,23.0,2026-01-14 22:00:00,2026-01-15T00:00:00+05:00,d633c2f1ae6f85e9c30f65bad57dddb0737fb42a3c8fe84ebda4cdc65874a07a,gfs_seamless,False
turbine_2,2026-01-15 19:00:00+00:00,24,0.26152335960201617,0.26152335960201617,False,False,0.3143823356807512,6.55,-1.6,2026-01-14 19:00:00+00:00,24.0,2026-01-14 22:00:00,2026-01-15T00:00:00+05:00,d633c2f1ae6f85e9c30f65bad57dddb0737fb42a3c8fe84ebda4cdc65874a07a,gfs_seamless,False
turbine_2,2026-01-15 20:00:00+00:00,48,0.008660661375003749,0.008660661375003749,False,False,0.010133863965267728,1.55,-2.0,2026-01-14 19:00:00+00:00,25.0,2026-01-14 22:00:00,2026-01-15T00:00:00+05:00,d633c2f1ae6f85e9c30f65bad57dddb0737fb42a3c8fe84ebda4cdc65874a07a,gfs_seamless,False
turbine_2,2026-01-15 21:00:00+00:00,48,0.008331203967475512,0.008331203967475512,False,False,0.014654772265738324,2.14,-2.0,2026-01-14 19:00:00+00:00,26.0,2026-01-14 22:00:00,2026-01-15T00:00:00+05:00,d633c2f1ae6f85e9c30f65bad57dddb0737fb42a3c8fe84ebda4cdc65874a07a,gfs_seamless,False
turbine_2,2026-01-15 22:00:00+00:00,48,0.01714811525491829,0.01714811525491829,False,False,0.055667712691771266,3.52,-1.7,2026-01-14 19:00:00+00:00,27.0,2026-01-14 22:00:00,2026-01-15T00:00:00+05:00,d633c2f1ae6f85e9c30f65bad57dddb0737fb42a3c8fe84ebda4cdc65874a07a,gfs_seamless,False
turbine_2,2026-01-15 23:00:00+00:00,48,0.23000908684641763,0.23000908684641763,False,False,0.3143823356807512,6.5,-2.4,2026-01-14 19:00:00+00:00,28.0,2026-01-14 22:00:00,2026-01-15T00:00:00+05:00,d633c2f1ae6f85e9c30f65bad57dddb0737fb42a3c8fe84ebda4cdc65874a07a,gfs_seamless,False
turbine_2,2026-01-16 00:00:00+00:00,48,0.045219048578758136,0.045219048578758136,False,False,0.07932559704002691,4.46,-1.5,2026-01-14 19:00:00+00:00,29.0,2026-01-14 22:00:00,2026-01-15T00:00:00+05:00,d633c2f1ae6f85e9c30f65bad57dddb0737fb42a3c8fe84ebda4cdc65874a07a,gfs_seamless,False
turbine_2,2026-01-16 01:00:00+00:00,48,0.18457376954770696,0.18457376954770696,False,False,0.24706436200112422,6.1,-1.5,2026-01-14 19:00:00+00:00,30.0,2026-01-14 22:00:00,2026-01-15T00:00:00+05:00,d633c2f1ae6f85e9c30f65bad57dddb0737fb42a3c8fe84ebda4cdc65874a07a,gfs_seamless,False
turbine_2,2026-01-16 02:00:00+00:00,48,0.41249216233572283,0.41249216233572283,False,False,0.3889543114543114,7.49,-1.4,2026-01-14 19:00:00+00:00,31.0,2026-01-14 22:00:00,2026-01-15T00:00:00+05:00,d633c2f1ae6f85e9c30f65bad57dddb0737fb42a3c8fe84ebda4cdc65874a07a,gfs_seamless,False
turbine_2,2026-01-16 03:00:00+00:00,48,0.47554876935941276,0.47554876935941276,False,False,0.5340149625935162,8.08,-1.7,2026-01-14 19:00:00+00:00,32.0,2026-01-14 22:00:00,2026-01-15T00:00:00+05:00,d633c2f1ae6f85e9c30f65bad57dddb0737fb42a3c8fe84ebda4cdc65874a07a,gfs_seamless,False
turbine_2,2026-01-16 04:00:00+00:00,48,0.7757420093541261,0.7757420093541261,False,False,0.7526978239366964,9.75,-1.8,2026-01-14 19:00:00+00:00,33.0,2026-01-14 22:00:00,2026-01-15T00:00:00+05:00,d633c2f1ae6f85e9c30f65bad57dddb0737fb42a3c8fe84ebda4cdc65874a07a,gfs_seamless,False
turbine_2,2026-01-16 05:00:00+00:00,48,0.7376447145093916,0.7376447145093916,False,False,0.7526978239366964,9.66,-2.1,2026-01-14 19:00:00+00:00,34.0,2026-01-14 22:00:00,2026-01-15T00:00:00+05:00,d633c2f1ae6f85e9c30f65bad57dddb0737fb42a3c8fe84ebda4cdc65874a07a,gfs_seamless,False
turbine_2,2026-01-16 06:00:00+00:00,48,0.924757906537533,0.924757906537533,False,False,0.925344560588463,11.27,-2.5,2026-01-14 19:00:00+00:00,35.0,2026-01-14 22:00:00,2026-01-15T00:00:00+05:00,d633c2f1ae6f85e9c30f65bad57dddb0737fb42a3c8fe84ebda4cdc65874a07a,gfs_seamless,False
turbine_2,2026-01-16 07:00:00+00:00,48,0.8399942820237811,0.8399942820237811,False,False,0.8245056689342404,10.45,-2.3,2026-01-14 19:00:00+00:00,36.0,2026-01-14 22:00:00,2026-01-15T00:00:00+05:00,d633c2f1ae6f85e9c30f65bad57dddb0737fb42a3c8fe84ebda4cdc65874a07a,gfs_seamless,False
turbine_2,2026-01-16 08:00:00+00:00,48,0.8950604692411668,0.8950604692411668,False,False,0.925344560588463,11.13,-2.5,2026-01-14 19:00:00+00:00,37.0,2026-01-14 22:00:00,2026-01-15T00:00:00+05:00,d633c2f1ae6f85e9c30f65bad57dddb0737fb42a3c8fe84ebda4cdc65874a07a,gfs_seamless,False
turbine_2,2026-01-16 09:00:00+00:00,48,0.945019485568972,0.945019485568972,False,False,0.9521521456436932,11.52,-3.0,2026-01-14 19:00:00+00:00,38.0,2026-01-14 22:00:00,2026-01-15T00:00:00+05:00,d633c2f1ae6f85e9c30f65bad57dddb0737fb42a3c8fe84ebda4cdc65874a07a,gfs_seamless,False
turbine_2,2026-01-16 10:00:00+00:00,48,0.9832752496957045,0.9832752496957045,False,False,0.9697865853658537,13.12,-4.0,2026-01-14 19:00:00+00:00,39.0,2026-01-14 22:00:00,2026-01-15T00:00:00+05:00,d633c2f1ae6f85e9c30f65bad57dddb0737fb42a3c8fe84ebda4cdc65874a07a,gfs_seamless,False
turbine_2,2026-01-16 11:00:00+00:00,48,0.9856465976793448,0.9856465976793448,False,False,0.9697865853658537,13.16,-4.8,2026-01-14 19:00:00+00:00,40.0,2026-01-14 22:00:00,2026-01-15T00:00:00+05:00,d633c2f1ae6f85e9c30f65bad57dddb0737fb42a3c8fe84ebda4cdc65874a07a,gfs_seamless,False
turbine_2,2026-01-16 12:00:00+00:00,48,0.9019815864262789,0.9019815864262789,False,False,0.9600239808153477,14.24,-6.1,2026-01-14 19:00:00+00:00,41.0,2026-01-14 22:00:00,2026-01-15T00:00:00+05:00,d633c2f1ae6f85e9c30f65bad57dddb0737fb42a3c8fe84ebda4cdc65874a07a,gfs_seamless,False
turbine_2,2026-01-16 13:00:00+00:00,48,0.8924025844142937,0.8924025844142937,False,False,0.9623423423423424,14.78,-6.7,2026-01-14 19:00:00+00:00,42.0,2026-01-14 22:00:00,2026-01-15T00:00:00+05:00,d633c2f1ae6f85e9c30f65bad57dddb0737fb42a3c8fe84ebda4cdc65874a07a,gfs_seamless,False
turbine_2,2026-01-16 14:00:00+00:00,48,0.8821013012284525,0.8821013012284525,False,False,0.9496153846153847,15.23,-7.1,2026-01-14 19:00:00+00:00,43.0,2026-01-14 22:00:00,2026-01-15T00:00:00+05:00,d633c2f1ae6f85e9c30f65bad57dddb0737fb42a3c8fe84ebda4cdc65874a07a,gfs_seamless,False
turbine_2,2026-01-16 15:00:00+00:00,48,0.9255616555566598,0.9255616555566598,False,False,0.9623423423423424,14.88,-8.3,2026-01-14 19:00:00+00:00,44.0,2026-01-14 22:00:00,2026-01-15T00:00:00+05:00,d633c2f1ae6f85e9c30f65bad57dddb0737fb42a3c8fe84ebda4cdc65874a07a,gfs_seamless,False
turbine_2,2026-01-16 16:00:00+00:00,48,0.9717135661601448,0.9717135661601448,False,False,0.9623423423423424,14.96,-9.6,2026-01-14 19:00:00+00:00,45.0,2026-01-14 22:00:00,2026-01-15T00:00:00+05:00,d633c2f1ae6f85e9c30f65bad57dddb0737fb42a3c8fe84ebda4cdc65874a07a,gfs_seamless,False
turbine_2,2026-01-16 17:00:00+00:00,48,0.9013314775083808,0.9013314775083808,False,False,0.9600239808153477,14.24,-9.8,2026-01-14 19:00:00+00:00,46.0,2026-01-14 22:00:00,2026-01-15T00:00:00+05:00,d633c2f1ae6f85e9c30f65bad57dddb0737fb42a3c8fe84ebda4cdc65874a07a,gfs_seamless,False
turbine_2,2026-01-16 18:00:00+00:00,48,0.9721483176519811,0.9721483176519811,False,False,0.9726666666666667,16.18,-11.3,2026-01-14 19:00:00+00:00,47.0,2026-01-14 22:00:00,2026-01-15T00:00:00+05:00,d633c2f1ae6f85e9c30f65bad57dddb0737fb42a3c8fe84ebda4cdc65874a07a,gfs_seamless,False
turbine_2,2026-01-16 19:00:00+00:00,48,0.9721483176519811,0.9721483176519811,False,False,0.972962962962963,16.69,-12.1,2026-01-14 19:00:00+00:00,48.0,2026-01-14 22:00:00,2026-01-15T00:00:00+05:00,d633c2f1ae6f85e9c30f65bad57dddb0737fb42a3c8fe84ebda4cdc65874a07a,gfs_seamless,False
turbine_1,2026-01-15 20:00:00+00:00,24,0.027648022536137816,0.027648022536137816,False,False,0.05847115031238515,3.77,-1.6,2026-01-15 19:00:00+00:00,1.0,2026-01-15 22:00:00,2026-01-16T00:00:00+05:00,e8e891d07dd25938fbd984754c1b97b1980d7470cf7a922b8b96f15126dc6767,gfs_seamless,False
turbine_1,2026-01-15 21:00:00+00:00,24,0.008899962373633014,0.008899962373633014,False,False,0.009960903562119896,1.22,-1.7,2026-01-15 19:00:00+00:00,2.0,2026-01-15 22:00:00,2026-01-16T00:00:00+05:00,e8e891d07dd25938fbd984754c1b97b1980d7470cf7a922b8b96f15126dc6767,gfs_seamless,False
turbine_1,2026-01-15 22:00:00+00:00,24,0.008670907770001275,0.008670907770001275,False,False,0.01103499627699181,1.61,-1.6,2026-01-15 19:00:00+00:00,3.0,2026-01-15 22:00:00,2026-01-16T00:00:00+05:00,e8e891d07dd25938fbd984754c1b97b1980d7470cf7a922b8b96f15126dc6767,gfs_seamless,False
turbine_1,2026-01-15 23:00:00+00:00,24,0.022109130836171352,0.022109130836171352,False,False,0.04030594094628246,3.41,-1.6,2026-01-15 19:00:00+00:00,4.0,2026-01-15 22:00:00,2026-01-16T00:00:00+05:00,e8e891d07dd25938fbd984754c1b97b1980d7470cf7a922b8b96f15126dc6767,gfs_seamless,False
turbine_1,2026-01-16 00:00:00+00:00,24,0.00858560639290521,0.00858560639290521,False,False,0.009988925802879292,0.98,-1.6,2026-01-15 19:00:00+00:00,5.0,2026-01-15 22:00:00,2026-01-16T00:00:00+05:00,e8e891d07dd25938fbd984754c1b97b1980d7470cf7a922b8b96f15126dc6767,gfs_seamless,False
turbine_1,2026-01-16 01:00:00+00:00,24,0.00858560639290521,0.00858560639290521,False,False,0.009988925802879292,0.94,-1.5,2026-01-15 19:00:00+00:00,6.0,2026-01-15 22:00:00,2026-01-16T00:00:00+05:00,e8e891d07dd25938fbd984754c1b97b1980d7470cf7a922b8b96f15126dc6767,gfs_seamless,False
turbine_1,2026-01-16 02:00:00+00:00,24,0.00858560639290521,0.00858560639290521,False,False,0.009988925802879292,0.78,-1.4,2026-01-15 19:00:00+00:00,7.0,2026-01-15 22:00:00,2026-01-16T00:00:00+05:00,e8e891d07dd25938fbd984754c1b97b1980d7470cf7a922b8b96f15126dc6767,gfs_seamless,False
turbine_1,2026-01-16 03:00:00+00:00,24,0.00858560639290521,0.00858560639290521,False,False,0.009988925802879292,0.61,-1.6,2026-01-15 19:00:00+00:00,8.0,2026-01-15 22:00:00,2026-01-16T00:00:00+05:00,e8e891d07dd25938fbd984754c1b97b1980d7470cf7a922b8b96f15126dc6767,gfs_seamless,False
turbine_1,2026-01-16 04:00:00+00:00,24,0.032701516217087404,0.032701516217087404,False,False,0.08202046479361777,4.05,-1.4,2026-01-15 19:00:00+00:00,9.0,2026-01-15 22:00:00,2026-01-16T00:00:00+05:00,e8e891d07dd25938fbd984754c1b97b1980d7470cf7a922b8b96f15126dc6767,gfs_seamless,False
turbine_1,2026-01-16 05:00:00+00:00,24,0.23712946471956708,0.23712946471956708,False,False,0.25735207967193907,6.26,-2.0,2026-01-15 19:00:00+00:00,10.0,2026-01-15 22:00:00,2026-01-16T00:00:00+05:00,e8e891d07dd25938fbd984754c1b97b1980d7470cf7a922b8b96f15126dc6767,gfs_seamless,False
turbine_1,2026-01-16 06:00:00+00:00,24,0.2897979371951354,0.2897979371951354,False,False,0.32559115523465704,6.55,-1.1,2026-01-15 19:00:00+00:00,11.0,2026-01-15 22:00:00,2026-01-16T00:00:00+05:00,e8e891d07dd25938fbd984754c1b97b1980d7470cf7a922b8b96f15126dc6767,gfs_seamless,False
turbine_1,2026-01-16 07:00:00+00:00,24,0.4886530760249533,0.4886530760249533,False,False,0.47598876404494384,7.78,-1.0,2026-01-15 19:00:00+00:00,12.0,2026-01-15 22:00:00,2026-01-16T00:00:00+05:00,e8e891d07dd25938fbd984754c1b97b1980d7470cf7a922b8b96f15126dc6767,gfs_seamless,False
turbine_1,2026-01-16 08:00:00+00:00,24,0.6348227452840051,0.6348227452840051,False,False,0.6263133528265107,8.67,-1.8,2026-01-15 19:00:00+00:00,13.0,2026-01-15 22:00:00,2026-01-16T00:00:00+05:00,e8e891d07dd25938fbd984754c1b97b1980d7470cf7a922b8b96f15126dc6767,gfs_seamless,False
turbine_1,2026-01-16 09:00:00+00:00,24,0.5928049136465419,0.5928049136465419,False,False,0.5477251184834123,8.35,-2.0,2026-01-15 19:00:00+00:00,14.0,2026-01-15 22:00:00,2026-01-16T00:00:00+05:00,e8e891d07dd25938fbd984754c1b97b1980d7470cf7a922b8b96f15126dc6767,gfs_seamless,False
turbine_1,2026-01-16 10:00:00+00:00,24,0.7986467789723138,0.7986467789723138,False,False,0.7641420845624386,9.6,-2.9,2026-01-15 19:00:00+00:00,15.0,2026-01-15 22:00:00,2026-01-16T00:00:00+05:00,e8e891d07dd25938fbd984754c1b97b1980d7470cf7a922b8b96f15126dc6767,gfs_seamless,False
turbine_1,2026-01-16 11:00:00+00:00,24,0.8510082011047208,0.8510082011047208,False,False,0.8301573581560283,10.01,-3.8,2026-01-15 19:00:00+00:00,16.0,2026-01-15 22:00:00,2026-01-16T00:00:00+05:00,e8e891d07dd25938fbd984754c1b97b1980d7470cf7a922b8b96f15126dc6767,gfs_seamless,False
turbine_1,2026-01-16 12:00:00+00:00,24,0.9807669644932874,0.9807669644932874,False,False,0.9601641239019879,11.68,-5.4,2026-01-15 19:00:00+00:00,17.0,2026-01-15 22:00:00,2026-01-16T00:00:00+05:00,e8e891d07dd25938fbd984754c1b97b1980d7470cf7a922b8b96f15126dc6767,gfs_seamless,False
turbine_1,2026-01-16 13:00:00+00:00,24,0.9740191339049804,0.9740191339049804,False,False,0.9580719557195572,12.13,-6.1,2026-01-15 19:00:00+00:00,18.0,2026-01-15 22:00:00,2026-01-16T00:00:00+05:00,e8e891d07dd25938fbd984754c1b97b1980d7470cf7a922b8b96f15126dc6767,gfs_seamless,False
turbine_1,2026-01-16 14:00:00+00:00,24,0.9614064455087481,0.9614064455087481,False,False,0.9601641239019879,11.81,-6.6,2026-01-15 19:00:00+00:00,19.0,2026-01-15 22:00:00,2026-01-16T00:00:00+05:00,e8e891d07dd25938fbd984754c1b97b1980d7470cf7a922b8b96f15126dc6767,gfs_seamless,False
turbine_1,2026-01-16 15:00:00+00:00,24,0.9941783212842662,0.9941783212842662,False,False,0.9580719557195572,12.24,-7.4,2026-01-15 19:00:00+00:00,20.0,2026-01-15 22:00:00,2026-01-16T00:00:00+05:00,e8e891d07dd25938fbd984754c1b97b1980d7470cf7a922b8b96f15126dc6767,gfs_seamless,False
turbine_1,2026-01-16 16:00:00+00:00,24,0.9921223126474328,0.9921223126474328,False,False,0.965644891122278,13.88,-8.5,2026-01-15 19:00:00+00:00,21.0,2026-01-15 22:00:00,2026-01-16T00:00:00+05:00,e8e891d07dd25938fbd984754c1b97b1980d7470cf7a922b8b96f15126dc6767,gfs_seamless,False
turbine_1,2026-01-16 17:00:00+00:00,24,0.9921223126474328,0.9921223126474328,False,False,0.965644891122278,13.92,-9.3,2026-01-15 19:00:00+00:00,22.0,2026-01-15 22:00:00,2026-01-16T00:00:00+05:00,e8e891d07dd25938fbd984754c1b97b1980d7470cf7a922b8b96f15126dc6767,gfs_seamless,False
turbine_1,2026-01-16 18:00:00+00:00,24,0.9909353909118573,0.9909353909118573,False,False,0.9650781249999999,15.47,-10.2,2026-01-15 19:00:00+00:00,23.0,2026-01-15 22:00:00,2026-01-16T00:00:00+05:00,e8e891d07dd25938fbd984754c1b97b1980d7470cf7a922b8b96f15126dc6767,gfs_seamless,False
turbine_1,2026-01-16 19:00:00+00:00,24,0.9909353909118573,0.9909353909118573,False,False,0.9891975308641974,15.54,-11.0,2026-01-15 19:00:00+00:00,24.0,2026-01-15 22:00:00,2026-01-16T00:00:00+05:00,e8e891d07dd25938fbd984754c1b97b1980d7470cf7a922b8b96f15126dc6767,gfs_seamless,False
turbine_1,2026-01-16 20:00:00+00:00,48,0.9909353909118573,0.9909353909118573,False,False,0.9877272727272726,17.48,-12.5,2026-01-15 19:00:00+00:00,25.0,2026-01-15 22:00:00,2026-01-16T00:00:00+05:00,e8e891d07dd25938fbd984754c1b97b1980d7470cf7a922b8b96f15126dc6767,gfs_seamless,False
turbine_1,2026-01-16 21:00:00+00:00,48,0.9923232283105412,0.9923232283105412,False,False,0.9877272727272726,17.2,-13.2,2026-01-15 19:00:00+00:00,26.0,2026-01-15 22:00:00,2026-01-16T00:00:00+05:00,e8e891d07dd25938fbd984754c1b97b1980d7470cf7a922b8b96f15126dc6767,gfs_seamless,False
turbine_1,2026-01-16 22:00:00+00:00,48,0.9923232283105412,0.9923232283105412,False,False,0.9894999999999999,16.76,-14.1,2026-01-15 19:00:00+00:00,27.0,2026-01-15 22:00:00,2026-01-16T00:00:00+05:00,e8e891d07dd25938fbd984754c1b97b1980d7470cf7a922b8b96f15126dc6767,gfs_seamless,False
turbine_1,2026-01-16 23:00:00+00:00,48,0.9923232283105412,0.9923232283105412,False,False,0.9515384615384614,16.03,-14.7,2026-01-15 19:00:00+00:00,28.0,2026-01-15 22:00:00,2026-01-16T00:00:00+05:00,e8e891d07dd25938fbd984754c1b97b1980d7470cf7a922b8b96f15126dc6767,gfs_seamless,False
turbine_1,2026-01-17 00:00:00+00:00,48,0.9923232283105412,0.9923232283105412,False,False,0.9874999999999999,18.75,-15.6,2026-01-15 19:00:00+00:00,29.0,2026-01-15 22:00:00,2026-01-16T00:00:00+05:00,e8e891d07dd25938fbd984754c1b97b1980d7470cf7a922b8b96f15126dc6767,gfs_seamless,False
turbine_1,2026-01-17 01:00:00+00:00,48,0.9923232283105412,0.9923232283105412,False,False,0.9877272727272726,17.25,-15.7,2026-01-15 19:00:00+00:00,30.0,2026-01-15 22:00:00,2026-01-16T00:00:00+05:00,e8e891d07dd25938fbd984754c1b97b1980d7470cf7a922b8b96f15126dc6767,gfs_seamless,False
turbine_1,2026-01-17 02:00:00+00:00,48,0.9923232283105412,0.9923232283105412,False,False,0.9515384615384614,16.42,-16.0,2026-01-15 19:00:00+00:00,31.0,2026-01-15 22:00:00,2026-01-16T00:00:00+05:00,e8e891d07dd25938fbd984754c1b97b1980d7470cf7a922b8b96f15126dc6767,gfs_seamless,False
turbine_1,2026-01-17 03:00:00+00:00,48,0.9923232283105412,0.9923232283105412,False,False,0.9877272727272726,17.16,-16.0,2026-01-15 19:00:00+00:00,32.0,2026-01-15 22:00:00,2026-01-16T00:00:00+05:00,e8e891d07dd25938fbd984754c1b97b1980d7470cf7a922b8b96f15126dc6767,gfs_seamless,False
turbine_1,2026-01-17 04:00:00+00:00,48,0.9951981932159604,0.9951981932159604,False,False,0.9650781249999999,15.26,-15.6,2026-01-15 19:00:00+00:00,33.0,2026-01-15 22:00:00,2026-01-16T00:00:00+05:00,e8e891d07dd25938fbd984754c1b97b1980d7470cf7a922b8b96f15126dc6767,gfs_seamless,False
turbine_1,2026-01-17 05:00:00+00:00,48,0.99366352616053,0.99366352616053,False,False,0.965644891122278,13.89,-15.2,2026-01-15 19:00:00+00:00,34.0,2026-01-15 22:00:00,2026-01-16T00:00:00+05:00,e8e891d07dd25938fbd984754c1b97b1980d7470cf7a922b8b96f15126dc6767,gfs_seamless,False
turbine_1,2026-01-17 06:00:00+00:00,48,0.9926419765371932,0.9926419765371932,False,False,0.9769763513513514,13.24,-13.2,2026-01-15 19:00:00+00:00,35.0,2026-01-15 22:00:00,2026-01-16T00:00:00+05:00,e8e891d07dd25938fbd984754c1b97b1980d7470cf7a922b8b96f15126dc6767,gfs_seamless,False
turbine_1,2026-01-17 07:00:00+00:00,48,0.9893866245960149,0.9893866245960149,False,False,0.9580719557195572,12.15,-12.7,2026-01-15 19:00:00+00:00,36.0,2026-01-15 22:00:00,2026-01-16T00:00:00+05:00,e8e891d07dd25938fbd984754c1b97b1980d7470cf7a922b8b96f15126dc6767,gfs_seamless,False
turbine_1,2026-01-17 08:00:00+00:00,48,0.971940267182024,0.971940267182024,False,False,0.9378537012702585,11.15,-12.2,2026-01-15 19:00:00+00:00,37.0,2026-01-15 22:00:00,2026-01-16T00:00:00+05:00,e8e891d07dd25938fbd984754c1b97b1980d7470cf7a922b8b96f15126dc6767,gfs_seamless,False
turbine_1,2026-01-17 09:00:00+00:00,48,0.8728933131718178,0.8728933131718178,False,False,0.8301573581560283,10.11,-11.9,2026-01-15 19:00:00+00:00,38.0,2026-01-15 22:00:00,2026-01-16T00:00:00+05:00,e8e891d07dd25938fbd984754c1b97b1980d7470cf7a922b8b96f15126dc6767,gfs_seamless,False
turbine_1,2026-01-17 10:00:00+00:00,48,0.6302561518078402,0.6302561518078402,False,False,0.6263133528265107,8.72,-12.0,2026-01-15 19:00:00+00:00,39.0,2026-01-15 22:00:00,2026-01-16T00:00:00+05:00,e8e891d07dd25938fbd984754c1b97b1980d7470cf7a922b8b96f15126dc6767,gfs_seamless,False
turbine_1,2026-01-17 11:00:00+00:00,48,0.32376170742269766,0.32376170742269766,False,False,0.3988888888888889,7.24,-12.5,2026-01-15 19:00:00+00:00,40.0,2026-01-15 22:00:00,2026-01-16T00:00:00+05:00,e8e891d07dd25938fbd984754c1b97b1980d7470cf7a922b8b96f15126dc6767,gfs_seamless,False
turbine_1,2026-01-17 12:00:00+00:00,48,0.060304295428621923,0.060304295428621923,False,False,0.19587177375068643,5.66,-13.2,2026-01-15 19:00:00+00:00,41.0,2026-01-15 22:00:00,2026-01-16T00:00:00+05:00,e8e891d07dd25938fbd984754c1b97b1980d7470cf7a922b8b96f15126dc6767,gfs_seamless,False
turbine_1,2026-01-17 13:00:00+00:00,48,0.04027959212691795,0.04027959212691795,False,False,0.11243145028080608,4.82,-13.2,2026-01-15 19:00:00+00:00,42.0,2026-01-15 22:00:00,2026-01-16T00:00:00+05:00,e8e891d07dd25938fbd984754c1b97b1980d7470cf7a922b8b96f15126dc6767,gfs_seamless,False
turbine_1,2026-01-17 14:00:00+00:00,48,0.028584822264914104,0.028584822264914104,False,False,0.08202046479361777,4.48,-13.2,2026-01-15 19:00:00+00:00,43.0,2026-01-15 22:00:00,2026-01-16T00:00:00+05:00,e8e891d07dd25938fbd984754c1b97b1980d7470cf7a922b8b96f15126dc6767,gfs_seamless,False
turbine_1,2026-01-17 15:00:00+00:00,48,0.013457390958446535,0.013457390958446535,False,False,0.04030594094628246,3.4,-13.2,2026-01-15 19:00:00+00:00,44.0,2026-01-15 22:00:00,2026-01-16T00:00:00+05:00,e8e891d07dd25938fbd984754c1b97b1980d7470cf7a922b8b96f15126dc6767,gfs_seamless,False
turbine_1,2026-01-17 16:00:00+00:00,48,0.003449582913966396,0.005,True,False,0.01103499627699181,1.84,-13.2,2026-01-15 19:00:00+00:00,45.0,2026-01-15 22:00:00,2026-01-16T00:00:00+05:00,e8e891d07dd25938fbd984754c1b97b1980d7470cf7a922b8b96f15126dc6767,gfs_seamless,False
turbine_1,2026-01-17 17:00:00+00:00,48,0.0034168834970314957,0.005,True,False,0.01103499627699181,1.7,-13.6,2026-01-15 19:00:00+00:00,46.0,2026-01-15 22:00:00,2026-01-16T00:00:00+05:00,e8e891d07dd25938fbd984754c1b97b1980d7470cf7a922b8b96f15126dc6767,gfs_seamless,False
turbine_1,2026-01-17 18:00:00+00:00,48,0.003331582119935432,0.005,True,False,0.009960903562119896,1.3,-13.8,2026-01-15 19:00:00+00:00,47.0,2026-01-15 22:00:00,2026-01-16T00:00:00+05:00,e8e891d07dd25938fbd984754c1b97b1980d7470cf7a922b8b96f15126dc6767,gfs_seamless,False
turbine_1,2026-01-17 19:00:00+00:00,48,0.003331582119935432,0.005,True,False,0.01,0.41,-13.8,2026-01-15 19:00:00+00:00,48.0,2026-01-15 22:00:00,2026-01-16T00:00:00+05:00,e8e891d07dd25938fbd984754c1b97b1980d7470cf7a922b8b96f15126dc6767,gfs_seamless,False
turbine_2,2026-01-15 20:00:00+00:00,24,0.023635497684438723,0.023635497684438723,False,False,0.05561999303378613,3.77,-1.6,2026-01-15 19:00:00+00:00,1.0,2026-01-15 22:00:00,2026-01-16T00:00:00+05:00,5bd33a9e406eb28f8061bc11f4652bb3cac5c99486da8fae4fddb0a85b7d6e58,gfs_seamless,False
turbine_2,2026-01-15 21:00:00+00:00,24,0.007340420389572508,0.007340420389572508,False,False,0.009707112970711296,1.22,-1.7,2026-01-15 19:00:00+00:00,2.0,2026-01-15 22:00:00,2026-01-16T00:00:00+05:00,5bd33a9e406eb28f8061bc11f4652bb3cac5c99486da8fae4fddb0a85b7d6e58,gfs_seamless,False
turbine_2,2026-01-15 22:00:00+00:00,24,0.008801211479527282,0.008801211479527282,False,False,0.010133574007220217,1.61,-1.6,2026-01-15 19:00:00+00:00,3.0,2026-01-15 22:00:00,2026-01-16T00:00:00+05:00,5bd33a9e406eb28f8061bc11f4652bb3cac5c99486da8fae4fddb0a85b7d6e58,gfs_seamless,False
turbine_2,2026-01-15 23:00:00+00:00,24,0.015562596440022775,0.015562596440022775,False,False,0.037285622179239204,3.41,-1.6,2026-01-15 19:00:00+00:00,4.0,2026-01-15 22:00:00,2026-01-16T00:00:00+05:00,5bd33a9e406eb28f8061bc11f4652bb3cac5c99486da8fae4fddb0a85b7d6e58,gfs_seamless,False
turbine_2,2026-01-16 00:00:00+00:00,24,0.008801211479527282,0.008801211479527282,False,False,0.009930555555555557,0.98,-1.6,2026-01-15 19:00:00+00:00,5.0,2026-01-15 22:00:00,2026-01-16T00:00:00+05:00,5bd33a9e406eb28f8061bc11f4652bb3cac5c99486da8fae4fddb0a85b7d6e58,gfs_seamless,False
turbine_2,2026-01-16 01:00:00+00:00,24,0.008801211479527282,0.008801211479527282,False,False,0.009930555555555557,0.94,-1.5,2026-01-15 19:00:00+00:00,6.0,2026-01-15 22:00:00,2026-01-16T00:00:00+05:00,5bd33a9e406eb28f8061bc11f4652bb3cac5c99486da8fae4fddb0a85b7d6e58,gfs_seamless,False
turbine_2,2026-01-16 02:00:00+00:00,24,0.008801211479527282,0.008801211479527282,False,False,0.009930555555555557,0.78,-1.4,2026-01-15 19:00:00+00:00,7.0,2026-01-15 22:00:00,2026-01-16T00:00:00+05:00,5bd33a9e406eb28f8061bc11f4652bb3cac5c99486da8fae4fddb0a85b7d6e58,gfs_seamless,False
turbine_2,2026-01-16 03:00:00+00:00,24,0.008801211479527282,0.008801211479527282,False,False,0.009930555555555557,0.61,-1.6,2026-01-15 19:00:00+00:00,8.0,2026-01-15 22:00:00,2026-01-16T00:00:00+05:00,5bd33a9e406eb28f8061bc11f4652bb3cac5c99486da8fae4fddb0a85b7d6e58,gfs_seamless,False
turbine_2,2026-01-16 04:00:00+00:00,24,0.029050987631479498,0.029050987631479498,False,False,0.07932559704002691,4.05,-1.4,2026-01-15 19:00:00+00:00,9.0,2026-01-15 22:00:00,2026-01-16T00:00:00+05:00,5bd33a9e406eb28f8061bc11f4652bb3cac5c99486da8fae4fddb0a85b7d6e58,gfs_seamless,False
turbine_2,2026-01-16 05:00:00+00:00,24,0.2043658971768855,0.2043658971768855,False,False,0.24706436200112422,6.26,-2.0,2026-01-15 19:00:00+00:00,10.0,2026-01-15 22:00:00,2026-01-16T00:00:00+05:00,5bd33a9e406eb28f8061bc11f4652bb3cac5c99486da8fae4fddb0a85b7d6e58,gfs_seamless,False
turbine_2,2026-01-16 06:00:00+00:00,24,0.2694526859330449,0.2694526859330449,False,False,0.31422310172969803,6.55,-1.1,2026-01-15 19:00:00+00:00,11.0,2026-01-15 22:00:00,2026-01-16T00:00:00+05:00,5bd33a9e406eb28f8061bc11f4652bb3cac5c99486da8fae4fddb0a85b7d6e58,gfs_seamless,False
turbine_2,2026-01-16 07:00:00+00:00,24,0.4530342883742367,0.4530342883742367,False,False,0.4600316789862724,7.78,-1.0,2026-01-15 19:00:00+00:00,12.0,2026-01-15 22:00:00,2026-01-16T00:00:00+05:00,5bd33a9e406eb28f8061bc11f4652bb3cac5c99486da8fae4fddb0a85b7d6e58,gfs_seamless,False
turbine_2,2026-01-16 08:00:00+00:00,24,0.570547629488954,0.570547629488954,False,False,0.615759009009009,8.67,-1.8,2026-01-15 19:00:00+00:00,13.0,2026-01-15 22:00:00,2026-01-16T00:00:00+05:00,5bd33a9e406eb28f8061bc11f4652bb3cac5c99486da8fae4fddb0a85b7d6e58,gfs_seamless,False
turbine_2,2026-01-16 09:00:00+00:00,24,0.5243603590116065,0.5243603590116065,False,False,0.5340149625935162,8.35,-2.0,2026-01-15 19:00:00+00:00,14.0,2026-01-15 22:00:00,2026-01-16T00:00:00+05:00,5bd33a9e406eb28f8061bc11f4652bb3cac5c99486da8fae4fddb0a85b7d6e58,gfs_seamless,False
turbine_2,2026-01-16 10:00:00+00:00,24,0.7699298618517396,0.7699298618517396,False,False,0.7526978239366964,9.6,-2.9,2026-01-15 19:00:00+00:00,15.0,2026-01-15 22:00:00,2026-01-16T00:00:00+05:00,5bd33a9e406eb28f8061bc11f4652bb3cac5c99486da8fae4fddb0a85b7d6e58,gfs_seamless,False
turbine_2,2026-01-16 11:00:00+00:00,24,0.8340050846447619,0.8340050846447619,False,False,0.8245056689342404,10.01,-3.8,2026-01-15 19:00:00+00:00,16.0,2026-01-15 22:00:00,2026-01-16T00:00:00+05:00,5bd33a9e406eb28f8061bc11f4652bb3cac5c99486da8fae4fddb0a85b7d6e58,gfs_seamless,False
turbine_2,2026-01-16 12:00:00+00:00,24,0.9735196603140301,0.9735196603140301,False,False,0.9521521456436932,11.68,-5.4,2026-01-15 19:00:00+00:00,17.0,2026-01-15 22:00:00,2026-01-16T00:00:00+05:00,5bd33a9e406eb28f8061bc11f4652bb3cac5c99486da8fae4fddb0a85b7d6e58,gfs_seamless,False
turbine_2,2026-01-16 13:00:00+00:00,24,0.9285399949238858,0.9285399949238858,False,False,0.9572317351598173,12.13,-6.1,2026-01-15 19:00:00+00:00,18.0,2026-01-15 22:00:00,2026-01-16T00:00:00+05:00,5bd33a9e406eb28f8061bc11f4652bb3cac5c99486da8fae4fddb0a85b7d6e58,gfs_seamless,False
turbine_2,2026-01-16 14:00:00+00:00,24,0.9444840314579046,0.9444840314579046,False,False,0.9521521456436932,11.81,-6.6,2026-01-15 19:00:00+00:00,19.0,2026-01-15 22:00:00,2026-01-16T00:00:00+05:00,5bd33a9e406eb28f8061bc11f4652bb3cac5c99486da8fae4fddb0a85b7d6e58,gfs_seamless,False
turbine_2,2026-01-16 15:00:00+00:00,24,0.9460353143098092,0.9460353143098092,False,False,0.9572317351598173,12.24,-7.4,2026-01-15 19:00:00+00:00,20.0,2026-01-15 22:00:00,2026-01-16T00:00:00+05:00,5bd33a9e406eb28f8061bc11f4652bb3cac5c99486da8fae4fddb0a85b7d6e58,gfs_seamless,False
turbine_2,2026-01-16 16:00:00+00:00,24,0.9654738485972615,0.9654738485972615,False,False,0.9610872675250358,13.88,-8.5,2026-01-15 19:00:00+00:00,21.0,2026-01-15 22:00:00,2026-01-16T00:00:00+05:00,5bd33a9e406eb28f8061bc11f4652bb3cac5c99486da8fae4fddb0a85b7d6e58,gfs_seamless,False
turbine_2,2026-01-16 17:00:00+00:00,24,0.9654738485972615,0.9654738485972615,False,False,0.9610872675250358,13.92,-9.3,2026-01-15 19:00:00+00:00,22.0,2026-01-15 22:00:00,2026-01-16T00:00:00+05:00,5bd33a9e406eb28f8061bc11f4652bb3cac5c99486da8fae4fddb0a85b7d6e58,gfs_seamless,False
turbine_2,2026-01-16 18:00:00+00:00,24,0.9633324897139841,0.9633324897139841,False,False,0.9496153846153847,15.47,-10.2,2026-01-15 19:00:00+00:00,23.0,2026-01-15 22:00:00,2026-01-16T00:00:00+05:00,5bd33a9e406eb28f8061bc11f4652bb3cac5c99486da8fae4fddb0a85b7d6e58,gfs_seamless,False
turbine_2,2026-01-16 19:00:00+00:00,24,0.9779415611550835,0.9779415611550835,False,False,0.9336178861788619,15.54,-11.0,2026-01-15 19:00:00+00:00,24.0,2026-01-15 22:00:00,2026-01-16T00:00:00+05:00,5bd33a9e406eb28f8061bc11f4652bb3cac5c99486da8fae4fddb0a85b7d6e58,gfs_seamless,False
turbine_2,2026-01-16 20:00:00+00:00,48,0.9890403243135939,0.9890403243135939,False,False,0.9443333333333334,17.48,-12.5,2026-01-15 19:00:00+00:00,25.0,2026-01-15 22:00:00,2026-01-16T00:00:00+05:00,5bd33a9e406eb28f8061bc11f4652bb3cac5c99486da8fae4fddb0a85b7d6e58,gfs_seamless,False
turbine_2,2026-01-16 21:00:00+00:00,48,0.9890403243135939,0.9890403243135939,False,False,0.9443333333333334,17.2,-13.2,2026-01-15 19:00:00+00:00,26.0,2026-01-15 22:00:00,2026-01-16T00:00:00+05:00,5bd33a9e406eb28f8061bc11f4652bb3cac5c99486da8fae4fddb0a85b7d6e58,gfs_seamless,False
turbine_2,2026-01-16 22:00:00+00:00,48,0.9890403243135939,0.9890403243135939,False,False,0.972962962962963,16.76,-14.1,2026-01-15 19:00:00+00:00,27.0,2026-01-15 22:00:00,2026-01-16T00:00:00+05:00,5bd33a9e406eb28f8061bc11f4652bb3cac5c99486da8fae4fddb0a85b7d6e58,gfs_seamless,False
turbine_2,2026-01-16 23:00:00+00:00,48,0.9890403243135939,0.9890403243135939,False,False,0.9726666666666667,16.03,-14.7,2026-01-15 19:00:00+00:00,28.0,2026-01-15 22:00:00,2026-01-16T00:00:00+05:00,5bd33a9e406eb28f8061bc11f4652bb3cac5c99486da8fae4fddb0a85b7d6e58,gfs_seamless,False
turbine_2,2026-01-17 00:00:00+00:00,48,0.9890403243135939,0.9890403243135939,False,False,0.9766666666666668,18.75,-15.6,2026-01-15 19:00:00+00:00,29.0,2026-01-15 22:00:00,2026-01-16T00:00:00+05:00,5bd33a9e406eb28f8061bc11f4652bb3cac5c99486da8fae4fddb0a85b7d6e58,gfs_seamless,False
turbine_2,2026-01-17 01:00:00+00:00,48,0.9890403243135939,0.9890403243135939,False,False,0.9443333333333334,17.25,-15.7,2026-01-15 19:00:00+00:00,30.0,2026-01-15 22:00:00,2026-01-16T00:00:00+05:00,5bd33a9e406eb28f8061bc11f4652bb3cac5c99486da8fae4fddb0a85b7d6e58,gfs_seamless,False
turbine_2,2026-01-17 02:00:00+00:00,48,0.9890403243135939,0.9890403243135939,False,False,0.9726666666666667,16.42,-16.0,2026-01-15 19:00:00+00:00,31.0,2026-01-15 22:00:00,2026-01-16T00:00:00+05:00,5bd33a9e406eb28f8061bc11f4652bb3cac5c99486da8fae4fddb0a85b7d6e58,gfs_seamless,False
turbine_2,2026-01-17 03:00:00+00:00,48,0.9890403243135939,0.9890403243135939,False,False,0.9443333333333334,17.16,-16.0,2026-01-15 19:00:00+00:00,32.0,2026-01-15 22:00:00,2026-01-16T00:00:00+05:00,5bd33a9e406eb28f8061bc11f4652bb3cac5c99486da8fae4fddb0a85b7d6e58,gfs_seamless,False
turbine_2,2026-01-17 04:00:00+00:00,48,0.9795339882488682,0.9795339882488682,False,False,0.9496153846153847,15.26,-15.6,2026-01-15 19:00:00+00:00,33.0,2026-01-15 22:00:00,2026-01-16T00:00:00+05:00,5bd33a9e406eb28f8061bc11f4652bb3cac5c99486da8fae4fddb0a85b7d6e58,gfs_seamless,False
turbine_2,2026-01-17 05:00:00+00:00,48,0.9699952581278103,0.9699952581278103,False,False,0.9610872675250358,13.89,-15.2,2026-01-15 19:00:00+00:00,34.0,2026-01-15 22:00:00,2026-01-16T00:00:00+05:00,5bd33a9e406eb28f8061bc11f4652bb3cac5c99486da8fae4fddb0a85b7d6e58,gfs_seamless,False
turbine_2,2026-01-17 06:00:00+00:00,48,0.9702181953160405,0.9702181953160405,False,False,0.9697865853658537,13.24,-13.2,2026-01-15 19:00:00+00:00,35.0,2026-01-15 22:00:00,2026-01-16T00:00:00+05:00,5bd33a9e406eb28f8061bc11f4652bb3cac5c99486da8fae4fddb0a85b7d6e58,gfs_seamless,False
turbine_2,2026-01-17 07:00:00+00:00,48,0.9445200825441011,0.9445200825441011,False,False,0.9572317351598173,12.15,-12.7,2026-01-15 19:00:00+00:00,36.0,2026-01-15 22:00:00,2026-01-16T00:00:00+05:00,5bd33a9e406eb28f8061bc11f4652bb3cac5c99486da8fae4fddb0a85b7d6e58,gfs_seamless,False
turbine_2,2026-01-17 08:00:00+00:00,48,0.9494278850542174,0.9494278850542174,False,False,0.925344560588463,11.15,-12.2,2026-01-15 19:00:00+00:00,37.0,2026-01-15 22:00:00,2026-01-16T00:00:00+05:00,5bd33a9e406eb28f8061bc11f4652bb3cac5c99486da8fae4fddb0a85b7d6e58,gfs_seamless,False
turbine_2,2026-01-17 09:00:00+00:00,48,0.8721871516111159,0.8721871516111159,False,False,0.8245056689342404,10.11,-11.9,2026-01-15 19:00:00+00:00,38.0,2026-01-15 22:00:00,2026-01-16T00:00:00+05:00,5bd33a9e406eb28f8061bc11f4652bb3cac5c99486da8fae4fddb0a85b7d6e58,gfs_seamless,False
turbine_2,2026-01-17 10:00:00+00:00,48,0.5826035601334151,0.5826035601334151,False,False,0.615759009009009,8.72,-12.0,2026-01-15 19:00:00+00:00,39.0,2026-01-15 22:00:00,2026-01-16T00:00:00+05:00,5bd33a9e406eb28f8061bc11f4652bb3cac5c99486da8fae4fddb0a85b7d6e58,gfs_seamless,False
turbine_2,2026-01-17 11:00:00+00:00,48,0.3078064716085874,0.3078064716085874,False,False,0.3888572806171649,7.24,-12.5,2026-01-15 19:00:00+00:00,40.0,2026-01-15 22:00:00,2026-01-16T00:00:00+05:00,5bd33a9e406eb28f8061bc11f4652bb3cac5c99486da8fae4fddb0a85b7d6e58,gfs_seamless,False
turbine_2,2026-01-17 12:00:00+00:00,48,0.06193489761588252,0.06193489761588252,False,False,0.18883534136546185,5.66,-13.2,2026-01-15 19:00:00+00:00,41.0,2026-01-15 22:00:00,2026-01-16T00:00:00+05:00,5bd33a9e406eb28f8061bc11f4652bb3cac5c99486da8fae4fddb0a85b7d6e58,gfs_seamless,False
turbine_2,2026-01-17 13:00:00+00:00,48,0.030193968575294307,0.030193968575294307,False,False,0.10597785977859778,4.82,-13.2,2026-01-15 19:00:00+00:00,42.0,2026-01-15 22:00:00,2026-01-16T00:00:00+05:00,5bd33a9e406eb28f8061bc11f4652bb3cac5c99486da8fae4fddb0a85b7d6e58,gfs_seamless,False
turbine_2,2026-01-17 14:00:00+00:00,48,0.023925619208407852,0.023925619208407852,False,False,0.07932559704002691,4.48,-13.2,2026-01-15 19:00:00+00:00,43.0,2026-01-15 22:00:00,2026-01-16T00:00:00+05:00,5bd33a9e406eb28f8061bc11f4652bb3cac5c99486da8fae4fddb0a85b7d6e58,gfs_seamless,False
turbine_2,2026-01-17 15:00:00+00:00,48,0.011286538385181732,0.011286538385181732,False,False,0.037285622179239204,3.4,-13.2,2026-01-15 19:00:00+00:00,44.0,2026-01-15 22:00:00,2026-01-16T00:00:00+05:00,5bd33a9e406eb28f8061bc11f4652bb3cac5c99486da8fae4fddb0a85b7d6e58,gfs_seamless,False
turbine_2,2026-01-17 16:00:00+00:00,48,0.006818521062588873,0.006818521062588873,False,False,0.010133574007220217,1.84,-13.2,2026-01-15 19:00:00+00:00,45.0,2026-01-15 22:00:00,2026-01-16T00:00:00+05:00,5bd33a9e406eb28f8061bc11f4652bb3cac5c99486da8fae4fddb0a85b7d6e58,gfs_seamless,False
turbine_2,2026-01-17 17:00:00+00:00,48,0.006818521062588873,0.006818521062588873,False,False,0.010133574007220217,1.7,-13.6,2026-01-15 19:00:00+00:00,46.0,2026-01-15 22:00:00,2026-01-16T00:00:00+05:00,5bd33a9e406eb28f8061bc11f4652bb3cac5c99486da8fae4fddb0a85b7d6e58,gfs_seamless,False
turbine_2,2026-01-17 18:00:00+00:00,48,0.006818521062588873,0.006818521062588873,False,False,0.009707112970711296,1.3,-13.8,2026-01-15 19:00:00+00:00,47.0,2026-01-15 22:00:00,2026-01-16T00:00:00+05:00,5bd33a9e406eb28f8061bc11f4652bb3cac5c99486da8fae4fddb0a85b7d6e58,gfs_seamless,False
turbine_2,2026-01-17 19:00:00+00:00,48,0.006818521062588873,0.006818521062588873,False,False,0.01,0.41,-13.8,2026-01-15 19:00:00+00:00,48.0,2026-01-15 22:00:00,2026-01-16T00:00:00+05:00,5bd33a9e406eb28f8061bc11f4652bb3cac5c99486da8fae4fddb0a85b7d6e58,gfs_seamless,False
turbine_1,2026-01-16 20:00:00+00:00,24,0.9929406357200341,0.9929406357200341,False,False,0.9891975308641974,15.85,-12.1,2026-01-16 19:00:00+00:00,1.0,2026-01-16 22:00:00,2026-01-17T00:00:00+05:00,7eea95fbdf4b08f3dc41e0abd6fc51d33a4af328610c387a2323143a3e5a8303,gfs_seamless,False
turbine_1,2026-01-16 21:00:00+00:00,24,0.9937697888125814,0.9937697888125814,False,False,0.9894999999999999,16.85,-12.9,2026-01-16 19:00:00+00:00,2.0,2026-01-16 22:00:00,2026-01-17T00:00:00+05:00,7eea95fbdf4b08f3dc41e0abd6fc51d33a4af328610c387a2323143a3e5a8303,gfs_seamless,False
turbine_1,2026-01-16 22:00:00+00:00,24,0.9937697888125814,0.9937697888125814,False,False,0.8188888888888889,18.09,-13.9,2026-01-16 19:00:00+00:00,3.0,2026-01-16 22:00:00,2026-01-17T00:00:00+05:00,7eea95fbdf4b08f3dc41e0abd6fc51d33a4af328610c387a2323143a3e5a8303,gfs_seamless,False
turbine_1,2026-01-16 23:00:00+00:00,24,0.9937697888125814,0.9937697888125814,False,False,0.9877272727272726,17.27,-14.1,2026-01-16 19:00:00+00:00,4.0,2026-01-16 22:00:00,2026-01-17T00:00:00+05:00,7eea95fbdf4b08f3dc41e0abd6fc51d33a4af328610c387a2323143a3e5a8303,gfs_seamless,False
turbine_1,2026-01-17 00:00:00+00:00,24,0.9937697888125814,0.9937697888125814,False,False,0.9877272727272726,17.2,-14.9,2026-01-16 19:00:00+00:00,5.0,2026-01-16 22:00:00,2026-01-17T00:00:00+05:00,7eea95fbdf4b08f3dc41e0abd6fc51d33a4af328610c387a2323143a3e5a8303,gfs_seamless,False
turbine_1,2026-01-17 01:00:00+00:00,24,0.9937697888125814,0.9937697888125814,False,False,0.9891975308641974,15.55,-15.0,2026-01-16 19:00:00+00:00,6.0,2026-01-16 22:00:00,2026-01-17T00:00:00+05:00,7eea95fbdf4b08f3dc41e0abd6fc51d33a4af328610c387a2323143a3e5a8303,gfs_seamless,False
turbine_1,2026-01-17 02:00:00+00:00,24,0.9937697888125814,0.9937697888125814,False,False,0.9891975308641974,15.79,-15.7,2026-01-16 19:00:00+00:00,7.0,2026-01-16 22:00:00,2026-01-17T00:00:00+05:00,7eea95fbdf4b08f3dc41e0abd6fc51d33a4af328610c387a2323143a3e5a8303,gfs_seamless,False
turbine_1,2026-01-17 03:00:00+00:00,24,0.994078543463207,0.994078543463207,False,False,0.9650781249999999,15.0,-15.3,2026-01-16 19:00:00+00:00,8.0,2026-01-16 22:00:00,2026-01-17T00:00:00+05:00,7eea95fbdf4b08f3dc41e0abd6fc51d33a4af328610c387a2323143a3e5a8303,gfs_seamless,False
turbine_1,2026-01-17 04:00:00+00:00,24,0.9937697888125814,0.9937697888125814,False,False,0.9891975308641974,15.69,-15.2,2026-01-16 19:00:00+00:00,9.0,2026-01-16 22:00:00,2026-01-17T00:00:00+05:00,7eea95fbdf4b08f3dc41e0abd6fc51d33a4af328610c387a2323143a3e5a8303,gfs_seamless,False
turbine_1,2026-01-17 05:00:00+00:00,24,0.9746842101998281,0.9746842101998281,False,False,0.9681453634085212,14.32,-14.4,2026-01-16 19:00:00+00:00,10.0,2026-01-16 22:00:00,2026-01-17T00:00:00+05:00,7eea95fbdf4b08f3dc41e0abd6fc51d33a4af328610c387a2323143a3e5a8303,gfs_seamless,False
turbine_1,2026-01-17 06:00:00+00:00,24,0.9894659331838115,0.9894659331838115,False,False,0.9580719557195572,12.08,-14.3,2026-01-16 19:00:00+00:00,11.0,2026-01-16 22:00:00,2026-01-17T00:00:00+05:00,7eea95fbdf4b08f3dc41e0abd6fc51d33a4af328610c387a2323143a3e5a8303,gfs_seamless,False
turbine_1,2026-01-17 07:00:00+00:00,24,0.9288979710903077,0.9288979710903077,False,False,0.8930434782608695,10.69,-13.5,2026-01-16 19:00:00+00:00,12.0,2026-01-16 22:00:00,2026-01-17T00:00:00+05:00,7eea95fbdf4b08f3dc41e0abd6fc51d33a4af328610c387a2323143a3e5a8303,gfs_seamless,False
turbine_1,2026-01-17 08:00:00+00:00,24,0.6712770439125448,0.6712770439125448,False,False,0.6262822384428224,8.85,-12.8,2026-01-16 19:00:00+00:00,13.0,2026-01-16 22:00:00,2026-01-17T00:00:00+05:00,7eea95fbdf4b08f3dc41e0abd6fc51d33a4af328610c387a2323143a3e5a8303,gfs_seamless,False
turbine_1,2026-01-17 09:00:00+00:00,24,0.4085156825119029,0.4085156825119029,False,False,0.4757390817469205,7.69,-12.4,2026-01-16 19:00:00+00:00,14.0,2026-01-16 22:00:00,2026-01-17T00:00:00+05:00,7eea95fbdf4b08f3dc41e0abd6fc51d33a4af328610c387a2323143a3e5a8303,gfs_seamless,False
turbine_1,2026-01-17 10:00:00+00:00,24,0.15740062944238403,0.15740062944238403,False,False,0.32550495942290353,6.57,-12.3,2026-01-16 19:00:00+00:00,15.0,2026-01-16 22:00:00,2026-01-17T00:00:00+05:00,7eea95fbdf4b08f3dc41e0abd6fc51d33a4af328610c387a2323143a3e5a8303,gfs_seamless,False
turbine_1,2026-01-17 11:00:00+00:00,24,0.05633465415043681,0.05633465415043681,False,False,0.19563544234456315,5.69,-12.6,2026-01-16 19:00:00+00:00,16.0,2026-01-16 22:00:00,2026-01-17T00:00:00+05:00,7eea95fbdf4b08f3dc41e0abd6fc51d33a4af328610c387a2323143a3e5a8303,gfs_seamless,False
turbine_1,2026-01-17 12:00:00+00:00,24,0.05176727697507308,0.05176727697507308,False,False,0.14964454976303318,5.03,-13.0,2026-01-16 19:00:00+00:00,17.0,2026-01-16 22:00:00,2026-01-17T00:00:00+05:00,7eea95fbdf4b08f3dc41e0abd6fc51d33a4af328610c387a2323143a3e5a8303,gfs_seamless,False
turbine_1,2026-01-17 13:00:00+00:00,24,0.05310227841339809,0.05310227841339809,False,False,0.11196686351706038,4.9,-13.4,2026-01-16 19:00:00+00:00,18.0,2026-01-16 22:00:00,2026-01-17T00:00:00+05:00,7eea95fbdf4b08f3dc41e0abd6fc51d33a4af328610c387a2323143a3e5a8303,gfs_seamless,False
turbine_1,2026-01-17 14:00:00+00:00,24,0.03670116870534754,0.03670116870534754,False,False,0.11196686351706038,4.57,-13.2,2026-01-16 19:00:00+00:00,19.0,2026-01-16 22:00:00,2026-01-17T00:00:00+05:00,7eea95fbdf4b08f3dc41e0abd6fc51d33a4af328610c387a2323143a3e5a8303,gfs_seamless,False
turbine_1,2026-01-17 15:00:00+00:00,24,0.020181950208573364,0.020181950208573364,False,False,0.08194906444906445,4.03,-13.7,2026-01-16 19:00:00+00:00,20.0,2026-01-16 22:00:00,2026-01-17T00:00:00+05:00,7eea95fbdf4b08f3dc41e0abd6fc51d33a4af328610c387a2323143a3e5a8303,gfs_seamless,False
turbine_1,2026-01-17 16:00:00+00:00,24,0.02675654314208102,0.02675654314208102,False,False,0.08194906444906445,4.16,-14.5,2026-01-16 19:00:00+00:00,21.0,2026-01-16 22:00:00,2026-01-17T00:00:00+05:00,7eea95fbdf4b08f3dc41e0abd6fc51d33a4af328610c387a2323143a3e5a8303,gfs_seamless,False
turbine_1,2026-01-17 17:00:00+00:00,24,0.011782512256639599,0.011782512256639599,False,False,0.04030594094628246,3.16,-14.9,2026-01-16 19:00:00+00:00,22.0,2026-01-16 22:00:00,2026-01-17T00:00:00+05:00,7eea95fbdf4b08f3dc41e0abd6fc51d33a4af328610c387a2323143a3e5a8303,gfs_seamless,False
turbine_1,2026-01-17 18:00:00+00:00,24,0.003462954335172169,0.005,True,False,0.01103499627699181,1.5,-14.4,2026-01-16 19:00:00+00:00,23.0,2026-01-16 22:00:00,2026-01-17T00:00:00+05:00,7eea95fbdf4b08f3dc41e0abd6fc51d33a4af328610c387a2323143a3e5a8303,gfs_seamless,False
turbine_1,2026-01-17 19:00:00+00:00,24,0.003462954335172169,0.005,True,False,0.009988925802879292,0.98,-14.6,2026-01-16 19:00:00+00:00,24.0,2026-01-16 22:00:00,2026-01-17T00:00:00+05:00,7eea95fbdf4b08f3dc41e0abd6fc51d33a4af328610c387a2323143a3e5a8303,gfs_seamless,False
turbine_1,2026-01-17 20:00:00+00:00,48,0.003462954335172169,0.005,True,False,0.01,0.4,-13.6,2026-01-16 19:00:00+00:00,25.0,2026-01-16 22:00:00,2026-01-17T00:00:00+05:00,7eea95fbdf4b08f3dc41e0abd6fc51d33a4af328610c387a2323143a3e5a8303,gfs_seamless,False
turbine_1,2026-01-17 21:00:00+00:00,48,0.003462954335172169,0.005,True,False,0.01,0.4,-13.5,2026-01-16 19:00:00+00:00,26.0,2026-01-16 22:00:00,2026-01-17T00:00:00+05:00,7eea95fbdf4b08f3dc41e0abd6fc51d33a4af328610c387a2323143a3e5a8303,gfs_seamless,False
turbine_1,2026-01-17 22:00:00+00:00,48,0.003462954335172169,0.005,True,False,0.009988925802879292,0.85,-13.8,2026-01-16 19:00:00+00:00,27.0,2026-01-16 22:00:00,2026-01-17T00:00:00+05:00,7eea95fbdf4b08f3dc41e0abd6fc51d33a4af328610c387a2323143a3e5a8303,gfs_seamless,False
turbine_1,2026-01-17 23:00:00+00:00,48,0.003462954335172169,0.005,True,False,0.009988925802879292,0.8,-13.7,2026-01-16 19:00:00+00:00,28.0,2026-01-16 22:00:00,2026-01-17T00:00:00+05:00,7eea95fbdf4b08f3dc41e0abd6fc51d33a4af328610c387a2323143a3e5a8303,gfs_seamless,False
turbine_1,2026-01-18 00:00:00+00:00,48,0.005011145021670089,0.005011145021670089,False,False,0.025336967294350844,2.59,-13.7,2026-01-16 19:00:00+00:00,29.0,2026-01-16 22:00:00,2026-01-17T00:00:00+05:00,7eea95fbdf4b08f3dc41e0abd6fc51d33a4af328610c387a2323143a3e5a8303,gfs_seamless,False
turbine_1,2026-01-18 01:00:00+00:00,48,0.02448989081944642,0.02448989081944642,False,False,0.05842511013215859,3.98,-12.6,2026-01-16 19:00:00+00:00,30.0,2026-01-16 22:00:00,2026-01-17T00:00:00+05:00,7eea95fbdf4b08f3dc41e0abd6fc51d33a4af328610c387a2323143a3e5a8303,gfs_seamless,False
turbine_1,2026-01-18 02:00:00+00:00,48,0.09268247310283058,0.09268247310283058,False,False,0.19563544234456315,5.82,-13.4,2026-01-16 19:00:00+00:00,31.0,2026-01-16 22:00:00,2026-01-17T00:00:00+05:00,7eea95fbdf4b08f3dc41e0abd6fc51d33a4af328610c387a2323143a3e5a8303,gfs_seamless,False
turbine_1,2026-01-18 03:00:00+00:00,48,0.37803297599961994,0.37803297599961994,False,False,0.3988888888888889,7.29,-12.9,2026-01-16 19:00:00+00:00,32.0,2026-01-16 22:00:00,2026-01-17T00:00:00+05:00,7eea95fbdf4b08f3dc41e0abd6fc51d33a4af328610c387a2323143a3e5a8303,gfs_seamless,False
turbine_1,2026-01-18 04:00:00+00:00,48,0.5030463115672444,0.5030463115672444,False,False,0.5477251184834123,8.33,-11.0,2026-01-16 19:00:00+00:00,33.0,2026-01-16 22:00:00,2026-01-17T00:00:00+05:00,7eea95fbdf4b08f3dc41e0abd6fc51d33a4af328610c387a2323143a3e5a8303,gfs_seamless,False
turbine_1,2026-01-18 05:00:00+00:00,48,0.6889844348300306,0.6889844348300306,False,False,0.6949824561403509,9.13,-10.1,2026-01-16 19:00:00+00:00,34.0,2026-01-16 22:00:00,2026-01-17T00:00:00+05:00,7eea95fbdf4b08f3dc41e0abd6fc51d33a4af328610c387a2323143a3e5a8303,gfs_seamless,False
turbine_1,2026-01-18 06:00:00+00:00,48,0.8668530655581163,0.8668530655581163,False,False,0.830219123505976,10.02,-10.0,2026-01-16 19:00:00+00:00,35.0,2026-01-16 22:00:00,2026-01-17T00:00:00+05:00,7eea95fbdf4b08f3dc41e0abd6fc51d33a4af328610c387a2323143a3e5a8303,gfs_seamless,False
turbine_1,2026-01-18 07:00:00+00:00,48,0.8807497349396086,0.8807497349396086,False,False,0.830219123505976,10.06,-9.2,2026-01-16 19:00:00+00:00,36.0,2026-01-16 22:00:00,2026-01-17T00:00:00+05:00,7eea95fbdf4b08f3dc41e0abd6fc51d33a4af328610c387a2323143a3e5a8303,gfs_seamless,False
turbine_1,2026-01-18 08:00:00+00:00,48,0.7278364970304277,0.7278364970304277,False,False,0.6949824561403509,9.39,-8.7,2026-01-16 19:00:00+00:00,37.0,2026-01-16 22:00:00,2026-01-17T00:00:00+05:00,7eea95fbdf4b08f3dc41e0abd6fc51d33a4af328610c387a2323143a3e5a8303,gfs_seamless,False
turbine_1,2026-01-18 09:00:00+00:00,48,0.6503416282546554,0.6503416282546554,False,False,0.6262822384428224,8.9,-8.5,2026-01-16 19:00:00+00:00,38.0,2026-01-16 22:00:00,2026-01-17T00:00:00+05:00,7eea95fbdf4b08f3dc41e0abd6fc51d33a4af328610c387a2323143a3e5a8303,gfs_seamless,False
turbine_1,2026-01-18 10:00:00+00:00,48,0.6019094260929233,0.6019094260929233,False,False,0.5477251184834123,8.45,-8.7,2026-01-16 19:00:00+00:00,39.0,2026-01-16 22:00:00,2026-01-17T00:00:00+05:00,7eea95fbdf4b08f3dc41e0abd6fc51d33a4af328610c387a2323143a3e5a8303,gfs_seamless,False
turbine_1,2026-01-18 11:00:00+00:00,48,0.6442159641743231,0.6442159641743231,False,False,0.6262822384428224,8.7,-10.1,2026-01-16 19:00:00+00:00,40.0,2026-01-16 22:00:00,2026-01-17T00:00:00+05:00,7eea95fbdf4b08f3dc41e0abd6fc51d33a4af328610c387a2323143a3e5a8303,gfs_seamless,False
turbine_1,2026-01-18 12:00:00+00:00,48,0.6442266083994485,0.6442266083994485,False,False,0.6262822384428224,8.9,-11.5,2026-01-16 19:00:00+00:00,41.0,2026-01-16 22:00:00,2026-01-17T00:00:00+05:00,7eea95fbdf4b08f3dc41e0abd6fc51d33a4af328610c387a2323143a3e5a8303,gfs_seamless,False
turbine_1,2026-01-18 13:00:00+00:00,48,0.6442266083994485,0.6442266083994485,False,False,0.6262822384428224,8.9,-11.5,2026-01-16 19:00:00+00:00,42.0,2026-01-16 22:00:00,2026-01-17T00:00:00+05:00,7eea95fbdf4b08f3dc41e0abd6fc51d33a4af328610c387a2323143a3e5a8303,gfs_seamless,False
turbine_1,2026-01-18 14:00:00+00:00,48,0.6571035508051163,0.6571035508051163,False,False,0.6262822384428224,8.99,-12.1,2026-01-16 19:00:00+00:00,43.0,2026-01-16 22:00:00,2026-01-17T00:00:00+05:00,7eea95fbdf4b08f3dc41e0abd6fc51d33a4af328610c387a2323143a3e5a8303,gfs_seamless,False
turbine_1,2026-01-18 15:00:00+00:00,48,0.7046313936848208,0.7046313936848208,False,False,0.6949824561403509,9.18,-12.8,2026-01-16 19:00:00+00:00,44.0,2026-01-16 22:00:00,2026-01-17T00:00:00+05:00,7eea95fbdf4b08f3dc41e0abd6fc51d33a4af328610c387a2323143a3e5a8303,gfs_seamless,False
turbine_1,2026-01-18 16:00:00+00:00,48,0.7434834558852179,0.7434834558852179,False,False,0.6949824561403509,9.27,-12.9,2026-01-16 19:00:00+00:00,45.0,2026-01-16 22:00:00,2026-01-17T00:00:00+05:00,7eea95fbdf4b08f3dc41e0abd6fc51d33a4af328610c387a2323143a3e5a8303,gfs_seamless,False
turbine_1,2026-01-18 17:00:00+00:00,48,0.8119317949009979,0.8119317949009979,False,False,0.7641458026509573,9.55,-12.9,2026-01-16 19:00:00+00:00,46.0,2026-01-16 22:00:00,2026-01-17T00:00:00+05:00,7eea95fbdf4b08f3dc41e0abd6fc51d33a4af328610c387a2323143a3e5a8303,gfs_seamless,False
turbine_1,2026-01-18 18:00:00+00:00,48,0.8194914357237338,0.8194914357237338,False,False,0.7641458026509573,9.78,-11.9,2026-01-16 19:00:00+00:00,47.0,2026-01-16 22:00:00,2026-01-17T00:00:00+05:00,7eea95fbdf4b08f3dc41e0abd6fc51d33a4af328610c387a2323143a3e5a8303,gfs_seamless,False
turbine_1,2026-01-18 19:00:00+00:00,48,0.8870874824431616,0.8870874824431616,False,False,0.830219123505976,10.41,-12.1,2026-01-16 19:00:00+00:00,48.0,2026-01-16 22:00:00,2026-01-17T00:00:00+05:00,7eea95fbdf4b08f3dc41e0abd6fc51d33a4af328610c387a2323143a3e5a8303,gfs_seamless,False
turbine_2,2026-01-16 20:00:00+00:00,24,0.9700796344289364,0.9700796344289364,False,False,0.9336178861788619,15.85,-12.1,2026-01-16 19:00:00+00:00,1.0,2026-01-16 22:00:00,2026-01-17T00:00:00+05:00,ce5b91b0916372f6f8a3698523331bf02bf3ba6f3bf0a061916ca1a7e20cac65,gfs_seamless,False
turbine_2,2026-01-16 21:00:00+00:00,24,0.9839350435375682,0.9839350435375682,False,False,0.972962962962963,16.85,-12.9,2026-01-16 19:00:00+00:00,2.0,2026-01-16 22:00:00,2026-01-17T00:00:00+05:00,ce5b91b0916372f6f8a3698523331bf02bf3ba6f3bf0a061916ca1a7e20cac65,gfs_seamless,False
turbine_2,2026-01-16 22:00:00+00:00,24,0.9839350435375682,0.9839350435375682,False,False,0.9766666666666667,18.09,-13.9,2026-01-16 19:00:00+00:00,3.0,2026-01-16 22:00:00,2026-01-17T00:00:00+05:00,ce5b91b0916372f6f8a3698523331bf02bf3ba6f3bf0a061916ca1a7e20cac65,gfs_seamless,False
turbine_2,2026-01-16 23:00:00+00:00,24,0.9839350435375682,0.9839350435375682,False,False,0.9443333333333334,17.27,-14.1,2026-01-16 19:00:00+00:00,4.0,2026-01-16 22:00:00,2026-01-17T00:00:00+05:00,ce5b91b0916372f6f8a3698523331bf02bf3ba6f3bf0a061916ca1a7e20cac65,gfs_seamless,False
turbine_2,2026-01-17 00:00:00+00:00,24,0.9839350435375682,0.9839350435375682,False,False,0.9443333333333334,17.2,-14.9,2026-01-16 19:00:00+00:00,5.0,2026-01-16 22:00:00,2026-01-17T00:00:00+05:00,ce5b91b0916372f6f8a3698523331bf02bf3ba6f3bf0a061916ca1a7e20cac65,gfs_seamless,False
turbine_2,2026-01-17 01:00:00+00:00,24,0.9839350435375682,0.9839350435375682,False,False,0.9336178861788619,15.55,-15.0,2026-01-16 19:00:00+00:00,6.0,2026-01-16 22:00:00,2026-01-17T00:00:00+05:00,ce5b91b0916372f6f8a3698523331bf02bf3ba6f3bf0a061916ca1a7e20cac65,gfs_seamless,False
turbine_2,2026-01-17 02:00:00+00:00,24,0.9839350435375682,0.9839350435375682,False,False,0.9336178861788619,15.79,-15.7,2026-01-16 19:00:00+00:00,7.0,2026-01-16 22:00:00,2026-01-17T00:00:00+05:00,ce5b91b0916372f6f8a3698523331bf02bf3ba6f3bf0a061916ca1a7e20cac65,gfs_seamless,False
turbine_2,2026-01-17 03:00:00+00:00,24,0.9873464153905156,0.9873464153905156,False,False,0.9496153846153847,15.0,-15.3,2026-01-16 19:00:00+00:00,8.0,2026-01-16 22:00:00,2026-01-17T00:00:00+05:00,ce5b91b0916372f6f8a3698523331bf02bf3ba6f3bf0a061916ca1a7e20cac65,gfs_seamless,False
turbine_2,2026-01-17 04:00:00+00:00,24,0.9839350435375682,0.9839350435375682,False,False,0.9336178861788619,15.69,-15.2,2026-01-16 19:00:00+00:00,9.0,2026-01-16 22:00:00,2026-01-17T00:00:00+05:00,ce5b91b0916372f6f8a3698523331bf02bf3ba6f3bf0a061916ca1a7e20cac65,gfs_seamless,False
turbine_2,2026-01-17 05:00:00+00:00,24,0.9057232530789084,0.9057232530789084,False,False,0.9600239808153477,14.32,-14.4,2026-01-16 19:00:00+00:00,10.0,2026-01-16 22:00:00,2026-01-17T00:00:00+05:00,ce5b91b0916372f6f8a3698523331bf02bf3ba6f3bf0a061916ca1a7e20cac65,gfs_seamless,False
turbine_2,2026-01-17 06:00:00+00:00,24,0.9830900541033899,0.9830900541033899,False,False,0.9572317351598173,12.08,-14.3,2026-01-16 19:00:00+00:00,11.0,2026-01-16 22:00:00,2026-01-17T00:00:00+05:00,ce5b91b0916372f6f8a3698523331bf02bf3ba6f3bf0a061916ca1a7e20cac65,gfs_seamless,False
turbine_2,2026-01-17 07:00:00+00:00,24,0.9272532101203673,0.9272532101203673,False,False,0.8847088970889708,10.69,-13.5,2026-01-16 19:00:00+00:00,12.0,2026-01-16 22:00:00,2026-01-17T00:00:00+05:00,ce5b91b0916372f6f8a3698523331bf02bf3ba6f3bf0a061916ca1a7e20cac65,gfs_seamless,False
turbine_2,2026-01-17 08:00:00+00:00,24,0.6500518032344983,0.6500518032344983,False,False,0.615759009009009,8.85,-12.8,2026-01-16 19:00:00+00:00,13.0,2026-01-16 22:00:00,2026-01-17T00:00:00+05:00,ce5b91b0916372f6f8a3698523331bf02bf3ba6f3bf0a061916ca1a7e20cac65,gfs_seamless,False
turbine_2,2026-01-17 09:00:00+00:00,24,0.38615741063006853,0.38615741063006853,False,False,0.4600316789862724,7.69,-12.4,2026-01-16 19:00:00+00:00,14.0,2026-01-16 22:00:00,2026-01-17T00:00:00+05:00,ce5b91b0916372f6f8a3698523331bf02bf3ba6f3bf0a061916ca1a7e20cac65,gfs_seamless,False
turbine_2,2026-01-17 10:00:00+00:00,24,0.1738955577280941,0.1738955577280941,False,False,0.31413591095489163,6.57,-12.3,2026-01-16 19:00:00+00:00,15.0,2026-01-16 22:00:00,2026-01-17T00:00:00+05:00,ce5b91b0916372f6f8a3698523331bf02bf3ba6f3bf0a061916ca1a7e20cac65,gfs_seamless,False
turbine_2,2026-01-17 11:00:00+00:00,24,0.06232944312023731,0.06232944312023731,False,False,0.18868350708366746,5.69,-12.6,2026-01-16 19:00:00+00:00,16.0,2026-01-16 22:00:00,2026-01-17T00:00:00+05:00,ce5b91b0916372f6f8a3698523331bf02bf3ba6f3bf0a061916ca1a7e20cac65,gfs_seamless,False
turbine_2,2026-01-17 12:00:00+00:00,24,0.039518360255952394,0.039518360255952394,False,False,0.1432635729451016,5.03,-13.0,2026-01-16 19:00:00+00:00,17.0,2026-01-16 22:00:00,2026-01-17T00:00:00+05:00,ce5b91b0916372f6f8a3698523331bf02bf3ba6f3bf0a061916ca1a7e20cac65,gfs_seamless,False
turbine_2,2026-01-17 13:00:00+00:00,24,0.031765665863633344,0.031765665863633344,False,False,0.10573223039215686,4.9,-13.4,2026-01-16 19:00:00+00:00,18.0,2026-01-16 22:00:00,2026-01-17T00:00:00+05:00,ce5b91b0916372f6f8a3698523331bf02bf3ba6f3bf0a061916ca1a7e20cac65,gfs_seamless,False
turbine_2,2026-01-17 14:00:00+00:00,24,0.028023075191981908,0.028023075191981908,False,False,0.10573223039215686,4.57,-13.2,2026-01-16 19:00:00+00:00,19.0,2026-01-16 22:00:00,2026-01-17T00:00:00+05:00,ce5b91b0916372f6f8a3698523331bf02bf3ba6f3bf0a061916ca1a7e20cac65,gfs_seamless,False
turbine_2,2026-01-17 15:00:00+00:00,24,0.016858054133465604,0.016858054133465604,False,False,0.0792279288351796,4.03,-13.7,2026-01-16 19:00:00+00:00,20.0,2026-01-16 22:00:00,2026-01-17T00:00:00+05:00,ce5b91b0916372f6f8a3698523331bf02bf3ba6f3bf0a061916ca1a7e20cac65,gfs_seamless,False
turbine_2,2026-01-17 16:00:00+00:00,24,0.024465867161040468,0.024465867161040468,False,False,0.0792279288351796,4.16,-14.5,2026-01-16 19:00:00+00:00,21.0,2026-01-16 22:00:00,2026-01-17T00:00:00+05:00,ce5b91b0916372f6f8a3698523331bf02bf3ba6f3bf0a061916ca1a7e20cac65,gfs_seamless,False
turbine_2,2026-01-17 17:00:00+00:00,24,0.012593367623180926,0.012593367623180926,False,False,0.037285622179239204,3.16,-14.9,2026-01-16 19:00:00+00:00,22.0,2026-01-16 22:00:00,2026-01-17T00:00:00+05:00,ce5b91b0916372f6f8a3698523331bf02bf3ba6f3bf0a061916ca1a7e20cac65,gfs_seamless,False
turbine_2,2026-01-17 18:00:00+00:00,24,0.006224734532178538,0.006224734532178538,False,False,0.010131072631072631,1.5,-14.4,2026-01-16 19:00:00+00:00,23.0,2026-01-16 22:00:00,2026-01-17T00:00:00+05:00,ce5b91b0916372f6f8a3698523331bf02bf3ba6f3bf0a061916ca1a7e20cac65,gfs_seamless,False
turbine_2,2026-01-17 19:00:00+00:00,24,0.006224734532178538,0.006224734532178538,False,False,0.009930555555555557,0.98,-14.6,2026-01-16 19:00:00+00:00,24.0,2026-01-16 22:00:00,2026-01-17T00:00:00+05:00,ce5b91b0916372f6f8a3698523331bf02bf3ba6f3bf0a061916ca1a7e20cac65,gfs_seamless,False
turbine_2,2026-01-17 20:00:00+00:00,48,0.006224734532178538,0.006224734532178538,False,False,0.01,0.4,-13.6,2026-01-16 19:00:00+00:00,25.0,2026-01-16 22:00:00,2026-01-17T00:00:00+05:00,ce5b91b0916372f6f8a3698523331bf02bf3ba6f3bf0a061916ca1a7e20cac65,gfs_seamless,False
turbine_2,2026-01-17 21:00:00+00:00,48,0.006224734532178538,0.006224734532178538,False,False,0.01,0.4,-13.5,2026-01-16 19:00:00+00:00,26.0,2026-01-16 22:00:00,2026-01-17T00:00:00+05:00,ce5b91b0916372f6f8a3698523331bf02bf3ba6f3bf0a061916ca1a7e20cac65,gfs_seamless,False
turbine_2,2026-01-17 22:00:00+00:00,48,0.006224734532178538,0.006224734532178538,False,False,0.009930555555555557,0.85,-13.8,2026-01-16 19:00:00+00:00,27.0,2026-01-16 22:00:00,2026-01-17T00:00:00+05:00,ce5b91b0916372f6f8a3698523331bf02bf3ba6f3bf0a061916ca1a7e20cac65,gfs_seamless,False
turbine_2,2026-01-17 23:00:00+00:00,48,0.006224734532178538,0.006224734532178538,False,False,0.009930555555555557,0.8,-13.7,2026-01-16 19:00:00+00:00,28.0,2026-01-16 22:00:00,2026-01-17T00:00:00+05:00,ce5b91b0916372f6f8a3698523331bf02bf3ba6f3bf0a061916ca1a7e20cac65,gfs_seamless,False
turbine_2,2026-01-18 00:00:00+00:00,48,0.009255756381732668,0.009255756381732668,False,False,0.024071865443425076,2.59,-13.7,2026-01-16 19:00:00+00:00,29.0,2026-01-16 22:00:00,2026-01-17T00:00:00+05:00,ce5b91b0916372f6f8a3698523331bf02bf3ba6f3bf0a061916ca1a7e20cac65,gfs_seamless,False
turbine_2,2026-01-18 01:00:00+00:00,48,0.017304947989160484,0.017304947989160484,False,False,0.05561999303378613,3.98,-12.6,2026-01-16 19:00:00+00:00,30.0,2026-01-16 22:00:00,2026-01-17T00:00:00+05:00,ce5b91b0916372f6f8a3698523331bf02bf3ba6f3bf0a061916ca1a7e20cac65,gfs_seamless,False
turbine_2,2026-01-18 02:00:00+00:00,48,0.06561914107409109,0.06561914107409109,False,False,0.18868350708366746,5.82,-13.4,2026-01-16 19:00:00+00:00,31.0,2026-01-16 22:00:00,2026-01-17T00:00:00+05:00,ce5b91b0916372f6f8a3698523331bf02bf3ba6f3bf0a061916ca1a7e20cac65,gfs_seamless,False
turbine_2,2026-01-18 03:00:00+00:00,48,0.31936038090903424,0.31936038090903424,False,False,0.3888572806171649,7.29,-12.9,2026-01-16 19:00:00+00:00,32.0,2026-01-16 22:00:00,2026-01-17T00:00:00+05:00,ce5b91b0916372f6f8a3698523331bf02bf3ba6f3bf0a061916ca1a7e20cac65,gfs_seamless,False
turbine_2,2026-01-18 04:00:00+00:00,48,0.5333830707873428,0.5333830707873428,False,False,0.5336811594202898,8.33,-11.0,2026-01-16 19:00:00+00:00,33.0,2026-01-16 22:00:00,2026-01-17T00:00:00+05:00,ce5b91b0916372f6f8a3698523331bf02bf3ba6f3bf0a061916ca1a7e20cac65,gfs_seamless,False
turbine_2,2026-01-18 05:00:00+00:00,48,0.6518388138831094,0.6518388138831094,False,False,0.674822695035461,9.13,-10.1,2026-01-16 19:00:00+00:00,34.0,2026-01-16 22:00:00,2026-01-17T00:00:00+05:00,ce5b91b0916372f6f8a3698523331bf02bf3ba6f3bf0a061916ca1a7e20cac65,gfs_seamless,False
turbine_2,2026-01-18 06:00:00+00:00,48,0.8600640096367074,0.8600640096367074,False,False,0.8245056689342404,10.02,-10.0,2026-01-16 19:00:00+00:00,35.0,2026-01-16 22:00:00,2026-01-17T00:00:00+05:00,ce5b91b0916372f6f8a3698523331bf02bf3ba6f3bf0a061916ca1a7e20cac65,gfs_seamless,False
turbine_2,2026-01-18 07:00:00+00:00,48,0.8565999986988628,0.8565999986988628,False,False,0.8245056689342404,10.06,-9.2,2026-01-16 19:00:00+00:00,36.0,2026-01-16 22:00:00,2026-01-17T00:00:00+05:00,ce5b91b0916372f6f8a3698523331bf02bf3ba6f3bf0a061916ca1a7e20cac65,gfs_seamless,False
turbine_2,2026-01-18 08:00:00+00:00,48,0.7190714654387217,0.7190714654387217,False,False,0.674822695035461,9.39,-8.7,2026-01-16 19:00:00+00:00,37.0,2026-01-16 22:00:00,2026-01-17T00:00:00+05:00,ce5b91b0916372f6f8a3698523331bf02bf3ba6f3bf0a061916ca1a7e20cac65,gfs_seamless,False
turbine_2,2026-01-18 09:00:00+00:00,48,0.6055621812476714,0.6055621812476714,False,False,0.615759009009009,8.9,-8.5,2026-01-16 19:00:00+00:00,38.0,2026-01-16 22:00:00,2026-01-17T00:00:00+05:00,ce5b91b0916372f6f8a3698523331bf02bf3ba6f3bf0a061916ca1a7e20cac65,gfs_seamless,False
turbine_2,2026-01-18 10:00:00+00:00,48,0.5708035802239425,0.5708035802239425,False,False,0.5336811594202898,8.45,-8.7,2026-01-16 19:00:00+00:00,39.0,2026-01-16 22:00:00,2026-01-17T00:00:00+05:00,ce5b91b0916372f6f8a3698523331bf02bf3ba6f3bf0a061916ca1a7e20cac65,gfs_seamless,False
turbine_2,2026-01-18 11:00:00+00:00,48,0.581318999369222,0.581318999369222,False,False,0.615759009009009,8.7,-10.1,2026-01-16 19:00:00+00:00,40.0,2026-01-16 22:00:00,2026-01-17T00:00:00+05:00,ce5b91b0916372f6f8a3698523331bf02bf3ba6f3bf0a061916ca1a7e20cac65,gfs_seamless,False
turbine_2,2026-01-18 12:00:00+00:00,48,0.5895280029706625,0.5895280029706625,False,False,0.615759009009009,8.9,-11.5,2026-01-16 19:00:00+00:00,41.0,2026-01-16 22:00:00,2026-01-17T00:00:00+05:00,ce5b91b0916372f6f8a3698523331bf02bf3ba6f3bf0a061916ca1a7e20cac65,gfs_seamless,False
turbine_2,2026-01-18 13:00:00+00:00,48,0.5895280029706625,0.5895280029706625,False,False,0.615759009009009,8.9,-11.5,2026-01-16 19:00:00+00:00,42.0,2026-01-16 22:00:00,2026-01-17T00:00:00+05:00,ce5b91b0916372f6f8a3698523331bf02bf3ba6f3bf0a061916ca1a7e20cac65,gfs_seamless,False
turbine_2,2026-01-18 14:00:00+00:00,48,0.655762424046145,0.655762424046145,False,False,0.615759009009009,8.99,-12.1,2026-01-16 19:00:00+00:00,43.0,2026-01-16 22:00:00,2026-01-17T00:00:00+05:00,ce5b91b0916372f6f8a3698523331bf02bf3ba6f3bf0a061916ca1a7e20cac65,gfs_seamless,False
turbine_2,2026-01-18 15:00:00+00:00,48,0.7187402422846031,0.7187402422846031,False,False,0.674822695035461,9.18,-12.8,2026-01-16 19:00:00+00:00,44.0,2026-01-16 22:00:00,2026-01-17T00:00:00+05:00,ce5b91b0916372f6f8a3698523331bf02bf3ba6f3bf0a061916ca1a7e20cac65,gfs_seamless,False
turbine_2,2026-01-18 16:00:00+00:00,48,0.7258943089454237,0.7258943089454237,False,False,0.674822695035461,9.27,-12.9,2026-01-16 19:00:00+00:00,45.0,2026-01-16 22:00:00,2026-01-17T00:00:00+05:00,ce5b91b0916372f6f8a3698523331bf02bf3ba6f3bf0a061916ca1a7e20cac65,gfs_seamless,False
turbine_2,2026-01-18 17:00:00+00:00,48,0.7472254624307451,0.7472254624307451,False,False,0.7527555555555556,9.55,-12.9,2026-01-16 19:00:00+00:00,46.0,2026-01-16 22:00:00,2026-01-17T00:00:00+05:00,ce5b91b0916372f6f8a3698523331bf02bf3ba6f3bf0a061916ca1a7e20cac65,gfs_seamless,False
turbine_2,2026-01-18 18:00:00+00:00,48,0.7778277564035987,0.7778277564035987,False,False,0.7527555555555556,9.78,-11.9,2026-01-16 19:00:00+00:00,47.0,2026-01-16 22:00:00,2026-01-17T00:00:00+05:00,ce5b91b0916372f6f8a3698523331bf02bf3ba6f3bf0a061916ca1a7e20cac65,gfs_seamless,False
turbine_2,2026-01-18 19:00:00+00:00,48,0.9126411077065558,0.9126411077065558,False,False,0.8245056689342404,10.41,-12.1,2026-01-16 19:00:00+00:00,48.0,2026-01-16 22:00:00,2026-01-17T00:00:00+05:00,ce5b91b0916372f6f8a3698523331bf02bf3ba6f3bf0a061916ca1a7e20cac65,gfs_seamless,False
turbine_1,2026-01-17 20:00:00+00:00,24,-7.055609476057118e-05,0.005,True,False,0.009988925802879292,0.63,-14.0,2026-01-17 19:00:00+00:00,1.0,2026-01-17 22:00:00,2026-01-18T00:00:00+05:00,be87e3c6ef2702a65531c2f3f31743baf32362d4198b8e96c73bdf82180c3ccc,gfs_seamless,False
turbine_1,2026-01-17 21:00:00+00:00,24,-7.055609476057118e-05,0.005,True,False,0.01,0.41,-14.1,2026-01-17 19:00:00+00:00,2.0,2026-01-17 22:00:00,2026-01-18T00:00:00+05:00,be87e3c6ef2702a65531c2f3f31743baf32362d4198b8e96c73bdf82180c3ccc,gfs_seamless,False
turbine_1,2026-01-17 22:00:00+00:00,24,-7.055609476057118e-05,0.005,True,False,0.009988925802879292,0.71,-14.3,2026-01-17 19:00:00+00:00,3.0,2026-01-17 22:00:00,2026-01-18T00:00:00+05:00,be87e3c6ef2702a65531c2f3f31743baf32362d4198b8e96c73bdf82180c3ccc,gfs_seamless,False
turbine_1,2026-01-17 23:00:00+00:00,24,-7.055609476057118e-05,0.005,True,False,0.009988925802879292,0.81,-14.6,2026-01-17 19:00:00+00:00,4.0,2026-01-17 22:00:00,2026-01-18T00:00:00+05:00,be87e3c6ef2702a65531c2f3f31743baf32362d4198b8e96c73bdf82180c3ccc,gfs_seamless,False
turbine_1,2026-01-18 00:00:00+00:00,24,0.007366033944340901,0.007366033944340901,False,False,0.01607360097323601,2.38,-11.2,2026-01-17 19:00:00+00:00,5.0,2026-01-17 22:00:00,2026-01-18T00:00:00+05:00,be87e3c6ef2702a65531c2f3f31743baf32362d4198b8e96c73bdf82180c3ccc,gfs_seamless,False
turbine_1,2026-01-18 01:00:00+00:00,24,0.017919361262336893,0.017919361262336893,False,False,0.05826564215148189,3.53,-10.8,2026-01-17 19:00:00+00:00,6.0,2026-01-17 22:00:00,2026-01-18T00:00:00+05:00,be87e3c6ef2702a65531c2f3f31743baf32362d4198b8e96c73bdf82180c3ccc,gfs_seamless,False
turbine_1,2026-01-18 02:00:00+00:00,24,0.054244345133349164,0.054244345133349164,False,False,0.14919025157232704,5.28,-10.8,2026-01-17 19:00:00+00:00,7.0,2026-01-17 22:00:00,2026-01-18T00:00:00+05:00,be87e3c6ef2702a65531c2f3f31743baf32362d4198b8e96c73bdf82180c3ccc,gfs_seamless,False
turbine_1,2026-01-18 03:00:00+00:00,24,0.2265818943350255,0.2265818943350255,False,False,0.2572417325139011,6.49,-10.4,2026-01-17 19:00:00+00:00,8.0,2026-01-17 22:00:00,2026-01-18T00:00:00+05:00,be87e3c6ef2702a65531c2f3f31743baf32362d4198b8e96c73bdf82180c3ccc,gfs_seamless,False
turbine_1,2026-01-18 04:00:00+00:00,24,0.4058750559777871,0.4058750559777871,False,False,0.3987783094098884,7.33,-9.4,2026-01-17 19:00:00+00:00,9.0,2026-01-17 22:00:00,2026-01-18T00:00:00+05:00,be87e3c6ef2702a65531c2f3f31743baf32362d4198b8e96c73bdf82180c3ccc,gfs_seamless,False
turbine_1,2026-01-18 05:00:00+00:00,24,0.5170166970493865,0.5170166970493865,False,False,0.5477251184834123,8.02,-8.4,2026-01-17 19:00:00+00:00,10.0,2026-01-17 22:00:00,2026-01-18T00:00:00+05:00,be87e3c6ef2702a65531c2f3f31743baf32362d4198b8e96c73bdf82180c3ccc,gfs_seamless,False
turbine_1,2026-01-18 06:00:00+00:00,24,0.6602461193754942,0.6602461193754942,False,False,0.6262730806608358,8.69,-8.3,2026-01-17 19:00:00+00:00,11.0,2026-01-17 22:00:00,2026-01-18T00:00:00+05:00,be87e3c6ef2702a65531c2f3f31743baf32362d4198b8e96c73bdf82180c3ccc,gfs_seamless,False
turbine_1,2026-01-18 07:00:00+00:00,24,0.6085141389609433,0.6085141389609433,False,False,0.6262730806608358,8.97,-7.4,2026-01-17 19:00:00+00:00,12.0,2026-01-17 22:00:00,2026-01-18T00:00:00+05:00,be87e3c6ef2702a65531c2f3f31743baf32362d4198b8e96c73bdf82180c3ccc,gfs_seamless,False
turbine_1,2026-01-18 08:00:00+00:00,24,0.6290033200692292,0.6290033200692292,False,False,0.6262730806608358,8.69,-6.7,2026-01-17 19:00:00+00:00,13.0,2026-01-17 22:00:00,2026-01-18T00:00:00+05:00,be87e3c6ef2702a65531c2f3f31743baf32362d4198b8e96c73bdf82180c3ccc,gfs_seamless,False
turbine_1,2026-01-18 09:00:00+00:00,24,0.5463814292539799,0.5463814292539799,False,False,0.5477251184834123,8.29,-6.4,2026-01-17 19:00:00+00:00,14.0,2026-01-17 22:00:00,2026-01-18T00:00:00+05:00,be87e3c6ef2702a65531c2f3f31743baf32362d4198b8e96c73bdf82180c3ccc,gfs_seamless,False
turbine_1,2026-01-18 10:00:00+00:00,24,0.5212512041568614,0.5212512041568614,False,False,0.5477251184834123,8.05,-6.4,2026-01-17 19:00:00+00:00,15.0,2026-01-17 22:00:00,2026-01-18T00:00:00+05:00,be87e3c6ef2702a65531c2f3f31743baf32362d4198b8e96c73bdf82180c3ccc,gfs_seamless,False
turbine_1,2026-01-18 11:00:00+00:00,24,0.49439494148041285,0.49439494148041285,False,False,0.47559962756052143,7.92,-7.0,2026-01-17 19:00:00+00:00,16.0,2026-01-17 22:00:00,2026-01-18T00:00:00+05:00,be87e3c6ef2702a65531c2f3f31743baf32362d4198b8e96c73bdf82180c3ccc,gfs_seamless,False
turbine_1,2026-01-18 12:00:00+00:00,24,0.5573326294289447,0.5573326294289447,False,False,0.5477251184834123,8.32,-8.0,2026-01-17 19:00:00+00:00,17.0,2026-01-17 22:00:00,2026-01-18T00:00:00+05:00,be87e3c6ef2702a65531c2f3f31743baf32362d4198b8e96c73bdf82180c3ccc,gfs_seamless,False
turbine_1,2026-01-18 13:00:00+00:00,24,0.5538132589405363,0.5538132589405363,False,False,0.5477251184834123,8.16,-8.0,2026-01-17 19:00:00+00:00,18.0,2026-01-17 22:00:00,2026-01-18T00:00:00+05:00,be87e3c6ef2702a65531c2f3f31743baf32362d4198b8e96c73bdf82180c3ccc,gfs_seamless,False
turbine_1,2026-01-18 14:00:00+00:00,24,0.531350429410505,0.531350429410505,False,False,0.5477251184834123,8.11,-8.4,2026-01-17 19:00:00+00:00,19.0,2026-01-17 22:00:00,2026-01-18T00:00:00+05:00,be87e3c6ef2702a65531c2f3f31743baf32362d4198b8e96c73bdf82180c3ccc,gfs_seamless,False
turbine_1,2026-01-18 15:00:00+00:00,24,0.4415802190735195,0.4415802190735195,False,False,0.47559962756052143,7.53,-8.9,2026-01-17 19:00:00+00:00,20.0,2026-01-17 22:00:00,2026-01-18T00:00:00+05:00,be87e3c6ef2702a65531c2f3f31743baf32362d4198b8e96c73bdf82180c3ccc,gfs_seamless,False
turbine_1,2026-01-18 16:00:00+00:00,24,0.4415802190735195,0.4415802190735195,False,False,0.47559962756052143,7.51,-8.9,2026-01-17 19:00:00+00:00,21.0,2026-01-17 22:00:00,2026-01-18T00:00:00+05:00,be87e3c6ef2702a65531c2f3f31743baf32362d4198b8e96c73bdf82180c3ccc,gfs_seamless,False
turbine_1,2026-01-18 17:00:00+00:00,24,0.4415802190735195,0.4415802190735195,False,False,0.47559962756052143,7.52,-9.1,2026-01-17 19:00:00+00:00,22.0,2026-01-17 22:00:00,2026-01-18T00:00:00+05:00,be87e3c6ef2702a65531c2f3f31743baf32362d4198b8e96c73bdf82180c3ccc,gfs_seamless,False
turbine_1,2026-01-18 18:00:00+00:00,24,0.5950149573480296,0.5950149573480296,False,False,0.5477251184834123,8.46,-9.3,2026-01-17 19:00:00+00:00,23.0,2026-01-17 22:00:00,2026-01-18T00:00:00+05:00,be87e3c6ef2702a65531c2f3f31743baf32362d4198b8e96c73bdf82180c3ccc,gfs_seamless,False
turbine_1,2026-01-18 19:00:00+00:00,24,0.6569951306232613,0.6569951306232613,False,False,0.6262730806608358,8.92,-9.5,2026-01-17 19:00:00+00:00,24.0,2026-01-17 22:00:00,2026-01-18T00:00:00+05:00,be87e3c6ef2702a65531c2f3f31743baf32362d4198b8e96c73bdf82180c3ccc,gfs_seamless,False
turbine_1,2026-01-18 20:00:00+00:00,48,0.9693102317949037,0.9693102317949037,False,False,0.9379226736566186,11.13,-12.1,2026-01-17 19:00:00+00:00,25.0,2026-01-17 22:00:00,2026-01-18T00:00:00+05:00,be87e3c6ef2702a65531c2f3f31743baf32362d4198b8e96c73bdf82180c3ccc,gfs_seamless,False
turbine_1,2026-01-18 21:00:00+00:00,48,0.9860200463626919,0.9860200463626919,False,False,0.9601641239019879,11.85,-11.9,2026-01-17 19:00:00+00:00,26.0,2026-01-17 22:00:00,2026-01-18T00:00:00+05:00,be87e3c6ef2702a65531c2f3f31743baf32362d4198b8e96c73bdf82180c3ccc,gfs_seamless,False
turbine_1,2026-01-18 22:00:00+00:00,48,0.9789469748023619,0.9789469748023619,False,False,0.9580719557195572,12.15,-12.0,2026-01-17 19:00:00+00:00,27.0,2026-01-17 22:00:00,2026-01-18T00:00:00+05:00,be87e3c6ef2702a65531c2f3f31743baf32362d4198b8e96c73bdf82180c3ccc,gfs_seamless,False
turbine_1,2026-01-18 23:00:00+00:00,48,0.9789469748023619,0.9789469748023619,False,False,0.9580719557195572,12.15,-12.0,2026-01-17 19:00:00+00:00,28.0,2026-01-17 22:00:00,2026-01-18T00:00:00+05:00,be87e3c6ef2702a65531c2f3f31743baf32362d4198b8e96c73bdf82180c3ccc,gfs_seamless,False
turbine_1,2026-01-19 00:00:00+00:00,48,0.9769912990978555,0.9769912990978555,False,False,0.9379226736566186,11.39,-9.6,2026-01-17 19:00:00+00:00,29.0,2026-01-17 22:00:00,2026-01-18T00:00:00+05:00,be87e3c6ef2702a65531c2f3f31743baf32362d4198b8e96c73bdf82180c3ccc,gfs_seamless,False
turbine_1,2026-01-19 01:00:00+00:00,48,0.9727088044792663,0.9727088044792663,False,False,0.9379226736566186,11.25,-9.7,2026-01-17 19:00:00+00:00,30.0,2026-01-17 22:00:00,2026-01-18T00:00:00+05:00,be87e3c6ef2702a65531c2f3f31743baf32362d4198b8e96c73bdf82180c3ccc,gfs_seamless,False
turbine_1,2026-01-19 02:00:00+00:00,48,0.9708049902428282,0.9708049902428282,False,False,0.9379226736566186,11.03,-9.9,2026-01-17 19:00:00+00:00,31.0,2026-01-17 22:00:00,2026-01-18T00:00:00+05:00,be87e3c6ef2702a65531c2f3f31743baf32362d4198b8e96c73bdf82180c3ccc,gfs_seamless,False
turbine_1,2026-01-19 03:00:00+00:00,48,0.9181288533937723,0.9181288533937723,False,False,0.8930562448304383,10.77,-9.4,2026-01-17 19:00:00+00:00,32.0,2026-01-17 22:00:00,2026-01-18T00:00:00+05:00,be87e3c6ef2702a65531c2f3f31743baf32362d4198b8e96c73bdf82180c3ccc,gfs_seamless,False
turbine_1,2026-01-19 04:00:00+00:00,48,0.8192273458547008,0.8192273458547008,False,False,0.8303311258278145,10.48,-7.2,2026-01-17 19:00:00+00:00,33.0,2026-01-17 22:00:00,2026-01-18T00:00:00+05:00,be87e3c6ef2702a65531c2f3f31743baf32362d4198b8e96c73bdf82180c3ccc,gfs_seamless,False
turbine_1,2026-01-19 05:00:00+00:00,48,0.951258947413191,0.951258947413191,False,False,0.8930562448304383,10.92,-5.1,2026-01-17 19:00:00+00:00,34.0,2026-01-17 22:00:00,2026-01-18T00:00:00+05:00,be87e3c6ef2702a65531c2f3f31743baf32362d4198b8e96c73bdf82180c3ccc,gfs_seamless,False
turbine_1,2026-01-19 06:00:00+00:00,48,0.9250158656916266,0.9250158656916266,False,False,0.8930562448304383,10.69,-3.9,2026-01-17 19:00:00+00:00,35.0,2026-01-17 22:00:00,2026-01-18T00:00:00+05:00,be87e3c6ef2702a65531c2f3f31743baf32362d4198b8e96c73bdf82180c3ccc,gfs_seamless,False
turbine_1,2026-01-19 07:00:00+00:00,48,0.9693003909052343,0.9693003909052343,False,False,0.9379226736566186,11.09,-2.8,2026-01-17 19:00:00+00:00,36.0,2026-01-17 22:00:00,2026-01-18T00:00:00+05:00,be87e3c6ef2702a65531c2f3f31743baf32362d4198b8e96c73bdf82180c3ccc,gfs_seamless,False
turbine_1,2026-01-19 08:00:00+00:00,48,0.9604470840067811,0.9604470840067811,False,False,0.9379226736566186,11.05,-2.1,2026-01-17 19:00:00+00:00,37.0,2026-01-17 22:00:00,2026-01-18T00:00:00+05:00,be87e3c6ef2702a65531c2f3f31743baf32362d4198b8e96c73bdf82180c3ccc,gfs_seamless,False
turbine_1,2026-01-19 09:00:00+00:00,48,0.9187971222405216,0.9187971222405216,False,False,0.8930562448304383,10.69,-1.7,2026-01-17 19:00:00+00:00,38.0,2026-01-17 22:00:00,2026-01-18T00:00:00+05:00,be87e3c6ef2702a65531c2f3f31743baf32362d4198b8e96c73bdf82180c3ccc,gfs_seamless,False
turbine_1,2026-01-19 10:00:00+00:00,48,0.8756149629842566,0.8756149629842566,False,False,0.8303311258278145,10.24,-2.1,2026-01-17 19:00:00+00:00,39.0,2026-01-17 22:00:00,2026-01-18T00:00:00+05:00,be87e3c6ef2702a65531c2f3f31743baf32362d4198b8e96c73bdf82180c3ccc,gfs_seamless,False
turbine_1,2026-01-19 11:00:00+00:00,48,0.8444416595000459,0.8444416595000459,False,False,0.7643122858541361,9.96,-3.8,2026-01-17 19:00:00+00:00,40.0,2026-01-17 22:00:00,2026-01-18T00:00:00+05:00,be87e3c6ef2702a65531c2f3f31743baf32362d4198b8e96c73bdf82180c3ccc,gfs_seamless,False
turbine_1,2026-01-19 12:00:00+00:00,48,0.8165593025146349,0.8165593025146349,False,False,0.7643122858541361,9.74,-5.3,2026-01-17 19:00:00+00:00,41.0,2026-01-17 22:00:00,2026-01-18T00:00:00+05:00,be87e3c6ef2702a65531c2f3f31743baf32362d4198b8e96c73bdf82180c3ccc,gfs_seamless,False
turbine_1,2026-01-19 13:00:00+00:00,48,0.6497307791933085,0.6497307791933085,False,False,0.6262730806608358,8.78,-6.0,2026-01-17 19:00:00+00:00,42.0,2026-01-17 22:00:00,2026-01-18T00:00:00+05:00,be87e3c6ef2702a65531c2f3f31743baf32362d4198b8e96c73bdf82180c3ccc,gfs_seamless,False
turbine_1,2026-01-19 14:00:00+00:00,48,0.5212512041568614,0.5212512041568614,False,False,0.5477251184834123,8.1,-6.5,2026-01-17 19:00:00+00:00,43.0,2026-01-17 22:00:00,2026-01-18T00:00:00+05:00,be87e3c6ef2702a65531c2f3f31743baf32362d4198b8e96c73bdf82180c3ccc,gfs_seamless,False
turbine_1,2026-01-19 15:00:00+00:00,48,0.5265013353114487,0.5265013353114487,False,False,0.5477251184834123,8.14,-6.7,2026-01-17 19:00:00+00:00,44.0,2026-01-17 22:00:00,2026-01-18T00:00:00+05:00,be87e3c6ef2702a65531c2f3f31743baf32362d4198b8e96c73bdf82180c3ccc,gfs_seamless,False
turbine_1,2026-01-19 16:00:00+00:00,48,0.5265013353114487,0.5265013353114487,False,False,0.5477251184834123,8.14,-6.6,2026-01-17 19:00:00+00:00,45.0,2026-01-17 22:00:00,2026-01-18T00:00:00+05:00,be87e3c6ef2702a65531c2f3f31743baf32362d4198b8e96c73bdf82180c3ccc,gfs_seamless,False
turbine_1,2026-01-19 17:00:00+00:00,48,0.5818780803614458,0.5818780803614458,False,False,0.5477251184834123,8.36,-6.5,2026-01-17 19:00:00+00:00,46.0,2026-01-17 22:00:00,2026-01-18T00:00:00+05:00,be87e3c6ef2702a65531c2f3f31743baf32362d4198b8e96c73bdf82180c3ccc,gfs_seamless,False
turbine_1,2026-01-19 18:00:00+00:00,48,0.7539317001136026,0.7539317001136026,False,False,0.69498998998999,9.44,-6.4,2026-01-17 19:00:00+00:00,47.0,2026-01-17 22:00:00,2026-01-18T00:00:00+05:00,be87e3c6ef2702a65531c2f3f31743baf32362d4198b8e96c73bdf82180c3ccc,gfs_seamless,False
turbine_1,2026-01-19 19:00:00+00:00,48,0.7704688427685342,0.7704688427685342,False,False,0.7643122858541361,9.63,-6.4,2026-01-17 19:00:00+00:00,48.0,2026-01-17 22:00:00,2026-01-18T00:00:00+05:00,be87e3c6ef2702a65531c2f3f31743baf32362d4198b8e96c73bdf82180c3ccc,gfs_seamless,False
turbine_2,2026-01-17 20:00:00+00:00,24,0.0025997592657486914,0.0025997592657486914,False,False,0.009930555555555557,0.63,-14.0,2026-01-17 19:00:00+00:00,1.0,2026-01-17 22:00:00,2026-01-18T00:00:00+05:00,5b3d4a3debf51543ab448726c777d1d68c7b8af10b249bb03b40af0b2b1a20ee,gfs_seamless,False
turbine_2,2026-01-17 21:00:00+00:00,24,0.0025997592657486914,0.0025997592657486914,False,False,0.01,0.41,-14.1,2026-01-17 19:00:00+00:00,2.0,2026-01-17 22:00:00,2026-01-18T00:00:00+05:00,5b3d4a3debf51543ab448726c777d1d68c7b8af10b249bb03b40af0b2b1a20ee,gfs_seamless,False
turbine_2,2026-01-17 22:00:00+00:00,24,0.0025997592657486914,0.0025997592657486914,False,False,0.009930555555555557,0.71,-14.3,2026-01-17 19:00:00+00:00,3.0,2026-01-17 22:00:00,2026-01-18T00:00:00+05:00,5b3d4a3debf51543ab448726c777d1d68c7b8af10b249bb03b40af0b2b1a20ee,gfs_seamless,False
turbine_2,2026-01-17 23:00:00+00:00,24,0.0025997592657486914,0.0025997592657486914,False,False,0.009930555555555557,0.81,-14.6,2026-01-17 19:00:00+00:00,4.0,2026-01-17 22:00:00,2026-01-18T00:00:00+05:00,5b3d4a3debf51543ab448726c777d1d68c7b8af10b249bb03b40af0b2b1a20ee,gfs_seamless,False
turbine_2,2026-01-18 00:00:00+00:00,24,0.009675895701626025,0.009675895701626025,False,False,0.014642650462962961,2.38,-11.2,2026-01-17 19:00:00+00:00,5.0,2026-01-17 22:00:00,2026-01-18T00:00:00+05:00,5b3d4a3debf51543ab448726c777d1d68c7b8af10b249bb03b40af0b2b1a20ee,gfs_seamless,False
turbine_2,2026-01-18 01:00:00+00:00,24,0.01319015662896295,0.01319015662896295,False,False,0.055528328119568995,3.53,-10.8,2026-01-17 19:00:00+00:00,6.0,2026-01-17 22:00:00,2026-01-18T00:00:00+05:00,5b3d4a3debf51543ab448726c777d1d68c7b8af10b249bb03b40af0b2b1a20ee,gfs_seamless,False
turbine_2,2026-01-18 02:00:00+00:00,24,0.039067410598678735,0.039067410598678735,False,False,0.1431002119285498,5.28,-10.8,2026-01-17 19:00:00+00:00,7.0,2026-01-17 22:00:00,2026-01-18T00:00:00+05:00,5b3d4a3debf51543ab448726c777d1d68c7b8af10b249bb03b40af0b2b1a20ee,gfs_seamless,False
turbine_2,2026-01-18 03:00:00+00:00,24,0.13684813092801754,0.13684813092801754,False,False,0.24686588103254767,6.49,-10.4,2026-01-17 19:00:00+00:00,8.0,2026-01-17 22:00:00,2026-01-18T00:00:00+05:00,5b3d4a3debf51543ab448726c777d1d68c7b8af10b249bb03b40af0b2b1a20ee,gfs_seamless,False
turbine_2,2026-01-18 04:00:00+00:00,24,0.3523910368910277,0.3523910368910277,False,False,0.3888572806171649,7.33,-9.4,2026-01-17 19:00:00+00:00,9.0,2026-01-17 22:00:00,2026-01-18T00:00:00+05:00,5b3d4a3debf51543ab448726c777d1d68c7b8af10b249bb03b40af0b2b1a20ee,gfs_seamless,False
turbine_2,2026-01-18 05:00:00+00:00,24,0.47263750392625586,0.47263750392625586,False,False,0.5336827956989247,8.02,-8.4,2026-01-17 19:00:00+00:00,10.0,2026-01-17 22:00:00,2026-01-18T00:00:00+05:00,5b3d4a3debf51543ab448726c777d1d68c7b8af10b249bb03b40af0b2b1a20ee,gfs_seamless,False
turbine_2,2026-01-18 06:00:00+00:00,24,0.5911248053329191,0.5911248053329191,False,False,0.615759009009009,8.69,-8.3,2026-01-17 19:00:00+00:00,11.0,2026-01-17 22:00:00,2026-01-18T00:00:00+05:00,5b3d4a3debf51543ab448726c777d1d68c7b8af10b249bb03b40af0b2b1a20ee,gfs_seamless,False
turbine_2,2026-01-18 07:00:00+00:00,24,0.6945796550489488,0.6945796550489488,False,False,0.615759009009009,8.97,-7.4,2026-01-17 19:00:00+00:00,12.0,2026-01-17 22:00:00,2026-01-18T00:00:00+05:00,5b3d4a3debf51543ab448726c777d1d68c7b8af10b249bb03b40af0b2b1a20ee,gfs_seamless,False
turbine_2,2026-01-18 08:00:00+00:00,24,0.5635312819470348,0.5635312819470348,False,False,0.615759009009009,8.69,-6.7,2026-01-17 19:00:00+00:00,13.0,2026-01-17 22:00:00,2026-01-18T00:00:00+05:00,5b3d4a3debf51543ab448726c777d1d68c7b8af10b249bb03b40af0b2b1a20ee,gfs_seamless,False
turbine_2,2026-01-18 09:00:00+00:00,24,0.520147051344851,0.520147051344851,False,False,0.5336827956989247,8.29,-6.4,2026-01-17 19:00:00+00:00,14.0,2026-01-17 22:00:00,2026-01-18T00:00:00+05:00,5b3d4a3debf51543ab448726c777d1d68c7b8af10b249bb03b40af0b2b1a20ee,gfs_seamless,False
turbine_2,2026-01-18 10:00:00+00:00,24,0.4807671480458848,0.4807671480458848,False,False,0.5336827956989247,8.05,-6.4,2026-01-17 19:00:00+00:00,15.0,2026-01-17 22:00:00,2026-01-18T00:00:00+05:00,5b3d4a3debf51543ab448726c777d1d68c7b8af10b249bb03b40af0b2b1a20ee,gfs_seamless,False
turbine_2,2026-01-18 11:00:00+00:00,24,0.4569192940764091,0.4569192940764091,False,False,0.45985423252546537,7.92,-7.0,2026-01-17 19:00:00+00:00,16.0,2026-01-17 22:00:00,2026-01-18T00:00:00+05:00,5b3d4a3debf51543ab448726c777d1d68c7b8af10b249bb03b40af0b2b1a20ee,gfs_seamless,False
turbine_2,2026-01-18 12:00:00+00:00,24,0.536423178647709,0.536423178647709,False,False,0.5336827956989247,8.32,-8.0,2026-01-17 19:00:00+00:00,17.0,2026-01-17 22:00:00,2026-01-18T00:00:00+05:00,5b3d4a3debf51543ab448726c777d1d68c7b8af10b249bb03b40af0b2b1a20ee,gfs_seamless,False
turbine_2,2026-01-18 13:00:00+00:00,24,0.49451557433598214,0.49451557433598214,False,False,0.5336827956989247,8.16,-8.0,2026-01-17 19:00:00+00:00,18.0,2026-01-17 22:00:00,2026-01-18T00:00:00+05:00,5b3d4a3debf51543ab448726c777d1d68c7b8af10b249bb03b40af0b2b1a20ee,gfs_seamless,False
turbine_2,2026-01-18 14:00:00+00:00,24,0.4668947380580896,0.4668947380580896,False,False,0.5336827956989247,8.11,-8.4,2026-01-17 19:00:00+00:00,19.0,2026-01-17 22:00:00,2026-01-18T00:00:00+05:00,5b3d4a3debf51543ab448726c777d1d68c7b8af10b249bb03b40af0b2b1a20ee,gfs_seamless,False
turbine_2,2026-01-18 15:00:00+00:00,24,0.34749607880058503,0.34749607880058503,False,False,0.45985423252546537,7.53,-8.9,2026-01-17 19:00:00+00:00,20.0,2026-01-17 22:00:00,2026-01-18T00:00:00+05:00,5b3d4a3debf51543ab448726c777d1d68c7b8af10b249bb03b40af0b2b1a20ee,gfs_seamless,False
turbine_2,2026-01-18 16:00:00+00:00,24,0.34749607880058503,0.34749607880058503,False,False,0.45985423252546537,7.51,-8.9,2026-01-17 19:00:00+00:00,21.0,2026-01-17 22:00:00,2026-01-18T00:00:00+05:00,5b3d4a3debf51543ab448726c777d1d68c7b8af10b249bb03b40af0b2b1a20ee,gfs_seamless,False
turbine_2,2026-01-18 17:00:00+00:00,24,0.34749607880058503,0.34749607880058503,False,False,0.45985423252546537,7.52,-9.1,2026-01-17 19:00:00+00:00,22.0,2026-01-17 22:00:00,2026-01-18T00:00:00+05:00,5b3d4a3debf51543ab448726c777d1d68c7b8af10b249bb03b40af0b2b1a20ee,gfs_seamless,False
turbine_2,2026-01-18 18:00:00+00:00,24,0.5668712428636098,0.5668712428636098,False,False,0.5336827956989247,8.46,-9.3,2026-01-17 19:00:00+00:00,23.0,2026-01-17 22:00:00,2026-01-18T00:00:00+05:00,5b3d4a3debf51543ab448726c777d1d68c7b8af10b249bb03b40af0b2b1a20ee,gfs_seamless,False
turbine_2,2026-01-18 19:00:00+00:00,24,0.6101994651610912,0.6101994651610912,False,False,0.615759009009009,8.92,-9.5,2026-01-17 19:00:00+00:00,24.0,2026-01-17 22:00:00,2026-01-18T00:00:00+05:00,5b3d4a3debf51543ab448726c777d1d68c7b8af10b249bb03b40af0b2b1a20ee,gfs_seamless,False
turbine_2,2026-01-18 20:00:00+00:00,48,0.9378630183037713,0.9378630183037713,False,False,0.9253557617942768,11.13,-12.1,2026-01-17 19:00:00+00:00,25.0,2026-01-17 22:00:00,2026-01-18T00:00:00+05:00,5b3d4a3debf51543ab448726c777d1d68c7b8af10b249bb03b40af0b2b1a20ee,gfs_seamless,False
turbine_2,2026-01-18 21:00:00+00:00,48,0.9834421649573535,0.9834421649573535,False,False,0.9521731601731601,11.85,-11.9,2026-01-17 19:00:00+00:00,26.0,2026-01-17 22:00:00,2026-01-18T00:00:00+05:00,5b3d4a3debf51543ab448726c777d1d68c7b8af10b249bb03b40af0b2b1a20ee,gfs_seamless,False
turbine_2,2026-01-18 22:00:00+00:00,48,0.9397383168428352,0.9397383168428352,False,False,0.9572317351598173,12.15,-12.0,2026-01-17 19:00:00+00:00,27.0,2026-01-17 22:00:00,2026-01-18T00:00:00+05:00,5b3d4a3debf51543ab448726c777d1d68c7b8af10b249bb03b40af0b2b1a20ee,gfs_seamless,False
turbine_2,2026-01-18 23:00:00+00:00,48,0.9397383168428352,0.9397383168428352,False,False,0.9572317351598173,12.15,-12.0,2026-01-17 19:00:00+00:00,28.0,2026-01-17 22:00:00,2026-01-18T00:00:00+05:00,5b3d4a3debf51543ab448726c777d1d68c7b8af10b249bb03b40af0b2b1a20ee,gfs_seamless,False
turbine_2,2026-01-19 00:00:00+00:00,48,0.9725295532403273,0.9725295532403273,False,False,0.9253557617942768,11.39,-9.6,2026-01-17 19:00:00+00:00,29.0,2026-01-17 22:00:00,2026-01-18T00:00:00+05:00,5b3d4a3debf51543ab448726c777d1d68c7b8af10b249bb03b40af0b2b1a20ee,gfs_seamless,False
turbine_2,2026-01-19 01:00:00+00:00,48,0.9707831071648445,0.9707831071648445,False,False,0.9253557617942768,11.25,-9.7,2026-01-17 19:00:00+00:00,30.0,2026-01-17 22:00:00,2026-01-18T00:00:00+05:00,5b3d4a3debf51543ab448726c777d1d68c7b8af10b249bb03b40af0b2b1a20ee,gfs_seamless,False
turbine_2,2026-01-19 02:00:00+00:00,48,0.9462255580886401,0.9462255580886401,False,False,0.9253557617942768,11.03,-9.9,2026-01-17 19:00:00+00:00,31.0,2026-01-17 22:00:00,2026-01-18T00:00:00+05:00,5b3d4a3debf51543ab448726c777d1d68c7b8af10b249bb03b40af0b2b1a20ee,gfs_seamless,False
turbine_2,2026-01-19 03:00:00+00:00,48,0.9165596446730003,0.9165596446730003,False,False,0.8847668711656442,10.77,-9.4,2026-01-17 19:00:00+00:00,32.0,2026-01-17 22:00:00,2026-01-18T00:00:00+05:00,5b3d4a3debf51543ab448726c777d1d68c7b8af10b249bb03b40af0b2b1a20ee,gfs_seamless,False
turbine_2,2026-01-19 04:00:00+00:00,48,0.764289695241263,0.764289695241263,False,False,0.8245056689342404,10.48,-7.2,2026-01-17 19:00:00+00:00,33.0,2026-01-17 22:00:00,2026-01-18T00:00:00+05:00,5b3d4a3debf51543ab448726c777d1d68c7b8af10b249bb03b40af0b2b1a20ee,gfs_seamless,False
turbine_2,2026-01-19 05:00:00+00:00,48,0.9184832057097387,0.9184832057097387,False,False,0.8847668711656442,10.92,-5.1,2026-01-17 19:00:00+00:00,34.0,2026-01-17 22:00:00,2026-01-18T00:00:00+05:00,5b3d4a3debf51543ab448726c777d1d68c7b8af10b249bb03b40af0b2b1a20ee,gfs_seamless,False
turbine_2,2026-01-19 06:00:00+00:00,48,0.8814257725222657,0.8814257725222657,False,False,0.8847668711656442,10.69,-3.9,2026-01-17 19:00:00+00:00,35.0,2026-01-17 22:00:00,2026-01-18T00:00:00+05:00,5b3d4a3debf51543ab448726c777d1d68c7b8af10b249bb03b40af0b2b1a20ee,gfs_seamless,False
turbine_2,2026-01-19 07:00:00+00:00,48,0.9080199545260296,0.9080199545260296,False,False,0.9253557617942768,11.09,-2.8,2026-01-17 19:00:00+00:00,36.0,2026-01-17 22:00:00,2026-01-18T00:00:00+05:00,5b3d4a3debf51543ab448726c777d1d68c7b8af10b249bb03b40af0b2b1a20ee,gfs_seamless,False
turbine_2,2026-01-19 08:00:00+00:00,48,0.9295856459845295,0.9295856459845295,False,False,0.9253557617942768,11.05,-2.1,2026-01-17 19:00:00+00:00,37.0,2026-01-17 22:00:00,2026-01-18T00:00:00+05:00,5b3d4a3debf51543ab448726c777d1d68c7b8af10b249bb03b40af0b2b1a20ee,gfs_seamless,False
turbine_2,2026-01-19 09:00:00+00:00,48,0.919733939963379,0.919733939963379,False,False,0.8847668711656442,10.69,-1.7,2026-01-17 19:00:00+00:00,38.0,2026-01-17 22:00:00,2026-01-18T00:00:00+05:00,5b3d4a3debf51543ab448726c777d1d68c7b8af10b249bb03b40af0b2b1a20ee,gfs_seamless,False
turbine_2,2026-01-19 10:00:00+00:00,48,0.810171145974029,0.810171145974029,False,False,0.8245056689342404,10.24,-2.1,2026-01-17 19:00:00+00:00,39.0,2026-01-17 22:00:00,2026-01-18T00:00:00+05:00,5b3d4a3debf51543ab448726c777d1d68c7b8af10b249bb03b40af0b2b1a20ee,gfs_seamless,False
turbine_2,2026-01-19 11:00:00+00:00,48,0.8130682652560051,0.8130682652560051,False,False,0.752911143838979,9.96,-3.8,2026-01-17 19:00:00+00:00,40.0,2026-01-17 22:00:00,2026-01-18T00:00:00+05:00,5b3d4a3debf51543ab448726c777d1d68c7b8af10b249bb03b40af0b2b1a20ee,gfs_seamless,False
turbine_2,2026-01-19 12:00:00+00:00,48,0.7791605090822202,0.7791605090822202,False,False,0.752911143838979,9.74,-5.3,2026-01-17 19:00:00+00:00,41.0,2026-01-17 22:00:00,2026-01-18T00:00:00+05:00,5b3d4a3debf51543ab448726c777d1d68c7b8af10b249bb03b40af0b2b1a20ee,gfs_seamless,False
turbine_2,2026-01-19 13:00:00+00:00,48,0.6064598070440609,0.6064598070440609,False,False,0.615759009009009,8.78,-6.0,2026-01-17 19:00:00+00:00,42.0,2026-01-17 22:00:00,2026-01-18T00:00:00+05:00,5b3d4a3debf51543ab448726c777d1d68c7b8af10b249bb03b40af0b2b1a20ee,gfs_seamless,False
turbine_2,2026-01-19 14:00:00+00:00,48,0.47502438217771853,0.47502438217771853,False,False,0.5336827956989247,8.1,-6.5,2026-01-17 19:00:00+00:00,43.0,2026-01-17 22:00:00,2026-01-18T00:00:00+05:00,5b3d4a3debf51543ab448726c777d1d68c7b8af10b249bb03b40af0b2b1a20ee,gfs_seamless,False
turbine_2,2026-01-19 15:00:00+00:00,48,0.4912588295976654,0.4912588295976654,False,False,0.5336827956989247,8.14,-6.7,2026-01-17 19:00:00+00:00,44.0,2026-01-17 22:00:00,2026-01-18T00:00:00+05:00,5b3d4a3debf51543ab448726c777d1d68c7b8af10b249bb03b40af0b2b1a20ee,gfs_seamless,False
turbine_2,2026-01-19 16:00:00+00:00,48,0.4912588295976654,0.4912588295976654,False,False,0.5336827956989247,8.14,-6.6,2026-01-17 19:00:00+00:00,45.0,2026-01-17 22:00:00,2026-01-18T00:00:00+05:00,5b3d4a3debf51543ab448726c777d1d68c7b8af10b249bb03b40af0b2b1a20ee,gfs_seamless,False
turbine_2,2026-01-19 17:00:00+00:00,48,0.5360992121563303,0.5360992121563303,False,False,0.5336827956989247,8.36,-6.5,2026-01-17 19:00:00+00:00,46.0,2026-01-17 22:00:00,2026-01-18T00:00:00+05:00,5b3d4a3debf51543ab448726c777d1d68c7b8af10b249bb03b40af0b2b1a20ee,gfs_seamless,False
turbine_2,2026-01-19 18:00:00+00:00,48,0.7066471529812084,0.7066471529812084,False,False,0.674822695035461,9.44,-6.4,2026-01-17 19:00:00+00:00,47.0,2026-01-17 22:00:00,2026-01-18T00:00:00+05:00,5b3d4a3debf51543ab448726c777d1d68c7b8af10b249bb03b40af0b2b1a20ee,gfs_seamless,False
turbine_2,2026-01-19 19:00:00+00:00,48,0.7449375908149489,0.7449375908149489,False,False,0.752911143838979,9.63,-6.4,2026-01-17 19:00:00+00:00,48.0,2026-01-17 22:00:00,2026-01-18T00:00:00+05:00,5b3d4a3debf51543ab448726c777d1d68c7b8af10b249bb03b40af0b2b1a20ee,gfs_seamless,False
turbine_1,2026-01-18 20:00:00+00:00,24,0.7946195531332921,0.7946195531332921,False,False,0.7643122858541361,9.52,-9.6,2026-01-18 19:00:00+00:00,1.0,2026-01-18 22:00:00,2026-01-19T00:00:00+05:00,7818d45b029bf67e1b09a0605db80091d630a802ab0e63c32e436c24d70c020b,gfs_seamless,False
turbine_1,2026-01-18 21:00:00+00:00,24,0.896664594419157,0.896664594419157,False,False,0.8303311258278145,10.44,-9.5,2026-01-18 19:00:00+00:00,2.0,2026-01-18 22:00:00,2026-01-19T00:00:00+05:00,7818d45b029bf67e1b09a0605db80091d630a802ab0e63c32e436c24d70c020b,gfs_seamless,False
turbine_1,2026-01-18 22:00:00+00:00,24,0.9749530762065237,0.9749530762065237,False,False,0.9379226736566186,11.22,-10.0,2026-01-18 19:00:00+00:00,3.0,2026-01-18 22:00:00,2026-01-19T00:00:00+05:00,7818d45b029bf67e1b09a0605db80091d630a802ab0e63c32e436c24d70c020b,gfs_seamless,False
turbine_1,2026-01-18 23:00:00+00:00,24,0.9851307054085638,0.9851307054085638,False,False,0.9601641239019879,11.52,-10.2,2026-01-18 19:00:00+00:00,4.0,2026-01-18 22:00:00,2026-01-19T00:00:00+05:00,7818d45b029bf67e1b09a0605db80091d630a802ab0e63c32e436c24d70c020b,gfs_seamless,False
turbine_1,2026-01-19 00:00:00+00:00,24,0.9837858727349141,0.9837858727349141,False,False,0.9379226736566186,11.49,-11.5,2026-01-18 19:00:00+00:00,5.0,2026-01-18 22:00:00,2026-01-19T00:00:00+05:00,7818d45b029bf67e1b09a0605db80091d630a802ab0e63c32e436c24d70c020b,gfs_seamless,False
turbine_1,2026-01-19 01:00:00+00:00,24,0.9850029172884811,0.9850029172884811,False,False,0.9601641239019879,11.58,-11.5,2026-01-18 19:00:00+00:00,6.0,2026-01-18 22:00:00,2026-01-19T00:00:00+05:00,7818d45b029bf67e1b09a0605db80091d630a802ab0e63c32e436c24d70c020b,gfs_seamless,False
turbine_1,2026-01-19 02:00:00+00:00,24,0.9822326406845461,0.9822326406845461,False,False,0.9601641239019879,11.68,-11.5,2026-01-18 19:00:00+00:00,7.0,2026-01-18 22:00:00,2026-01-19T00:00:00+05:00,7818d45b029bf67e1b09a0605db80091d630a802ab0e63c32e436c24d70c020b,gfs_seamless,False
turbine_1,2026-01-19 03:00:00+00:00,24,0.9746365972075641,0.9746365972075641,False,False,0.9379226736566186,11.37,-10.9,2026-01-18 19:00:00+00:00,8.0,2026-01-18 22:00:00,2026-01-19T00:00:00+05:00,7818d45b029bf67e1b09a0605db80091d630a802ab0e63c32e436c24d70c020b,gfs_seamless,False
turbine_1,2026-01-19 04:00:00+00:00,24,0.949182988748902,0.949182988748902,False,False,0.8930562448304383,10.88,-8.9,2026-01-18 19:00:00+00:00,9.0,2026-01-18 22:00:00,2026-01-19T00:00:00+05:00,7818d45b029bf67e1b09a0605db80091d630a802ab0e63c32e436c24d70c020b,gfs_seamless,False
turbine_1,2026-01-19 05:00:00+00:00,24,0.9534966316189892,0.9534966316189892,False,False,0.9379226736566186,11.08,-6.8,2026-01-18 19:00:00+00:00,10.0,2026-01-18 22:00:00,2026-01-19T00:00:00+05:00,7818d45b029bf67e1b09a0605db80091d630a802ab0e63c32e436c24d70c020b,gfs_seamless,False
turbine_1,2026-01-19 06:00:00+00:00,24,0.9768895173970527,0.9768895173970527,False,False,0.9580719557195572,12.13,-4.9,2026-01-18 19:00:00+00:00,11.0,2026-01-18 22:00:00,2026-01-19T00:00:00+05:00,7818d45b029bf67e1b09a0605db80091d630a802ab0e63c32e436c24d70c020b,gfs_seamless,False
turbine_1,2026-01-19 07:00:00+00:00,24,0.9528235787109716,0.9528235787109716,False,False,0.9670130869899922,12.71,-3.7,2026-01-18 19:00:00+00:00,12.0,2026-01-18 22:00:00,2026-01-19T00:00:00+05:00,7818d45b029bf67e1b09a0605db80091d630a802ab0e63c32e436c24d70c020b,gfs_seamless,False
turbine_1,2026-01-19 08:00:00+00:00,24,0.9934955865894984,0.9934955865894984,False,False,0.9580719557195572,12.34,-3.0,2026-01-18 19:00:00+00:00,13.0,2026-01-18 22:00:00,2026-01-19T00:00:00+05:00,7818d45b029bf67e1b09a0605db80091d630a802ab0e63c32e436c24d70c020b,gfs_seamless,False
turbine_1,2026-01-19 09:00:00+00:00,24,0.9812714694270378,0.9812714694270378,False,False,0.9601641239019879,11.76,-2.9,2026-01-18 19:00:00+00:00,14.0,2026-01-18 22:00:00,2026-01-19T00:00:00+05:00,7818d45b029bf67e1b09a0605db80091d630a802ab0e63c32e436c24d70c020b,gfs_seamless,False
turbine_1,2026-01-19 10:00:00+00:00,24,0.9689706156672248,0.9689706156672248,False,False,0.9379226736566186,11.13,-3.6,2026-01-18 19:00:00+00:00,15.0,2026-01-18 22:00:00,2026-01-19T00:00:00+05:00,7818d45b029bf67e1b09a0605db80091d630a802ab0e63c32e436c24d70c020b,gfs_seamless,False
turbine_1,2026-01-19 11:00:00+00:00,24,0.9225766235320487,0.9225766235320487,False,False,0.8930562448304383,10.74,-5.2,2026-01-18 19:00:00+00:00,16.0,2026-01-18 22:00:00,2026-01-19T00:00:00+05:00,7818d45b029bf67e1b09a0605db80091d630a802ab0e63c32e436c24d70c020b,gfs_seamless,False
turbine_1,2026-01-19 12:00:00+00:00,24,0.8558447625362976,0.8558447625362976,False,False,0.8303311258278145,10.19,-7.0,2026-01-18 19:00:00+00:00,17.0,2026-01-18 22:00:00,2026-01-19T00:00:00+05:00,7818d45b029bf67e1b09a0605db80091d630a802ab0e63c32e436c24d70c020b,gfs_seamless,False
turbine_1,2026-01-19 13:00:00+00:00,24,0.7205376409272095,0.7205376409272095,False,False,0.69498998998999,9.23,-8.1,2026-01-18 19:00:00+00:00,18.0,2026-01-18 22:00:00,2026-01-19T00:00:00+05:00,7818d45b029bf67e1b09a0605db80091d630a802ab0e63c32e436c24d70c020b,gfs_seamless,False
turbine_1,2026-01-19 14:00:00+00:00,24,0.6495543907782158,0.6495543907782158,False,False,0.6262730806608358,8.82,-8.3,2026-01-18 19:00:00+00:00,19.0,2026-01-18 22:00:00,2026-01-19T00:00:00+05:00,7818d45b029bf67e1b09a0605db80091d630a802ab0e63c32e436c24d70c020b,gfs_seamless,False
turbine_1,2026-01-19 15:00:00+00:00,24,0.6495543907782158,0.6495543907782158,False,False,0.6262730806608358,8.86,-8.2,2026-01-18 19:00:00+00:00,20.0,2026-01-18 22:00:00,2026-01-19T00:00:00+05:00,7818d45b029bf67e1b09a0605db80091d630a802ab0e63c32e436c24d70c020b,gfs_seamless,False
turbine_1,2026-01-19 16:00:00+00:00,24,0.7038323174307505,0.7038323174307505,False,False,0.69498998998999,9.17,-8.1,2026-01-18 19:00:00+00:00,21.0,2026-01-18 22:00:00,2026-01-19T00:00:00+05:00,7818d45b029bf67e1b09a0605db80091d630a802ab0e63c32e436c24d70c020b,gfs_seamless,False
turbine_1,2026-01-19 17:00:00+00:00,24,0.7956191716078854,0.7956191716078854,False,False,0.69498998998999,9.48,-8.1,2026-01-18 19:00:00+00:00,22.0,2026-01-18 22:00:00,2026-01-19T00:00:00+05:00,7818d45b029bf67e1b09a0605db80091d630a802ab0e63c32e436c24d70c020b,gfs_seamless,False
turbine_1,2026-01-19 18:00:00+00:00,24,0.589485768392424,0.589485768392424,False,False,0.6262730806608358,8.86,-7.4,2026-01-18 19:00:00+00:00,23.0,2026-01-18 22:00:00,2026-01-19T00:00:00+05:00,7818d45b029bf67e1b09a0605db80091d630a802ab0e63c32e436c24d70c020b,gfs_seamless,False
turbine_1,2026-01-19 19:00:00+00:00,24,0.61636513865698,0.61636513865698,False,False,0.6262730806608358,8.81,-7.7,2026-01-18 19:00:00+00:00,24.0,2026-01-18 22:00:00,2026-01-19T00:00:00+05:00,7818d45b029bf67e1b09a0605db80091d630a802ab0e63c32e436c24d70c020b,gfs_seamless,False
turbine_1,2026-01-19 20:00:00+00:00,48,0.8155902005383101,0.8155902005383101,False,False,0.7643122858541361,9.8,-6.5,2026-01-18 19:00:00+00:00,25.0,2026-01-18 22:00:00,2026-01-19T00:00:00+05:00,7818d45b029bf67e1b09a0605db80091d630a802ab0e63c32e436c24d70c020b,gfs_seamless,False
turbine_1,2026-01-19 21:00:00+00:00,48,0.8360838895956808,0.8360838895956808,False,False,0.7643122858541361,9.85,-6.6,2026-01-18 19:00:00+00:00,26.0,2026-01-18 22:00:00,2026-01-19T00:00:00+05:00,7818d45b029bf67e1b09a0605db80091d630a802ab0e63c32e436c24d70c020b,gfs_seamless,False
turbine_1,2026-01-19 22:00:00+00:00,48,0.8238820986731383,0.8238820986731383,False,False,0.7643122858541361,9.89,-7.2,2026-01-18 19:00:00+00:00,27.0,2026-01-18 22:00:00,2026-01-19T00:00:00+05:00,7818d45b029bf67e1b09a0605db80091d630a802ab0e63c32e436c24d70c020b,gfs_seamless,False
turbine_1,2026-01-19 23:00:00+00:00,48,0.792086885388592,0.792086885388592,False,False,0.7643122858541361,9.75,-7.6,2026-01-18 19:00:00+00:00,28.0,2026-01-18 22:00:00,2026-01-19T00:00:00+05:00,7818d45b029bf67e1b09a0605db80091d630a802ab0e63c32e436c24d70c020b,gfs_seamless,False
turbine_1,2026-01-20 00:00:00+00:00,48,0.8558027099471718,0.8558027099471718,False,False,0.7643122858541361,9.84,-9.4,2026-01-18 19:00:00+00:00,29.0,2026-01-18 22:00:00,2026-01-19T00:00:00+05:00,7818d45b029bf67e1b09a0605db80091d630a802ab0e63c32e436c24d70c020b,gfs_seamless,False
turbine_1,2026-01-20 01:00:00+00:00,48,0.8237380657314954,0.8237380657314954,False,False,0.7643122858541361,9.66,-9.5,2026-01-18 19:00:00+00:00,30.0,2026-01-18 22:00:00,2026-01-19T00:00:00+05:00,7818d45b029bf67e1b09a0605db80091d630a802ab0e63c32e436c24d70c020b,gfs_seamless,False
turbine_1,2026-01-20 02:00:00+00:00,48,0.7366969055479116,0.7366969055479116,False,False,0.69498998998999,9.31,-9.9,2026-01-18 19:00:00+00:00,31.0,2026-01-18 22:00:00,2026-01-19T00:00:00+05:00,7818d45b029bf67e1b09a0605db80091d630a802ab0e63c32e436c24d70c020b,gfs_seamless,False
turbine_1,2026-01-20 03:00:00+00:00,48,0.5928099626693945,0.5928099626693945,False,False,0.6262730806608358,8.5,-9.1,2026-01-18 19:00:00+00:00,32.0,2026-01-18 22:00:00,2026-01-19T00:00:00+05:00,7818d45b029bf67e1b09a0605db80091d630a802ab0e63c32e436c24d70c020b,gfs_seamless,False
turbine_1,2026-01-20 04:00:00+00:00,48,0.3046824577570142,0.3046824577570142,False,False,0.3987106017191977,7.08,-7.1,2026-01-18 19:00:00+00:00,33.0,2026-01-18 22:00:00,2026-01-19T00:00:00+05:00,7818d45b029bf67e1b09a0605db80091d630a802ab0e63c32e436c24d70c020b,gfs_seamless,False
turbine_1,2026-01-20 05:00:00+00:00,48,0.18865020698409324,0.18865020698409324,False,False,0.25702568593111497,6.18,-5.9,2026-01-18 19:00:00+00:00,34.0,2026-01-18 22:00:00,2026-01-19T00:00:00+05:00,7818d45b029bf67e1b09a0605db80091d630a802ab0e63c32e436c24d70c020b,gfs_seamless,False
turbine_1,2026-01-20 06:00:00+00:00,48,0.18777427420538187,0.18777427420538187,False,False,0.25702568593111497,6.08,-4.9,2026-01-18 19:00:00+00:00,35.0,2026-01-18 22:00:00,2026-01-19T00:00:00+05:00,7818d45b029bf67e1b09a0605db80091d630a802ab0e63c32e436c24d70c020b,gfs_seamless,False
turbine_1,2026-01-20 07:00:00+00:00,48,0.16247318883408904,0.16247318883408904,False,False,0.19534016393442621,5.89,-4.4,2026-01-18 19:00:00+00:00,36.0,2026-01-18 22:00:00,2026-01-19T00:00:00+05:00,7818d45b029bf67e1b09a0605db80091d630a802ab0e63c32e436c24d70c020b,gfs_seamless,False
turbine_1,2026-01-20 08:00:00+00:00,48,0.04840973147028972,0.04840973147028972,False,False,0.11165196078431373,4.59,-3.7,2026-01-18 19:00:00+00:00,37.0,2026-01-18 22:00:00,2026-01-19T00:00:00+05:00,7818d45b029bf67e1b09a0605db80091d630a802ab0e63c32e436c24d70c020b,gfs_seamless,False
turbine_1,2026-01-20 09:00:00+00:00,48,0.02115839298559198,0.02115839298559198,False,False,0.04027363184079603,3.44,-3.4,2026-01-18 19:00:00+00:00,38.0,2026-01-18 22:00:00,2026-01-19T00:00:00+05:00,7818d45b029bf67e1b09a0605db80091d630a802ab0e63c32e436c24d70c020b,gfs_seamless,False
turbine_1,2026-01-20 10:00:00+00:00,48,0.008256883423771972,0.008256883423771972,False,False,0.009988980716253445,0.94,-3.6,2026-01-18 19:00:00+00:00,39.0,2026-01-18 22:00:00,2026-01-19T00:00:00+05:00,7818d45b029bf67e1b09a0605db80091d630a802ab0e63c32e436c24d70c020b,gfs_seamless,False
turbine_1,2026-01-20 11:00:00+00:00,48,0.010017241738367686,0.010017241738367686,False,False,0.016068064418109998,2.34,-4.2,2026-01-18 19:00:00+00:00,40.0,2026-01-18 22:00:00,2026-01-19T00:00:00+05:00,7818d45b029bf67e1b09a0605db80091d630a802ab0e63c32e436c24d70c020b,gfs_seamless,False
turbine_1,2026-01-20 12:00:00+00:00,48,0.008262783193579308,0.008262783193579308,False,False,0.00996100519930676,1.26,-6.1,2026-01-18 19:00:00+00:00,41.0,2026-01-18 22:00:00,2026-01-19T00:00:00+05:00,7818d45b029bf67e1b09a0605db80091d630a802ab0e63c32e436c24d70c020b,gfs_seamless,False
turbine_1,2026-01-20 13:00:00+00:00,48,0.009077910203128434,0.009077910203128434,False,False,0.009988980716253445,0.78,-5.3,2026-01-18 19:00:00+00:00,42.0,2026-01-18 22:00:00,2026-01-19T00:00:00+05:00,7818d45b029bf67e1b09a0605db80091d630a802ab0e63c32e436c24d70c020b,gfs_seamless,False
turbine_1,2026-01-20 14:00:00+00:00,48,0.009077910203128434,0.009077910203128434,False,False,0.009988980716253445,0.61,-5.1,2026-01-18 19:00:00+00:00,43.0,2026-01-18 22:00:00,2026-01-19T00:00:00+05:00,7818d45b029bf67e1b09a0605db80091d630a802ab0e63c32e436c24d70c020b,gfs_seamless,False
turbine_1,2026-01-20 15:00:00+00:00,48,0.008200557757734145,0.008200557757734145,False,False,0.00996100519930676,1.1,-6.7,2026-01-18 19:00:00+00:00,44.0,2026-01-18 22:00:00,2026-01-19T00:00:00+05:00,7818d45b029bf67e1b09a0605db80091d630a802ab0e63c32e436c24d70c020b,gfs_seamless,False
turbine_1,2026-01-20 16:00:00+00:00,48,0.008449272306020892,0.008449272306020892,False,False,0.01103499627699181,1.72,-7.5,2026-01-18 19:00:00+00:00,45.0,2026-01-18 22:00:00,2026-01-19T00:00:00+05:00,7818d45b029bf67e1b09a0605db80091d630a802ab0e63c32e436c24d70c020b,gfs_seamless,False
turbine_1,2026-01-20 17:00:00+00:00,48,0.009382309098792946,0.009382309098792946,False,False,0.016068064418109998,2.19,-7.7,2026-01-18 19:00:00+00:00,46.0,2026-01-18 22:00:00,2026-01-19T00:00:00+05:00,7818d45b029bf67e1b09a0605db80091d630a802ab0e63c32e436c24d70c020b,gfs_seamless,False
turbine_1,2026-01-20 18:00:00+00:00,48,0.17470584512629633,0.17470584512629633,False,False,0.25702568593111497,6.07,-8.0,2026-01-18 19:00:00+00:00,47.0,2026-01-18 22:00:00,2026-01-19T00:00:00+05:00,7818d45b029bf67e1b09a0605db80091d630a802ab0e63c32e436c24d70c020b,gfs_seamless,False
turbine_1,2026-01-20 19:00:00+00:00,48,0.5281877968729605,0.5281877968729605,False,False,0.5477251184834123,8.28,-8.1,2026-01-18 19:00:00+00:00,48.0,2026-01-18 22:00:00,2026-01-19T00:00:00+05:00,7818d45b029bf67e1b09a0605db80091d630a802ab0e63c32e436c24d70c020b,gfs_seamless,False
turbine_2,2026-01-18 20:00:00+00:00,24,0.7229090956615916,0.7229090956615916,False,False,0.752911143838979,9.52,-9.6,2026-01-18 19:00:00+00:00,1.0,2026-01-18 22:00:00,2026-01-19T00:00:00+05:00,c4e76c2e75af914c0526bab830e8dc21eee6bf9c6cd66b2c9a5fd73b85c1dd8d,gfs_seamless,False
turbine_2,2026-01-18 21:00:00+00:00,24,0.8919005208315235,0.8919005208315235,False,False,0.8245056689342404,10.44,-9.5,2026-01-18 19:00:00+00:00,2.0,2026-01-18 22:00:00,2026-01-19T00:00:00+05:00,c4e76c2e75af914c0526bab830e8dc21eee6bf9c6cd66b2c9a5fd73b85c1dd8d,gfs_seamless,False
turbine_2,2026-01-18 22:00:00+00:00,24,0.9435841068974161,0.9435841068974161,False,False,0.9253557617942768,11.22,-10.0,2026-01-18 19:00:00+00:00,3.0,2026-01-18 22:00:00,2026-01-19T00:00:00+05:00,c4e76c2e75af914c0526bab830e8dc21eee6bf9c6cd66b2c9a5fd73b85c1dd8d,gfs_seamless,False
turbine_2,2026-01-18 23:00:00+00:00,24,0.9752488326922053,0.9752488326922053,False,False,0.9521731601731601,11.52,-10.2,2026-01-18 19:00:00+00:00,4.0,2026-01-18 22:00:00,2026-01-19T00:00:00+05:00,c4e76c2e75af914c0526bab830e8dc21eee6bf9c6cd66b2c9a5fd73b85c1dd8d,gfs_seamless,False
turbine_2,2026-01-19 00:00:00+00:00,24,0.977983604427505,0.977983604427505,False,False,0.9253557617942768,11.49,-11.5,2026-01-18 19:00:00+00:00,5.0,2026-01-18 22:00:00,2026-01-19T00:00:00+05:00,c4e76c2e75af914c0526bab830e8dc21eee6bf9c6cd66b2c9a5fd73b85c1dd8d,gfs_seamless,False
turbine_2,2026-01-19 01:00:00+00:00,24,0.9788979791472638,0.9788979791472638,False,False,0.9521731601731601,11.58,-11.5,2026-01-18 19:00:00+00:00,6.0,2026-01-18 22:00:00,2026-01-19T00:00:00+05:00,c4e76c2e75af914c0526bab830e8dc21eee6bf9c6cd66b2c9a5fd73b85c1dd8d,gfs_seamless,False
turbine_2,2026-01-19 02:00:00+00:00,24,0.9834149983870867,0.9834149983870867,False,False,0.9521731601731601,11.68,-11.5,2026-01-18 19:00:00+00:00,7.0,2026-01-18 22:00:00,2026-01-19T00:00:00+05:00,c4e76c2e75af914c0526bab830e8dc21eee6bf9c6cd66b2c9a5fd73b85c1dd8d,gfs_seamless,False
turbine_2,2026-01-19 03:00:00+00:00,24,0.9768831298608999,0.9768831298608999,False,False,0.9253557617942768,11.37,-10.9,2026-01-18 19:00:00+00:00,8.0,2026-01-18 22:00:00,2026-01-19T00:00:00+05:00,c4e76c2e75af914c0526bab830e8dc21eee6bf9c6cd66b2c9a5fd73b85c1dd8d,gfs_seamless,False
turbine_2,2026-01-19 04:00:00+00:00,24,0.9328279483124312,0.9328279483124312,False,False,0.8847668711656442,10.88,-8.9,2026-01-18 19:00:00+00:00,9.0,2026-01-18 22:00:00,2026-01-19T00:00:00+05:00,c4e76c2e75af914c0526bab830e8dc21eee6bf9c6cd66b2c9a5fd73b85c1dd8d,gfs_seamless,False
turbine_2,2026-01-19 05:00:00+00:00,24,0.8458003545452532,0.8458003545452532,False,False,0.9253557617942768,11.08,-6.8,2026-01-18 19:00:00+00:00,10.0,2026-01-18 22:00:00,2026-01-19T00:00:00+05:00,c4e76c2e75af914c0526bab830e8dc21eee6bf9c6cd66b2c9a5fd73b85c1dd8d,gfs_seamless,False
turbine_2,2026-01-19 06:00:00+00:00,24,0.9219767850260444,0.9219767850260444,False,False,0.9572317351598173,12.13,-4.9,2026-01-18 19:00:00+00:00,11.0,2026-01-18 22:00:00,2026-01-19T00:00:00+05:00,c4e76c2e75af914c0526bab830e8dc21eee6bf9c6cd66b2c9a5fd73b85c1dd8d,gfs_seamless,False
turbine_2,2026-01-19 07:00:00+00:00,24,0.9887045458719214,0.9887045458719214,False,False,0.9629209270620314,12.71,-3.7,2026-01-18 19:00:00+00:00,12.0,2026-01-18 22:00:00,2026-01-19T00:00:00+05:00,c4e76c2e75af914c0526bab830e8dc21eee6bf9c6cd66b2c9a5fd73b85c1dd8d,gfs_seamless,False
turbine_2,2026-01-19 08:00:00+00:00,24,0.9907049809947834,0.9907049809947834,False,False,0.9572317351598173,12.34,-3.0,2026-01-18 19:00:00+00:00,13.0,2026-01-18 22:00:00,2026-01-19T00:00:00+05:00,c4e76c2e75af914c0526bab830e8dc21eee6bf9c6cd66b2c9a5fd73b85c1dd8d,gfs_seamless,False
turbine_2,2026-01-19 09:00:00+00:00,24,0.9596796388916752,0.9596796388916752,False,False,0.9521731601731601,11.76,-2.9,2026-01-18 19:00:00+00:00,14.0,2026-01-18 22:00:00,2026-01-19T00:00:00+05:00,c4e76c2e75af914c0526bab830e8dc21eee6bf9c6cd66b2c9a5fd73b85c1dd8d,gfs_seamless,False
turbine_2,2026-01-19 10:00:00+00:00,24,0.936338804028779,0.936338804028779,False,False,0.9253557617942768,11.13,-3.6,2026-01-18 19:00:00+00:00,15.0,2026-01-18 22:00:00,2026-01-19T00:00:00+05:00,c4e76c2e75af914c0526bab830e8dc21eee6bf9c6cd66b2c9a5fd73b85c1dd8d,gfs_seamless,False
turbine_2,2026-01-19 11:00:00+00:00,24,0.8652912394658453,0.8652912394658453,False,False,0.8847668711656442,10.74,-5.2,2026-01-18 19:00:00+00:00,16.0,2026-01-18 22:00:00,2026-01-19T00:00:00+05:00,c4e76c2e75af914c0526bab830e8dc21eee6bf9c6cd66b2c9a5fd73b85c1dd8d,gfs_seamless,False
turbine_2,2026-01-19 12:00:00+00:00,24,0.794946091132839,0.794946091132839,False,False,0.8245056689342404,10.19,-7.0,2026-01-18 19:00:00+00:00,17.0,2026-01-18 22:00:00,2026-01-19T00:00:00+05:00,c4e76c2e75af914c0526bab830e8dc21eee6bf9c6cd66b2c9a5fd73b85c1dd8d,gfs_seamless,False
turbine_2,2026-01-19 13:00:00+00:00,24,0.715706738175018,0.715706738175018,False,False,0.674822695035461,9.23,-8.1,2026-01-18 19:00:00+00:00,18.0,2026-01-18 22:00:00,2026-01-19T00:00:00+05:00,c4e76c2e75af914c0526bab830e8dc21eee6bf9c6cd66b2c9a5fd73b85c1dd8d,gfs_seamless,False
turbine_2,2026-01-19 14:00:00+00:00,24,0.6240629654418611,0.6240629654418611,False,False,0.615759009009009,8.82,-8.3,2026-01-18 19:00:00+00:00,19.0,2026-01-18 22:00:00,2026-01-19T00:00:00+05:00,c4e76c2e75af914c0526bab830e8dc21eee6bf9c6cd66b2c9a5fd73b85c1dd8d,gfs_seamless,False
turbine_2,2026-01-19 15:00:00+00:00,24,0.6240629654418611,0.6240629654418611,False,False,0.615759009009009,8.86,-8.2,2026-01-18 19:00:00+00:00,20.0,2026-01-18 22:00:00,2026-01-19T00:00:00+05:00,c4e76c2e75af914c0526bab830e8dc21eee6bf9c6cd66b2c9a5fd73b85c1dd8d,gfs_seamless,False
turbine_2,2026-01-19 16:00:00+00:00,24,0.7106929204819703,0.7106929204819703,False,False,0.674822695035461,9.17,-8.1,2026-01-18 19:00:00+00:00,21.0,2026-01-18 22:00:00,2026-01-19T00:00:00+05:00,c4e76c2e75af914c0526bab830e8dc21eee6bf9c6cd66b2c9a5fd73b85c1dd8d,gfs_seamless,False
turbine_2,2026-01-19 17:00:00+00:00,24,0.7475917287859921,0.7475917287859921,False,False,0.674822695035461,9.48,-8.1,2026-01-18 19:00:00+00:00,22.0,2026-01-18 22:00:00,2026-01-19T00:00:00+05:00,c4e76c2e75af914c0526bab830e8dc21eee6bf9c6cd66b2c9a5fd73b85c1dd8d,gfs_seamless,False
turbine_2,2026-01-19 18:00:00+00:00,24,0.5673241541106733,0.5673241541106733,False,False,0.615759009009009,8.86,-7.4,2026-01-18 19:00:00+00:00,23.0,2026-01-18 22:00:00,2026-01-19T00:00:00+05:00,c4e76c2e75af914c0526bab830e8dc21eee6bf9c6cd66b2c9a5fd73b85c1dd8d,gfs_seamless,False
turbine_2,2026-01-19 19:00:00+00:00,24,0.6240629654418611,0.6240629654418611,False,False,0.615759009009009,8.81,-7.7,2026-01-18 19:00:00+00:00,24.0,2026-01-18 22:00:00,2026-01-19T00:00:00+05:00,c4e76c2e75af914c0526bab830e8dc21eee6bf9c6cd66b2c9a5fd73b85c1dd8d,gfs_seamless,False
turbine_2,2026-01-19 20:00:00+00:00,48,0.7485255173974669,0.7485255173974669,False,False,0.752911143838979,9.8,-6.5,2026-01-18 19:00:00+00:00,25.0,2026-01-18 22:00:00,2026-01-19T00:00:00+05:00,c4e76c2e75af914c0526bab830e8dc21eee6bf9c6cd66b2c9a5fd73b85c1dd8d,gfs_seamless,False
turbine_2,2026-01-19 21:00:00+00:00,48,0.7724964207939862,0.7724964207939862,False,False,0.752911143838979,9.85,-6.6,2026-01-18 19:00:00+00:00,26.0,2026-01-18 22:00:00,2026-01-19T00:00:00+05:00,c4e76c2e75af914c0526bab830e8dc21eee6bf9c6cd66b2c9a5fd73b85c1dd8d,gfs_seamless,False
turbine_2,2026-01-19 22:00:00+00:00,48,0.7280328736813398,0.7280328736813398,False,False,0.752911143838979,9.89,-7.2,2026-01-18 19:00:00+00:00,27.0,2026-01-18 22:00:00,2026-01-19T00:00:00+05:00,c4e76c2e75af914c0526bab830e8dc21eee6bf9c6cd66b2c9a5fd73b85c1dd8d,gfs_seamless,False
turbine_2,2026-01-19 23:00:00+00:00,48,0.8093205144948372,0.8093205144948372,False,False,0.752911143838979,9.75,-7.6,2026-01-18 19:00:00+00:00,28.0,2026-01-18 22:00:00,2026-01-19T00:00:00+05:00,c4e76c2e75af914c0526bab830e8dc21eee6bf9c6cd66b2c9a5fd73b85c1dd8d,gfs_seamless,False
turbine_2,2026-01-20 00:00:00+00:00,48,0.808608784766956,0.808608784766956,False,False,0.752911143838979,9.84,-9.4,2026-01-18 19:00:00+00:00,29.0,2026-01-18 22:00:00,2026-01-19T00:00:00+05:00,c4e76c2e75af914c0526bab830e8dc21eee6bf9c6cd66b2c9a5fd73b85c1dd8d,gfs_seamless,False
turbine_2,2026-01-20 01:00:00+00:00,48,0.7835110146111196,0.7835110146111196,False,False,0.752911143838979,9.66,-9.5,2026-01-18 19:00:00+00:00,30.0,2026-01-18 22:00:00,2026-01-19T00:00:00+05:00,c4e76c2e75af914c0526bab830e8dc21eee6bf9c6cd66b2c9a5fd73b85c1dd8d,gfs_seamless,False
turbine_2,2026-01-20 02:00:00+00:00,48,0.6969761455952196,0.6969761455952196,False,False,0.674822695035461,9.31,-9.9,2026-01-18 19:00:00+00:00,31.0,2026-01-18 22:00:00,2026-01-19T00:00:00+05:00,c4e76c2e75af914c0526bab830e8dc21eee6bf9c6cd66b2c9a5fd73b85c1dd8d,gfs_seamless,False
turbine_2,2026-01-20 03:00:00+00:00,48,0.5903953061987992,0.5903953061987992,False,False,0.615759009009009,8.5,-9.1,2026-01-18 19:00:00+00:00,32.0,2026-01-18 22:00:00,2026-01-19T00:00:00+05:00,c4e76c2e75af914c0526bab830e8dc21eee6bf9c6cd66b2c9a5fd73b85c1dd8d,gfs_seamless,False
turbine_2,2026-01-20 04:00:00+00:00,48,0.3167510242346527,0.3167510242346527,False,False,0.38858517805582293,7.08,-7.1,2026-01-18 19:00:00+00:00,33.0,2026-01-18 22:00:00,2026-01-19T00:00:00+05:00,c4e76c2e75af914c0526bab830e8dc21eee6bf9c6cd66b2c9a5fd73b85c1dd8d,gfs_seamless,False
turbine_2,2026-01-20 05:00:00+00:00,48,0.1895728887525276,0.1895728887525276,False,False,0.24662468513853905,6.18,-5.9,2026-01-18 19:00:00+00:00,34.0,2026-01-18 22:00:00,2026-01-19T00:00:00+05:00,c4e76c2e75af914c0526bab830e8dc21eee6bf9c6cd66b2c9a5fd73b85c1dd8d,gfs_seamless,False
turbine_2,2026-01-20 06:00:00+00:00,48,0.1704665938071658,0.1704665938071658,False,False,0.24662468513853905,6.08,-4.9,2026-01-18 19:00:00+00:00,35.0,2026-01-18 22:00:00,2026-01-19T00:00:00+05:00,c4e76c2e75af914c0526bab830e8dc21eee6bf9c6cd66b2c9a5fd73b85c1dd8d,gfs_seamless,False
turbine_2,2026-01-20 07:00:00+00:00,48,0.15049124307412232,0.15049124307412232,False,False,0.18846410461702698,5.89,-4.4,2026-01-18 19:00:00+00:00,36.0,2026-01-18 22:00:00,2026-01-19T00:00:00+05:00,c4e76c2e75af914c0526bab830e8dc21eee6bf9c6cd66b2c9a5fd73b85c1dd8d,gfs_seamless,False
turbine_2,2026-01-20 08:00:00+00:00,48,0.03605136802990846,0.03605136802990846,False,False,0.10521004566210046,4.59,-3.7,2026-01-18 19:00:00+00:00,37.0,2026-01-18 22:00:00,2026-01-19T00:00:00+05:00,c4e76c2e75af914c0526bab830e8dc21eee6bf9c6cd66b2c9a5fd73b85c1dd8d,gfs_seamless,False
turbine_2,2026-01-20 09:00:00+00:00,48,0.017394591671952134,0.017394591671952134,False,False,0.037259259259259256,3.44,-3.4,2026-01-18 19:00:00+00:00,38.0,2026-01-18 22:00:00,2026-01-19T00:00:00+05:00,c4e76c2e75af914c0526bab830e8dc21eee6bf9c6cd66b2c9a5fd73b85c1dd8d,gfs_seamless,False
turbine_2,2026-01-20 10:00:00+00:00,48,0.008652905039680497,0.008652905039680497,False,False,0.009930875576036866,0.94,-3.6,2026-01-18 19:00:00+00:00,39.0,2026-01-18 22:00:00,2026-01-19T00:00:00+05:00,c4e76c2e75af914c0526bab830e8dc21eee6bf9c6cd66b2c9a5fd73b85c1dd8d,gfs_seamless,False
turbine_2,2026-01-20 11:00:00+00:00,48,0.009649967903961417,0.009649967903961417,False,False,0.014638623879734027,2.34,-4.2,2026-01-18 19:00:00+00:00,40.0,2026-01-18 22:00:00,2026-01-19T00:00:00+05:00,c4e76c2e75af914c0526bab830e8dc21eee6bf9c6cd66b2c9a5fd73b85c1dd8d,gfs_seamless,False
turbine_2,2026-01-20 12:00:00+00:00,48,0.00847940783538316,0.00847940783538316,False,False,0.009707602339181288,1.26,-6.1,2026-01-18 19:00:00+00:00,41.0,2026-01-18 22:00:00,2026-01-19T00:00:00+05:00,c4e76c2e75af914c0526bab830e8dc21eee6bf9c6cd66b2c9a5fd73b85c1dd8d,gfs_seamless,False
turbine_2,2026-01-20 13:00:00+00:00,48,0.00847940783538316,0.00847940783538316,False,False,0.009930875576036866,0.78,-5.3,2026-01-18 19:00:00+00:00,42.0,2026-01-18 22:00:00,2026-01-19T00:00:00+05:00,c4e76c2e75af914c0526bab830e8dc21eee6bf9c6cd66b2c9a5fd73b85c1dd8d,gfs_seamless,False
turbine_2,2026-01-20 14:00:00+00:00,48,0.00847940783538316,0.00847940783538316,False,False,0.009930875576036866,0.61,-5.1,2026-01-18 19:00:00+00:00,43.0,2026-01-18 22:00:00,2026-01-19T00:00:00+05:00,c4e76c2e75af914c0526bab830e8dc21eee6bf9c6cd66b2c9a5fd73b85c1dd8d,gfs_seamless,False
turbine_2,2026-01-20 15:00:00+00:00,48,0.008330982404121967,0.008330982404121967,False,False,0.009707602339181288,1.1,-6.7,2026-01-18 19:00:00+00:00,44.0,2026-01-18 22:00:00,2026-01-19T00:00:00+05:00,c4e76c2e75af914c0526bab830e8dc21eee6bf9c6cd66b2c9a5fd73b85c1dd8d,gfs_seamless,False
turbine_2,2026-01-20 16:00:00+00:00,48,0.007663436314254289,0.007663436314254289,False,False,0.010131072631072631,1.72,-7.5,2026-01-18 19:00:00+00:00,45.0,2026-01-18 22:00:00,2026-01-19T00:00:00+05:00,c4e76c2e75af914c0526bab830e8dc21eee6bf9c6cd66b2c9a5fd73b85c1dd8d,gfs_seamless,False
turbine_2,2026-01-20 17:00:00+00:00,48,0.008210573835553958,0.008210573835553958,False,False,0.014638623879734027,2.19,-7.7,2026-01-18 19:00:00+00:00,46.0,2026-01-18 22:00:00,2026-01-19T00:00:00+05:00,c4e76c2e75af914c0526bab830e8dc21eee6bf9c6cd66b2c9a5fd73b85c1dd8d,gfs_seamless,False
turbine_2,2026-01-20 18:00:00+00:00,48,0.16810551818945907,0.16810551818945907,False,False,0.24662468513853905,6.07,-8.0,2026-01-18 19:00:00+00:00,47.0,2026-01-18 22:00:00,2026-01-19T00:00:00+05:00,c4e76c2e75af914c0526bab830e8dc21eee6bf9c6cd66b2c9a5fd73b85c1dd8d,gfs_seamless,False
turbine_2,2026-01-20 19:00:00+00:00,48,0.5535600930867812,0.5535600930867812,False,False,0.5336827956989247,8.28,-8.1,2026-01-18 19:00:00+00:00,48.0,2026-01-18 22:00:00,2026-01-19T00:00:00+05:00,c4e76c2e75af914c0526bab830e8dc21eee6bf9c6cd66b2c9a5fd73b85c1dd8d,gfs_seamless,False
turbine_1,2026-01-19 20:00:00+00:00,24,0.6792645396708118,0.6792645396708118,False,False,0.69498998998999,9.35,-7.8,2026-01-19 19:00:00+00:00,1.0,2026-01-19 22:00:00,2026-01-20T00:00:00+05:00,5f2563ddc50b3323d91d15653d458e138ac0b61fe55bd412270214bf41532cc6,gfs_seamless,False
turbine_1,2026-01-19 21:00:00+00:00,24,0.8272475258359389,0.8272475258359389,False,False,0.7643122858541361,9.66,-8.1,2026-01-19 19:00:00+00:00,2.0,2026-01-19 22:00:00,2026-01-20T00:00:00+05:00,5f2563ddc50b3323d91d15653d458e138ac0b61fe55bd412270214bf41532cc6,gfs_seamless,False
turbine_1,2026-01-19 22:00:00+00:00,24,0.8257312743225109,0.8257312743225109,False,False,0.7643122858541361,9.58,-8.3,2026-01-19 19:00:00+00:00,3.0,2026-01-19 22:00:00,2026-01-20T00:00:00+05:00,5f2563ddc50b3323d91d15653d458e138ac0b61fe55bd412270214bf41532cc6,gfs_seamless,False
turbine_1,2026-01-19 23:00:00+00:00,24,0.8316556563356912,0.8316556563356912,False,False,0.7643122858541361,9.71,-8.4,2026-01-19 19:00:00+00:00,4.0,2026-01-19 22:00:00,2026-01-20T00:00:00+05:00,5f2563ddc50b3323d91d15653d458e138ac0b61fe55bd412270214bf41532cc6,gfs_seamless,False
turbine_1,2026-01-20 00:00:00+00:00,24,0.8145904041040548,0.8145904041040548,False,False,0.7643122858541361,9.75,-10.5,2026-01-19 19:00:00+00:00,5.0,2026-01-19 22:00:00,2026-01-20T00:00:00+05:00,5f2563ddc50b3323d91d15653d458e138ac0b61fe55bd412270214bf41532cc6,gfs_seamless,False
turbine_1,2026-01-20 01:00:00+00:00,24,0.7003073291154028,0.7003073291154028,False,False,0.69498998998999,9.17,-11.6,2026-01-19 19:00:00+00:00,6.0,2026-01-19 22:00:00,2026-01-20T00:00:00+05:00,5f2563ddc50b3323d91d15653d458e138ac0b61fe55bd412270214bf41532cc6,gfs_seamless,False
turbine_1,2026-01-20 02:00:00+00:00,24,0.4903412531943908,0.4903412531943908,False,False,0.5477100591715977,8.27,-11.1,2026-01-19 19:00:00+00:00,7.0,2026-01-19 22:00:00,2026-01-20T00:00:00+05:00,5f2563ddc50b3323d91d15653d458e138ac0b61fe55bd412270214bf41532cc6,gfs_seamless,False
turbine_1,2026-01-20 03:00:00+00:00,24,0.3950374451545156,0.3950374451545156,False,False,0.47559337797619045,7.61,-10.0,2026-01-19 19:00:00+00:00,8.0,2026-01-19 22:00:00,2026-01-20T00:00:00+05:00,5f2563ddc50b3323d91d15653d458e138ac0b61fe55bd412270214bf41532cc6,gfs_seamless,False
turbine_1,2026-01-20 04:00:00+00:00,24,0.3204671621785618,0.3204671621785618,False,False,0.3249925661611656,6.93,-8.6,2026-01-19 19:00:00+00:00,9.0,2026-01-19 22:00:00,2026-01-20T00:00:00+05:00,5f2563ddc50b3323d91d15653d458e138ac0b61fe55bd412270214bf41532cc6,gfs_seamless,False
turbine_1,2026-01-20 05:00:00+00:00,24,0.07348867341121809,0.07348867341121809,False,False,0.11165196078431373,4.93,-7.9,2026-01-19 19:00:00+00:00,10.0,2026-01-19 22:00:00,2026-01-20T00:00:00+05:00,5f2563ddc50b3323d91d15653d458e138ac0b61fe55bd412270214bf41532cc6,gfs_seamless,False
turbine_1,2026-01-20 06:00:00+00:00,24,0.008403691540101574,0.008403691540101574,False,False,0.016068064418109998,2.1,-6.5,2026-01-19 19:00:00+00:00,11.0,2026-01-19 22:00:00,2026-01-20T00:00:00+05:00,5f2563ddc50b3323d91d15653d458e138ac0b61fe55bd412270214bf41532cc6,gfs_seamless,False
turbine_1,2026-01-20 07:00:00+00:00,24,0.008718949596806472,0.008718949596806472,False,False,0.01103499627699181,1.55,-5.4,2026-01-19 19:00:00+00:00,12.0,2026-01-19 22:00:00,2026-01-20T00:00:00+05:00,5f2563ddc50b3323d91d15653d458e138ac0b61fe55bd412270214bf41532cc6,gfs_seamless,False
turbine_1,2026-01-20 08:00:00+00:00,24,0.00868760130576123,0.00868760130576123,False,False,0.009988980716253445,0.51,-4.3,2026-01-19 19:00:00+00:00,13.0,2026-01-19 22:00:00,2026-01-20T00:00:00+05:00,5f2563ddc50b3323d91d15653d458e138ac0b61fe55bd412270214bf41532cc6,gfs_seamless,False
turbine_1,2026-01-20 09:00:00+00:00,24,0.00846477811413417,0.00846477811413417,False,False,0.01,0.36,-4.0,2026-01-19 19:00:00+00:00,14.0,2026-01-19 22:00:00,2026-01-20T00:00:00+05:00,5f2563ddc50b3323d91d15653d458e138ac0b61fe55bd412270214bf41532cc6,gfs_seamless,False
turbine_1,2026-01-20 10:00:00+00:00,24,0.00868760130576123,0.00868760130576123,False,False,0.009988980716253445,0.94,-4.2,2026-01-19 19:00:00+00:00,15.0,2026-01-19 22:00:00,2026-01-20T00:00:00+05:00,5f2563ddc50b3323d91d15653d458e138ac0b61fe55bd412270214bf41532cc6,gfs_seamless,False
turbine_1,2026-01-20 11:00:00+00:00,24,0.008140273400317595,0.008140273400317595,False,False,0.009988980716253445,0.73,-6.8,2026-01-19 19:00:00+00:00,16.0,2026-01-19 22:00:00,2026-01-20T00:00:00+05:00,5f2563ddc50b3323d91d15653d458e138ac0b61fe55bd412270214bf41532cc6,gfs_seamless,False
turbine_1,2026-01-20 12:00:00+00:00,24,0.007226241779014409,0.007226241779014409,False,False,0.01,0.45,-9.0,2026-01-19 19:00:00+00:00,17.0,2026-01-19 22:00:00,2026-01-20T00:00:00+05:00,5f2563ddc50b3323d91d15653d458e138ac0b61fe55bd412270214bf41532cc6,gfs_seamless,False
turbine_1,2026-01-20 13:00:00+00:00,24,0.007731506447138198,0.007731506447138198,False,False,0.01,0.45,-9.8,2026-01-19 19:00:00+00:00,18.0,2026-01-19 22:00:00,2026-01-20T00:00:00+05:00,5f2563ddc50b3323d91d15653d458e138ac0b61fe55bd412270214bf41532cc6,gfs_seamless,False
turbine_1,2026-01-20 14:00:00+00:00,24,0.007731506447138198,0.007731506447138198,False,False,0.01103499627699181,1.53,-10.1,2026-01-19 19:00:00+00:00,19.0,2026-01-19 22:00:00,2026-01-20T00:00:00+05:00,5f2563ddc50b3323d91d15653d458e138ac0b61fe55bd412270214bf41532cc6,gfs_seamless,False
turbine_1,2026-01-20 15:00:00+00:00,24,0.015308151618189863,0.015308151618189863,False,False,0.04027363184079603,3.13,-10.3,2026-01-19 19:00:00+00:00,20.0,2026-01-19 22:00:00,2026-01-20T00:00:00+05:00,5f2563ddc50b3323d91d15653d458e138ac0b61fe55bd412270214bf41532cc6,gfs_seamless,False
turbine_1,2026-01-20 16:00:00+00:00,24,0.06540833498483788,0.06540833498483788,False,False,0.1489730322985262,5.24,-10.6,2026-01-19 19:00:00+00:00,21.0,2026-01-19 22:00:00,2026-01-20T00:00:00+05:00,5f2563ddc50b3323d91d15653d458e138ac0b61fe55bd412270214bf41532cc6,gfs_seamless,False
turbine_1,2026-01-20 17:00:00+00:00,24,0.3101307940774554,0.3101307940774554,False,False,0.3249925661611656,6.99,-10.6,2026-01-19 19:00:00+00:00,22.0,2026-01-19 22:00:00,2026-01-20T00:00:00+05:00,5f2563ddc50b3323d91d15653d458e138ac0b61fe55bd412270214bf41532cc6,gfs_seamless,False
turbine_1,2026-01-20 18:00:00+00:00,24,0.6959779699027782,0.6959779699027782,False,False,0.69498998998999,9.22,-10.7,2026-01-19 19:00:00+00:00,23.0,2026-01-19 22:00:00,2026-01-20T00:00:00+05:00,5f2563ddc50b3323d91d15653d458e138ac0b61fe55bd412270214bf41532cc6,gfs_seamless,False
turbine_1,2026-01-20 19:00:00+00:00,24,0.9089224356715535,0.9089224356715535,False,False,0.8930562448304383,10.69,-11.0,2026-01-19 19:00:00+00:00,24.0,2026-01-19 22:00:00,2026-01-20T00:00:00+05:00,5f2563ddc50b3323d91d15653d458e138ac0b61fe55bd412270214bf41532cc6,gfs_seamless,False
turbine_1,2026-01-20 20:00:00+00:00,48,0.8675487943177977,0.8675487943177977,False,False,0.8303311258278145,10.02,-8.4,2026-01-19 19:00:00+00:00,25.0,2026-01-19 22:00:00,2026-01-20T00:00:00+05:00,5f2563ddc50b3323d91d15653d458e138ac0b61fe55bd412270214bf41532cc6,gfs_seamless,False
turbine_1,2026-01-20 21:00:00+00:00,48,0.9189323339618766,0.9189323339618766,False,False,0.8930562448304383,10.73,-8.5,2026-01-19 19:00:00+00:00,26.0,2026-01-19 22:00:00,2026-01-20T00:00:00+05:00,5f2563ddc50b3323d91d15653d458e138ac0b61fe55bd412270214bf41532cc6,gfs_seamless,False
turbine_1,2026-01-20 22:00:00+00:00,48,0.9865395271068549,0.9865395271068549,False,False,0.9601641239019879,11.64,-8.7,2026-01-19 19:00:00+00:00,27.0,2026-01-19 22:00:00,2026-01-20T00:00:00+05:00,5f2563ddc50b3323d91d15653d458e138ac0b61fe55bd412270214bf41532cc6,gfs_seamless,False
turbine_1,2026-01-20 23:00:00+00:00,48,0.9978746911571555,0.9978746911571555,False,False,0.9670130869899922,12.59,-8.8,2026-01-19 19:00:00+00:00,28.0,2026-01-19 22:00:00,2026-01-20T00:00:00+05:00,5f2563ddc50b3323d91d15653d458e138ac0b61fe55bd412270214bf41532cc6,gfs_seamless,False
turbine_1,2026-01-21 00:00:00+00:00,48,0.994048194216744,0.994048194216744,False,False,0.9670130869899922,12.5,-10.5,2026-01-19 19:00:00+00:00,29.0,2026-01-19 22:00:00,2026-01-20T00:00:00+05:00,5f2563ddc50b3323d91d15653d458e138ac0b61fe55bd412270214bf41532cc6,gfs_seamless,False
turbine_1,2026-01-21 01:00:00+00:00,48,0.9551937943986508,0.9551937943986508,False,False,0.9670130869899922,12.69,-10.4,2026-01-19 19:00:00+00:00,30.0,2026-01-19 22:00:00,2026-01-20T00:00:00+05:00,5f2563ddc50b3323d91d15653d458e138ac0b61fe55bd412270214bf41532cc6,gfs_seamless,False
turbine_1,2026-01-21 02:00:00+00:00,48,0.9895761169109616,0.9895761169109616,False,False,0.9670130869899922,12.78,-10.4,2026-01-19 19:00:00+00:00,31.0,2026-01-19 22:00:00,2026-01-20T00:00:00+05:00,5f2563ddc50b3323d91d15653d458e138ac0b61fe55bd412270214bf41532cc6,gfs_seamless,False
turbine_1,2026-01-21 03:00:00+00:00,48,0.9959243255088969,0.9959243255088969,False,False,0.9670130869899922,12.55,-9.6,2026-01-19 19:00:00+00:00,32.0,2026-01-19 22:00:00,2026-01-20T00:00:00+05:00,5f2563ddc50b3323d91d15653d458e138ac0b61fe55bd412270214bf41532cc6,gfs_seamless,False
turbine_1,2026-01-21 04:00:00+00:00,48,0.9379722855745576,0.9379722855745576,False,False,0.9670130869899922,12.64,-7.7,2026-01-19 19:00:00+00:00,33.0,2026-01-19 22:00:00,2026-01-20T00:00:00+05:00,5f2563ddc50b3323d91d15653d458e138ac0b61fe55bd412270214bf41532cc6,gfs_seamless,False
turbine_1,2026-01-21 05:00:00+00:00,48,0.9848564199057145,0.9848564199057145,False,False,0.9670130869899922,12.88,-5.8,2026-01-19 19:00:00+00:00,34.0,2026-01-19 22:00:00,2026-01-20T00:00:00+05:00,5f2563ddc50b3323d91d15653d458e138ac0b61fe55bd412270214bf41532cc6,gfs_seamless,False
turbine_1,2026-01-21 06:00:00+00:00,48,0.9868942413254529,0.9868942413254529,False,False,0.9769763513513514,13.24,-4.6,2026-01-19 19:00:00+00:00,35.0,2026-01-19 22:00:00,2026-01-20T00:00:00+05:00,5f2563ddc50b3323d91d15653d458e138ac0b61fe55bd412270214bf41532cc6,gfs_seamless,False
turbine_1,2026-01-21 07:00:00+00:00,48,0.9896790655136442,0.9896790655136442,False,False,0.965644891122278,13.5,-3.4,2026-01-19 19:00:00+00:00,36.0,2026-01-19 22:00:00,2026-01-20T00:00:00+05:00,5f2563ddc50b3323d91d15653d458e138ac0b61fe55bd412270214bf41532cc6,gfs_seamless,False
turbine_1,2026-01-21 08:00:00+00:00,48,0.9813061071288403,0.9813061071288403,False,False,0.9670130869899922,12.81,-2.8,2026-01-19 19:00:00+00:00,37.0,2026-01-19 22:00:00,2026-01-20T00:00:00+05:00,5f2563ddc50b3323d91d15653d458e138ac0b61fe55bd412270214bf41532cc6,gfs_seamless,False
turbine_1,2026-01-21 09:00:00+00:00,48,0.9860372718603743,0.9860372718603743,False,False,0.9601641239019879,11.97,-2.6,2026-01-19 19:00:00+00:00,38.0,2026-01-19 22:00:00,2026-01-20T00:00:00+05:00,5f2563ddc50b3323d91d15653d458e138ac0b61fe55bd412270214bf41532cc6,gfs_seamless,False
turbine_1,2026-01-21 10:00:00+00:00,48,0.9813783300686858,0.9813783300686858,False,False,0.9601641239019879,11.82,-3.1,2026-01-19 19:00:00+00:00,39.0,2026-01-19 22:00:00,2026-01-20T00:00:00+05:00,5f2563ddc50b3323d91d15653d458e138ac0b61fe55bd412270214bf41532cc6,gfs_seamless,False
turbine_1,2026-01-21 11:00:00+00:00,48,0.9820521087098,0.9820521087098,False,False,0.9601641239019879,11.71,-4.8,2026-01-19 19:00:00+00:00,40.0,2026-01-19 22:00:00,2026-01-20T00:00:00+05:00,5f2563ddc50b3323d91d15653d458e138ac0b61fe55bd412270214bf41532cc6,gfs_seamless,False
turbine_1,2026-01-21 12:00:00+00:00,48,1.0039598062886546,0.9983333333333334,True,False,0.9580719557195572,12.21,-6.7,2026-01-19 19:00:00+00:00,41.0,2026-01-19 22:00:00,2026-01-20T00:00:00+05:00,5f2563ddc50b3323d91d15653d458e138ac0b61fe55bd412270214bf41532cc6,gfs_seamless,False
turbine_1,2026-01-21 13:00:00+00:00,48,0.9651354254347391,0.9651354254347391,False,False,0.9379226736566186,11.46,-7.6,2026-01-19 19:00:00+00:00,42.0,2026-01-19 22:00:00,2026-01-20T00:00:00+05:00,5f2563ddc50b3323d91d15653d458e138ac0b61fe55bd412270214bf41532cc6,gfs_seamless,False
turbine_1,2026-01-21 14:00:00+00:00,48,0.9909689453250663,0.9909689453250663,False,False,0.9580719557195572,12.09,-8.1,2026-01-19 19:00:00+00:00,43.0,2026-01-19 22:00:00,2026-01-20T00:00:00+05:00,5f2563ddc50b3323d91d15653d458e138ac0b61fe55bd412270214bf41532cc6,gfs_seamless,False
turbine_1,2026-01-21 15:00:00+00:00,48,0.9768266853926507,0.9768266853926507,False,False,0.9580719557195572,12.38,-7.9,2026-01-19 19:00:00+00:00,44.0,2026-01-19 22:00:00,2026-01-20T00:00:00+05:00,5f2563ddc50b3323d91d15653d458e138ac0b61fe55bd412270214bf41532cc6,gfs_seamless,False
turbine_1,2026-01-21 16:00:00+00:00,48,0.9768266853926507,0.9768266853926507,False,False,0.9580719557195572,12.42,-7.8,2026-01-19 19:00:00+00:00,45.0,2026-01-19 22:00:00,2026-01-20T00:00:00+05:00,5f2563ddc50b3323d91d15653d458e138ac0b61fe55bd412270214bf41532cc6,gfs_seamless,False
turbine_1,2026-01-21 17:00:00+00:00,48,0.9379722855745576,0.9379722855745576,False,False,0.9670130869899922,12.67,-7.8,2026-01-19 19:00:00+00:00,46.0,2026-01-19 22:00:00,2026-01-20T00:00:00+05:00,5f2563ddc50b3323d91d15653d458e138ac0b61fe55bd412270214bf41532cc6,gfs_seamless,False
turbine_1,2026-01-21 18:00:00+00:00,48,0.9743784230891567,0.9743784230891567,False,False,0.9769763513513514,13.04,-7.6,2026-01-19 19:00:00+00:00,47.0,2026-01-19 22:00:00,2026-01-20T00:00:00+05:00,5f2563ddc50b3323d91d15653d458e138ac0b61fe55bd412270214bf41532cc6,gfs_seamless,False
turbine_1,2026-01-21 19:00:00+00:00,48,0.9743784230891567,0.9743784230891567,False,False,0.9670130869899922,12.97,-7.7,2026-01-19 19:00:00+00:00,48.0,2026-01-19 22:00:00,2026-01-20T00:00:00+05:00,5f2563ddc50b3323d91d15653d458e138ac0b61fe55bd412270214bf41532cc6,gfs_seamless,False
turbine_2,2026-01-19 20:00:00+00:00,24,0.7389021362213356,0.7389021362213356,False,False,0.674822695035461,9.35,-7.8,2026-01-19 19:00:00+00:00,1.0,2026-01-19 22:00:00,2026-01-20T00:00:00+05:00,987371c1af2c090499ac940977c83e479a353eb17370f4160c4fcab99e29a17c,gfs_seamless,False
turbine_2,2026-01-19 21:00:00+00:00,24,0.7924036751043426,0.7924036751043426,False,False,0.752911143838979,9.66,-8.1,2026-01-19 19:00:00+00:00,2.0,2026-01-19 22:00:00,2026-01-20T00:00:00+05:00,987371c1af2c090499ac940977c83e479a353eb17370f4160c4fcab99e29a17c,gfs_seamless,False
turbine_2,2026-01-19 22:00:00+00:00,24,0.7556850138656163,0.7556850138656163,False,False,0.752911143838979,9.58,-8.3,2026-01-19 19:00:00+00:00,3.0,2026-01-19 22:00:00,2026-01-20T00:00:00+05:00,987371c1af2c090499ac940977c83e479a353eb17370f4160c4fcab99e29a17c,gfs_seamless,False
turbine_2,2026-01-19 23:00:00+00:00,24,0.7932760767136641,0.7932760767136641,False,False,0.752911143838979,9.71,-8.4,2026-01-19 19:00:00+00:00,4.0,2026-01-19 22:00:00,2026-01-20T00:00:00+05:00,987371c1af2c090499ac940977c83e479a353eb17370f4160c4fcab99e29a17c,gfs_seamless,False
turbine_2,2026-01-20 00:00:00+00:00,24,0.7855252637799583,0.7855252637799583,False,False,0.752911143838979,9.75,-10.5,2026-01-19 19:00:00+00:00,5.0,2026-01-19 22:00:00,2026-01-20T00:00:00+05:00,987371c1af2c090499ac940977c83e479a353eb17370f4160c4fcab99e29a17c,gfs_seamless,False
turbine_2,2026-01-20 01:00:00+00:00,24,0.699294794070095,0.699294794070095,False,False,0.674822695035461,9.17,-11.6,2026-01-19 19:00:00+00:00,6.0,2026-01-19 22:00:00,2026-01-20T00:00:00+05:00,987371c1af2c090499ac940977c83e479a353eb17370f4160c4fcab99e29a17c,gfs_seamless,False
turbine_2,2026-01-20 02:00:00+00:00,24,0.5107953417715375,0.5107953417715375,False,False,0.5336827956989247,8.27,-11.1,2026-01-19 19:00:00+00:00,7.0,2026-01-19 22:00:00,2026-01-20T00:00:00+05:00,987371c1af2c090499ac940977c83e479a353eb17370f4160c4fcab99e29a17c,gfs_seamless,False
turbine_2,2026-01-20 03:00:00+00:00,24,0.34134467502759647,0.34134467502759647,False,False,0.45991972076788834,7.61,-10.0,2026-01-19 19:00:00+00:00,8.0,2026-01-19 22:00:00,2026-01-20T00:00:00+05:00,987371c1af2c090499ac940977c83e479a353eb17370f4160c4fcab99e29a17c,gfs_seamless,False
turbine_2,2026-01-20 04:00:00+00:00,24,0.32240457045861504,0.32240457045861504,False,False,0.3135440278988666,6.93,-8.6,2026-01-19 19:00:00+00:00,9.0,2026-01-19 22:00:00,2026-01-20T00:00:00+05:00,987371c1af2c090499ac940977c83e479a353eb17370f4160c4fcab99e29a17c,gfs_seamless,False
turbine_2,2026-01-20 05:00:00+00:00,24,0.04334343018162211,0.04334343018162211,False,False,0.10521004566210046,4.93,-7.9,2026-01-19 19:00:00+00:00,10.0,2026-01-19 22:00:00,2026-01-20T00:00:00+05:00,987371c1af2c090499ac940977c83e479a353eb17370f4160c4fcab99e29a17c,gfs_seamless,False
turbine_2,2026-01-20 06:00:00+00:00,24,0.007742316178697239,0.007742316178697239,False,False,0.014638623879734027,2.1,-6.5,2026-01-19 19:00:00+00:00,11.0,2026-01-19 22:00:00,2026-01-20T00:00:00+05:00,987371c1af2c090499ac940977c83e479a353eb17370f4160c4fcab99e29a17c,gfs_seamless,False
turbine_2,2026-01-20 07:00:00+00:00,24,0.008343057233099652,0.008343057233099652,False,False,0.010131072631072631,1.55,-5.4,2026-01-19 19:00:00+00:00,12.0,2026-01-19 22:00:00,2026-01-20T00:00:00+05:00,987371c1af2c090499ac940977c83e479a353eb17370f4160c4fcab99e29a17c,gfs_seamless,False
turbine_2,2026-01-20 08:00:00+00:00,24,0.007915250086108546,0.007915250086108546,False,False,0.009930875576036866,0.51,-4.3,2026-01-19 19:00:00+00:00,13.0,2026-01-19 22:00:00,2026-01-20T00:00:00+05:00,987371c1af2c090499ac940977c83e479a353eb17370f4160c4fcab99e29a17c,gfs_seamless,False
turbine_2,2026-01-20 09:00:00+00:00,24,0.007930165192961658,0.007930165192961658,False,False,0.01,0.36,-4.0,2026-01-19 19:00:00+00:00,14.0,2026-01-19 22:00:00,2026-01-20T00:00:00+05:00,987371c1af2c090499ac940977c83e479a353eb17370f4160c4fcab99e29a17c,gfs_seamless,False
turbine_2,2026-01-20 10:00:00+00:00,24,0.007930165192961658,0.007930165192961658,False,False,0.009930875576036866,0.94,-4.2,2026-01-19 19:00:00+00:00,15.0,2026-01-19 22:00:00,2026-01-20T00:00:00+05:00,987371c1af2c090499ac940977c83e479a353eb17370f4160c4fcab99e29a17c,gfs_seamless,False
turbine_2,2026-01-20 11:00:00+00:00,24,0.0074924462608790855,0.0074924462608790855,False,False,0.009930875576036866,0.73,-6.8,2026-01-19 19:00:00+00:00,16.0,2026-01-19 22:00:00,2026-01-20T00:00:00+05:00,987371c1af2c090499ac940977c83e479a353eb17370f4160c4fcab99e29a17c,gfs_seamless,False
turbine_2,2026-01-20 12:00:00+00:00,24,0.008109212883438995,0.008109212883438995,False,False,0.01,0.45,-9.0,2026-01-19 19:00:00+00:00,17.0,2026-01-19 22:00:00,2026-01-20T00:00:00+05:00,987371c1af2c090499ac940977c83e479a353eb17370f4160c4fcab99e29a17c,gfs_seamless,False
turbine_2,2026-01-20 13:00:00+00:00,24,0.008109212883438995,0.008109212883438995,False,False,0.01,0.45,-9.8,2026-01-19 19:00:00+00:00,18.0,2026-01-19 22:00:00,2026-01-20T00:00:00+05:00,987371c1af2c090499ac940977c83e479a353eb17370f4160c4fcab99e29a17c,gfs_seamless,False
turbine_2,2026-01-20 14:00:00+00:00,24,0.008109212883438995,0.008109212883438995,False,False,0.010131072631072631,1.53,-10.1,2026-01-19 19:00:00+00:00,19.0,2026-01-19 22:00:00,2026-01-20T00:00:00+05:00,987371c1af2c090499ac940977c83e479a353eb17370f4160c4fcab99e29a17c,gfs_seamless,False
turbine_2,2026-01-20 15:00:00+00:00,24,0.011670485907138076,0.011670485907138076,False,False,0.037259259259259256,3.13,-10.3,2026-01-19 19:00:00+00:00,20.0,2026-01-19 22:00:00,2026-01-20T00:00:00+05:00,987371c1af2c090499ac940977c83e479a353eb17370f4160c4fcab99e29a17c,gfs_seamless,False
turbine_2,2026-01-20 16:00:00+00:00,24,0.03577390470557345,0.03577390470557345,False,False,0.14297219703838016,5.24,-10.6,2026-01-19 19:00:00+00:00,21.0,2026-01-19 22:00:00,2026-01-20T00:00:00+05:00,987371c1af2c090499ac940977c83e479a353eb17370f4160c4fcab99e29a17c,gfs_seamless,False
turbine_2,2026-01-20 17:00:00+00:00,24,0.29296108975081514,0.29296108975081514,False,False,0.3135440278988666,6.99,-10.6,2026-01-19 19:00:00+00:00,22.0,2026-01-19 22:00:00,2026-01-20T00:00:00+05:00,987371c1af2c090499ac940977c83e479a353eb17370f4160c4fcab99e29a17c,gfs_seamless,False
turbine_2,2026-01-20 18:00:00+00:00,24,0.6971631984726854,0.6971631984726854,False,False,0.674822695035461,9.22,-10.7,2026-01-19 19:00:00+00:00,23.0,2026-01-19 22:00:00,2026-01-20T00:00:00+05:00,987371c1af2c090499ac940977c83e479a353eb17370f4160c4fcab99e29a17c,gfs_seamless,False
turbine_2,2026-01-20 19:00:00+00:00,24,0.9157316855214475,0.9157316855214475,False,False,0.8847668711656442,10.69,-11.0,2026-01-19 19:00:00+00:00,24.0,2026-01-19 22:00:00,2026-01-20T00:00:00+05:00,987371c1af2c090499ac940977c83e479a353eb17370f4160c4fcab99e29a17c,gfs_seamless,False
turbine_2,2026-01-20 20:00:00+00:00,48,0.8549680773455143,0.8549680773455143,False,False,0.8245056689342404,10.02,-8.4,2026-01-19 19:00:00+00:00,25.0,2026-01-19 22:00:00,2026-01-20T00:00:00+05:00,987371c1af2c090499ac940977c83e479a353eb17370f4160c4fcab99e29a17c,gfs_seamless,False
turbine_2,2026-01-20 21:00:00+00:00,48,0.9163868146645376,0.9163868146645376,False,False,0.8847668711656442,10.73,-8.5,2026-01-19 19:00:00+00:00,26.0,2026-01-19 22:00:00,2026-01-20T00:00:00+05:00,987371c1af2c090499ac940977c83e479a353eb17370f4160c4fcab99e29a17c,gfs_seamless,False
turbine_2,2026-01-20 22:00:00+00:00,48,0.9882821932229446,0.9882821932229446,False,False,0.9521731601731601,11.64,-8.7,2026-01-19 19:00:00+00:00,27.0,2026-01-19 22:00:00,2026-01-20T00:00:00+05:00,987371c1af2c090499ac940977c83e479a353eb17370f4160c4fcab99e29a17c,gfs_seamless,False
turbine_2,2026-01-20 23:00:00+00:00,48,0.9957787120107083,0.995,True,False,0.9629209270620314,12.59,-8.8,2026-01-19 19:00:00+00:00,28.0,2026-01-19 22:00:00,2026-01-20T00:00:00+05:00,987371c1af2c090499ac940977c83e479a353eb17370f4160c4fcab99e29a17c,gfs_seamless,False
turbine_2,2026-01-21 00:00:00+00:00,48,0.9837431336124492,0.9837431336124492,False,False,0.9629209270620314,12.5,-10.5,2026-01-19 19:00:00+00:00,29.0,2026-01-19 22:00:00,2026-01-20T00:00:00+05:00,987371c1af2c090499ac940977c83e479a353eb17370f4160c4fcab99e29a17c,gfs_seamless,False
turbine_2,2026-01-21 01:00:00+00:00,48,0.9748070840380332,0.9748070840380332,False,False,0.9629209270620314,12.69,-10.4,2026-01-19 19:00:00+00:00,30.0,2026-01-19 22:00:00,2026-01-20T00:00:00+05:00,987371c1af2c090499ac940977c83e479a353eb17370f4160c4fcab99e29a17c,gfs_seamless,False
turbine_2,2026-01-21 02:00:00+00:00,48,0.988295459349657,0.988295459349657,False,False,0.9629209270620314,12.78,-10.4,2026-01-19 19:00:00+00:00,31.0,2026-01-19 22:00:00,2026-01-20T00:00:00+05:00,987371c1af2c090499ac940977c83e479a353eb17370f4160c4fcab99e29a17c,gfs_seamless,False
turbine_2,2026-01-21 03:00:00+00:00,48,0.9813765962579944,0.9813765962579944,False,False,0.9629209270620314,12.55,-9.6,2026-01-19 19:00:00+00:00,32.0,2026-01-19 22:00:00,2026-01-20T00:00:00+05:00,987371c1af2c090499ac940977c83e479a353eb17370f4160c4fcab99e29a17c,gfs_seamless,False
turbine_2,2026-01-21 04:00:00+00:00,48,0.9892091997907471,0.9892091997907471,False,False,0.9629209270620314,12.64,-7.7,2026-01-19 19:00:00+00:00,33.0,2026-01-19 22:00:00,2026-01-20T00:00:00+05:00,987371c1af2c090499ac940977c83e479a353eb17370f4160c4fcab99e29a17c,gfs_seamless,False
turbine_2,2026-01-21 05:00:00+00:00,48,0.9857462062556206,0.9857462062556206,False,False,0.9629209270620314,12.88,-5.8,2026-01-19 19:00:00+00:00,34.0,2026-01-19 22:00:00,2026-01-20T00:00:00+05:00,987371c1af2c090499ac940977c83e479a353eb17370f4160c4fcab99e29a17c,gfs_seamless,False
turbine_2,2026-01-21 06:00:00+00:00,48,0.9860072969719118,0.9860072969719118,False,False,0.9697865853658537,13.24,-4.6,2026-01-19 19:00:00+00:00,35.0,2026-01-19 22:00:00,2026-01-20T00:00:00+05:00,987371c1af2c090499ac940977c83e479a353eb17370f4160c4fcab99e29a17c,gfs_seamless,False
turbine_2,2026-01-21 07:00:00+00:00,48,0.9867076473962053,0.9867076473962053,False,False,0.9610872675250358,13.5,-3.4,2026-01-19 19:00:00+00:00,36.0,2026-01-19 22:00:00,2026-01-20T00:00:00+05:00,987371c1af2c090499ac940977c83e479a353eb17370f4160c4fcab99e29a17c,gfs_seamless,False
turbine_2,2026-01-21 08:00:00+00:00,48,0.9880585657259586,0.9880585657259586,False,False,0.9629209270620314,12.81,-2.8,2026-01-19 19:00:00+00:00,37.0,2026-01-19 22:00:00,2026-01-20T00:00:00+05:00,987371c1af2c090499ac940977c83e479a353eb17370f4160c4fcab99e29a17c,gfs_seamless,False
turbine_2,2026-01-21 09:00:00+00:00,48,0.9808519458007783,0.9808519458007783,False,False,0.9521731601731601,11.97,-2.6,2026-01-19 19:00:00+00:00,38.0,2026-01-19 22:00:00,2026-01-20T00:00:00+05:00,987371c1af2c090499ac940977c83e479a353eb17370f4160c4fcab99e29a17c,gfs_seamless,False
turbine_2,2026-01-21 10:00:00+00:00,48,0.9830437874966778,0.9830437874966778,False,False,0.9521731601731601,11.82,-3.1,2026-01-19 19:00:00+00:00,39.0,2026-01-19 22:00:00,2026-01-20T00:00:00+05:00,987371c1af2c090499ac940977c83e479a353eb17370f4160c4fcab99e29a17c,gfs_seamless,False
turbine_2,2026-01-21 11:00:00+00:00,48,0.9624352610634619,0.9624352610634619,False,False,0.9521731601731601,11.71,-4.8,2026-01-19 19:00:00+00:00,40.0,2026-01-19 22:00:00,2026-01-20T00:00:00+05:00,987371c1af2c090499ac940977c83e479a353eb17370f4160c4fcab99e29a17c,gfs_seamless,False
turbine_2,2026-01-21 12:00:00+00:00,48,0.9722594319099566,0.9722594319099566,False,False,0.9572317351598173,12.21,-6.7,2026-01-19 19:00:00+00:00,41.0,2026-01-19 22:00:00,2026-01-20T00:00:00+05:00,987371c1af2c090499ac940977c83e479a353eb17370f4160c4fcab99e29a17c,gfs_seamless,False
turbine_2,2026-01-21 13:00:00+00:00,48,0.987666810868651,0.987666810868651,False,False,0.9253557617942768,11.46,-7.6,2026-01-19 19:00:00+00:00,42.0,2026-01-19 22:00:00,2026-01-20T00:00:00+05:00,987371c1af2c090499ac940977c83e479a353eb17370f4160c4fcab99e29a17c,gfs_seamless,False
turbine_2,2026-01-21 14:00:00+00:00,48,0.9966009410138763,0.995,True,False,0.9572317351598173,12.09,-8.1,2026-01-19 19:00:00+00:00,43.0,2026-01-19 22:00:00,2026-01-20T00:00:00+05:00,987371c1af2c090499ac940977c83e479a353eb17370f4160c4fcab99e29a17c,gfs_seamless,False
turbine_2,2026-01-21 15:00:00+00:00,48,0.9981452493651631,0.995,True,False,0.9572317351598173,12.38,-7.9,2026-01-19 19:00:00+00:00,44.0,2026-01-19 22:00:00,2026-01-20T00:00:00+05:00,987371c1af2c090499ac940977c83e479a353eb17370f4160c4fcab99e29a17c,gfs_seamless,False
turbine_2,2026-01-21 16:00:00+00:00,48,0.9981452493651631,0.995,True,False,0.9572317351598173,12.42,-7.8,2026-01-19 19:00:00+00:00,45.0,2026-01-19 22:00:00,2026-01-20T00:00:00+05:00,987371c1af2c090499ac940977c83e479a353eb17370f4160c4fcab99e29a17c,gfs_seamless,False
turbine_2,2026-01-21 17:00:00+00:00,48,0.9892091997907471,0.9892091997907471,False,False,0.9629209270620314,12.67,-7.8,2026-01-19 19:00:00+00:00,46.0,2026-01-19 22:00:00,2026-01-20T00:00:00+05:00,987371c1af2c090499ac940977c83e479a353eb17370f4160c4fcab99e29a17c,gfs_seamless,False
turbine_2,2026-01-21 18:00:00+00:00,48,0.9992874217080557,0.995,True,False,0.9697865853658537,13.04,-7.6,2026-01-19 19:00:00+00:00,47.0,2026-01-19 22:00:00,2026-01-20T00:00:00+05:00,987371c1af2c090499ac940977c83e479a353eb17370f4160c4fcab99e29a17c,gfs_seamless,False
turbine_2,2026-01-21 19:00:00+00:00,48,0.9992874217080557,0.995,True,False,0.9629209270620314,12.97,-7.7,2026-01-19 19:00:00+00:00,48.0,2026-01-19 22:00:00,2026-01-20T00:00:00+05:00,987371c1af2c090499ac940977c83e479a353eb17370f4160c4fcab99e29a17c,gfs_seamless,False
turbine_1,2026-01-20 20:00:00+00:00,24,0.9667390424843265,0.9667390424843265,False,False,0.9379226736566186,11.05,-11.1,2026-01-20 19:00:00+00:00,1.0,2026-01-20 22:00:00,2026-01-21T00:00:00+05:00,274b5ebcef8268870d15c3a3e20370947c104d375c1519a64142b0a1cbf0b628,gfs_seamless,False
turbine_1,2026-01-20 21:00:00+00:00,24,0.9793040783250478,0.9793040783250478,False,False,0.9601641239019879,11.68,-11.0,2026-01-20 19:00:00+00:00,2.0,2026-01-20 22:00:00,2026-01-21T00:00:00+05:00,274b5ebcef8268870d15c3a3e20370947c104d375c1519a64142b0a1cbf0b628,gfs_seamless,False
turbine_1,2026-01-20 22:00:00+00:00,24,0.9776285379399556,0.9776285379399556,False,False,0.9601641239019879,11.92,-10.8,2026-01-20 19:00:00+00:00,3.0,2026-01-20 22:00:00,2026-01-21T00:00:00+05:00,274b5ebcef8268870d15c3a3e20370947c104d375c1519a64142b0a1cbf0b628,gfs_seamless,False
turbine_1,2026-01-20 23:00:00+00:00,24,0.9853820792787222,0.9853820792787222,False,False,0.9580719557195572,12.06,-10.6,2026-01-20 19:00:00+00:00,4.0,2026-01-20 22:00:00,2026-01-21T00:00:00+05:00,274b5ebcef8268870d15c3a3e20370947c104d375c1519a64142b0a1cbf0b628,gfs_seamless,False
turbine_1,2026-01-21 00:00:00+00:00,24,0.9600904109492673,0.9600904109492673,False,False,0.9670130869899922,12.68,-9.9,2026-01-20 19:00:00+00:00,5.0,2026-01-20 22:00:00,2026-01-21T00:00:00+05:00,274b5ebcef8268870d15c3a3e20370947c104d375c1519a64142b0a1cbf0b628,gfs_seamless,False
turbine_1,2026-01-21 01:00:00+00:00,24,0.9600904109492673,0.9600904109492673,False,False,0.9670130869899922,12.71,-9.6,2026-01-20 19:00:00+00:00,6.0,2026-01-20 22:00:00,2026-01-21T00:00:00+05:00,274b5ebcef8268870d15c3a3e20370947c104d375c1519a64142b0a1cbf0b628,gfs_seamless,False
turbine_1,2026-01-21 02:00:00+00:00,24,0.9600904109492673,0.9600904109492673,False,False,0.9670130869899922,12.62,-9.8,2026-01-20 19:00:00+00:00,7.0,2026-01-20 22:00:00,2026-01-21T00:00:00+05:00,274b5ebcef8268870d15c3a3e20370947c104d375c1519a64142b0a1cbf0b628,gfs_seamless,False
turbine_1,2026-01-21 03:00:00+00:00,24,0.9897789996118652,0.9897789996118652,False,False,0.9670130869899922,12.75,-9.6,2026-01-20 19:00:00+00:00,8.0,2026-01-20 22:00:00,2026-01-21T00:00:00+05:00,274b5ebcef8268870d15c3a3e20370947c104d375c1519a64142b0a1cbf0b628,gfs_seamless,False
turbine_1,2026-01-21 04:00:00+00:00,24,0.9900660830917464,0.9900660830917464,False,False,0.9670130869899922,12.78,-7.4,2026-01-20 19:00:00+00:00,9.0,2026-01-20 22:00:00,2026-01-21T00:00:00+05:00,274b5ebcef8268870d15c3a3e20370947c104d375c1519a64142b0a1cbf0b628,gfs_seamless,False
turbine_1,2026-01-21 05:00:00+00:00,24,0.9602541272896767,0.9602541272896767,False,False,0.9670130869899922,12.71,-5.5,2026-01-20 19:00:00+00:00,10.0,2026-01-20 22:00:00,2026-01-21T00:00:00+05:00,274b5ebcef8268870d15c3a3e20370947c104d375c1519a64142b0a1cbf0b628,gfs_seamless,False
turbine_1,2026-01-21 06:00:00+00:00,24,0.9888855269667088,0.9888855269667088,False,False,0.9769763513513514,13.35,-4.2,2026-01-20 19:00:00+00:00,11.0,2026-01-20 22:00:00,2026-01-21T00:00:00+05:00,274b5ebcef8268870d15c3a3e20370947c104d375c1519a64142b0a1cbf0b628,gfs_seamless,False
turbine_1,2026-01-21 07:00:00+00:00,24,0.9763257523886673,0.9763257523886673,False,False,0.965644891122278,13.99,-3.2,2026-01-20 19:00:00+00:00,12.0,2026-01-20 22:00:00,2026-01-21T00:00:00+05:00,274b5ebcef8268870d15c3a3e20370947c104d375c1519a64142b0a1cbf0b628,gfs_seamless,False
turbine_1,2026-01-21 08:00:00+00:00,24,0.9577844773659775,0.9577844773659775,False,False,0.9681453634085212,14.14,-2.5,2026-01-20 19:00:00+00:00,13.0,2026-01-20 22:00:00,2026-01-21T00:00:00+05:00,274b5ebcef8268870d15c3a3e20370947c104d375c1519a64142b0a1cbf0b628,gfs_seamless,False
turbine_1,2026-01-21 09:00:00+00:00,24,0.9754232198726641,0.9754232198726641,False,False,0.965644891122278,13.87,-2.5,2026-01-20 19:00:00+00:00,14.0,2026-01-20 22:00:00,2026-01-21T00:00:00+05:00,274b5ebcef8268870d15c3a3e20370947c104d375c1519a64142b0a1cbf0b628,gfs_seamless,False
turbine_1,2026-01-21 10:00:00+00:00,24,0.9959064947496455,0.9959064947496455,False,False,0.9769763513513514,13.09,-2.9,2026-01-20 19:00:00+00:00,15.0,2026-01-20 22:00:00,2026-01-21T00:00:00+05:00,274b5ebcef8268870d15c3a3e20370947c104d375c1519a64142b0a1cbf0b628,gfs_seamless,False
turbine_1,2026-01-21 11:00:00+00:00,24,0.9817142438137557,0.9817142438137557,False,False,0.9670130869899922,12.91,-4.8,2026-01-20 19:00:00+00:00,16.0,2026-01-20 22:00:00,2026-01-21T00:00:00+05:00,274b5ebcef8268870d15c3a3e20370947c104d375c1519a64142b0a1cbf0b628,gfs_seamless,False
turbine_1,2026-01-21 12:00:00+00:00,24,0.963631557118835,0.963631557118835,False,False,0.9580719557195572,12.15,-6.8,2026-01-20 19:00:00+00:00,17.0,2026-01-20 22:00:00,2026-01-21T00:00:00+05:00,274b5ebcef8268870d15c3a3e20370947c104d375c1519a64142b0a1cbf0b628,gfs_seamless,False
turbine_1,2026-01-21 13:00:00+00:00,24,0.9913771473620738,0.9913771473620738,False,False,0.9601641239019879,11.76,-7.8,2026-01-20 19:00:00+00:00,18.0,2026-01-20 22:00:00,2026-01-21T00:00:00+05:00,274b5ebcef8268870d15c3a3e20370947c104d375c1519a64142b0a1cbf0b628,gfs_seamless,False
turbine_1,2026-01-21 14:00:00+00:00,24,0.9853581544445474,0.9853581544445474,False,False,0.9379226736566186,11.21,-8.2,2026-01-20 19:00:00+00:00,19.0,2026-01-20 22:00:00,2026-01-21T00:00:00+05:00,274b5ebcef8268870d15c3a3e20370947c104d375c1519a64142b0a1cbf0b628,gfs_seamless,False
turbine_1,2026-01-21 15:00:00+00:00,24,0.9853581544445474,0.9853581544445474,False,False,0.9379226736566186,11.3,-8.4,2026-01-20 19:00:00+00:00,20.0,2026-01-20 22:00:00,2026-01-21T00:00:00+05:00,274b5ebcef8268870d15c3a3e20370947c104d375c1519a64142b0a1cbf0b628,gfs_seamless,False
turbine_1,2026-01-21 16:00:00+00:00,24,0.99359169237408,0.99359169237408,False,False,0.9601641239019879,11.58,-8.2,2026-01-20 19:00:00+00:00,21.0,2026-01-20 22:00:00,2026-01-21T00:00:00+05:00,274b5ebcef8268870d15c3a3e20370947c104d375c1519a64142b0a1cbf0b628,gfs_seamless,False
turbine_1,2026-01-21 17:00:00+00:00,24,0.9928988519203544,0.9928988519203544,False,False,0.9580719557195572,12.37,-7.7,2026-01-20 19:00:00+00:00,22.0,2026-01-20 22:00:00,2026-01-21T00:00:00+05:00,274b5ebcef8268870d15c3a3e20370947c104d375c1519a64142b0a1cbf0b628,gfs_seamless,False
turbine_1,2026-01-21 18:00:00+00:00,24,0.9848974625760024,0.9848974625760024,False,False,0.9769763513513514,13.07,-7.0,2026-01-20 19:00:00+00:00,23.0,2026-01-20 22:00:00,2026-01-21T00:00:00+05:00,274b5ebcef8268870d15c3a3e20370947c104d375c1519a64142b0a1cbf0b628,gfs_seamless,False
turbine_1,2026-01-21 19:00:00+00:00,24,0.9924920600671245,0.9924920600671245,False,False,0.9769763513513514,13.09,-7.4,2026-01-20 19:00:00+00:00,24.0,2026-01-20 22:00:00,2026-01-21T00:00:00+05:00,274b5ebcef8268870d15c3a3e20370947c104d375c1519a64142b0a1cbf0b628,gfs_seamless,False
turbine_1,2026-01-21 20:00:00+00:00,48,0.9924920600671245,0.9924920600671245,False,False,0.9769763513513514,13.17,-7.7,2026-01-20 19:00:00+00:00,25.0,2026-01-20 22:00:00,2026-01-21T00:00:00+05:00,274b5ebcef8268870d15c3a3e20370947c104d375c1519a64142b0a1cbf0b628,gfs_seamless,False
turbine_1,2026-01-21 21:00:00+00:00,48,0.9958863097382209,0.9958863097382209,False,False,0.9670130869899922,12.54,-8.2,2026-01-20 19:00:00+00:00,26.0,2026-01-20 22:00:00,2026-01-21T00:00:00+05:00,274b5ebcef8268870d15c3a3e20370947c104d375c1519a64142b0a1cbf0b628,gfs_seamless,False
turbine_1,2026-01-21 22:00:00+00:00,48,0.9695124842264555,0.9695124842264555,False,False,0.9580719557195572,12.13,-8.9,2026-01-20 19:00:00+00:00,27.0,2026-01-20 22:00:00,2026-01-21T00:00:00+05:00,274b5ebcef8268870d15c3a3e20370947c104d375c1519a64142b0a1cbf0b628,gfs_seamless,False
turbine_1,2026-01-21 23:00:00+00:00,48,0.9907802568313857,0.9907802568313857,False,False,0.9379226736566186,11.49,-8.6,2026-01-20 19:00:00+00:00,28.0,2026-01-20 22:00:00,2026-01-21T00:00:00+05:00,274b5ebcef8268870d15c3a3e20370947c104d375c1519a64142b0a1cbf0b628,gfs_seamless,False
turbine_1,2026-01-22 00:00:00+00:00,48,0.9729419566989844,0.9729419566989844,False,False,0.9379226736566186,11.29,-9.6,2026-01-20 19:00:00+00:00,29.0,2026-01-20 22:00:00,2026-01-21T00:00:00+05:00,274b5ebcef8268870d15c3a3e20370947c104d375c1519a64142b0a1cbf0b628,gfs_seamless,False
turbine_1,2026-01-22 01:00:00+00:00,48,0.9377249048892391,0.9377249048892391,False,False,0.8930562448304383,10.93,-10.1,2026-01-20 19:00:00+00:00,30.0,2026-01-20 22:00:00,2026-01-21T00:00:00+05:00,274b5ebcef8268870d15c3a3e20370947c104d375c1519a64142b0a1cbf0b628,gfs_seamless,False
turbine_1,2026-01-22 02:00:00+00:00,48,0.8693050452482619,0.8693050452482619,False,False,0.8303311258278145,10.3,-10.1,2026-01-20 19:00:00+00:00,31.0,2026-01-20 22:00:00,2026-01-21T00:00:00+05:00,274b5ebcef8268870d15c3a3e20370947c104d375c1519a64142b0a1cbf0b628,gfs_seamless,False
turbine_1,2026-01-22 03:00:00+00:00,48,0.5532197917993673,0.5532197917993673,False,False,0.6262566715186803,8.51,-10.4,2026-01-20 19:00:00+00:00,32.0,2026-01-20 22:00:00,2026-01-21T00:00:00+05:00,274b5ebcef8268870d15c3a3e20370947c104d375c1519a64142b0a1cbf0b628,gfs_seamless,False
turbine_1,2026-01-22 04:00:00+00:00,48,0.8852881362745116,0.8852881362745116,False,False,0.8303311258278145,10.26,-7.3,2026-01-20 19:00:00+00:00,33.0,2026-01-20 22:00:00,2026-01-21T00:00:00+05:00,274b5ebcef8268870d15c3a3e20370947c104d375c1519a64142b0a1cbf0b628,gfs_seamless,False
turbine_1,2026-01-22 05:00:00+00:00,48,0.9859648260797939,0.9859648260797939,False,False,0.9601641239019879,11.99,-4.9,2026-01-20 19:00:00+00:00,34.0,2026-01-20 22:00:00,2026-01-21T00:00:00+05:00,274b5ebcef8268870d15c3a3e20370947c104d375c1519a64142b0a1cbf0b628,gfs_seamless,False
turbine_1,2026-01-22 06:00:00+00:00,48,0.8506967671916896,0.8506967671916896,False,False,0.7643122858541361,9.86,-3.4,2026-01-20 19:00:00+00:00,35.0,2026-01-20 22:00:00,2026-01-21T00:00:00+05:00,274b5ebcef8268870d15c3a3e20370947c104d375c1519a64142b0a1cbf0b628,gfs_seamless,False
turbine_1,2026-01-22 07:00:00+00:00,48,0.5515442085477393,0.5515442085477393,False,False,0.5477100591715977,8.22,-4.4,2026-01-20 19:00:00+00:00,36.0,2026-01-20 22:00:00,2026-01-21T00:00:00+05:00,274b5ebcef8268870d15c3a3e20370947c104d375c1519a64142b0a1cbf0b628,gfs_seamless,False
turbine_1,2026-01-22 08:00:00+00:00,48,0.016558224321502706,0.016558224321502706,False,False,0.04026801561945332,3.09,-4.3,2026-01-20 19:00:00+00:00,37.0,2026-01-20 22:00:00,2026-01-21T00:00:00+05:00,274b5ebcef8268870d15c3a3e20370947c104d375c1519a64142b0a1cbf0b628,gfs_seamless,False
turbine_1,2026-01-22 09:00:00+00:00,48,0.00845303730223399,0.00845303730223399,False,False,0.009961072664359862,1.27,-4.3,2026-01-20 19:00:00+00:00,38.0,2026-01-20 22:00:00,2026-01-21T00:00:00+05:00,274b5ebcef8268870d15c3a3e20370947c104d375c1519a64142b0a1cbf0b628,gfs_seamless,False
turbine_1,2026-01-22 10:00:00+00:00,48,0.04169554606030174,0.04169554606030174,False,False,0.08173395445134575,4.36,-4.8,2026-01-20 19:00:00+00:00,39.0,2026-01-20 22:00:00,2026-01-21T00:00:00+05:00,274b5ebcef8268870d15c3a3e20370947c104d375c1519a64142b0a1cbf0b628,gfs_seamless,False
turbine_1,2026-01-22 11:00:00+00:00,48,0.651585436064563,0.651585436064563,False,False,0.6262566715186803,8.79,-5.7,2026-01-20 19:00:00+00:00,40.0,2026-01-20 22:00:00,2026-01-21T00:00:00+05:00,274b5ebcef8268870d15c3a3e20370947c104d375c1519a64142b0a1cbf0b628,gfs_seamless,False
turbine_1,2026-01-22 12:00:00+00:00,48,0.6762280329998867,0.6762280329998867,False,False,0.69498998998999,9.31,-6.3,2026-01-20 19:00:00+00:00,41.0,2026-01-20 22:00:00,2026-01-21T00:00:00+05:00,274b5ebcef8268870d15c3a3e20370947c104d375c1519a64142b0a1cbf0b628,gfs_seamless,False
turbine_1,2026-01-22 13:00:00+00:00,48,0.6439416121225052,0.6439416121225052,False,False,0.69498998998999,9.12,-6.4,2026-01-20 19:00:00+00:00,42.0,2026-01-20 22:00:00,2026-01-21T00:00:00+05:00,274b5ebcef8268870d15c3a3e20370947c104d375c1519a64142b0a1cbf0b628,gfs_seamless,False
turbine_1,2026-01-22 14:00:00+00:00,48,0.8707454980779792,0.8707454980779792,False,False,0.8303311258278145,10.11,-7.4,2026-01-20 19:00:00+00:00,43.0,2026-01-20 22:00:00,2026-01-21T00:00:00+05:00,274b5ebcef8268870d15c3a3e20370947c104d375c1519a64142b0a1cbf0b628,gfs_seamless,False
turbine_1,2026-01-22 15:00:00+00:00,48,0.9856691627586034,0.9856691627586034,False,False,0.9580719557195572,12.03,-7.3,2026-01-20 19:00:00+00:00,44.0,2026-01-20 22:00:00,2026-01-21T00:00:00+05:00,274b5ebcef8268870d15c3a3e20370947c104d375c1519a64142b0a1cbf0b628,gfs_seamless,False
turbine_1,2026-01-22 16:00:00+00:00,48,0.9723778230207533,0.9723778230207533,False,False,0.9601641239019879,11.94,-6.6,2026-01-20 19:00:00+00:00,45.0,2026-01-20 22:00:00,2026-01-21T00:00:00+05:00,274b5ebcef8268870d15c3a3e20370947c104d375c1519a64142b0a1cbf0b628,gfs_seamless,False
turbine_1,2026-01-22 17:00:00+00:00,48,0.9679767984133848,0.9679767984133848,False,False,0.9379226736566186,11.42,-5.9,2026-01-20 19:00:00+00:00,46.0,2026-01-20 22:00:00,2026-01-21T00:00:00+05:00,274b5ebcef8268870d15c3a3e20370947c104d375c1519a64142b0a1cbf0b628,gfs_seamless,False
turbine_1,2026-01-22 18:00:00+00:00,48,0.860520372568373,0.860520372568373,False,False,0.8303311258278145,10.07,-7.2,2026-01-20 19:00:00+00:00,47.0,2026-01-20 22:00:00,2026-01-21T00:00:00+05:00,274b5ebcef8268870d15c3a3e20370947c104d375c1519a64142b0a1cbf0b628,gfs_seamless,False
turbine_1,2026-01-22 19:00:00+00:00,48,0.9501828320039277,0.9501828320039277,False,False,0.8930562448304383,10.8,-7.6,2026-01-20 19:00:00+00:00,48.0,2026-01-20 22:00:00,2026-01-21T00:00:00+05:00,274b5ebcef8268870d15c3a3e20370947c104d375c1519a64142b0a1cbf0b628,gfs_seamless,False
turbine_2,2026-01-20 20:00:00+00:00,24,0.9435678615962297,0.9435678615962297,False,False,0.9253557617942768,11.05,-11.1,2026-01-20 19:00:00+00:00,1.0,2026-01-20 22:00:00,2026-01-21T00:00:00+05:00,23bee7534bfebd964acaf604affd5972b315cf4ff4ca4e354e3a4aa866383725,gfs_seamless,False
turbine_2,2026-01-20 21:00:00+00:00,24,0.9792603444074696,0.9792603444074696,False,False,0.9521731601731601,11.68,-11.0,2026-01-20 19:00:00+00:00,2.0,2026-01-20 22:00:00,2026-01-21T00:00:00+05:00,23bee7534bfebd964acaf604affd5972b315cf4ff4ca4e354e3a4aa866383725,gfs_seamless,False
turbine_2,2026-01-20 22:00:00+00:00,24,0.9793107128156633,0.9793107128156633,False,False,0.9521731601731601,11.92,-10.8,2026-01-20 19:00:00+00:00,3.0,2026-01-20 22:00:00,2026-01-21T00:00:00+05:00,23bee7534bfebd964acaf604affd5972b315cf4ff4ca4e354e3a4aa866383725,gfs_seamless,False
turbine_2,2026-01-20 23:00:00+00:00,24,0.9816497653424526,0.9816497653424526,False,False,0.9572317351598173,12.06,-10.6,2026-01-20 19:00:00+00:00,4.0,2026-01-20 22:00:00,2026-01-21T00:00:00+05:00,23bee7534bfebd964acaf604affd5972b315cf4ff4ca4e354e3a4aa866383725,gfs_seamless,False
turbine_2,2026-01-21 00:00:00+00:00,24,0.9752770551999072,0.9752770551999072,False,False,0.9629209270620314,12.68,-9.9,2026-01-20 19:00:00+00:00,5.0,2026-01-20 22:00:00,2026-01-21T00:00:00+05:00,23bee7534bfebd964acaf604affd5972b315cf4ff4ca4e354e3a4aa866383725,gfs_seamless,False
turbine_2,2026-01-21 01:00:00+00:00,24,0.9879748750682863,0.9879748750682863,False,False,0.9629209270620314,12.71,-9.6,2026-01-20 19:00:00+00:00,6.0,2026-01-20 22:00:00,2026-01-21T00:00:00+05:00,23bee7534bfebd964acaf604affd5972b315cf4ff4ca4e354e3a4aa866383725,gfs_seamless,False
turbine_2,2026-01-21 02:00:00+00:00,24,0.9752770551999072,0.9752770551999072,False,False,0.9629209270620314,12.62,-9.8,2026-01-20 19:00:00+00:00,7.0,2026-01-20 22:00:00,2026-01-21T00:00:00+05:00,23bee7534bfebd964acaf604affd5972b315cf4ff4ca4e354e3a4aa866383725,gfs_seamless,False
turbine_2,2026-01-21 03:00:00+00:00,24,0.9879748750682863,0.9879748750682863,False,False,0.9629209270620314,12.75,-9.6,2026-01-20 19:00:00+00:00,8.0,2026-01-20 22:00:00,2026-01-21T00:00:00+05:00,23bee7534bfebd964acaf604affd5972b315cf4ff4ca4e354e3a4aa866383725,gfs_seamless,False
turbine_2,2026-01-21 04:00:00+00:00,24,0.9307439556286985,0.9307439556286985,False,False,0.9629209270620314,12.78,-7.4,2026-01-20 19:00:00+00:00,9.0,2026-01-20 22:00:00,2026-01-21T00:00:00+05:00,23bee7534bfebd964acaf604affd5972b315cf4ff4ca4e354e3a4aa866383725,gfs_seamless,False
turbine_2,2026-01-21 05:00:00+00:00,24,0.9932059704630225,0.9932059704630225,False,False,0.9629209270620314,12.71,-5.5,2026-01-20 19:00:00+00:00,10.0,2026-01-20 22:00:00,2026-01-21T00:00:00+05:00,23bee7534bfebd964acaf604affd5972b315cf4ff4ca4e354e3a4aa866383725,gfs_seamless,False
turbine_2,2026-01-21 06:00:00+00:00,24,0.9930053934696548,0.9930053934696548,False,False,0.9697865853658537,13.35,-4.2,2026-01-20 19:00:00+00:00,11.0,2026-01-20 22:00:00,2026-01-21T00:00:00+05:00,23bee7534bfebd964acaf604affd5972b315cf4ff4ca4e354e3a4aa866383725,gfs_seamless,False
turbine_2,2026-01-21 07:00:00+00:00,24,0.9461971096382409,0.9461971096382409,False,False,0.9610872675250358,13.99,-3.2,2026-01-20 19:00:00+00:00,12.0,2026-01-20 22:00:00,2026-01-21T00:00:00+05:00,23bee7534bfebd964acaf604affd5972b315cf4ff4ca4e354e3a4aa866383725,gfs_seamless,False
turbine_2,2026-01-21 08:00:00+00:00,24,0.9073920083345078,0.9073920083345078,False,False,0.9600239808153477,14.14,-2.5,2026-01-20 19:00:00+00:00,13.0,2026-01-20 22:00:00,2026-01-21T00:00:00+05:00,23bee7534bfebd964acaf604affd5972b315cf4ff4ca4e354e3a4aa866383725,gfs_seamless,False
turbine_2,2026-01-21 09:00:00+00:00,24,0.9788684711576241,0.9788684711576241,False,False,0.9610872675250358,13.87,-2.5,2026-01-20 19:00:00+00:00,14.0,2026-01-20 22:00:00,2026-01-21T00:00:00+05:00,23bee7534bfebd964acaf604affd5972b315cf4ff4ca4e354e3a4aa866383725,gfs_seamless,False
turbine_2,2026-01-21 10:00:00+00:00,24,0.9717512390625472,0.9717512390625472,False,False,0.9697865853658537,13.09,-2.9,2026-01-20 19:00:00+00:00,15.0,2026-01-20 22:00:00,2026-01-21T00:00:00+05:00,23bee7534bfebd964acaf604affd5972b315cf4ff4ca4e354e3a4aa866383725,gfs_seamless,False
turbine_2,2026-01-21 11:00:00+00:00,24,0.9896761839698663,0.9896761839698663,False,False,0.9629209270620314,12.91,-4.8,2026-01-20 19:00:00+00:00,16.0,2026-01-20 22:00:00,2026-01-21T00:00:00+05:00,23bee7534bfebd964acaf604affd5972b315cf4ff4ca4e354e3a4aa866383725,gfs_seamless,False
turbine_2,2026-01-21 12:00:00+00:00,24,0.9194522739923198,0.9194522739923198,False,False,0.9572317351598173,12.15,-6.8,2026-01-20 19:00:00+00:00,17.0,2026-01-20 22:00:00,2026-01-21T00:00:00+05:00,23bee7534bfebd964acaf604affd5972b315cf4ff4ca4e354e3a4aa866383725,gfs_seamless,False
turbine_2,2026-01-21 13:00:00+00:00,24,0.9887226102057394,0.9887226102057394,False,False,0.9521731601731601,11.76,-7.8,2026-01-20 19:00:00+00:00,18.0,2026-01-20 22:00:00,2026-01-21T00:00:00+05:00,23bee7534bfebd964acaf604affd5972b315cf4ff4ca4e354e3a4aa866383725,gfs_seamless,False
turbine_2,2026-01-21 14:00:00+00:00,24,0.9603159316946228,0.9603159316946228,False,False,0.9253557617942768,11.21,-8.2,2026-01-20 19:00:00+00:00,19.0,2026-01-20 22:00:00,2026-01-21T00:00:00+05:00,23bee7534bfebd964acaf604affd5972b315cf4ff4ca4e354e3a4aa866383725,gfs_seamless,False
turbine_2,2026-01-21 15:00:00+00:00,24,0.9690505196589191,0.9690505196589191,False,False,0.9253557617942768,11.3,-8.4,2026-01-20 19:00:00+00:00,20.0,2026-01-20 22:00:00,2026-01-21T00:00:00+05:00,23bee7534bfebd964acaf604affd5972b315cf4ff4ca4e354e3a4aa866383725,gfs_seamless,False
turbine_2,2026-01-21 16:00:00+00:00,24,0.9832726639218751,0.9832726639218751,False,False,0.9521731601731601,11.58,-8.2,2026-01-20 19:00:00+00:00,21.0,2026-01-20 22:00:00,2026-01-21T00:00:00+05:00,23bee7534bfebd964acaf604affd5972b315cf4ff4ca4e354e3a4aa866383725,gfs_seamless,False
turbine_2,2026-01-21 17:00:00+00:00,24,0.9262074194890901,0.9262074194890901,False,False,0.9572317351598173,12.37,-7.7,2026-01-20 19:00:00+00:00,22.0,2026-01-20 22:00:00,2026-01-21T00:00:00+05:00,23bee7534bfebd964acaf604affd5972b315cf4ff4ca4e354e3a4aa866383725,gfs_seamless,False
turbine_2,2026-01-21 18:00:00+00:00,24,0.9174514309949756,0.9174514309949756,False,False,0.9697865853658537,13.07,-7.0,2026-01-20 19:00:00+00:00,23.0,2026-01-20 22:00:00,2026-01-21T00:00:00+05:00,23bee7534bfebd964acaf604affd5972b315cf4ff4ca4e354e3a4aa866383725,gfs_seamless,False
turbine_2,2026-01-21 19:00:00+00:00,24,0.9174514309949756,0.9174514309949756,False,False,0.9697865853658537,13.09,-7.4,2026-01-20 19:00:00+00:00,24.0,2026-01-20 22:00:00,2026-01-21T00:00:00+05:00,23bee7534bfebd964acaf604affd5972b315cf4ff4ca4e354e3a4aa866383725,gfs_seamless,False
turbine_2,2026-01-21 20:00:00+00:00,48,0.9174514309949756,0.9174514309949756,False,False,0.9697865853658537,13.17,-7.7,2026-01-20 19:00:00+00:00,25.0,2026-01-20 22:00:00,2026-01-21T00:00:00+05:00,23bee7534bfebd964acaf604affd5972b315cf4ff4ca4e354e3a4aa866383725,gfs_seamless,False
turbine_2,2026-01-21 21:00:00+00:00,48,0.9908936947381992,0.9908936947381992,False,False,0.9629209270620314,12.54,-8.2,2026-01-20 19:00:00+00:00,26.0,2026-01-20 22:00:00,2026-01-21T00:00:00+05:00,23bee7534bfebd964acaf604affd5972b315cf4ff4ca4e354e3a4aa866383725,gfs_seamless,False
turbine_2,2026-01-21 22:00:00+00:00,48,0.955164616914684,0.955164616914684,False,False,0.9572317351598173,12.13,-8.9,2026-01-20 19:00:00+00:00,27.0,2026-01-20 22:00:00,2026-01-21T00:00:00+05:00,23bee7534bfebd964acaf604affd5972b315cf4ff4ca4e354e3a4aa866383725,gfs_seamless,False
turbine_2,2026-01-21 23:00:00+00:00,48,0.984846927493557,0.984846927493557,False,False,0.9253557617942768,11.49,-8.6,2026-01-20 19:00:00+00:00,28.0,2026-01-20 22:00:00,2026-01-21T00:00:00+05:00,23bee7534bfebd964acaf604affd5972b315cf4ff4ca4e354e3a4aa866383725,gfs_seamless,False
turbine_2,2026-01-22 00:00:00+00:00,48,0.9604673284653775,0.9604673284653775,False,False,0.9253557617942768,11.29,-9.6,2026-01-20 19:00:00+00:00,29.0,2026-01-20 22:00:00,2026-01-21T00:00:00+05:00,23bee7534bfebd964acaf604affd5972b315cf4ff4ca4e354e3a4aa866383725,gfs_seamless,False
turbine_2,2026-01-22 01:00:00+00:00,48,0.9494850064970397,0.9494850064970397,False,False,0.8847668711656442,10.93,-10.1,2026-01-20 19:00:00+00:00,30.0,2026-01-20 22:00:00,2026-01-21T00:00:00+05:00,23bee7534bfebd964acaf604affd5972b315cf4ff4ca4e354e3a4aa866383725,gfs_seamless,False
turbine_2,2026-01-22 02:00:00+00:00,48,0.8991156524611268,0.8991156524611268,False,False,0.8245056689342404,10.3,-10.1,2026-01-20 19:00:00+00:00,31.0,2026-01-20 22:00:00,2026-01-21T00:00:00+05:00,23bee7534bfebd964acaf604affd5972b315cf4ff4ca4e354e3a4aa866383725,gfs_seamless,False
turbine_2,2026-01-22 03:00:00+00:00,48,0.5782563223807544,0.5782563223807544,False,False,0.615759009009009,8.51,-10.4,2026-01-20 19:00:00+00:00,32.0,2026-01-20 22:00:00,2026-01-21T00:00:00+05:00,23bee7534bfebd964acaf604affd5972b315cf4ff4ca4e354e3a4aa866383725,gfs_seamless,False
turbine_2,2026-01-22 04:00:00+00:00,48,0.7663239884627122,0.7663239884627122,False,False,0.8245056689342404,10.26,-7.3,2026-01-20 19:00:00+00:00,33.0,2026-01-20 22:00:00,2026-01-21T00:00:00+05:00,23bee7534bfebd964acaf604affd5972b315cf4ff4ca4e354e3a4aa866383725,gfs_seamless,False
turbine_2,2026-01-22 05:00:00+00:00,48,0.9672075700925209,0.9672075700925209,False,False,0.9521731601731601,11.99,-4.9,2026-01-20 19:00:00+00:00,34.0,2026-01-20 22:00:00,2026-01-21T00:00:00+05:00,23bee7534bfebd964acaf604affd5972b315cf4ff4ca4e354e3a4aa866383725,gfs_seamless,False
turbine_2,2026-01-22 06:00:00+00:00,48,0.8062089697699222,0.8062089697699222,False,False,0.752911143838979,9.86,-3.4,2026-01-20 19:00:00+00:00,35.0,2026-01-20 22:00:00,2026-01-21T00:00:00+05:00,23bee7534bfebd964acaf604affd5972b315cf4ff4ca4e354e3a4aa866383725,gfs_seamless,False
turbine_2,2026-01-22 07:00:00+00:00,48,0.5177627749461762,0.5177627749461762,False,False,0.5336827956989247,8.22,-4.4,2026-01-20 19:00:00+00:00,36.0,2026-01-20 22:00:00,2026-01-21T00:00:00+05:00,23bee7534bfebd964acaf604affd5972b315cf4ff4ca4e354e3a4aa866383725,gfs_seamless,False
turbine_2,2026-01-22 08:00:00+00:00,48,0.014009754090213135,0.014009754090213135,False,False,0.037194926140012845,3.09,-4.3,2026-01-20 19:00:00+00:00,37.0,2026-01-20 22:00:00,2026-01-21T00:00:00+05:00,23bee7534bfebd964acaf604affd5972b315cf4ff4ca4e354e3a4aa866383725,gfs_seamless,False
turbine_2,2026-01-22 09:00:00+00:00,48,0.007972822678823106,0.007972822678823106,False,False,0.009708818635607321,1.27,-4.3,2026-01-20 19:00:00+00:00,38.0,2026-01-20 22:00:00,2026-01-21T00:00:00+05:00,23bee7534bfebd964acaf604affd5972b315cf4ff4ca4e354e3a4aa866383725,gfs_seamless,False
turbine_2,2026-01-22 10:00:00+00:00,48,0.03298053413821149,0.03298053413821149,False,False,0.07911222780569514,4.36,-4.8,2026-01-20 19:00:00+00:00,39.0,2026-01-20 22:00:00,2026-01-21T00:00:00+05:00,23bee7534bfebd964acaf604affd5972b315cf4ff4ca4e354e3a4aa866383725,gfs_seamless,False
turbine_2,2026-01-22 11:00:00+00:00,48,0.5890516888257066,0.5890516888257066,False,False,0.615759009009009,8.79,-5.7,2026-01-20 19:00:00+00:00,40.0,2026-01-20 22:00:00,2026-01-21T00:00:00+05:00,23bee7534bfebd964acaf604affd5972b315cf4ff4ca4e354e3a4aa866383725,gfs_seamless,False
turbine_2,2026-01-22 12:00:00+00:00,48,0.6917982642567551,0.6917982642567551,False,False,0.674822695035461,9.31,-6.3,2026-01-20 19:00:00+00:00,41.0,2026-01-20 22:00:00,2026-01-21T00:00:00+05:00,23bee7534bfebd964acaf604affd5972b315cf4ff4ca4e354e3a4aa866383725,gfs_seamless,False
turbine_2,2026-01-22 13:00:00+00:00,48,0.7048817025460412,0.7048817025460412,False,False,0.674822695035461,9.12,-6.4,2026-01-20 19:00:00+00:00,42.0,2026-01-20 22:00:00,2026-01-21T00:00:00+05:00,23bee7534bfebd964acaf604affd5972b315cf4ff4ca4e354e3a4aa866383725,gfs_seamless,False
turbine_2,2026-01-22 14:00:00+00:00,48,0.7655079009206088,0.7655079009206088,False,False,0.8245056689342404,10.11,-7.4,2026-01-20 19:00:00+00:00,43.0,2026-01-20 22:00:00,2026-01-21T00:00:00+05:00,23bee7534bfebd964acaf604affd5972b315cf4ff4ca4e354e3a4aa866383725,gfs_seamless,False
turbine_2,2026-01-22 15:00:00+00:00,48,0.9212725233557526,0.9212725233557526,False,False,0.9572317351598173,12.03,-7.3,2026-01-20 19:00:00+00:00,44.0,2026-01-20 22:00:00,2026-01-21T00:00:00+05:00,23bee7534bfebd964acaf604affd5972b315cf4ff4ca4e354e3a4aa866383725,gfs_seamless,False
turbine_2,2026-01-22 16:00:00+00:00,48,0.9537362621707746,0.9537362621707746,False,False,0.9521731601731601,11.94,-6.6,2026-01-20 19:00:00+00:00,45.0,2026-01-20 22:00:00,2026-01-21T00:00:00+05:00,23bee7534bfebd964acaf604affd5972b315cf4ff4ca4e354e3a4aa866383725,gfs_seamless,False
turbine_2,2026-01-22 17:00:00+00:00,48,0.9633704767622674,0.9633704767622674,False,False,0.9253557617942768,11.42,-5.9,2026-01-20 19:00:00+00:00,46.0,2026-01-20 22:00:00,2026-01-21T00:00:00+05:00,23bee7534bfebd964acaf604affd5972b315cf4ff4ca4e354e3a4aa866383725,gfs_seamless,False
turbine_2,2026-01-22 18:00:00+00:00,48,0.7645813572031193,0.7645813572031193,False,False,0.8245056689342404,10.07,-7.2,2026-01-20 19:00:00+00:00,47.0,2026-01-20 22:00:00,2026-01-21T00:00:00+05:00,23bee7534bfebd964acaf604affd5972b315cf4ff4ca4e354e3a4aa866383725,gfs_seamless,False
turbine_2,2026-01-22 19:00:00+00:00,48,0.8101040854111536,0.8101040854111536,False,False,0.8847668711656442,10.8,-7.6,2026-01-20 19:00:00+00:00,48.0,2026-01-20 22:00:00,2026-01-21T00:00:00+05:00,23bee7534bfebd964acaf604affd5972b315cf4ff4ca4e354e3a4aa866383725,gfs_seamless,False
turbine_1,2026-01-21 20:00:00+00:00,24,1.0001423033241434,0.9983333333333334,True,False,0.9671712538226298,12.54,-7.5,2026-01-21 19:00:00+00:00,1.0,2026-01-21 22:00:00,2026-01-22T00:00:00+05:00,50ee351bfafd15d1c5a873c929b2f3e1a1840b5402dd88c11e035c1da20b7cde,gfs_seamless,False
turbine_1,2026-01-21 21:00:00+00:00,24,0.974063790055022,0.974063790055022,False,False,0.9378823529411765,11.28,-8.7,2026-01-21 19:00:00+00:00,2.0,2026-01-21 22:00:00,2026-01-22T00:00:00+05:00,50ee351bfafd15d1c5a873c929b2f3e1a1840b5402dd88c11e035c1da20b7cde,gfs_seamless,False
turbine_1,2026-01-21 22:00:00+00:00,24,0.6798507527474553,0.6798507527474553,False,False,0.69498998998999,9.18,-10.2,2026-01-21 19:00:00+00:00,3.0,2026-01-21 22:00:00,2026-01-22T00:00:00+05:00,50ee351bfafd15d1c5a873c929b2f3e1a1840b5402dd88c11e035c1da20b7cde,gfs_seamless,False
turbine_1,2026-01-21 23:00:00+00:00,24,0.694716988444903,0.694716988444903,False,False,0.69498998998999,9.22,-10.3,2026-01-21 19:00:00+00:00,4.0,2026-01-21 22:00:00,2026-01-22T00:00:00+05:00,50ee351bfafd15d1c5a873c929b2f3e1a1840b5402dd88c11e035c1da20b7cde,gfs_seamless,False
turbine_1,2026-01-22 00:00:00+00:00,24,0.13984489655484753,0.13984489655484753,False,False,0.2568453937808777,6.13,-10.6,2026-01-21 19:00:00+00:00,5.0,2026-01-21 22:00:00,2026-01-22T00:00:00+05:00,50ee351bfafd15d1c5a873c929b2f3e1a1840b5402dd88c11e035c1da20b7cde,gfs_seamless,False
turbine_1,2026-01-22 01:00:00+00:00,24,0.01633095769050407,0.01633095769050407,False,False,0.04026801561945332,3.0,-11.3,2026-01-21 19:00:00+00:00,6.0,2026-01-21 22:00:00,2026-01-22T00:00:00+05:00,50ee351bfafd15d1c5a873c929b2f3e1a1840b5402dd88c11e035c1da20b7cde,gfs_seamless,False
turbine_1,2026-01-22 02:00:00+00:00,24,0.03414790984519513,0.03414790984519513,False,False,0.08171147880041366,4.41,-11.3,2026-01-21 19:00:00+00:00,7.0,2026-01-21 22:00:00,2026-01-22T00:00:00+05:00,50ee351bfafd15d1c5a873c929b2f3e1a1840b5402dd88c11e035c1da20b7cde,gfs_seamless,False
turbine_1,2026-01-22 03:00:00+00:00,24,0.5309597048350865,0.5309597048350865,False,False,0.5477100591715977,8.26,-9.6,2026-01-21 19:00:00+00:00,8.0,2026-01-21 22:00:00,2026-01-22T00:00:00+05:00,50ee351bfafd15d1c5a873c929b2f3e1a1840b5402dd88c11e035c1da20b7cde,gfs_seamless,False
turbine_1,2026-01-22 04:00:00+00:00,24,0.9863649369921054,0.9863649369921054,False,False,0.9581862745098039,12.35,-6.1,2026-01-21 19:00:00+00:00,9.0,2026-01-21 22:00:00,2026-01-22T00:00:00+05:00,50ee351bfafd15d1c5a873c929b2f3e1a1840b5402dd88c11e035c1da20b7cde,gfs_seamless,False
turbine_1,2026-01-22 05:00:00+00:00,24,0.9903238041063308,0.9903238041063308,False,False,0.9770314253647585,13.21,-4.0,2026-01-21 19:00:00+00:00,10.0,2026-01-21 22:00:00,2026-01-22T00:00:00+05:00,50ee351bfafd15d1c5a873c929b2f3e1a1840b5402dd88c11e035c1da20b7cde,gfs_seamless,False
turbine_1,2026-01-22 06:00:00+00:00,24,0.9192979171561013,0.9192979171561013,False,False,0.8931226765799256,10.57,-2.6,2026-01-21 19:00:00+00:00,11.0,2026-01-21 22:00:00,2026-01-22T00:00:00+05:00,50ee351bfafd15d1c5a873c929b2f3e1a1840b5402dd88c11e035c1da20b7cde,gfs_seamless,False
turbine_1,2026-01-22 07:00:00+00:00,24,0.5968395272003985,0.5968395272003985,False,False,0.5477100591715977,8.43,-2.9,2026-01-21 19:00:00+00:00,12.0,2026-01-21 22:00:00,2026-01-22T00:00:00+05:00,50ee351bfafd15d1c5a873c929b2f3e1a1840b5402dd88c11e035c1da20b7cde,gfs_seamless,False
turbine_1,2026-01-22 08:00:00+00:00,24,0.01833004895150455,0.01833004895150455,False,False,0.04026801561945332,3.14,-3.3,2026-01-21 19:00:00+00:00,13.0,2026-01-21 22:00:00,2026-01-22T00:00:00+05:00,50ee351bfafd15d1c5a873c929b2f3e1a1840b5402dd88c11e035c1da20b7cde,gfs_seamless,False
turbine_1,2026-01-22 09:00:00+00:00,24,0.05999667096518987,0.05999667096518987,False,False,0.1115932092719556,4.88,-3.6,2026-01-21 19:00:00+00:00,14.0,2026-01-21 22:00:00,2026-01-22T00:00:00+05:00,50ee351bfafd15d1c5a873c929b2f3e1a1840b5402dd88c11e035c1da20b7cde,gfs_seamless,False
turbine_1,2026-01-22 10:00:00+00:00,24,0.6947595663580125,0.6947595663580125,False,False,0.6263250968992249,8.98,-4.1,2026-01-21 19:00:00+00:00,15.0,2026-01-21 22:00:00,2026-01-22T00:00:00+05:00,50ee351bfafd15d1c5a873c929b2f3e1a1840b5402dd88c11e035c1da20b7cde,gfs_seamless,False
turbine_1,2026-01-22 11:00:00+00:00,24,0.8738796493191968,0.8738796493191968,False,False,0.8304850088183422,10.05,-5.7,2026-01-21 19:00:00+00:00,16.0,2026-01-21 22:00:00,2026-01-22T00:00:00+05:00,50ee351bfafd15d1c5a873c929b2f3e1a1840b5402dd88c11e035c1da20b7cde,gfs_seamless,False
turbine_1,2026-01-22 12:00:00+00:00,24,0.6831372269799038,0.6831372269799038,False,False,0.69498998998999,9.31,-6.5,2026-01-21 19:00:00+00:00,17.0,2026-01-21 22:00:00,2026-01-22T00:00:00+05:00,50ee351bfafd15d1c5a873c929b2f3e1a1840b5402dd88c11e035c1da20b7cde,gfs_seamless,False
turbine_1,2026-01-22 13:00:00+00:00,24,0.7492637146210018,0.7492637146210018,False,False,0.7643670576735092,9.53,-6.9,2026-01-21 19:00:00+00:00,18.0,2026-01-21 22:00:00,2026-01-22T00:00:00+05:00,50ee351bfafd15d1c5a873c929b2f3e1a1840b5402dd88c11e035c1da20b7cde,gfs_seamless,False
turbine_1,2026-01-22 14:00:00+00:00,24,0.6683876195151176,0.6683876195151176,False,False,0.69498998998999,9.26,-6.8,2026-01-21 19:00:00+00:00,19.0,2026-01-21 22:00:00,2026-01-22T00:00:00+05:00,50ee351bfafd15d1c5a873c929b2f3e1a1840b5402dd88c11e035c1da20b7cde,gfs_seamless,False
turbine_1,2026-01-22 15:00:00+00:00,24,0.8470485422461824,0.8470485422461824,False,False,0.8931226765799256,10.57,-7.1,2026-01-21 19:00:00+00:00,20.0,2026-01-21 22:00:00,2026-01-22T00:00:00+05:00,50ee351bfafd15d1c5a873c929b2f3e1a1840b5402dd88c11e035c1da20b7cde,gfs_seamless,False
turbine_1,2026-01-22 16:00:00+00:00,24,0.9504370836191357,0.9504370836191357,False,False,0.9378823529411765,11.43,-6.8,2026-01-21 19:00:00+00:00,21.0,2026-01-21 22:00:00,2026-01-22T00:00:00+05:00,50ee351bfafd15d1c5a873c929b2f3e1a1840b5402dd88c11e035c1da20b7cde,gfs_seamless,False
turbine_1,2026-01-22 17:00:00+00:00,24,0.9776772504594361,0.9776772504594361,False,False,0.9581862745098039,12.18,-6.9,2026-01-21 19:00:00+00:00,22.0,2026-01-21 22:00:00,2026-01-22T00:00:00+05:00,50ee351bfafd15d1c5a873c929b2f3e1a1840b5402dd88c11e035c1da20b7cde,gfs_seamless,False
turbine_1,2026-01-22 18:00:00+00:00,24,0.9878174714431941,0.9878174714431941,False,False,0.9581862745098039,12.07,-8.7,2026-01-21 19:00:00+00:00,23.0,2026-01-21 22:00:00,2026-01-22T00:00:00+05:00,50ee351bfafd15d1c5a873c929b2f3e1a1840b5402dd88c11e035c1da20b7cde,gfs_seamless,False
turbine_1,2026-01-22 19:00:00+00:00,24,0.9949424190540713,0.9949424190540713,False,False,0.9602693370165746,11.51,-7.8,2026-01-21 19:00:00+00:00,24.0,2026-01-21 22:00:00,2026-01-22T00:00:00+05:00,50ee351bfafd15d1c5a873c929b2f3e1a1840b5402dd88c11e035c1da20b7cde,gfs_seamless,False
turbine_1,2026-01-22 20:00:00+00:00,48,0.9554649040003198,0.9554649040003198,False,False,0.9378823529411765,11.0,-7.8,2026-01-21 19:00:00+00:00,25.0,2026-01-21 22:00:00,2026-01-22T00:00:00+05:00,50ee351bfafd15d1c5a873c929b2f3e1a1840b5402dd88c11e035c1da20b7cde,gfs_seamless,False
turbine_1,2026-01-22 21:00:00+00:00,48,0.8238171888325828,0.8238171888325828,False,False,0.7643670576735092,9.63,-8.9,2026-01-21 19:00:00+00:00,26.0,2026-01-21 22:00:00,2026-01-22T00:00:00+05:00,50ee351bfafd15d1c5a873c929b2f3e1a1840b5402dd88c11e035c1da20b7cde,gfs_seamless,False
turbine_1,2026-01-22 22:00:00+00:00,48,0.6008603382765035,0.6008603382765035,False,False,0.5477100591715977,8.48,-8.0,2026-01-21 19:00:00+00:00,27.0,2026-01-21 22:00:00,2026-01-22T00:00:00+05:00,50ee351bfafd15d1c5a873c929b2f3e1a1840b5402dd88c11e035c1da20b7cde,gfs_seamless,False
turbine_1,2026-01-22 23:00:00+00:00,48,0.6008603382765035,0.6008603382765035,False,False,0.5477100591715977,8.49,-7.4,2026-01-21 19:00:00+00:00,28.0,2026-01-21 22:00:00,2026-01-22T00:00:00+05:00,50ee351bfafd15d1c5a873c929b2f3e1a1840b5402dd88c11e035c1da20b7cde,gfs_seamless,False
turbine_1,2026-01-23 00:00:00+00:00,48,0.2604745078543496,0.2604745078543496,False,False,0.32492141162514826,6.71,-6.0,2026-01-21 19:00:00+00:00,29.0,2026-01-21 22:00:00,2026-01-22T00:00:00+05:00,50ee351bfafd15d1c5a873c929b2f3e1a1840b5402dd88c11e035c1da20b7cde,gfs_seamless,False
turbine_1,2026-01-23 01:00:00+00:00,48,0.039276972474433645,0.039276972474433645,False,False,0.08171147880041366,4.38,-5.7,2026-01-21 19:00:00+00:00,30.0,2026-01-21 22:00:00,2026-01-22T00:00:00+05:00,50ee351bfafd15d1c5a873c929b2f3e1a1840b5402dd88c11e035c1da20b7cde,gfs_seamless,False
turbine_1,2026-01-23 02:00:00+00:00,48,0.009191686106604775,0.009191686106604775,False,False,0.01604601877081441,2.22,-4.9,2026-01-21 19:00:00+00:00,31.0,2026-01-21 22:00:00,2026-01-22T00:00:00+05:00,50ee351bfafd15d1c5a873c929b2f3e1a1840b5402dd88c11e035c1da20b7cde,gfs_seamless,False
turbine_1,2026-01-23 03:00:00+00:00,48,0.00828747046123368,0.00828747046123368,False,False,0.011035165923724615,1.68,-5.0,2026-01-21 19:00:00+00:00,32.0,2026-01-21 22:00:00,2026-01-22T00:00:00+05:00,50ee351bfafd15d1c5a873c929b2f3e1a1840b5402dd88c11e035c1da20b7cde,gfs_seamless,False
turbine_1,2026-01-23 04:00:00+00:00,48,0.008524205604792811,0.008524205604792811,False,False,0.009961072664359862,1.39,-5.0,2026-01-21 19:00:00+00:00,33.0,2026-01-21 22:00:00,2026-01-22T00:00:00+05:00,50ee351bfafd15d1c5a873c929b2f3e1a1840b5402dd88c11e035c1da20b7cde,gfs_seamless,False
turbine_1,2026-01-23 05:00:00+00:00,48,0.009289921495798515,0.009289921495798515,False,False,0.01604601877081441,2.26,-4.7,2026-01-21 19:00:00+00:00,34.0,2026-01-21 22:00:00,2026-01-22T00:00:00+05:00,50ee351bfafd15d1c5a873c929b2f3e1a1840b5402dd88c11e035c1da20b7cde,gfs_seamless,False
turbine_1,2026-01-23 06:00:00+00:00,48,0.008535362037866054,0.008535362037866054,False,False,0.009989035087719297,0.81,-3.5,2026-01-21 19:00:00+00:00,35.0,2026-01-21 22:00:00,2026-01-22T00:00:00+05:00,50ee351bfafd15d1c5a873c929b2f3e1a1840b5402dd88c11e035c1da20b7cde,gfs_seamless,False
turbine_1,2026-01-23 07:00:00+00:00,48,0.009063668424321136,0.009063668424321136,False,False,0.009989035087719297,0.72,-2.6,2026-01-21 19:00:00+00:00,36.0,2026-01-21 22:00:00,2026-01-22T00:00:00+05:00,50ee351bfafd15d1c5a873c929b2f3e1a1840b5402dd88c11e035c1da20b7cde,gfs_seamless,False
turbine_1,2026-01-23 08:00:00+00:00,48,0.008557226958111267,0.008557226958111267,False,False,0.01604601877081441,2.06,-1.4,2026-01-21 19:00:00+00:00,37.0,2026-01-21 22:00:00,2026-01-22T00:00:00+05:00,50ee351bfafd15d1c5a873c929b2f3e1a1840b5402dd88c11e035c1da20b7cde,gfs_seamless,False
turbine_1,2026-01-23 09:00:00+00:00,48,0.027721637225764893,0.027721637225764893,False,False,0.05819459656809055,3.82,-0.8,2026-01-21 19:00:00+00:00,38.0,2026-01-21 22:00:00,2026-01-22T00:00:00+05:00,50ee351bfafd15d1c5a873c929b2f3e1a1840b5402dd88c11e035c1da20b7cde,gfs_seamless,False
turbine_1,2026-01-23 10:00:00+00:00,48,0.06314498746750999,0.06314498746750999,False,False,0.1115932092719556,4.75,-1.1,2026-01-21 19:00:00+00:00,39.0,2026-01-21 22:00:00,2026-01-22T00:00:00+05:00,50ee351bfafd15d1c5a873c929b2f3e1a1840b5402dd88c11e035c1da20b7cde,gfs_seamless,False
turbine_1,2026-01-23 11:00:00+00:00,48,0.16419548715311352,0.16419548715311352,False,False,0.19532623532623533,5.79,-2.4,2026-01-21 19:00:00+00:00,40.0,2026-01-21 22:00:00,2026-01-22T00:00:00+05:00,50ee351bfafd15d1c5a873c929b2f3e1a1840b5402dd88c11e035c1da20b7cde,gfs_seamless,False
turbine_1,2026-01-23 12:00:00+00:00,48,0.6751120987033131,0.6751120987033131,False,False,0.6263250968992249,8.81,-4.3,2026-01-21 19:00:00+00:00,41.0,2026-01-21 22:00:00,2026-01-22T00:00:00+05:00,50ee351bfafd15d1c5a873c929b2f3e1a1840b5402dd88c11e035c1da20b7cde,gfs_seamless,False
turbine_1,2026-01-23 13:00:00+00:00,48,0.4324404818281712,0.4324404818281712,False,False,0.39827977315689983,7.47,-4.4,2026-01-21 19:00:00+00:00,42.0,2026-01-21 22:00:00,2026-01-22T00:00:00+05:00,50ee351bfafd15d1c5a873c929b2f3e1a1840b5402dd88c11e035c1da20b7cde,gfs_seamless,False
turbine_1,2026-01-23 14:00:00+00:00,48,0.2769654941965367,0.2769654941965367,False,False,0.32492141162514826,6.94,-4.7,2026-01-21 19:00:00+00:00,43.0,2026-01-21 22:00:00,2026-01-22T00:00:00+05:00,50ee351bfafd15d1c5a873c929b2f3e1a1840b5402dd88c11e035c1da20b7cde,gfs_seamless,False
turbine_1,2026-01-23 15:00:00+00:00,48,0.33218669369201076,0.33218669369201076,False,False,0.39827977315689983,7.05,-4.1,2026-01-21 19:00:00+00:00,44.0,2026-01-21 22:00:00,2026-01-22T00:00:00+05:00,50ee351bfafd15d1c5a873c929b2f3e1a1840b5402dd88c11e035c1da20b7cde,gfs_seamless,False
turbine_1,2026-01-23 16:00:00+00:00,48,0.10347279953376179,0.10347279953376179,False,False,0.14888262910798122,5.44,-4.3,2026-01-21 19:00:00+00:00,45.0,2026-01-21 22:00:00,2026-01-22T00:00:00+05:00,50ee351bfafd15d1c5a873c929b2f3e1a1840b5402dd88c11e035c1da20b7cde,gfs_seamless,False
turbine_1,2026-01-23 17:00:00+00:00,48,0.0821071936497575,0.0821071936497575,False,False,0.14888262910798122,5.19,-4.9,2026-01-21 19:00:00+00:00,46.0,2026-01-21 22:00:00,2026-01-22T00:00:00+05:00,50ee351bfafd15d1c5a873c929b2f3e1a1840b5402dd88c11e035c1da20b7cde,gfs_seamless,False
turbine_1,2026-01-23 18:00:00+00:00,48,0.1181093078643193,0.1181093078643193,False,False,0.19532623532623533,5.71,-4.5,2026-01-21 19:00:00+00:00,47.0,2026-01-21 22:00:00,2026-01-22T00:00:00+05:00,50ee351bfafd15d1c5a873c929b2f3e1a1840b5402dd88c11e035c1da20b7cde,gfs_seamless,False
turbine_1,2026-01-23 19:00:00+00:00,48,0.04065789583442692,0.04065789583442692,False,False,0.1115932092719556,4.52,-6.4,2026-01-21 19:00:00+00:00,48.0,2026-01-21 22:00:00,2026-01-22T00:00:00+05:00,50ee351bfafd15d1c5a873c929b2f3e1a1840b5402dd88c11e035c1da20b7cde,gfs_seamless,False
turbine_2,2026-01-21 20:00:00+00:00,24,0.9270811566865321,0.9270811566865321,False,False,0.9630792682926829,12.54,-7.5,2026-01-21 19:00:00+00:00,1.0,2026-01-21 22:00:00,2026-01-22T00:00:00+05:00,64aeeedc1ba051e6f0f72eca380caffe55f574bba9b641c5b8575279aa6b0048,gfs_seamless,False
turbine_2,2026-01-21 21:00:00+00:00,24,0.9698021098186645,0.9698021098186645,False,False,0.9253202160493827,11.28,-8.7,2026-01-21 19:00:00+00:00,2.0,2026-01-21 22:00:00,2026-01-22T00:00:00+05:00,64aeeedc1ba051e6f0f72eca380caffe55f574bba9b641c5b8575279aa6b0048,gfs_seamless,False
turbine_2,2026-01-21 22:00:00+00:00,24,0.6784853323103845,0.6784853323103845,False,False,0.674822695035461,9.18,-10.2,2026-01-21 19:00:00+00:00,3.0,2026-01-21 22:00:00,2026-01-22T00:00:00+05:00,64aeeedc1ba051e6f0f72eca380caffe55f574bba9b641c5b8575279aa6b0048,gfs_seamless,False
turbine_2,2026-01-21 23:00:00+00:00,24,0.6850938142604072,0.6850938142604072,False,False,0.674822695035461,9.22,-10.3,2026-01-21 19:00:00+00:00,4.0,2026-01-21 22:00:00,2026-01-22T00:00:00+05:00,64aeeedc1ba051e6f0f72eca380caffe55f574bba9b641c5b8575279aa6b0048,gfs_seamless,False
turbine_2,2026-01-22 00:00:00+00:00,24,0.12364763427016161,0.12364763427016161,False,False,0.2464508493455862,6.13,-10.6,2026-01-21 19:00:00+00:00,5.0,2026-01-21 22:00:00,2026-01-22T00:00:00+05:00,64aeeedc1ba051e6f0f72eca380caffe55f574bba9b641c5b8575279aa6b0048,gfs_seamless,False
turbine_2,2026-01-22 01:00:00+00:00,24,0.012272863358185431,0.012272863358185431,False,False,0.037194926140012845,3.0,-11.3,2026-01-21 19:00:00+00:00,6.0,2026-01-21 22:00:00,2026-01-22T00:00:00+05:00,64aeeedc1ba051e6f0f72eca380caffe55f574bba9b641c5b8575279aa6b0048,gfs_seamless,False
turbine_2,2026-01-22 02:00:00+00:00,24,0.02489142609942161,0.02489142609942161,False,False,0.0790863453815261,4.41,-11.3,2026-01-21 19:00:00+00:00,7.0,2026-01-21 22:00:00,2026-01-22T00:00:00+05:00,64aeeedc1ba051e6f0f72eca380caffe55f574bba9b641c5b8575279aa6b0048,gfs_seamless,False
turbine_2,2026-01-22 03:00:00+00:00,24,0.4864838423421778,0.4864838423421778,False,False,0.5336827956989247,8.26,-9.6,2026-01-21 19:00:00+00:00,8.0,2026-01-21 22:00:00,2026-01-22T00:00:00+05:00,64aeeedc1ba051e6f0f72eca380caffe55f574bba9b641c5b8575279aa6b0048,gfs_seamless,False
turbine_2,2026-01-22 04:00:00+00:00,24,0.9868942591277734,0.9868942591277734,False,False,0.9572820512820512,12.35,-6.1,2026-01-21 19:00:00+00:00,9.0,2026-01-21 22:00:00,2026-01-22T00:00:00+05:00,64aeeedc1ba051e6f0f72eca380caffe55f574bba9b641c5b8575279aa6b0048,gfs_seamless,False
turbine_2,2026-01-22 05:00:00+00:00,24,0.9730279065579964,0.9730279065579964,False,False,0.9699395770392749,13.21,-4.0,2026-01-21 19:00:00+00:00,10.0,2026-01-21 22:00:00,2026-01-22T00:00:00+05:00,64aeeedc1ba051e6f0f72eca380caffe55f574bba9b641c5b8575279aa6b0048,gfs_seamless,False
turbine_2,2026-01-22 06:00:00+00:00,24,0.8982237281671701,0.8982237281671701,False,False,0.8848406862745097,10.57,-2.6,2026-01-21 19:00:00+00:00,11.0,2026-01-21 22:00:00,2026-01-22T00:00:00+05:00,64aeeedc1ba051e6f0f72eca380caffe55f574bba9b641c5b8575279aa6b0048,gfs_seamless,False
turbine_2,2026-01-22 07:00:00+00:00,24,0.5690828924330189,0.5690828924330189,False,False,0.5336827956989247,8.43,-2.9,2026-01-21 19:00:00+00:00,12.0,2026-01-21 22:00:00,2026-01-22T00:00:00+05:00,64aeeedc1ba051e6f0f72eca380caffe55f574bba9b641c5b8575279aa6b0048,gfs_seamless,False
turbine_2,2026-01-22 08:00:00+00:00,24,0.01490760081579011,0.01490760081579011,False,False,0.037194926140012845,3.14,-3.3,2026-01-21 19:00:00+00:00,13.0,2026-01-21 22:00:00,2026-01-22T00:00:00+05:00,64aeeedc1ba051e6f0f72eca380caffe55f574bba9b641c5b8575279aa6b0048,gfs_seamless,False
turbine_2,2026-01-22 09:00:00+00:00,24,0.053282723012930334,0.053282723012930334,False,False,0.1050591985428051,4.88,-3.6,2026-01-21 19:00:00+00:00,14.0,2026-01-21 22:00:00,2026-01-22T00:00:00+05:00,64aeeedc1ba051e6f0f72eca380caffe55f574bba9b641c5b8575279aa6b0048,gfs_seamless,False
turbine_2,2026-01-22 10:00:00+00:00,24,0.6599257355265098,0.6599257355265098,False,False,0.6158074673864148,8.98,-4.1,2026-01-21 19:00:00+00:00,15.0,2026-01-21 22:00:00,2026-01-22T00:00:00+05:00,64aeeedc1ba051e6f0f72eca380caffe55f574bba9b641c5b8575279aa6b0048,gfs_seamless,False
turbine_2,2026-01-22 11:00:00+00:00,24,0.8377696857704084,0.8377696857704084,False,False,0.8245199275362319,10.05,-5.7,2026-01-21 19:00:00+00:00,16.0,2026-01-21 22:00:00,2026-01-22T00:00:00+05:00,64aeeedc1ba051e6f0f72eca380caffe55f574bba9b641c5b8575279aa6b0048,gfs_seamless,False
turbine_2,2026-01-22 12:00:00+00:00,24,0.6982571762571382,0.6982571762571382,False,False,0.674822695035461,9.31,-6.5,2026-01-21 19:00:00+00:00,17.0,2026-01-21 22:00:00,2026-01-22T00:00:00+05:00,64aeeedc1ba051e6f0f72eca380caffe55f574bba9b641c5b8575279aa6b0048,gfs_seamless,False
turbine_2,2026-01-22 13:00:00+00:00,24,0.6786676068595159,0.6786676068595159,False,False,0.752911143838979,9.53,-6.9,2026-01-21 19:00:00+00:00,18.0,2026-01-21 22:00:00,2026-01-22T00:00:00+05:00,64aeeedc1ba051e6f0f72eca380caffe55f574bba9b641c5b8575279aa6b0048,gfs_seamless,False
turbine_2,2026-01-22 14:00:00+00:00,24,0.7007281388478517,0.7007281388478517,False,False,0.674822695035461,9.26,-6.8,2026-01-21 19:00:00+00:00,19.0,2026-01-21 22:00:00,2026-01-22T00:00:00+05:00,64aeeedc1ba051e6f0f72eca380caffe55f574bba9b641c5b8575279aa6b0048,gfs_seamless,False
turbine_2,2026-01-22 15:00:00+00:00,24,0.7986455622862884,0.7986455622862884,False,False,0.8848406862745097,10.57,-7.1,2026-01-21 19:00:00+00:00,20.0,2026-01-21 22:00:00,2026-01-22T00:00:00+05:00,64aeeedc1ba051e6f0f72eca380caffe55f574bba9b641c5b8575279aa6b0048,gfs_seamless,False
turbine_2,2026-01-22 16:00:00+00:00,24,0.9307190730756314,0.9307190730756314,False,False,0.9253202160493827,11.43,-6.8,2026-01-21 19:00:00+00:00,21.0,2026-01-21 22:00:00,2026-01-22T00:00:00+05:00,64aeeedc1ba051e6f0f72eca380caffe55f574bba9b641c5b8575279aa6b0048,gfs_seamless,False
turbine_2,2026-01-22 17:00:00+00:00,24,0.9103539183884791,0.9103539183884791,False,False,0.9572820512820512,12.18,-6.9,2026-01-21 19:00:00+00:00,22.0,2026-01-21 22:00:00,2026-01-22T00:00:00+05:00,64aeeedc1ba051e6f0f72eca380caffe55f574bba9b641c5b8575279aa6b0048,gfs_seamless,False
turbine_2,2026-01-22 18:00:00+00:00,24,0.9926724483290063,0.9926724483290063,False,False,0.9572820512820512,12.07,-8.7,2026-01-21 19:00:00+00:00,23.0,2026-01-21 22:00:00,2026-01-22T00:00:00+05:00,64aeeedc1ba051e6f0f72eca380caffe55f574bba9b641c5b8575279aa6b0048,gfs_seamless,False
turbine_2,2026-01-22 19:00:00+00:00,24,0.9092736152731502,0.9092736152731502,False,False,0.9522897800776197,11.51,-7.8,2026-01-21 19:00:00+00:00,24.0,2026-01-21 22:00:00,2026-01-22T00:00:00+05:00,64aeeedc1ba051e6f0f72eca380caffe55f574bba9b641c5b8575279aa6b0048,gfs_seamless,False
turbine_2,2026-01-22 20:00:00+00:00,48,0.8540124306082808,0.8540124306082808,False,False,0.9253202160493827,11.0,-7.8,2026-01-21 19:00:00+00:00,25.0,2026-01-21 22:00:00,2026-01-22T00:00:00+05:00,64aeeedc1ba051e6f0f72eca380caffe55f574bba9b641c5b8575279aa6b0048,gfs_seamless,False
turbine_2,2026-01-22 21:00:00+00:00,48,0.7928315639583056,0.7928315639583056,False,False,0.752911143838979,9.63,-8.9,2026-01-21 19:00:00+00:00,26.0,2026-01-21 22:00:00,2026-01-22T00:00:00+05:00,64aeeedc1ba051e6f0f72eca380caffe55f574bba9b641c5b8575279aa6b0048,gfs_seamless,False
turbine_2,2026-01-22 22:00:00+00:00,48,0.5905973091537184,0.5905973091537184,False,False,0.5336827956989247,8.48,-8.0,2026-01-21 19:00:00+00:00,27.0,2026-01-21 22:00:00,2026-01-22T00:00:00+05:00,64aeeedc1ba051e6f0f72eca380caffe55f574bba9b641c5b8575279aa6b0048,gfs_seamless,False
turbine_2,2026-01-22 23:00:00+00:00,48,0.5365759129482918,0.5365759129482918,False,False,0.5336827956989247,8.49,-7.4,2026-01-21 19:00:00+00:00,28.0,2026-01-21 22:00:00,2026-01-22T00:00:00+05:00,64aeeedc1ba051e6f0f72eca380caffe55f574bba9b641c5b8575279aa6b0048,gfs_seamless,False
turbine_2,2026-01-23 00:00:00+00:00,48,0.23871520641015978,0.23871520641015978,False,False,0.31350029036004645,6.71,-6.0,2026-01-21 19:00:00+00:00,29.0,2026-01-21 22:00:00,2026-01-22T00:00:00+05:00,64aeeedc1ba051e6f0f72eca380caffe55f574bba9b641c5b8575279aa6b0048,gfs_seamless,False
turbine_2,2026-01-23 01:00:00+00:00,48,0.034143964344883614,0.034143964344883614,False,False,0.0790863453815261,4.38,-5.7,2026-01-21 19:00:00+00:00,30.0,2026-01-21 22:00:00,2026-01-22T00:00:00+05:00,64aeeedc1ba051e6f0f72eca380caffe55f574bba9b641c5b8575279aa6b0048,gfs_seamless,False
turbine_2,2026-01-23 02:00:00+00:00,48,0.009681948840958604,0.009681948840958604,False,False,0.01462370242214533,2.22,-4.9,2026-01-21 19:00:00+00:00,31.0,2026-01-21 22:00:00,2026-01-22T00:00:00+05:00,64aeeedc1ba051e6f0f72eca380caffe55f574bba9b641c5b8575279aa6b0048,gfs_seamless,False
turbine_2,2026-01-23 03:00:00+00:00,48,0.008612908356586069,0.008612908356586069,False,False,0.01013088376560999,1.68,-5.0,2026-01-21 19:00:00+00:00,32.0,2026-01-21 22:00:00,2026-01-22T00:00:00+05:00,64aeeedc1ba051e6f0f72eca380caffe55f574bba9b641c5b8575279aa6b0048,gfs_seamless,False
turbine_2,2026-01-23 04:00:00+00:00,48,0.008612908356586069,0.008612908356586069,False,False,0.009708818635607321,1.39,-5.0,2026-01-21 19:00:00+00:00,33.0,2026-01-21 22:00:00,2026-01-22T00:00:00+05:00,64aeeedc1ba051e6f0f72eca380caffe55f574bba9b641c5b8575279aa6b0048,gfs_seamless,False
turbine_2,2026-01-23 05:00:00+00:00,48,0.009681948840958604,0.009681948840958604,False,False,0.01462370242214533,2.26,-4.7,2026-01-21 19:00:00+00:00,34.0,2026-01-21 22:00:00,2026-01-22T00:00:00+05:00,64aeeedc1ba051e6f0f72eca380caffe55f574bba9b641c5b8575279aa6b0048,gfs_seamless,False
turbine_2,2026-01-23 06:00:00+00:00,48,0.008483608372129853,0.008483608372129853,False,False,0.009931087289433385,0.81,-3.5,2026-01-21 19:00:00+00:00,35.0,2026-01-21 22:00:00,2026-01-22T00:00:00+05:00,64aeeedc1ba051e6f0f72eca380caffe55f574bba9b641c5b8575279aa6b0048,gfs_seamless,False
turbine_2,2026-01-23 07:00:00+00:00,48,0.008955285339980357,0.008955285339980357,False,False,0.009931087289433385,0.72,-2.6,2026-01-21 19:00:00+00:00,36.0,2026-01-21 22:00:00,2026-01-22T00:00:00+05:00,64aeeedc1ba051e6f0f72eca380caffe55f574bba9b641c5b8575279aa6b0048,gfs_seamless,False
turbine_2,2026-01-23 08:00:00+00:00,48,0.00900672591020347,0.00900672591020347,False,False,0.01462370242214533,2.06,-1.4,2026-01-21 19:00:00+00:00,37.0,2026-01-21 22:00:00,2026-01-22T00:00:00+05:00,64aeeedc1ba051e6f0f72eca380caffe55f574bba9b641c5b8575279aa6b0048,gfs_seamless,False
turbine_2,2026-01-23 09:00:00+00:00,48,0.02201648167530426,0.02201648167530426,False,False,0.055482638888888894,3.82,-0.8,2026-01-21 19:00:00+00:00,38.0,2026-01-21 22:00:00,2026-01-22T00:00:00+05:00,64aeeedc1ba051e6f0f72eca380caffe55f574bba9b641c5b8575279aa6b0048,gfs_seamless,False
turbine_2,2026-01-23 10:00:00+00:00,48,0.06058031206526972,0.06058031206526972,False,False,0.1050591985428051,4.75,-1.1,2026-01-21 19:00:00+00:00,39.0,2026-01-21 22:00:00,2026-01-22T00:00:00+05:00,64aeeedc1ba051e6f0f72eca380caffe55f574bba9b641c5b8575279aa6b0048,gfs_seamless,False
turbine_2,2026-01-23 11:00:00+00:00,48,0.13807947263827083,0.13807947263827083,False,False,0.1883852502662407,5.79,-2.4,2026-01-21 19:00:00+00:00,40.0,2026-01-21 22:00:00,2026-01-22T00:00:00+05:00,64aeeedc1ba051e6f0f72eca380caffe55f574bba9b641c5b8575279aa6b0048,gfs_seamless,False
turbine_2,2026-01-23 12:00:00+00:00,48,0.5998309079856791,0.5998309079856791,False,False,0.6158074673864148,8.81,-4.3,2026-01-21 19:00:00+00:00,41.0,2026-01-21 22:00:00,2026-01-22T00:00:00+05:00,64aeeedc1ba051e6f0f72eca380caffe55f574bba9b641c5b8575279aa6b0048,gfs_seamless,False
turbine_2,2026-01-23 13:00:00+00:00,48,0.4171254713375035,0.4171254713375035,False,False,0.38779099270536,7.47,-4.4,2026-01-21 19:00:00+00:00,42.0,2026-01-21 22:00:00,2026-01-22T00:00:00+05:00,64aeeedc1ba051e6f0f72eca380caffe55f574bba9b641c5b8575279aa6b0048,gfs_seamless,False
turbine_2,2026-01-23 14:00:00+00:00,48,0.3050424101097355,0.3050424101097355,False,False,0.31350029036004645,6.94,-4.7,2026-01-21 19:00:00+00:00,43.0,2026-01-21 22:00:00,2026-01-22T00:00:00+05:00,64aeeedc1ba051e6f0f72eca380caffe55f574bba9b641c5b8575279aa6b0048,gfs_seamless,False
turbine_2,2026-01-23 15:00:00+00:00,48,0.3181232922792168,0.3181232922792168,False,False,0.38779099270536,7.05,-4.1,2026-01-21 19:00:00+00:00,44.0,2026-01-21 22:00:00,2026-01-22T00:00:00+05:00,64aeeedc1ba051e6f0f72eca380caffe55f574bba9b641c5b8575279aa6b0048,gfs_seamless,False
turbine_2,2026-01-23 16:00:00+00:00,48,0.0978834582838154,0.0978834582838154,False,False,0.14284313725490197,5.44,-4.3,2026-01-21 19:00:00+00:00,45.0,2026-01-21 22:00:00,2026-01-22T00:00:00+05:00,64aeeedc1ba051e6f0f72eca380caffe55f574bba9b641c5b8575279aa6b0048,gfs_seamless,False
turbine_2,2026-01-23 17:00:00+00:00,48,0.06942118023802907,0.06942118023802907,False,False,0.14284313725490197,5.19,-4.9,2026-01-21 19:00:00+00:00,46.0,2026-01-21 22:00:00,2026-01-22T00:00:00+05:00,64aeeedc1ba051e6f0f72eca380caffe55f574bba9b641c5b8575279aa6b0048,gfs_seamless,False
turbine_2,2026-01-23 18:00:00+00:00,48,0.12003198437338897,0.12003198437338897,False,False,0.1883852502662407,5.71,-4.5,2026-01-21 19:00:00+00:00,47.0,2026-01-21 22:00:00,2026-01-22T00:00:00+05:00,64aeeedc1ba051e6f0f72eca380caffe55f574bba9b641c5b8575279aa6b0048,gfs_seamless,False
turbine_2,2026-01-23 19:00:00+00:00,48,0.033415585899406096,0.033415585899406096,False,False,0.1050591985428051,4.52,-6.4,2026-01-21 19:00:00+00:00,48.0,2026-01-21 22:00:00,2026-01-22T00:00:00+05:00,64aeeedc1ba051e6f0f72eca380caffe55f574bba9b641c5b8575279aa6b0048,gfs_seamless,False
turbine_1,2026-01-22 20:00:00+00:00,24,0.9604915617317871,0.9604915617317871,False,False,0.9602693370165746,11.59,-7.1,2026-01-22 19:00:00+00:00,1.0,2026-01-22 22:00:00,2026-01-23T00:00:00+05:00,c69093b72644bd40becbd6d4cec8a0134e74adc006fcce92c53fef5ad0b6405e,gfs_seamless,False
turbine_1,2026-01-22 21:00:00+00:00,24,0.9768151698800206,0.9768151698800206,False,False,0.9378823529411765,11.21,-7.3,2026-01-22 19:00:00+00:00,2.0,2026-01-22 22:00:00,2026-01-23T00:00:00+05:00,c69093b72644bd40becbd6d4cec8a0134e74adc006fcce92c53fef5ad0b6405e,gfs_seamless,False
turbine_1,2026-01-22 22:00:00+00:00,24,0.9547851017686066,0.9547851017686066,False,False,0.9378823529411765,11.13,-6.6,2026-01-22 19:00:00+00:00,3.0,2026-01-22 22:00:00,2026-01-23T00:00:00+05:00,c69093b72644bd40becbd6d4cec8a0134e74adc006fcce92c53fef5ad0b6405e,gfs_seamless,False
turbine_1,2026-01-22 23:00:00+00:00,24,0.6520047111547054,0.6520047111547054,False,False,0.695107125062282,9.02,-5.6,2026-01-22 19:00:00+00:00,4.0,2026-01-22 22:00:00,2026-01-23T00:00:00+05:00,c69093b72644bd40becbd6d4cec8a0134e74adc006fcce92c53fef5ad0b6405e,gfs_seamless,False
turbine_1,2026-01-23 00:00:00+00:00,24,0.23350510664501092,0.23350510664501092,False,False,0.2568453937808777,6.48,-4.9,2026-01-22 19:00:00+00:00,5.0,2026-01-22 22:00:00,2026-01-23T00:00:00+05:00,c69093b72644bd40becbd6d4cec8a0134e74adc006fcce92c53fef5ad0b6405e,gfs_seamless,False
turbine_1,2026-01-23 01:00:00+00:00,24,0.09068743096090678,0.09068743096090678,False,False,0.1488899312070044,5.34,-4.5,2026-01-22 19:00:00+00:00,6.0,2026-01-22 22:00:00,2026-01-23T00:00:00+05:00,c69093b72644bd40becbd6d4cec8a0134e74adc006fcce92c53fef5ad0b6405e,gfs_seamless,False
turbine_1,2026-01-23 02:00:00+00:00,24,0.02678527011025899,0.02678527011025899,False,False,0.05820765027322404,3.93,-4.2,2026-01-22 19:00:00+00:00,7.0,2026-01-22 22:00:00,2026-01-23T00:00:00+05:00,c69093b72644bd40becbd6d4cec8a0134e74adc006fcce92c53fef5ad0b6405e,gfs_seamless,False
turbine_1,2026-01-23 03:00:00+00:00,24,0.008875787902684692,0.008875787902684692,False,False,0.009961072664359862,1.48,-3.9,2026-01-22 19:00:00+00:00,8.0,2026-01-22 22:00:00,2026-01-23T00:00:00+05:00,c69093b72644bd40becbd6d4cec8a0134e74adc006fcce92c53fef5ad0b6405e,gfs_seamless,False
turbine_1,2026-01-23 04:00:00+00:00,24,0.00885343762764132,0.00885343762764132,False,False,0.009989035087719297,0.73,-3.3,2026-01-22 19:00:00+00:00,9.0,2026-01-22 22:00:00,2026-01-23T00:00:00+05:00,c69093b72644bd40becbd6d4cec8a0134e74adc006fcce92c53fef5ad0b6405e,gfs_seamless,False
turbine_1,2026-01-23 05:00:00+00:00,24,0.00885343762764132,0.00885343762764132,False,False,0.01,0.41,-2.7,2026-01-22 19:00:00+00:00,10.0,2026-01-22 22:00:00,2026-01-23T00:00:00+05:00,c69093b72644bd40becbd6d4cec8a0134e74adc006fcce92c53fef5ad0b6405e,gfs_seamless,False
turbine_1,2026-01-23 06:00:00+00:00,24,0.8739596500694542,0.8739596500694542,False,False,0.8304850088183422,10.17,-1.1,2026-01-22 19:00:00+00:00,11.0,2026-01-22 22:00:00,2026-01-23T00:00:00+05:00,c69093b72644bd40becbd6d4cec8a0134e74adc006fcce92c53fef5ad0b6405e,gfs_seamless,False
turbine_1,2026-01-23 07:00:00+00:00,24,0.8151025422458683,0.8151025422458683,False,False,0.7643670576735092,9.8,-0.9,2026-01-22 19:00:00+00:00,12.0,2026-01-22 22:00:00,2026-01-23T00:00:00+05:00,c69093b72644bd40becbd6d4cec8a0134e74adc006fcce92c53fef5ad0b6405e,gfs_seamless,False
turbine_1,2026-01-23 08:00:00+00:00,24,0.6864058244669898,0.6864058244669898,False,False,0.6263250968992249,8.93,-0.9,2026-01-22 19:00:00+00:00,13.0,2026-01-22 22:00:00,2026-01-23T00:00:00+05:00,c69093b72644bd40becbd6d4cec8a0134e74adc006fcce92c53fef5ad0b6405e,gfs_seamless,False
turbine_1,2026-01-23 09:00:00+00:00,24,0.7076683608417218,0.7076683608417218,False,False,0.695107125062282,9.14,-1.7,2026-01-22 19:00:00+00:00,14.0,2026-01-22 22:00:00,2026-01-23T00:00:00+05:00,c69093b72644bd40becbd6d4cec8a0134e74adc006fcce92c53fef5ad0b6405e,gfs_seamless,False
turbine_1,2026-01-23 10:00:00+00:00,24,0.6779725646302985,0.6779725646302985,False,False,0.6263250968992249,8.83,-2.0,2026-01-22 19:00:00+00:00,15.0,2026-01-22 22:00:00,2026-01-23T00:00:00+05:00,c69093b72644bd40becbd6d4cec8a0134e74adc006fcce92c53fef5ad0b6405e,gfs_seamless,False
turbine_1,2026-01-23 11:00:00+00:00,24,0.5636642768326781,0.5636642768326781,False,False,0.5476635145784082,8.32,-2.8,2026-01-22 19:00:00+00:00,16.0,2026-01-22 22:00:00,2026-01-23T00:00:00+05:00,c69093b72644bd40becbd6d4cec8a0134e74adc006fcce92c53fef5ad0b6405e,gfs_seamless,False
turbine_1,2026-01-23 12:00:00+00:00,24,0.5611208792588583,0.5611208792588583,False,False,0.5476635145784082,8.27,-4.1,2026-01-22 19:00:00+00:00,17.0,2026-01-22 22:00:00,2026-01-23T00:00:00+05:00,c69093b72644bd40becbd6d4cec8a0134e74adc006fcce92c53fef5ad0b6405e,gfs_seamless,False
turbine_1,2026-01-23 13:00:00+00:00,24,0.5159709250124478,0.5159709250124478,False,False,0.4755944444444445,7.96,-3.9,2026-01-22 19:00:00+00:00,18.0,2026-01-22 22:00:00,2026-01-23T00:00:00+05:00,c69093b72644bd40becbd6d4cec8a0134e74adc006fcce92c53fef5ad0b6405e,gfs_seamless,False
turbine_1,2026-01-23 14:00:00+00:00,24,0.5660017227195041,0.5660017227195041,False,False,0.5476635145784082,8.18,-3.3,2026-01-22 19:00:00+00:00,19.0,2026-01-22 22:00:00,2026-01-23T00:00:00+05:00,c69093b72644bd40becbd6d4cec8a0134e74adc006fcce92c53fef5ad0b6405e,gfs_seamless,False
turbine_1,2026-01-23 15:00:00+00:00,24,0.5926187105864674,0.5926187105864674,False,False,0.5476635145784082,8.42,-4.3,2026-01-22 19:00:00+00:00,20.0,2026-01-22 22:00:00,2026-01-23T00:00:00+05:00,c69093b72644bd40becbd6d4cec8a0134e74adc006fcce92c53fef5ad0b6405e,gfs_seamless,False
turbine_1,2026-01-23 16:00:00+00:00,24,0.49657204607822375,0.49657204607822375,False,False,0.4755944444444445,7.79,-4.1,2026-01-22 19:00:00+00:00,21.0,2026-01-22 22:00:00,2026-01-23T00:00:00+05:00,c69093b72644bd40becbd6d4cec8a0134e74adc006fcce92c53fef5ad0b6405e,gfs_seamless,False
turbine_1,2026-01-23 17:00:00+00:00,24,0.22336946919945827,0.22336946919945827,False,False,0.2568453937808777,6.3,-4.6,2026-01-22 19:00:00+00:00,22.0,2026-01-22 22:00:00,2026-01-23T00:00:00+05:00,c69093b72644bd40becbd6d4cec8a0134e74adc006fcce92c53fef5ad0b6405e,gfs_seamless,False
turbine_1,2026-01-23 18:00:00+00:00,24,0.06246979067796225,0.06246979067796225,False,False,0.1115932092719556,4.88,-4.7,2026-01-22 19:00:00+00:00,23.0,2026-01-22 22:00:00,2026-01-23T00:00:00+05:00,c69093b72644bd40becbd6d4cec8a0134e74adc006fcce92c53fef5ad0b6405e,gfs_seamless,False
turbine_1,2026-01-23 19:00:00+00:00,24,0.008361946817069463,0.008361946817069463,False,False,0.011034397426379608,1.7,-7.0,2026-01-22 19:00:00+00:00,24.0,2026-01-22 22:00:00,2026-01-23T00:00:00+05:00,c69093b72644bd40becbd6d4cec8a0134e74adc006fcce92c53fef5ad0b6405e,gfs_seamless,False
turbine_1,2026-01-23 20:00:00+00:00,48,0.008940634489814973,0.008940634489814973,False,False,0.009961072664359862,1.17,-8.5,2026-01-22 19:00:00+00:00,25.0,2026-01-22 22:00:00,2026-01-23T00:00:00+05:00,c69093b72644bd40becbd6d4cec8a0134e74adc006fcce92c53fef5ad0b6405e,gfs_seamless,False
turbine_1,2026-01-23 21:00:00+00:00,48,0.01739037513390715,0.01739037513390715,False,False,0.04026063829787234,3.09,-9.3,2026-01-22 19:00:00+00:00,26.0,2026-01-22 22:00:00,2026-01-23T00:00:00+05:00,c69093b72644bd40becbd6d4cec8a0134e74adc006fcce92c53fef5ad0b6405e,gfs_seamless,False
turbine_1,2026-01-23 22:00:00+00:00,48,0.32905932560302564,0.32905932560302564,False,False,0.3981436186892443,7.06,-9.2,2026-01-22 19:00:00+00:00,27.0,2026-01-22 22:00:00,2026-01-23T00:00:00+05:00,c69093b72644bd40becbd6d4cec8a0134e74adc006fcce92c53fef5ad0b6405e,gfs_seamless,False
turbine_1,2026-01-23 23:00:00+00:00,48,0.8004856025779062,0.8004856025779062,False,False,0.695107125062282,9.46,-9.1,2026-01-22 19:00:00+00:00,28.0,2026-01-22 22:00:00,2026-01-23T00:00:00+05:00,c69093b72644bd40becbd6d4cec8a0134e74adc006fcce92c53fef5ad0b6405e,gfs_seamless,False
turbine_1,2026-01-24 00:00:00+00:00,48,0.9032744319949764,0.9032744319949764,False,False,0.8304850088183422,10.39,-9.1,2026-01-22 19:00:00+00:00,29.0,2026-01-22 22:00:00,2026-01-23T00:00:00+05:00,c69093b72644bd40becbd6d4cec8a0134e74adc006fcce92c53fef5ad0b6405e,gfs_seamless,False
turbine_1,2026-01-24 01:00:00+00:00,48,0.9925428548941088,0.9925428548941088,False,False,0.9581862745098039,12.22,-9.1,2026-01-22 19:00:00+00:00,30.0,2026-01-22 22:00:00,2026-01-23T00:00:00+05:00,c69093b72644bd40becbd6d4cec8a0134e74adc006fcce92c53fef5ad0b6405e,gfs_seamless,False
turbine_1,2026-01-24 02:00:00+00:00,48,0.9928473864548479,0.9928473864548479,False,False,0.9581862745098039,12.4,-9.2,2026-01-22 19:00:00+00:00,31.0,2026-01-22 22:00:00,2026-01-23T00:00:00+05:00,c69093b72644bd40becbd6d4cec8a0134e74adc006fcce92c53fef5ad0b6405e,gfs_seamless,False
turbine_1,2026-01-24 03:00:00+00:00,48,0.9987869210474809,0.9983333333333334,True,False,0.9671712538226298,12.75,-8.6,2026-01-22 19:00:00+00:00,32.0,2026-01-22 22:00:00,2026-01-23T00:00:00+05:00,c69093b72644bd40becbd6d4cec8a0134e74adc006fcce92c53fef5ad0b6405e,gfs_seamless,False
turbine_1,2026-01-24 04:00:00+00:00,48,0.9678555190785555,0.9678555190785555,False,False,0.9681453634085212,14.27,-6.4,2026-01-22 19:00:00+00:00,33.0,2026-01-22 22:00:00,2026-01-23T00:00:00+05:00,c69093b72644bd40becbd6d4cec8a0134e74adc006fcce92c53fef5ad0b6405e,gfs_seamless,False
turbine_1,2026-01-24 05:00:00+00:00,48,0.9981553120154958,0.9981553120154958,False,False,0.961047619047619,14.9,-4.2,2026-01-22 19:00:00+00:00,34.0,2026-01-22 22:00:00,2026-01-23T00:00:00+05:00,c69093b72644bd40becbd6d4cec8a0134e74adc006fcce92c53fef5ad0b6405e,gfs_seamless,False
turbine_1,2026-01-24 06:00:00+00:00,48,1.0005714458541681,0.9983333333333334,True,False,0.961047619047619,14.88,-2.9,2026-01-22 19:00:00+00:00,35.0,2026-01-22 22:00:00,2026-01-23T00:00:00+05:00,c69093b72644bd40becbd6d4cec8a0134e74adc006fcce92c53fef5ad0b6405e,gfs_seamless,False
turbine_1,2026-01-24 07:00:00+00:00,48,0.9946935063930399,0.9946935063930399,False,False,0.961047619047619,14.95,-2.1,2026-01-22 19:00:00+00:00,36.0,2026-01-22 22:00:00,2026-01-23T00:00:00+05:00,c69093b72644bd40becbd6d4cec8a0134e74adc006fcce92c53fef5ad0b6405e,gfs_seamless,False
turbine_1,2026-01-24 08:00:00+00:00,48,0.9801993538894603,0.9801993538894603,False,False,0.961047619047619,14.77,-1.7,2026-01-22 19:00:00+00:00,37.0,2026-01-22 22:00:00,2026-01-23T00:00:00+05:00,c69093b72644bd40becbd6d4cec8a0134e74adc006fcce92c53fef5ad0b6405e,gfs_seamless,False
turbine_1,2026-01-24 09:00:00+00:00,48,0.9946935063930399,0.9946935063930399,False,False,0.961047619047619,14.8,-1.8,2026-01-22 19:00:00+00:00,38.0,2026-01-22 22:00:00,2026-01-23T00:00:00+05:00,c69093b72644bd40becbd6d4cec8a0134e74adc006fcce92c53fef5ad0b6405e,gfs_seamless,False
turbine_1,2026-01-24 10:00:00+00:00,48,0.9757068599419862,0.9757068599419862,False,False,0.965644891122278,13.54,-2.5,2026-01-22 19:00:00+00:00,39.0,2026-01-22 22:00:00,2026-01-23T00:00:00+05:00,c69093b72644bd40becbd6d4cec8a0134e74adc006fcce92c53fef5ad0b6405e,gfs_seamless,False
turbine_1,2026-01-24 11:00:00+00:00,48,0.9806814778461568,0.9806814778461568,False,False,0.9602693370165746,11.98,-4.3,2026-01-22 19:00:00+00:00,40.0,2026-01-22 22:00:00,2026-01-23T00:00:00+05:00,c69093b72644bd40becbd6d4cec8a0134e74adc006fcce92c53fef5ad0b6405e,gfs_seamless,False
turbine_1,2026-01-24 12:00:00+00:00,48,0.9525797126039606,0.9525797126039606,False,False,0.9378823529411765,11.22,-6.5,2026-01-22 19:00:00+00:00,41.0,2026-01-22 22:00:00,2026-01-23T00:00:00+05:00,c69093b72644bd40becbd6d4cec8a0134e74adc006fcce92c53fef5ad0b6405e,gfs_seamless,False
turbine_1,2026-01-24 13:00:00+00:00,48,0.9558089312458279,0.9558089312458279,False,False,0.8932178217821782,10.96,-7.5,2026-01-22 19:00:00+00:00,42.0,2026-01-22 22:00:00,2026-01-23T00:00:00+05:00,c69093b72644bd40becbd6d4cec8a0134e74adc006fcce92c53fef5ad0b6405e,gfs_seamless,False
turbine_1,2026-01-24 14:00:00+00:00,48,0.9768151698800206,0.9768151698800206,False,False,0.9378823529411765,11.14,-7.8,2026-01-22 19:00:00+00:00,43.0,2026-01-22 22:00:00,2026-01-23T00:00:00+05:00,c69093b72644bd40becbd6d4cec8a0134e74adc006fcce92c53fef5ad0b6405e,gfs_seamless,False
turbine_1,2026-01-24 15:00:00+00:00,48,0.8857722710182206,0.8857722710182206,False,False,0.8304850088183422,10.48,-7.7,2026-01-22 19:00:00+00:00,44.0,2026-01-22 22:00:00,2026-01-23T00:00:00+05:00,c69093b72644bd40becbd6d4cec8a0134e74adc006fcce92c53fef5ad0b6405e,gfs_seamless,False
turbine_1,2026-01-24 16:00:00+00:00,48,0.9712644371746183,0.9712644371746183,False,False,0.9378823529411765,11.02,-7.7,2026-01-22 19:00:00+00:00,45.0,2026-01-22 22:00:00,2026-01-23T00:00:00+05:00,c69093b72644bd40becbd6d4cec8a0134e74adc006fcce92c53fef5ad0b6405e,gfs_seamless,False
turbine_1,2026-01-24 17:00:00+00:00,48,0.9068251214308635,0.9068251214308635,False,False,0.8932178217821782,10.55,-7.3,2026-01-22 19:00:00+00:00,46.0,2026-01-22 22:00:00,2026-01-23T00:00:00+05:00,c69093b72644bd40becbd6d4cec8a0134e74adc006fcce92c53fef5ad0b6405e,gfs_seamless,False
turbine_1,2026-01-24 18:00:00+00:00,48,0.8638843387326213,0.8638843387326213,False,False,0.8932178217821782,10.65,-6.9,2026-01-22 19:00:00+00:00,47.0,2026-01-22 22:00:00,2026-01-23T00:00:00+05:00,c69093b72644bd40becbd6d4cec8a0134e74adc006fcce92c53fef5ad0b6405e,gfs_seamless,False
turbine_1,2026-01-24 19:00:00+00:00,48,0.8522198513508842,0.8522198513508842,False,False,0.8304850088183422,10.16,-6.2,2026-01-22 19:00:00+00:00,48.0,2026-01-22 22:00:00,2026-01-23T00:00:00+05:00,c69093b72644bd40becbd6d4cec8a0134e74adc006fcce92c53fef5ad0b6405e,gfs_seamless,False
turbine_2,2026-01-22 20:00:00+00:00,24,0.9374235223813675,0.9374235223813675,False,False,0.9522897800776197,11.59,-7.1,2026-01-22 19:00:00+00:00,1.0,2026-01-22 22:00:00,2026-01-23T00:00:00+05:00,7553fed413e30a3b64372ebdf4f1465419035c476bf003a4342b59b88bcb97fd,gfs_seamless,False
turbine_2,2026-01-22 21:00:00+00:00,24,0.8957968562089335,0.8957968562089335,False,False,0.9253202160493827,11.21,-7.3,2026-01-22 19:00:00+00:00,2.0,2026-01-22 22:00:00,2026-01-23T00:00:00+05:00,7553fed413e30a3b64372ebdf4f1465419035c476bf003a4342b59b88bcb97fd,gfs_seamless,False
turbine_2,2026-01-22 22:00:00+00:00,24,0.8677368126348262,0.8677368126348262,False,False,0.9253202160493827,11.13,-6.6,2026-01-22 19:00:00+00:00,3.0,2026-01-22 22:00:00,2026-01-23T00:00:00+05:00,7553fed413e30a3b64372ebdf4f1465419035c476bf003a4342b59b88bcb97fd,gfs_seamless,False
turbine_2,2026-01-22 23:00:00+00:00,24,0.6775042882935292,0.6775042882935292,False,False,0.6748559962228518,9.02,-5.6,2026-01-22 19:00:00+00:00,4.0,2026-01-22 22:00:00,2026-01-23T00:00:00+05:00,7553fed413e30a3b64372ebdf4f1465419035c476bf003a4342b59b88bcb97fd,gfs_seamless,False
turbine_2,2026-01-23 00:00:00+00:00,24,0.21387430741800945,0.21387430741800945,False,False,0.2464508493455862,6.48,-4.9,2026-01-22 19:00:00+00:00,5.0,2026-01-22 22:00:00,2026-01-23T00:00:00+05:00,7553fed413e30a3b64372ebdf4f1465419035c476bf003a4342b59b88bcb97fd,gfs_seamless,False
turbine_2,2026-01-23 01:00:00+00:00,24,0.07950114600068875,0.07950114600068875,False,False,0.14284810126582279,5.34,-4.5,2026-01-22 19:00:00+00:00,6.0,2026-01-22 22:00:00,2026-01-23T00:00:00+05:00,7553fed413e30a3b64372ebdf4f1465419035c476bf003a4342b59b88bcb97fd,gfs_seamless,False
turbine_2,2026-01-23 02:00:00+00:00,24,0.02046752567607758,0.02046752567607758,False,False,0.05545265348595213,3.93,-4.2,2026-01-22 19:00:00+00:00,7.0,2026-01-22 22:00:00,2026-01-23T00:00:00+05:00,7553fed413e30a3b64372ebdf4f1465419035c476bf003a4342b59b88bcb97fd,gfs_seamless,False
turbine_2,2026-01-23 03:00:00+00:00,24,0.007876684720416813,0.007876684720416813,False,False,0.009708818635607321,1.48,-3.9,2026-01-22 19:00:00+00:00,8.0,2026-01-22 22:00:00,2026-01-23T00:00:00+05:00,7553fed413e30a3b64372ebdf4f1465419035c476bf003a4342b59b88bcb97fd,gfs_seamless,False
turbine_2,2026-01-23 04:00:00+00:00,24,0.008716027838307109,0.008716027838307109,False,False,0.009931087289433385,0.73,-3.3,2026-01-22 19:00:00+00:00,9.0,2026-01-22 22:00:00,2026-01-23T00:00:00+05:00,7553fed413e30a3b64372ebdf4f1465419035c476bf003a4342b59b88bcb97fd,gfs_seamless,False
turbine_2,2026-01-23 05:00:00+00:00,24,0.008827467059885675,0.008827467059885675,False,False,0.01,0.41,-2.7,2026-01-22 19:00:00+00:00,10.0,2026-01-22 22:00:00,2026-01-23T00:00:00+05:00,7553fed413e30a3b64372ebdf4f1465419035c476bf003a4342b59b88bcb97fd,gfs_seamless,False
turbine_2,2026-01-23 06:00:00+00:00,24,0.849818296488601,0.849818296488601,False,False,0.8245199275362319,10.17,-1.1,2026-01-22 19:00:00+00:00,11.0,2026-01-22 22:00:00,2026-01-23T00:00:00+05:00,7553fed413e30a3b64372ebdf4f1465419035c476bf003a4342b59b88bcb97fd,gfs_seamless,False
turbine_2,2026-01-23 07:00:00+00:00,24,0.7895422021877587,0.7895422021877587,False,False,0.7530372001957906,9.8,-0.9,2026-01-22 19:00:00+00:00,12.0,2026-01-22 22:00:00,2026-01-23T00:00:00+05:00,7553fed413e30a3b64372ebdf4f1465419035c476bf003a4342b59b88bcb97fd,gfs_seamless,False
turbine_2,2026-01-23 08:00:00+00:00,24,0.6499959721306815,0.6499959721306815,False,False,0.6158074673864148,8.93,-0.9,2026-01-22 19:00:00+00:00,13.0,2026-01-22 22:00:00,2026-01-23T00:00:00+05:00,7553fed413e30a3b64372ebdf4f1465419035c476bf003a4342b59b88bcb97fd,gfs_seamless,False
turbine_2,2026-01-23 09:00:00+00:00,24,0.6839713361708767,0.6839713361708767,False,False,0.6748559962228518,9.14,-1.7,2026-01-22 19:00:00+00:00,14.0,2026-01-22 22:00:00,2026-01-23T00:00:00+05:00,7553fed413e30a3b64372ebdf4f1465419035c476bf003a4342b59b88bcb97fd,gfs_seamless,False
turbine_2,2026-01-23 10:00:00+00:00,24,0.6077419229462167,0.6077419229462167,False,False,0.6158074673864148,8.83,-2.0,2026-01-22 19:00:00+00:00,15.0,2026-01-22 22:00:00,2026-01-23T00:00:00+05:00,7553fed413e30a3b64372ebdf4f1465419035c476bf003a4342b59b88bcb97fd,gfs_seamless,False
turbine_2,2026-01-23 11:00:00+00:00,24,0.5491425639674923,0.5491425639674923,False,False,0.5336076732673267,8.32,-2.8,2026-01-22 19:00:00+00:00,16.0,2026-01-22 22:00:00,2026-01-23T00:00:00+05:00,7553fed413e30a3b64372ebdf4f1465419035c476bf003a4342b59b88bcb97fd,gfs_seamless,False
turbine_2,2026-01-23 12:00:00+00:00,24,0.5428662340171855,0.5428662340171855,False,False,0.5336076732673267,8.27,-4.1,2026-01-22 19:00:00+00:00,17.0,2026-01-22 22:00:00,2026-01-23T00:00:00+05:00,7553fed413e30a3b64372ebdf4f1465419035c476bf003a4342b59b88bcb97fd,gfs_seamless,False
turbine_2,2026-01-23 13:00:00+00:00,24,0.46878478997302253,0.46878478997302253,False,False,0.45984895833333334,7.96,-3.9,2026-01-22 19:00:00+00:00,18.0,2026-01-22 22:00:00,2026-01-23T00:00:00+05:00,7553fed413e30a3b64372ebdf4f1465419035c476bf003a4342b59b88bcb97fd,gfs_seamless,False
turbine_2,2026-01-23 14:00:00+00:00,24,0.5090423354602303,0.5090423354602303,False,False,0.5336076732673267,8.18,-3.3,2026-01-22 19:00:00+00:00,19.0,2026-01-22 22:00:00,2026-01-23T00:00:00+05:00,7553fed413e30a3b64372ebdf4f1465419035c476bf003a4342b59b88bcb97fd,gfs_seamless,False
turbine_2,2026-01-23 15:00:00+00:00,24,0.5571136139047398,0.5571136139047398,False,False,0.5336076732673267,8.42,-4.3,2026-01-22 19:00:00+00:00,20.0,2026-01-22 22:00:00,2026-01-23T00:00:00+05:00,7553fed413e30a3b64372ebdf4f1465419035c476bf003a4342b59b88bcb97fd,gfs_seamless,False
turbine_2,2026-01-23 16:00:00+00:00,24,0.4449120290723323,0.4449120290723323,False,False,0.45984895833333334,7.79,-4.1,2026-01-22 19:00:00+00:00,21.0,2026-01-22 22:00:00,2026-01-23T00:00:00+05:00,7553fed413e30a3b64372ebdf4f1465419035c476bf003a4342b59b88bcb97fd,gfs_seamless,False
turbine_2,2026-01-23 17:00:00+00:00,24,0.2122413097045817,0.2122413097045817,False,False,0.2464508493455862,6.3,-4.6,2026-01-22 19:00:00+00:00,22.0,2026-01-22 22:00:00,2026-01-23T00:00:00+05:00,7553fed413e30a3b64372ebdf4f1465419035c476bf003a4342b59b88bcb97fd,gfs_seamless,False
turbine_2,2026-01-23 18:00:00+00:00,24,0.05066512952937539,0.05066512952937539,False,False,0.1050591985428051,4.88,-4.7,2026-01-22 19:00:00+00:00,23.0,2026-01-22 22:00:00,2026-01-23T00:00:00+05:00,7553fed413e30a3b64372ebdf4f1465419035c476bf003a4342b59b88bcb97fd,gfs_seamless,False
turbine_2,2026-01-23 19:00:00+00:00,24,0.008106144038182848,0.008106144038182848,False,False,0.010129589632829374,1.7,-7.0,2026-01-22 19:00:00+00:00,24.0,2026-01-22 22:00:00,2026-01-23T00:00:00+05:00,7553fed413e30a3b64372ebdf4f1465419035c476bf003a4342b59b88bcb97fd,gfs_seamless,False
turbine_2,2026-01-23 20:00:00+00:00,48,0.008707682182600289,0.008707682182600289,False,False,0.009708818635607321,1.17,-8.5,2026-01-22 19:00:00+00:00,25.0,2026-01-22 22:00:00,2026-01-23T00:00:00+05:00,7553fed413e30a3b64372ebdf4f1465419035c476bf003a4342b59b88bcb97fd,gfs_seamless,False
turbine_2,2026-01-23 21:00:00+00:00,48,0.013272773631778943,0.013272773631778943,False,False,0.037194926140012845,3.09,-9.3,2026-01-22 19:00:00+00:00,26.0,2026-01-22 22:00:00,2026-01-23T00:00:00+05:00,7553fed413e30a3b64372ebdf4f1465419035c476bf003a4342b59b88bcb97fd,gfs_seamless,False
turbine_2,2026-01-23 22:00:00+00:00,48,0.33742853444503884,0.33742853444503884,False,False,0.3876976597090449,7.06,-9.2,2026-01-22 19:00:00+00:00,27.0,2026-01-22 22:00:00,2026-01-23T00:00:00+05:00,7553fed413e30a3b64372ebdf4f1465419035c476bf003a4342b59b88bcb97fd,gfs_seamless,False
turbine_2,2026-01-23 23:00:00+00:00,48,0.7226033327726127,0.7226033327726127,False,False,0.6748559962228518,9.46,-9.1,2026-01-22 19:00:00+00:00,28.0,2026-01-22 22:00:00,2026-01-23T00:00:00+05:00,7553fed413e30a3b64372ebdf4f1465419035c476bf003a4342b59b88bcb97fd,gfs_seamless,False
turbine_2,2026-01-24 00:00:00+00:00,48,0.8983343585107632,0.8983343585107632,False,False,0.8245199275362319,10.39,-9.1,2026-01-22 19:00:00+00:00,29.0,2026-01-22 22:00:00,2026-01-23T00:00:00+05:00,7553fed413e30a3b64372ebdf4f1465419035c476bf003a4342b59b88bcb97fd,gfs_seamless,False
turbine_2,2026-01-24 01:00:00+00:00,48,0.9931126129922194,0.9931126129922194,False,False,0.9572820512820512,12.22,-9.1,2026-01-22 19:00:00+00:00,30.0,2026-01-22 22:00:00,2026-01-23T00:00:00+05:00,7553fed413e30a3b64372ebdf4f1465419035c476bf003a4342b59b88bcb97fd,gfs_seamless,False
turbine_2,2026-01-24 02:00:00+00:00,48,0.9971301908674615,0.995,True,False,0.9572820512820512,12.4,-9.2,2026-01-22 19:00:00+00:00,31.0,2026-01-22 22:00:00,2026-01-23T00:00:00+05:00,7553fed413e30a3b64372ebdf4f1465419035c476bf003a4342b59b88bcb97fd,gfs_seamless,False
turbine_2,2026-01-24 03:00:00+00:00,48,0.998847813619019,0.995,True,False,0.9630792682926829,12.75,-8.6,2026-01-22 19:00:00+00:00,32.0,2026-01-22 22:00:00,2026-01-23T00:00:00+05:00,7553fed413e30a3b64372ebdf4f1465419035c476bf003a4342b59b88bcb97fd,gfs_seamless,False
turbine_2,2026-01-24 04:00:00+00:00,48,0.8912868076939077,0.8912868076939077,False,False,0.9600239808153477,14.27,-6.4,2026-01-22 19:00:00+00:00,33.0,2026-01-22 22:00:00,2026-01-23T00:00:00+05:00,7553fed413e30a3b64372ebdf4f1465419035c476bf003a4342b59b88bcb97fd,gfs_seamless,False
turbine_2,2026-01-24 05:00:00+00:00,48,0.9704233604051075,0.9704233604051075,False,False,0.9623423423423424,14.9,-4.2,2026-01-22 19:00:00+00:00,34.0,2026-01-22 22:00:00,2026-01-23T00:00:00+05:00,7553fed413e30a3b64372ebdf4f1465419035c476bf003a4342b59b88bcb97fd,gfs_seamless,False
turbine_2,2026-01-24 06:00:00+00:00,48,0.9414643483763246,0.9414643483763246,False,False,0.9623423423423424,14.88,-2.9,2026-01-22 19:00:00+00:00,35.0,2026-01-22 22:00:00,2026-01-23T00:00:00+05:00,7553fed413e30a3b64372ebdf4f1465419035c476bf003a4342b59b88bcb97fd,gfs_seamless,False
turbine_2,2026-01-24 07:00:00+00:00,48,0.9743675867114101,0.9743675867114101,False,False,0.9623423423423424,14.95,-2.1,2026-01-22 19:00:00+00:00,36.0,2026-01-22 22:00:00,2026-01-23T00:00:00+05:00,7553fed413e30a3b64372ebdf4f1465419035c476bf003a4342b59b88bcb97fd,gfs_seamless,False
turbine_2,2026-01-24 08:00:00+00:00,48,0.9323972150630744,0.9323972150630744,False,False,0.9623423423423424,14.77,-1.7,2026-01-22 19:00:00+00:00,37.0,2026-01-22 22:00:00,2026-01-23T00:00:00+05:00,7553fed413e30a3b64372ebdf4f1465419035c476bf003a4342b59b88bcb97fd,gfs_seamless,False
turbine_2,2026-01-24 09:00:00+00:00,48,0.9404298766821398,0.9404298766821398,False,False,0.9623423423423424,14.8,-1.8,2026-01-22 19:00:00+00:00,38.0,2026-01-22 22:00:00,2026-01-23T00:00:00+05:00,7553fed413e30a3b64372ebdf4f1465419035c476bf003a4342b59b88bcb97fd,gfs_seamless,False
turbine_2,2026-01-24 10:00:00+00:00,48,0.9888050513419298,0.9888050513419298,False,False,0.9610872675250358,13.54,-2.5,2026-01-22 19:00:00+00:00,39.0,2026-01-22 22:00:00,2026-01-23T00:00:00+05:00,7553fed413e30a3b64372ebdf4f1465419035c476bf003a4342b59b88bcb97fd,gfs_seamless,False
turbine_2,2026-01-24 11:00:00+00:00,48,0.9751123424564234,0.9751123424564234,False,False,0.9522897800776197,11.98,-4.3,2026-01-22 19:00:00+00:00,40.0,2026-01-22 22:00:00,2026-01-23T00:00:00+05:00,7553fed413e30a3b64372ebdf4f1465419035c476bf003a4342b59b88bcb97fd,gfs_seamless,False
turbine_2,2026-01-24 12:00:00+00:00,48,0.8946520603853743,0.8946520603853743,False,False,0.9253202160493827,11.22,-6.5,2026-01-22 19:00:00+00:00,41.0,2026-01-22 22:00:00,2026-01-23T00:00:00+05:00,7553fed413e30a3b64372ebdf4f1465419035c476bf003a4342b59b88bcb97fd,gfs_seamless,False
turbine_2,2026-01-24 13:00:00+00:00,48,0.8852992552033127,0.8852992552033127,False,False,0.8849388004895961,10.96,-7.5,2026-01-22 19:00:00+00:00,42.0,2026-01-22 22:00:00,2026-01-23T00:00:00+05:00,7553fed413e30a3b64372ebdf4f1465419035c476bf003a4342b59b88bcb97fd,gfs_seamless,False
turbine_2,2026-01-24 14:00:00+00:00,48,0.8878903076855297,0.8878903076855297,False,False,0.9253202160493827,11.14,-7.8,2026-01-22 19:00:00+00:00,43.0,2026-01-22 22:00:00,2026-01-23T00:00:00+05:00,7553fed413e30a3b64372ebdf4f1465419035c476bf003a4342b59b88bcb97fd,gfs_seamless,False
turbine_2,2026-01-24 15:00:00+00:00,48,0.808349271445462,0.808349271445462,False,False,0.8245199275362319,10.48,-7.7,2026-01-22 19:00:00+00:00,44.0,2026-01-22 22:00:00,2026-01-23T00:00:00+05:00,7553fed413e30a3b64372ebdf4f1465419035c476bf003a4342b59b88bcb97fd,gfs_seamless,False
turbine_2,2026-01-24 16:00:00+00:00,48,0.88608214097548,0.88608214097548,False,False,0.9253202160493827,11.02,-7.7,2026-01-22 19:00:00+00:00,45.0,2026-01-22 22:00:00,2026-01-23T00:00:00+05:00,7553fed413e30a3b64372ebdf4f1465419035c476bf003a4342b59b88bcb97fd,gfs_seamless,False
turbine_2,2026-01-24 17:00:00+00:00,48,0.8079491046705441,0.8079491046705441,False,False,0.8849388004895961,10.55,-7.3,2026-01-22 19:00:00+00:00,46.0,2026-01-22 22:00:00,2026-01-23T00:00:00+05:00,7553fed413e30a3b64372ebdf4f1465419035c476bf003a4342b59b88bcb97fd,gfs_seamless,False
turbine_2,2026-01-24 18:00:00+00:00,48,0.8150946725482032,0.8150946725482032,False,False,0.8849388004895961,10.65,-6.9,2026-01-22 19:00:00+00:00,47.0,2026-01-22 22:00:00,2026-01-23T00:00:00+05:00,7553fed413e30a3b64372ebdf4f1465419035c476bf003a4342b59b88bcb97fd,gfs_seamless,False
turbine_2,2026-01-24 19:00:00+00:00,48,0.8244309225159291,0.8244309225159291,False,False,0.8245199275362319,10.16,-6.2,2026-01-22 19:00:00+00:00,48.0,2026-01-22 22:00:00,2026-01-23T00:00:00+05:00,7553fed413e30a3b64372ebdf4f1465419035c476bf003a4342b59b88bcb97fd,gfs_seamless,False
turbine_1,2026-01-23 20:00:00+00:00,24,0.010073957902740634,0.010073957902740634,False,False,0.016040532365396248,2.42,-8.8,2026-01-23 19:00:00+00:00,1.0,2026-01-23 22:00:00,2026-01-24T00:00:00+05:00,405f66dcf83af74516118ddaadc3265be58b8b35391ef53ad176523b44a1d982,gfs_seamless,False
turbine_1,2026-01-23 21:00:00+00:00,24,0.06809485562123635,0.06809485562123635,False,False,0.1488899312070044,5.32,-8.9,2026-01-23 19:00:00+00:00,2.0,2026-01-23 22:00:00,2026-01-24T00:00:00+05:00,405f66dcf83af74516118ddaadc3265be58b8b35391ef53ad176523b44a1d982,gfs_seamless,False
turbine_1,2026-01-23 22:00:00+00:00,24,0.46032906967669796,0.46032906967669796,False,False,0.47549464747139164,7.71,-9.0,2026-01-23 19:00:00+00:00,3.0,2026-01-23 22:00:00,2026-01-24T00:00:00+05:00,405f66dcf83af74516118ddaadc3265be58b8b35391ef53ad176523b44a1d982,gfs_seamless,False
turbine_1,2026-01-23 23:00:00+00:00,24,0.816239788631299,0.816239788631299,False,False,0.7645687134502924,9.63,-8.9,2026-01-23 19:00:00+00:00,4.0,2026-01-23 22:00:00,2026-01-24T00:00:00+05:00,405f66dcf83af74516118ddaadc3265be58b8b35391ef53ad176523b44a1d982,gfs_seamless,False
turbine_1,2026-01-24 00:00:00+00:00,24,0.897736013199391,0.897736013199391,False,False,0.830583443416997,10.2,-9.2,2026-01-23 19:00:00+00:00,5.0,2026-01-23 22:00:00,2026-01-24T00:00:00+05:00,405f66dcf83af74516118ddaadc3265be58b8b35391ef53ad176523b44a1d982,gfs_seamless,False
turbine_1,2026-01-24 01:00:00+00:00,24,0.9147409049741042,0.9147409049741042,False,False,0.8932178217821782,10.61,-9.4,2026-01-23 19:00:00+00:00,6.0,2026-01-23 22:00:00,2026-01-24T00:00:00+05:00,405f66dcf83af74516118ddaadc3265be58b8b35391ef53ad176523b44a1d982,gfs_seamless,False
turbine_1,2026-01-24 02:00:00+00:00,24,0.9865663481894085,0.9865663481894085,False,False,0.9603103448275863,11.76,-9.4,2026-01-23 19:00:00+00:00,7.0,2026-01-23 22:00:00,2026-01-24T00:00:00+05:00,405f66dcf83af74516118ddaadc3265be58b8b35391ef53ad176523b44a1d982,gfs_seamless,False
turbine_1,2026-01-24 03:00:00+00:00,24,0.9584333996791299,0.9584333996791299,False,False,0.9672234935163996,12.7,-8.6,2026-01-23 19:00:00+00:00,8.0,2026-01-23 22:00:00,2026-01-24T00:00:00+05:00,405f66dcf83af74516118ddaadc3265be58b8b35391ef53ad176523b44a1d982,gfs_seamless,False
turbine_1,2026-01-24 04:00:00+00:00,24,0.9900097273608155,0.9900097273608155,False,False,0.9770314253647585,13.1,-6.3,2026-01-23 19:00:00+00:00,9.0,2026-01-23 22:00:00,2026-01-24T00:00:00+05:00,405f66dcf83af74516118ddaadc3265be58b8b35391ef53ad176523b44a1d982,gfs_seamless,False
turbine_1,2026-01-24 05:00:00+00:00,24,0.9643324600471694,0.9643324600471694,False,False,0.9681453634085212,14.18,-4.2,2026-01-23 19:00:00+00:00,10.0,2026-01-23 22:00:00,2026-01-24T00:00:00+05:00,405f66dcf83af74516118ddaadc3265be58b8b35391ef53ad176523b44a1d982,gfs_seamless,False
turbine_1,2026-01-24 06:00:00+00:00,24,0.9871383991222502,0.9871383991222502,False,False,0.9681453634085212,14.4,-3.0,2026-01-23 19:00:00+00:00,11.0,2026-01-23 22:00:00,2026-01-24T00:00:00+05:00,405f66dcf83af74516118ddaadc3265be58b8b35391ef53ad176523b44a1d982,gfs_seamless,False
turbine_1,2026-01-24 07:00:00+00:00,24,1.0010350004433104,0.9983333333333334,True,False,0.9650781249999999,15.1,-2.2,2026-01-23 19:00:00+00:00,12.0,2026-01-23 22:00:00,2026-01-24T00:00:00+05:00,405f66dcf83af74516118ddaadc3265be58b8b35391ef53ad176523b44a1d982,gfs_seamless,False
turbine_1,2026-01-24 08:00:00+00:00,24,0.9905438755357249,0.9905438755357249,False,False,0.9681453634085212,14.42,-1.9,2026-01-23 19:00:00+00:00,13.0,2026-01-23 22:00:00,2026-01-24T00:00:00+05:00,405f66dcf83af74516118ddaadc3265be58b8b35391ef53ad176523b44a1d982,gfs_seamless,False
turbine_1,2026-01-24 09:00:00+00:00,24,0.9548101366786835,0.9548101366786835,False,False,0.9681453634085212,14.14,-2.1,2026-01-23 19:00:00+00:00,14.0,2026-01-23 22:00:00,2026-01-24T00:00:00+05:00,405f66dcf83af74516118ddaadc3265be58b8b35391ef53ad176523b44a1d982,gfs_seamless,False
turbine_1,2026-01-24 10:00:00+00:00,24,0.976013808976537,0.976013808976537,False,False,0.965644891122278,13.83,-2.7,2026-01-23 19:00:00+00:00,15.0,2026-01-23 22:00:00,2026-01-24T00:00:00+05:00,405f66dcf83af74516118ddaadc3265be58b8b35391ef53ad176523b44a1d982,gfs_seamless,False
turbine_1,2026-01-24 11:00:00+00:00,24,0.9964241119410383,0.9964241119410383,False,False,0.9672234935163996,12.88,-4.4,2026-01-23 19:00:00+00:00,16.0,2026-01-23 22:00:00,2026-01-24T00:00:00+05:00,405f66dcf83af74516118ddaadc3265be58b8b35391ef53ad176523b44a1d982,gfs_seamless,False
turbine_1,2026-01-24 12:00:00+00:00,24,0.9438480690282844,0.9438480690282844,False,False,0.9380095610604084,11.25,-6.8,2026-01-23 19:00:00+00:00,17.0,2026-01-23 22:00:00,2026-01-24T00:00:00+05:00,405f66dcf83af74516118ddaadc3265be58b8b35391ef53ad176523b44a1d982,gfs_seamless,False
turbine_1,2026-01-24 13:00:00+00:00,24,0.9473214674985388,0.9473214674985388,False,False,0.8932178217821782,10.94,-7.8,2026-01-23 19:00:00+00:00,18.0,2026-01-23 22:00:00,2026-01-24T00:00:00+05:00,405f66dcf83af74516118ddaadc3265be58b8b35391ef53ad176523b44a1d982,gfs_seamless,False
turbine_1,2026-01-24 14:00:00+00:00,24,0.9664608396153198,0.9664608396153198,False,False,0.9380095610604084,11.03,-7.6,2026-01-23 19:00:00+00:00,19.0,2026-01-23 22:00:00,2026-01-24T00:00:00+05:00,405f66dcf83af74516118ddaadc3265be58b8b35391ef53ad176523b44a1d982,gfs_seamless,False
turbine_1,2026-01-24 15:00:00+00:00,24,0.9777414853056959,0.9777414853056959,False,False,0.9581862745098039,12.3,-7.4,2026-01-23 19:00:00+00:00,20.0,2026-01-23 22:00:00,2026-01-24T00:00:00+05:00,405f66dcf83af74516118ddaadc3265be58b8b35391ef53ad176523b44a1d982,gfs_seamless,False
turbine_1,2026-01-24 16:00:00+00:00,24,0.9702997428577368,0.9702997428577368,False,False,0.9581862745098039,12.01,-6.9,2026-01-23 19:00:00+00:00,21.0,2026-01-23 22:00:00,2026-01-24T00:00:00+05:00,405f66dcf83af74516118ddaadc3265be58b8b35391ef53ad176523b44a1d982,gfs_seamless,False
turbine_1,2026-01-24 17:00:00+00:00,24,0.9629731356212636,0.9629731356212636,False,False,0.9603103448275863,11.68,-7.0,2026-01-23 19:00:00+00:00,22.0,2026-01-23 22:00:00,2026-01-24T00:00:00+05:00,405f66dcf83af74516118ddaadc3265be58b8b35391ef53ad176523b44a1d982,gfs_seamless,False
turbine_1,2026-01-24 18:00:00+00:00,24,0.8565278833730118,0.8565278833730118,False,False,0.830583443416997,10.12,-6.3,2026-01-23 19:00:00+00:00,23.0,2026-01-23 22:00:00,2026-01-24T00:00:00+05:00,405f66dcf83af74516118ddaadc3265be58b8b35391ef53ad176523b44a1d982,gfs_seamless,False
turbine_1,2026-01-24 19:00:00+00:00,24,0.7889757746715048,0.7889757746715048,False,False,0.7645687134502924,9.71,-6.2,2026-01-23 19:00:00+00:00,24.0,2026-01-23 22:00:00,2026-01-24T00:00:00+05:00,405f66dcf83af74516118ddaadc3265be58b8b35391ef53ad176523b44a1d982,gfs_seamless,False
turbine_1,2026-01-24 20:00:00+00:00,48,0.8775304903280609,0.8775304903280609,False,False,0.8932178217821782,10.56,-5.1,2026-01-23 19:00:00+00:00,25.0,2026-01-23 22:00:00,2026-01-24T00:00:00+05:00,405f66dcf83af74516118ddaadc3265be58b8b35391ef53ad176523b44a1d982,gfs_seamless,False
turbine_1,2026-01-24 21:00:00+00:00,48,0.9707460163342632,0.9707460163342632,False,False,0.9380095610604084,11.22,-5.2,2026-01-23 19:00:00+00:00,26.0,2026-01-23 22:00:00,2026-01-24T00:00:00+05:00,405f66dcf83af74516118ddaadc3265be58b8b35391ef53ad176523b44a1d982,gfs_seamless,False
turbine_1,2026-01-24 22:00:00+00:00,48,0.9845698243780058,0.9845698243780058,False,False,0.9603103448275863,11.65,-5.0,2026-01-23 19:00:00+00:00,27.0,2026-01-23 22:00:00,2026-01-24T00:00:00+05:00,405f66dcf83af74516118ddaadc3265be58b8b35391ef53ad176523b44a1d982,gfs_seamless,False
turbine_1,2026-01-24 23:00:00+00:00,48,0.9845698243780058,0.9845698243780058,False,False,0.9603103448275863,11.66,-5.1,2026-01-23 19:00:00+00:00,28.0,2026-01-23 22:00:00,2026-01-24T00:00:00+05:00,405f66dcf83af74516118ddaadc3265be58b8b35391ef53ad176523b44a1d982,gfs_seamless,False
turbine_1,2026-01-25 00:00:00+00:00,48,0.9852466245521379,0.9852466245521379,False,False,0.9581862745098039,12.04,-5.5,2026-01-23 19:00:00+00:00,29.0,2026-01-23 22:00:00,2026-01-24T00:00:00+05:00,405f66dcf83af74516118ddaadc3265be58b8b35391ef53ad176523b44a1d982,gfs_seamless,False
turbine_1,2026-01-25 01:00:00+00:00,48,0.9692506285751054,0.9692506285751054,False,False,0.9380095610604084,11.13,-5.6,2026-01-23 19:00:00+00:00,30.0,2026-01-23 22:00:00,2026-01-24T00:00:00+05:00,405f66dcf83af74516118ddaadc3265be58b8b35391ef53ad176523b44a1d982,gfs_seamless,False
turbine_1,2026-01-25 02:00:00+00:00,48,0.522577014703789,0.522577014703789,False,False,0.5475825471698114,8.06,-6.4,2026-01-23 19:00:00+00:00,31.0,2026-01-23 22:00:00,2026-01-24T00:00:00+05:00,405f66dcf83af74516118ddaadc3265be58b8b35391ef53ad176523b44a1d982,gfs_seamless,False
turbine_1,2026-01-25 03:00:00+00:00,48,0.07927035673972975,0.07927035673972975,False,False,0.1488899312070044,5.19,-7.1,2026-01-23 19:00:00+00:00,32.0,2026-01-23 22:00:00,2026-01-24T00:00:00+05:00,405f66dcf83af74516118ddaadc3265be58b8b35391ef53ad176523b44a1d982,gfs_seamless,False
turbine_1,2026-01-25 04:00:00+00:00,48,0.0137764651429351,0.0137764651429351,False,False,0.025270935960591136,2.8,-5.3,2026-01-23 19:00:00+00:00,33.0,2026-01-23 22:00:00,2026-01-24T00:00:00+05:00,405f66dcf83af74516118ddaadc3265be58b8b35391ef53ad176523b44a1d982,gfs_seamless,False
turbine_1,2026-01-25 05:00:00+00:00,48,0.009746799198585992,0.009746799198585992,False,False,0.016040532365396248,2.42,-4.5,2026-01-23 19:00:00+00:00,34.0,2026-01-23 22:00:00,2026-01-24T00:00:00+05:00,405f66dcf83af74516118ddaadc3265be58b8b35391ef53ad176523b44a1d982,gfs_seamless,False
turbine_1,2026-01-25 06:00:00+00:00,48,0.019894815761667267,0.019894815761667267,False,False,0.04024264966347857,3.32,-3.5,2026-01-23 19:00:00+00:00,35.0,2026-01-23 22:00:00,2026-01-24T00:00:00+05:00,405f66dcf83af74516118ddaadc3265be58b8b35391ef53ad176523b44a1d982,gfs_seamless,False
turbine_1,2026-01-25 07:00:00+00:00,48,0.020454454422306454,0.020454454422306454,False,False,0.04024264966347857,3.26,-3.0,2026-01-23 19:00:00+00:00,36.0,2026-01-23 22:00:00,2026-01-24T00:00:00+05:00,405f66dcf83af74516118ddaadc3265be58b8b35391ef53ad176523b44a1d982,gfs_seamless,False
turbine_1,2026-01-25 08:00:00+00:00,48,0.00847466837364136,0.00847466837364136,False,False,0.011034397426379608,1.82,-2.9,2026-01-23 19:00:00+00:00,37.0,2026-01-23 22:00:00,2026-01-24T00:00:00+05:00,405f66dcf83af74516118ddaadc3265be58b8b35391ef53ad176523b44a1d982,gfs_seamless,False
turbine_1,2026-01-25 09:00:00+00:00,48,0.014162767823678871,0.014162767823678871,False,False,0.025270935960591136,2.64,-1.7,2026-01-23 19:00:00+00:00,38.0,2026-01-23 22:00:00,2026-01-24T00:00:00+05:00,405f66dcf83af74516118ddaadc3265be58b8b35391ef53ad176523b44a1d982,gfs_seamless,False
turbine_1,2026-01-25 10:00:00+00:00,48,0.008427575520481472,0.008427575520481472,False,False,0.009961072664359862,1.08,-1.1,2026-01-23 19:00:00+00:00,39.0,2026-01-23 22:00:00,2026-01-24T00:00:00+05:00,405f66dcf83af74516118ddaadc3265be58b8b35391ef53ad176523b44a1d982,gfs_seamless,False
turbine_1,2026-01-25 11:00:00+00:00,48,0.008702116209867359,0.008702116209867359,False,False,0.009989035087719297,0.73,-3.3,2026-01-23 19:00:00+00:00,40.0,2026-01-23 22:00:00,2026-01-24T00:00:00+05:00,405f66dcf83af74516118ddaadc3265be58b8b35391ef53ad176523b44a1d982,gfs_seamless,False
turbine_1,2026-01-25 12:00:00+00:00,48,0.008444616643132674,0.008444616643132674,False,False,0.009961072664359862,1.13,-4.6,2026-01-23 19:00:00+00:00,41.0,2026-01-23 22:00:00,2026-01-24T00:00:00+05:00,405f66dcf83af74516118ddaadc3265be58b8b35391ef53ad176523b44a1d982,gfs_seamless,False
turbine_1,2026-01-25 13:00:00+00:00,48,0.008444616643132674,0.008444616643132674,False,False,0.01,0.3,-4.0,2026-01-23 19:00:00+00:00,42.0,2026-01-23 22:00:00,2026-01-24T00:00:00+05:00,405f66dcf83af74516118ddaadc3265be58b8b35391ef53ad176523b44a1d982,gfs_seamless,False
turbine_1,2026-01-25 14:00:00+00:00,48,0.008444616643132674,0.008444616643132674,False,False,0.009961072664359862,1.0,-3.7,2026-01-23 19:00:00+00:00,43.0,2026-01-23 22:00:00,2026-01-24T00:00:00+05:00,405f66dcf83af74516118ddaadc3265be58b8b35391ef53ad176523b44a1d982,gfs_seamless,False
turbine_1,2026-01-25 15:00:00+00:00,48,0.008444616643132674,0.008444616643132674,False,False,0.009961072664359862,1.0,-3.7,2026-01-23 19:00:00+00:00,44.0,2026-01-23 22:00:00,2026-01-24T00:00:00+05:00,405f66dcf83af74516118ddaadc3265be58b8b35391ef53ad176523b44a1d982,gfs_seamless,False
turbine_1,2026-01-25 16:00:00+00:00,48,0.008444616643132674,0.008444616643132674,False,False,0.009961072664359862,1.2,-3.7,2026-01-23 19:00:00+00:00,45.0,2026-01-23 22:00:00,2026-01-24T00:00:00+05:00,405f66dcf83af74516118ddaadc3265be58b8b35391ef53ad176523b44a1d982,gfs_seamless,False
turbine_1,2026-01-25 17:00:00+00:00,48,0.019848513180181725,0.019848513180181725,False,False,0.04024264966347857,3.34,-4.4,2026-01-23 19:00:00+00:00,46.0,2026-01-23 22:00:00,2026-01-24T00:00:00+05:00,405f66dcf83af74516118ddaadc3265be58b8b35391ef53ad176523b44a1d982,gfs_seamless,False
turbine_1,2026-01-25 18:00:00+00:00,48,0.49521313759484714,0.49521313759484714,False,False,0.47549464747139164,7.85,-3.8,2026-01-23 19:00:00+00:00,47.0,2026-01-23 22:00:00,2026-01-24T00:00:00+05:00,405f66dcf83af74516118ddaadc3265be58b8b35391ef53ad176523b44a1d982,gfs_seamless,False
turbine_1,2026-01-25 19:00:00+00:00,48,0.6765588787033783,0.6765588787033783,False,False,0.626359458151911,8.84,-4.3,2026-01-23 19:00:00+00:00,48.0,2026-01-23 22:00:00,2026-01-24T00:00:00+05:00,405f66dcf83af74516118ddaadc3265be58b8b35391ef53ad176523b44a1d982,gfs_seamless,False
turbine_2,2026-01-23 20:00:00+00:00,24,0.009000316345200689,0.009000316345200689,False,False,0.014619706136560068,2.42,-8.8,2026-01-23 19:00:00+00:00,1.0,2026-01-23 22:00:00,2026-01-24T00:00:00+05:00,84a3adf9831577bca5743f9c80448261ce8937304551f161b047ef41f8cbb6f9,gfs_seamless,False
turbine_2,2026-01-23 21:00:00+00:00,24,0.06603462648433346,0.06603462648433346,False,False,0.14284810126582279,5.32,-8.9,2026-01-23 19:00:00+00:00,2.0,2026-01-23 22:00:00,2026-01-24T00:00:00+05:00,84a3adf9831577bca5743f9c80448261ce8937304551f161b047ef41f8cbb6f9,gfs_seamless,False
turbine_2,2026-01-23 22:00:00+00:00,24,0.41845137173032626,0.41845137173032626,False,False,0.4598530428769018,7.71,-9.0,2026-01-23 19:00:00+00:00,3.0,2026-01-23 22:00:00,2026-01-24T00:00:00+05:00,84a3adf9831577bca5743f9c80448261ce8937304551f161b047ef41f8cbb6f9,gfs_seamless,False
turbine_2,2026-01-23 23:00:00+00:00,24,0.7840991245899753,0.7840991245899753,False,False,0.7532918496827721,9.63,-8.9,2026-01-23 19:00:00+00:00,4.0,2026-01-23 22:00:00,2026-01-24T00:00:00+05:00,84a3adf9831577bca5743f9c80448261ce8937304551f161b047ef41f8cbb6f9,gfs_seamless,False
turbine_2,2026-01-24 00:00:00+00:00,24,0.8940437713487552,0.8940437713487552,False,False,0.8245199275362319,10.2,-9.2,2026-01-23 19:00:00+00:00,5.0,2026-01-23 22:00:00,2026-01-24T00:00:00+05:00,84a3adf9831577bca5743f9c80448261ce8937304551f161b047ef41f8cbb6f9,gfs_seamless,False
turbine_2,2026-01-24 01:00:00+00:00,24,0.922885874546977,0.922885874546977,False,False,0.884981662591687,10.61,-9.4,2026-01-23 19:00:00+00:00,6.0,2026-01-23 22:00:00,2026-01-24T00:00:00+05:00,84a3adf9831577bca5743f9c80448261ce8937304551f161b047ef41f8cbb6f9,gfs_seamless,False
turbine_2,2026-01-24 02:00:00+00:00,24,0.9816694933958032,0.9816694933958032,False,False,0.9522897800776197,11.76,-9.4,2026-01-23 19:00:00+00:00,7.0,2026-01-23 22:00:00,2026-01-24T00:00:00+05:00,84a3adf9831577bca5743f9c80448261ce8937304551f161b047ef41f8cbb6f9,gfs_seamless,False
turbine_2,2026-01-24 03:00:00+00:00,24,0.9859234842967284,0.9859234842967284,False,False,0.9631237322515213,12.7,-8.6,2026-01-23 19:00:00+00:00,8.0,2026-01-23 22:00:00,2026-01-24T00:00:00+05:00,84a3adf9831577bca5743f9c80448261ce8937304551f161b047ef41f8cbb6f9,gfs_seamless,False
turbine_2,2026-01-24 04:00:00+00:00,24,0.9893679696307112,0.9893679696307112,False,False,0.9699395770392749,13.1,-6.3,2026-01-23 19:00:00+00:00,9.0,2026-01-23 22:00:00,2026-01-24T00:00:00+05:00,84a3adf9831577bca5743f9c80448261ce8937304551f161b047ef41f8cbb6f9,gfs_seamless,False
turbine_2,2026-01-24 05:00:00+00:00,24,0.9147410497533629,0.9147410497533629,False,False,0.9600239808153477,14.18,-4.2,2026-01-23 19:00:00+00:00,10.0,2026-01-23 22:00:00,2026-01-24T00:00:00+05:00,84a3adf9831577bca5743f9c80448261ce8937304551f161b047ef41f8cbb6f9,gfs_seamless,False
turbine_2,2026-01-24 06:00:00+00:00,24,0.9190444632511497,0.9190444632511497,False,False,0.9600239808153477,14.4,-3.0,2026-01-23 19:00:00+00:00,11.0,2026-01-23 22:00:00,2026-01-24T00:00:00+05:00,84a3adf9831577bca5743f9c80448261ce8937304551f161b047ef41f8cbb6f9,gfs_seamless,False
turbine_2,2026-01-24 07:00:00+00:00,24,0.970462113244276,0.970462113244276,False,False,0.9496153846153847,15.1,-2.2,2026-01-23 19:00:00+00:00,12.0,2026-01-23 22:00:00,2026-01-24T00:00:00+05:00,84a3adf9831577bca5743f9c80448261ce8937304551f161b047ef41f8cbb6f9,gfs_seamless,False
turbine_2,2026-01-24 08:00:00+00:00,24,0.8850212446093194,0.8850212446093194,False,False,0.9600239808153477,14.42,-1.9,2026-01-23 19:00:00+00:00,13.0,2026-01-23 22:00:00,2026-01-24T00:00:00+05:00,84a3adf9831577bca5743f9c80448261ce8937304551f161b047ef41f8cbb6f9,gfs_seamless,False
turbine_2,2026-01-24 09:00:00+00:00,24,0.8850212446093194,0.8850212446093194,False,False,0.9600239808153477,14.14,-2.1,2026-01-23 19:00:00+00:00,14.0,2026-01-23 22:00:00,2026-01-24T00:00:00+05:00,84a3adf9831577bca5743f9c80448261ce8937304551f161b047ef41f8cbb6f9,gfs_seamless,False
turbine_2,2026-01-24 10:00:00+00:00,24,0.9901166599709961,0.9901166599709961,False,False,0.9610872675250358,13.83,-2.7,2026-01-23 19:00:00+00:00,15.0,2026-01-23 22:00:00,2026-01-24T00:00:00+05:00,84a3adf9831577bca5743f9c80448261ce8937304551f161b047ef41f8cbb6f9,gfs_seamless,False
turbine_2,2026-01-24 11:00:00+00:00,24,0.9827426753916922,0.9827426753916922,False,False,0.9631237322515213,12.88,-4.4,2026-01-23 19:00:00+00:00,16.0,2026-01-23 22:00:00,2026-01-24T00:00:00+05:00,84a3adf9831577bca5743f9c80448261ce8937304551f161b047ef41f8cbb6f9,gfs_seamless,False
turbine_2,2026-01-24 12:00:00+00:00,24,0.9318268359619923,0.9318268359619923,False,False,0.9254464973056197,11.25,-6.8,2026-01-23 19:00:00+00:00,17.0,2026-01-23 22:00:00,2026-01-24T00:00:00+05:00,84a3adf9831577bca5743f9c80448261ce8937304551f161b047ef41f8cbb6f9,gfs_seamless,False
turbine_2,2026-01-24 13:00:00+00:00,24,0.8613752152496502,0.8613752152496502,False,False,0.884981662591687,10.94,-7.8,2026-01-23 19:00:00+00:00,18.0,2026-01-23 22:00:00,2026-01-24T00:00:00+05:00,84a3adf9831577bca5743f9c80448261ce8937304551f161b047ef41f8cbb6f9,gfs_seamless,False
turbine_2,2026-01-24 14:00:00+00:00,24,0.8769079445303775,0.8769079445303775,False,False,0.9254464973056197,11.03,-7.6,2026-01-23 19:00:00+00:00,19.0,2026-01-23 22:00:00,2026-01-24T00:00:00+05:00,84a3adf9831577bca5743f9c80448261ce8937304551f161b047ef41f8cbb6f9,gfs_seamless,False
turbine_2,2026-01-24 15:00:00+00:00,24,0.949899009288355,0.949899009288355,False,False,0.9573236632536974,12.3,-7.4,2026-01-23 19:00:00+00:00,20.0,2026-01-23 22:00:00,2026-01-24T00:00:00+05:00,84a3adf9831577bca5743f9c80448261ce8937304551f161b047ef41f8cbb6f9,gfs_seamless,False
turbine_2,2026-01-24 16:00:00+00:00,24,0.9581065496233749,0.9581065496233749,False,False,0.9573236632536974,12.01,-6.9,2026-01-23 19:00:00+00:00,21.0,2026-01-23 22:00:00,2026-01-24T00:00:00+05:00,84a3adf9831577bca5743f9c80448261ce8937304551f161b047ef41f8cbb6f9,gfs_seamless,False
turbine_2,2026-01-24 17:00:00+00:00,24,0.9486362358939651,0.9486362358939651,False,False,0.9522897800776197,11.68,-7.0,2026-01-23 19:00:00+00:00,22.0,2026-01-23 22:00:00,2026-01-24T00:00:00+05:00,84a3adf9831577bca5743f9c80448261ce8937304551f161b047ef41f8cbb6f9,gfs_seamless,False
turbine_2,2026-01-24 18:00:00+00:00,24,0.8185773598977548,0.8185773598977548,False,False,0.8245199275362319,10.12,-6.3,2026-01-23 19:00:00+00:00,23.0,2026-01-23 22:00:00,2026-01-24T00:00:00+05:00,84a3adf9831577bca5743f9c80448261ce8937304551f161b047ef41f8cbb6f9,gfs_seamless,False
turbine_2,2026-01-24 19:00:00+00:00,24,0.7667815296727871,0.7667815296727871,False,False,0.7532918496827721,9.71,-6.2,2026-01-23 19:00:00+00:00,24.0,2026-01-23 22:00:00,2026-01-24T00:00:00+05:00,84a3adf9831577bca5743f9c80448261ce8937304551f161b047ef41f8cbb6f9,gfs_seamless,False
turbine_2,2026-01-24 20:00:00+00:00,48,0.8377724317085442,0.8377724317085442,False,False,0.884981662591687,10.56,-5.1,2026-01-23 19:00:00+00:00,25.0,2026-01-23 22:00:00,2026-01-24T00:00:00+05:00,84a3adf9831577bca5743f9c80448261ce8937304551f161b047ef41f8cbb6f9,gfs_seamless,False
turbine_2,2026-01-24 21:00:00+00:00,48,0.9235368677048074,0.9235368677048074,False,False,0.9254464973056197,11.22,-5.2,2026-01-23 19:00:00+00:00,26.0,2026-01-23 22:00:00,2026-01-24T00:00:00+05:00,84a3adf9831577bca5743f9c80448261ce8937304551f161b047ef41f8cbb6f9,gfs_seamless,False
turbine_2,2026-01-24 22:00:00+00:00,48,0.9677405174248489,0.9677405174248489,False,False,0.9522897800776197,11.65,-5.0,2026-01-23 19:00:00+00:00,27.0,2026-01-23 22:00:00,2026-01-24T00:00:00+05:00,84a3adf9831577bca5743f9c80448261ce8937304551f161b047ef41f8cbb6f9,gfs_seamless,False
turbine_2,2026-01-24 23:00:00+00:00,48,0.9677405174248489,0.9677405174248489,False,False,0.9522897800776197,11.66,-5.1,2026-01-23 19:00:00+00:00,28.0,2026-01-23 22:00:00,2026-01-24T00:00:00+05:00,84a3adf9831577bca5743f9c80448261ce8937304551f161b047ef41f8cbb6f9,gfs_seamless,False
turbine_2,2026-01-25 00:00:00+00:00,48,0.972990539847916,0.972990539847916,False,False,0.9573236632536974,12.04,-5.5,2026-01-23 19:00:00+00:00,29.0,2026-01-23 22:00:00,2026-01-24T00:00:00+05:00,84a3adf9831577bca5743f9c80448261ce8937304551f161b047ef41f8cbb6f9,gfs_seamless,False
turbine_2,2026-01-25 01:00:00+00:00,48,0.9132416499807595,0.9132416499807595,False,False,0.9254464973056197,11.13,-5.6,2026-01-23 19:00:00+00:00,30.0,2026-01-23 22:00:00,2026-01-24T00:00:00+05:00,84a3adf9831577bca5743f9c80448261ce8937304551f161b047ef41f8cbb6f9,gfs_seamless,False
turbine_2,2026-01-25 02:00:00+00:00,48,0.4683230564274431,0.4683230564274431,False,False,0.5336196950968274,8.06,-6.4,2026-01-23 19:00:00+00:00,31.0,2026-01-23 22:00:00,2026-01-24T00:00:00+05:00,84a3adf9831577bca5743f9c80448261ce8937304551f161b047ef41f8cbb6f9,gfs_seamless,False
turbine_2,2026-01-25 03:00:00+00:00,48,0.07554538944903644,0.07554538944903644,False,False,0.14284810126582279,5.19,-7.1,2026-01-23 19:00:00+00:00,32.0,2026-01-23 22:00:00,2026-01-24T00:00:00+05:00,84a3adf9831577bca5743f9c80448261ce8937304551f161b047ef41f8cbb6f9,gfs_seamless,False
turbine_2,2026-01-25 04:00:00+00:00,48,0.01295952441569565,0.01295952441569565,False,False,0.024030054644808743,2.8,-5.3,2026-01-23 19:00:00+00:00,33.0,2026-01-23 22:00:00,2026-01-24T00:00:00+05:00,84a3adf9831577bca5743f9c80448261ce8937304551f161b047ef41f8cbb6f9,gfs_seamless,False
turbine_2,2026-01-25 05:00:00+00:00,48,0.008174987950422307,0.008174987950422307,False,False,0.014619706136560068,2.42,-4.5,2026-01-23 19:00:00+00:00,34.0,2026-01-23 22:00:00,2026-01-24T00:00:00+05:00,84a3adf9831577bca5743f9c80448261ce8937304551f161b047ef41f8cbb6f9,gfs_seamless,False
turbine_2,2026-01-25 06:00:00+00:00,48,0.017260650660624852,0.017260650660624852,False,False,0.037194926140012845,3.32,-3.5,2026-01-23 19:00:00+00:00,35.0,2026-01-23 22:00:00,2026-01-24T00:00:00+05:00,84a3adf9831577bca5743f9c80448261ce8937304551f161b047ef41f8cbb6f9,gfs_seamless,False
turbine_2,2026-01-25 07:00:00+00:00,48,0.01703119106757559,0.01703119106757559,False,False,0.037194926140012845,3.26,-3.0,2026-01-23 19:00:00+00:00,36.0,2026-01-23 22:00:00,2026-01-24T00:00:00+05:00,84a3adf9831577bca5743f9c80448261ce8937304551f161b047ef41f8cbb6f9,gfs_seamless,False
turbine_2,2026-01-25 08:00:00+00:00,48,0.009081837840278389,0.009081837840278389,False,False,0.010129589632829374,1.82,-2.9,2026-01-23 19:00:00+00:00,37.0,2026-01-23 22:00:00,2026-01-24T00:00:00+05:00,84a3adf9831577bca5743f9c80448261ce8937304551f161b047ef41f8cbb6f9,gfs_seamless,False
turbine_2,2026-01-25 09:00:00+00:00,48,0.012916232118522707,0.012916232118522707,False,False,0.024030054644808743,2.64,-1.7,2026-01-23 19:00:00+00:00,38.0,2026-01-23 22:00:00,2026-01-24T00:00:00+05:00,84a3adf9831577bca5743f9c80448261ce8937304551f161b047ef41f8cbb6f9,gfs_seamless,False
turbine_2,2026-01-25 10:00:00+00:00,48,0.009025651497696938,0.009025651497696938,False,False,0.009708818635607321,1.08,-1.1,2026-01-23 19:00:00+00:00,39.0,2026-01-23 22:00:00,2026-01-24T00:00:00+05:00,84a3adf9831577bca5743f9c80448261ce8937304551f161b047ef41f8cbb6f9,gfs_seamless,False
turbine_2,2026-01-25 11:00:00+00:00,48,0.008991904563419972,0.008991904563419972,False,False,0.009931087289433385,0.73,-3.3,2026-01-23 19:00:00+00:00,40.0,2026-01-23 22:00:00,2026-01-24T00:00:00+05:00,84a3adf9831577bca5743f9c80448261ce8937304551f161b047ef41f8cbb6f9,gfs_seamless,False
turbine_2,2026-01-25 12:00:00+00:00,48,0.007734942154066605,0.007734942154066605,False,False,0.009708818635607321,1.13,-4.6,2026-01-23 19:00:00+00:00,41.0,2026-01-23 22:00:00,2026-01-24T00:00:00+05:00,84a3adf9831577bca5743f9c80448261ce8937304551f161b047ef41f8cbb6f9,gfs_seamless,False
turbine_2,2026-01-25 13:00:00+00:00,48,0.008155763728726007,0.008155763728726007,False,False,0.01,0.3,-4.0,2026-01-23 19:00:00+00:00,42.0,2026-01-23 22:00:00,2026-01-24T00:00:00+05:00,84a3adf9831577bca5743f9c80448261ce8937304551f161b047ef41f8cbb6f9,gfs_seamless,False
turbine_2,2026-01-25 14:00:00+00:00,48,0.008665239426004256,0.008665239426004256,False,False,0.009708818635607321,1.0,-3.7,2026-01-23 19:00:00+00:00,43.0,2026-01-23 22:00:00,2026-01-24T00:00:00+05:00,84a3adf9831577bca5743f9c80448261ce8937304551f161b047ef41f8cbb6f9,gfs_seamless,False
turbine_2,2026-01-25 15:00:00+00:00,48,0.008665239426004256,0.008665239426004256,False,False,0.009708818635607321,1.0,-3.7,2026-01-23 19:00:00+00:00,44.0,2026-01-23 22:00:00,2026-01-24T00:00:00+05:00,84a3adf9831577bca5743f9c80448261ce8937304551f161b047ef41f8cbb6f9,gfs_seamless,False
turbine_2,2026-01-25 16:00:00+00:00,48,0.008665239426004256,0.008665239426004256,False,False,0.009708818635607321,1.2,-3.7,2026-01-23 19:00:00+00:00,45.0,2026-01-23 22:00:00,2026-01-24T00:00:00+05:00,84a3adf9831577bca5743f9c80448261ce8937304551f161b047ef41f8cbb6f9,gfs_seamless,False
turbine_2,2026-01-25 17:00:00+00:00,48,0.01591105319771443,0.01591105319771443,False,False,0.037194926140012845,3.34,-4.4,2026-01-23 19:00:00+00:00,46.0,2026-01-23 22:00:00,2026-01-24T00:00:00+05:00,84a3adf9831577bca5743f9c80448261ce8937304551f161b047ef41f8cbb6f9,gfs_seamless,False
turbine_2,2026-01-25 18:00:00+00:00,48,0.4697266299972598,0.4697266299972598,False,False,0.4598530428769018,7.85,-3.8,2026-01-23 19:00:00+00:00,47.0,2026-01-23 22:00:00,2026-01-24T00:00:00+05:00,84a3adf9831577bca5743f9c80448261ce8937304551f161b047ef41f8cbb6f9,gfs_seamless,False
turbine_2,2026-01-25 19:00:00+00:00,48,0.5996837464637463,0.5996837464637463,False,False,0.6158580413297394,8.84,-4.3,2026-01-23 19:00:00+00:00,48.0,2026-01-23 22:00:00,2026-01-24T00:00:00+05:00,84a3adf9831577bca5743f9c80448261ce8937304551f161b047ef41f8cbb6f9,gfs_seamless,False
turbine_1,2026-01-24 20:00:00+00:00,24,0.8181374645387347,0.8181374645387347,False,False,0.7645687134502924,9.72,-5.6,2026-01-24 19:00:00+00:00,1.0,2026-01-24 22:00:00,2026-01-25T00:00:00+05:00,cc8f303646edc88519d8bce416a503ced36d6a7801c90df4467114f0e19c29f8,gfs_seamless,False
turbine_1,2026-01-24 21:00:00+00:00,24,0.8257891287326338,0.8257891287326338,False,False,0.7645687134502924,9.96,-6.2,2026-01-24 19:00:00+00:00,2.0,2026-01-24 22:00:00,2026-01-25T00:00:00+05:00,cc8f303646edc88519d8bce416a503ced36d6a7801c90df4467114f0e19c29f8,gfs_seamless,False
turbine_1,2026-01-24 22:00:00+00:00,24,0.8998931093176507,0.8998931093176507,False,False,0.8933127317676143,10.74,-5.6,2026-01-24 19:00:00+00:00,3.0,2026-01-24 22:00:00,2026-01-25T00:00:00+05:00,cc8f303646edc88519d8bce416a503ced36d6a7801c90df4467114f0e19c29f8,gfs_seamless,False
turbine_1,2026-01-24 23:00:00+00:00,24,0.9021676270776644,0.9021676270776644,False,False,0.8933127317676143,10.78,-5.2,2026-01-24 19:00:00+00:00,4.0,2026-01-24 22:00:00,2026-01-25T00:00:00+05:00,cc8f303646edc88519d8bce416a503ced36d6a7801c90df4467114f0e19c29f8,gfs_seamless,False
turbine_1,2026-01-25 00:00:00+00:00,24,0.6820633630725075,0.6820633630725075,False,False,0.6951442786069651,9.19,-5.1,2026-01-24 19:00:00+00:00,5.0,2026-01-24 22:00:00,2026-01-25T00:00:00+05:00,cc8f303646edc88519d8bce416a503ced36d6a7801c90df4467114f0e19c29f8,gfs_seamless,False
turbine_1,2026-01-25 01:00:00+00:00,24,0.3843824696236893,0.3843824696236893,False,False,0.39811090225563905,7.29,-7.0,2026-01-24 19:00:00+00:00,6.0,2026-01-24 22:00:00,2026-01-25T00:00:00+05:00,cc8f303646edc88519d8bce416a503ced36d6a7801c90df4467114f0e19c29f8,gfs_seamless,False
turbine_1,2026-01-25 02:00:00+00:00,24,0.027961439232315945,0.027961439232315945,False,False,0.08165806673546612,4.11,-6.4,2026-01-24 19:00:00+00:00,7.0,2026-01-24 22:00:00,2026-01-25T00:00:00+05:00,cc8f303646edc88519d8bce416a503ced36d6a7801c90df4467114f0e19c29f8,gfs_seamless,False
turbine_1,2026-01-25 03:00:00+00:00,24,0.01174912602775173,0.01174912602775173,False,False,0.025270935960591136,2.59,-5.8,2026-01-24 19:00:00+00:00,8.0,2026-01-24 22:00:00,2026-01-25T00:00:00+05:00,cc8f303646edc88519d8bce416a503ced36d6a7801c90df4467114f0e19c29f8,gfs_seamless,False
turbine_1,2026-01-25 04:00:00+00:00,24,0.008528814506314868,0.008528814506314868,False,False,0.009961106309420917,1.49,-4.5,2026-01-24 19:00:00+00:00,9.0,2026-01-24 22:00:00,2026-01-25T00:00:00+05:00,cc8f303646edc88519d8bce416a503ced36d6a7801c90df4467114f0e19c29f8,gfs_seamless,False
turbine_1,2026-01-25 05:00:00+00:00,24,0.008083959533613067,0.008083959533613067,False,False,0.009989035087719297,0.71,-4.0,2026-01-24 19:00:00+00:00,10.0,2026-01-24 22:00:00,2026-01-25T00:00:00+05:00,cc8f303646edc88519d8bce416a503ced36d6a7801c90df4467114f0e19c29f8,gfs_seamless,False
turbine_1,2026-01-25 06:00:00+00:00,24,0.00884935983408422,0.00884935983408422,False,False,0.009989035087719297,0.91,-3.0,2026-01-24 19:00:00+00:00,11.0,2026-01-24 22:00:00,2026-01-25T00:00:00+05:00,cc8f303646edc88519d8bce416a503ced36d6a7801c90df4467114f0e19c29f8,gfs_seamless,False
turbine_1,2026-01-25 07:00:00+00:00,24,0.008402756833938187,0.008402756833938187,False,False,0.009989035087719297,0.67,-1.2,2026-01-24 19:00:00+00:00,12.0,2026-01-24 22:00:00,2026-01-25T00:00:00+05:00,cc8f303646edc88519d8bce416a503ced36d6a7801c90df4467114f0e19c29f8,gfs_seamless,False
turbine_1,2026-01-25 08:00:00+00:00,24,0.008402756833938187,0.008402756833938187,False,False,0.009989035087719297,0.81,-0.9,2026-01-24 19:00:00+00:00,13.0,2026-01-24 22:00:00,2026-01-25T00:00:00+05:00,cc8f303646edc88519d8bce416a503ced36d6a7801c90df4467114f0e19c29f8,gfs_seamless,False
turbine_1,2026-01-25 09:00:00+00:00,24,0.008496440190438662,0.008496440190438662,False,False,0.009989035087719297,0.92,-0.5,2026-01-24 19:00:00+00:00,14.0,2026-01-24 22:00:00,2026-01-25T00:00:00+05:00,cc8f303646edc88519d8bce416a503ced36d6a7801c90df4467114f0e19c29f8,gfs_seamless,False
turbine_1,2026-01-25 10:00:00+00:00,24,0.008384909311585713,0.008384909311585713,False,False,0.011034397426379608,1.66,-1.1,2026-01-24 19:00:00+00:00,15.0,2026-01-24 22:00:00,2026-01-25T00:00:00+05:00,cc8f303646edc88519d8bce416a503ced36d6a7801c90df4467114f0e19c29f8,gfs_seamless,False
turbine_1,2026-01-25 11:00:00+00:00,24,0.030101431302800675,0.030101431302800675,False,False,0.05820765027322404,3.9,-1.8,2026-01-24 19:00:00+00:00,16.0,2026-01-24 22:00:00,2026-01-25T00:00:00+05:00,cc8f303646edc88519d8bce416a503ced36d6a7801c90df4467114f0e19c29f8,gfs_seamless,False
turbine_1,2026-01-25 12:00:00+00:00,24,0.020854757625207533,0.020854757625207533,False,False,0.05820765027322404,3.57,-3.7,2026-01-24 19:00:00+00:00,17.0,2026-01-24 22:00:00,2026-01-25T00:00:00+05:00,cc8f303646edc88519d8bce416a503ced36d6a7801c90df4467114f0e19c29f8,gfs_seamless,False
turbine_1,2026-01-25 13:00:00+00:00,24,0.01669291158104706,0.01669291158104706,False,False,0.025270935960591136,2.95,-3.9,2026-01-24 19:00:00+00:00,18.0,2026-01-24 22:00:00,2026-01-25T00:00:00+05:00,cc8f303646edc88519d8bce416a503ced36d6a7801c90df4467114f0e19c29f8,gfs_seamless,False
turbine_1,2026-01-25 14:00:00+00:00,24,0.008194459388569367,0.008194459388569367,False,False,0.011034397426379608,1.98,-3.8,2026-01-24 19:00:00+00:00,19.0,2026-01-24 22:00:00,2026-01-25T00:00:00+05:00,cc8f303646edc88519d8bce416a503ced36d6a7801c90df4467114f0e19c29f8,gfs_seamless,False
turbine_1,2026-01-25 15:00:00+00:00,24,0.008528814506314868,0.008528814506314868,False,False,0.009989035087719297,0.72,-4.3,2026-01-24 19:00:00+00:00,20.0,2026-01-24 22:00:00,2026-01-25T00:00:00+05:00,cc8f303646edc88519d8bce416a503ced36d6a7801c90df4467114f0e19c29f8,gfs_seamless,False
turbine_1,2026-01-25 16:00:00+00:00,24,0.02272848138889287,0.02272848138889287,False,False,0.05820765027322404,3.64,-3.1,2026-01-24 19:00:00+00:00,21.0,2026-01-24 22:00:00,2026-01-25T00:00:00+05:00,cc8f303646edc88519d8bce416a503ced36d6a7801c90df4467114f0e19c29f8,gfs_seamless,False
turbine_1,2026-01-25 17:00:00+00:00,24,0.2428255505816622,0.2428255505816622,False,False,0.32462060820785354,6.59,-4.6,2026-01-24 19:00:00+00:00,22.0,2026-01-24 22:00:00,2026-01-25T00:00:00+05:00,cc8f303646edc88519d8bce416a503ced36d6a7801c90df4467114f0e19c29f8,gfs_seamless,False
turbine_1,2026-01-25 18:00:00+00:00,24,0.4509243643660069,0.4509243643660069,False,False,0.4750055309734513,7.56,-4.2,2026-01-24 19:00:00+00:00,23.0,2026-01-24 22:00:00,2026-01-25T00:00:00+05:00,cc8f303646edc88519d8bce416a503ced36d6a7801c90df4467114f0e19c29f8,gfs_seamless,False
turbine_1,2026-01-25 19:00:00+00:00,24,0.6452149511698312,0.6452149511698312,False,False,0.626359458151911,8.69,-4.5,2026-01-24 19:00:00+00:00,24.0,2026-01-24 22:00:00,2026-01-25T00:00:00+05:00,cc8f303646edc88519d8bce416a503ced36d6a7801c90df4467114f0e19c29f8,gfs_seamless,False
turbine_1,2026-01-25 20:00:00+00:00,48,0.6763194533220495,0.6763194533220495,False,False,0.626359458151911,8.99,-4.8,2026-01-24 19:00:00+00:00,25.0,2026-01-24 22:00:00,2026-01-25T00:00:00+05:00,cc8f303646edc88519d8bce416a503ced36d6a7801c90df4467114f0e19c29f8,gfs_seamless,False
turbine_1,2026-01-25 21:00:00+00:00,48,0.6991153527200851,0.6991153527200851,False,False,0.6951442786069651,9.21,-5.6,2026-01-24 19:00:00+00:00,26.0,2026-01-24 22:00:00,2026-01-25T00:00:00+05:00,cc8f303646edc88519d8bce416a503ced36d6a7801c90df4467114f0e19c29f8,gfs_seamless,False
turbine_1,2026-01-25 22:00:00+00:00,48,0.8234762487513039,0.8234762487513039,False,False,0.8296306068601583,10.32,-6.0,2026-01-24 19:00:00+00:00,27.0,2026-01-24 22:00:00,2026-01-25T00:00:00+05:00,cc8f303646edc88519d8bce416a503ced36d6a7801c90df4467114f0e19c29f8,gfs_seamless,False
turbine_1,2026-01-25 23:00:00+00:00,48,0.9602550965906099,0.9602550965906099,False,False,0.8933127317676143,10.97,-5.5,2026-01-24 19:00:00+00:00,28.0,2026-01-24 22:00:00,2026-01-25T00:00:00+05:00,cc8f303646edc88519d8bce416a503ced36d6a7801c90df4467114f0e19c29f8,gfs_seamless,False
turbine_1,2026-01-26 00:00:00+00:00,48,0.9385067512575429,0.9385067512575429,False,False,0.8933127317676143,10.69,-7.3,2026-01-24 19:00:00+00:00,29.0,2026-01-24 22:00:00,2026-01-25T00:00:00+05:00,cc8f303646edc88519d8bce416a503ced36d6a7801c90df4467114f0e19c29f8,gfs_seamless,False
turbine_1,2026-01-26 01:00:00+00:00,48,0.8181027496486605,0.8181027496486605,False,False,0.8933127317676143,10.72,-7.0,2026-01-24 19:00:00+00:00,30.0,2026-01-24 22:00:00,2026-01-25T00:00:00+05:00,cc8f303646edc88519d8bce416a503ced36d6a7801c90df4467114f0e19c29f8,gfs_seamless,False
turbine_1,2026-01-26 02:00:00+00:00,48,0.9636576660197758,0.9636576660197758,False,False,0.8933127317676143,10.82,-7.9,2026-01-24 19:00:00+00:00,31.0,2026-01-24 22:00:00,2026-01-25T00:00:00+05:00,cc8f303646edc88519d8bce416a503ced36d6a7801c90df4467114f0e19c29f8,gfs_seamless,False
turbine_1,2026-01-26 03:00:00+00:00,48,0.9933687356972289,0.9933687356972289,False,False,0.9603103448275863,11.75,-7.8,2026-01-24 19:00:00+00:00,32.0,2026-01-24 22:00:00,2026-01-25T00:00:00+05:00,cc8f303646edc88519d8bce416a503ced36d6a7801c90df4467114f0e19c29f8,gfs_seamless,False
turbine_1,2026-01-26 04:00:00+00:00,48,0.9874117858460407,0.9874117858460407,False,False,0.9603103448275863,11.72,-5.9,2026-01-24 19:00:00+00:00,33.0,2026-01-24 22:00:00,2026-01-25T00:00:00+05:00,cc8f303646edc88519d8bce416a503ced36d6a7801c90df4467114f0e19c29f8,gfs_seamless,False
turbine_1,2026-01-26 05:00:00+00:00,48,0.972887442482811,0.972887442482811,False,False,0.9380381944444444,11.36,-4.3,2026-01-24 19:00:00+00:00,34.0,2026-01-24 22:00:00,2026-01-25T00:00:00+05:00,cc8f303646edc88519d8bce416a503ced36d6a7801c90df4467114f0e19c29f8,gfs_seamless,False
turbine_1,2026-01-26 06:00:00+00:00,48,0.9888737955112041,0.9888737955112041,False,False,0.9581681957186543,12.39,-2.6,2026-01-24 19:00:00+00:00,35.0,2026-01-24 22:00:00,2026-01-25T00:00:00+05:00,cc8f303646edc88519d8bce416a503ced36d6a7801c90df4467114f0e19c29f8,gfs_seamless,False
turbine_1,2026-01-26 07:00:00+00:00,48,0.9927938539379446,0.9927938539379446,False,False,0.9673371212121211,12.61,-1.6,2026-01-24 19:00:00+00:00,36.0,2026-01-24 22:00:00,2026-01-25T00:00:00+05:00,cc8f303646edc88519d8bce416a503ced36d6a7801c90df4467114f0e19c29f8,gfs_seamless,False
turbine_1,2026-01-26 08:00:00+00:00,48,0.957567096254619,0.957567096254619,False,False,0.9673371212121211,12.84,-0.9,2026-01-24 19:00:00+00:00,37.0,2026-01-24 22:00:00,2026-01-25T00:00:00+05:00,cc8f303646edc88519d8bce416a503ced36d6a7801c90df4467114f0e19c29f8,gfs_seamless,False
turbine_1,2026-01-26 09:00:00+00:00,48,0.9409352330706221,0.9409352330706221,False,False,0.9761353467561521,13.02,-0.5,2026-01-24 19:00:00+00:00,38.0,2026-01-24 22:00:00,2026-01-25T00:00:00+05:00,cc8f303646edc88519d8bce416a503ced36d6a7801c90df4467114f0e19c29f8,gfs_seamless,False
turbine_1,2026-01-26 10:00:00+00:00,48,0.9251720104537228,0.9251720104537228,False,False,0.9673371212121211,12.63,-0.7,2026-01-24 19:00:00+00:00,39.0,2026-01-24 22:00:00,2026-01-25T00:00:00+05:00,cc8f303646edc88519d8bce416a503ced36d6a7801c90df4467114f0e19c29f8,gfs_seamless,False
turbine_1,2026-01-26 11:00:00+00:00,48,0.9812410275501408,0.9812410275501408,False,False,0.9603103448275863,11.88,-2.3,2026-01-24 19:00:00+00:00,40.0,2026-01-24 22:00:00,2026-01-25T00:00:00+05:00,cc8f303646edc88519d8bce416a503ced36d6a7801c90df4467114f0e19c29f8,gfs_seamless,False
turbine_1,2026-01-26 12:00:00+00:00,48,0.971908158436493,0.971908158436493,False,False,0.9380381944444444,11.3,-4.6,2026-01-24 19:00:00+00:00,41.0,2026-01-24 22:00:00,2026-01-25T00:00:00+05:00,cc8f303646edc88519d8bce416a503ced36d6a7801c90df4467114f0e19c29f8,gfs_seamless,False
turbine_1,2026-01-26 13:00:00+00:00,48,0.9659414842009824,0.9659414842009824,False,False,0.9380381944444444,11.19,-5.5,2026-01-24 19:00:00+00:00,42.0,2026-01-24 22:00:00,2026-01-25T00:00:00+05:00,cc8f303646edc88519d8bce416a503ced36d6a7801c90df4467114f0e19c29f8,gfs_seamless,False
turbine_1,2026-01-26 14:00:00+00:00,48,0.9859261329755983,0.9859261329755983,False,False,0.9603103448275863,11.68,-5.7,2026-01-24 19:00:00+00:00,43.0,2026-01-24 22:00:00,2026-01-25T00:00:00+05:00,cc8f303646edc88519d8bce416a503ced36d6a7801c90df4467114f0e19c29f8,gfs_seamless,False
turbine_1,2026-01-26 15:00:00+00:00,48,0.9858743416907547,0.9858743416907547,False,False,0.9603103448275863,11.5,-5.6,2026-01-24 19:00:00+00:00,44.0,2026-01-24 22:00:00,2026-01-25T00:00:00+05:00,cc8f303646edc88519d8bce416a503ced36d6a7801c90df4467114f0e19c29f8,gfs_seamless,False
turbine_1,2026-01-26 16:00:00+00:00,48,0.9859261329755983,0.9859261329755983,False,False,0.9603103448275863,11.55,-5.6,2026-01-24 19:00:00+00:00,45.0,2026-01-24 22:00:00,2026-01-25T00:00:00+05:00,cc8f303646edc88519d8bce416a503ced36d6a7801c90df4467114f0e19c29f8,gfs_seamless,False
turbine_1,2026-01-26 17:00:00+00:00,48,0.9696998160612197,0.9696998160612197,False,False,0.9380381944444444,11.11,-5.6,2026-01-24 19:00:00+00:00,46.0,2026-01-24 22:00:00,2026-01-25T00:00:00+05:00,cc8f303646edc88519d8bce416a503ced36d6a7801c90df4467114f0e19c29f8,gfs_seamless,False
turbine_1,2026-01-26 18:00:00+00:00,48,0.9752503425244473,0.9752503425244473,False,False,0.9380381944444444,11.41,-5.6,2026-01-24 19:00:00+00:00,47.0,2026-01-24 22:00:00,2026-01-25T00:00:00+05:00,cc8f303646edc88519d8bce416a503ced36d6a7801c90df4467114f0e19c29f8,gfs_seamless,False
turbine_1,2026-01-26 19:00:00+00:00,48,0.9752503425244473,0.9752503425244473,False,False,0.9380381944444444,11.4,-5.7,2026-01-24 19:00:00+00:00,48.0,2026-01-24 22:00:00,2026-01-25T00:00:00+05:00,cc8f303646edc88519d8bce416a503ced36d6a7801c90df4467114f0e19c29f8,gfs_seamless,False
turbine_2,2026-01-24 20:00:00+00:00,24,0.7802348506389144,0.7802348506389144,False,False,0.7532918496827721,9.72,-5.6,2026-01-24 19:00:00+00:00,1.0,2026-01-24 22:00:00,2026-01-25T00:00:00+05:00,d432c4e0c8e19f0f1a52310fe63f99fbb8b8ca538d6692c07519b4334e63dae0,gfs_seamless,False
turbine_2,2026-01-24 21:00:00+00:00,24,0.7948344601881289,0.7948344601881289,False,False,0.7532918496827721,9.96,-6.2,2026-01-24 19:00:00+00:00,2.0,2026-01-24 22:00:00,2026-01-25T00:00:00+05:00,d432c4e0c8e19f0f1a52310fe63f99fbb8b8ca538d6692c07519b4334e63dae0,gfs_seamless,False
turbine_2,2026-01-24 22:00:00+00:00,24,0.8388779112059791,0.8388779112059791,False,False,0.8841280487804878,10.74,-5.6,2026-01-24 19:00:00+00:00,3.0,2026-01-24 22:00:00,2026-01-25T00:00:00+05:00,d432c4e0c8e19f0f1a52310fe63f99fbb8b8ca538d6692c07519b4334e63dae0,gfs_seamless,False
turbine_2,2026-01-24 23:00:00+00:00,24,0.8649995597164658,0.8649995597164658,False,False,0.8841280487804878,10.78,-5.2,2026-01-24 19:00:00+00:00,4.0,2026-01-24 22:00:00,2026-01-25T00:00:00+05:00,d432c4e0c8e19f0f1a52310fe63f99fbb8b8ca538d6692c07519b4334e63dae0,gfs_seamless,False
turbine_2,2026-01-25 00:00:00+00:00,24,0.7090981002803511,0.7090981002803511,False,False,0.6739665725047082,9.19,-5.1,2026-01-24 19:00:00+00:00,5.0,2026-01-24 22:00:00,2026-01-25T00:00:00+05:00,d432c4e0c8e19f0f1a52310fe63f99fbb8b8ca538d6692c07519b4334e63dae0,gfs_seamless,False
turbine_2,2026-01-25 01:00:00+00:00,24,0.3531616057959955,0.3531616057959955,False,False,0.387275307473983,7.29,-7.0,2026-01-24 19:00:00+00:00,6.0,2026-01-24 22:00:00,2026-01-25T00:00:00+05:00,d432c4e0c8e19f0f1a52310fe63f99fbb8b8ca538d6692c07519b4334e63dae0,gfs_seamless,False
turbine_2,2026-01-25 02:00:00+00:00,24,0.02500851218689778,0.02500851218689778,False,False,0.07905644622578491,4.11,-6.4,2026-01-24 19:00:00+00:00,7.0,2026-01-24 22:00:00,2026-01-25T00:00:00+05:00,d432c4e0c8e19f0f1a52310fe63f99fbb8b8ca538d6692c07519b4334e63dae0,gfs_seamless,False
turbine_2,2026-01-25 03:00:00+00:00,24,0.010352101158417809,0.010352101158417809,False,False,0.024030054644808743,2.59,-5.8,2026-01-24 19:00:00+00:00,8.0,2026-01-24 22:00:00,2026-01-25T00:00:00+05:00,d432c4e0c8e19f0f1a52310fe63f99fbb8b8ca538d6692c07519b4334e63dae0,gfs_seamless,False
turbine_2,2026-01-25 04:00:00+00:00,24,0.009007971746832507,0.009007971746832507,False,False,0.00970906068162926,1.49,-4.5,2026-01-24 19:00:00+00:00,9.0,2026-01-24 22:00:00,2026-01-25T00:00:00+05:00,d432c4e0c8e19f0f1a52310fe63f99fbb8b8ca538d6692c07519b4334e63dae0,gfs_seamless,False
turbine_2,2026-01-25 05:00:00+00:00,24,0.008037590381455855,0.008037590381455855,False,False,0.009931087289433385,0.71,-4.0,2026-01-24 19:00:00+00:00,10.0,2026-01-24 22:00:00,2026-01-25T00:00:00+05:00,d432c4e0c8e19f0f1a52310fe63f99fbb8b8ca538d6692c07519b4334e63dae0,gfs_seamless,False
turbine_2,2026-01-25 06:00:00+00:00,24,0.008921308123700308,0.008921308123700308,False,False,0.009931087289433385,0.91,-3.0,2026-01-24 19:00:00+00:00,11.0,2026-01-24 22:00:00,2026-01-25T00:00:00+05:00,d432c4e0c8e19f0f1a52310fe63f99fbb8b8ca538d6692c07519b4334e63dae0,gfs_seamless,False
turbine_2,2026-01-25 07:00:00+00:00,24,0.009083685853255877,0.009083685853255877,False,False,0.009931087289433385,0.67,-1.2,2026-01-24 19:00:00+00:00,12.0,2026-01-24 22:00:00,2026-01-25T00:00:00+05:00,d432c4e0c8e19f0f1a52310fe63f99fbb8b8ca538d6692c07519b4334e63dae0,gfs_seamless,False
turbine_2,2026-01-25 08:00:00+00:00,24,0.009083685853255877,0.009083685853255877,False,False,0.009931087289433385,0.81,-0.9,2026-01-24 19:00:00+00:00,13.0,2026-01-24 22:00:00,2026-01-25T00:00:00+05:00,d432c4e0c8e19f0f1a52310fe63f99fbb8b8ca538d6692c07519b4334e63dae0,gfs_seamless,False
turbine_2,2026-01-25 09:00:00+00:00,24,0.009083685853255877,0.009083685853255877,False,False,0.009931087289433385,0.92,-0.5,2026-01-24 19:00:00+00:00,14.0,2026-01-24 22:00:00,2026-01-25T00:00:00+05:00,d432c4e0c8e19f0f1a52310fe63f99fbb8b8ca538d6692c07519b4334e63dae0,gfs_seamless,False
turbine_2,2026-01-25 10:00:00+00:00,24,0.009083685853255877,0.009083685853255877,False,False,0.010129589632829374,1.66,-1.1,2026-01-24 19:00:00+00:00,15.0,2026-01-24 22:00:00,2026-01-25T00:00:00+05:00,d432c4e0c8e19f0f1a52310fe63f99fbb8b8ca538d6692c07519b4334e63dae0,gfs_seamless,False
turbine_2,2026-01-25 11:00:00+00:00,24,0.023521510455490426,0.023521510455490426,False,False,0.05545265348595213,3.9,-1.8,2026-01-24 19:00:00+00:00,16.0,2026-01-24 22:00:00,2026-01-25T00:00:00+05:00,d432c4e0c8e19f0f1a52310fe63f99fbb8b8ca538d6692c07519b4334e63dae0,gfs_seamless,False
turbine_2,2026-01-25 12:00:00+00:00,24,0.01735946803094432,0.01735946803094432,False,False,0.05545265348595213,3.57,-3.7,2026-01-24 19:00:00+00:00,17.0,2026-01-24 22:00:00,2026-01-25T00:00:00+05:00,d432c4e0c8e19f0f1a52310fe63f99fbb8b8ca538d6692c07519b4334e63dae0,gfs_seamless,False
turbine_2,2026-01-25 13:00:00+00:00,24,0.014351413623960644,0.014351413623960644,False,False,0.024030054644808743,2.95,-3.9,2026-01-24 19:00:00+00:00,18.0,2026-01-24 22:00:00,2026-01-25T00:00:00+05:00,d432c4e0c8e19f0f1a52310fe63f99fbb8b8ca538d6692c07519b4334e63dae0,gfs_seamless,False
turbine_2,2026-01-25 14:00:00+00:00,24,0.007785884010034206,0.007785884010034206,False,False,0.010129589632829374,1.98,-3.8,2026-01-24 19:00:00+00:00,19.0,2026-01-24 22:00:00,2026-01-25T00:00:00+05:00,d432c4e0c8e19f0f1a52310fe63f99fbb8b8ca538d6692c07519b4334e63dae0,gfs_seamless,False
turbine_2,2026-01-25 15:00:00+00:00,24,0.008037590381455855,0.008037590381455855,False,False,0.009931087289433385,0.72,-4.3,2026-01-24 19:00:00+00:00,20.0,2026-01-24 22:00:00,2026-01-25T00:00:00+05:00,d432c4e0c8e19f0f1a52310fe63f99fbb8b8ca538d6692c07519b4334e63dae0,gfs_seamless,False
turbine_2,2026-01-25 16:00:00+00:00,24,0.01749674114790151,0.01749674114790151,False,False,0.05545265348595213,3.64,-3.1,2026-01-24 19:00:00+00:00,21.0,2026-01-24 22:00:00,2026-01-25T00:00:00+05:00,d432c4e0c8e19f0f1a52310fe63f99fbb8b8ca538d6692c07519b4334e63dae0,gfs_seamless,False
turbine_2,2026-01-25 17:00:00+00:00,24,0.23884005117411966,0.23884005117411966,False,False,0.31349247685185183,6.59,-4.6,2026-01-24 19:00:00+00:00,22.0,2026-01-24 22:00:00,2026-01-25T00:00:00+05:00,d432c4e0c8e19f0f1a52310fe63f99fbb8b8ca538d6692c07519b4334e63dae0,gfs_seamless,False
turbine_2,2026-01-25 18:00:00+00:00,24,0.4064331028467248,0.4064331028467248,False,False,0.4598530428769018,7.56,-4.2,2026-01-24 19:00:00+00:00,23.0,2026-01-24 22:00:00,2026-01-25T00:00:00+05:00,d432c4e0c8e19f0f1a52310fe63f99fbb8b8ca538d6692c07519b4334e63dae0,gfs_seamless,False
turbine_2,2026-01-25 19:00:00+00:00,24,0.6022783042476382,0.6022783042476382,False,False,0.6158580413297394,8.69,-4.5,2026-01-24 19:00:00+00:00,24.0,2026-01-24 22:00:00,2026-01-25T00:00:00+05:00,d432c4e0c8e19f0f1a52310fe63f99fbb8b8ca538d6692c07519b4334e63dae0,gfs_seamless,False
turbine_2,2026-01-25 20:00:00+00:00,48,0.6832277729396455,0.6832277729396455,False,False,0.6158580413297394,8.99,-4.8,2026-01-24 19:00:00+00:00,25.0,2026-01-24 22:00:00,2026-01-25T00:00:00+05:00,d432c4e0c8e19f0f1a52310fe63f99fbb8b8ca538d6692c07519b4334e63dae0,gfs_seamless,False
turbine_2,2026-01-25 21:00:00+00:00,48,0.7275078111414884,0.7275078111414884,False,False,0.6739665725047082,9.21,-5.6,2026-01-24 19:00:00+00:00,26.0,2026-01-24 22:00:00,2026-01-25T00:00:00+05:00,d432c4e0c8e19f0f1a52310fe63f99fbb8b8ca538d6692c07519b4334e63dae0,gfs_seamless,False
turbine_2,2026-01-25 22:00:00+00:00,48,0.8453455550653741,0.8453455550653741,False,False,0.8234509271822704,10.32,-6.0,2026-01-24 19:00:00+00:00,27.0,2026-01-24 22:00:00,2026-01-25T00:00:00+05:00,d432c4e0c8e19f0f1a52310fe63f99fbb8b8ca538d6692c07519b4334e63dae0,gfs_seamless,False
turbine_2,2026-01-25 23:00:00+00:00,48,0.9352873824521065,0.9352873824521065,False,False,0.8841280487804878,10.97,-5.5,2026-01-24 19:00:00+00:00,28.0,2026-01-24 22:00:00,2026-01-25T00:00:00+05:00,d432c4e0c8e19f0f1a52310fe63f99fbb8b8ca538d6692c07519b4334e63dae0,gfs_seamless,False
turbine_2,2026-01-26 00:00:00+00:00,48,0.8197519966565676,0.8197519966565676,False,False,0.8841280487804878,10.69,-7.3,2026-01-24 19:00:00+00:00,29.0,2026-01-24 22:00:00,2026-01-25T00:00:00+05:00,d432c4e0c8e19f0f1a52310fe63f99fbb8b8ca538d6692c07519b4334e63dae0,gfs_seamless,False
turbine_2,2026-01-26 01:00:00+00:00,48,0.7349193017971973,0.7349193017971973,False,False,0.8841280487804878,10.72,-7.0,2026-01-24 19:00:00+00:00,30.0,2026-01-24 22:00:00,2026-01-25T00:00:00+05:00,d432c4e0c8e19f0f1a52310fe63f99fbb8b8ca538d6692c07519b4334e63dae0,gfs_seamless,False
turbine_2,2026-01-26 02:00:00+00:00,48,0.9360637773103091,0.9360637773103091,False,False,0.8841280487804878,10.82,-7.9,2026-01-24 19:00:00+00:00,31.0,2026-01-24 22:00:00,2026-01-25T00:00:00+05:00,d432c4e0c8e19f0f1a52310fe63f99fbb8b8ca538d6692c07519b4334e63dae0,gfs_seamless,False
turbine_2,2026-01-26 03:00:00+00:00,48,0.9395019825933635,0.9395019825933635,False,False,0.9516279069767442,11.75,-7.8,2026-01-24 19:00:00+00:00,32.0,2026-01-24 22:00:00,2026-01-25T00:00:00+05:00,d432c4e0c8e19f0f1a52310fe63f99fbb8b8ca538d6692c07519b4334e63dae0,gfs_seamless,False
turbine_2,2026-01-26 04:00:00+00:00,48,0.9517413031269961,0.9517413031269961,False,False,0.9516279069767442,11.72,-5.9,2026-01-24 19:00:00+00:00,33.0,2026-01-24 22:00:00,2026-01-25T00:00:00+05:00,d432c4e0c8e19f0f1a52310fe63f99fbb8b8ca538d6692c07519b4334e63dae0,gfs_seamless,False
turbine_2,2026-01-26 05:00:00+00:00,48,0.9786049086955837,0.9786049086955837,False,False,0.9254464973056197,11.36,-4.3,2026-01-24 19:00:00+00:00,34.0,2026-01-24 22:00:00,2026-01-25T00:00:00+05:00,d432c4e0c8e19f0f1a52310fe63f99fbb8b8ca538d6692c07519b4334e63dae0,gfs_seamless,False
turbine_2,2026-01-26 06:00:00+00:00,48,0.9775845459636977,0.9775845459636977,False,False,0.9573793299261784,12.39,-2.6,2026-01-24 19:00:00+00:00,35.0,2026-01-24 22:00:00,2026-01-25T00:00:00+05:00,d432c4e0c8e19f0f1a52310fe63f99fbb8b8ca538d6692c07519b4334e63dae0,gfs_seamless,False
turbine_2,2026-01-26 07:00:00+00:00,48,0.9514827230179281,0.9514827230179281,False,False,0.9631781376518219,12.61,-1.6,2026-01-24 19:00:00+00:00,36.0,2026-01-24 22:00:00,2026-01-25T00:00:00+05:00,d432c4e0c8e19f0f1a52310fe63f99fbb8b8ca538d6692c07519b4334e63dae0,gfs_seamless,False
turbine_2,2026-01-26 08:00:00+00:00,48,0.9551606596330626,0.9551606596330626,False,False,0.9631781376518219,12.84,-0.9,2026-01-24 19:00:00+00:00,37.0,2026-01-24 22:00:00,2026-01-25T00:00:00+05:00,d432c4e0c8e19f0f1a52310fe63f99fbb8b8ca538d6692c07519b4334e63dae0,gfs_seamless,False
turbine_2,2026-01-26 09:00:00+00:00,48,0.9137353833467339,0.9137353833467339,False,False,0.9700600600600602,13.02,-0.5,2026-01-24 19:00:00+00:00,38.0,2026-01-24 22:00:00,2026-01-25T00:00:00+05:00,d432c4e0c8e19f0f1a52310fe63f99fbb8b8ca538d6692c07519b4334e63dae0,gfs_seamless,False
turbine_2,2026-01-26 10:00:00+00:00,48,0.9423029560630763,0.9423029560630763,False,False,0.9631781376518219,12.63,-0.7,2026-01-24 19:00:00+00:00,39.0,2026-01-24 22:00:00,2026-01-25T00:00:00+05:00,d432c4e0c8e19f0f1a52310fe63f99fbb8b8ca538d6692c07519b4334e63dae0,gfs_seamless,False
turbine_2,2026-01-26 11:00:00+00:00,48,0.967368871249603,0.967368871249603,False,False,0.9516279069767442,11.88,-2.3,2026-01-24 19:00:00+00:00,40.0,2026-01-24 22:00:00,2026-01-25T00:00:00+05:00,d432c4e0c8e19f0f1a52310fe63f99fbb8b8ca538d6692c07519b4334e63dae0,gfs_seamless,False
turbine_2,2026-01-26 12:00:00+00:00,48,0.9854685326105387,0.9854685326105387,False,False,0.9254464973056197,11.3,-4.6,2026-01-24 19:00:00+00:00,41.0,2026-01-24 22:00:00,2026-01-25T00:00:00+05:00,d432c4e0c8e19f0f1a52310fe63f99fbb8b8ca538d6692c07519b4334e63dae0,gfs_seamless,False
turbine_2,2026-01-26 13:00:00+00:00,48,0.9124537740969999,0.9124537740969999,False,False,0.9254464973056197,11.19,-5.5,2026-01-24 19:00:00+00:00,42.0,2026-01-24 22:00:00,2026-01-25T00:00:00+05:00,d432c4e0c8e19f0f1a52310fe63f99fbb8b8ca538d6692c07519b4334e63dae0,gfs_seamless,False
turbine_2,2026-01-26 14:00:00+00:00,48,0.9517413031269961,0.9517413031269961,False,False,0.9516279069767442,11.68,-5.7,2026-01-24 19:00:00+00:00,43.0,2026-01-24 22:00:00,2026-01-25T00:00:00+05:00,d432c4e0c8e19f0f1a52310fe63f99fbb8b8ca538d6692c07519b4334e63dae0,gfs_seamless,False
turbine_2,2026-01-26 15:00:00+00:00,48,0.9011681858438457,0.9011681858438457,False,False,0.9516279069767442,11.5,-5.6,2026-01-24 19:00:00+00:00,44.0,2026-01-24 22:00:00,2026-01-25T00:00:00+05:00,d432c4e0c8e19f0f1a52310fe63f99fbb8b8ca538d6692c07519b4334e63dae0,gfs_seamless,False
turbine_2,2026-01-26 16:00:00+00:00,48,0.9431771169053216,0.9431771169053216,False,False,0.9516279069767442,11.55,-5.6,2026-01-24 19:00:00+00:00,45.0,2026-01-24 22:00:00,2026-01-25T00:00:00+05:00,d432c4e0c8e19f0f1a52310fe63f99fbb8b8ca538d6692c07519b4334e63dae0,gfs_seamless,False
turbine_2,2026-01-26 17:00:00+00:00,48,0.9088152309500298,0.9088152309500298,False,False,0.9254464973056197,11.11,-5.6,2026-01-24 19:00:00+00:00,46.0,2026-01-24 22:00:00,2026-01-25T00:00:00+05:00,d432c4e0c8e19f0f1a52310fe63f99fbb8b8ca538d6692c07519b4334e63dae0,gfs_seamless,False
turbine_2,2026-01-26 18:00:00+00:00,48,0.9489200211458854,0.9489200211458854,False,False,0.9254464973056197,11.41,-5.6,2026-01-24 19:00:00+00:00,47.0,2026-01-24 22:00:00,2026-01-25T00:00:00+05:00,d432c4e0c8e19f0f1a52310fe63f99fbb8b8ca538d6692c07519b4334e63dae0,gfs_seamless,False
turbine_2,2026-01-26 19:00:00+00:00,48,0.9489200211458854,0.9489200211458854,False,False,0.9254464973056197,11.4,-5.7,2026-01-24 19:00:00+00:00,48.0,2026-01-24 22:00:00,2026-01-25T00:00:00+05:00,d432c4e0c8e19f0f1a52310fe63f99fbb8b8ca538d6692c07519b4334e63dae0,gfs_seamless,False
turbine_1,2026-01-25 20:00:00+00:00,24,0.8194710347836901,0.8194710347836901,False,False,0.7645687134502924,9.81,-4.9,2026-01-25 19:00:00+00:00,1.0,2026-01-25 22:00:00,2026-01-26T00:00:00+05:00,dd8d560a5530703d40f30a8b374d399e4ddcb5122663aec7689cebf46b3c0bec,gfs_seamless,False
turbine_1,2026-01-25 21:00:00+00:00,24,0.8220921053198558,0.8220921053198558,False,False,0.7645687134502924,9.71,-5.5,2026-01-25 19:00:00+00:00,2.0,2026-01-25 22:00:00,2026-01-26T00:00:00+05:00,dd8d560a5530703d40f30a8b374d399e4ddcb5122663aec7689cebf46b3c0bec,gfs_seamless,False
turbine_1,2026-01-25 22:00:00+00:00,24,0.8422038016682644,0.8422038016682644,False,False,0.7645687134502924,9.88,-6.1,2026-01-25 19:00:00+00:00,3.0,2026-01-25 22:00:00,2026-01-26T00:00:00+05:00,dd8d560a5530703d40f30a8b374d399e4ddcb5122663aec7689cebf46b3c0bec,gfs_seamless,False
turbine_1,2026-01-25 23:00:00+00:00,24,0.8398366663622725,0.8398366663622725,False,False,0.8298177426438297,10.31,-5.8,2026-01-25 19:00:00+00:00,4.0,2026-01-25 22:00:00,2026-01-26T00:00:00+05:00,dd8d560a5530703d40f30a8b374d399e4ddcb5122663aec7689cebf46b3c0bec,gfs_seamless,False
turbine_1,2026-01-26 00:00:00+00:00,24,0.8538951591728862,0.8538951591728862,False,False,0.8933127317676143,10.5,-5.5,2026-01-25 19:00:00+00:00,5.0,2026-01-25 22:00:00,2026-01-26T00:00:00+05:00,dd8d560a5530703d40f30a8b374d399e4ddcb5122663aec7689cebf46b3c0bec,gfs_seamless,False
turbine_1,2026-01-26 01:00:00+00:00,24,0.8557443219155679,0.8557443219155679,False,False,0.8298177426438297,10.48,-4.9,2026-01-25 19:00:00+00:00,6.0,2026-01-25 22:00:00,2026-01-26T00:00:00+05:00,dd8d560a5530703d40f30a8b374d399e4ddcb5122663aec7689cebf46b3c0bec,gfs_seamless,False
turbine_1,2026-01-26 02:00:00+00:00,24,0.9224993982580562,0.9224993982580562,False,False,0.9380381944444444,11.46,-6.7,2026-01-25 19:00:00+00:00,7.0,2026-01-25 22:00:00,2026-01-26T00:00:00+05:00,dd8d560a5530703d40f30a8b374d399e4ddcb5122663aec7689cebf46b3c0bec,gfs_seamless,False
turbine_1,2026-01-26 03:00:00+00:00,24,0.8970619494215443,0.8970619494215443,False,False,0.9380381944444444,11.2,-7.1,2026-01-25 19:00:00+00:00,8.0,2026-01-25 22:00:00,2026-01-26T00:00:00+05:00,dd8d560a5530703d40f30a8b374d399e4ddcb5122663aec7689cebf46b3c0bec,gfs_seamless,False
turbine_1,2026-01-26 04:00:00+00:00,24,0.9755170711422547,0.9755170711422547,False,False,0.9380381944444444,11.27,-5.2,2026-01-25 19:00:00+00:00,9.0,2026-01-25 22:00:00,2026-01-26T00:00:00+05:00,dd8d560a5530703d40f30a8b374d399e4ddcb5122663aec7689cebf46b3c0bec,gfs_seamless,False
turbine_1,2026-01-26 05:00:00+00:00,24,0.983545621474481,0.983545621474481,False,False,0.9603328741965105,11.76,-3.3,2026-01-25 19:00:00+00:00,10.0,2026-01-25 22:00:00,2026-01-26T00:00:00+05:00,dd8d560a5530703d40f30a8b374d399e4ddcb5122663aec7689cebf46b3c0bec,gfs_seamless,False
turbine_1,2026-01-26 06:00:00+00:00,24,0.9853304222469889,0.9853304222469889,False,False,0.9581681957186543,12.01,-2.1,2026-01-25 19:00:00+00:00,11.0,2026-01-25 22:00:00,2026-01-26T00:00:00+05:00,dd8d560a5530703d40f30a8b374d399e4ddcb5122663aec7689cebf46b3c0bec,gfs_seamless,False
turbine_1,2026-01-26 07:00:00+00:00,24,0.972083458985121,0.972083458985121,False,False,0.9581681957186543,12.47,-1.3,2026-01-25 19:00:00+00:00,12.0,2026-01-25 22:00:00,2026-01-26T00:00:00+05:00,dd8d560a5530703d40f30a8b374d399e4ddcb5122663aec7689cebf46b3c0bec,gfs_seamless,False
turbine_1,2026-01-26 08:00:00+00:00,24,0.9651285610866468,0.9651285610866468,False,False,0.9673371212121211,12.59,-0.7,2026-01-25 19:00:00+00:00,13.0,2026-01-25 22:00:00,2026-01-26T00:00:00+05:00,dd8d560a5530703d40f30a8b374d399e4ddcb5122663aec7689cebf46b3c0bec,gfs_seamless,False
turbine_1,2026-01-26 09:00:00+00:00,24,0.9827373047211586,0.9827373047211586,False,False,0.9581681957186543,12.08,-0.5,2026-01-25 19:00:00+00:00,14.0,2026-01-25 22:00:00,2026-01-26T00:00:00+05:00,dd8d560a5530703d40f30a8b374d399e4ddcb5122663aec7689cebf46b3c0bec,gfs_seamless,False
turbine_1,2026-01-26 10:00:00+00:00,24,0.9699574246328385,0.9699574246328385,False,False,0.9380381944444444,11.1,-0.8,2026-01-25 19:00:00+00:00,15.0,2026-01-25 22:00:00,2026-01-26T00:00:00+05:00,dd8d560a5530703d40f30a8b374d399e4ddcb5122663aec7689cebf46b3c0bec,gfs_seamless,False
turbine_1,2026-01-26 11:00:00+00:00,24,0.8488717388373941,0.8488717388373941,False,False,0.8298177426438297,10.01,-2.4,2026-01-25 19:00:00+00:00,16.0,2026-01-25 22:00:00,2026-01-26T00:00:00+05:00,dd8d560a5530703d40f30a8b374d399e4ddcb5122663aec7689cebf46b3c0bec,gfs_seamless,False
turbine_1,2026-01-26 12:00:00+00:00,24,0.7166128283151648,0.7166128283151648,False,False,0.6951442786069651,9.18,-4.6,2026-01-25 19:00:00+00:00,17.0,2026-01-25 22:00:00,2026-01-26T00:00:00+05:00,dd8d560a5530703d40f30a8b374d399e4ddcb5122663aec7689cebf46b3c0bec,gfs_seamless,False
turbine_1,2026-01-26 13:00:00+00:00,24,0.6673908654202905,0.6673908654202905,False,False,0.6263768115942029,8.81,-5.6,2026-01-25 19:00:00+00:00,18.0,2026-01-25 22:00:00,2026-01-26T00:00:00+05:00,dd8d560a5530703d40f30a8b374d399e4ddcb5122663aec7689cebf46b3c0bec,gfs_seamless,False
turbine_1,2026-01-26 14:00:00+00:00,24,0.6355158015236192,0.6355158015236192,False,False,0.6263768115942029,8.69,-5.7,2026-01-25 19:00:00+00:00,19.0,2026-01-25 22:00:00,2026-01-26T00:00:00+05:00,dd8d560a5530703d40f30a8b374d399e4ddcb5122663aec7689cebf46b3c0bec,gfs_seamless,False
turbine_1,2026-01-26 15:00:00+00:00,24,0.5176008281101117,0.5176008281101117,False,False,0.5475893207695327,8.05,-6.2,2026-01-25 19:00:00+00:00,20.0,2026-01-25 22:00:00,2026-01-26T00:00:00+05:00,dd8d560a5530703d40f30a8b374d399e4ddcb5122663aec7689cebf46b3c0bec,gfs_seamless,False
turbine_1,2026-01-26 16:00:00+00:00,24,0.4892056961504991,0.4892056961504991,False,False,0.4750276243093922,7.83,-6.5,2026-01-25 19:00:00+00:00,21.0,2026-01-25 22:00:00,2026-01-26T00:00:00+05:00,dd8d560a5530703d40f30a8b374d399e4ddcb5122663aec7689cebf46b3c0bec,gfs_seamless,False
turbine_1,2026-01-26 17:00:00+00:00,24,0.6261776652085274,0.6261776652085274,False,False,0.6263768115942029,8.6,-6.4,2026-01-25 19:00:00+00:00,22.0,2026-01-25 22:00:00,2026-01-26T00:00:00+05:00,dd8d560a5530703d40f30a8b374d399e4ddcb5122663aec7689cebf46b3c0bec,gfs_seamless,False
turbine_1,2026-01-26 18:00:00+00:00,24,0.8498782425191924,0.8498782425191924,False,False,0.7645687134502924,9.98,-5.8,2026-01-25 19:00:00+00:00,23.0,2026-01-25 22:00:00,2026-01-26T00:00:00+05:00,dd8d560a5530703d40f30a8b374d399e4ddcb5122663aec7689cebf46b3c0bec,gfs_seamless,False
turbine_1,2026-01-26 19:00:00+00:00,24,0.9011579445126353,0.9011579445126353,False,False,0.8933127317676143,10.78,-5.4,2026-01-25 19:00:00+00:00,24.0,2026-01-25 22:00:00,2026-01-26T00:00:00+05:00,dd8d560a5530703d40f30a8b374d399e4ddcb5122663aec7689cebf46b3c0bec,gfs_seamless,False
turbine_1,2026-01-26 20:00:00+00:00,48,0.9766324533758568,0.9766324533758568,False,False,0.9581681957186543,12.34,-5.8,2026-01-25 19:00:00+00:00,25.0,2026-01-25 22:00:00,2026-01-26T00:00:00+05:00,dd8d560a5530703d40f30a8b374d399e4ddcb5122663aec7689cebf46b3c0bec,gfs_seamless,False
turbine_1,2026-01-26 21:00:00+00:00,48,0.9935669189251981,0.9935669189251981,False,False,0.9581681957186543,12.22,-6.1,2026-01-25 19:00:00+00:00,26.0,2026-01-25 22:00:00,2026-01-26T00:00:00+05:00,dd8d560a5530703d40f30a8b374d399e4ddcb5122663aec7689cebf46b3c0bec,gfs_seamless,False
turbine_1,2026-01-26 22:00:00+00:00,48,0.9204130667508642,0.9204130667508642,False,False,0.9603328741965105,11.77,-6.7,2026-01-25 19:00:00+00:00,27.0,2026-01-25 22:00:00,2026-01-26T00:00:00+05:00,dd8d560a5530703d40f30a8b374d399e4ddcb5122663aec7689cebf46b3c0bec,gfs_seamless,False
turbine_1,2026-01-26 23:00:00+00:00,48,0.9224993982580562,0.9224993982580562,False,False,0.9603328741965105,11.67,-7.0,2026-01-25 19:00:00+00:00,28.0,2026-01-25 22:00:00,2026-01-26T00:00:00+05:00,dd8d560a5530703d40f30a8b374d399e4ddcb5122663aec7689cebf46b3c0bec,gfs_seamless,False
turbine_1,2026-01-27 00:00:00+00:00,48,0.8915905294114471,0.8915905294114471,False,False,0.8298177426438297,10.38,-7.8,2026-01-25 19:00:00+00:00,29.0,2026-01-25 22:00:00,2026-01-26T00:00:00+05:00,dd8d560a5530703d40f30a8b374d399e4ddcb5122663aec7689cebf46b3c0bec,gfs_seamless,False
turbine_1,2026-01-27 01:00:00+00:00,48,0.863091826842681,0.863091826842681,False,False,0.8298177426438297,10.02,-8.0,2026-01-25 19:00:00+00:00,30.0,2026-01-25 22:00:00,2026-01-26T00:00:00+05:00,dd8d560a5530703d40f30a8b374d399e4ddcb5122663aec7689cebf46b3c0bec,gfs_seamless,False
turbine_1,2026-01-27 02:00:00+00:00,48,0.6299946967013355,0.6299946967013355,False,False,0.6263768115942029,8.68,-7.3,2026-01-25 19:00:00+00:00,31.0,2026-01-25 22:00:00,2026-01-26T00:00:00+05:00,dd8d560a5530703d40f30a8b374d399e4ddcb5122663aec7689cebf46b3c0bec,gfs_seamless,False
turbine_1,2026-01-27 03:00:00+00:00,48,0.597100172538571,0.597100172538571,False,False,0.5475893207695327,8.43,-6.4,2026-01-25 19:00:00+00:00,32.0,2026-01-25 22:00:00,2026-01-26T00:00:00+05:00,dd8d560a5530703d40f30a8b374d399e4ddcb5122663aec7689cebf46b3c0bec,gfs_seamless,False
turbine_1,2026-01-27 04:00:00+00:00,48,0.5151941667919449,0.5151941667919449,False,False,0.4750276243093922,7.98,-4.5,2026-01-25 19:00:00+00:00,33.0,2026-01-25 22:00:00,2026-01-26T00:00:00+05:00,dd8d560a5530703d40f30a8b374d399e4ddcb5122663aec7689cebf46b3c0bec,gfs_seamless,False
turbine_1,2026-01-27 05:00:00+00:00,48,0.30207837459089293,0.30207837459089293,False,False,0.32463126843657814,6.93,-3.6,2026-01-25 19:00:00+00:00,34.0,2026-01-25 22:00:00,2026-01-26T00:00:00+05:00,dd8d560a5530703d40f30a8b374d399e4ddcb5122663aec7689cebf46b3c0bec,gfs_seamless,False
turbine_1,2026-01-27 06:00:00+00:00,48,0.0822129009393363,0.0822129009393363,False,False,0.14874375780274657,5.04,-2.9,2026-01-25 19:00:00+00:00,35.0,2026-01-25 22:00:00,2026-01-26T00:00:00+05:00,dd8d560a5530703d40f30a8b374d399e4ddcb5122663aec7689cebf46b3c0bec,gfs_seamless,False
turbine_1,2026-01-27 07:00:00+00:00,48,0.0657189565592519,0.0657189565592519,False,False,0.11154924983692106,4.81,-1.7,2026-01-25 19:00:00+00:00,36.0,2026-01-25 22:00:00,2026-01-26T00:00:00+05:00,dd8d560a5530703d40f30a8b374d399e4ddcb5122663aec7689cebf46b3c0bec,gfs_seamless,False
turbine_1,2026-01-27 08:00:00+00:00,48,0.06345143673484246,0.06345143673484246,False,False,0.11154924983692106,4.61,-0.8,2026-01-25 19:00:00+00:00,37.0,2026-01-25 22:00:00,2026-01-26T00:00:00+05:00,dd8d560a5530703d40f30a8b374d399e4ddcb5122663aec7689cebf46b3c0bec,gfs_seamless,False
turbine_1,2026-01-27 09:00:00+00:00,48,0.07501190698840424,0.07501190698840424,False,False,0.11154924983692106,4.78,-0.4,2026-01-25 19:00:00+00:00,38.0,2026-01-25 22:00:00,2026-01-26T00:00:00+05:00,dd8d560a5530703d40f30a8b374d399e4ddcb5122663aec7689cebf46b3c0bec,gfs_seamless,False
turbine_1,2026-01-27 10:00:00+00:00,48,0.11709915353637879,0.11709915353637879,False,False,0.14874375780274657,5.46,-1.0,2026-01-25 19:00:00+00:00,39.0,2026-01-25 22:00:00,2026-01-26T00:00:00+05:00,dd8d560a5530703d40f30a8b374d399e4ddcb5122663aec7689cebf46b3c0bec,gfs_seamless,False
turbine_1,2026-01-27 11:00:00+00:00,48,0.19746422134754593,0.19746422134754593,False,False,0.25628649898814687,6.05,-2.4,2026-01-25 19:00:00+00:00,40.0,2026-01-25 22:00:00,2026-01-26T00:00:00+05:00,dd8d560a5530703d40f30a8b374d399e4ddcb5122663aec7689cebf46b3c0bec,gfs_seamless,False
turbine_1,2026-01-27 12:00:00+00:00,48,0.1389268403308247,0.1389268403308247,False,False,0.19502446982055466,5.89,-3.6,2026-01-25 19:00:00+00:00,41.0,2026-01-25 22:00:00,2026-01-26T00:00:00+05:00,dd8d560a5530703d40f30a8b374d399e4ddcb5122663aec7689cebf46b3c0bec,gfs_seamless,False
turbine_1,2026-01-27 13:00:00+00:00,48,0.14951175869964012,0.14951175869964012,False,False,0.19502446982055466,5.79,-3.9,2026-01-25 19:00:00+00:00,42.0,2026-01-25 22:00:00,2026-01-26T00:00:00+05:00,dd8d560a5530703d40f30a8b374d399e4ddcb5122663aec7689cebf46b3c0bec,gfs_seamless,False
turbine_1,2026-01-27 14:00:00+00:00,48,0.09332097187419018,0.09332097187419018,False,False,0.14874375780274657,5.26,-4.2,2026-01-25 19:00:00+00:00,43.0,2026-01-25 22:00:00,2026-01-26T00:00:00+05:00,dd8d560a5530703d40f30a8b374d399e4ddcb5122663aec7689cebf46b3c0bec,gfs_seamless,False
turbine_1,2026-01-27 15:00:00+00:00,48,0.08499277980937876,0.08499277980937876,False,False,0.14874375780274657,5.15,-4.5,2026-01-25 19:00:00+00:00,44.0,2026-01-25 22:00:00,2026-01-26T00:00:00+05:00,dd8d560a5530703d40f30a8b374d399e4ddcb5122663aec7689cebf46b3c0bec,gfs_seamless,False
turbine_1,2026-01-27 16:00:00+00:00,48,0.07849399338036751,0.07849399338036751,False,False,0.14874375780274657,5.11,-4.2,2026-01-25 19:00:00+00:00,45.0,2026-01-25 22:00:00,2026-01-26T00:00:00+05:00,dd8d560a5530703d40f30a8b374d399e4ddcb5122663aec7689cebf46b3c0bec,gfs_seamless,False
turbine_1,2026-01-27 17:00:00+00:00,48,0.11402974592700617,0.11402974592700617,False,False,0.19502446982055466,5.54,-3.9,2026-01-25 19:00:00+00:00,46.0,2026-01-25 22:00:00,2026-01-26T00:00:00+05:00,dd8d560a5530703d40f30a8b374d399e4ddcb5122663aec7689cebf46b3c0bec,gfs_seamless,False
turbine_1,2026-01-27 18:00:00+00:00,48,0.05922130678823684,0.05922130678823684,False,False,0.11154924983692106,4.9,-3.9,2026-01-25 19:00:00+00:00,47.0,2026-01-25 22:00:00,2026-01-26T00:00:00+05:00,dd8d560a5530703d40f30a8b374d399e4ddcb5122663aec7689cebf46b3c0bec,gfs_seamless,False
turbine_1,2026-01-27 19:00:00+00:00,48,0.05412673976026706,0.05412673976026706,False,False,0.11154924983692106,4.79,-4.3,2026-01-25 19:00:00+00:00,48.0,2026-01-25 22:00:00,2026-01-26T00:00:00+05:00,dd8d560a5530703d40f30a8b374d399e4ddcb5122663aec7689cebf46b3c0bec,gfs_seamless,False
turbine_2,2026-01-25 20:00:00+00:00,24,0.7985261139607922,0.7985261139607922,False,False,0.7532918496827721,9.81,-4.9,2026-01-25 19:00:00+00:00,1.0,2026-01-25 22:00:00,2026-01-26T00:00:00+05:00,8cc8ba66484222878a41f30ed8f35bda10912d161489483d2f61938506d1f71a,gfs_seamless,False
turbine_2,2026-01-25 21:00:00+00:00,24,0.7897389291315379,0.7897389291315379,False,False,0.7532918496827721,9.71,-5.5,2026-01-25 19:00:00+00:00,2.0,2026-01-25 22:00:00,2026-01-26T00:00:00+05:00,8cc8ba66484222878a41f30ed8f35bda10912d161489483d2f61938506d1f71a,gfs_seamless,False
turbine_2,2026-01-25 22:00:00+00:00,24,0.8054441499417213,0.8054441499417213,False,False,0.7532918496827721,9.88,-6.1,2026-01-25 19:00:00+00:00,3.0,2026-01-25 22:00:00,2026-01-26T00:00:00+05:00,8cc8ba66484222878a41f30ed8f35bda10912d161489483d2f61938506d1f71a,gfs_seamless,False
turbine_2,2026-01-25 23:00:00+00:00,24,0.8677644496449548,0.8677644496449548,False,False,0.8234509271822704,10.31,-5.8,2026-01-25 19:00:00+00:00,4.0,2026-01-25 22:00:00,2026-01-26T00:00:00+05:00,8cc8ba66484222878a41f30ed8f35bda10912d161489483d2f61938506d1f71a,gfs_seamless,False
turbine_2,2026-01-26 00:00:00+00:00,24,0.831918525658087,0.831918525658087,False,False,0.8841280487804878,10.5,-5.5,2026-01-25 19:00:00+00:00,5.0,2026-01-25 22:00:00,2026-01-26T00:00:00+05:00,8cc8ba66484222878a41f30ed8f35bda10912d161489483d2f61938506d1f71a,gfs_seamless,False
turbine_2,2026-01-26 01:00:00+00:00,24,0.8256345708740215,0.8256345708740215,False,False,0.8234509271822704,10.48,-4.9,2026-01-25 19:00:00+00:00,6.0,2026-01-25 22:00:00,2026-01-26T00:00:00+05:00,8cc8ba66484222878a41f30ed8f35bda10912d161489483d2f61938506d1f71a,gfs_seamless,False
turbine_2,2026-01-26 02:00:00+00:00,24,0.8633987705155781,0.8633987705155781,False,False,0.9255645161290322,11.46,-6.7,2026-01-25 19:00:00+00:00,7.0,2026-01-25 22:00:00,2026-01-26T00:00:00+05:00,8cc8ba66484222878a41f30ed8f35bda10912d161489483d2f61938506d1f71a,gfs_seamless,False
turbine_2,2026-01-26 03:00:00+00:00,24,0.9185801371625228,0.9185801371625228,False,False,0.9255645161290322,11.2,-7.1,2026-01-25 19:00:00+00:00,8.0,2026-01-25 22:00:00,2026-01-26T00:00:00+05:00,8cc8ba66484222878a41f30ed8f35bda10912d161489483d2f61938506d1f71a,gfs_seamless,False
turbine_2,2026-01-26 04:00:00+00:00,24,0.9615205697328997,0.9615205697328997,False,False,0.9255645161290322,11.27,-5.2,2026-01-25 19:00:00+00:00,9.0,2026-01-25 22:00:00,2026-01-26T00:00:00+05:00,8cc8ba66484222878a41f30ed8f35bda10912d161489483d2f61938506d1f71a,gfs_seamless,False
turbine_2,2026-01-26 05:00:00+00:00,24,0.9735511553871822,0.9735511553871822,False,False,0.9516279069767442,11.76,-3.3,2026-01-25 19:00:00+00:00,10.0,2026-01-25 22:00:00,2026-01-26T00:00:00+05:00,8cc8ba66484222878a41f30ed8f35bda10912d161489483d2f61938506d1f71a,gfs_seamless,False
turbine_2,2026-01-26 06:00:00+00:00,24,0.9720304619178032,0.9720304619178032,False,False,0.9573793299261784,12.01,-2.1,2026-01-25 19:00:00+00:00,11.0,2026-01-25 22:00:00,2026-01-26T00:00:00+05:00,8cc8ba66484222878a41f30ed8f35bda10912d161489483d2f61938506d1f71a,gfs_seamless,False
turbine_2,2026-01-26 07:00:00+00:00,24,0.9639226448755565,0.9639226448755565,False,False,0.9573793299261784,12.47,-1.3,2026-01-25 19:00:00+00:00,12.0,2026-01-25 22:00:00,2026-01-26T00:00:00+05:00,8cc8ba66484222878a41f30ed8f35bda10912d161489483d2f61938506d1f71a,gfs_seamless,False
turbine_2,2026-01-26 08:00:00+00:00,24,0.9511847312786462,0.9511847312786462,False,False,0.9631781376518219,12.59,-0.7,2026-01-25 19:00:00+00:00,13.0,2026-01-25 22:00:00,2026-01-26T00:00:00+05:00,8cc8ba66484222878a41f30ed8f35bda10912d161489483d2f61938506d1f71a,gfs_seamless,False
turbine_2,2026-01-26 09:00:00+00:00,24,0.9669451653200147,0.9669451653200147,False,False,0.9573793299261784,12.08,-0.5,2026-01-25 19:00:00+00:00,14.0,2026-01-25 22:00:00,2026-01-26T00:00:00+05:00,8cc8ba66484222878a41f30ed8f35bda10912d161489483d2f61938506d1f71a,gfs_seamless,False
turbine_2,2026-01-26 10:00:00+00:00,24,0.937535741962398,0.937535741962398,False,False,0.9255645161290322,11.1,-0.8,2026-01-25 19:00:00+00:00,15.0,2026-01-25 22:00:00,2026-01-26T00:00:00+05:00,8cc8ba66484222878a41f30ed8f35bda10912d161489483d2f61938506d1f71a,gfs_seamless,False
turbine_2,2026-01-26 11:00:00+00:00,24,0.8264968477914197,0.8264968477914197,False,False,0.8234509271822704,10.01,-2.4,2026-01-25 19:00:00+00:00,16.0,2026-01-25 22:00:00,2026-01-26T00:00:00+05:00,8cc8ba66484222878a41f30ed8f35bda10912d161489483d2f61938506d1f71a,gfs_seamless,False
turbine_2,2026-01-26 12:00:00+00:00,24,0.7126740249873142,0.7126740249873142,False,False,0.6739665725047082,9.18,-4.6,2026-01-25 19:00:00+00:00,17.0,2026-01-25 22:00:00,2026-01-26T00:00:00+05:00,8cc8ba66484222878a41f30ed8f35bda10912d161489483d2f61938506d1f71a,gfs_seamless,False
turbine_2,2026-01-26 13:00:00+00:00,24,0.5894184770868326,0.5894184770868326,False,False,0.6157694033198744,8.81,-5.6,2026-01-25 19:00:00+00:00,18.0,2026-01-25 22:00:00,2026-01-26T00:00:00+05:00,8cc8ba66484222878a41f30ed8f35bda10912d161489483d2f61938506d1f71a,gfs_seamless,False
turbine_2,2026-01-26 14:00:00+00:00,24,0.579230450783816,0.579230450783816,False,False,0.6157694033198744,8.69,-5.7,2026-01-25 19:00:00+00:00,19.0,2026-01-25 22:00:00,2026-01-26T00:00:00+05:00,8cc8ba66484222878a41f30ed8f35bda10912d161489483d2f61938506d1f71a,gfs_seamless,False
turbine_2,2026-01-26 15:00:00+00:00,24,0.47280298959856004,0.47280298959856004,False,False,0.5336415947390054,8.05,-6.2,2026-01-25 19:00:00+00:00,20.0,2026-01-25 22:00:00,2026-01-26T00:00:00+05:00,8cc8ba66484222878a41f30ed8f35bda10912d161489483d2f61938506d1f71a,gfs_seamless,False
turbine_2,2026-01-26 16:00:00+00:00,24,0.44268243540160296,0.44268243540160296,False,False,0.45976338514680487,7.83,-6.5,2026-01-25 19:00:00+00:00,21.0,2026-01-25 22:00:00,2026-01-26T00:00:00+05:00,8cc8ba66484222878a41f30ed8f35bda10912d161489483d2f61938506d1f71a,gfs_seamless,False
turbine_2,2026-01-26 17:00:00+00:00,24,0.562275705717144,0.562275705717144,False,False,0.6157694033198744,8.6,-6.4,2026-01-25 19:00:00+00:00,22.0,2026-01-25 22:00:00,2026-01-26T00:00:00+05:00,8cc8ba66484222878a41f30ed8f35bda10912d161489483d2f61938506d1f71a,gfs_seamless,False
turbine_2,2026-01-26 18:00:00+00:00,24,0.8175459266379945,0.8175459266379945,False,False,0.7532918496827721,9.98,-5.8,2026-01-25 19:00:00+00:00,23.0,2026-01-25 22:00:00,2026-01-26T00:00:00+05:00,8cc8ba66484222878a41f30ed8f35bda10912d161489483d2f61938506d1f71a,gfs_seamless,False
turbine_2,2026-01-26 19:00:00+00:00,24,0.8725743739988965,0.8725743739988965,False,False,0.8841280487804878,10.78,-5.4,2026-01-25 19:00:00+00:00,24.0,2026-01-25 22:00:00,2026-01-26T00:00:00+05:00,8cc8ba66484222878a41f30ed8f35bda10912d161489483d2f61938506d1f71a,gfs_seamless,False
turbine_2,2026-01-26 20:00:00+00:00,48,0.9720860936140227,0.9720860936140227,False,False,0.9573793299261784,12.34,-5.8,2026-01-25 19:00:00+00:00,25.0,2026-01-25 22:00:00,2026-01-26T00:00:00+05:00,8cc8ba66484222878a41f30ed8f35bda10912d161489483d2f61938506d1f71a,gfs_seamless,False
turbine_2,2026-01-26 21:00:00+00:00,48,0.9829818019597198,0.9829818019597198,False,False,0.9573793299261784,12.22,-6.1,2026-01-25 19:00:00+00:00,26.0,2026-01-25 22:00:00,2026-01-26T00:00:00+05:00,8cc8ba66484222878a41f30ed8f35bda10912d161489483d2f61938506d1f71a,gfs_seamless,False
turbine_2,2026-01-26 22:00:00+00:00,48,0.9134029157652624,0.9134029157652624,False,False,0.9516279069767442,11.77,-6.7,2026-01-25 19:00:00+00:00,27.0,2026-01-25 22:00:00,2026-01-26T00:00:00+05:00,8cc8ba66484222878a41f30ed8f35bda10912d161489483d2f61938506d1f71a,gfs_seamless,False
turbine_2,2026-01-26 23:00:00+00:00,48,0.9134029157652624,0.9134029157652624,False,False,0.9516279069767442,11.67,-7.0,2026-01-25 19:00:00+00:00,28.0,2026-01-25 22:00:00,2026-01-26T00:00:00+05:00,8cc8ba66484222878a41f30ed8f35bda10912d161489483d2f61938506d1f71a,gfs_seamless,False
turbine_2,2026-01-27 00:00:00+00:00,48,0.7824027650125125,0.7824027650125125,False,False,0.8234509271822704,10.38,-7.8,2026-01-25 19:00:00+00:00,29.0,2026-01-25 22:00:00,2026-01-26T00:00:00+05:00,8cc8ba66484222878a41f30ed8f35bda10912d161489483d2f61938506d1f71a,gfs_seamless,False
turbine_2,2026-01-27 01:00:00+00:00,48,0.8454660125748049,0.8454660125748049,False,False,0.8234509271822704,10.02,-8.0,2026-01-25 19:00:00+00:00,30.0,2026-01-25 22:00:00,2026-01-26T00:00:00+05:00,8cc8ba66484222878a41f30ed8f35bda10912d161489483d2f61938506d1f71a,gfs_seamless,False
turbine_2,2026-01-27 02:00:00+00:00,48,0.5651175302923065,0.5651175302923065,False,False,0.6157694033198744,8.68,-7.3,2026-01-25 19:00:00+00:00,31.0,2026-01-25 22:00:00,2026-01-26T00:00:00+05:00,8cc8ba66484222878a41f30ed8f35bda10912d161489483d2f61938506d1f71a,gfs_seamless,False
turbine_2,2026-01-27 03:00:00+00:00,48,0.529674831441271,0.529674831441271,False,False,0.5336415947390054,8.43,-6.4,2026-01-25 19:00:00+00:00,32.0,2026-01-25 22:00:00,2026-01-26T00:00:00+05:00,8cc8ba66484222878a41f30ed8f35bda10912d161489483d2f61938506d1f71a,gfs_seamless,False
turbine_2,2026-01-27 04:00:00+00:00,48,0.4738021208730124,0.4738021208730124,False,False,0.45976338514680487,7.98,-4.5,2026-01-25 19:00:00+00:00,33.0,2026-01-25 22:00:00,2026-01-26T00:00:00+05:00,8cc8ba66484222878a41f30ed8f35bda10912d161489483d2f61938506d1f71a,gfs_seamless,False
turbine_2,2026-01-27 05:00:00+00:00,48,0.3059474616236273,0.3059474616236273,False,False,0.3135039028620989,6.93,-3.6,2026-01-25 19:00:00+00:00,34.0,2026-01-25 22:00:00,2026-01-26T00:00:00+05:00,8cc8ba66484222878a41f30ed8f35bda10912d161489483d2f61938506d1f71a,gfs_seamless,False
turbine_2,2026-01-27 06:00:00+00:00,48,0.07233458932704198,0.07233458932704198,False,False,0.14266395908543922,5.04,-2.9,2026-01-25 19:00:00+00:00,35.0,2026-01-25 22:00:00,2026-01-26T00:00:00+05:00,8cc8ba66484222878a41f30ed8f35bda10912d161489483d2f61938506d1f71a,gfs_seamless,False
turbine_2,2026-01-27 07:00:00+00:00,48,0.05881817299903378,0.05881817299903378,False,False,0.10502881407340006,4.81,-1.7,2026-01-25 19:00:00+00:00,36.0,2026-01-25 22:00:00,2026-01-26T00:00:00+05:00,8cc8ba66484222878a41f30ed8f35bda10912d161489483d2f61938506d1f71a,gfs_seamless,False
turbine_2,2026-01-27 08:00:00+00:00,48,0.05446164709444373,0.05446164709444373,False,False,0.10502881407340006,4.61,-0.8,2026-01-25 19:00:00+00:00,37.0,2026-01-25 22:00:00,2026-01-26T00:00:00+05:00,8cc8ba66484222878a41f30ed8f35bda10912d161489483d2f61938506d1f71a,gfs_seamless,False
turbine_2,2026-01-27 09:00:00+00:00,48,0.06347451173008818,0.06347451173008818,False,False,0.10502881407340006,4.78,-0.4,2026-01-25 19:00:00+00:00,38.0,2026-01-25 22:00:00,2026-01-26T00:00:00+05:00,8cc8ba66484222878a41f30ed8f35bda10912d161489483d2f61938506d1f71a,gfs_seamless,False
turbine_2,2026-01-27 10:00:00+00:00,48,0.1185438340251946,0.1185438340251946,False,False,0.14266395908543922,5.46,-1.0,2026-01-25 19:00:00+00:00,39.0,2026-01-25 22:00:00,2026-01-26T00:00:00+05:00,8cc8ba66484222878a41f30ed8f35bda10912d161489483d2f61938506d1f71a,gfs_seamless,False
turbine_2,2026-01-27 11:00:00+00:00,48,0.16899511579791304,0.16899511579791304,False,False,0.24539662797125483,6.05,-2.4,2026-01-25 19:00:00+00:00,40.0,2026-01-25 22:00:00,2026-01-26T00:00:00+05:00,8cc8ba66484222878a41f30ed8f35bda10912d161489483d2f61938506d1f71a,gfs_seamless,False
turbine_2,2026-01-27 12:00:00+00:00,48,0.13925076811643117,0.13925076811643117,False,False,0.18822717622080679,5.89,-3.6,2026-01-25 19:00:00+00:00,41.0,2026-01-25 22:00:00,2026-01-26T00:00:00+05:00,8cc8ba66484222878a41f30ed8f35bda10912d161489483d2f61938506d1f71a,gfs_seamless,False
turbine_2,2026-01-27 13:00:00+00:00,48,0.1285858501370908,0.1285858501370908,False,False,0.18822717622080679,5.79,-3.9,2026-01-25 19:00:00+00:00,42.0,2026-01-25 22:00:00,2026-01-26T00:00:00+05:00,8cc8ba66484222878a41f30ed8f35bda10912d161489483d2f61938506d1f71a,gfs_seamless,False
turbine_2,2026-01-27 14:00:00+00:00,48,0.07043172957103953,0.07043172957103953,False,False,0.14266395908543922,5.26,-4.2,2026-01-25 19:00:00+00:00,43.0,2026-01-25 22:00:00,2026-01-26T00:00:00+05:00,8cc8ba66484222878a41f30ed8f35bda10912d161489483d2f61938506d1f71a,gfs_seamless,False
turbine_2,2026-01-27 15:00:00+00:00,48,0.06930929117105442,0.06930929117105442,False,False,0.14266395908543922,5.15,-4.5,2026-01-25 19:00:00+00:00,44.0,2026-01-25 22:00:00,2026-01-26T00:00:00+05:00,8cc8ba66484222878a41f30ed8f35bda10912d161489483d2f61938506d1f71a,gfs_seamless,False
turbine_2,2026-01-27 16:00:00+00:00,48,0.06556848760226358,0.06556848760226358,False,False,0.14266395908543922,5.11,-4.2,2026-01-25 19:00:00+00:00,45.0,2026-01-25 22:00:00,2026-01-26T00:00:00+05:00,8cc8ba66484222878a41f30ed8f35bda10912d161489483d2f61938506d1f71a,gfs_seamless,False
turbine_2,2026-01-27 17:00:00+00:00,48,0.09959124308675586,0.09959124308675586,False,False,0.18822717622080679,5.54,-3.9,2026-01-25 19:00:00+00:00,46.0,2026-01-25 22:00:00,2026-01-26T00:00:00+05:00,8cc8ba66484222878a41f30ed8f35bda10912d161489483d2f61938506d1f71a,gfs_seamless,False
turbine_2,2026-01-27 18:00:00+00:00,48,0.053067747763239324,0.053067747763239324,False,False,0.10502881407340006,4.9,-3.9,2026-01-25 19:00:00+00:00,47.0,2026-01-25 22:00:00,2026-01-26T00:00:00+05:00,8cc8ba66484222878a41f30ed8f35bda10912d161489483d2f61938506d1f71a,gfs_seamless,False
turbine_2,2026-01-27 19:00:00+00:00,48,0.045852950938669236,0.045852950938669236,False,False,0.10502881407340006,4.79,-4.3,2026-01-25 19:00:00+00:00,48.0,2026-01-25 22:00:00,2026-01-26T00:00:00+05:00,8cc8ba66484222878a41f30ed8f35bda10912d161489483d2f61938506d1f71a,gfs_seamless,False
turbine_1,2026-01-26 20:00:00+00:00,24,0.9665249647753423,0.9665249647753423,False,False,0.9380381944444444,11.31,-5.2,2026-01-26 19:00:00+00:00,1.0,2026-01-26 22:00:00,2026-01-27T00:00:00+05:00,46649115b2093bc9a5f8ce6c2f97b473e886494ef27e693b4c4c18cc1cdf114d,gfs_seamless,False
turbine_1,2026-01-26 21:00:00+00:00,24,0.9912343626996588,0.9912343626996588,False,False,0.9603328741965105,11.59,-6.0,2026-01-26 19:00:00+00:00,2.0,2026-01-26 22:00:00,2026-01-27T00:00:00+05:00,46649115b2093bc9a5f8ce6c2f97b473e886494ef27e693b4c4c18cc1cdf114d,gfs_seamless,False
turbine_1,2026-01-26 22:00:00+00:00,24,0.9464193297293566,0.9464193297293566,False,False,0.9380381944444444,11.32,-6.6,2026-01-26 19:00:00+00:00,3.0,2026-01-26 22:00:00,2026-01-27T00:00:00+05:00,46649115b2093bc9a5f8ce6c2f97b473e886494ef27e693b4c4c18cc1cdf114d,gfs_seamless,False
turbine_1,2026-01-26 23:00:00+00:00,24,0.8690289955231955,0.8690289955231955,False,False,0.8298177426438297,10.25,-7.4,2026-01-26 19:00:00+00:00,4.0,2026-01-26 22:00:00,2026-01-27T00:00:00+05:00,46649115b2093bc9a5f8ce6c2f97b473e886494ef27e693b4c4c18cc1cdf114d,gfs_seamless,False
turbine_1,2026-01-27 00:00:00+00:00,24,0.712957194836451,0.712957194836451,False,False,0.695324418028727,9.38,-7.8,2026-01-26 19:00:00+00:00,5.0,2026-01-26 22:00:00,2026-01-27T00:00:00+05:00,46649115b2093bc9a5f8ce6c2f97b473e886494ef27e693b4c4c18cc1cdf114d,gfs_seamless,False
turbine_1,2026-01-27 01:00:00+00:00,24,0.5805617122074375,0.5805617122074375,False,False,0.6263579353593826,8.84,-7.2,2026-01-26 19:00:00+00:00,6.0,2026-01-26 22:00:00,2026-01-27T00:00:00+05:00,46649115b2093bc9a5f8ce6c2f97b473e886494ef27e693b4c4c18cc1cdf114d,gfs_seamless,False
turbine_1,2026-01-27 02:00:00+00:00,24,0.5572377292085182,0.5572377292085182,False,False,0.5479049295774648,8.23,-6.6,2026-01-26 19:00:00+00:00,7.0,2026-01-26 22:00:00,2026-01-27T00:00:00+05:00,46649115b2093bc9a5f8ce6c2f97b473e886494ef27e693b4c4c18cc1cdf114d,gfs_seamless,False
turbine_1,2026-01-27 03:00:00+00:00,24,0.4482071912354483,0.4482071912354483,False,False,0.4750569643513414,7.76,-5.3,2026-01-26 19:00:00+00:00,8.0,2026-01-26 22:00:00,2026-01-27T00:00:00+05:00,46649115b2093bc9a5f8ce6c2f97b473e886494ef27e693b4c4c18cc1cdf114d,gfs_seamless,False
turbine_1,2026-01-27 04:00:00+00:00,24,0.39909996821716814,0.39909996821716814,False,False,0.3980334270540456,7.38,-3.7,2026-01-26 19:00:00+00:00,9.0,2026-01-26 22:00:00,2026-01-27T00:00:00+05:00,46649115b2093bc9a5f8ce6c2f97b473e886494ef27e693b4c4c18cc1cdf114d,gfs_seamless,False
turbine_1,2026-01-27 05:00:00+00:00,24,0.3067860985850898,0.3067860985850898,False,False,0.324537037037037,6.71,-2.4,2026-01-26 19:00:00+00:00,10.0,2026-01-26 22:00:00,2026-01-27T00:00:00+05:00,46649115b2093bc9a5f8ce6c2f97b473e886494ef27e693b4c4c18cc1cdf114d,gfs_seamless,False
turbine_1,2026-01-27 06:00:00+00:00,24,0.1203704345889223,0.1203704345889223,False,False,0.14874375780274657,5.47,-1.5,2026-01-26 19:00:00+00:00,11.0,2026-01-26 22:00:00,2026-01-27T00:00:00+05:00,46649115b2093bc9a5f8ce6c2f97b473e886494ef27e693b4c4c18cc1cdf114d,gfs_seamless,False
turbine_1,2026-01-27 07:00:00+00:00,24,0.08538478123709971,0.08538478123709971,False,False,0.14874375780274657,5.06,-1.1,2026-01-26 19:00:00+00:00,12.0,2026-01-26 22:00:00,2026-01-27T00:00:00+05:00,46649115b2093bc9a5f8ce6c2f97b473e886494ef27e693b4c4c18cc1cdf114d,gfs_seamless,False
turbine_1,2026-01-27 08:00:00+00:00,24,0.08864286558729184,0.08864286558729184,False,False,0.14874375780274657,5.0,-0.7,2026-01-26 19:00:00+00:00,13.0,2026-01-26 22:00:00,2026-01-27T00:00:00+05:00,46649115b2093bc9a5f8ce6c2f97b473e886494ef27e693b4c4c18cc1cdf114d,gfs_seamless,False
turbine_1,2026-01-27 09:00:00+00:00,24,0.0760402752030612,0.0760402752030612,False,False,0.11160475724991854,4.83,-0.5,2026-01-26 19:00:00+00:00,14.0,2026-01-26 22:00:00,2026-01-27T00:00:00+05:00,46649115b2093bc9a5f8ce6c2f97b473e886494ef27e693b4c4c18cc1cdf114d,gfs_seamless,False
turbine_1,2026-01-27 10:00:00+00:00,24,0.08955346428064624,0.08955346428064624,False,False,0.11160475724991854,4.97,-0.8,2026-01-26 19:00:00+00:00,15.0,2026-01-26 22:00:00,2026-01-27T00:00:00+05:00,46649115b2093bc9a5f8ce6c2f97b473e886494ef27e693b4c4c18cc1cdf114d,gfs_seamless,False
turbine_1,2026-01-27 11:00:00+00:00,24,0.07014380905959079,0.07014380905959079,False,False,0.11160475724991854,4.83,-1.7,2026-01-26 19:00:00+00:00,16.0,2026-01-26 22:00:00,2026-01-27T00:00:00+05:00,46649115b2093bc9a5f8ce6c2f97b473e886494ef27e693b4c4c18cc1cdf114d,gfs_seamless,False
turbine_1,2026-01-27 12:00:00+00:00,24,0.07760336433533296,0.07760336433533296,False,False,0.14874375780274657,5.04,-2.8,2026-01-26 19:00:00+00:00,17.0,2026-01-26 22:00:00,2026-01-27T00:00:00+05:00,46649115b2093bc9a5f8ce6c2f97b473e886494ef27e693b4c4c18cc1cdf114d,gfs_seamless,False
turbine_1,2026-01-27 13:00:00+00:00,24,0.0485510401676005,0.0485510401676005,False,False,0.11160475724991854,4.72,-3.5,2026-01-26 19:00:00+00:00,18.0,2026-01-26 22:00:00,2026-01-27T00:00:00+05:00,46649115b2093bc9a5f8ce6c2f97b473e886494ef27e693b4c4c18cc1cdf114d,gfs_seamless,False
turbine_1,2026-01-27 14:00:00+00:00,24,0.03737299998404944,0.03737299998404944,False,False,0.08165806673546612,4.18,-3.7,2026-01-26 19:00:00+00:00,19.0,2026-01-26 22:00:00,2026-01-27T00:00:00+05:00,46649115b2093bc9a5f8ce6c2f97b473e886494ef27e693b4c4c18cc1cdf114d,gfs_seamless,False
turbine_1,2026-01-27 15:00:00+00:00,24,0.026779057711664365,0.026779057711664365,False,False,0.05820765027322404,3.91,-3.5,2026-01-26 19:00:00+00:00,20.0,2026-01-26 22:00:00,2026-01-27T00:00:00+05:00,46649115b2093bc9a5f8ce6c2f97b473e886494ef27e693b4c4c18cc1cdf114d,gfs_seamless,False
turbine_1,2026-01-27 16:00:00+00:00,24,0.020610219602667238,0.020610219602667238,False,False,0.05820765027322404,3.7,-3.4,2026-01-26 19:00:00+00:00,21.0,2026-01-26 22:00:00,2026-01-27T00:00:00+05:00,46649115b2093bc9a5f8ce6c2f97b473e886494ef27e693b4c4c18cc1cdf114d,gfs_seamless,False
turbine_1,2026-01-27 17:00:00+00:00,24,0.018726381376230977,0.018726381376230977,False,False,0.04018891242937853,3.4,-3.3,2026-01-26 19:00:00+00:00,22.0,2026-01-26 22:00:00,2026-01-27T00:00:00+05:00,46649115b2093bc9a5f8ce6c2f97b473e886494ef27e693b4c4c18cc1cdf114d,gfs_seamless,False
turbine_1,2026-01-27 18:00:00+00:00,24,0.03769507571086566,0.03769507571086566,False,False,0.08165806673546612,4.24,-3.7,2026-01-26 19:00:00+00:00,23.0,2026-01-26 22:00:00,2026-01-27T00:00:00+05:00,46649115b2093bc9a5f8ce6c2f97b473e886494ef27e693b4c4c18cc1cdf114d,gfs_seamless,False
turbine_1,2026-01-27 19:00:00+00:00,24,0.020579681830807394,0.020579681830807394,False,False,0.05820765027322404,3.67,-4.1,2026-01-26 19:00:00+00:00,24.0,2026-01-26 22:00:00,2026-01-27T00:00:00+05:00,46649115b2093bc9a5f8ce6c2f97b473e886494ef27e693b4c4c18cc1cdf114d,gfs_seamless,False
turbine_1,2026-01-27 20:00:00+00:00,48,0.043429395893965377,0.043429395893965377,False,False,0.08165806673546612,4.34,-4.7,2026-01-26 19:00:00+00:00,25.0,2026-01-26 22:00:00,2026-01-27T00:00:00+05:00,46649115b2093bc9a5f8ce6c2f97b473e886494ef27e693b4c4c18cc1cdf114d,gfs_seamless,False
turbine_1,2026-01-27 21:00:00+00:00,48,0.020066609939887996,0.020066609939887996,False,False,0.05820765027322404,3.51,-4.9,2026-01-26 19:00:00+00:00,26.0,2026-01-26 22:00:00,2026-01-27T00:00:00+05:00,46649115b2093bc9a5f8ce6c2f97b473e886494ef27e693b4c4c18cc1cdf114d,gfs_seamless,False
turbine_1,2026-01-27 22:00:00+00:00,48,0.008633313845907901,0.008633313845907901,False,False,0.016024132730015083,2.04,-4.7,2026-01-26 19:00:00+00:00,27.0,2026-01-26 22:00:00,2026-01-27T00:00:00+05:00,46649115b2093bc9a5f8ce6c2f97b473e886494ef27e693b4c4c18cc1cdf114d,gfs_seamless,False
turbine_1,2026-01-27 23:00:00+00:00,48,0.008658080203680934,0.008658080203680934,False,False,0.009961106309420917,1.03,-4.6,2026-01-26 19:00:00+00:00,28.0,2026-01-26 22:00:00,2026-01-27T00:00:00+05:00,46649115b2093bc9a5f8ce6c2f97b473e886494ef27e693b4c4c18cc1cdf114d,gfs_seamless,False
turbine_1,2026-01-28 00:00:00+00:00,48,0.008658080203680934,0.008658080203680934,False,False,0.009989035087719297,0.92,-4.1,2026-01-26 19:00:00+00:00,29.0,2026-01-26 22:00:00,2026-01-27T00:00:00+05:00,46649115b2093bc9a5f8ce6c2f97b473e886494ef27e693b4c4c18cc1cdf114d,gfs_seamless,False
turbine_1,2026-01-28 01:00:00+00:00,48,0.007013973158155945,0.007013973158155945,False,False,0.009961106309420917,1.21,-3.8,2026-01-26 19:00:00+00:00,30.0,2026-01-26 22:00:00,2026-01-27T00:00:00+05:00,46649115b2093bc9a5f8ce6c2f97b473e886494ef27e693b4c4c18cc1cdf114d,gfs_seamless,False
turbine_1,2026-01-28 02:00:00+00:00,48,0.015404119285846753,0.015404119285846753,False,False,0.02522429600523903,2.89,-3.7,2026-01-26 19:00:00+00:00,31.0,2026-01-26 22:00:00,2026-01-27T00:00:00+05:00,46649115b2093bc9a5f8ce6c2f97b473e886494ef27e693b4c4c18cc1cdf114d,gfs_seamless,False
turbine_1,2026-01-28 03:00:00+00:00,48,0.01868309027410425,0.01868309027410425,False,False,0.04018891242937853,3.24,-2.9,2026-01-26 19:00:00+00:00,32.0,2026-01-26 22:00:00,2026-01-27T00:00:00+05:00,46649115b2093bc9a5f8ce6c2f97b473e886494ef27e693b4c4c18cc1cdf114d,gfs_seamless,False
turbine_1,2026-01-28 04:00:00+00:00,48,0.01773994488248723,0.01773994488248723,False,False,0.04018891242937853,3.13,-1.8,2026-01-26 19:00:00+00:00,33.0,2026-01-26 22:00:00,2026-01-27T00:00:00+05:00,46649115b2093bc9a5f8ce6c2f97b473e886494ef27e693b4c4c18cc1cdf114d,gfs_seamless,False
turbine_1,2026-01-28 05:00:00+00:00,48,0.018329753702648905,0.018329753702648905,False,False,0.04018891242937853,3.09,-0.5,2026-01-26 19:00:00+00:00,34.0,2026-01-26 22:00:00,2026-01-27T00:00:00+05:00,46649115b2093bc9a5f8ce6c2f97b473e886494ef27e693b4c4c18cc1cdf114d,gfs_seamless,False
turbine_1,2026-01-28 06:00:00+00:00,48,0.008329792326952452,0.008329792326952452,False,False,0.009989035087719297,0.99,-0.6,2026-01-26 19:00:00+00:00,35.0,2026-01-26 22:00:00,2026-01-27T00:00:00+05:00,46649115b2093bc9a5f8ce6c2f97b473e886494ef27e693b4c4c18cc1cdf114d,gfs_seamless,False
turbine_1,2026-01-28 07:00:00+00:00,48,0.00876463366804164,0.00876463366804164,False,False,0.009961106309420917,1.12,-0.5,2026-01-26 19:00:00+00:00,36.0,2026-01-26 22:00:00,2026-01-27T00:00:00+05:00,46649115b2093bc9a5f8ce6c2f97b473e886494ef27e693b4c4c18cc1cdf114d,gfs_seamless,False
turbine_1,2026-01-28 08:00:00+00:00,48,0.012267631442419148,0.012267631442419148,False,False,0.02522429600523903,2.51,0.1,2026-01-26 19:00:00+00:00,37.0,2026-01-26 22:00:00,2026-01-27T00:00:00+05:00,46649115b2093bc9a5f8ce6c2f97b473e886494ef27e693b4c4c18cc1cdf114d,gfs_seamless,False
turbine_1,2026-01-28 09:00:00+00:00,48,0.022392448438853706,0.022392448438853706,False,False,0.04018891242937853,3.41,0.1,2026-01-26 19:00:00+00:00,38.0,2026-01-26 22:00:00,2026-01-27T00:00:00+05:00,46649115b2093bc9a5f8ce6c2f97b473e886494ef27e693b4c4c18cc1cdf114d,gfs_seamless,False
turbine_1,2026-01-28 10:00:00+00:00,48,0.06723304973364425,0.06723304973364425,False,False,0.11160475724991854,4.73,-0.8,2026-01-26 19:00:00+00:00,39.0,2026-01-26 22:00:00,2026-01-27T00:00:00+05:00,46649115b2093bc9a5f8ce6c2f97b473e886494ef27e693b4c4c18cc1cdf114d,gfs_seamless,False
turbine_1,2026-01-28 11:00:00+00:00,48,0.16565585437394656,0.16565585437394656,False,False,0.19502446982055466,5.8,-2.1,2026-01-26 19:00:00+00:00,40.0,2026-01-26 22:00:00,2026-01-27T00:00:00+05:00,46649115b2093bc9a5f8ce6c2f97b473e886494ef27e693b4c4c18cc1cdf114d,gfs_seamless,False
turbine_1,2026-01-28 12:00:00+00:00,48,0.31762042833794035,0.31762042833794035,False,False,0.324537037037037,6.82,-2.6,2026-01-26 19:00:00+00:00,41.0,2026-01-26 22:00:00,2026-01-27T00:00:00+05:00,46649115b2093bc9a5f8ce6c2f97b473e886494ef27e693b4c4c18cc1cdf114d,gfs_seamless,False
turbine_1,2026-01-28 13:00:00+00:00,48,0.6029023612810747,0.6029023612810747,False,False,0.5479049295774648,8.49,-2.7,2026-01-26 19:00:00+00:00,42.0,2026-01-26 22:00:00,2026-01-27T00:00:00+05:00,46649115b2093bc9a5f8ce6c2f97b473e886494ef27e693b4c4c18cc1cdf114d,gfs_seamless,False
turbine_1,2026-01-28 14:00:00+00:00,48,0.7966798767268679,0.7966798767268679,False,False,0.695324418028727,9.49,-3.4,2026-01-26 19:00:00+00:00,43.0,2026-01-26 22:00:00,2026-01-27T00:00:00+05:00,46649115b2093bc9a5f8ce6c2f97b473e886494ef27e693b4c4c18cc1cdf114d,gfs_seamless,False
turbine_1,2026-01-28 15:00:00+00:00,48,0.9373876317743919,0.9373876317743919,False,False,0.8933127317676143,10.6,-3.5,2026-01-26 19:00:00+00:00,44.0,2026-01-26 22:00:00,2026-01-27T00:00:00+05:00,46649115b2093bc9a5f8ce6c2f97b473e886494ef27e693b4c4c18cc1cdf114d,gfs_seamless,False
turbine_1,2026-01-28 16:00:00+00:00,48,0.9013516319003456,0.9013516319003456,False,False,0.8298177426438297,10.31,-3.4,2026-01-26 19:00:00+00:00,45.0,2026-01-26 22:00:00,2026-01-27T00:00:00+05:00,46649115b2093bc9a5f8ce6c2f97b473e886494ef27e693b4c4c18cc1cdf114d,gfs_seamless,False
turbine_1,2026-01-28 17:00:00+00:00,48,0.9623415712869655,0.9623415712869655,False,False,0.9380381944444444,11.09,-4.1,2026-01-26 19:00:00+00:00,46.0,2026-01-26 22:00:00,2026-01-27T00:00:00+05:00,46649115b2093bc9a5f8ce6c2f97b473e886494ef27e693b4c4c18cc1cdf114d,gfs_seamless,False
turbine_1,2026-01-28 18:00:00+00:00,48,0.9466967694040598,0.9466967694040598,False,False,0.8933127317676143,10.86,-4.5,2026-01-26 19:00:00+00:00,47.0,2026-01-26 22:00:00,2026-01-27T00:00:00+05:00,46649115b2093bc9a5f8ce6c2f97b473e886494ef27e693b4c4c18cc1cdf114d,gfs_seamless,False
turbine_1,2026-01-28 19:00:00+00:00,48,0.8209328259241182,0.8209328259241182,False,False,0.8298177426438297,10.25,-5.2,2026-01-26 19:00:00+00:00,48.0,2026-01-26 22:00:00,2026-01-27T00:00:00+05:00,46649115b2093bc9a5f8ce6c2f97b473e886494ef27e693b4c4c18cc1cdf114d,gfs_seamless,False
turbine_2,2026-01-26 20:00:00+00:00,24,0.9564784513056693,0.9564784513056693,False,False,0.9255645161290322,11.31,-5.2,2026-01-26 19:00:00+00:00,1.0,2026-01-26 22:00:00,2026-01-27T00:00:00+05:00,67eb78dc3e44b7937e50a6ba9d40836b027576577bdc9b2ee93ccac3cb3c615d,gfs_seamless,False
turbine_2,2026-01-26 21:00:00+00:00,24,0.9702632675340666,0.9702632675340666,False,False,0.9516279069767442,11.59,-6.0,2026-01-26 19:00:00+00:00,2.0,2026-01-26 22:00:00,2026-01-27T00:00:00+05:00,67eb78dc3e44b7937e50a6ba9d40836b027576577bdc9b2ee93ccac3cb3c615d,gfs_seamless,False
turbine_2,2026-01-26 22:00:00+00:00,24,0.8790128754632749,0.8790128754632749,False,False,0.9255645161290322,11.32,-6.6,2026-01-26 19:00:00+00:00,3.0,2026-01-26 22:00:00,2026-01-27T00:00:00+05:00,67eb78dc3e44b7937e50a6ba9d40836b027576577bdc9b2ee93ccac3cb3c615d,gfs_seamless,False
turbine_2,2026-01-26 23:00:00+00:00,24,0.7556653109069752,0.7556653109069752,False,False,0.8235475868290483,10.25,-7.4,2026-01-26 19:00:00+00:00,4.0,2026-01-26 22:00:00,2026-01-27T00:00:00+05:00,67eb78dc3e44b7937e50a6ba9d40836b027576577bdc9b2ee93ccac3cb3c615d,gfs_seamless,False
turbine_2,2026-01-27 00:00:00+00:00,24,0.6237174650066233,0.6237174650066233,False,False,0.6740056417489422,9.38,-7.8,2026-01-26 19:00:00+00:00,5.0,2026-01-26 22:00:00,2026-01-27T00:00:00+05:00,67eb78dc3e44b7937e50a6ba9d40836b027576577bdc9b2ee93ccac3cb3c615d,gfs_seamless,False
turbine_2,2026-01-27 01:00:00+00:00,24,0.5849375378820717,0.5849375378820717,False,False,0.6158568232662193,8.84,-7.2,2026-01-26 19:00:00+00:00,6.0,2026-01-26 22:00:00,2026-01-27T00:00:00+05:00,67eb78dc3e44b7937e50a6ba9d40836b027576577bdc9b2ee93ccac3cb3c615d,gfs_seamless,False
turbine_2,2026-01-27 02:00:00+00:00,24,0.504048554875937,0.504048554875937,False,False,0.5336059860598605,8.23,-6.6,2026-01-26 19:00:00+00:00,7.0,2026-01-26 22:00:00,2026-01-27T00:00:00+05:00,67eb78dc3e44b7937e50a6ba9d40836b027576577bdc9b2ee93ccac3cb3c615d,gfs_seamless,False
turbine_2,2026-01-27 03:00:00+00:00,24,0.4173703266277617,0.4173703266277617,False,False,0.45987245777318164,7.76,-5.3,2026-01-26 19:00:00+00:00,8.0,2026-01-26 22:00:00,2026-01-27T00:00:00+05:00,67eb78dc3e44b7937e50a6ba9d40836b027576577bdc9b2ee93ccac3cb3c615d,gfs_seamless,False
turbine_2,2026-01-27 04:00:00+00:00,24,0.38191271970851504,0.38191271970851504,False,False,0.3872589792060492,7.38,-3.7,2026-01-26 19:00:00+00:00,9.0,2026-01-26 22:00:00,2026-01-27T00:00:00+05:00,67eb78dc3e44b7937e50a6ba9d40836b027576577bdc9b2ee93ccac3cb3c615d,gfs_seamless,False
turbine_2,2026-01-27 05:00:00+00:00,24,0.2700269895008875,0.2700269895008875,False,False,0.31354815455594,6.71,-2.4,2026-01-26 19:00:00+00:00,10.0,2026-01-26 22:00:00,2026-01-27T00:00:00+05:00,67eb78dc3e44b7937e50a6ba9d40836b027576577bdc9b2ee93ccac3cb3c615d,gfs_seamless,False
turbine_2,2026-01-27 06:00:00+00:00,24,0.10965318968706318,0.10965318968706318,False,False,0.14268560264502556,5.47,-1.5,2026-01-26 19:00:00+00:00,11.0,2026-01-26 22:00:00,2026-01-27T00:00:00+05:00,67eb78dc3e44b7937e50a6ba9d40836b027576577bdc9b2ee93ccac3cb3c615d,gfs_seamless,False
turbine_2,2026-01-27 07:00:00+00:00,24,0.07757783437375534,0.07757783437375534,False,False,0.14268560264502556,5.06,-1.1,2026-01-26 19:00:00+00:00,12.0,2026-01-26 22:00:00,2026-01-27T00:00:00+05:00,67eb78dc3e44b7937e50a6ba9d40836b027576577bdc9b2ee93ccac3cb3c615d,gfs_seamless,False
turbine_2,2026-01-27 08:00:00+00:00,24,0.07033181867716165,0.07033181867716165,False,False,0.14268560264502556,5.0,-0.7,2026-01-26 19:00:00+00:00,13.0,2026-01-26 22:00:00,2026-01-27T00:00:00+05:00,67eb78dc3e44b7937e50a6ba9d40836b027576577bdc9b2ee93ccac3cb3c615d,gfs_seamless,False
turbine_2,2026-01-27 09:00:00+00:00,24,0.06761269331854283,0.06761269331854283,False,False,0.10502881407340006,4.83,-0.5,2026-01-26 19:00:00+00:00,14.0,2026-01-26 22:00:00,2026-01-27T00:00:00+05:00,67eb78dc3e44b7937e50a6ba9d40836b027576577bdc9b2ee93ccac3cb3c615d,gfs_seamless,False
turbine_2,2026-01-27 10:00:00+00:00,24,0.07033181867716165,0.07033181867716165,False,False,0.10502881407340006,4.97,-0.8,2026-01-26 19:00:00+00:00,15.0,2026-01-26 22:00:00,2026-01-27T00:00:00+05:00,67eb78dc3e44b7937e50a6ba9d40836b027576577bdc9b2ee93ccac3cb3c615d,gfs_seamless,False
turbine_2,2026-01-27 11:00:00+00:00,24,0.06158263004178779,0.06158263004178779,False,False,0.10502881407340006,4.83,-1.7,2026-01-26 19:00:00+00:00,16.0,2026-01-26 22:00:00,2026-01-27T00:00:00+05:00,67eb78dc3e44b7937e50a6ba9d40836b027576577bdc9b2ee93ccac3cb3c615d,gfs_seamless,False
turbine_2,2026-01-27 12:00:00+00:00,24,0.07069770041992346,0.07069770041992346,False,False,0.14268560264502556,5.04,-2.8,2026-01-26 19:00:00+00:00,17.0,2026-01-26 22:00:00,2026-01-27T00:00:00+05:00,67eb78dc3e44b7937e50a6ba9d40836b027576577bdc9b2ee93ccac3cb3c615d,gfs_seamless,False
turbine_2,2026-01-27 13:00:00+00:00,24,0.04696493476937982,0.04696493476937982,False,False,0.10502881407340006,4.72,-3.5,2026-01-26 19:00:00+00:00,18.0,2026-01-26 22:00:00,2026-01-27T00:00:00+05:00,67eb78dc3e44b7937e50a6ba9d40836b027576577bdc9b2ee93ccac3cb3c615d,gfs_seamless,False
turbine_2,2026-01-27 14:00:00+00:00,24,0.028370536943513523,0.028370536943513523,False,False,0.07905644622578491,4.18,-3.7,2026-01-26 19:00:00+00:00,19.0,2026-01-26 22:00:00,2026-01-27T00:00:00+05:00,67eb78dc3e44b7937e50a6ba9d40836b027576577bdc9b2ee93ccac3cb3c615d,gfs_seamless,False
turbine_2,2026-01-27 15:00:00+00:00,24,0.019941282494172784,0.019941282494172784,False,False,0.055330221300138316,3.91,-3.5,2026-01-26 19:00:00+00:00,20.0,2026-01-26 22:00:00,2026-01-27T00:00:00+05:00,67eb78dc3e44b7937e50a6ba9d40836b027576577bdc9b2ee93ccac3cb3c615d,gfs_seamless,False
turbine_2,2026-01-27 16:00:00+00:00,24,0.01649438714762378,0.01649438714762378,False,False,0.055330221300138316,3.7,-3.4,2026-01-26 19:00:00+00:00,21.0,2026-01-26 22:00:00,2026-01-27T00:00:00+05:00,67eb78dc3e44b7937e50a6ba9d40836b027576577bdc9b2ee93ccac3cb3c615d,gfs_seamless,False
turbine_2,2026-01-27 17:00:00+00:00,24,0.0162453522679337,0.0162453522679337,False,False,0.03716875200513314,3.4,-3.3,2026-01-26 19:00:00+00:00,22.0,2026-01-26 22:00:00,2026-01-27T00:00:00+05:00,67eb78dc3e44b7937e50a6ba9d40836b027576577bdc9b2ee93ccac3cb3c615d,gfs_seamless,False
turbine_2,2026-01-27 18:00:00+00:00,24,0.028370536943513523,0.028370536943513523,False,False,0.07905644622578491,4.24,-3.7,2026-01-26 19:00:00+00:00,23.0,2026-01-26 22:00:00,2026-01-27T00:00:00+05:00,67eb78dc3e44b7937e50a6ba9d40836b027576577bdc9b2ee93ccac3cb3c615d,gfs_seamless,False
turbine_2,2026-01-27 19:00:00+00:00,24,0.01587170134480275,0.01587170134480275,False,False,0.055330221300138316,3.67,-4.1,2026-01-26 19:00:00+00:00,24.0,2026-01-26 22:00:00,2026-01-27T00:00:00+05:00,67eb78dc3e44b7937e50a6ba9d40836b027576577bdc9b2ee93ccac3cb3c615d,gfs_seamless,False
turbine_2,2026-01-27 20:00:00+00:00,48,0.03282205048848144,0.03282205048848144,False,False,0.07905644622578491,4.34,-4.7,2026-01-26 19:00:00+00:00,25.0,2026-01-26 22:00:00,2026-01-27T00:00:00+05:00,67eb78dc3e44b7937e50a6ba9d40836b027576577bdc9b2ee93ccac3cb3c615d,gfs_seamless,False
turbine_2,2026-01-27 21:00:00+00:00,48,0.01620001525389043,0.01620001525389043,False,False,0.055330221300138316,3.51,-4.9,2026-01-26 19:00:00+00:00,26.0,2026-01-26 22:00:00,2026-01-27T00:00:00+05:00,67eb78dc3e44b7937e50a6ba9d40836b027576577bdc9b2ee93ccac3cb3c615d,gfs_seamless,False
turbine_2,2026-01-27 22:00:00+00:00,48,0.008503058390278363,0.008503058390278363,False,False,0.014615716753022453,2.04,-4.7,2026-01-26 19:00:00+00:00,27.0,2026-01-26 22:00:00,2026-01-27T00:00:00+05:00,67eb78dc3e44b7937e50a6ba9d40836b027576577bdc9b2ee93ccac3cb3c615d,gfs_seamless,False
turbine_2,2026-01-27 23:00:00+00:00,48,0.008627052870519895,0.008627052870519895,False,False,0.00970906068162926,1.03,-4.6,2026-01-26 19:00:00+00:00,28.0,2026-01-26 22:00:00,2026-01-27T00:00:00+05:00,67eb78dc3e44b7937e50a6ba9d40836b027576577bdc9b2ee93ccac3cb3c615d,gfs_seamless,False
turbine_2,2026-01-28 00:00:00+00:00,48,0.008774492319500154,0.008774492319500154,False,False,0.009931087289433385,0.92,-4.1,2026-01-26 19:00:00+00:00,29.0,2026-01-26 22:00:00,2026-01-27T00:00:00+05:00,67eb78dc3e44b7937e50a6ba9d40836b027576577bdc9b2ee93ccac3cb3c615d,gfs_seamless,False
turbine_2,2026-01-28 01:00:00+00:00,48,0.008356562939390917,0.008356562939390917,False,False,0.00970906068162926,1.21,-3.8,2026-01-26 19:00:00+00:00,30.0,2026-01-26 22:00:00,2026-01-27T00:00:00+05:00,67eb78dc3e44b7937e50a6ba9d40836b027576577bdc9b2ee93ccac3cb3c615d,gfs_seamless,False
turbine_2,2026-01-28 02:00:00+00:00,48,0.01366286647713519,0.01366286647713519,False,False,0.024015151515151517,2.89,-3.7,2026-01-26 19:00:00+00:00,31.0,2026-01-26 22:00:00,2026-01-27T00:00:00+05:00,67eb78dc3e44b7937e50a6ba9d40836b027576577bdc9b2ee93ccac3cb3c615d,gfs_seamless,False
turbine_2,2026-01-28 03:00:00+00:00,48,0.01628864649369139,0.01628864649369139,False,False,0.03716875200513314,3.24,-2.9,2026-01-26 19:00:00+00:00,32.0,2026-01-26 22:00:00,2026-01-27T00:00:00+05:00,67eb78dc3e44b7937e50a6ba9d40836b027576577bdc9b2ee93ccac3cb3c615d,gfs_seamless,False
turbine_2,2026-01-28 04:00:00+00:00,48,0.015758934564210236,0.015758934564210236,False,False,0.03716875200513314,3.13,-1.8,2026-01-26 19:00:00+00:00,33.0,2026-01-26 22:00:00,2026-01-27T00:00:00+05:00,67eb78dc3e44b7937e50a6ba9d40836b027576577bdc9b2ee93ccac3cb3c615d,gfs_seamless,False
turbine_2,2026-01-28 05:00:00+00:00,48,0.015747250178995743,0.015747250178995743,False,False,0.03716875200513314,3.09,-0.5,2026-01-26 19:00:00+00:00,34.0,2026-01-26 22:00:00,2026-01-27T00:00:00+05:00,67eb78dc3e44b7937e50a6ba9d40836b027576577bdc9b2ee93ccac3cb3c615d,gfs_seamless,False
turbine_2,2026-01-28 06:00:00+00:00,48,0.009300888490844181,0.009300888490844181,False,False,0.009931087289433385,0.99,-0.6,2026-01-26 19:00:00+00:00,35.0,2026-01-26 22:00:00,2026-01-27T00:00:00+05:00,67eb78dc3e44b7937e50a6ba9d40836b027576577bdc9b2ee93ccac3cb3c615d,gfs_seamless,False
turbine_2,2026-01-28 07:00:00+00:00,48,0.009300888490844181,0.009300888490844181,False,False,0.00970906068162926,1.12,-0.5,2026-01-26 19:00:00+00:00,36.0,2026-01-26 22:00:00,2026-01-27T00:00:00+05:00,67eb78dc3e44b7937e50a6ba9d40836b027576577bdc9b2ee93ccac3cb3c615d,gfs_seamless,False
turbine_2,2026-01-28 08:00:00+00:00,48,0.01133596070267546,0.01133596070267546,False,False,0.024015151515151517,2.51,0.1,2026-01-26 19:00:00+00:00,37.0,2026-01-26 22:00:00,2026-01-27T00:00:00+05:00,67eb78dc3e44b7937e50a6ba9d40836b027576577bdc9b2ee93ccac3cb3c615d,gfs_seamless,False
turbine_2,2026-01-28 09:00:00+00:00,48,0.01831714610093356,0.01831714610093356,False,False,0.03716875200513314,3.41,0.1,2026-01-26 19:00:00+00:00,38.0,2026-01-26 22:00:00,2026-01-27T00:00:00+05:00,67eb78dc3e44b7937e50a6ba9d40836b027576577bdc9b2ee93ccac3cb3c615d,gfs_seamless,False
turbine_2,2026-01-28 10:00:00+00:00,48,0.06029155344922903,0.06029155344922903,False,False,0.10502881407340006,4.73,-0.8,2026-01-26 19:00:00+00:00,39.0,2026-01-26 22:00:00,2026-01-27T00:00:00+05:00,67eb78dc3e44b7937e50a6ba9d40836b027576577bdc9b2ee93ccac3cb3c615d,gfs_seamless,False
turbine_2,2026-01-28 11:00:00+00:00,48,0.14007872214510406,0.14007872214510406,False,False,0.18822717622080679,5.8,-2.1,2026-01-26 19:00:00+00:00,40.0,2026-01-26 22:00:00,2026-01-27T00:00:00+05:00,67eb78dc3e44b7937e50a6ba9d40836b027576577bdc9b2ee93ccac3cb3c615d,gfs_seamless,False
turbine_2,2026-01-28 12:00:00+00:00,48,0.300823557374675,0.300823557374675,False,False,0.31354815455594,6.82,-2.6,2026-01-26 19:00:00+00:00,41.0,2026-01-26 22:00:00,2026-01-27T00:00:00+05:00,67eb78dc3e44b7937e50a6ba9d40836b027576577bdc9b2ee93ccac3cb3c615d,gfs_seamless,False
turbine_2,2026-01-28 13:00:00+00:00,48,0.5939252704110295,0.5939252704110295,False,False,0.5336059860598605,8.49,-2.7,2026-01-26 19:00:00+00:00,42.0,2026-01-26 22:00:00,2026-01-27T00:00:00+05:00,67eb78dc3e44b7937e50a6ba9d40836b027576577bdc9b2ee93ccac3cb3c615d,gfs_seamless,False
turbine_2,2026-01-28 14:00:00+00:00,48,0.7332305952623318,0.7332305952623318,False,False,0.6740056417489422,9.49,-3.4,2026-01-26 19:00:00+00:00,43.0,2026-01-26 22:00:00,2026-01-27T00:00:00+05:00,67eb78dc3e44b7937e50a6ba9d40836b027576577bdc9b2ee93ccac3cb3c615d,gfs_seamless,False
turbine_2,2026-01-28 15:00:00+00:00,48,0.880876184685353,0.880876184685353,False,False,0.8841280487804878,10.6,-3.5,2026-01-26 19:00:00+00:00,44.0,2026-01-26 22:00:00,2026-01-27T00:00:00+05:00,67eb78dc3e44b7937e50a6ba9d40836b027576577bdc9b2ee93ccac3cb3c615d,gfs_seamless,False
turbine_2,2026-01-28 16:00:00+00:00,48,0.89326007437386,0.89326007437386,False,False,0.8235475868290483,10.31,-3.4,2026-01-26 19:00:00+00:00,45.0,2026-01-26 22:00:00,2026-01-27T00:00:00+05:00,67eb78dc3e44b7937e50a6ba9d40836b027576577bdc9b2ee93ccac3cb3c615d,gfs_seamless,False
turbine_2,2026-01-28 17:00:00+00:00,48,0.919860887362852,0.919860887362852,False,False,0.9255645161290322,11.09,-4.1,2026-01-26 19:00:00+00:00,46.0,2026-01-26 22:00:00,2026-01-27T00:00:00+05:00,67eb78dc3e44b7937e50a6ba9d40836b027576577bdc9b2ee93ccac3cb3c615d,gfs_seamless,False
turbine_2,2026-01-28 18:00:00+00:00,48,0.8961996460014644,0.8961996460014644,False,False,0.8841280487804878,10.86,-4.5,2026-01-26 19:00:00+00:00,47.0,2026-01-26 22:00:00,2026-01-27T00:00:00+05:00,67eb78dc3e44b7937e50a6ba9d40836b027576577bdc9b2ee93ccac3cb3c615d,gfs_seamless,False
turbine_2,2026-01-28 19:00:00+00:00,48,0.8833274799351543,0.8833274799351543,False,False,0.8235475868290483,10.25,-5.2,2026-01-26 19:00:00+00:00,48.0,2026-01-26 22:00:00,2026-01-27T00:00:00+05:00,67eb78dc3e44b7937e50a6ba9d40836b027576577bdc9b2ee93ccac3cb3c615d,gfs_seamless,False
turbine_1,2026-01-27 20:00:00+00:00,24,0.017312138403162182,0.017312138403162182,False,False,0.04011439633931715,3.06,-4.2,2026-01-27 19:00:00+00:00,1.0,2026-01-27 22:00:00,2026-01-28T00:00:00+05:00,803a078988e8d288be8b821e37aa51084368cad897176bb99acac144d8516fb3,gfs_seamless,False
turbine_1,2026-01-27 21:00:00+00:00,24,0.009642378813289852,0.009642378813289852,False,False,0.01601083032490975,2.25,-3.9,2026-01-27 19:00:00+00:00,2.0,2026-01-27 22:00:00,2026-01-28T00:00:00+05:00,803a078988e8d288be8b821e37aa51084368cad897176bb99acac144d8516fb3,gfs_seamless,False
turbine_1,2026-01-27 22:00:00+00:00,24,0.008969587587873196,0.008969587587873196,False,False,0.01601083032490975,2.21,-4.0,2026-01-27 19:00:00+00:00,3.0,2026-01-27 22:00:00,2026-01-28T00:00:00+05:00,803a078988e8d288be8b821e37aa51084368cad897176bb99acac144d8516fb3,gfs_seamless,False
turbine_1,2026-01-27 23:00:00+00:00,24,0.008208621556841765,0.008208621556841765,False,False,0.009961240310077519,1.42,-3.9,2026-01-27 19:00:00+00:00,4.0,2026-01-27 22:00:00,2026-01-28T00:00:00+05:00,803a078988e8d288be8b821e37aa51084368cad897176bb99acac144d8516fb3,gfs_seamless,False
turbine_1,2026-01-28 00:00:00+00:00,24,0.008431534111633273,0.008431534111633273,False,False,0.009961240310077519,1.02,-3.4,2026-01-27 19:00:00+00:00,5.0,2026-01-27 22:00:00,2026-01-28T00:00:00+05:00,803a078988e8d288be8b821e37aa51084368cad897176bb99acac144d8516fb3,gfs_seamless,False
turbine_1,2026-01-28 01:00:00+00:00,24,0.01194086926816221,0.01194086926816221,False,False,0.02522429600523903,2.5,-3.1,2026-01-27 19:00:00+00:00,6.0,2026-01-27 22:00:00,2026-01-28T00:00:00+05:00,803a078988e8d288be8b821e37aa51084368cad897176bb99acac144d8516fb3,gfs_seamless,False
turbine_1,2026-01-28 02:00:00+00:00,24,0.02173038194336909,0.02173038194336909,False,False,0.05820765027322404,3.67,-3.3,2026-01-27 19:00:00+00:00,7.0,2026-01-27 22:00:00,2026-01-28T00:00:00+05:00,803a078988e8d288be8b821e37aa51084368cad897176bb99acac144d8516fb3,gfs_seamless,False
turbine_1,2026-01-28 03:00:00+00:00,24,0.027268475317772302,0.027268475317772302,False,False,0.05820765027322404,3.83,-2.5,2026-01-27 19:00:00+00:00,8.0,2026-01-27 22:00:00,2026-01-28T00:00:00+05:00,803a078988e8d288be8b821e37aa51084368cad897176bb99acac144d8516fb3,gfs_seamless,False
turbine_1,2026-01-28 04:00:00+00:00,24,0.018595390256493954,0.018595390256493954,False,False,0.04011439633931715,3.04,-1.9,2026-01-27 19:00:00+00:00,9.0,2026-01-27 22:00:00,2026-01-28T00:00:00+05:00,803a078988e8d288be8b821e37aa51084368cad897176bb99acac144d8516fb3,gfs_seamless,False
turbine_1,2026-01-28 05:00:00+00:00,24,0.011532442362798778,0.011532442362798778,False,False,0.01601083032490975,2.38,-1.5,2026-01-27 19:00:00+00:00,10.0,2026-01-27 22:00:00,2026-01-28T00:00:00+05:00,803a078988e8d288be8b821e37aa51084368cad897176bb99acac144d8516fb3,gfs_seamless,False
turbine_1,2026-01-28 06:00:00+00:00,24,0.01004055312277077,0.01004055312277077,False,False,0.01601083032490975,2.15,-0.6,2026-01-27 19:00:00+00:00,11.0,2026-01-27 22:00:00,2026-01-28T00:00:00+05:00,803a078988e8d288be8b821e37aa51084368cad897176bb99acac144d8516fb3,gfs_seamless,False
turbine_1,2026-01-28 07:00:00+00:00,24,0.00913697170791715,0.00913697170791715,False,False,0.011031334813718234,1.66,-0.1,2026-01-27 19:00:00+00:00,12.0,2026-01-27 22:00:00,2026-01-28T00:00:00+05:00,803a078988e8d288be8b821e37aa51084368cad897176bb99acac144d8516fb3,gfs_seamless,False
turbine_1,2026-01-28 08:00:00+00:00,24,0.008238000533684947,0.008238000533684947,False,False,0.009989106753812637,0.61,-0.0,2026-01-27 19:00:00+00:00,13.0,2026-01-27 22:00:00,2026-01-28T00:00:00+05:00,803a078988e8d288be8b821e37aa51084368cad897176bb99acac144d8516fb3,gfs_seamless,False
turbine_1,2026-01-28 09:00:00+00:00,24,0.009275634558905855,0.009275634558905855,False,False,0.009989106753812637,0.81,0.3,2026-01-27 19:00:00+00:00,14.0,2026-01-27 22:00:00,2026-01-28T00:00:00+05:00,803a078988e8d288be8b821e37aa51084368cad897176bb99acac144d8516fb3,gfs_seamless,False
turbine_1,2026-01-28 10:00:00+00:00,24,0.01051854448137277,0.01051854448137277,False,False,0.01601083032490975,2.15,0.4,2026-01-27 19:00:00+00:00,15.0,2026-01-27 22:00:00,2026-01-28T00:00:00+05:00,803a078988e8d288be8b821e37aa51084368cad897176bb99acac144d8516fb3,gfs_seamless,False
turbine_1,2026-01-28 11:00:00+00:00,24,0.044778228023131174,0.044778228023131174,False,False,0.08159106529209621,4.27,-0.8,2026-01-27 19:00:00+00:00,16.0,2026-01-27 22:00:00,2026-01-28T00:00:00+05:00,803a078988e8d288be8b821e37aa51084368cad897176bb99acac144d8516fb3,gfs_seamless,False
turbine_1,2026-01-28 12:00:00+00:00,24,0.3042468821651449,0.3042468821651449,False,False,0.324537037037037,6.69,-2.0,2026-01-27 19:00:00+00:00,17.0,2026-01-27 22:00:00,2026-01-28T00:00:00+05:00,803a078988e8d288be8b821e37aa51084368cad897176bb99acac144d8516fb3,gfs_seamless,False
turbine_1,2026-01-28 13:00:00+00:00,24,0.4558404555431865,0.4558404555431865,False,False,0.47506240822320117,7.56,-3.1,2026-01-27 19:00:00+00:00,18.0,2026-01-27 22:00:00,2026-01-28T00:00:00+05:00,803a078988e8d288be8b821e37aa51084368cad897176bb99acac144d8516fb3,gfs_seamless,False
turbine_1,2026-01-28 14:00:00+00:00,24,0.6787134110389492,0.6787134110389492,False,False,0.6264426782273603,8.77,-3.2,2026-01-27 19:00:00+00:00,19.0,2026-01-27 22:00:00,2026-01-28T00:00:00+05:00,803a078988e8d288be8b821e37aa51084368cad897176bb99acac144d8516fb3,gfs_seamless,False
turbine_1,2026-01-28 15:00:00+00:00,24,0.716055562558198,0.716055562558198,False,False,0.695324418028727,9.12,-3.1,2026-01-27 19:00:00+00:00,20.0,2026-01-27 22:00:00,2026-01-28T00:00:00+05:00,803a078988e8d288be8b821e37aa51084368cad897176bb99acac144d8516fb3,gfs_seamless,False
turbine_1,2026-01-28 16:00:00+00:00,24,0.796957043921959,0.796957043921959,False,False,0.695324418028727,9.48,-3.3,2026-01-27 19:00:00+00:00,21.0,2026-01-27 22:00:00,2026-01-28T00:00:00+05:00,803a078988e8d288be8b821e37aa51084368cad897176bb99acac144d8516fb3,gfs_seamless,False
turbine_1,2026-01-28 17:00:00+00:00,24,0.7804546687817531,0.7804546687817531,False,False,0.7648568655992237,9.53,-3.6,2026-01-27 19:00:00+00:00,22.0,2026-01-27 22:00:00,2026-01-28T00:00:00+05:00,803a078988e8d288be8b821e37aa51084368cad897176bb99acac144d8516fb3,gfs_seamless,False
turbine_1,2026-01-28 18:00:00+00:00,24,0.6850913413092975,0.6850913413092975,False,False,0.6264426782273603,8.91,-4.1,2026-01-27 19:00:00+00:00,23.0,2026-01-27 22:00:00,2026-01-28T00:00:00+05:00,803a078988e8d288be8b821e37aa51084368cad897176bb99acac144d8516fb3,gfs_seamless,False
turbine_1,2026-01-28 19:00:00+00:00,24,0.6419350750797483,0.6419350750797483,False,False,0.6264426782273603,8.7,-4.5,2026-01-27 19:00:00+00:00,24.0,2026-01-27 22:00:00,2026-01-28T00:00:00+05:00,803a078988e8d288be8b821e37aa51084368cad897176bb99acac144d8516fb3,gfs_seamless,False
turbine_1,2026-01-28 20:00:00+00:00,48,0.8476601737112689,0.8476601737112689,False,False,0.7648568655992237,9.93,-5.6,2026-01-27 19:00:00+00:00,25.0,2026-01-27 22:00:00,2026-01-28T00:00:00+05:00,803a078988e8d288be8b821e37aa51084368cad897176bb99acac144d8516fb3,gfs_seamless,False
turbine_1,2026-01-28 21:00:00+00:00,48,0.7860377621799545,0.7860377621799545,False,False,0.695324418028727,9.48,-5.7,2026-01-27 19:00:00+00:00,26.0,2026-01-27 22:00:00,2026-01-28T00:00:00+05:00,803a078988e8d288be8b821e37aa51084368cad897176bb99acac144d8516fb3,gfs_seamless,False
turbine_1,2026-01-28 22:00:00+00:00,48,0.6654642411096974,0.6654642411096974,False,False,0.695324418028727,9.13,-5.9,2026-01-27 19:00:00+00:00,27.0,2026-01-27 22:00:00,2026-01-28T00:00:00+05:00,803a078988e8d288be8b821e37aa51084368cad897176bb99acac144d8516fb3,gfs_seamless,False
turbine_1,2026-01-28 23:00:00+00:00,48,0.8100878936444188,0.8100878936444188,False,False,0.7648568655992237,9.67,-5.6,2026-01-27 19:00:00+00:00,28.0,2026-01-27 22:00:00,2026-01-28T00:00:00+05:00,803a078988e8d288be8b821e37aa51084368cad897176bb99acac144d8516fb3,gfs_seamless,False
turbine_1,2026-01-29 00:00:00+00:00,48,0.5968862849206124,0.5968862849206124,False,False,0.5481128024980484,8.44,-5.9,2026-01-27 19:00:00+00:00,29.0,2026-01-27 22:00:00,2026-01-28T00:00:00+05:00,803a078988e8d288be8b821e37aa51084368cad897176bb99acac144d8516fb3,gfs_seamless,False
turbine_1,2026-01-29 01:00:00+00:00,48,0.5496406870274707,0.5496406870274707,False,False,0.5481128024980484,8.28,-6.0,2026-01-27 19:00:00+00:00,30.0,2026-01-27 22:00:00,2026-01-28T00:00:00+05:00,803a078988e8d288be8b821e37aa51084368cad897176bb99acac144d8516fb3,gfs_seamless,False
turbine_1,2026-01-29 02:00:00+00:00,48,0.6502884068479223,0.6502884068479223,False,False,0.6264426782273603,8.9,-5.6,2026-01-27 19:00:00+00:00,31.0,2026-01-27 22:00:00,2026-01-28T00:00:00+05:00,803a078988e8d288be8b821e37aa51084368cad897176bb99acac144d8516fb3,gfs_seamless,False
turbine_1,2026-01-29 03:00:00+00:00,48,0.7203006764814133,0.7203006764814133,False,False,0.695324418028727,9.12,-4.7,2026-01-27 19:00:00+00:00,32.0,2026-01-27 22:00:00,2026-01-28T00:00:00+05:00,803a078988e8d288be8b821e37aa51084368cad897176bb99acac144d8516fb3,gfs_seamless,False
turbine_1,2026-01-29 04:00:00+00:00,48,0.7382751080631923,0.7382751080631923,False,False,0.695324418028727,9.31,-2.2,2026-01-27 19:00:00+00:00,33.0,2026-01-27 22:00:00,2026-01-28T00:00:00+05:00,803a078988e8d288be8b821e37aa51084368cad897176bb99acac144d8516fb3,gfs_seamless,False
turbine_1,2026-01-29 05:00:00+00:00,48,0.8262421764623539,0.8262421764623539,False,False,0.7648568655992237,9.79,-0.4,2026-01-27 19:00:00+00:00,34.0,2026-01-27 22:00:00,2026-01-28T00:00:00+05:00,803a078988e8d288be8b821e37aa51084368cad897176bb99acac144d8516fb3,gfs_seamless,False
turbine_1,2026-01-29 06:00:00+00:00,48,0.8779099621470698,0.8779099621470698,False,False,0.8298177426438297,10.42,0.7,2026-01-27 19:00:00+00:00,35.0,2026-01-27 22:00:00,2026-01-28T00:00:00+05:00,803a078988e8d288be8b821e37aa51084368cad897176bb99acac144d8516fb3,gfs_seamless,False
turbine_1,2026-01-29 07:00:00+00:00,48,0.9005767980965224,0.9005767980965224,False,False,0.8298177426438297,10.35,1.4,2026-01-27 19:00:00+00:00,36.0,2026-01-27 22:00:00,2026-01-28T00:00:00+05:00,803a078988e8d288be8b821e37aa51084368cad897176bb99acac144d8516fb3,gfs_seamless,False
turbine_1,2026-01-29 08:00:00+00:00,48,0.8383571342431391,0.8383571342431391,False,False,0.7648568655992237,9.9,1.8,2026-01-27 19:00:00+00:00,37.0,2026-01-27 22:00:00,2026-01-28T00:00:00+05:00,803a078988e8d288be8b821e37aa51084368cad897176bb99acac144d8516fb3,gfs_seamless,False
turbine_1,2026-01-29 09:00:00+00:00,48,0.7829602787626458,0.7829602787626458,False,False,0.695324418028727,9.47,2.0,2026-01-27 19:00:00+00:00,38.0,2026-01-27 22:00:00,2026-01-28T00:00:00+05:00,803a078988e8d288be8b821e37aa51084368cad897176bb99acac144d8516fb3,gfs_seamless,False
turbine_1,2026-01-29 10:00:00+00:00,48,0.7459574388822159,0.7459574388822159,False,False,0.695324418028727,9.36,1.7,2026-01-27 19:00:00+00:00,39.0,2026-01-27 22:00:00,2026-01-28T00:00:00+05:00,803a078988e8d288be8b821e37aa51084368cad897176bb99acac144d8516fb3,gfs_seamless,False
turbine_1,2026-01-29 11:00:00+00:00,48,0.6773950199389608,0.6773950199389608,False,False,0.6264426782273603,8.81,0.6,2026-01-27 19:00:00+00:00,40.0,2026-01-27 22:00:00,2026-01-28T00:00:00+05:00,803a078988e8d288be8b821e37aa51084368cad897176bb99acac144d8516fb3,gfs_seamless,False
turbine_1,2026-01-29 12:00:00+00:00,48,0.7254693474453336,0.7254693474453336,False,False,0.695324418028727,9.21,-1.5,2026-01-27 19:00:00+00:00,41.0,2026-01-27 22:00:00,2026-01-28T00:00:00+05:00,803a078988e8d288be8b821e37aa51084368cad897176bb99acac144d8516fb3,gfs_seamless,False
turbine_1,2026-01-29 13:00:00+00:00,48,0.7419266029592528,0.7419266029592528,False,False,0.695324418028727,9.4,-2.3,2026-01-27 19:00:00+00:00,42.0,2026-01-27 22:00:00,2026-01-28T00:00:00+05:00,803a078988e8d288be8b821e37aa51084368cad897176bb99acac144d8516fb3,gfs_seamless,False
turbine_1,2026-01-29 14:00:00+00:00,48,0.8790754195331699,0.8790754195331699,False,False,0.8298177426438297,10.2,-2.7,2026-01-27 19:00:00+00:00,43.0,2026-01-27 22:00:00,2026-01-28T00:00:00+05:00,803a078988e8d288be8b821e37aa51084368cad897176bb99acac144d8516fb3,gfs_seamless,False
turbine_1,2026-01-29 15:00:00+00:00,48,0.9041145658059628,0.9041145658059628,False,False,0.8298177426438297,10.38,-2.9,2026-01-27 19:00:00+00:00,44.0,2026-01-27 22:00:00,2026-01-28T00:00:00+05:00,803a078988e8d288be8b821e37aa51084368cad897176bb99acac144d8516fb3,gfs_seamless,False
turbine_1,2026-01-29 16:00:00+00:00,48,0.9779205469766147,0.9779205469766147,False,False,0.9380381944444444,11.36,-2.9,2026-01-27 19:00:00+00:00,45.0,2026-01-27 22:00:00,2026-01-28T00:00:00+05:00,803a078988e8d288be8b821e37aa51084368cad897176bb99acac144d8516fb3,gfs_seamless,False
turbine_1,2026-01-29 17:00:00+00:00,48,0.9841347427234811,0.9841347427234811,False,False,0.9603328741965105,11.55,-3.1,2026-01-27 19:00:00+00:00,46.0,2026-01-27 22:00:00,2026-01-28T00:00:00+05:00,803a078988e8d288be8b821e37aa51084368cad897176bb99acac144d8516fb3,gfs_seamless,False
turbine_1,2026-01-29 18:00:00+00:00,48,0.9913333852753947,0.9913333852753947,False,False,0.9603328741965105,11.66,-3.5,2026-01-27 19:00:00+00:00,47.0,2026-01-27 22:00:00,2026-01-28T00:00:00+05:00,803a078988e8d288be8b821e37aa51084368cad897176bb99acac144d8516fb3,gfs_seamless,False
turbine_1,2026-01-29 19:00:00+00:00,48,0.9802603045954157,0.9802603045954157,False,False,0.9603328741965105,11.83,-3.7,2026-01-27 19:00:00+00:00,48.0,2026-01-27 22:00:00,2026-01-28T00:00:00+05:00,803a078988e8d288be8b821e37aa51084368cad897176bb99acac144d8516fb3,gfs_seamless,False
turbine_2,2026-01-27 20:00:00+00:00,24,0.014797283606875976,0.014797283606875976,False,False,0.037141025641025636,3.06,-4.2,2026-01-27 19:00:00+00:00,1.0,2026-01-27 22:00:00,2026-01-28T00:00:00+05:00,606d5477f7dbd8112ee927bbc352390d2e1b1e1af15f8d818b294129c2c2db6c,gfs_seamless,False
turbine_2,2026-01-27 21:00:00+00:00,24,0.008482438497559322,0.008482438497559322,False,False,0.014614610296232384,2.25,-3.9,2026-01-27 19:00:00+00:00,2.0,2026-01-27 22:00:00,2026-01-28T00:00:00+05:00,606d5477f7dbd8112ee927bbc352390d2e1b1e1af15f8d818b294129c2c2db6c,gfs_seamless,False
turbine_2,2026-01-27 22:00:00+00:00,24,0.008482438497559322,0.008482438497559322,False,False,0.014614610296232384,2.21,-4.0,2026-01-27 19:00:00+00:00,3.0,2026-01-27 22:00:00,2026-01-28T00:00:00+05:00,606d5477f7dbd8112ee927bbc352390d2e1b1e1af15f8d818b294129c2c2db6c,gfs_seamless,False
turbine_2,2026-01-27 23:00:00+00:00,24,0.008365599762956451,0.008365599762956451,False,False,0.009709543568464731,1.42,-3.9,2026-01-27 19:00:00+00:00,4.0,2026-01-27 22:00:00,2026-01-28T00:00:00+05:00,606d5477f7dbd8112ee927bbc352390d2e1b1e1af15f8d818b294129c2c2db6c,gfs_seamless,False
turbine_2,2026-01-28 00:00:00+00:00,24,0.008520188225111986,0.008520188225111986,False,False,0.009709543568464731,1.02,-3.4,2026-01-27 19:00:00+00:00,5.0,2026-01-27 22:00:00,2026-01-28T00:00:00+05:00,606d5477f7dbd8112ee927bbc352390d2e1b1e1af15f8d818b294129c2c2db6c,gfs_seamless,False
turbine_2,2026-01-28 01:00:00+00:00,24,0.010449980607286502,0.010449980607286502,False,False,0.023999394489857707,2.5,-3.1,2026-01-27 19:00:00+00:00,6.0,2026-01-27 22:00:00,2026-01-28T00:00:00+05:00,606d5477f7dbd8112ee927bbc352390d2e1b1e1af15f8d818b294129c2c2db6c,gfs_seamless,False
turbine_2,2026-01-28 02:00:00+00:00,24,0.01741122838469614,0.01741122838469614,False,False,0.05530224525043178,3.67,-3.3,2026-01-27 19:00:00+00:00,7.0,2026-01-27 22:00:00,2026-01-28T00:00:00+05:00,606d5477f7dbd8112ee927bbc352390d2e1b1e1af15f8d818b294129c2c2db6c,gfs_seamless,False
turbine_2,2026-01-28 03:00:00+00:00,24,0.023476476398286712,0.023476476398286712,False,False,0.05530224525043178,3.83,-2.5,2026-01-27 19:00:00+00:00,8.0,2026-01-27 22:00:00,2026-01-28T00:00:00+05:00,606d5477f7dbd8112ee927bbc352390d2e1b1e1af15f8d818b294129c2c2db6c,gfs_seamless,False
turbine_2,2026-01-28 04:00:00+00:00,24,0.015410611599310549,0.015410611599310549,False,False,0.037141025641025636,3.04,-1.9,2026-01-27 19:00:00+00:00,9.0,2026-01-27 22:00:00,2026-01-28T00:00:00+05:00,606d5477f7dbd8112ee927bbc352390d2e1b1e1af15f8d818b294129c2c2db6c,gfs_seamless,False
turbine_2,2026-01-28 05:00:00+00:00,24,0.011020936958578371,0.011020936958578371,False,False,0.014614610296232384,2.38,-1.5,2026-01-27 19:00:00+00:00,10.0,2026-01-27 22:00:00,2026-01-28T00:00:00+05:00,606d5477f7dbd8112ee927bbc352390d2e1b1e1af15f8d818b294129c2c2db6c,gfs_seamless,False
turbine_2,2026-01-28 06:00:00+00:00,24,0.009194925788580723,0.009194925788580723,False,False,0.014614610296232384,2.15,-0.6,2026-01-27 19:00:00+00:00,11.0,2026-01-27 22:00:00,2026-01-28T00:00:00+05:00,606d5477f7dbd8112ee927bbc352390d2e1b1e1af15f8d818b294129c2c2db6c,gfs_seamless,False
turbine_2,2026-01-28 07:00:00+00:00,24,0.009246637629581786,0.009246637629581786,False,False,0.010127654497733238,1.66,-0.1,2026-01-27 19:00:00+00:00,12.0,2026-01-27 22:00:00,2026-01-28T00:00:00+05:00,606d5477f7dbd8112ee927bbc352390d2e1b1e1af15f8d818b294129c2c2db6c,gfs_seamless,False
turbine_2,2026-01-28 08:00:00+00:00,24,0.010255083015587873,0.010255083015587873,False,False,0.009931714719271624,0.61,-0.0,2026-01-27 19:00:00+00:00,13.0,2026-01-27 22:00:00,2026-01-28T00:00:00+05:00,606d5477f7dbd8112ee927bbc352390d2e1b1e1af15f8d818b294129c2c2db6c,gfs_seamless,False
turbine_2,2026-01-28 09:00:00+00:00,24,0.009358779747557487,0.009358779747557487,False,False,0.009931714719271624,0.81,0.3,2026-01-27 19:00:00+00:00,14.0,2026-01-27 22:00:00,2026-01-28T00:00:00+05:00,606d5477f7dbd8112ee927bbc352390d2e1b1e1af15f8d818b294129c2c2db6c,gfs_seamless,False
turbine_2,2026-01-28 10:00:00+00:00,24,0.009576343460796614,0.009576343460796614,False,False,0.014614610296232384,2.15,0.4,2026-01-27 19:00:00+00:00,15.0,2026-01-27 22:00:00,2026-01-28T00:00:00+05:00,606d5477f7dbd8112ee927bbc352390d2e1b1e1af15f8d818b294129c2c2db6c,gfs_seamless,False
turbine_2,2026-01-28 11:00:00+00:00,24,0.039584890924546166,0.039584890924546166,False,False,0.07899065732399065,4.27,-0.8,2026-01-27 19:00:00+00:00,16.0,2026-01-27 22:00:00,2026-01-28T00:00:00+05:00,606d5477f7dbd8112ee927bbc352390d2e1b1e1af15f8d818b294129c2c2db6c,gfs_seamless,False
turbine_2,2026-01-28 12:00:00+00:00,24,0.2778281410474818,0.2778281410474818,False,False,0.31354815455594,6.69,-2.0,2026-01-27 19:00:00+00:00,17.0,2026-01-27 22:00:00,2026-01-28T00:00:00+05:00,606d5477f7dbd8112ee927bbc352390d2e1b1e1af15f8d818b294129c2c2db6c,gfs_seamless,False
turbine_2,2026-01-28 13:00:00+00:00,24,0.40679714987006155,0.40679714987006155,False,False,0.45990358126721764,7.56,-3.1,2026-01-27 19:00:00+00:00,18.0,2026-01-27 22:00:00,2026-01-28T00:00:00+05:00,606d5477f7dbd8112ee927bbc352390d2e1b1e1af15f8d818b294129c2c2db6c,gfs_seamless,False
turbine_2,2026-01-28 14:00:00+00:00,24,0.6277384516927572,0.6277384516927572,False,False,0.6160672905525847,8.77,-3.2,2026-01-27 19:00:00+00:00,19.0,2026-01-27 22:00:00,2026-01-28T00:00:00+05:00,606d5477f7dbd8112ee927bbc352390d2e1b1e1af15f8d818b294129c2c2db6c,gfs_seamless,False
turbine_2,2026-01-28 15:00:00+00:00,24,0.6788077148100345,0.6788077148100345,False,False,0.6740056417489422,9.12,-3.1,2026-01-27 19:00:00+00:00,20.0,2026-01-27 22:00:00,2026-01-28T00:00:00+05:00,606d5477f7dbd8112ee927bbc352390d2e1b1e1af15f8d818b294129c2c2db6c,gfs_seamless,False
turbine_2,2026-01-28 16:00:00+00:00,24,0.7485707605637009,0.7485707605637009,False,False,0.6740056417489422,9.48,-3.3,2026-01-27 19:00:00+00:00,21.0,2026-01-27 22:00:00,2026-01-28T00:00:00+05:00,606d5477f7dbd8112ee927bbc352390d2e1b1e1af15f8d818b294129c2c2db6c,gfs_seamless,False
turbine_2,2026-01-28 17:00:00+00:00,24,0.7368434289951202,0.7368434289951202,False,False,0.7533284742468416,9.53,-3.6,2026-01-27 19:00:00+00:00,22.0,2026-01-27 22:00:00,2026-01-28T00:00:00+05:00,606d5477f7dbd8112ee927bbc352390d2e1b1e1af15f8d818b294129c2c2db6c,gfs_seamless,False
turbine_2,2026-01-28 18:00:00+00:00,24,0.6329306948014071,0.6329306948014071,False,False,0.6160672905525847,8.91,-4.1,2026-01-27 19:00:00+00:00,23.0,2026-01-27 22:00:00,2026-01-28T00:00:00+05:00,606d5477f7dbd8112ee927bbc352390d2e1b1e1af15f8d818b294129c2c2db6c,gfs_seamless,False
turbine_2,2026-01-28 19:00:00+00:00,24,0.5975802662092675,0.5975802662092675,False,False,0.6160672905525847,8.7,-4.5,2026-01-27 19:00:00+00:00,24.0,2026-01-27 22:00:00,2026-01-28T00:00:00+05:00,606d5477f7dbd8112ee927bbc352390d2e1b1e1af15f8d818b294129c2c2db6c,gfs_seamless,False
turbine_2,2026-01-28 20:00:00+00:00,48,0.8169151837938236,0.8169151837938236,False,False,0.7533284742468416,9.93,-5.6,2026-01-27 19:00:00+00:00,25.0,2026-01-27 22:00:00,2026-01-28T00:00:00+05:00,606d5477f7dbd8112ee927bbc352390d2e1b1e1af15f8d818b294129c2c2db6c,gfs_seamless,False
turbine_2,2026-01-28 21:00:00+00:00,48,0.7144063318918232,0.7144063318918232,False,False,0.6740056417489422,9.48,-5.7,2026-01-27 19:00:00+00:00,26.0,2026-01-27 22:00:00,2026-01-28T00:00:00+05:00,606d5477f7dbd8112ee927bbc352390d2e1b1e1af15f8d818b294129c2c2db6c,gfs_seamless,False
turbine_2,2026-01-28 22:00:00+00:00,48,0.7036661084372006,0.7036661084372006,False,False,0.6740056417489422,9.13,-5.9,2026-01-27 19:00:00+00:00,27.0,2026-01-27 22:00:00,2026-01-28T00:00:00+05:00,606d5477f7dbd8112ee927bbc352390d2e1b1e1af15f8d818b294129c2c2db6c,gfs_seamless,False
turbine_2,2026-01-28 23:00:00+00:00,48,0.7843323119040276,0.7843323119040276,False,False,0.7533284742468416,9.67,-5.6,2026-01-27 19:00:00+00:00,28.0,2026-01-27 22:00:00,2026-01-28T00:00:00+05:00,606d5477f7dbd8112ee927bbc352390d2e1b1e1af15f8d818b294129c2c2db6c,gfs_seamless,False
turbine_2,2026-01-29 00:00:00+00:00,48,0.5384848658371459,0.5384848658371459,False,False,0.5336059860598605,8.44,-5.9,2026-01-27 19:00:00+00:00,29.0,2026-01-27 22:00:00,2026-01-28T00:00:00+05:00,606d5477f7dbd8112ee927bbc352390d2e1b1e1af15f8d818b294129c2c2db6c,gfs_seamless,False
turbine_2,2026-01-29 01:00:00+00:00,48,0.5231540801536918,0.5231540801536918,False,False,0.5336059860598605,8.28,-6.0,2026-01-27 19:00:00+00:00,30.0,2026-01-27 22:00:00,2026-01-28T00:00:00+05:00,606d5477f7dbd8112ee927bbc352390d2e1b1e1af15f8d818b294129c2c2db6c,gfs_seamless,False
turbine_2,2026-01-29 02:00:00+00:00,48,0.6292899592079748,0.6292899592079748,False,False,0.6160672905525847,8.9,-5.6,2026-01-27 19:00:00+00:00,31.0,2026-01-27 22:00:00,2026-01-28T00:00:00+05:00,606d5477f7dbd8112ee927bbc352390d2e1b1e1af15f8d818b294129c2c2db6c,gfs_seamless,False
turbine_2,2026-01-29 03:00:00+00:00,48,0.6739676035938121,0.6739676035938121,False,False,0.6740056417489422,9.12,-4.7,2026-01-27 19:00:00+00:00,32.0,2026-01-27 22:00:00,2026-01-28T00:00:00+05:00,606d5477f7dbd8112ee927bbc352390d2e1b1e1af15f8d818b294129c2c2db6c,gfs_seamless,False
turbine_2,2026-01-29 04:00:00+00:00,48,0.6461660020647562,0.6461660020647562,False,False,0.6740056417489422,9.31,-2.2,2026-01-27 19:00:00+00:00,33.0,2026-01-27 22:00:00,2026-01-28T00:00:00+05:00,606d5477f7dbd8112ee927bbc352390d2e1b1e1af15f8d818b294129c2c2db6c,gfs_seamless,False
turbine_2,2026-01-29 05:00:00+00:00,48,0.7863788454135953,0.7863788454135953,False,False,0.7533284742468416,9.79,-0.4,2026-01-27 19:00:00+00:00,34.0,2026-01-27 22:00:00,2026-01-28T00:00:00+05:00,606d5477f7dbd8112ee927bbc352390d2e1b1e1af15f8d818b294129c2c2db6c,gfs_seamless,False
turbine_2,2026-01-29 06:00:00+00:00,48,0.8663656287193825,0.8663656287193825,False,False,0.823686936936937,10.42,0.7,2026-01-27 19:00:00+00:00,35.0,2026-01-27 22:00:00,2026-01-28T00:00:00+05:00,606d5477f7dbd8112ee927bbc352390d2e1b1e1af15f8d818b294129c2c2db6c,gfs_seamless,False
turbine_2,2026-01-29 07:00:00+00:00,48,0.8774349869200339,0.8774349869200339,False,False,0.823686936936937,10.35,1.4,2026-01-27 19:00:00+00:00,36.0,2026-01-27 22:00:00,2026-01-28T00:00:00+05:00,606d5477f7dbd8112ee927bbc352390d2e1b1e1af15f8d818b294129c2c2db6c,gfs_seamless,False
turbine_2,2026-01-29 08:00:00+00:00,48,0.7995183785932584,0.7995183785932584,False,False,0.7533284742468416,9.9,1.8,2026-01-27 19:00:00+00:00,37.0,2026-01-27 22:00:00,2026-01-28T00:00:00+05:00,606d5477f7dbd8112ee927bbc352390d2e1b1e1af15f8d818b294129c2c2db6c,gfs_seamless,False
turbine_2,2026-01-29 09:00:00+00:00,48,0.7362587086148621,0.7362587086148621,False,False,0.6740056417489422,9.47,2.0,2026-01-27 19:00:00+00:00,38.0,2026-01-27 22:00:00,2026-01-28T00:00:00+05:00,606d5477f7dbd8112ee927bbc352390d2e1b1e1af15f8d818b294129c2c2db6c,gfs_seamless,False
turbine_2,2026-01-29 10:00:00+00:00,48,0.6796791589635065,0.6796791589635065,False,False,0.6740056417489422,9.36,1.7,2026-01-27 19:00:00+00:00,39.0,2026-01-27 22:00:00,2026-01-28T00:00:00+05:00,606d5477f7dbd8112ee927bbc352390d2e1b1e1af15f8d818b294129c2c2db6c,gfs_seamless,False
turbine_2,2026-01-29 11:00:00+00:00,48,0.634628484079642,0.634628484079642,False,False,0.6160672905525847,8.81,0.6,2026-01-27 19:00:00+00:00,40.0,2026-01-27 22:00:00,2026-01-28T00:00:00+05:00,606d5477f7dbd8112ee927bbc352390d2e1b1e1af15f8d818b294129c2c2db6c,gfs_seamless,False
turbine_2,2026-01-29 12:00:00+00:00,48,0.7044664482303628,0.7044664482303628,False,False,0.6740056417489422,9.21,-1.5,2026-01-27 19:00:00+00:00,41.0,2026-01-27 22:00:00,2026-01-28T00:00:00+05:00,606d5477f7dbd8112ee927bbc352390d2e1b1e1af15f8d818b294129c2c2db6c,gfs_seamless,False
turbine_2,2026-01-29 13:00:00+00:00,48,0.7167437913067839,0.7167437913067839,False,False,0.6740056417489422,9.4,-2.3,2026-01-27 19:00:00+00:00,42.0,2026-01-27 22:00:00,2026-01-28T00:00:00+05:00,606d5477f7dbd8112ee927bbc352390d2e1b1e1af15f8d818b294129c2c2db6c,gfs_seamless,False
turbine_2,2026-01-29 14:00:00+00:00,48,0.8532994564051842,0.8532994564051842,False,False,0.823686936936937,10.2,-2.7,2026-01-27 19:00:00+00:00,43.0,2026-01-27 22:00:00,2026-01-28T00:00:00+05:00,606d5477f7dbd8112ee927bbc352390d2e1b1e1af15f8d818b294129c2c2db6c,gfs_seamless,False
turbine_2,2026-01-29 15:00:00+00:00,48,0.8816360888142585,0.8816360888142585,False,False,0.823686936936937,10.38,-2.9,2026-01-27 19:00:00+00:00,44.0,2026-01-27 22:00:00,2026-01-28T00:00:00+05:00,606d5477f7dbd8112ee927bbc352390d2e1b1e1af15f8d818b294129c2c2db6c,gfs_seamless,False
turbine_2,2026-01-29 16:00:00+00:00,48,0.9509070567060757,0.9509070567060757,False,False,0.9255753739930955,11.36,-2.9,2026-01-27 19:00:00+00:00,45.0,2026-01-27 22:00:00,2026-01-28T00:00:00+05:00,606d5477f7dbd8112ee927bbc352390d2e1b1e1af15f8d818b294129c2c2db6c,gfs_seamless,False
turbine_2,2026-01-29 17:00:00+00:00,48,0.9556862025843739,0.9556862025843739,False,False,0.9516279069767442,11.55,-3.1,2026-01-27 19:00:00+00:00,46.0,2026-01-27 22:00:00,2026-01-28T00:00:00+05:00,606d5477f7dbd8112ee927bbc352390d2e1b1e1af15f8d818b294129c2c2db6c,gfs_seamless,False
turbine_2,2026-01-29 18:00:00+00:00,48,0.9774099014212927,0.9774099014212927,False,False,0.9516279069767442,11.66,-3.5,2026-01-27 19:00:00+00:00,47.0,2026-01-27 22:00:00,2026-01-28T00:00:00+05:00,606d5477f7dbd8112ee927bbc352390d2e1b1e1af15f8d818b294129c2c2db6c,gfs_seamless,False
turbine_2,2026-01-29 19:00:00+00:00,48,0.9760958677956092,0.9760958677956092,False,False,0.9516279069767442,11.83,-3.7,2026-01-27 19:00:00+00:00,48.0,2026-01-27 22:00:00,2026-01-28T00:00:00+05:00,606d5477f7dbd8112ee927bbc352390d2e1b1e1af15f8d818b294129c2c2db6c,gfs_seamless,False
turbine_1,2026-01-28 20:00:00+00:00,24,0.6816414768354961,0.6816414768354961,False,False,0.6264426782273603,8.9,-4.7,2026-01-28 19:00:00+00:00,1.0,2026-01-28 22:00:00,2026-01-29T00:00:00+05:00,ae9c9939fa6bd5a24cc0a42bd1bcee786e2ca71e673f47ae871acb8e21bd607a,gfs_seamless,False
turbine_1,2026-01-28 21:00:00+00:00,24,0.5190101175277897,0.5190101175277897,False,False,0.5480506822612086,8.1,-4.8,2026-01-28 19:00:00+00:00,2.0,2026-01-28 22:00:00,2026-01-29T00:00:00+05:00,ae9c9939fa6bd5a24cc0a42bd1bcee786e2ca71e673f47ae871acb8e21bd607a,gfs_seamless,False
turbine_1,2026-01-28 22:00:00+00:00,24,0.5886144042928346,0.5886144042928346,False,False,0.5480506822612086,8.41,-5.0,2026-01-28 19:00:00+00:00,3.0,2026-01-28 22:00:00,2026-01-29T00:00:00+05:00,ae9c9939fa6bd5a24cc0a42bd1bcee786e2ca71e673f47ae871acb8e21bd607a,gfs_seamless,False
turbine_1,2026-01-28 23:00:00+00:00,24,0.496680290227116,0.496680290227116,False,False,0.5480506822612086,8.08,-5.3,2026-01-28 19:00:00+00:00,4.0,2026-01-28 22:00:00,2026-01-29T00:00:00+05:00,ae9c9939fa6bd5a24cc0a42bd1bcee786e2ca71e673f47ae871acb8e21bd607a,gfs_seamless,False
turbine_1,2026-01-29 00:00:00+00:00,24,0.34641442722700433,0.34641442722700433,False,False,0.39804151061173537,7.16,-5.5,2026-01-28 19:00:00+00:00,5.0,2026-01-28 22:00:00,2026-01-29T00:00:00+05:00,ae9c9939fa6bd5a24cc0a42bd1bcee786e2ca71e673f47ae871acb8e21bd607a,gfs_seamless,False
turbine_1,2026-01-29 01:00:00+00:00,24,0.40326627392658404,0.40326627392658404,False,False,0.39804151061173537,7.42,-5.5,2026-01-28 19:00:00+00:00,6.0,2026-01-28 22:00:00,2026-01-29T00:00:00+05:00,ae9c9939fa6bd5a24cc0a42bd1bcee786e2ca71e673f47ae871acb8e21bd607a,gfs_seamless,False
turbine_1,2026-01-29 02:00:00+00:00,24,0.5573125651545382,0.5573125651545382,False,False,0.5480506822612086,8.24,-5.6,2026-01-28 19:00:00+00:00,7.0,2026-01-28 22:00:00,2026-01-29T00:00:00+05:00,ae9c9939fa6bd5a24cc0a42bd1bcee786e2ca71e673f47ae871acb8e21bd607a,gfs_seamless,False
turbine_1,2026-01-29 03:00:00+00:00,24,0.5179310565249979,0.5179310565249979,False,False,0.5480506822612086,8.07,-4.7,2026-01-28 19:00:00+00:00,8.0,2026-01-28 22:00:00,2026-01-29T00:00:00+05:00,ae9c9939fa6bd5a24cc0a42bd1bcee786e2ca71e673f47ae871acb8e21bd607a,gfs_seamless,False
turbine_1,2026-01-29 04:00:00+00:00,24,0.5556899833962977,0.5556899833962977,False,False,0.5480506822612086,8.19,-2.5,2026-01-28 19:00:00+00:00,9.0,2026-01-28 22:00:00,2026-01-29T00:00:00+05:00,ae9c9939fa6bd5a24cc0a42bd1bcee786e2ca71e673f47ae871acb8e21bd607a,gfs_seamless,False
turbine_1,2026-01-29 05:00:00+00:00,24,0.5965678957585291,0.5965678957585291,False,False,0.5480506822612086,8.36,-0.4,2026-01-28 19:00:00+00:00,10.0,2026-01-28 22:00:00,2026-01-29T00:00:00+05:00,ae9c9939fa6bd5a24cc0a42bd1bcee786e2ca71e673f47ae871acb8e21bd607a,gfs_seamless,False
turbine_1,2026-01-29 06:00:00+00:00,24,0.7470363868583174,0.7470363868583174,False,False,0.6953585558852622,9.38,0.1,2026-01-28 19:00:00+00:00,11.0,2026-01-28 22:00:00,2026-01-29T00:00:00+05:00,ae9c9939fa6bd5a24cc0a42bd1bcee786e2ca71e673f47ae871acb8e21bd607a,gfs_seamless,False
turbine_1,2026-01-29 07:00:00+00:00,24,0.8368802520482406,0.8368802520482406,False,False,0.7648568655992237,9.84,1.0,2026-01-28 19:00:00+00:00,12.0,2026-01-28 22:00:00,2026-01-29T00:00:00+05:00,ae9c9939fa6bd5a24cc0a42bd1bcee786e2ca71e673f47ae871acb8e21bd607a,gfs_seamless,False
turbine_1,2026-01-29 08:00:00+00:00,24,0.8810469668079827,0.8810469668079827,False,False,0.8298177426438297,10.25,1.5,2026-01-28 19:00:00+00:00,13.0,2026-01-28 22:00:00,2026-01-29T00:00:00+05:00,ae9c9939fa6bd5a24cc0a42bd1bcee786e2ca71e673f47ae871acb8e21bd607a,gfs_seamless,False
turbine_1,2026-01-29 09:00:00+00:00,24,0.8807411104793158,0.8807411104793158,False,False,0.8298177426438297,10.16,1.8,2026-01-28 19:00:00+00:00,14.0,2026-01-28 22:00:00,2026-01-29T00:00:00+05:00,ae9c9939fa6bd5a24cc0a42bd1bcee786e2ca71e673f47ae871acb8e21bd607a,gfs_seamless,False
turbine_1,2026-01-29 10:00:00+00:00,24,0.8729959448427427,0.8729959448427427,False,False,0.8298177426438297,10.43,1.6,2026-01-28 19:00:00+00:00,15.0,2026-01-28 22:00:00,2026-01-29T00:00:00+05:00,ae9c9939fa6bd5a24cc0a42bd1bcee786e2ca71e673f47ae871acb8e21bd607a,gfs_seamless,False
turbine_1,2026-01-29 11:00:00+00:00,24,0.9408755435478929,0.9408755435478929,False,False,0.8933641975308642,10.83,0.5,2026-01-28 19:00:00+00:00,16.0,2026-01-28 22:00:00,2026-01-29T00:00:00+05:00,ae9c9939fa6bd5a24cc0a42bd1bcee786e2ca71e673f47ae871acb8e21bd607a,gfs_seamless,False
turbine_1,2026-01-29 12:00:00+00:00,24,0.94542573319334,0.94542573319334,False,False,0.8933641975308642,10.99,-1.3,2026-01-28 19:00:00+00:00,17.0,2026-01-28 22:00:00,2026-01-29T00:00:00+05:00,ae9c9939fa6bd5a24cc0a42bd1bcee786e2ca71e673f47ae871acb8e21bd607a,gfs_seamless,False
turbine_1,2026-01-29 13:00:00+00:00,24,0.9401208656341283,0.9401208656341283,False,False,0.8933641975308642,10.91,-2.1,2026-01-28 19:00:00+00:00,18.0,2026-01-28 22:00:00,2026-01-29T00:00:00+05:00,ae9c9939fa6bd5a24cc0a42bd1bcee786e2ca71e673f47ae871acb8e21bd607a,gfs_seamless,False
turbine_1,2026-01-29 14:00:00+00:00,24,0.9787939908864838,0.9787939908864838,False,False,0.9380381944444444,11.4,-2.3,2026-01-28 19:00:00+00:00,19.0,2026-01-28 22:00:00,2026-01-29T00:00:00+05:00,ae9c9939fa6bd5a24cc0a42bd1bcee786e2ca71e673f47ae871acb8e21bd607a,gfs_seamless,False
turbine_1,2026-01-29 15:00:00+00:00,24,0.9835435804031653,0.9835435804031653,False,False,0.9380381944444444,11.45,-2.3,2026-01-28 19:00:00+00:00,20.0,2026-01-28 22:00:00,2026-01-29T00:00:00+05:00,ae9c9939fa6bd5a24cc0a42bd1bcee786e2ca71e673f47ae871acb8e21bd607a,gfs_seamless,False
turbine_1,2026-01-29 16:00:00+00:00,24,0.9928249916887457,0.9928249916887457,False,False,0.9761353467561521,13.02,-2.6,2026-01-28 19:00:00+00:00,21.0,2026-01-28 22:00:00,2026-01-29T00:00:00+05:00,ae9c9939fa6bd5a24cc0a42bd1bcee786e2ca71e673f47ae871acb8e21bd607a,gfs_seamless,False
turbine_1,2026-01-29 17:00:00+00:00,24,0.9906551924533069,0.9906551924533069,False,False,0.9673371212121211,12.92,-2.8,2026-01-28 19:00:00+00:00,22.0,2026-01-28 22:00:00,2026-01-29T00:00:00+05:00,ae9c9939fa6bd5a24cc0a42bd1bcee786e2ca71e673f47ae871acb8e21bd607a,gfs_seamless,False
turbine_1,2026-01-29 18:00:00+00:00,24,0.9936968350551402,0.9936968350551402,False,False,0.9761353467561521,13.21,-3.5,2026-01-28 19:00:00+00:00,23.0,2026-01-28 22:00:00,2026-01-29T00:00:00+05:00,ae9c9939fa6bd5a24cc0a42bd1bcee786e2ca71e673f47ae871acb8e21bd607a,gfs_seamless,False
turbine_1,2026-01-29 19:00:00+00:00,24,0.9821889487058949,0.9821889487058949,False,False,0.9761353467561521,13.11,-3.7,2026-01-28 19:00:00+00:00,24.0,2026-01-28 22:00:00,2026-01-29T00:00:00+05:00,ae9c9939fa6bd5a24cc0a42bd1bcee786e2ca71e673f47ae871acb8e21bd607a,gfs_seamless,False
turbine_1,2026-01-29 20:00:00+00:00,48,0.9907529179150163,0.9907529179150163,False,False,0.9581681957186543,12.23,-3.8,2026-01-28 19:00:00+00:00,25.0,2026-01-28 22:00:00,2026-01-29T00:00:00+05:00,ae9c9939fa6bd5a24cc0a42bd1bcee786e2ca71e673f47ae871acb8e21bd607a,gfs_seamless,False
turbine_1,2026-01-29 21:00:00+00:00,48,0.9911057637084134,0.9911057637084134,False,False,0.9673371212121211,12.85,-3.8,2026-01-28 19:00:00+00:00,26.0,2026-01-28 22:00:00,2026-01-29T00:00:00+05:00,ae9c9939fa6bd5a24cc0a42bd1bcee786e2ca71e673f47ae871acb8e21bd607a,gfs_seamless,False
turbine_1,2026-01-29 22:00:00+00:00,48,0.958656055167158,0.958656055167158,False,False,0.9673371212121211,12.63,-4.0,2026-01-28 19:00:00+00:00,27.0,2026-01-28 22:00:00,2026-01-29T00:00:00+05:00,ae9c9939fa6bd5a24cc0a42bd1bcee786e2ca71e673f47ae871acb8e21bd607a,gfs_seamless,False
turbine_1,2026-01-29 23:00:00+00:00,48,0.9898408813442915,0.9898408813442915,False,False,0.9661001642036123,13.56,-4.1,2026-01-28 19:00:00+00:00,28.0,2026-01-28 22:00:00,2026-01-29T00:00:00+05:00,ae9c9939fa6bd5a24cc0a42bd1bcee786e2ca71e673f47ae871acb8e21bd607a,gfs_seamless,False
turbine_1,2026-01-30 00:00:00+00:00,48,0.9773196677478648,0.9773196677478648,False,False,0.9581681957186543,12.13,-3.8,2026-01-28 19:00:00+00:00,29.0,2026-01-28 22:00:00,2026-01-29T00:00:00+05:00,ae9c9939fa6bd5a24cc0a42bd1bcee786e2ca71e673f47ae871acb8e21bd607a,gfs_seamless,False
turbine_1,2026-01-30 01:00:00+00:00,48,0.9939855743884747,0.9939855743884747,False,False,0.9673371212121211,12.79,-3.9,2026-01-28 19:00:00+00:00,30.0,2026-01-28 22:00:00,2026-01-29T00:00:00+05:00,ae9c9939fa6bd5a24cc0a42bd1bcee786e2ca71e673f47ae871acb8e21bd607a,gfs_seamless,False
turbine_1,2026-01-30 02:00:00+00:00,48,0.9880097644197008,0.9880097644197008,False,False,0.9661001642036123,13.69,-4.0,2026-01-28 19:00:00+00:00,31.0,2026-01-28 22:00:00,2026-01-29T00:00:00+05:00,ae9c9939fa6bd5a24cc0a42bd1bcee786e2ca71e673f47ae871acb8e21bd607a,gfs_seamless,False
turbine_1,2026-01-30 03:00:00+00:00,48,0.9893852897800383,0.9893852897800383,False,False,0.9672885572139301,14.0,-3.6,2026-01-28 19:00:00+00:00,32.0,2026-01-28 22:00:00,2026-01-29T00:00:00+05:00,ae9c9939fa6bd5a24cc0a42bd1bcee786e2ca71e673f47ae871acb8e21bd607a,gfs_seamless,False
turbine_1,2026-01-30 04:00:00+00:00,48,0.9674582553148853,0.9674582553148853,False,False,0.9661001642036123,13.77,-1.9,2026-01-28 19:00:00+00:00,33.0,2026-01-28 22:00:00,2026-01-29T00:00:00+05:00,ae9c9939fa6bd5a24cc0a42bd1bcee786e2ca71e673f47ae871acb8e21bd607a,gfs_seamless,False
turbine_1,2026-01-30 05:00:00+00:00,48,0.9462875897905174,0.9462875897905174,False,False,0.9618518518518518,14.81,-0.4,2026-01-28 19:00:00+00:00,34.0,2026-01-28 22:00:00,2026-01-29T00:00:00+05:00,ae9c9939fa6bd5a24cc0a42bd1bcee786e2ca71e673f47ae871acb8e21bd607a,gfs_seamless,False
turbine_1,2026-01-30 06:00:00+00:00,48,0.9837038091914848,0.9837038091914848,False,False,0.9891975308641974,15.95,0.4,2026-01-28 19:00:00+00:00,35.0,2026-01-28 22:00:00,2026-01-29T00:00:00+05:00,ae9c9939fa6bd5a24cc0a42bd1bcee786e2ca71e673f47ae871acb8e21bd607a,gfs_seamless,False
turbine_1,2026-01-30 07:00:00+00:00,48,0.987698483570906,0.987698483570906,False,False,0.9894999999999999,16.61,1.5,2026-01-28 19:00:00+00:00,36.0,2026-01-28 22:00:00,2026-01-29T00:00:00+05:00,ae9c9939fa6bd5a24cc0a42bd1bcee786e2ca71e673f47ae871acb8e21bd607a,gfs_seamless,False
turbine_1,2026-01-30 08:00:00+00:00,48,0.9814083982548234,0.9814083982548234,False,False,0.9515384615384614,16.48,2.4,2026-01-28 19:00:00+00:00,37.0,2026-01-28 22:00:00,2026-01-29T00:00:00+05:00,ae9c9939fa6bd5a24cc0a42bd1bcee786e2ca71e673f47ae871acb8e21bd607a,gfs_seamless,False
turbine_1,2026-01-30 09:00:00+00:00,48,0.9821043598960827,0.9821043598960827,False,False,0.9515384615384614,16.06,2.8,2026-01-28 19:00:00+00:00,38.0,2026-01-28 22:00:00,2026-01-29T00:00:00+05:00,ae9c9939fa6bd5a24cc0a42bd1bcee786e2ca71e673f47ae871acb8e21bd607a,gfs_seamless,False
turbine_1,2026-01-30 10:00:00+00:00,48,0.9850696735524331,0.9850696735524331,False,False,0.9650781249999999,15.1,2.4,2026-01-28 19:00:00+00:00,39.0,2026-01-28 22:00:00,2026-01-29T00:00:00+05:00,ae9c9939fa6bd5a24cc0a42bd1bcee786e2ca71e673f47ae871acb8e21bd607a,gfs_seamless,False
turbine_1,2026-01-30 11:00:00+00:00,48,0.9941128813476892,0.9941128813476892,False,False,0.9672885572139301,14.02,1.1,2026-01-28 19:00:00+00:00,40.0,2026-01-28 22:00:00,2026-01-29T00:00:00+05:00,ae9c9939fa6bd5a24cc0a42bd1bcee786e2ca71e673f47ae871acb8e21bd607a,gfs_seamless,False
turbine_1,2026-01-30 12:00:00+00:00,48,0.9481852562770706,0.9481852562770706,False,False,0.9761353467561521,13.38,-0.8,2026-01-28 19:00:00+00:00,41.0,2026-01-28 22:00:00,2026-01-29T00:00:00+05:00,ae9c9939fa6bd5a24cc0a42bd1bcee786e2ca71e673f47ae871acb8e21bd607a,gfs_seamless,False
turbine_1,2026-01-30 13:00:00+00:00,48,0.9824189062064775,0.9824189062064775,False,False,0.9673371212121211,12.87,-1.5,2026-01-28 19:00:00+00:00,42.0,2026-01-28 22:00:00,2026-01-29T00:00:00+05:00,ae9c9939fa6bd5a24cc0a42bd1bcee786e2ca71e673f47ae871acb8e21bd607a,gfs_seamless,False
turbine_1,2026-01-30 14:00:00+00:00,48,0.955018219365569,0.955018219365569,False,False,0.9673371212121211,12.62,-1.8,2026-01-28 19:00:00+00:00,43.0,2026-01-28 22:00:00,2026-01-29T00:00:00+05:00,ae9c9939fa6bd5a24cc0a42bd1bcee786e2ca71e673f47ae871acb8e21bd607a,gfs_seamless,False
turbine_1,2026-01-30 15:00:00+00:00,48,0.9701907493915133,0.9701907493915133,False,False,0.9380381944444444,11.24,-2.0,2026-01-28 19:00:00+00:00,44.0,2026-01-28 22:00:00,2026-01-29T00:00:00+05:00,ae9c9939fa6bd5a24cc0a42bd1bcee786e2ca71e673f47ae871acb8e21bd607a,gfs_seamless,False
turbine_1,2026-01-30 16:00:00+00:00,48,0.9700576852208097,0.9700576852208097,False,False,0.9380381944444444,11.14,-2.0,2026-01-28 19:00:00+00:00,45.0,2026-01-28 22:00:00,2026-01-29T00:00:00+05:00,ae9c9939fa6bd5a24cc0a42bd1bcee786e2ca71e673f47ae871acb8e21bd607a,gfs_seamless,False
turbine_1,2026-01-30 17:00:00+00:00,48,0.9835435804031653,0.9835435804031653,False,False,0.9603328741965105,11.64,-2.3,2026-01-28 19:00:00+00:00,46.0,2026-01-28 22:00:00,2026-01-29T00:00:00+05:00,ae9c9939fa6bd5a24cc0a42bd1bcee786e2ca71e673f47ae871acb8e21bd607a,gfs_seamless,False
turbine_1,2026-01-30 18:00:00+00:00,48,0.987631119986663,0.987631119986663,False,False,0.9603328741965105,11.99,-3.0,2026-01-28 19:00:00+00:00,47.0,2026-01-28 22:00:00,2026-01-29T00:00:00+05:00,ae9c9939fa6bd5a24cc0a42bd1bcee786e2ca71e673f47ae871acb8e21bd607a,gfs_seamless,False
turbine_1,2026-01-30 19:00:00+00:00,48,0.9805512957272867,0.9805512957272867,False,False,0.9581681957186543,12.31,-3.2,2026-01-28 19:00:00+00:00,48.0,2026-01-28 22:00:00,2026-01-29T00:00:00+05:00,ae9c9939fa6bd5a24cc0a42bd1bcee786e2ca71e673f47ae871acb8e21bd607a,gfs_seamless,False
turbine_2,2026-01-28 20:00:00+00:00,24,0.635374386557199,0.635374386557199,False,False,0.6160672905525847,8.9,-4.7,2026-01-28 19:00:00+00:00,1.0,2026-01-28 22:00:00,2026-01-29T00:00:00+05:00,7989ec0ac92fafa383a10b822c1a1329e46ecc15b7b9b0728faca9c1350b6608,gfs_seamless,False
turbine_2,2026-01-28 21:00:00+00:00,24,0.4998215857723455,0.4998215857723455,False,False,0.5334887525562373,8.1,-4.8,2026-01-28 19:00:00+00:00,2.0,2026-01-28 22:00:00,2026-01-29T00:00:00+05:00,7989ec0ac92fafa383a10b822c1a1329e46ecc15b7b9b0728faca9c1350b6608,gfs_seamless,False
turbine_2,2026-01-28 22:00:00+00:00,24,0.562734883511404,0.562734883511404,False,False,0.5334887525562373,8.41,-5.0,2026-01-28 19:00:00+00:00,3.0,2026-01-28 22:00:00,2026-01-29T00:00:00+05:00,7989ec0ac92fafa383a10b822c1a1329e46ecc15b7b9b0728faca9c1350b6608,gfs_seamless,False
turbine_2,2026-01-28 23:00:00+00:00,24,0.46040286688457105,0.46040286688457105,False,False,0.5334887525562373,8.08,-5.3,2026-01-28 19:00:00+00:00,4.0,2026-01-28 22:00:00,2026-01-29T00:00:00+05:00,7989ec0ac92fafa383a10b822c1a1329e46ecc15b7b9b0728faca9c1350b6608,gfs_seamless,False
turbine_2,2026-01-29 00:00:00+00:00,24,0.30143576836518915,0.30143576836518915,False,False,0.38721435316336167,7.16,-5.5,2026-01-28 19:00:00+00:00,5.0,2026-01-28 22:00:00,2026-01-29T00:00:00+05:00,7989ec0ac92fafa383a10b822c1a1329e46ecc15b7b9b0728faca9c1350b6608,gfs_seamless,False
turbine_2,2026-01-29 01:00:00+00:00,24,0.3727659554487207,0.3727659554487207,False,False,0.38721435316336167,7.42,-5.5,2026-01-28 19:00:00+00:00,6.0,2026-01-28 22:00:00,2026-01-29T00:00:00+05:00,7989ec0ac92fafa383a10b822c1a1329e46ecc15b7b9b0728faca9c1350b6608,gfs_seamless,False
turbine_2,2026-01-29 02:00:00+00:00,24,0.48755650616950447,0.48755650616950447,False,False,0.5334887525562373,8.24,-5.6,2026-01-28 19:00:00+00:00,7.0,2026-01-28 22:00:00,2026-01-29T00:00:00+05:00,7989ec0ac92fafa383a10b822c1a1329e46ecc15b7b9b0728faca9c1350b6608,gfs_seamless,False
turbine_2,2026-01-29 03:00:00+00:00,24,0.4998215857723455,0.4998215857723455,False,False,0.5334887525562373,8.07,-4.7,2026-01-28 19:00:00+00:00,8.0,2026-01-28 22:00:00,2026-01-29T00:00:00+05:00,7989ec0ac92fafa383a10b822c1a1329e46ecc15b7b9b0728faca9c1350b6608,gfs_seamless,False
turbine_2,2026-01-29 04:00:00+00:00,24,0.5180998692365838,0.5180998692365838,False,False,0.5334887525562373,8.19,-2.5,2026-01-28 19:00:00+00:00,9.0,2026-01-28 22:00:00,2026-01-29T00:00:00+05:00,7989ec0ac92fafa383a10b822c1a1329e46ecc15b7b9b0728faca9c1350b6608,gfs_seamless,False
turbine_2,2026-01-29 05:00:00+00:00,24,0.5649572981529692,0.5649572981529692,False,False,0.5334887525562373,8.36,-0.4,2026-01-28 19:00:00+00:00,10.0,2026-01-28 22:00:00,2026-01-29T00:00:00+05:00,7989ec0ac92fafa383a10b822c1a1329e46ecc15b7b9b0728faca9c1350b6608,gfs_seamless,False
turbine_2,2026-01-29 06:00:00+00:00,24,0.7261018888297249,0.7261018888297249,False,False,0.6740469483568075,9.38,0.1,2026-01-28 19:00:00+00:00,11.0,2026-01-28 22:00:00,2026-01-29T00:00:00+05:00,7989ec0ac92fafa383a10b822c1a1329e46ecc15b7b9b0728faca9c1350b6608,gfs_seamless,False
turbine_2,2026-01-29 07:00:00+00:00,24,0.8011927441054989,0.8011927441054989,False,False,0.7533284742468416,9.84,1.0,2026-01-28 19:00:00+00:00,12.0,2026-01-28 22:00:00,2026-01-29T00:00:00+05:00,7989ec0ac92fafa383a10b822c1a1329e46ecc15b7b9b0728faca9c1350b6608,gfs_seamless,False
turbine_2,2026-01-29 08:00:00+00:00,24,0.8544057844648526,0.8544057844648526,False,False,0.823686936936937,10.25,1.5,2026-01-28 19:00:00+00:00,13.0,2026-01-28 22:00:00,2026-01-29T00:00:00+05:00,7989ec0ac92fafa383a10b822c1a1329e46ecc15b7b9b0728faca9c1350b6608,gfs_seamless,False
turbine_2,2026-01-29 09:00:00+00:00,24,0.8373543432639102,0.8373543432639102,False,False,0.823686936936937,10.16,1.8,2026-01-28 19:00:00+00:00,14.0,2026-01-28 22:00:00,2026-01-29T00:00:00+05:00,7989ec0ac92fafa383a10b822c1a1329e46ecc15b7b9b0728faca9c1350b6608,gfs_seamless,False
turbine_2,2026-01-29 10:00:00+00:00,24,0.8819262186384931,0.8819262186384931,False,False,0.823686936936937,10.43,1.6,2026-01-28 19:00:00+00:00,15.0,2026-01-28 22:00:00,2026-01-29T00:00:00+05:00,7989ec0ac92fafa383a10b822c1a1329e46ecc15b7b9b0728faca9c1350b6608,gfs_seamless,False
turbine_2,2026-01-29 11:00:00+00:00,24,0.9333467538091162,0.9333467538091162,False,False,0.8841280487804878,10.83,0.5,2026-01-28 19:00:00+00:00,16.0,2026-01-28 22:00:00,2026-01-29T00:00:00+05:00,7989ec0ac92fafa383a10b822c1a1329e46ecc15b7b9b0728faca9c1350b6608,gfs_seamless,False
turbine_2,2026-01-29 12:00:00+00:00,24,0.940953272842613,0.940953272842613,False,False,0.8841280487804878,10.99,-1.3,2026-01-28 19:00:00+00:00,17.0,2026-01-28 22:00:00,2026-01-29T00:00:00+05:00,7989ec0ac92fafa383a10b822c1a1329e46ecc15b7b9b0728faca9c1350b6608,gfs_seamless,False
turbine_2,2026-01-29 13:00:00+00:00,24,0.9256413154237949,0.9256413154237949,False,False,0.8841280487804878,10.91,-2.1,2026-01-28 19:00:00+00:00,18.0,2026-01-28 22:00:00,2026-01-29T00:00:00+05:00,7989ec0ac92fafa383a10b822c1a1329e46ecc15b7b9b0728faca9c1350b6608,gfs_seamless,False
turbine_2,2026-01-29 14:00:00+00:00,24,0.9480755719832348,0.9480755719832348,False,False,0.9255753739930955,11.4,-2.3,2026-01-28 19:00:00+00:00,19.0,2026-01-28 22:00:00,2026-01-29T00:00:00+05:00,7989ec0ac92fafa383a10b822c1a1329e46ecc15b7b9b0728faca9c1350b6608,gfs_seamless,False
turbine_2,2026-01-29 15:00:00+00:00,24,0.9490682661604891,0.9490682661604891,False,False,0.9255753739930955,11.45,-2.3,2026-01-28 19:00:00+00:00,20.0,2026-01-28 22:00:00,2026-01-29T00:00:00+05:00,7989ec0ac92fafa383a10b822c1a1329e46ecc15b7b9b0728faca9c1350b6608,gfs_seamless,False
turbine_2,2026-01-29 16:00:00+00:00,24,0.9815785981498404,0.9815785981498404,False,False,0.9700600600600602,13.02,-2.6,2026-01-28 19:00:00+00:00,21.0,2026-01-28 22:00:00,2026-01-29T00:00:00+05:00,7989ec0ac92fafa383a10b822c1a1329e46ecc15b7b9b0728faca9c1350b6608,gfs_seamless,False
turbine_2,2026-01-29 17:00:00+00:00,24,0.9815785981498404,0.9815785981498404,False,False,0.9631781376518219,12.92,-2.8,2026-01-28 19:00:00+00:00,22.0,2026-01-28 22:00:00,2026-01-29T00:00:00+05:00,7989ec0ac92fafa383a10b822c1a1329e46ecc15b7b9b0728faca9c1350b6608,gfs_seamless,False
turbine_2,2026-01-29 18:00:00+00:00,24,0.9893565862986922,0.9893565862986922,False,False,0.9700600600600602,13.21,-3.5,2026-01-28 19:00:00+00:00,23.0,2026-01-28 22:00:00,2026-01-29T00:00:00+05:00,7989ec0ac92fafa383a10b822c1a1329e46ecc15b7b9b0728faca9c1350b6608,gfs_seamless,False
turbine_2,2026-01-29 19:00:00+00:00,24,0.9934155228016278,0.9934155228016278,False,False,0.9700600600600602,13.11,-3.7,2026-01-28 19:00:00+00:00,24.0,2026-01-28 22:00:00,2026-01-29T00:00:00+05:00,7989ec0ac92fafa383a10b822c1a1329e46ecc15b7b9b0728faca9c1350b6608,gfs_seamless,False
turbine_2,2026-01-29 20:00:00+00:00,48,0.9796237402358619,0.9796237402358619,False,False,0.9573793299261784,12.23,-3.8,2026-01-28 19:00:00+00:00,25.0,2026-01-28 22:00:00,2026-01-29T00:00:00+05:00,7989ec0ac92fafa383a10b822c1a1329e46ecc15b7b9b0728faca9c1350b6608,gfs_seamless,False
turbine_2,2026-01-29 21:00:00+00:00,48,0.9925632671319441,0.9925632671319441,False,False,0.9631781376518219,12.85,-3.8,2026-01-28 19:00:00+00:00,26.0,2026-01-28 22:00:00,2026-01-29T00:00:00+05:00,7989ec0ac92fafa383a10b822c1a1329e46ecc15b7b9b0728faca9c1350b6608,gfs_seamless,False
turbine_2,2026-01-29 22:00:00+00:00,48,0.9742223062227745,0.9742223062227745,False,False,0.9631781376518219,12.63,-4.0,2026-01-28 19:00:00+00:00,27.0,2026-01-28 22:00:00,2026-01-29T00:00:00+05:00,7989ec0ac92fafa383a10b822c1a1329e46ecc15b7b9b0728faca9c1350b6608,gfs_seamless,False
turbine_2,2026-01-29 23:00:00+00:00,48,0.9858679077201644,0.9858679077201644,False,False,0.9598799435028249,13.56,-4.1,2026-01-28 19:00:00+00:00,28.0,2026-01-28 22:00:00,2026-01-29T00:00:00+05:00,7989ec0ac92fafa383a10b822c1a1329e46ecc15b7b9b0728faca9c1350b6608,gfs_seamless,False
turbine_2,2026-01-30 00:00:00+00:00,48,0.9413577758107786,0.9413577758107786,False,False,0.9573793299261784,12.13,-3.8,2026-01-28 19:00:00+00:00,29.0,2026-01-28 22:00:00,2026-01-29T00:00:00+05:00,7989ec0ac92fafa383a10b822c1a1329e46ecc15b7b9b0728faca9c1350b6608,gfs_seamless,False
turbine_2,2026-01-30 01:00:00+00:00,48,0.9869889359444882,0.9869889359444882,False,False,0.9631781376518219,12.79,-3.9,2026-01-28 19:00:00+00:00,30.0,2026-01-28 22:00:00,2026-01-29T00:00:00+05:00,7989ec0ac92fafa383a10b822c1a1329e46ecc15b7b9b0728faca9c1350b6608,gfs_seamless,False
turbine_2,2026-01-30 02:00:00+00:00,48,0.9845100120797238,0.9845100120797238,False,False,0.9598799435028249,13.69,-4.0,2026-01-28 19:00:00+00:00,31.0,2026-01-28 22:00:00,2026-01-29T00:00:00+05:00,7989ec0ac92fafa383a10b822c1a1329e46ecc15b7b9b0728faca9c1350b6608,gfs_seamless,False
turbine_2,2026-01-30 03:00:00+00:00,48,0.9684847350891905,0.9684847350891905,False,False,0.9603782505910166,14.0,-3.6,2026-01-28 19:00:00+00:00,32.0,2026-01-28 22:00:00,2026-01-29T00:00:00+05:00,7989ec0ac92fafa383a10b822c1a1329e46ecc15b7b9b0728faca9c1350b6608,gfs_seamless,False
turbine_2,2026-01-30 04:00:00+00:00,48,0.9574413672497479,0.9574413672497479,False,False,0.9598799435028249,13.77,-1.9,2026-01-28 19:00:00+00:00,33.0,2026-01-28 22:00:00,2026-01-29T00:00:00+05:00,7989ec0ac92fafa383a10b822c1a1329e46ecc15b7b9b0728faca9c1350b6608,gfs_seamless,False
turbine_2,2026-01-30 05:00:00+00:00,48,0.8548948830761554,0.8548948830761554,False,False,0.962514880952381,14.81,-0.4,2026-01-28 19:00:00+00:00,34.0,2026-01-28 22:00:00,2026-01-29T00:00:00+05:00,7989ec0ac92fafa383a10b822c1a1329e46ecc15b7b9b0728faca9c1350b6608,gfs_seamless,False
turbine_2,2026-01-30 06:00:00+00:00,48,0.914292573171983,0.914292573171983,False,False,0.9347222222222222,15.95,0.4,2026-01-28 19:00:00+00:00,35.0,2026-01-28 22:00:00,2026-01-29T00:00:00+05:00,7989ec0ac92fafa383a10b822c1a1329e46ecc15b7b9b0728faca9c1350b6608,gfs_seamless,False
turbine_2,2026-01-30 07:00:00+00:00,48,0.9130416363524216,0.9130416363524216,False,False,0.972962962962963,16.61,1.5,2026-01-28 19:00:00+00:00,36.0,2026-01-28 22:00:00,2026-01-29T00:00:00+05:00,7989ec0ac92fafa383a10b822c1a1329e46ecc15b7b9b0728faca9c1350b6608,gfs_seamless,False
turbine_2,2026-01-30 08:00:00+00:00,48,0.9421049161448497,0.9421049161448497,False,False,0.9726666666666667,16.48,2.4,2026-01-28 19:00:00+00:00,37.0,2026-01-28 22:00:00,2026-01-29T00:00:00+05:00,7989ec0ac92fafa383a10b822c1a1329e46ecc15b7b9b0728faca9c1350b6608,gfs_seamless,False
turbine_2,2026-01-30 09:00:00+00:00,48,0.9488544777503123,0.9488544777503123,False,False,0.9726666666666667,16.06,2.8,2026-01-28 19:00:00+00:00,38.0,2026-01-28 22:00:00,2026-01-29T00:00:00+05:00,7989ec0ac92fafa383a10b822c1a1329e46ecc15b7b9b0728faca9c1350b6608,gfs_seamless,False
turbine_2,2026-01-30 10:00:00+00:00,48,0.9412757217912551,0.9412757217912551,False,False,0.9496153846153847,15.1,2.4,2026-01-28 19:00:00+00:00,39.0,2026-01-28 22:00:00,2026-01-29T00:00:00+05:00,7989ec0ac92fafa383a10b822c1a1329e46ecc15b7b9b0728faca9c1350b6608,gfs_seamless,False
turbine_2,2026-01-30 11:00:00+00:00,48,1.0032156256521259,0.995,True,False,0.9603782505910166,14.02,1.1,2026-01-28 19:00:00+00:00,40.0,2026-01-28 22:00:00,2026-01-29T00:00:00+05:00,7989ec0ac92fafa383a10b822c1a1329e46ecc15b7b9b0728faca9c1350b6608,gfs_seamless,False
turbine_2,2026-01-30 12:00:00+00:00,48,0.9454221524696234,0.9454221524696234,False,False,0.9700600600600602,13.38,-0.8,2026-01-28 19:00:00+00:00,41.0,2026-01-28 22:00:00,2026-01-29T00:00:00+05:00,7989ec0ac92fafa383a10b822c1a1329e46ecc15b7b9b0728faca9c1350b6608,gfs_seamless,False
turbine_2,2026-01-30 13:00:00+00:00,48,0.9691261696752236,0.9691261696752236,False,False,0.9631781376518219,12.87,-1.5,2026-01-28 19:00:00+00:00,42.0,2026-01-28 22:00:00,2026-01-29T00:00:00+05:00,7989ec0ac92fafa383a10b822c1a1329e46ecc15b7b9b0728faca9c1350b6608,gfs_seamless,False
turbine_2,2026-01-30 14:00:00+00:00,48,0.971175798238016,0.971175798238016,False,False,0.9631781376518219,12.62,-1.8,2026-01-28 19:00:00+00:00,43.0,2026-01-28 22:00:00,2026-01-29T00:00:00+05:00,7989ec0ac92fafa383a10b822c1a1329e46ecc15b7b9b0728faca9c1350b6608,gfs_seamless,False
turbine_2,2026-01-30 15:00:00+00:00,48,0.934222460700804,0.934222460700804,False,False,0.9255753739930955,11.24,-2.0,2026-01-28 19:00:00+00:00,44.0,2026-01-28 22:00:00,2026-01-29T00:00:00+05:00,7989ec0ac92fafa383a10b822c1a1329e46ecc15b7b9b0728faca9c1350b6608,gfs_seamless,False
turbine_2,2026-01-30 16:00:00+00:00,48,0.9274249518950055,0.9274249518950055,False,False,0.9255753739930955,11.14,-2.0,2026-01-28 19:00:00+00:00,45.0,2026-01-28 22:00:00,2026-01-29T00:00:00+05:00,7989ec0ac92fafa383a10b822c1a1329e46ecc15b7b9b0728faca9c1350b6608,gfs_seamless,False
turbine_2,2026-01-30 17:00:00+00:00,48,0.9626701461055365,0.9626701461055365,False,False,0.9516279069767442,11.64,-2.3,2026-01-28 19:00:00+00:00,46.0,2026-01-28 22:00:00,2026-01-29T00:00:00+05:00,7989ec0ac92fafa383a10b822c1a1329e46ecc15b7b9b0728faca9c1350b6608,gfs_seamless,False
turbine_2,2026-01-30 18:00:00+00:00,48,0.9682949328596427,0.9682949328596427,False,False,0.9516279069767442,11.99,-3.0,2026-01-28 19:00:00+00:00,47.0,2026-01-28 22:00:00,2026-01-29T00:00:00+05:00,7989ec0ac92fafa383a10b822c1a1329e46ecc15b7b9b0728faca9c1350b6608,gfs_seamless,False
turbine_2,2026-01-30 19:00:00+00:00,48,0.9810709166982727,0.9810709166982727,False,False,0.9573793299261784,12.31,-3.2,2026-01-28 19:00:00+00:00,48.0,2026-01-28 22:00:00,2026-01-29T00:00:00+05:00,7989ec0ac92fafa383a10b822c1a1329e46ecc15b7b9b0728faca9c1350b6608,gfs_seamless,False
