turbine_id,valid_time,nominal_lead_time_hours,raw_predicted_power,predicted_power,prediction_bounded,weather_out_of_training_range,baseline_prediction,wind_speed,temperature,forecast_origin,hours_ahead,model_training_max,model_training_available_at,model_id,weather_model,forecast_contract_compatible,power_normalized,observed_wind_speed,observed_temperature,absolute_error
turbine_1,2025-12-31 20:00:00+00:00,24,0.009391612097384094,0.009391612097384094,False,False,0.009988623435722412,0.76,1.8,2025-12-31 19:00:00+00:00,1.0,2025-12-31 22:00:00,2026-01-01T00:00:00+05:00,f593fd24f9c9c75249d18ce1aee1a63ff3ad1ce495bf49517b8fce706f8b7b2b,gfs_seamless,False,0.16,5.6049999999999995,3.9066666666666663,0.1506083879026159
turbine_1,2025-12-31 21:00:00+00:00,24,0.009605477885167154,0.009605477885167154,False,False,0.009988623435722412,0.98,1.6,2025-12-31 19:00:00+00:00,2.0,2025-12-31 22:00:00,2026-01-01T00:00:00+05:00,f593fd24f9c9c75249d18ce1aee1a63ff3ad1ce495bf49517b8fce706f8b7b2b,gfs_seamless,False,0.6366666666666667,9.161666666666667,3.5833333333333335,0.6270611887814995
turbine_1,2025-12-31 22:00:00+00:00,24,0.010236574812804147,0.010236574812804147,False,False,0.011048448145344437,1.86,2.1,2025-12-31 19:00:00+00:00,3.0,2025-12-31 22:00:00,2026-01-01T00:00:00+05:00,f593fd24f9c9c75249d18ce1aee1a63ff3ad1ce495bf49517b8fce706f8b7b2b,gfs_seamless,False,0.9883333333333333,12.395000000000001,4.316666666666666,0.9780967585205291
turbine_1,2025-12-31 23:00:00+00:00,24,0.023396398742211257,0.023396398742211257,False,False,0.04069233550253073,3.26,2.7,2025-12-31 19:00:00+00:00,4.0,2025-12-31 22:00:00,2026-01-01T00:00:00+05:00,f593fd24f9c9c75249d18ce1aee1a63ff3ad1ce495bf49517b8fce706f8b7b2b,gfs_seamless,False,0.9899999999999999,12.31,4.711666666666667,0.9666036012577887
turbine_1,2026-01-01 00:00:00+00:00,24,0.9897930565211325,0.9897930565211325,False,False,0.9769104308390022,13.47,2.1,2025-12-31 19:00:00+00:00,5.0,2025-12-31 22:00:00,2026-01-01T00:00:00+05:00,f593fd24f9c9c75249d18ce1aee1a63ff3ad1ce495bf49517b8fce706f8b7b2b,gfs_seamless,False,0.9883333333333333,11.378333333333332,4.656666666666666,0.001459723187799189
turbine_1,2026-01-01 01:00:00+00:00,24,0.9863506925166433,0.9863506925166433,False,False,0.9668531468531468,12.82,1.6,2025-12-31 19:00:00+00:00,6.0,2025-12-31 22:00:00,2026-01-01T00:00:00+05:00,f593fd24f9c9c75249d18ce1aee1a63ff3ad1ce495bf49517b8fce706f8b7b2b,gfs_seamless,False,0.9566666666666667,11.146666666666667,4.3533333333333335,0.029684025849976647
turbine_1,2026-01-01 02:00:00+00:00,24,0.9849981027354475,0.9849981027354475,False,False,0.9576498127340823,12.15,1.5,2025-12-31 19:00:00+00:00,7.0,2025-12-31 22:00:00,2026-01-01T00:00:00+05:00,f593fd24f9c9c75249d18ce1aee1a63ff3ad1ce495bf49517b8fce706f8b7b2b,gfs_seamless,False,0.8266666666666667,9.891666666666667,3.7716666666666665,0.15833143606878086
turbine_1,2026-01-01 03:00:00+00:00,24,0.9642754591687186,0.9642754591687186,False,False,0.9376587301587301,11.06,1.2,2025-12-31 19:00:00+00:00,8.0,2025-12-31 22:00:00,2026-01-01T00:00:00+05:00,f593fd24f9c9c75249d18ce1aee1a63ff3ad1ce495bf49517b8fce706f8b7b2b,gfs_seamless,False,0.5716666666666667,8.200000000000001,3.486666666666667,0.39260879250205194
turbine_1,2026-01-01 04:00:00+00:00,24,0.7927582268956889,0.7927582268956889,False,False,0.6947272727272727,9.49,1.1,2025-12-31 19:00:00+00:00,9.0,2025-12-31 22:00:00,2026-01-01T00:00:00+05:00,f593fd24f9c9c75249d18ce1aee1a63ff3ad1ce495bf49517b8fce706f8b7b2b,gfs_seamless,False,0.4083333333333334,7.38,3.3233333333333337,0.3844248935623555
turbine_1,2026-01-01 05:00:00+00:00,24,0.5689222649431463,0.5689222649431463,False,False,0.5471700762133975,8.3,1.4,2025-12-31 19:00:00+00:00,10.0,2025-12-31 22:00:00,2026-01-01T00:00:00+05:00,f593fd24f9c9c75249d18ce1aee1a63ff3ad1ce495bf49517b8fce706f8b7b2b,gfs_seamless,False,0.33666666666666667,6.945,3.4299999999999997,0.23225559827647968
turbine_1,2026-01-01 06:00:00+00:00,24,0.27973029361062984,0.27973029361062984,False,False,0.2573408071748879,6.49,1.5,2025-12-31 19:00:00+00:00,11.0,2025-12-31 22:00:00,2026-01-01T00:00:00+05:00,f593fd24f9c9c75249d18ce1aee1a63ff3ad1ce495bf49517b8fce706f8b7b2b,gfs_seamless,False,0.115,5.251666666666667,3.8683333333333336,0.16473029361062985
turbine_1,2026-01-01 07:00:00+00:00,24,0.08091550453762036,0.08091550453762036,False,False,0.11303655264922871,4.74,1.9,2025-12-31 19:00:00+00:00,12.0,2025-12-31 22:00:00,2026-01-01T00:00:00+05:00,f593fd24f9c9c75249d18ce1aee1a63ff3ad1ce495bf49517b8fce706f8b7b2b,gfs_seamless,False,0.045000000000000005,4.1000000000000005,4.4816666666666665,0.03591550453762036
turbine_1,2026-01-01 08:00:00+00:00,24,0.016644550331141043,0.016644550331141043,False,False,0.02556619623655914,2.82,2.4,2025-12-31 19:00:00+00:00,13.0,2025-12-31 22:00:00,2026-01-01T00:00:00+05:00,f593fd24f9c9c75249d18ce1aee1a63ff3ad1ce495bf49517b8fce706f8b7b2b,gfs_seamless,False,0.065,4.405,4.836666666666667,0.04835544966885896
turbine_1,2026-01-01 09:00:00+00:00,24,0.009945020335783848,0.009945020335783848,False,False,0.009988623435722412,0.67,2.5,2025-12-31 19:00:00+00:00,14.0,2025-12-31 22:00:00,2026-01-01T00:00:00+05:00,f593fd24f9c9c75249d18ce1aee1a63ff3ad1ce495bf49517b8fce706f8b7b2b,gfs_seamless,False,0.018333333333333333,2.8016666666666663,5.1433333333333335,0.008388312997549486
turbine_1,2026-01-01 10:00:00+00:00,24,0.009945020335783848,0.009945020335783848,False,False,0.009956922162804516,1.21,2.5,2025-12-31 19:00:00+00:00,15.0,2025-12-31 22:00:00,2026-01-01T00:00:00+05:00,f593fd24f9c9c75249d18ce1aee1a63ff3ad1ce495bf49517b8fce706f8b7b2b,gfs_seamless,False,0.01,2.5883333333333334,4.91,5.4979664216152704e-05
turbine_1,2026-01-01 11:00:00+00:00,24,0.024059816008149566,0.024059816008149566,False,False,0.04069233550253073,3.31,2.0,2025-12-31 19:00:00+00:00,16.0,2025-12-31 22:00:00,2026-01-01T00:00:00+05:00,f593fd24f9c9c75249d18ce1aee1a63ff3ad1ce495bf49517b8fce706f8b7b2b,gfs_seamless,False,0.01,1.7516666666666667,4.735,0.014059816008149565
turbine_1,2026-01-01 12:00:00+00:00,24,0.1856604595078616,0.1856604595078616,False,False,0.19667375886524824,5.95,1.3,2025-12-31 19:00:00+00:00,17.0,2025-12-31 22:00:00,2026-01-01T00:00:00+05:00,f593fd24f9c9c75249d18ce1aee1a63ff3ad1ce495bf49517b8fce706f8b7b2b,gfs_seamless,False,0.011666666666666667,2.4,4.261666666666667,0.17399379284119496
turbine_1,2026-01-01 13:00:00+00:00,24,0.49153193852595206,0.49153193852595206,False,False,0.4757498101746393,7.69,1.0,2025-12-31 19:00:00+00:00,18.0,2025-12-31 22:00:00,2026-01-01T00:00:00+05:00,f593fd24f9c9c75249d18ce1aee1a63ff3ad1ce495bf49517b8fce706f8b7b2b,gfs_seamless,False,0.023333333333333334,3.981666666666667,3.606666666666667,0.46819860519261874
turbine_1,2026-01-01 14:00:00+00:00,24,0.6745981368595305,0.6745981368595305,False,False,0.6262148148148148,8.77,0.6,2025-12-31 19:00:00+00:00,19.0,2025-12-31 22:00:00,2026-01-01T00:00:00+05:00,f593fd24f9c9c75249d18ce1aee1a63ff3ad1ce495bf49517b8fce706f8b7b2b,gfs_seamless,False,0.02,3.5750000000000006,3.6666666666666665,0.6545981368595305
turbine_1,2026-01-01 15:00:00+00:00,24,0.7667904809289541,0.7667904809289541,False,False,0.6947272727272727,9.39,0.6,2025-12-31 19:00:00+00:00,20.0,2025-12-31 22:00:00,2026-01-01T00:00:00+05:00,f593fd24f9c9c75249d18ce1aee1a63ff3ad1ce495bf49517b8fce706f8b7b2b,gfs_seamless,False,0.07333333333333333,4.538333333333333,2.441666666666667,0.6934571475956207
turbine_1,2026-01-01 16:00:00+00:00,24,0.6263871633393765,0.6263871633393765,False,False,0.6262148148148148,8.55,0.6,2025-12-31 19:00:00+00:00,21.0,2025-12-31 22:00:00,2026-01-01T00:00:00+05:00,f593fd24f9c9c75249d18ce1aee1a63ff3ad1ce495bf49517b8fce706f8b7b2b,gfs_seamless,False,0.07666666666666667,4.0616666666666665,1.7766666666666666,0.5497204966727098
turbine_1,2026-01-01 17:00:00+00:00,24,0.6038105876159346,0.6038105876159346,False,False,0.5471700762133975,8.39,0.4,2025-12-31 19:00:00+00:00,22.0,2025-12-31 22:00:00,2026-01-01T00:00:00+05:00,f593fd24f9c9c75249d18ce1aee1a63ff3ad1ce495bf49517b8fce706f8b7b2b,gfs_seamless,False,0.043333333333333335,3.1133333333333333,1.9016666666666666,0.5604772542826013
turbine_1,2026-01-01 18:00:00+00:00,24,0.43229484766440923,0.43229484766440923,False,False,0.39882457846952013,7.42,-0.1,2025-12-31 19:00:00+00:00,23.0,2025-12-31 22:00:00,2026-01-01T00:00:00+05:00,f593fd24f9c9c75249d18ce1aee1a63ff3ad1ce495bf49517b8fce706f8b7b2b,gfs_seamless,False,0.01,1.6433333333333333,2.1733333333333333,0.4222948476644092
turbine_1,2026-01-01 19:00:00+00:00,24,0.37064807286075885,0.37064807286075885,False,False,0.39882457846952013,7.11,-0.3,2025-12-31 19:00:00+00:00,24.0,2025-12-31 22:00:00,2026-01-01T00:00:00+05:00,f593fd24f9c9c75249d18ce1aee1a63ff3ad1ce495bf49517b8fce706f8b7b2b,gfs_seamless,False,0.011666666666666667,3.4716666666666662,1.99,0.3589814061940922
turbine_1,2026-01-01 20:00:00+00:00,48,0.10126772098581081,0.10126772098581081,False,False,0.15014102564102566,5.14,-0.3,2025-12-31 19:00:00+00:00,25.0,2025-12-31 22:00:00,2026-01-01T00:00:00+05:00,f593fd24f9c9c75249d18ce1aee1a63ff3ad1ce495bf49517b8fce706f8b7b2b,gfs_seamless,False,0.01,2.231666666666667,1.9616666666666667,0.09126772098581082
turbine_1,2026-01-01 21:00:00+00:00,48,0.10674443521697877,0.10674443521697877,False,False,0.15014102564102566,5.2,-0.3,2025-12-31 19:00:00+00:00,26.0,2025-12-31 22:00:00,2026-01-01T00:00:00+05:00,f593fd24f9c9c75249d18ce1aee1a63ff3ad1ce495bf49517b8fce706f8b7b2b,gfs_seamless,False,0.01,1.6450000000000002,2.015,0.09674443521697877
turbine_1,2026-01-01 22:00:00+00:00,48,0.17531982622963763,0.17531982622963763,False,False,0.19667375886524824,5.82,-0.3,2025-12-31 19:00:00+00:00,27.0,2025-12-31 22:00:00,2026-01-01T00:00:00+05:00,f593fd24f9c9c75249d18ce1aee1a63ff3ad1ce495bf49517b8fce706f8b7b2b,gfs_seamless,False,0.011666666666666667,3.4266666666666663,1.656666666666667,0.16365315956297097
turbine_1,2026-01-01 23:00:00+00:00,48,0.2527666436780667,0.2527666436780667,False,False,0.2573408071748879,6.4,-0.5,2025-12-31 19:00:00+00:00,28.0,2025-12-31 22:00:00,2026-01-01T00:00:00+05:00,f593fd24f9c9c75249d18ce1aee1a63ff3ad1ce495bf49517b8fce706f8b7b2b,gfs_seamless,False,0.01,2.8166666666666664,1.6933333333333334,0.24276664367806672
turbine_1,2026-01-02 00:00:00+00:00,48,0.1524290296994065,0.1524290296994065,False,False,0.19667375886524824,5.72,-0.6,2025-12-31 19:00:00+00:00,29.0,2025-12-31 22:00:00,2026-01-01T00:00:00+05:00,f593fd24f9c9c75249d18ce1aee1a63ff3ad1ce495bf49517b8fce706f8b7b2b,gfs_seamless,False,0.01,1.4566666666666668,1.7683333333333333,0.1424290296994065
turbine_1,2026-01-02 01:00:00+00:00,48,0.20415422208382766,0.20415422208382766,False,False,0.2573408071748879,6.08,-0.8,2025-12-31 19:00:00+00:00,30.0,2025-12-31 22:00:00,2026-01-01T00:00:00+05:00,f593fd24f9c9c75249d18ce1aee1a63ff3ad1ce495bf49517b8fce706f8b7b2b,gfs_seamless,False,0.01,0.61,2.0766666666666667,0.19415422208382765
turbine_1,2026-01-02 02:00:00+00:00,48,0.30763705231510313,0.30763705231510313,False,False,0.3257574363692119,6.67,-1.1,2025-12-31 19:00:00+00:00,31.0,2025-12-31 22:00:00,2026-01-01T00:00:00+05:00,f593fd24f9c9c75249d18ce1aee1a63ff3ad1ce495bf49517b8fce706f8b7b2b,gfs_seamless,False,0.01,0.5850000000000001,2.2433333333333336,0.2976370523151031
turbine_1,2026-01-02 03:00:00+00:00,48,0.4051140403553499,0.4051140403553499,False,False,0.39882457846952013,7.34,-0.8,2025-12-31 19:00:00+00:00,32.0,2025-12-31 22:00:00,2026-01-01T00:00:00+05:00,f593fd24f9c9c75249d18ce1aee1a63ff3ad1ce495bf49517b8fce706f8b7b2b,gfs_seamless,False,0.01,2.0083333333333333,1.745,0.3951140403553499
turbine_1,2026-01-02 04:00:00+00:00,48,0.39748675305531994,0.39748675305531994,False,False,0.39882457846952013,7.16,0.4,2025-12-31 19:00:00+00:00,33.0,2025-12-31 22:00:00,2026-01-01T00:00:00+05:00,f593fd24f9c9c75249d18ce1aee1a63ff3ad1ce495bf49517b8fce706f8b7b2b,gfs_seamless,False,0.075,4.65,1.4649999999999999,0.32248675305531993
turbine_1,2026-01-02 05:00:00+00:00,48,0.6308935393941557,0.6308935393941557,False,False,0.6262148148148148,8.54,1.6,2025-12-31 19:00:00+00:00,34.0,2025-12-31 22:00:00,2026-01-01T00:00:00+05:00,f593fd24f9c9c75249d18ce1aee1a63ff3ad1ce495bf49517b8fce706f8b7b2b,gfs_seamless,False,0.27999999999999997,6.756666666666667,1.3516666666666666,0.35089353939415574
turbine_1,2026-01-02 06:00:00+00:00,48,0.7412585950393485,0.7412585950393485,False,False,0.6947272727272727,9.26,2.6,2025-12-31 19:00:00+00:00,35.0,2025-12-31 22:00:00,2026-01-01T00:00:00+05:00,f593fd24f9c9c75249d18ce1aee1a63ff3ad1ce495bf49517b8fce706f8b7b2b,gfs_seamless,False,0.40499999999999997,7.401666666666666,1.8283333333333331,0.3362585950393486
turbine_1,2026-01-02 07:00:00+00:00,48,0.7725306020002678,0.7725306020002678,False,False,0.6947272727272727,9.44,3.1,2025-12-31 19:00:00+00:00,36.0,2025-12-31 22:00:00,2026-01-01T00:00:00+05:00,f593fd24f9c9c75249d18ce1aee1a63ff3ad1ce495bf49517b8fce706f8b7b2b,gfs_seamless,False,0.6466666666666666,8.693333333333333,2.473333333333333,0.12586393533360118
turbine_1,2026-01-02 08:00:00+00:00,48,0.7408297656128185,0.7408297656128185,False,False,0.6947272727272727,9.26,3.6,2025-12-31 19:00:00+00:00,37.0,2025-12-31 22:00:00,2026-01-01T00:00:00+05:00,f593fd24f9c9c75249d18ce1aee1a63ff3ad1ce495bf49517b8fce706f8b7b2b,gfs_seamless,False,0.8433333333333334,9.959999999999999,3.5733333333333337,0.10250356772051483
turbine_1,2026-01-02 09:00:00+00:00,48,0.6494378198667885,0.6494378198667885,False,False,0.6262148148148148,8.64,3.8,2025-12-31 19:00:00+00:00,38.0,2025-12-31 22:00:00,2026-01-01T00:00:00+05:00,f593fd24f9c9c75249d18ce1aee1a63ff3ad1ce495bf49517b8fce706f8b7b2b,gfs_seamless,False,0.71,9.303333333333333,4.066666666666667,0.06056218013321146
turbine_1,2026-01-02 10:00:00+00:00,48,0.5152735516639638,0.5152735516639638,False,False,0.4757498101746393,7.84,3.3,2025-12-31 19:00:00+00:00,39.0,2025-12-31 22:00:00,2026-01-01T00:00:00+05:00,f593fd24f9c9c75249d18ce1aee1a63ff3ad1ce495bf49517b8fce706f8b7b2b,gfs_seamless,False,0.5750000000000001,8.391666666666667,4.095,0.05972644833603624
turbine_1,2026-01-02 11:00:00+00:00,48,0.4107909546756137,0.4107909546756137,False,False,0.39882457846952013,7.27,2.3,2025-12-31 19:00:00+00:00,40.0,2025-12-31 22:00:00,2026-01-01T00:00:00+05:00,f593fd24f9c9c75249d18ce1aee1a63ff3ad1ce495bf49517b8fce706f8b7b2b,gfs_seamless,False,0.42333333333333334,7.5249999999999995,3.9183333333333334,0.012542378657719622
turbine_1,2026-01-02 12:00:00+00:00,48,0.35395347978176384,0.35395347978176384,False,False,0.3257574363692119,6.9,1.5,2025-12-31 19:00:00+00:00,41.0,2025-12-31 22:00:00,2026-01-01T00:00:00+05:00,f593fd24f9c9c75249d18ce1aee1a63ff3ad1ce495bf49517b8fce706f8b7b2b,gfs_seamless,False,0.35833333333333334,7.006666666666667,3.5933333333333333,0.004379853551569501
turbine_1,2026-01-02 13:00:00+00:00,48,0.3704091722772548,0.3704091722772548,False,False,0.39882457846952013,7.07,1.0,2025-12-31 19:00:00+00:00,42.0,2025-12-31 22:00:00,2026-01-01T00:00:00+05:00,f593fd24f9c9c75249d18ce1aee1a63ff3ad1ce495bf49517b8fce706f8b7b2b,gfs_seamless,False,0.425,7.348333333333334,3.3983333333333334,0.054590827722745205
turbine_1,2026-01-02 14:00:00+00:00,48,0.406120542397639,0.406120542397639,False,False,0.39882457846952013,7.29,0.6,2025-12-31 19:00:00+00:00,43.0,2025-12-31 22:00:00,2026-01-01T00:00:00+05:00,f593fd24f9c9c75249d18ce1aee1a63ff3ad1ce495bf49517b8fce706f8b7b2b,gfs_seamless,False,0.445,7.521666666666667,3.2066666666666666,0.038879457602361
turbine_1,2026-01-02 15:00:00+00:00,48,0.4938091527534972,0.4938091527534972,False,False,0.4757498101746393,7.78,0.5,2025-12-31 19:00:00+00:00,44.0,2025-12-31 22:00:00,2026-01-01T00:00:00+05:00,f593fd24f9c9c75249d18ce1aee1a63ff3ad1ce495bf49517b8fce706f8b7b2b,gfs_seamless,False,0.6083333333333333,8.608333333333333,3.0683333333333334,0.1145241805798361
turbine_1,2026-01-02 16:00:00+00:00,48,0.5290510820387434,0.5290510820387434,False,False,0.5471700762133975,8.01,0.4,2025-12-31 19:00:00+00:00,45.0,2025-12-31 22:00:00,2026-01-01T00:00:00+05:00,f593fd24f9c9c75249d18ce1aee1a63ff3ad1ce495bf49517b8fce706f8b7b2b,gfs_seamless,False,0.875,10.035,2.9566666666666666,0.3459489179612566
turbine_1,2026-01-02 17:00:00+00:00,48,0.6454841550153393,0.6454841550153393,False,False,0.6262148148148148,8.72,0.3,2025-12-31 19:00:00+00:00,46.0,2025-12-31 22:00:00,2026-01-01T00:00:00+05:00,f593fd24f9c9c75249d18ce1aee1a63ff3ad1ce495bf49517b8fce706f8b7b2b,gfs_seamless,False,0.605,8.31,2.94,0.04048415501533931
turbine_1,2026-01-02 18:00:00+00:00,48,0.6782540128672043,0.6782540128672043,False,False,0.6262148148148148,8.81,0.1,2025-12-31 19:00:00+00:00,47.0,2025-12-31 22:00:00,2026-01-01T00:00:00+05:00,f593fd24f9c9c75249d18ce1aee1a63ff3ad1ce495bf49517b8fce706f8b7b2b,gfs_seamless,False,0.31666666666666665,6.546666666666667,2.28,0.3615873462005377
turbine_1,2026-01-02 19:00:00+00:00,48,0.7400319523621984,0.7400319523621984,False,False,0.6947272727272727,9.35,-0.2,2025-12-31 19:00:00+00:00,48.0,2025-12-31 22:00:00,2026-01-01T00:00:00+05:00,f593fd24f9c9c75249d18ce1aee1a63ff3ad1ce495bf49517b8fce706f8b7b2b,gfs_seamless,False,0.26166666666666666,6.166666666666667,1.87,0.4783652856955318
turbine_2,2025-12-31 20:00:00+00:00,24,0.007699417701444207,0.007699417701444207,False,False,0.009929245283018868,0.76,1.8,2025-12-31 19:00:00+00:00,1.0,2025-12-31 22:00:00,2026-01-01T00:00:00+05:00,b2cf416378039d21a62456a714803b3c0b13d4642202a8917652f1849555dd08,gfs_seamless,False,0.16333333333333333,5.7250000000000005,3.5733333333333337,0.15563391563188914
turbine_2,2025-12-31 21:00:00+00:00,24,0.008142264759167909,0.008142264759167909,False,False,0.009929245283018868,0.98,1.6,2025-12-31 19:00:00+00:00,2.0,2025-12-31 22:00:00,2026-01-01T00:00:00+05:00,b2cf416378039d21a62456a714803b3c0b13d4642202a8917652f1849555dd08,gfs_seamless,False,0.63,9.265,3.125,0.6218577352408321
turbine_2,2025-12-31 22:00:00+00:00,24,0.009006059402190224,0.009006059402190224,False,False,0.010143382352941176,1.86,2.1,2025-12-31 19:00:00+00:00,3.0,2025-12-31 22:00:00,2026-01-01T00:00:00+05:00,b2cf416378039d21a62456a714803b3c0b13d4642202a8917652f1849555dd08,gfs_seamless,False,0.9766666666666666,12.115,3.891666666666667,0.9676606072644763
turbine_2,2025-12-31 23:00:00+00:00,24,0.018876770402722533,0.018876770402722533,False,False,0.03761132940406025,3.26,2.7,2025-12-31 19:00:00+00:00,4.0,2025-12-31 22:00:00,2026-01-01T00:00:00+05:00,b2cf416378039d21a62456a714803b3c0b13d4642202a8917652f1849555dd08,gfs_seamless,False,0.98,11.950000000000001,4.638333333333333,0.9611232295972775
turbine_2,2026-01-01 00:00:00+00:00,24,0.9723926776940047,0.9723926776940047,False,False,0.9697865853658537,13.47,2.1,2025-12-31 19:00:00+00:00,5.0,2025-12-31 22:00:00,2026-01-01T00:00:00+05:00,b2cf416378039d21a62456a714803b3c0b13d4642202a8917652f1849555dd08,gfs_seamless,False,0.975,11.24,4.648333333333333,0.002607322305995252
turbine_2,2026-01-01 01:00:00+00:00,24,0.9809501351866237,0.9809501351866237,False,False,0.9628872752420471,12.82,1.6,2025-12-31 19:00:00+00:00,6.0,2025-12-31 22:00:00,2026-01-01T00:00:00+05:00,b2cf416378039d21a62456a714803b3c0b13d4642202a8917652f1849555dd08,gfs_seamless,False,0.9566666666666667,11.075000000000001,4.331666666666667,0.024283468519956997
turbine_2,2026-01-01 02:00:00+00:00,24,0.9615652966699075,0.9615652966699075,False,False,0.9570732410611305,12.15,1.5,2025-12-31 19:00:00+00:00,7.0,2025-12-31 22:00:00,2026-01-01T00:00:00+05:00,b2cf416378039d21a62456a714803b3c0b13d4642202a8917652f1849555dd08,gfs_seamless,False,0.815,9.901666666666666,3.783333333333333,0.14656529666990759
turbine_2,2026-01-01 03:00:00+00:00,24,0.9516297252524722,0.9516297252524722,False,False,0.9252080902372617,11.06,1.2,2025-12-31 19:00:00+00:00,8.0,2025-12-31 22:00:00,2026-01-01T00:00:00+05:00,b2cf416378039d21a62456a714803b3c0b13d4642202a8917652f1849555dd08,gfs_seamless,False,0.585,8.428333333333333,3.5233333333333334,0.3666297252524723
turbine_2,2026-01-01 04:00:00+00:00,24,0.7254227081626613,0.7254227081626613,False,False,0.6748404761904762,9.49,1.1,2025-12-31 19:00:00+00:00,9.0,2025-12-31 22:00:00,2026-01-01T00:00:00+05:00,b2cf416378039d21a62456a714803b3c0b13d4642202a8917652f1849555dd08,gfs_seamless,False,0.435,7.593333333333334,3.353333333333333,0.2904227081626613
turbine_2,2026-01-01 05:00:00+00:00,24,0.5572893684771205,0.5572893684771205,False,False,0.5337578814627995,8.3,1.4,2025-12-31 19:00:00+00:00,10.0,2025-12-31 22:00:00,2026-01-01T00:00:00+05:00,b2cf416378039d21a62456a714803b3c0b13d4642202a8917652f1849555dd08,gfs_seamless,False,0.3333333333333333,6.946666666666666,3.3866666666666667,0.2239560351437872
turbine_2,2026-01-01 06:00:00+00:00,24,0.24917514177756542,0.24917514177756542,False,False,0.24732096635030196,6.49,1.5,2025-12-31 19:00:00+00:00,11.0,2025-12-31 22:00:00,2026-01-01T00:00:00+05:00,b2cf416378039d21a62456a714803b3c0b13d4642202a8917652f1849555dd08,gfs_seamless,False,0.11166666666666668,5.28,3.7283333333333335,0.13750847511089875
turbine_2,2026-01-01 07:00:00+00:00,24,0.0754462922830394,0.0754462922830394,False,False,0.1068421052631579,4.74,1.9,2025-12-31 19:00:00+00:00,12.0,2025-12-31 22:00:00,2026-01-01T00:00:00+05:00,b2cf416378039d21a62456a714803b3c0b13d4642202a8917652f1849555dd08,gfs_seamless,False,0.05666666666666667,4.5633333333333335,4.316666666666666,0.018779625616372725
turbine_2,2026-01-01 08:00:00+00:00,24,0.015315525629884348,0.015315525629884348,False,False,0.02424721189591078,2.82,2.4,2025-12-31 19:00:00+00:00,13.0,2025-12-31 22:00:00,2026-01-01T00:00:00+05:00,b2cf416378039d21a62456a714803b3c0b13d4642202a8917652f1849555dd08,gfs_seamless,False,0.06833333333333334,4.7250000000000005,4.6883333333333335,0.053017807703448994
turbine_2,2026-01-01 09:00:00+00:00,24,0.009100172466011493,0.009100172466011493,False,False,0.009929245283018868,0.67,2.5,2025-12-31 19:00:00+00:00,14.0,2025-12-31 22:00:00,2026-01-01T00:00:00+05:00,b2cf416378039d21a62456a714803b3c0b13d4642202a8917652f1849555dd08,gfs_seamless,False,0.021666666666666667,3.4416666666666664,4.985,0.012566494200655174
turbine_2,2026-01-01 10:00:00+00:00,24,0.009100172466011493,0.009100172466011493,False,False,0.00969982847341338,1.21,2.5,2025-12-31 19:00:00+00:00,15.0,2025-12-31 22:00:00,2026-01-01T00:00:00+05:00,b2cf416378039d21a62456a714803b3c0b13d4642202a8917652f1849555dd08,gfs_seamless,False,0.008333333333333333,2.6233333333333335,4.738333333333333,0.0007668391326781602
turbine_2,2026-01-01 11:00:00+00:00,24,0.019147364386689115,0.019147364386689115,False,False,0.03761132940406025,3.31,2.0,2025-12-31 19:00:00+00:00,16.0,2025-12-31 22:00:00,2026-01-01T00:00:00+05:00,b2cf416378039d21a62456a714803b3c0b13d4642202a8917652f1849555dd08,gfs_seamless,False,0.01,1.905,4.446666666666666,0.009147364386689115
turbine_2,2026-01-01 12:00:00+00:00,24,0.17613276581285367,0.17613276581285367,False,False,0.18975542731519648,5.95,1.3,2025-12-31 19:00:00+00:00,17.0,2025-12-31 22:00:00,2026-01-01T00:00:00+05:00,b2cf416378039d21a62456a714803b3c0b13d4642202a8917652f1849555dd08,gfs_seamless,False,0.011666666666666667,2.703333333333333,3.9599999999999995,0.164466099146187
turbine_2,2026-01-01 13:00:00+00:00,24,0.4727193694947483,0.4727193694947483,False,False,0.4598817204301075,7.69,1.0,2025-12-31 19:00:00+00:00,18.0,2025-12-31 22:00:00,2026-01-01T00:00:00+05:00,b2cf416378039d21a62456a714803b3c0b13d4642202a8917652f1849555dd08,gfs_seamless,False,0.023333333333333334,3.9066666666666663,3.401666666666667,0.449386036161415
turbine_2,2026-01-01 14:00:00+00:00,24,0.620291449044003,0.620291449044003,False,False,0.6152328767123287,8.77,0.6,2025-12-31 19:00:00+00:00,19.0,2025-12-31 22:00:00,2026-01-01T00:00:00+05:00,b2cf416378039d21a62456a714803b3c0b13d4642202a8917652f1849555dd08,gfs_seamless,False,0.018333333333333333,3.765,3.4616666666666664,0.6019581157106697
turbine_2,2026-01-01 15:00:00+00:00,24,0.7272080000189769,0.7272080000189769,False,False,0.6748404761904762,9.39,0.6,2025-12-31 19:00:00+00:00,20.0,2025-12-31 22:00:00,2026-01-01T00:00:00+05:00,b2cf416378039d21a62456a714803b3c0b13d4642202a8917652f1849555dd08,gfs_seamless,False,0.07666666666666667,4.828333333333333,2.215,0.6505413333523102
turbine_2,2026-01-01 16:00:00+00:00,24,0.5920431525350385,0.5920431525350385,False,False,0.6152328767123287,8.55,0.6,2025-12-31 19:00:00+00:00,21.0,2025-12-31 22:00:00,2026-01-01T00:00:00+05:00,b2cf416378039d21a62456a714803b3c0b13d4642202a8917652f1849555dd08,gfs_seamless,False,0.065,4.2,1.59,0.5270431525350385
turbine_2,2026-01-01 17:00:00+00:00,24,0.5659541077227307,0.5659541077227307,False,False,0.5337578814627995,8.39,0.4,2025-12-31 19:00:00+00:00,22.0,2025-12-31 22:00:00,2026-01-01T00:00:00+05:00,b2cf416378039d21a62456a714803b3c0b13d4642202a8917652f1849555dd08,gfs_seamless,False,0.04,3.0749999999999997,1.71,0.5259541077227307
turbine_2,2026-01-01 18:00:00+00:00,24,0.4062469389182653,0.4062469389182653,False,False,0.38877364644487933,7.42,-0.1,2025-12-31 19:00:00+00:00,23.0,2025-12-31 22:00:00,2026-01-01T00:00:00+05:00,b2cf416378039d21a62456a714803b3c0b13d4642202a8917652f1849555dd08,gfs_seamless,False,0.008333333333333333,1.5183333333333333,1.9333333333333333,0.39791360558493194
turbine_2,2026-01-01 19:00:00+00:00,24,0.35687420426852284,0.35687420426852284,False,False,0.38877364644487933,7.11,-0.3,2025-12-31 19:00:00+00:00,24.0,2025-12-31 22:00:00,2026-01-01T00:00:00+05:00,b2cf416378039d21a62456a714803b3c0b13d4642202a8917652f1849555dd08,gfs_seamless,False,0.008333333333333333,3.285,1.7733333333333334,0.3485408709351895
turbine_2,2026-01-01 20:00:00+00:00,48,0.08772553343111263,0.08772553343111263,False,False,0.14425324675324674,5.14,-0.3,2025-12-31 19:00:00+00:00,25.0,2025-12-31 22:00:00,2026-01-01T00:00:00+05:00,b2cf416378039d21a62456a714803b3c0b13d4642202a8917652f1849555dd08,gfs_seamless,False,0.008333333333333333,1.91,1.7516666666666667,0.0793922000977793
turbine_2,2026-01-01 21:00:00+00:00,48,0.09276315617357105,0.09276315617357105,False,False,0.14425324675324674,5.2,-0.3,2025-12-31 19:00:00+00:00,26.0,2025-12-31 22:00:00,2026-01-01T00:00:00+05:00,b2cf416378039d21a62456a714803b3c0b13d4642202a8917652f1849555dd08,gfs_seamless,False,0.01,1.5816666666666668,1.8416666666666668,0.08276315617357105
turbine_2,2026-01-01 22:00:00+00:00,48,0.15090515375590574,0.15090515375590574,False,False,0.18975542731519648,5.82,-0.3,2025-12-31 19:00:00+00:00,27.0,2025-12-31 22:00:00,2026-01-01T00:00:00+05:00,b2cf416378039d21a62456a714803b3c0b13d4642202a8917652f1849555dd08,gfs_seamless,False,0.008333333333333333,3.578333333333333,1.3866666666666667,0.1425718204225724
turbine_2,2026-01-01 23:00:00+00:00,48,0.2428129259569183,0.2428129259569183,False,False,0.24732096635030196,6.4,-0.5,2025-12-31 19:00:00+00:00,28.0,2025-12-31 22:00:00,2026-01-01T00:00:00+05:00,b2cf416378039d21a62456a714803b3c0b13d4642202a8917652f1849555dd08,gfs_seamless,False,0.005,3.0883333333333334,1.3916666666666666,0.2378129259569183
turbine_2,2026-01-02 00:00:00+00:00,48,0.14286269154652104,0.14286269154652104,False,False,0.18975542731519648,5.72,-0.6,2025-12-31 19:00:00+00:00,29.0,2025-12-31 22:00:00,2026-01-01T00:00:00+05:00,b2cf416378039d21a62456a714803b3c0b13d4642202a8917652f1849555dd08,gfs_seamless,False,0.01,1.4349999999999998,1.485,0.13286269154652103
turbine_2,2026-01-02 01:00:00+00:00,48,0.18915615750655893,0.18915615750655893,False,False,0.24732096635030196,6.08,-0.8,2025-12-31 19:00:00+00:00,30.0,2025-12-31 22:00:00,2026-01-01T00:00:00+05:00,b2cf416378039d21a62456a714803b3c0b13d4642202a8917652f1849555dd08,gfs_seamless,False,0.01,0.5,1.8583333333333334,0.17915615750655892
turbine_2,2026-01-02 02:00:00+00:00,48,0.27929596375374083,0.27929596375374083,False,False,0.3145680119581465,6.67,-1.1,2025-12-31 19:00:00+00:00,31.0,2025-12-31 22:00:00,2026-01-01T00:00:00+05:00,b2cf416378039d21a62456a714803b3c0b13d4642202a8917652f1849555dd08,gfs_seamless,False,0.01,0.47000000000000003,1.8916666666666666,0.2692959637537408
turbine_2,2026-01-02 03:00:00+00:00,48,0.394898384903307,0.394898384903307,False,False,0.38877364644487933,7.34,-0.8,2025-12-31 19:00:00+00:00,32.0,2025-12-31 22:00:00,2026-01-01T00:00:00+05:00,b2cf416378039d21a62456a714803b3c0b13d4642202a8917652f1849555dd08,gfs_seamless,False,0.01,1.6483333333333334,1.33,0.38489838490330697
turbine_2,2026-01-02 04:00:00+00:00,48,0.358095721115163,0.358095721115163,False,False,0.38877364644487933,7.16,0.4,2025-12-31 19:00:00+00:00,33.0,2025-12-31 22:00:00,2026-01-01T00:00:00+05:00,b2cf416378039d21a62456a714803b3c0b13d4642202a8917652f1849555dd08,gfs_seamless,False,0.07666666666666667,4.833333333333333,1.2316666666666667,0.28142905444849636
turbine_2,2026-01-02 05:00:00+00:00,48,0.5870921033501563,0.5870921033501563,False,False,0.6152328767123287,8.54,1.6,2025-12-31 19:00:00+00:00,34.0,2025-12-31 22:00:00,2026-01-01T00:00:00+05:00,b2cf416378039d21a62456a714803b3c0b13d4642202a8917652f1849555dd08,gfs_seamless,False,0.26666666666666666,6.753333333333333,1.1483333333333334,0.3204254366834896
turbine_2,2026-01-02 06:00:00+00:00,48,0.6672406929550359,0.6672406929550359,False,False,0.6748404761904762,9.26,2.6,2025-12-31 19:00:00+00:00,35.0,2025-12-31 22:00:00,2026-01-01T00:00:00+05:00,b2cf416378039d21a62456a714803b3c0b13d4642202a8917652f1849555dd08,gfs_seamless,False,0.37666666666666665,7.376666666666668,1.6983333333333333,0.2905740262883692
turbine_2,2026-01-02 07:00:00+00:00,48,0.7167479522587316,0.7167479522587316,False,False,0.6748404761904762,9.44,3.1,2025-12-31 19:00:00+00:00,36.0,2025-12-31 22:00:00,2026-01-01T00:00:00+05:00,b2cf416378039d21a62456a714803b3c0b13d4642202a8917652f1849555dd08,gfs_seamless,False,0.6766666666666667,9.09,2.4899999999999998,0.04008128559206481
turbine_2,2026-01-02 08:00:00+00:00,48,0.6811996888080568,0.6811996888080568,False,False,0.6748404761904762,9.26,3.6,2025-12-31 19:00:00+00:00,37.0,2025-12-31 22:00:00,2026-01-01T00:00:00+05:00,b2cf416378039d21a62456a714803b3c0b13d4642202a8917652f1849555dd08,gfs_seamless,False,0.8849999999999999,10.511666666666667,3.498333333333333,0.20380031119194308
turbine_2,2026-01-02 09:00:00+00:00,48,0.6079810479914026,0.6079810479914026,False,False,0.6152328767123287,8.64,3.8,2025-12-31 19:00:00+00:00,38.0,2025-12-31 22:00:00,2026-01-01T00:00:00+05:00,b2cf416378039d21a62456a714803b3c0b13d4642202a8917652f1849555dd08,gfs_seamless,False,0.7450000000000001,9.59,4.085,0.13701895200859748
turbine_2,2026-01-02 10:00:00+00:00,48,0.4741230377581882,0.4741230377581882,False,False,0.4598817204301075,7.84,3.3,2025-12-31 19:00:00+00:00,39.0,2025-12-31 22:00:00,2026-01-01T00:00:00+05:00,b2cf416378039d21a62456a714803b3c0b13d4642202a8917652f1849555dd08,gfs_seamless,False,0.5816666666666667,8.436666666666667,4.3116666666666665,0.10754362890847846
turbine_2,2026-01-02 11:00:00+00:00,48,0.38016590604437334,0.38016590604437334,False,False,0.38877364644487933,7.27,2.3,2025-12-31 19:00:00+00:00,40.0,2025-12-31 22:00:00,2026-01-01T00:00:00+05:00,b2cf416378039d21a62456a714803b3c0b13d4642202a8917652f1849555dd08,gfs_seamless,False,0.43333333333333335,7.616666666666667,3.9583333333333335,0.05316742728896001
turbine_2,2026-01-02 12:00:00+00:00,48,0.3282744008554867,0.3282744008554867,False,False,0.3145680119581465,6.9,1.5,2025-12-31 19:00:00+00:00,41.0,2025-12-31 22:00:00,2026-01-01T00:00:00+05:00,b2cf416378039d21a62456a714803b3c0b13d4642202a8917652f1849555dd08,gfs_seamless,False,0.38000000000000006,7.203333333333333,3.5583333333333336,0.05172559914451336
turbine_2,2026-01-02 13:00:00+00:00,48,0.36712238478931625,0.36712238478931625,False,False,0.38877364644487933,7.07,1.0,2025-12-31 19:00:00+00:00,42.0,2025-12-31 22:00:00,2026-01-01T00:00:00+05:00,b2cf416378039d21a62456a714803b3c0b13d4642202a8917652f1849555dd08,gfs_seamless,False,0.4466666666666666,7.5249999999999995,3.4416666666666664,0.07954428187735035
turbine_2,2026-01-02 14:00:00+00:00,48,0.3732238681794761,0.3732238681794761,False,False,0.38877364644487933,7.29,0.6,2025-12-31 19:00:00+00:00,43.0,2025-12-31 22:00:00,2026-01-01T00:00:00+05:00,b2cf416378039d21a62456a714803b3c0b13d4642202a8917652f1849555dd08,gfs_seamless,False,0.47,7.656666666666666,3.1783333333333332,0.09677613182052386
turbine_2,2026-01-02 15:00:00+00:00,48,0.46348619322817114,0.46348619322817114,False,False,0.4598817204301075,7.78,0.5,2025-12-31 19:00:00+00:00,44.0,2025-12-31 22:00:00,2026-01-01T00:00:00+05:00,b2cf416378039d21a62456a714803b3c0b13d4642202a8917652f1849555dd08,gfs_seamless,False,0.66,8.813333333333334,3.1483333333333334,0.1965138067718289
turbine_2,2026-01-02 16:00:00+00:00,48,0.4962360696411634,0.4962360696411634,False,False,0.5337578814627995,8.01,0.4,2025-12-31 19:00:00+00:00,45.0,2025-12-31 22:00:00,2026-01-01T00:00:00+05:00,b2cf416378039d21a62456a714803b3c0b13d4642202a8917652f1849555dd08,gfs_seamless,False,0.8850000000000001,10.231666666666667,3.0083333333333333,0.3887639303588367
turbine_2,2026-01-02 17:00:00+00:00,48,0.6171078020236953,0.6171078020236953,False,False,0.6152328767123287,8.72,0.3,2025-12-31 19:00:00+00:00,46.0,2025-12-31 22:00:00,2026-01-01T00:00:00+05:00,b2cf416378039d21a62456a714803b3c0b13d4642202a8917652f1849555dd08,gfs_seamless,False,0.6649999999999999,8.731666666666667,3.0500000000000003,0.04789219797630462
turbine_2,2026-01-02 18:00:00+00:00,48,0.6344317787850633,0.6344317787850633,False,False,0.6152328767123287,8.81,0.1,2025-12-31 19:00:00+00:00,47.0,2025-12-31 22:00:00,2026-01-01T00:00:00+05:00,b2cf416378039d21a62456a714803b3c0b13d4642202a8917652f1849555dd08,gfs_seamless,False,0.295,6.528333333333333,2.4566666666666666,0.3394317787850633
turbine_2,2026-01-02 19:00:00+00:00,48,0.7208069022704913,0.7208069022704913,False,False,0.6748404761904762,9.35,-0.2,2025-12-31 19:00:00+00:00,48.0,2025-12-31 22:00:00,2026-01-01T00:00:00+05:00,b2cf416378039d21a62456a714803b3c0b13d4642202a8917652f1849555dd08,gfs_seamless,False,0.21166666666666667,5.925,1.8133333333333332,0.5091402356038246
turbine_1,2026-01-01 20:00:00+00:00,24,0.3066312136994089,0.3066312136994089,False,False,0.3257674632352941,6.66,-0.4,2026-01-01 19:00:00+00:00,1.0,2026-01-01 22:00:00,2026-01-02T00:00:00+05:00,6434dd679a1e3c6020d554a571537fcef70758e1238a983405e0679f4ba8e773,gfs_seamless,False,0.01,2.231666666666667,1.9616666666666667,0.29663121369940887
turbine_1,2026-01-01 21:00:00+00:00,24,0.2586353610858688,0.2586353610858688,False,False,0.2573408071748879,6.44,-0.5,2026-01-01 19:00:00+00:00,2.0,2026-01-01 22:00:00,2026-01-02T00:00:00+05:00,6434dd679a1e3c6020d554a571537fcef70758e1238a983405e0679f4ba8e773,gfs_seamless,False,0.01,1.6450000000000002,2.015,0.2486353610858688
turbine_1,2026-01-01 22:00:00+00:00,24,0.2526595231890275,0.2526595231890275,False,False,0.2573408071748879,6.3,-0.8,2026-01-01 19:00:00+00:00,3.0,2026-01-01 22:00:00,2026-01-02T00:00:00+05:00,6434dd679a1e3c6020d554a571537fcef70758e1238a983405e0679f4ba8e773,gfs_seamless,False,0.011666666666666667,3.4266666666666663,1.656666666666667,0.24099285652236085
turbine_1,2026-01-01 23:00:00+00:00,24,0.2716802218065537,0.2716802218065537,False,False,0.3257674632352941,6.5,-0.9,2026-01-01 19:00:00+00:00,4.0,2026-01-01 22:00:00,2026-01-02T00:00:00+05:00,6434dd679a1e3c6020d554a571537fcef70758e1238a983405e0679f4ba8e773,gfs_seamless,False,0.01,2.8166666666666664,1.6933333333333334,0.2616802218065537
turbine_1,2026-01-02 00:00:00+00:00,24,0.1325567037563648,0.1325567037563648,False,False,0.19664257369614513,5.59,-1.1,2026-01-01 19:00:00+00:00,5.0,2026-01-01 22:00:00,2026-01-02T00:00:00+05:00,6434dd679a1e3c6020d554a571537fcef70758e1238a983405e0679f4ba8e773,gfs_seamless,False,0.01,1.4566666666666668,1.7683333333333333,0.12255670375636481
turbine_1,2026-01-02 01:00:00+00:00,24,0.09783247796468791,0.09783247796468791,False,False,0.15010726865193724,5.19,-1.0,2026-01-01 19:00:00+00:00,6.0,2026-01-01 22:00:00,2026-01-02T00:00:00+05:00,6434dd679a1e3c6020d554a571537fcef70758e1238a983405e0679f4ba8e773,gfs_seamless,False,0.01,0.61,2.0766666666666667,0.08783247796468792
turbine_1,2026-01-02 02:00:00+00:00,24,0.09078884766544,0.09078884766544,False,False,0.15010726865193724,5.02,-0.9,2026-01-01 19:00:00+00:00,7.0,2026-01-01 22:00:00,2026-01-02T00:00:00+05:00,6434dd679a1e3c6020d554a571537fcef70758e1238a983405e0679f4ba8e773,gfs_seamless,False,0.01,0.5850000000000001,2.2433333333333336,0.08078884766544
turbine_1,2026-01-02 03:00:00+00:00,24,0.10331596964863263,0.10331596964863263,False,False,0.15010726865193724,5.2,-0.6,2026-01-01 19:00:00+00:00,8.0,2026-01-01 22:00:00,2026-01-02T00:00:00+05:00,6434dd679a1e3c6020d554a571537fcef70758e1238a983405e0679f4ba8e773,gfs_seamless,False,0.01,2.0083333333333333,1.745,0.09331596964863263
turbine_1,2026-01-02 04:00:00+00:00,24,0.14261207945681753,0.14261207945681753,False,False,0.19664257369614513,5.63,0.5,2026-01-01 19:00:00+00:00,9.0,2026-01-01 22:00:00,2026-01-02T00:00:00+05:00,6434dd679a1e3c6020d554a571537fcef70758e1238a983405e0679f4ba8e773,gfs_seamless,False,0.075,4.65,1.4649999999999999,0.06761207945681753
turbine_1,2026-01-02 05:00:00+00:00,24,0.3285083379975529,0.3285083379975529,False,False,0.3257674632352941,6.8,1.6,2026-01-01 19:00:00+00:00,10.0,2026-01-01 22:00:00,2026-01-02T00:00:00+05:00,6434dd679a1e3c6020d554a571537fcef70758e1238a983405e0679f4ba8e773,gfs_seamless,False,0.27999999999999997,6.756666666666667,1.3516666666666666,0.04850833799755294
turbine_1,2026-01-02 06:00:00+00:00,24,0.6090121726081983,0.6090121726081983,False,False,0.6262148148148148,8.5,2.4,2026-01-01 19:00:00+00:00,11.0,2026-01-01 22:00:00,2026-01-02T00:00:00+05:00,6434dd679a1e3c6020d554a571537fcef70758e1238a983405e0679f4ba8e773,gfs_seamless,False,0.40499999999999997,7.401666666666666,1.8283333333333331,0.20401217260819832
turbine_1,2026-01-02 07:00:00+00:00,24,0.6497142443173842,0.6497142443173842,False,False,0.6262148148148148,8.68,3.3,2026-01-01 19:00:00+00:00,12.0,2026-01-01 22:00:00,2026-01-02T00:00:00+05:00,6434dd679a1e3c6020d554a571537fcef70758e1238a983405e0679f4ba8e773,gfs_seamless,False,0.6466666666666666,8.693333333333333,2.473333333333333,0.0030475776507176144
turbine_1,2026-01-02 08:00:00+00:00,24,0.5698142632713402,0.5698142632713402,False,False,0.5471995192307693,8.23,3.6,2026-01-01 19:00:00+00:00,13.0,2026-01-01 22:00:00,2026-01-02T00:00:00+05:00,6434dd679a1e3c6020d554a571537fcef70758e1238a983405e0679f4ba8e773,gfs_seamless,False,0.8433333333333334,9.959999999999999,3.5733333333333337,0.27351907006199316
turbine_1,2026-01-02 09:00:00+00:00,24,0.4999398136290386,0.4999398136290386,False,False,0.4757498101746393,7.78,3.5,2026-01-01 19:00:00+00:00,14.0,2026-01-01 22:00:00,2026-01-02T00:00:00+05:00,6434dd679a1e3c6020d554a571537fcef70758e1238a983405e0679f4ba8e773,gfs_seamless,False,0.71,9.303333333333333,4.066666666666667,0.21006018637096135
turbine_1,2026-01-02 10:00:00+00:00,24,0.37216236282940995,0.37216236282940995,False,False,0.3257674632352941,6.98,3.1,2026-01-01 19:00:00+00:00,15.0,2026-01-01 22:00:00,2026-01-02T00:00:00+05:00,6434dd679a1e3c6020d554a571537fcef70758e1238a983405e0679f4ba8e773,gfs_seamless,False,0.5750000000000001,8.391666666666667,4.095,0.2028376371705901
turbine_1,2026-01-02 11:00:00+00:00,24,0.30588756390490235,0.30588756390490235,False,False,0.3257674632352941,6.62,2.1,2026-01-01 19:00:00+00:00,16.0,2026-01-01 22:00:00,2026-01-02T00:00:00+05:00,6434dd679a1e3c6020d554a571537fcef70758e1238a983405e0679f4ba8e773,gfs_seamless,False,0.42333333333333334,7.5249999999999995,3.9183333333333334,0.11744576942843099
turbine_1,2026-01-02 12:00:00+00:00,24,0.2336154674221516,0.2336154674221516,False,False,0.2573408071748879,6.23,2.0,2026-01-01 19:00:00+00:00,17.0,2026-01-01 22:00:00,2026-01-02T00:00:00+05:00,6434dd679a1e3c6020d554a571537fcef70758e1238a983405e0679f4ba8e773,gfs_seamless,False,0.35833333333333334,7.006666666666667,3.5933333333333333,0.12471786591118172
turbine_1,2026-01-02 13:00:00+00:00,24,0.29374232605894984,0.29374232605894984,False,False,0.3257674632352941,6.53,1.7,2026-01-01 19:00:00+00:00,18.0,2026-01-01 22:00:00,2026-01-02T00:00:00+05:00,6434dd679a1e3c6020d554a571537fcef70758e1238a983405e0679f4ba8e773,gfs_seamless,False,0.425,7.348333333333334,3.3983333333333334,0.13125767394105015
turbine_1,2026-01-02 14:00:00+00:00,24,0.3702706339878491,0.3702706339878491,False,False,0.39883381924198247,7.02,1.6,2026-01-01 19:00:00+00:00,19.0,2026-01-01 22:00:00,2026-01-02T00:00:00+05:00,6434dd679a1e3c6020d554a571537fcef70758e1238a983405e0679f4ba8e773,gfs_seamless,False,0.445,7.521666666666667,3.2066666666666666,0.07472936601215091
turbine_1,2026-01-02 15:00:00+00:00,24,0.49249616726791934,0.49249616726791934,False,False,0.4757498101746393,7.69,1.5,2026-01-01 19:00:00+00:00,20.0,2026-01-01 22:00:00,2026-01-02T00:00:00+05:00,6434dd679a1e3c6020d554a571537fcef70758e1238a983405e0679f4ba8e773,gfs_seamless,False,0.6083333333333333,8.608333333333333,3.0683333333333334,0.11583716606541394
turbine_1,2026-01-02 16:00:00+00:00,24,0.6049896479341382,0.6049896479341382,False,False,0.5471995192307693,8.45,0.7,2026-01-01 19:00:00+00:00,21.0,2026-01-01 22:00:00,2026-01-02T00:00:00+05:00,6434dd679a1e3c6020d554a571537fcef70758e1238a983405e0679f4ba8e773,gfs_seamless,False,0.875,10.035,2.9566666666666666,0.27001035206586177
turbine_1,2026-01-02 17:00:00+00:00,24,0.6728096558247711,0.6728096558247711,False,False,0.6262148148148148,8.77,0.5,2026-01-01 19:00:00+00:00,22.0,2026-01-01 22:00:00,2026-01-02T00:00:00+05:00,6434dd679a1e3c6020d554a571537fcef70758e1238a983405e0679f4ba8e773,gfs_seamless,False,0.605,8.31,2.94,0.06780965582477116
turbine_1,2026-01-02 18:00:00+00:00,24,0.7998121669068596,0.7998121669068596,False,False,0.7636775631500744,9.62,0.2,2026-01-01 19:00:00+00:00,23.0,2026-01-01 22:00:00,2026-01-02T00:00:00+05:00,6434dd679a1e3c6020d554a571537fcef70758e1238a983405e0679f4ba8e773,gfs_seamless,False,0.31666666666666665,6.546666666666667,2.28,0.483145500240193
turbine_1,2026-01-02 19:00:00+00:00,24,0.8472195116089702,0.8472195116089702,False,False,0.7636775631500744,9.88,0.2,2026-01-01 19:00:00+00:00,24.0,2026-01-01 22:00:00,2026-01-02T00:00:00+05:00,6434dd679a1e3c6020d554a571537fcef70758e1238a983405e0679f4ba8e773,gfs_seamless,False,0.26166666666666666,6.166666666666667,1.87,0.5855528449423035
turbine_1,2026-01-02 20:00:00+00:00,48,0.7393217741639044,0.7393217741639044,False,False,0.6946394351991931,9.35,-0.5,2026-01-01 19:00:00+00:00,25.0,2026-01-01 22:00:00,2026-01-02T00:00:00+05:00,6434dd679a1e3c6020d554a571537fcef70758e1238a983405e0679f4ba8e773,gfs_seamless,False,0.22166666666666668,6.001666666666666,1.3866666666666667,0.5176551074972378
turbine_1,2026-01-02 21:00:00+00:00,48,0.773682221705724,0.773682221705724,False,False,0.6946394351991931,9.39,-0.5,2026-01-01 19:00:00+00:00,26.0,2026-01-01 22:00:00,2026-01-02T00:00:00+05:00,6434dd679a1e3c6020d554a571537fcef70758e1238a983405e0679f4ba8e773,gfs_seamless,False,0.36166666666666664,6.79,1.2183333333333335,0.41201555503905735
turbine_1,2026-01-02 22:00:00+00:00,48,0.7750873202867502,0.7750873202867502,False,False,0.7636775631500744,9.58,-0.7,2026-01-01 19:00:00+00:00,27.0,2026-01-01 22:00:00,2026-01-02T00:00:00+05:00,6434dd679a1e3c6020d554a571537fcef70758e1238a983405e0679f4ba8e773,gfs_seamless,False,0.17833333333333334,5.646666666666667,0.55,0.5967539869534169
turbine_1,2026-01-02 23:00:00+00:00,48,0.7915807619215774,0.7915807619215774,False,False,0.7636775631500744,9.66,-0.7,2026-01-01 19:00:00+00:00,28.0,2026-01-01 22:00:00,2026-01-02T00:00:00+05:00,6434dd679a1e3c6020d554a571537fcef70758e1238a983405e0679f4ba8e773,gfs_seamless,False,0.21,6.033333333333334,-0.39333333333333337,0.5815807619215775
turbine_1,2026-01-03 00:00:00+00:00,48,0.8533171325299239,0.8533171325299239,False,False,0.8298366890380313,10.06,-0.9,2026-01-01 19:00:00+00:00,29.0,2026-01-01 22:00:00,2026-01-02T00:00:00+05:00,6434dd679a1e3c6020d554a571537fcef70758e1238a983405e0679f4ba8e773,gfs_seamless,False,0.255,6.665,-0.7516666666666666,0.5983171325299239
turbine_1,2026-01-03 01:00:00+00:00,48,0.6850803234605908,0.6850803234605908,False,False,0.6262148148148148,8.97,-1.1,2026-01-01 19:00:00+00:00,30.0,2026-01-01 22:00:00,2026-01-02T00:00:00+05:00,6434dd679a1e3c6020d554a571537fcef70758e1238a983405e0679f4ba8e773,gfs_seamless,False,0.16,5.636666666666667,-1.1733333333333333,0.5250803234605907
turbine_1,2026-01-03 02:00:00+00:00,48,0.7257170019340814,0.7257170019340814,False,False,0.6946394351991931,9.17,-1.2,2026-01-01 19:00:00+00:00,31.0,2026-01-01 22:00:00,2026-01-02T00:00:00+05:00,6434dd679a1e3c6020d554a571537fcef70758e1238a983405e0679f4ba8e773,gfs_seamless,False,0.26,6.419999999999999,-0.8566666666666666,0.4657170019340814
turbine_1,2026-01-03 03:00:00+00:00,48,0.6994340518570041,0.6994340518570041,False,False,0.6946394351991931,9.08,-0.8,2026-01-01 19:00:00+00:00,32.0,2026-01-01 22:00:00,2026-01-02T00:00:00+05:00,6434dd679a1e3c6020d554a571537fcef70758e1238a983405e0679f4ba8e773,gfs_seamless,False,0.22833333333333336,6.118333333333333,-1.6916666666666667,0.47110071852367075
turbine_1,2026-01-03 04:00:00+00:00,48,0.6816922422392304,0.6816922422392304,False,False,0.6262148148148148,8.81,1.2,2026-01-01 19:00:00+00:00,33.0,2026-01-01 22:00:00,2026-01-02T00:00:00+05:00,6434dd679a1e3c6020d554a571537fcef70758e1238a983405e0679f4ba8e773,gfs_seamless,False,0.165,5.503333333333334,-0.7566666666666667,0.5166922422392304
turbine_1,2026-01-03 05:00:00+00:00,48,0.6503511727643757,0.6503511727643757,False,False,0.6262148148148148,8.68,3.1,2026-01-01 19:00:00+00:00,34.0,2026-01-01 22:00:00,2026-01-02T00:00:00+05:00,6434dd679a1e3c6020d554a571537fcef70758e1238a983405e0679f4ba8e773,gfs_seamless,False,0.15166666666666667,5.326666666666667,-0.89,0.49868450609770903
turbine_1,2026-01-03 06:00:00+00:00,48,0.8362214517751411,0.8362214517751411,False,False,0.7636775631500744,9.81,4.7,2026-01-01 19:00:00+00:00,35.0,2026-01-01 22:00:00,2026-01-02T00:00:00+05:00,6434dd679a1e3c6020d554a571537fcef70758e1238a983405e0679f4ba8e773,gfs_seamless,False,0.07333333333333333,4.468333333333333,0.625,0.7628881184418077
turbine_1,2026-01-03 07:00:00+00:00,48,0.8012932067831101,0.8012932067831101,False,False,0.7636775631500744,9.73,5.9,2026-01-01 19:00:00+00:00,36.0,2026-01-01 22:00:00,2026-01-02T00:00:00+05:00,6434dd679a1e3c6020d554a571537fcef70758e1238a983405e0679f4ba8e773,gfs_seamless,False,0.13333333333333333,5.2683333333333335,3.125,0.6679598734497768
turbine_1,2026-01-03 08:00:00+00:00,48,0.8259458505566083,0.8259458505566083,False,False,0.7636775631500744,9.84,6.5,2026-01-01 19:00:00+00:00,37.0,2026-01-01 22:00:00,2026-01-02T00:00:00+05:00,6434dd679a1e3c6020d554a571537fcef70758e1238a983405e0679f4ba8e773,gfs_seamless,False,0.17666666666666667,5.8183333333333325,4.6883333333333335,0.6492791838899417
turbine_1,2026-01-03 09:00:00+00:00,48,0.8259458505566083,0.8259458505566083,False,False,0.7636775631500744,9.85,6.4,2026-01-01 19:00:00+00:00,38.0,2026-01-01 22:00:00,2026-01-02T00:00:00+05:00,6434dd679a1e3c6020d554a571537fcef70758e1238a983405e0679f4ba8e773,gfs_seamless,False,0.17166666666666666,5.765,5.878333333333334,0.6542791838899417
turbine_1,2026-01-03 10:00:00+00:00,48,0.7534026140998555,0.7534026140998555,False,False,0.6946394351991931,9.44,5.5,2026-01-01 19:00:00+00:00,39.0,2026-01-01 22:00:00,2026-01-02T00:00:00+05:00,6434dd679a1e3c6020d554a571537fcef70758e1238a983405e0679f4ba8e773,gfs_seamless,False,0.19666666666666666,5.971666666666667,6.401666666666666,0.5567359474331889
turbine_1,2026-01-03 11:00:00+00:00,48,0.7947110776468309,0.7947110776468309,False,False,0.6946394351991931,9.48,3.5,2026-01-01 19:00:00+00:00,40.0,2026-01-01 22:00:00,2026-01-02T00:00:00+05:00,6434dd679a1e3c6020d554a571537fcef70758e1238a983405e0679f4ba8e773,gfs_seamless,False,0.24333333333333332,6.326666666666667,5.665,0.5513777443134976
turbine_1,2026-01-03 12:00:00+00:00,48,0.9030927287578582,0.9030927287578582,False,False,0.8298366890380313,10.47,2.6,2026-01-01 19:00:00+00:00,41.0,2026-01-01 22:00:00,2026-01-02T00:00:00+05:00,6434dd679a1e3c6020d554a571537fcef70758e1238a983405e0679f4ba8e773,gfs_seamless,False,0.255,6.31,4.076666666666667,0.6480927287578582
turbine_1,2026-01-03 13:00:00+00:00,48,0.8578736029567469,0.8578736029567469,False,False,0.8298366890380313,10.11,2.3,2026-01-01 19:00:00+00:00,42.0,2026-01-01 22:00:00,2026-01-02T00:00:00+05:00,6434dd679a1e3c6020d554a571537fcef70758e1238a983405e0679f4ba8e773,gfs_seamless,False,0.5216666666666666,7.6499999999999995,3.2183333333333333,0.33620693629008025
turbine_1,2026-01-03 14:00:00+00:00,48,0.901007190843635,0.901007190843635,False,False,0.8298366890380313,10.38,2.0,2026-01-01 19:00:00+00:00,43.0,2026-01-01 22:00:00,2026-01-02T00:00:00+05:00,6434dd679a1e3c6020d554a571537fcef70758e1238a983405e0679f4ba8e773,gfs_seamless,False,0.215,5.885000000000001,2.4633333333333334,0.686007190843635
turbine_1,2026-01-03 15:00:00+00:00,48,0.9014765587026794,0.9014765587026794,False,False,0.8298366890380313,10.39,1.6,2026-01-01 19:00:00+00:00,44.0,2026-01-01 22:00:00,2026-01-02T00:00:00+05:00,6434dd679a1e3c6020d554a571537fcef70758e1238a983405e0679f4ba8e773,gfs_seamless,False,0.5683333333333334,8.013333333333334,2.6016666666666666,0.33314322536934604
turbine_1,2026-01-03 16:00:00+00:00,48,0.9016242598387875,0.9016242598387875,False,False,0.8298366890380313,10.42,1.3,2026-01-01 19:00:00+00:00,45.0,2026-01-01 22:00:00,2026-01-02T00:00:00+05:00,6434dd679a1e3c6020d554a571537fcef70758e1238a983405e0679f4ba8e773,gfs_seamless,False,0.29833333333333334,6.623333333333334,1.905,0.6032909265054541
turbine_1,2026-01-03 17:00:00+00:00,48,0.9192480981198371,0.9192480981198371,False,False,0.8926999999999999,10.55,1.1,2026-01-01 19:00:00+00:00,46.0,2026-01-01 22:00:00,2026-01-02T00:00:00+05:00,6434dd679a1e3c6020d554a571537fcef70758e1238a983405e0679f4ba8e773,gfs_seamless,False,0.19000000000000003,5.8116666666666665,1.43,0.729248098119837
turbine_1,2026-01-03 18:00:00+00:00,48,0.9016242598387875,0.9016242598387875,False,False,0.8298366890380313,10.47,1.6,2026-01-01 19:00:00+00:00,47.0,2026-01-01 22:00:00,2026-01-02T00:00:00+05:00,6434dd679a1e3c6020d554a571537fcef70758e1238a983405e0679f4ba8e773,gfs_seamless,False,0.30833333333333335,6.52,1.0999999999999999,0.5932909265054541
turbine_1,2026-01-03 19:00:00+00:00,48,0.950762886671159,0.950762886671159,False,False,0.8926999999999999,10.98,1.4,2026-01-01 19:00:00+00:00,48.0,2026-01-01 22:00:00,2026-01-02T00:00:00+05:00,6434dd679a1e3c6020d554a571537fcef70758e1238a983405e0679f4ba8e773,gfs_seamless,False,0.23166666666666666,6.18,0.36000000000000004,0.7190962200044924
turbine_2,2026-01-01 20:00:00+00:00,24,0.27954315334296087,0.27954315334296087,False,False,0.3145848267622461,6.66,-0.4,2026-01-01 19:00:00+00:00,1.0,2026-01-01 22:00:00,2026-01-02T00:00:00+05:00,ef43ddd4f6aea86f3dd92cc9c4f69442651c0a2f3de260b3e7a962a093614ec7,gfs_seamless,False,0.008333333333333333,1.91,1.7516666666666667,0.2712098200096275
turbine_2,2026-01-01 21:00:00+00:00,24,0.24847452349270532,0.24847452349270532,False,False,0.24732096635030196,6.44,-0.5,2026-01-01 19:00:00+00:00,2.0,2026-01-01 22:00:00,2026-01-02T00:00:00+05:00,ef43ddd4f6aea86f3dd92cc9c4f69442651c0a2f3de260b3e7a962a093614ec7,gfs_seamless,False,0.01,1.5816666666666668,1.8416666666666668,0.23847452349270531
turbine_2,2026-01-01 22:00:00+00:00,24,0.22384908845694323,0.22384908845694323,False,False,0.24732096635030196,6.3,-0.8,2026-01-01 19:00:00+00:00,3.0,2026-01-01 22:00:00,2026-01-02T00:00:00+05:00,ef43ddd4f6aea86f3dd92cc9c4f69442651c0a2f3de260b3e7a962a093614ec7,gfs_seamless,False,0.008333333333333333,3.578333333333333,1.3866666666666667,0.2155157551236099
turbine_2,2026-01-01 23:00:00+00:00,24,0.2496670616781649,0.2496670616781649,False,False,0.3145848267622461,6.5,-0.9,2026-01-01 19:00:00+00:00,4.0,2026-01-01 22:00:00,2026-01-02T00:00:00+05:00,ef43ddd4f6aea86f3dd92cc9c4f69442651c0a2f3de260b3e7a962a093614ec7,gfs_seamless,False,0.005,3.0883333333333334,1.3916666666666666,0.2446670616781649
turbine_2,2026-01-02 00:00:00+00:00,24,0.11717801523021971,0.11717801523021971,False,False,0.18973366282262494,5.59,-1.1,2026-01-01 19:00:00+00:00,5.0,2026-01-01 22:00:00,2026-01-02T00:00:00+05:00,ef43ddd4f6aea86f3dd92cc9c4f69442651c0a2f3de260b3e7a962a093614ec7,gfs_seamless,False,0.01,1.4349999999999998,1.485,0.10717801523021972
turbine_2,2026-01-02 01:00:00+00:00,24,0.08964763973174934,0.08964763973174934,False,False,0.14422304603027494,5.19,-1.0,2026-01-01 19:00:00+00:00,6.0,2026-01-01 22:00:00,2026-01-02T00:00:00+05:00,ef43ddd4f6aea86f3dd92cc9c4f69442651c0a2f3de260b3e7a962a093614ec7,gfs_seamless,False,0.01,0.5,1.8583333333333334,0.07964763973174935
turbine_2,2026-01-02 02:00:00+00:00,24,0.07673454005699612,0.07673454005699612,False,False,0.14422304603027494,5.02,-0.9,2026-01-01 19:00:00+00:00,7.0,2026-01-01 22:00:00,2026-01-02T00:00:00+05:00,ef43ddd4f6aea86f3dd92cc9c4f69442651c0a2f3de260b3e7a962a093614ec7,gfs_seamless,False,0.01,0.47000000000000003,1.8916666666666666,0.06673454005699613
turbine_2,2026-01-02 03:00:00+00:00,24,0.0896832520987391,0.0896832520987391,False,False,0.14422304603027494,5.2,-0.6,2026-01-01 19:00:00+00:00,8.0,2026-01-01 22:00:00,2026-01-02T00:00:00+05:00,ef43ddd4f6aea86f3dd92cc9c4f69442651c0a2f3de260b3e7a962a093614ec7,gfs_seamless,False,0.01,1.6483333333333334,1.33,0.07968325209873911
turbine_2,2026-01-02 04:00:00+00:00,24,0.1373379097156173,0.1373379097156173,False,False,0.18973366282262494,5.63,0.5,2026-01-01 19:00:00+00:00,9.0,2026-01-01 22:00:00,2026-01-02T00:00:00+05:00,ef43ddd4f6aea86f3dd92cc9c4f69442651c0a2f3de260b3e7a962a093614ec7,gfs_seamless,False,0.07666666666666667,4.833333333333333,1.2316666666666667,0.06067124304895062
turbine_2,2026-01-02 05:00:00+00:00,24,0.2975206173353487,0.2975206173353487,False,False,0.3145848267622461,6.8,1.6,2026-01-01 19:00:00+00:00,10.0,2026-01-01 22:00:00,2026-01-02T00:00:00+05:00,ef43ddd4f6aea86f3dd92cc9c4f69442651c0a2f3de260b3e7a962a093614ec7,gfs_seamless,False,0.26666666666666666,6.753333333333333,1.1483333333333334,0.030853950668682018
turbine_2,2026-01-02 06:00:00+00:00,24,0.5942820598503906,0.5942820598503906,False,False,0.6152328767123287,8.5,2.4,2026-01-01 19:00:00+00:00,11.0,2026-01-01 22:00:00,2026-01-02T00:00:00+05:00,ef43ddd4f6aea86f3dd92cc9c4f69442651c0a2f3de260b3e7a962a093614ec7,gfs_seamless,False,0.37666666666666665,7.376666666666668,1.6983333333333333,0.21761539318372397
turbine_2,2026-01-02 07:00:00+00:00,24,0.5983722289572306,0.5983722289572306,False,False,0.6152328767123287,8.68,3.3,2026-01-01 19:00:00+00:00,12.0,2026-01-01 22:00:00,2026-01-02T00:00:00+05:00,ef43ddd4f6aea86f3dd92cc9c4f69442651c0a2f3de260b3e7a962a093614ec7,gfs_seamless,False,0.6766666666666667,9.09,2.4899999999999998,0.07829443770943612
turbine_2,2026-01-02 08:00:00+00:00,24,0.554104715425582,0.554104715425582,False,False,0.5338224181360202,8.23,3.6,2026-01-01 19:00:00+00:00,13.0,2026-01-01 22:00:00,2026-01-02T00:00:00+05:00,ef43ddd4f6aea86f3dd92cc9c4f69442651c0a2f3de260b3e7a962a093614ec7,gfs_seamless,False,0.8849999999999999,10.511666666666667,3.498333333333333,0.33089528457441786
turbine_2,2026-01-02 09:00:00+00:00,24,0.4734222650840738,0.4734222650840738,False,False,0.45985499462943075,7.78,3.5,2026-01-01 19:00:00+00:00,14.0,2026-01-01 22:00:00,2026-01-02T00:00:00+05:00,ef43ddd4f6aea86f3dd92cc9c4f69442651c0a2f3de260b3e7a962a093614ec7,gfs_seamless,False,0.7450000000000001,9.59,4.085,0.2715777349159263
turbine_2,2026-01-02 10:00:00+00:00,24,0.34007426883938974,0.34007426883938974,False,False,0.3145848267622461,6.98,3.1,2026-01-01 19:00:00+00:00,15.0,2026-01-01 22:00:00,2026-01-02T00:00:00+05:00,ef43ddd4f6aea86f3dd92cc9c4f69442651c0a2f3de260b3e7a962a093614ec7,gfs_seamless,False,0.5816666666666667,8.436666666666667,4.3116666666666665,0.24159239782727693
turbine_2,2026-01-02 11:00:00+00:00,24,0.2729902358918528,0.2729902358918528,False,False,0.3145848267622461,6.62,2.1,2026-01-01 19:00:00+00:00,16.0,2026-01-01 22:00:00,2026-01-02T00:00:00+05:00,ef43ddd4f6aea86f3dd92cc9c4f69442651c0a2f3de260b3e7a962a093614ec7,gfs_seamless,False,0.43333333333333335,7.616666666666667,3.9583333333333335,0.16034309744148056
turbine_2,2026-01-02 12:00:00+00:00,24,0.21829033336828083,0.21829033336828083,False,False,0.24732096635030196,6.23,2.0,2026-01-01 19:00:00+00:00,17.0,2026-01-01 22:00:00,2026-01-02T00:00:00+05:00,ef43ddd4f6aea86f3dd92cc9c4f69442651c0a2f3de260b3e7a962a093614ec7,gfs_seamless,False,0.38000000000000006,7.203333333333333,3.5583333333333336,0.16170966663171923
turbine_2,2026-01-02 13:00:00+00:00,24,0.2633100549275965,0.2633100549275965,False,False,0.3145848267622461,6.53,1.7,2026-01-01 19:00:00+00:00,18.0,2026-01-01 22:00:00,2026-01-02T00:00:00+05:00,ef43ddd4f6aea86f3dd92cc9c4f69442651c0a2f3de260b3e7a962a093614ec7,gfs_seamless,False,0.4466666666666666,7.5249999999999995,3.4416666666666664,0.18335661173907009
turbine_2,2026-01-02 14:00:00+00:00,24,0.342130167368953,0.342130167368953,False,False,0.38877364644487933,7.02,1.6,2026-01-01 19:00:00+00:00,19.0,2026-01-01 22:00:00,2026-01-02T00:00:00+05:00,ef43ddd4f6aea86f3dd92cc9c4f69442651c0a2f3de260b3e7a962a093614ec7,gfs_seamless,False,0.47,7.656666666666666,3.1783333333333332,0.12786983263104695
turbine_2,2026-01-02 15:00:00+00:00,24,0.4695893288900627,0.4695893288900627,False,False,0.45985499462943075,7.69,1.5,2026-01-01 19:00:00+00:00,20.0,2026-01-01 22:00:00,2026-01-02T00:00:00+05:00,ef43ddd4f6aea86f3dd92cc9c4f69442651c0a2f3de260b3e7a962a093614ec7,gfs_seamless,False,0.66,8.813333333333334,3.1483333333333334,0.1904106711099373
turbine_2,2026-01-02 16:00:00+00:00,24,0.5846052757897737,0.5846052757897737,False,False,0.5338224181360202,8.45,0.7,2026-01-01 19:00:00+00:00,21.0,2026-01-01 22:00:00,2026-01-02T00:00:00+05:00,ef43ddd4f6aea86f3dd92cc9c4f69442651c0a2f3de260b3e7a962a093614ec7,gfs_seamless,False,0.8850000000000001,10.231666666666667,3.0083333333333333,0.3003947242102264
turbine_2,2026-01-02 17:00:00+00:00,24,0.6238167586615027,0.6238167586615027,False,False,0.6152328767123287,8.77,0.5,2026-01-01 19:00:00+00:00,22.0,2026-01-01 22:00:00,2026-01-02T00:00:00+05:00,ef43ddd4f6aea86f3dd92cc9c4f69442651c0a2f3de260b3e7a962a093614ec7,gfs_seamless,False,0.6649999999999999,8.731666666666667,3.0500000000000003,0.04118324133849727
turbine_2,2026-01-02 18:00:00+00:00,24,0.7818348919112205,0.7818348919112205,False,False,0.7521689155422289,9.62,0.2,2026-01-01 19:00:00+00:00,23.0,2026-01-01 22:00:00,2026-01-02T00:00:00+05:00,ef43ddd4f6aea86f3dd92cc9c4f69442651c0a2f3de260b3e7a962a093614ec7,gfs_seamless,False,0.295,6.528333333333333,2.4566666666666666,0.4868348919112205
turbine_2,2026-01-02 19:00:00+00:00,24,0.8115156503997083,0.8115156503997083,False,False,0.7521689155422289,9.88,0.2,2026-01-01 19:00:00+00:00,24.0,2026-01-01 22:00:00,2026-01-02T00:00:00+05:00,ef43ddd4f6aea86f3dd92cc9c4f69442651c0a2f3de260b3e7a962a093614ec7,gfs_seamless,False,0.21166666666666667,5.925,1.8133333333333332,0.5998489837330416
turbine_2,2026-01-02 20:00:00+00:00,48,0.7017932949546637,0.7017932949546637,False,False,0.6747765097479791,9.35,-0.5,2026-01-01 19:00:00+00:00,25.0,2026-01-01 22:00:00,2026-01-02T00:00:00+05:00,ef43ddd4f6aea86f3dd92cc9c4f69442651c0a2f3de260b3e7a962a093614ec7,gfs_seamless,False,0.19833333333333333,5.984999999999999,1.3316666666666668,0.5034599616213303
turbine_2,2026-01-02 21:00:00+00:00,48,0.7148319179630901,0.7148319179630901,False,False,0.6747765097479791,9.39,-0.5,2026-01-01 19:00:00+00:00,26.0,2026-01-01 22:00:00,2026-01-02T00:00:00+05:00,ef43ddd4f6aea86f3dd92cc9c4f69442651c0a2f3de260b3e7a962a093614ec7,gfs_seamless,False,0.31,6.638333333333333,1.0233333333333334,0.4048319179630901
turbine_2,2026-01-02 22:00:00+00:00,48,0.7806999096044641,0.7806999096044641,False,False,0.7521689155422289,9.58,-0.7,2026-01-01 19:00:00+00:00,27.0,2026-01-01 22:00:00,2026-01-02T00:00:00+05:00,ef43ddd4f6aea86f3dd92cc9c4f69442651c0a2f3de260b3e7a962a093614ec7,gfs_seamless,False,0.15833333333333333,5.596666666666667,0.4216666666666667,0.6223665762711308
turbine_2,2026-01-02 23:00:00+00:00,48,0.7853985236056301,0.7853985236056301,False,False,0.7521689155422289,9.66,-0.7,2026-01-01 19:00:00+00:00,28.0,2026-01-01 22:00:00,2026-01-02T00:00:00+05:00,ef43ddd4f6aea86f3dd92cc9c4f69442651c0a2f3de260b3e7a962a093614ec7,gfs_seamless,False,0.18999999999999997,5.935,-0.4916666666666667,0.5953985236056302
turbine_2,2026-01-03 00:00:00+00:00,48,0.8494975398472047,0.8494975398472047,False,False,0.8242284798534798,10.06,-0.9,2026-01-01 19:00:00+00:00,29.0,2026-01-01 22:00:00,2026-01-02T00:00:00+05:00,ef43ddd4f6aea86f3dd92cc9c4f69442651c0a2f3de260b3e7a962a093614ec7,gfs_seamless,False,0.25166666666666665,6.708333333333333,-0.815,0.597830873180538
turbine_2,2026-01-03 01:00:00+00:00,48,0.6582544967989346,0.6582544967989346,False,False,0.6152328767123287,8.97,-1.1,2026-01-01 19:00:00+00:00,30.0,2026-01-01 22:00:00,2026-01-02T00:00:00+05:00,ef43ddd4f6aea86f3dd92cc9c4f69442651c0a2f3de260b3e7a962a093614ec7,gfs_seamless,False,0.14666666666666667,5.863333333333333,-1.445,0.5115878301322678
turbine_2,2026-01-03 02:00:00+00:00,48,0.6777831664941385,0.6777831664941385,False,False,0.6747765097479791,9.17,-1.2,2026-01-01 19:00:00+00:00,31.0,2026-01-01 22:00:00,2026-01-02T00:00:00+05:00,ef43ddd4f6aea86f3dd92cc9c4f69442651c0a2f3de260b3e7a962a093614ec7,gfs_seamless,False,0.26,6.601666666666667,-0.9333333333333332,0.4177831664941385
turbine_2,2026-01-03 03:00:00+00:00,48,0.6774723119546763,0.6774723119546763,False,False,0.6747765097479791,9.08,-0.8,2026-01-01 19:00:00+00:00,32.0,2026-01-01 22:00:00,2026-01-02T00:00:00+05:00,ef43ddd4f6aea86f3dd92cc9c4f69442651c0a2f3de260b3e7a962a093614ec7,gfs_seamless,False,0.22,6.2250000000000005,-1.765,0.4574723119546763
turbine_2,2026-01-03 04:00:00+00:00,48,0.636801039084982,0.636801039084982,False,False,0.6152328767123287,8.81,1.2,2026-01-01 19:00:00+00:00,33.0,2026-01-01 22:00:00,2026-01-02T00:00:00+05:00,ef43ddd4f6aea86f3dd92cc9c4f69442651c0a2f3de260b3e7a962a093614ec7,gfs_seamless,False,0.11833333333333333,5.288333333333333,-0.9933333333333333,0.5184677057516487
turbine_2,2026-01-03 05:00:00+00:00,48,0.5922027051395811,0.5922027051395811,False,False,0.6152328767123287,8.68,3.1,2026-01-01 19:00:00+00:00,34.0,2026-01-01 22:00:00,2026-01-02T00:00:00+05:00,ef43ddd4f6aea86f3dd92cc9c4f69442651c0a2f3de260b3e7a962a093614ec7,gfs_seamless,False,0.135,5.391666666666667,-1.03,0.45720270513958106
turbine_2,2026-01-03 06:00:00+00:00,48,0.7504720020649297,0.7504720020649297,False,False,0.7521689155422289,9.81,4.7,2026-01-01 19:00:00+00:00,35.0,2026-01-01 22:00:00,2026-01-02T00:00:00+05:00,ef43ddd4f6aea86f3dd92cc9c4f69442651c0a2f3de260b3e7a962a093614ec7,gfs_seamless,False,0.06666666666666667,4.691666666666666,0.375,0.683805335398263
turbine_2,2026-01-03 07:00:00+00:00,48,0.6871475310275955,0.6871475310275955,False,False,0.7521689155422289,9.73,5.9,2026-01-01 19:00:00+00:00,36.0,2026-01-01 22:00:00,2026-01-02T00:00:00+05:00,ef43ddd4f6aea86f3dd92cc9c4f69442651c0a2f3de260b3e7a962a093614ec7,gfs_seamless,False,0.14333333333333334,5.603333333333333,2.9266666666666663,0.5438141976942622
turbine_2,2026-01-03 08:00:00+00:00,48,0.6330079585020973,0.6330079585020973,False,False,0.7521689155422289,9.84,6.5,2026-01-01 19:00:00+00:00,37.0,2026-01-01 22:00:00,2026-01-02T00:00:00+05:00,ef43ddd4f6aea86f3dd92cc9c4f69442651c0a2f3de260b3e7a962a093614ec7,gfs_seamless,False,0.16166666666666665,5.78,4.523333333333333,0.4713412918354307
turbine_2,2026-01-03 09:00:00+00:00,48,0.6330079585020973,0.6330079585020973,False,False,0.7521689155422289,9.85,6.4,2026-01-01 19:00:00+00:00,38.0,2026-01-01 22:00:00,2026-01-02T00:00:00+05:00,ef43ddd4f6aea86f3dd92cc9c4f69442651c0a2f3de260b3e7a962a093614ec7,gfs_seamless,False,0.15833333333333333,5.873333333333334,5.763333333333333,0.474674625168764
turbine_2,2026-01-03 10:00:00+00:00,48,0.7267557928150293,0.7267557928150293,False,False,0.6747765097479791,9.44,5.5,2026-01-01 19:00:00+00:00,39.0,2026-01-01 22:00:00,2026-01-02T00:00:00+05:00,ef43ddd4f6aea86f3dd92cc9c4f69442651c0a2f3de260b3e7a962a093614ec7,gfs_seamless,False,0.19666666666666666,6.073333333333333,6.196666666666666,0.5300891261483627
turbine_2,2026-01-03 11:00:00+00:00,48,0.7391759795386013,0.7391759795386013,False,False,0.6747765097479791,9.48,3.5,2026-01-01 19:00:00+00:00,40.0,2026-01-01 22:00:00,2026-01-02T00:00:00+05:00,ef43ddd4f6aea86f3dd92cc9c4f69442651c0a2f3de260b3e7a962a093614ec7,gfs_seamless,False,0.20666666666666667,6.206666666666667,5.565,0.5325093128719346
turbine_2,2026-01-03 12:00:00+00:00,48,0.8747275879676707,0.8747275879676707,False,False,0.8242284798534798,10.47,2.6,2026-01-01 19:00:00+00:00,41.0,2026-01-01 22:00:00,2026-01-02T00:00:00+05:00,ef43ddd4f6aea86f3dd92cc9c4f69442651c0a2f3de260b3e7a962a093614ec7,gfs_seamless,False,0.2783333333333333,6.468333333333334,3.965,0.5963942546343374
turbine_2,2026-01-03 13:00:00+00:00,48,0.8421575736569327,0.8421575736569327,False,False,0.8242284798534798,10.11,2.3,2026-01-01 19:00:00+00:00,42.0,2026-01-01 22:00:00,2026-01-02T00:00:00+05:00,ef43ddd4f6aea86f3dd92cc9c4f69442651c0a2f3de260b3e7a962a093614ec7,gfs_seamless,False,0.5066666666666667,7.73,3.106666666666667,0.33549090699026596
turbine_2,2026-01-03 14:00:00+00:00,48,0.8644229560909911,0.8644229560909911,False,False,0.8242284798534798,10.38,2.0,2026-01-01 19:00:00+00:00,43.0,2026-01-01 22:00:00,2026-01-02T00:00:00+05:00,ef43ddd4f6aea86f3dd92cc9c4f69442651c0a2f3de260b3e7a962a093614ec7,gfs_seamless,False,0.245,6.2683333333333335,2.361666666666667,0.6194229560909911
turbine_2,2026-01-03 15:00:00+00:00,48,0.8466771291397579,0.8466771291397579,False,False,0.8242284798534798,10.39,1.6,2026-01-01 19:00:00+00:00,44.0,2026-01-01 22:00:00,2026-01-02T00:00:00+05:00,ef43ddd4f6aea86f3dd92cc9c4f69442651c0a2f3de260b3e7a962a093614ec7,gfs_seamless,False,0.48833333333333334,7.47,2.2733333333333334,0.35834379580642456
turbine_2,2026-01-03 16:00:00+00:00,48,0.8698047148336985,0.8698047148336985,False,False,0.8242284798534798,10.42,1.3,2026-01-01 19:00:00+00:00,45.0,2026-01-01 22:00:00,2026-01-02T00:00:00+05:00,ef43ddd4f6aea86f3dd92cc9c4f69442651c0a2f3de260b3e7a962a093614ec7,gfs_seamless,False,0.285,6.588333333333334,1.8150000000000002,0.5848047148336986
turbine_2,2026-01-03 17:00:00+00:00,48,0.9082888765038666,0.9082888765038666,False,False,0.8845214521452145,10.55,1.1,2026-01-01 19:00:00+00:00,46.0,2026-01-01 22:00:00,2026-01-02T00:00:00+05:00,ef43ddd4f6aea86f3dd92cc9c4f69442651c0a2f3de260b3e7a962a093614ec7,gfs_seamless,False,0.15833333333333335,5.668333333333333,1.16,0.7499555431705333
turbine_2,2026-01-03 18:00:00+00:00,48,0.8547304183928343,0.8547304183928343,False,False,0.8242284798534798,10.47,1.6,2026-01-01 19:00:00+00:00,47.0,2026-01-01 22:00:00,2026-01-02T00:00:00+05:00,ef43ddd4f6aea86f3dd92cc9c4f69442651c0a2f3de260b3e7a962a093614ec7,gfs_seamless,False,0.265,6.463333333333334,0.9383333333333334,0.5897304183928342
turbine_2,2026-01-03 19:00:00+00:00,48,0.9463449748129038,0.9463449748129038,False,False,0.8845214521452145,10.98,1.4,2026-01-01 19:00:00+00:00,48.0,2026-01-01 22:00:00,2026-01-02T00:00:00+05:00,ef43ddd4f6aea86f3dd92cc9c4f69442651c0a2f3de260b3e7a962a093614ec7,gfs_seamless,False,0.18333333333333335,5.831666666666667,0.075,0.7630116414795705
turbine_1,2026-01-02 20:00:00+00:00,24,0.8218405995858588,0.8218405995858588,False,False,0.763795746785361,9.78,-0.3,2026-01-02 19:00:00+00:00,1.0,2026-01-02 22:00:00,2026-01-03T00:00:00+05:00,2717682dd9ee93926c6abde46db8ed94e183ba31757a8fc00ec36e31adf191ea,gfs_seamless,False,0.22166666666666668,6.001666666666666,1.3866666666666667,0.6001739329191921
turbine_1,2026-01-02 21:00:00+00:00,24,0.8253062052495765,0.8253062052495765,False,False,0.763795746785361,9.8,-0.8,2026-01-02 19:00:00+00:00,2.0,2026-01-02 22:00:00,2026-01-03T00:00:00+05:00,2717682dd9ee93926c6abde46db8ed94e183ba31757a8fc00ec36e31adf191ea,gfs_seamless,False,0.36166666666666664,6.79,1.2183333333333335,0.4636395385829099
turbine_1,2026-01-02 22:00:00+00:00,24,0.7896066139391473,0.7896066139391473,False,False,0.763795746785361,9.54,-0.9,2026-01-02 19:00:00+00:00,3.0,2026-01-02 22:00:00,2026-01-03T00:00:00+05:00,2717682dd9ee93926c6abde46db8ed94e183ba31757a8fc00ec36e31adf191ea,gfs_seamless,False,0.17833333333333334,5.646666666666667,0.55,0.611273280605814
turbine_1,2026-01-02 23:00:00+00:00,24,0.8095249953393078,0.8095249953393078,False,False,0.763795746785361,9.75,-1.0,2026-01-02 19:00:00+00:00,4.0,2026-01-02 22:00:00,2026-01-03T00:00:00+05:00,2717682dd9ee93926c6abde46db8ed94e183ba31757a8fc00ec36e31adf191ea,gfs_seamless,False,0.21,6.033333333333334,-0.39333333333333337,0.5995249953393078
turbine_1,2026-01-03 00:00:00+00:00,24,0.7882498949012974,0.7882498949012974,False,False,0.763795746785361,9.54,-1.0,2026-01-02 19:00:00+00:00,5.0,2026-01-02 22:00:00,2026-01-03T00:00:00+05:00,2717682dd9ee93926c6abde46db8ed94e183ba31757a8fc00ec36e31adf191ea,gfs_seamless,False,0.255,6.665,-0.7516666666666666,0.5332498949012974
turbine_1,2026-01-03 01:00:00+00:00,24,0.7286439856501825,0.7286439856501825,False,False,0.694662638469285,9.3,-1.1,2026-01-02 19:00:00+00:00,6.0,2026-01-02 22:00:00,2026-01-03T00:00:00+05:00,2717682dd9ee93926c6abde46db8ed94e183ba31757a8fc00ec36e31adf191ea,gfs_seamless,False,0.16,5.636666666666667,-1.1733333333333333,0.5686439856501825
turbine_1,2026-01-03 02:00:00+00:00,24,0.8037579823847524,0.8037579823847524,False,False,0.763795746785361,9.66,-1.1,2026-01-02 19:00:00+00:00,7.0,2026-01-02 22:00:00,2026-01-03T00:00:00+05:00,2717682dd9ee93926c6abde46db8ed94e183ba31757a8fc00ec36e31adf191ea,gfs_seamless,False,0.26,6.419999999999999,-0.8566666666666666,0.5437579823847524
turbine_1,2026-01-03 03:00:00+00:00,24,0.8263546377631088,0.8263546377631088,False,False,0.763795746785361,9.88,-0.6,2026-01-02 19:00:00+00:00,8.0,2026-01-02 22:00:00,2026-01-03T00:00:00+05:00,2717682dd9ee93926c6abde46db8ed94e183ba31757a8fc00ec36e31adf191ea,gfs_seamless,False,0.22833333333333336,6.118333333333333,-1.6916666666666667,0.5980213044297754
turbine_1,2026-01-03 04:00:00+00:00,24,0.829932822592154,0.829932822592154,False,False,0.763795746785361,9.84,1.5,2026-01-02 19:00:00+00:00,9.0,2026-01-02 22:00:00,2026-01-03T00:00:00+05:00,2717682dd9ee93926c6abde46db8ed94e183ba31757a8fc00ec36e31adf191ea,gfs_seamless,False,0.165,5.503333333333334,-0.7566666666666667,0.6649328225921539
turbine_1,2026-01-03 05:00:00+00:00,24,0.8834471365142644,0.8834471365142644,False,False,0.8298972296693476,10.24,3.7,2026-01-02 19:00:00+00:00,10.0,2026-01-02 22:00:00,2026-01-03T00:00:00+05:00,2717682dd9ee93926c6abde46db8ed94e183ba31757a8fc00ec36e31adf191ea,gfs_seamless,False,0.15166666666666667,5.326666666666667,-0.89,0.7317804698475978
turbine_1,2026-01-03 06:00:00+00:00,24,0.9274251182831086,0.9274251182831086,False,False,0.8926999999999999,10.65,5.2,2026-01-02 19:00:00+00:00,11.0,2026-01-02 22:00:00,2026-01-03T00:00:00+05:00,2717682dd9ee93926c6abde46db8ed94e183ba31757a8fc00ec36e31adf191ea,gfs_seamless,False,0.07333333333333333,4.468333333333333,0.625,0.8540917849497752
turbine_1,2026-01-03 07:00:00+00:00,24,0.9581939000792717,0.9581939000792717,False,False,0.9377506596306068,11.03,6.4,2026-01-02 19:00:00+00:00,12.0,2026-01-02 22:00:00,2026-01-03T00:00:00+05:00,2717682dd9ee93926c6abde46db8ed94e183ba31757a8fc00ec36e31adf191ea,gfs_seamless,False,0.13333333333333333,5.2683333333333335,3.125,0.8248605667459384
turbine_1,2026-01-03 08:00:00+00:00,24,0.9062563657535544,0.9062563657535544,False,False,0.8926999999999999,10.7,7.3,2026-01-02 19:00:00+00:00,13.0,2026-01-02 22:00:00,2026-01-03T00:00:00+05:00,2717682dd9ee93926c6abde46db8ed94e183ba31757a8fc00ec36e31adf191ea,gfs_seamless,False,0.17666666666666667,5.8183333333333325,4.6883333333333335,0.7295896990868878
turbine_1,2026-01-03 09:00:00+00:00,24,0.9128377801028078,0.9128377801028078,False,False,0.8926999999999999,10.56,7.5,2026-01-02 19:00:00+00:00,14.0,2026-01-02 22:00:00,2026-01-03T00:00:00+05:00,2717682dd9ee93926c6abde46db8ed94e183ba31757a8fc00ec36e31adf191ea,gfs_seamless,False,0.17166666666666666,5.765,5.878333333333334,0.7411711134361412
turbine_1,2026-01-03 10:00:00+00:00,24,0.96151629962615,0.96151629962615,False,False,0.9377506596306068,11.05,6.4,2026-01-02 19:00:00+00:00,15.0,2026-01-02 22:00:00,2026-01-03T00:00:00+05:00,2717682dd9ee93926c6abde46db8ed94e183ba31757a8fc00ec36e31adf191ea,gfs_seamless,False,0.19666666666666666,5.971666666666667,6.401666666666666,0.7648496329594834
turbine_1,2026-01-03 11:00:00+00:00,24,0.9767374078043156,0.9767374078043156,False,False,0.9601162250116224,11.85,4.5,2026-01-02 19:00:00+00:00,16.0,2026-01-02 22:00:00,2026-01-03T00:00:00+05:00,2717682dd9ee93926c6abde46db8ed94e183ba31757a8fc00ec36e31adf191ea,gfs_seamless,False,0.24333333333333332,6.326666666666667,5.665,0.7334040744709823
turbine_1,2026-01-03 12:00:00+00:00,24,0.9267828203454709,0.9267828203454709,False,False,0.8926999999999999,10.67,3.0,2026-01-02 19:00:00+00:00,17.0,2026-01-02 22:00:00,2026-01-03T00:00:00+05:00,2717682dd9ee93926c6abde46db8ed94e183ba31757a8fc00ec36e31adf191ea,gfs_seamless,False,0.255,6.31,4.076666666666667,0.6717828203454709
turbine_1,2026-01-03 13:00:00+00:00,24,0.960050339479012,0.960050339479012,False,False,0.9377506596306068,11.0,2.4,2026-01-02 19:00:00+00:00,18.0,2026-01-02 22:00:00,2026-01-03T00:00:00+05:00,2717682dd9ee93926c6abde46db8ed94e183ba31757a8fc00ec36e31adf191ea,gfs_seamless,False,0.5216666666666666,7.6499999999999995,3.2183333333333333,0.43838367281234536
turbine_1,2026-01-03 14:00:00+00:00,24,0.9014171306320662,0.9014171306320662,False,False,0.8298972296693476,10.42,2.1,2026-01-02 19:00:00+00:00,19.0,2026-01-02 22:00:00,2026-01-03T00:00:00+05:00,2717682dd9ee93926c6abde46db8ed94e183ba31757a8fc00ec36e31adf191ea,gfs_seamless,False,0.215,5.885000000000001,2.4633333333333334,0.6864171306320662
turbine_1,2026-01-03 15:00:00+00:00,24,0.8989236769337065,0.8989236769337065,False,False,0.8298972296693476,10.47,1.8,2026-01-02 19:00:00+00:00,20.0,2026-01-02 22:00:00,2026-01-03T00:00:00+05:00,2717682dd9ee93926c6abde46db8ed94e183ba31757a8fc00ec36e31adf191ea,gfs_seamless,False,0.5683333333333334,8.013333333333334,2.6016666666666666,0.3305903436003731
turbine_1,2026-01-03 16:00:00+00:00,24,0.8989236769337065,0.8989236769337065,False,False,0.8298972296693476,10.43,1.8,2026-01-02 19:00:00+00:00,21.0,2026-01-02 22:00:00,2026-01-03T00:00:00+05:00,2717682dd9ee93926c6abde46db8ed94e183ba31757a8fc00ec36e31adf191ea,gfs_seamless,False,0.29833333333333334,6.623333333333334,1.905,0.6005903436003731
turbine_1,2026-01-03 17:00:00+00:00,24,0.8385494195690354,0.8385494195690354,False,False,0.763795746785361,9.97,2.1,2026-01-02 19:00:00+00:00,22.0,2026-01-02 22:00:00,2026-01-03T00:00:00+05:00,2717682dd9ee93926c6abde46db8ed94e183ba31757a8fc00ec36e31adf191ea,gfs_seamless,False,0.19000000000000003,5.8116666666666665,1.43,0.6485494195690353
turbine_1,2026-01-03 18:00:00+00:00,24,0.8391642823244425,0.8391642823244425,False,False,0.763795746785361,9.98,1.6,2026-01-02 19:00:00+00:00,23.0,2026-01-02 22:00:00,2026-01-03T00:00:00+05:00,2717682dd9ee93926c6abde46db8ed94e183ba31757a8fc00ec36e31adf191ea,gfs_seamless,False,0.30833333333333335,6.52,1.0999999999999999,0.5308309489911092
turbine_1,2026-01-03 19:00:00+00:00,24,0.7942332312817247,0.7942332312817247,False,False,0.694662638469285,9.48,1.2,2026-01-02 19:00:00+00:00,24.0,2026-01-02 22:00:00,2026-01-03T00:00:00+05:00,2717682dd9ee93926c6abde46db8ed94e183ba31757a8fc00ec36e31adf191ea,gfs_seamless,False,0.23166666666666666,6.18,0.36000000000000004,0.562566564615058
turbine_1,2026-01-03 20:00:00+00:00,48,0.9596414685630137,0.9596414685630137,False,False,0.9377506596306068,11.03,1.8,2026-01-02 19:00:00+00:00,25.0,2026-01-02 22:00:00,2026-01-03T00:00:00+05:00,2717682dd9ee93926c6abde46db8ed94e183ba31757a8fc00ec36e31adf191ea,gfs_seamless,False,0.2866666666666667,6.461666666666666,-0.8583333333333334,0.6729748018963471
turbine_1,2026-01-03 21:00:00+00:00,48,0.962963868109892,0.962963868109892,False,False,0.9377506596306068,11.05,1.8,2026-01-02 19:00:00+00:00,26.0,2026-01-02 22:00:00,2026-01-03T00:00:00+05:00,2717682dd9ee93926c6abde46db8ed94e183ba31757a8fc00ec36e31adf191ea,gfs_seamless,False,0.28,6.010000000000001,-0.4083333333333334,0.682963868109892
turbine_1,2026-01-03 22:00:00+00:00,48,0.9819663977498533,0.9819663977498533,False,False,0.9601162250116224,11.61,1.4,2026-01-02 19:00:00+00:00,27.0,2026-01-02 22:00:00,2026-01-03T00:00:00+05:00,2717682dd9ee93926c6abde46db8ed94e183ba31757a8fc00ec36e31adf191ea,gfs_seamless,False,0.19000000000000003,5.913333333333333,-1.4233333333333331,0.7919663977498532
turbine_1,2026-01-03 23:00:00+00:00,48,0.9784428569465425,0.9784428569465425,False,False,0.9377506596306068,11.41,1.1,2026-01-02 19:00:00+00:00,28.0,2026-01-02 22:00:00,2026-01-03T00:00:00+05:00,2717682dd9ee93926c6abde46db8ed94e183ba31757a8fc00ec36e31adf191ea,gfs_seamless,False,0.2733333333333334,6.396666666666667,-1.6633333333333333,0.7051095236132092
turbine_1,2026-01-04 00:00:00+00:00,48,0.9921523693632404,0.9921523693632404,False,False,0.9577674129353234,12.27,0.5,2026-01-02 19:00:00+00:00,29.0,2026-01-02 22:00:00,2026-01-03T00:00:00+05:00,2717682dd9ee93926c6abde46db8ed94e183ba31757a8fc00ec36e31adf191ea,gfs_seamless,False,0.26666666666666666,6.206666666666667,-1.1466666666666667,0.7254857026965738
turbine_1,2026-01-04 01:00:00+00:00,48,0.9821709930310779,0.9821709930310779,False,False,0.9601162250116224,11.9,0.5,2026-01-02 19:00:00+00:00,30.0,2026-01-02 22:00:00,2026-01-03T00:00:00+05:00,2717682dd9ee93926c6abde46db8ed94e183ba31757a8fc00ec36e31adf191ea,gfs_seamless,False,0.39166666666666666,7.329999999999999,-0.7316666666666666,0.5905043263644112
turbine_1,2026-01-04 02:00:00+00:00,48,0.9845838942640917,0.9845838942640917,False,False,0.9601162250116224,11.55,0.0,2026-01-02 19:00:00+00:00,31.0,2026-01-02 22:00:00,2026-01-03T00:00:00+05:00,2717682dd9ee93926c6abde46db8ed94e183ba31757a8fc00ec36e31adf191ea,gfs_seamless,False,0.30833333333333335,6.635000000000001,-0.8666666666666667,0.6762505609307583
turbine_1,2026-01-04 03:00:00+00:00,48,0.9437431949668569,0.9437431949668569,False,False,0.8926999999999999,10.87,0.3,2026-01-02 19:00:00+00:00,32.0,2026-01-02 22:00:00,2026-01-03T00:00:00+05:00,2717682dd9ee93926c6abde46db8ed94e183ba31757a8fc00ec36e31adf191ea,gfs_seamless,False,0.5016666666666666,7.698333333333333,-0.8450000000000001,0.4420765283001903
turbine_1,2026-01-04 04:00:00+00:00,48,0.6438719626835081,0.6438719626835081,False,False,0.626218611521418,8.63,1.9,2026-01-02 19:00:00+00:00,33.0,2026-01-02 22:00:00,2026-01-03T00:00:00+05:00,2717682dd9ee93926c6abde46db8ed94e183ba31757a8fc00ec36e31adf191ea,gfs_seamless,False,0.07166666666666667,3.73,0.4566666666666667,0.5722052960168414
turbine_1,2026-01-04 05:00:00+00:00,48,0.31874260151731,0.31874260151731,False,False,0.3257254361799816,6.67,2.6,2026-01-02 19:00:00+00:00,34.0,2026-01-02 22:00:00,2026-01-03T00:00:00+05:00,2717682dd9ee93926c6abde46db8ed94e183ba31757a8fc00ec36e31adf191ea,gfs_seamless,False,0.07166666666666667,4.288333333333333,1.5233333333333334,0.24707593485064333
turbine_1,2026-01-04 06:00:00+00:00,48,0.09374116402107635,0.09374116402107635,False,False,0.11295850066934406,4.83,3.9,2026-01-02 19:00:00+00:00,35.0,2026-01-02 22:00:00,2026-01-03T00:00:00+05:00,2717682dd9ee93926c6abde46db8ed94e183ba31757a8fc00ec36e31adf191ea,gfs_seamless,False,0.07333333333333333,4.626666666666667,1.3383333333333332,0.020407830687743017
turbine_1,2026-01-04 07:00:00+00:00,48,0.021183868378162034,0.021183868378162034,False,False,0.025527638190954775,2.9,5.0,2026-01-02 19:00:00+00:00,36.0,2026-01-02 22:00:00,2026-01-03T00:00:00+05:00,2717682dd9ee93926c6abde46db8ed94e183ba31757a8fc00ec36e31adf191ea,gfs_seamless,False,0.01,1.9816666666666667,4.456666666666667,0.011183868378162034
turbine_1,2026-01-04 08:00:00+00:00,48,0.009955726969189335,0.009955726969189335,False,False,0.01104607250755287,1.55,6.0,2026-01-02 19:00:00+00:00,37.0,2026-01-02 22:00:00,2026-01-03T00:00:00+05:00,2717682dd9ee93926c6abde46db8ed94e183ba31757a8fc00ec36e31adf191ea,gfs_seamless,False,0.01,0.71,7.1433333333333335,4.4273030810665706e-05
turbine_1,2026-01-04 09:00:00+00:00,48,0.009955726969189335,0.009955726969189335,False,False,0.009988662131519273,0.67,6.2,2026-01-02 19:00:00+00:00,38.0,2026-01-02 22:00:00,2026-01-03T00:00:00+05:00,2717682dd9ee93926c6abde46db8ed94e183ba31757a8fc00ec36e31adf191ea,gfs_seamless,False,0.01,1.4916666666666665,7.118333333333333,4.4273030810665706e-05
turbine_1,2026-01-04 10:00:00+00:00,48,0.01698000482575099,0.01698000482575099,False,False,0.025527638190954775,2.69,5.9,2026-01-02 19:00:00+00:00,39.0,2026-01-02 22:00:00,2026-01-03T00:00:00+05:00,2717682dd9ee93926c6abde46db8ed94e183ba31757a8fc00ec36e31adf191ea,gfs_seamless,False,0.03333333333333333,3.966666666666667,6.37,0.016353328507582345
turbine_1,2026-01-04 11:00:00+00:00,48,0.025839124607884338,0.025839124607884338,False,False,0.04060475161987041,3.26,4.5,2026-01-02 19:00:00+00:00,40.0,2026-01-02 22:00:00,2026-01-03T00:00:00+05:00,2717682dd9ee93926c6abde46db8ed94e183ba31757a8fc00ec36e31adf191ea,gfs_seamless,False,0.25333333333333335,6.173333333333333,5.17,0.227494208725449
turbine_1,2026-01-04 12:00:00+00:00,48,0.09602904946536954,0.09602904946536954,False,False,0.11295850066934406,4.87,3.2,2026-01-02 19:00:00+00:00,41.0,2026-01-02 22:00:00,2026-01-03T00:00:00+05:00,2717682dd9ee93926c6abde46db8ed94e183ba31757a8fc00ec36e31adf191ea,gfs_seamless,False,0.6166666666666666,8.555,4.381666666666667,0.5206376172012971
turbine_1,2026-01-04 13:00:00+00:00,48,0.297467731586666,0.297467731586666,False,False,0.3257254361799816,6.57,3.0,2026-01-02 19:00:00+00:00,42.0,2026-01-02 22:00:00,2026-01-03T00:00:00+05:00,2717682dd9ee93926c6abde46db8ed94e183ba31757a8fc00ec36e31adf191ea,gfs_seamless,False,0.6016666666666667,8.483333333333333,5.135,0.3041989350800007
turbine_1,2026-01-04 14:00:00+00:00,48,0.4737361871695311,0.4737361871695311,False,False,0.475655303030303,7.65,2.9,2026-01-02 19:00:00+00:00,43.0,2026-01-02 22:00:00,2026-01-03T00:00:00+05:00,2717682dd9ee93926c6abde46db8ed94e183ba31757a8fc00ec36e31adf191ea,gfs_seamless,False,0.6366666666666667,8.615,5.1499999999999995,0.16293047949713563
turbine_1,2026-01-04 15:00:00+00:00,48,0.494224980241438,0.494224980241438,False,False,0.475655303030303,7.79,2.5,2026-01-02 19:00:00+00:00,44.0,2026-01-02 22:00:00,2026-01-03T00:00:00+05:00,2717682dd9ee93926c6abde46db8ed94e183ba31757a8fc00ec36e31adf191ea,gfs_seamless,False,0.47500000000000003,7.741666666666667,5.6499999999999995,0.019224980241437983
turbine_1,2026-01-04 16:00:00+00:00,48,0.5978539998842678,0.5978539998842678,False,False,0.5473021582733812,8.32,2.1,2026-01-02 19:00:00+00:00,45.0,2026-01-02 22:00:00,2026-01-03T00:00:00+05:00,2717682dd9ee93926c6abde46db8ed94e183ba31757a8fc00ec36e31adf191ea,gfs_seamless,False,0.3233333333333333,6.878333333333334,5.388333333333333,0.2745206665509345
turbine_1,2026-01-04 17:00:00+00:00,48,0.6778716091353352,0.6778716091353352,False,False,0.626218611521418,8.81,1.4,2026-01-02 19:00:00+00:00,46.0,2026-01-02 22:00:00,2026-01-03T00:00:00+05:00,2717682dd9ee93926c6abde46db8ed94e183ba31757a8fc00ec36e31adf191ea,gfs_seamless,False,0.4683333333333333,7.651666666666666,4.776666666666666,0.20953827580200185
turbine_1,2026-01-04 18:00:00+00:00,48,0.5193313791026021,0.5193313791026021,False,False,0.475655303030303,7.96,1.1,2026-01-02 19:00:00+00:00,47.0,2026-01-02 22:00:00,2026-01-03T00:00:00+05:00,2717682dd9ee93926c6abde46db8ed94e183ba31757a8fc00ec36e31adf191ea,gfs_seamless,False,0.7666666666666666,9.388333333333334,4.598333333333334,0.24733528756406453
turbine_1,2026-01-04 19:00:00+00:00,48,0.39544446458050847,0.39544446458050847,False,False,0.39882590439276483,7.2,1.1,2026-01-02 19:00:00+00:00,48.0,2026-01-02 22:00:00,2026-01-03T00:00:00+05:00,2717682dd9ee93926c6abde46db8ed94e183ba31757a8fc00ec36e31adf191ea,gfs_seamless,False,0.2866666666666667,6.41,4.335,0.10877779791384179
turbine_2,2026-01-02 20:00:00+00:00,24,0.7880340305358131,0.7880340305358131,False,False,0.7521581836327346,9.78,-0.3,2026-01-02 19:00:00+00:00,1.0,2026-01-02 22:00:00,2026-01-03T00:00:00+05:00,b3cb74d1b3050322bc965894ca9596449c8a5fc36a0f927d3bd2d51968483a2f,gfs_seamless,False,0.19833333333333333,5.984999999999999,1.3316666666666668,0.5897006972024798
turbine_2,2026-01-02 21:00:00+00:00,24,0.7942888749704111,0.7942888749704111,False,False,0.7521581836327346,9.8,-0.8,2026-01-02 19:00:00+00:00,2.0,2026-01-02 22:00:00,2026-01-03T00:00:00+05:00,b3cb74d1b3050322bc965894ca9596449c8a5fc36a0f927d3bd2d51968483a2f,gfs_seamless,False,0.31,6.638333333333333,1.0233333333333334,0.4842888749704111
turbine_2,2026-01-02 22:00:00+00:00,24,0.7724760149025475,0.7724760149025475,False,False,0.7521581836327346,9.54,-0.9,2026-01-02 19:00:00+00:00,3.0,2026-01-02 22:00:00,2026-01-03T00:00:00+05:00,b3cb74d1b3050322bc965894ca9596449c8a5fc36a0f927d3bd2d51968483a2f,gfs_seamless,False,0.15833333333333333,5.596666666666667,0.4216666666666667,0.6141426815692141
turbine_2,2026-01-02 23:00:00+00:00,24,0.7900345140984808,0.7900345140984808,False,False,0.7521581836327346,9.75,-1.0,2026-01-02 19:00:00+00:00,4.0,2026-01-02 22:00:00,2026-01-03T00:00:00+05:00,b3cb74d1b3050322bc965894ca9596449c8a5fc36a0f927d3bd2d51968483a2f,gfs_seamless,False,0.18999999999999997,5.935,-0.4916666666666667,0.6000345140984809
turbine_2,2026-01-03 00:00:00+00:00,24,0.7724760149025475,0.7724760149025475,False,False,0.7521581836327346,9.54,-1.0,2026-01-02 19:00:00+00:00,5.0,2026-01-02 22:00:00,2026-01-03T00:00:00+05:00,b3cb74d1b3050322bc965894ca9596449c8a5fc36a0f927d3bd2d51968483a2f,gfs_seamless,False,0.25166666666666665,6.708333333333333,-0.815,0.5208093482358809
turbine_2,2026-01-03 01:00:00+00:00,24,0.7069628809796247,0.7069628809796247,False,False,0.6747792022792023,9.3,-1.1,2026-01-02 19:00:00+00:00,6.0,2026-01-02 22:00:00,2026-01-03T00:00:00+05:00,b3cb74d1b3050322bc965894ca9596449c8a5fc36a0f927d3bd2d51968483a2f,gfs_seamless,False,0.14666666666666667,5.863333333333333,-1.445,0.560296214312958
turbine_2,2026-01-03 02:00:00+00:00,24,0.7913974300190412,0.7913974300190412,False,False,0.7521581836327346,9.66,-1.1,2026-01-02 19:00:00+00:00,7.0,2026-01-02 22:00:00,2026-01-03T00:00:00+05:00,b3cb74d1b3050322bc965894ca9596449c8a5fc36a0f927d3bd2d51968483a2f,gfs_seamless,False,0.26,6.601666666666667,-0.9333333333333332,0.5313974300190412
turbine_2,2026-01-03 03:00:00+00:00,24,0.7959058595131174,0.7959058595131174,False,False,0.7521581836327346,9.88,-0.6,2026-01-02 19:00:00+00:00,8.0,2026-01-02 22:00:00,2026-01-03T00:00:00+05:00,b3cb74d1b3050322bc965894ca9596449c8a5fc36a0f927d3bd2d51968483a2f,gfs_seamless,False,0.22,6.2250000000000005,-1.765,0.5759058595131175
turbine_2,2026-01-03 04:00:00+00:00,24,0.784287771143096,0.784287771143096,False,False,0.7521581836327346,9.84,1.5,2026-01-02 19:00:00+00:00,9.0,2026-01-02 22:00:00,2026-01-03T00:00:00+05:00,b3cb74d1b3050322bc965894ca9596449c8a5fc36a0f927d3bd2d51968483a2f,gfs_seamless,False,0.11833333333333333,5.288333333333333,-0.9933333333333333,0.6659544378097627
turbine_2,2026-01-03 05:00:00+00:00,24,0.8635648264443981,0.8635648264443981,False,False,0.8243118427069044,10.24,3.7,2026-01-02 19:00:00+00:00,10.0,2026-01-02 22:00:00,2026-01-03T00:00:00+05:00,b3cb74d1b3050322bc965894ca9596449c8a5fc36a0f927d3bd2d51968483a2f,gfs_seamless,False,0.135,5.391666666666667,-1.03,0.7285648264443981
turbine_2,2026-01-03 06:00:00+00:00,24,0.9049068140723425,0.9049068140723425,False,False,0.8845220436753194,10.65,5.2,2026-01-02 19:00:00+00:00,11.0,2026-01-02 22:00:00,2026-01-03T00:00:00+05:00,b3cb74d1b3050322bc965894ca9596449c8a5fc36a0f927d3bd2d51968483a2f,gfs_seamless,False,0.06666666666666667,4.691666666666666,0.375,0.8382401474056759
turbine_2,2026-01-03 07:00:00+00:00,24,0.9406711843546429,0.9406711843546429,False,False,0.925302677532014,11.03,6.4,2026-01-02 19:00:00+00:00,12.0,2026-01-02 22:00:00,2026-01-03T00:00:00+05:00,b3cb74d1b3050322bc965894ca9596449c8a5fc36a0f927d3bd2d51968483a2f,gfs_seamless,False,0.14333333333333334,5.603333333333333,2.9266666666666663,0.7973378510213096
turbine_2,2026-01-03 08:00:00+00:00,24,0.9070358175917744,0.9070358175917744,False,False,0.8845220436753194,10.7,7.3,2026-01-02 19:00:00+00:00,13.0,2026-01-02 22:00:00,2026-01-03T00:00:00+05:00,b3cb74d1b3050322bc965894ca9596449c8a5fc36a0f927d3bd2d51968483a2f,gfs_seamless,False,0.16166666666666665,5.78,4.523333333333333,0.7453691509251078
turbine_2,2026-01-03 09:00:00+00:00,24,0.8963737097867555,0.8963737097867555,False,False,0.8845220436753194,10.56,7.5,2026-01-02 19:00:00+00:00,14.0,2026-01-02 22:00:00,2026-01-03T00:00:00+05:00,b3cb74d1b3050322bc965894ca9596449c8a5fc36a0f927d3bd2d51968483a2f,gfs_seamless,False,0.15833333333333333,5.873333333333334,5.763333333333333,0.7380403764534221
turbine_2,2026-01-03 10:00:00+00:00,24,0.9406711843546429,0.9406711843546429,False,False,0.925302677532014,11.05,6.4,2026-01-02 19:00:00+00:00,15.0,2026-01-02 22:00:00,2026-01-03T00:00:00+05:00,b3cb74d1b3050322bc965894ca9596449c8a5fc36a0f927d3bd2d51968483a2f,gfs_seamless,False,0.19666666666666666,6.073333333333333,6.196666666666666,0.7440045176879763
turbine_2,2026-01-03 11:00:00+00:00,24,0.9690042331440772,0.9690042331440772,False,False,0.9520113438045376,11.85,4.5,2026-01-02 19:00:00+00:00,16.0,2026-01-02 22:00:00,2026-01-03T00:00:00+05:00,b3cb74d1b3050322bc965894ca9596449c8a5fc36a0f927d3bd2d51968483a2f,gfs_seamless,False,0.20666666666666667,6.206666666666667,5.565,0.7623375664774106
turbine_2,2026-01-03 12:00:00+00:00,24,0.909376717644188,0.909376717644188,False,False,0.8845220436753194,10.67,3.0,2026-01-02 19:00:00+00:00,17.0,2026-01-02 22:00:00,2026-01-03T00:00:00+05:00,b3cb74d1b3050322bc965894ca9596449c8a5fc36a0f927d3bd2d51968483a2f,gfs_seamless,False,0.2783333333333333,6.468333333333334,3.965,0.6310433843108547
turbine_2,2026-01-03 13:00:00+00:00,24,0.9441945031723972,0.9441945031723972,False,False,0.925302677532014,11.0,2.4,2026-01-02 19:00:00+00:00,18.0,2026-01-02 22:00:00,2026-01-03T00:00:00+05:00,b3cb74d1b3050322bc965894ca9596449c8a5fc36a0f927d3bd2d51968483a2f,gfs_seamless,False,0.5066666666666667,7.73,3.106666666666667,0.43752783650573046
turbine_2,2026-01-03 14:00:00+00:00,24,0.8756789044886591,0.8756789044886591,False,False,0.8243118427069044,10.42,2.1,2026-01-02 19:00:00+00:00,19.0,2026-01-02 22:00:00,2026-01-03T00:00:00+05:00,b3cb74d1b3050322bc965894ca9596449c8a5fc36a0f927d3bd2d51968483a2f,gfs_seamless,False,0.245,6.2683333333333335,2.361666666666667,0.6306789044886592
turbine_2,2026-01-03 15:00:00+00:00,24,0.8692540544236463,0.8692540544236463,False,False,0.8243118427069044,10.47,1.8,2026-01-02 19:00:00+00:00,20.0,2026-01-02 22:00:00,2026-01-03T00:00:00+05:00,b3cb74d1b3050322bc965894ca9596449c8a5fc36a0f927d3bd2d51968483a2f,gfs_seamless,False,0.48833333333333334,7.47,2.2733333333333334,0.380920721090313
turbine_2,2026-01-03 16:00:00+00:00,24,0.871092814735793,0.871092814735793,False,False,0.8243118427069044,10.43,1.8,2026-01-02 19:00:00+00:00,21.0,2026-01-02 22:00:00,2026-01-03T00:00:00+05:00,b3cb74d1b3050322bc965894ca9596449c8a5fc36a0f927d3bd2d51968483a2f,gfs_seamless,False,0.285,6.588333333333334,1.8150000000000002,0.5860928147357931
turbine_2,2026-01-03 17:00:00+00:00,24,0.8215432376867915,0.8215432376867915,False,False,0.7521581836327346,9.97,2.1,2026-01-02 19:00:00+00:00,22.0,2026-01-02 22:00:00,2026-01-03T00:00:00+05:00,b3cb74d1b3050322bc965894ca9596449c8a5fc36a0f927d3bd2d51968483a2f,gfs_seamless,False,0.15833333333333335,5.668333333333333,1.16,0.6632099043534582
turbine_2,2026-01-03 18:00:00+00:00,24,0.8142339820632515,0.8142339820632515,False,False,0.7521581836327346,9.98,1.6,2026-01-02 19:00:00+00:00,23.0,2026-01-02 22:00:00,2026-01-03T00:00:00+05:00,b3cb74d1b3050322bc965894ca9596449c8a5fc36a0f927d3bd2d51968483a2f,gfs_seamless,False,0.265,6.463333333333334,0.9383333333333334,0.5492339820632515
turbine_2,2026-01-03 19:00:00+00:00,24,0.7340830260409913,0.7340830260409913,False,False,0.6747792022792023,9.48,1.2,2026-01-02 19:00:00+00:00,24.0,2026-01-02 22:00:00,2026-01-03T00:00:00+05:00,b3cb74d1b3050322bc965894ca9596449c8a5fc36a0f927d3bd2d51968483a2f,gfs_seamless,False,0.18333333333333335,5.831666666666667,0.075,0.550749692707658
turbine_2,2026-01-03 20:00:00+00:00,48,0.9450217062544044,0.9450217062544044,False,False,0.925302677532014,11.03,1.8,2026-01-02 19:00:00+00:00,25.0,2026-01-02 22:00:00,2026-01-03T00:00:00+05:00,b3cb74d1b3050322bc965894ca9596449c8a5fc36a0f927d3bd2d51968483a2f,gfs_seamless,False,0.26666666666666666,6.528333333333333,-0.9700000000000001,0.6783550395877378
turbine_2,2026-01-03 21:00:00+00:00,48,0.9450217062544044,0.9450217062544044,False,False,0.925302677532014,11.05,1.8,2026-01-02 19:00:00+00:00,26.0,2026-01-02 22:00:00,2026-01-03T00:00:00+05:00,b3cb74d1b3050322bc965894ca9596449c8a5fc36a0f927d3bd2d51968483a2f,gfs_seamless,False,0.18999999999999997,5.476666666666667,-0.5766666666666667,0.7550217062544045
turbine_2,2026-01-03 22:00:00+00:00,48,0.9725842478581113,0.9725842478581113,False,False,0.9520113438045376,11.61,1.4,2026-01-02 19:00:00+00:00,27.0,2026-01-02 22:00:00,2026-01-03T00:00:00+05:00,b3cb74d1b3050322bc965894ca9596449c8a5fc36a0f927d3bd2d51968483a2f,gfs_seamless,False,0.16833333333333333,5.86,-1.405,0.8042509145247779
turbine_2,2026-01-03 23:00:00+00:00,48,0.9617880883696729,0.9617880883696729,False,False,0.925302677532014,11.41,1.1,2026-01-02 19:00:00+00:00,28.0,2026-01-02 22:00:00,2026-01-03T00:00:00+05:00,b3cb74d1b3050322bc965894ca9596449c8a5fc36a0f927d3bd2d51968483a2f,gfs_seamless,False,0.23333333333333336,6.38,-1.9416666666666664,0.7284547550363395
turbine_2,2026-01-04 00:00:00+00:00,48,0.9760073583670942,0.9760073583670942,False,False,0.9571070811744387,12.27,0.5,2026-01-02 19:00:00+00:00,29.0,2026-01-02 22:00:00,2026-01-03T00:00:00+05:00,b3cb74d1b3050322bc965894ca9596449c8a5fc36a0f927d3bd2d51968483a2f,gfs_seamless,False,0.2283333333333333,6.109999999999999,-1.4633333333333332,0.7476740250337609
turbine_2,2026-01-04 01:00:00+00:00,48,0.9713744641080214,0.9713744641080214,False,False,0.9520113438045376,11.9,0.5,2026-01-02 19:00:00+00:00,30.0,2026-01-02 22:00:00,2026-01-03T00:00:00+05:00,b3cb74d1b3050322bc965894ca9596449c8a5fc36a0f927d3bd2d51968483a2f,gfs_seamless,False,0.37000000000000005,7.376666666666666,-0.9899999999999999,0.6013744641080214
turbine_2,2026-01-04 02:00:00+00:00,48,0.9769653381954958,0.9769653381954958,False,False,0.9520113438045376,11.55,0.0,2026-01-02 19:00:00+00:00,31.0,2026-01-02 22:00:00,2026-01-03T00:00:00+05:00,b3cb74d1b3050322bc965894ca9596449c8a5fc36a0f927d3bd2d51968483a2f,gfs_seamless,False,0.295,6.706666666666667,-1.2766666666666666,0.6819653381954958
turbine_2,2026-01-04 03:00:00+00:00,48,0.9316297400884785,0.9316297400884785,False,False,0.8845220436753194,10.87,0.3,2026-01-02 19:00:00+00:00,32.0,2026-01-02 22:00:00,2026-01-03T00:00:00+05:00,b3cb74d1b3050322bc965894ca9596449c8a5fc36a0f927d3bd2d51968483a2f,gfs_seamless,False,0.41,7.2683333333333335,-0.9916666666666667,0.5216297400884786
turbine_2,2026-01-04 04:00:00+00:00,48,0.605401946228401,0.605401946228401,False,False,0.6153620218579234,8.63,1.9,2026-01-02 19:00:00+00:00,33.0,2026-01-02 22:00:00,2026-01-03T00:00:00+05:00,b3cb74d1b3050322bc965894ca9596449c8a5fc36a0f927d3bd2d51968483a2f,gfs_seamless,False,0.04833333333333333,3.658333333333333,0.25,0.5570686128950677
turbine_2,2026-01-04 05:00:00+00:00,48,0.2851896355732249,0.2851896355732249,False,False,0.3145419277827514,6.67,2.6,2026-01-02 19:00:00+00:00,34.0,2026-01-02 22:00:00,2026-01-03T00:00:00+05:00,b3cb74d1b3050322bc965894ca9596449c8a5fc36a0f927d3bd2d51968483a2f,gfs_seamless,False,0.07666666666666667,4.721666666666667,1.3933333333333333,0.20852296890655825
turbine_2,2026-01-04 06:00:00+00:00,48,0.0879131172189762,0.0879131172189762,False,False,0.1067025593008739,4.83,3.9,2026-01-02 19:00:00+00:00,35.0,2026-01-02 22:00:00,2026-01-03T00:00:00+05:00,b3cb74d1b3050322bc965894ca9596449c8a5fc36a0f927d3bd2d51968483a2f,gfs_seamless,False,0.06833333333333333,4.6466666666666665,1.2266666666666668,0.019579783885642868
turbine_2,2026-01-04 07:00:00+00:00,48,0.01710726092194999,0.01710726092194999,False,False,0.02421223354958295,2.9,5.0,2026-01-02 19:00:00+00:00,36.0,2026-01-02 22:00:00,2026-01-03T00:00:00+05:00,b3cb74d1b3050322bc965894ca9596449c8a5fc36a0f927d3bd2d51968483a2f,gfs_seamless,False,0.01,1.875,4.4783333333333335,0.007107260921949991
turbine_2,2026-01-04 08:00:00+00:00,48,0.0097455239969403,0.0097455239969403,False,False,0.010140415140415141,1.55,6.0,2026-01-02 19:00:00+00:00,37.0,2026-01-02 22:00:00,2026-01-03T00:00:00+05:00,b3cb74d1b3050322bc965894ca9596449c8a5fc36a0f927d3bd2d51968483a2f,gfs_seamless,False,0.01,0.7516666666666666,6.963333333333334,0.00025447600305970007
turbine_2,2026-01-04 09:00:00+00:00,48,0.009788551814925847,0.009788551814925847,False,False,0.009929356357927787,0.67,6.2,2026-01-02 19:00:00+00:00,38.0,2026-01-02 22:00:00,2026-01-03T00:00:00+05:00,b3cb74d1b3050322bc965894ca9596449c8a5fc36a0f927d3bd2d51968483a2f,gfs_seamless,False,0.01,1.3716666666666668,6.966666666666666,0.00021144818507415342
turbine_2,2026-01-04 10:00:00+00:00,48,0.016135830313472554,0.016135830313472554,False,False,0.02421223354958295,2.69,5.9,2026-01-02 19:00:00+00:00,39.0,2026-01-02 22:00:00,2026-01-03T00:00:00+05:00,b3cb74d1b3050322bc965894ca9596449c8a5fc36a0f927d3bd2d51968483a2f,gfs_seamless,False,0.03166666666666667,4.091666666666667,6.185,0.015530836353194116
turbine_2,2026-01-04 11:00:00+00:00,48,0.017803191648870682,0.017803191648870682,False,False,0.03753750815394651,3.26,4.5,2026-01-02 19:00:00+00:00,40.0,2026-01-02 22:00:00,2026-01-03T00:00:00+05:00,b3cb74d1b3050322bc965894ca9596449c8a5fc36a0f927d3bd2d51968483a2f,gfs_seamless,False,0.265,6.276666666666666,4.951666666666667,0.24719680835112934
turbine_2,2026-01-04 12:00:00+00:00,48,0.08550057123045812,0.08550057123045812,False,False,0.1067025593008739,4.87,3.2,2026-01-02 19:00:00+00:00,41.0,2026-01-02 22:00:00,2026-01-03T00:00:00+05:00,b3cb74d1b3050322bc965894ca9596449c8a5fc36a0f927d3bd2d51968483a2f,gfs_seamless,False,0.5816666666666667,8.446666666666667,4.216666666666667,0.49616609543620854
turbine_2,2026-01-04 13:00:00+00:00,48,0.2747865678769806,0.2747865678769806,False,False,0.3145419277827514,6.57,3.0,2026-01-02 19:00:00+00:00,42.0,2026-01-02 22:00:00,2026-01-03T00:00:00+05:00,b3cb74d1b3050322bc965894ca9596449c8a5fc36a0f927d3bd2d51968483a2f,gfs_seamless,False,0.62,8.603333333333333,5.166666666666667,0.3452134321230194
turbine_2,2026-01-04 14:00:00+00:00,48,0.4250651640540124,0.4250651640540124,False,False,0.4598233404710921,7.65,2.9,2026-01-02 19:00:00+00:00,43.0,2026-01-02 22:00:00,2026-01-03T00:00:00+05:00,b3cb74d1b3050322bc965894ca9596449c8a5fc36a0f927d3bd2d51968483a2f,gfs_seamless,False,0.6566666666666666,8.868333333333334,5.153333333333333,0.23160150261265422
turbine_2,2026-01-04 15:00:00+00:00,48,0.4670235163364712,0.4670235163364712,False,False,0.4598233404710921,7.79,2.5,2026-01-02 19:00:00+00:00,44.0,2026-01-02 22:00:00,2026-01-03T00:00:00+05:00,b3cb74d1b3050322bc965894ca9596449c8a5fc36a0f927d3bd2d51968483a2f,gfs_seamless,False,0.48666666666666664,7.831666666666667,5.738333333333333,0.019643150330195425
turbine_2,2026-01-04 16:00:00+00:00,48,0.5762098252316258,0.5762098252316258,False,False,0.5338825995807128,8.32,2.1,2026-01-02 19:00:00+00:00,45.0,2026-01-02 22:00:00,2026-01-03T00:00:00+05:00,b3cb74d1b3050322bc965894ca9596449c8a5fc36a0f927d3bd2d51968483a2f,gfs_seamless,False,0.3466666666666667,6.988333333333333,5.413333333333333,0.2295431585649591
turbine_2,2026-01-04 17:00:00+00:00,48,0.6388690727463818,0.6388690727463818,False,False,0.6153620218579234,8.81,1.4,2026-01-02 19:00:00+00:00,46.0,2026-01-02 22:00:00,2026-01-03T00:00:00+05:00,b3cb74d1b3050322bc965894ca9596449c8a5fc36a0f927d3bd2d51968483a2f,gfs_seamless,False,0.48500000000000004,7.781666666666666,4.7299999999999995,0.15386907274638179
turbine_2,2026-01-04 18:00:00+00:00,48,0.5116121343463235,0.5116121343463235,False,False,0.4598233404710921,7.96,1.1,2026-01-02 19:00:00+00:00,47.0,2026-01-02 22:00:00,2026-01-03T00:00:00+05:00,b3cb74d1b3050322bc965894ca9596449c8a5fc36a0f927d3bd2d51968483a2f,gfs_seamless,False,0.8316666666666667,9.953333333333333,4.7283333333333335,0.3200545323203432
turbine_2,2026-01-04 19:00:00+00:00,48,0.35840328131757926,0.35840328131757926,False,False,0.3887532552083333,7.2,1.1,2026-01-02 19:00:00+00:00,48.0,2026-01-02 22:00:00,2026-01-03T00:00:00+05:00,b3cb74d1b3050322bc965894ca9596449c8a5fc36a0f927d3bd2d51968483a2f,gfs_seamless,False,0.27666666666666667,6.420000000000001,4.493333333333333,0.08173661465091259
turbine_1,2026-01-03 20:00:00+00:00,24,0.7313375766965744,0.7313375766965744,False,False,0.694662638469285,9.32,0.7,2026-01-03 19:00:00+00:00,1.0,2026-01-03 22:00:00,2026-01-04T00:00:00+05:00,ab5a78a565114a0bebe4189c1cc075f30a4ebc4a0183bc428de7c7b0c19c736e,gfs_seamless,False,0.2866666666666667,6.461666666666666,-0.8583333333333334,0.4446709100299077
turbine_1,2026-01-03 21:00:00+00:00,24,0.7846463866482453,0.7846463866482453,False,False,0.694662638469285,9.48,0.4,2026-01-03 19:00:00+00:00,2.0,2026-01-03 22:00:00,2026-01-04T00:00:00+05:00,ab5a78a565114a0bebe4189c1cc075f30a4ebc4a0183bc428de7c7b0c19c736e,gfs_seamless,False,0.28,6.010000000000001,-0.4083333333333334,0.5046463866482452
turbine_1,2026-01-03 22:00:00+00:00,24,0.810949117089409,0.810949117089409,False,False,0.763795746785361,9.7,0.4,2026-01-03 19:00:00+00:00,3.0,2026-01-03 22:00:00,2026-01-04T00:00:00+05:00,ab5a78a565114a0bebe4189c1cc075f30a4ebc4a0183bc428de7c7b0c19c736e,gfs_seamless,False,0.19000000000000003,5.913333333333333,-1.4233333333333331,0.6209491170894089
turbine_1,2026-01-03 23:00:00+00:00,24,0.84400461826885,0.84400461826885,False,False,0.763795746785361,9.97,0.2,2026-01-03 19:00:00+00:00,4.0,2026-01-03 22:00:00,2026-01-04T00:00:00+05:00,ab5a78a565114a0bebe4189c1cc075f30a4ebc4a0183bc428de7c7b0c19c736e,gfs_seamless,False,0.2733333333333334,6.396666666666667,-1.6633333333333333,0.5706712849355167
turbine_1,2026-01-04 00:00:00+00:00,24,0.8595188727647409,0.8595188727647409,False,False,0.8298972296693476,10.06,-0.5,2026-01-03 19:00:00+00:00,5.0,2026-01-03 22:00:00,2026-01-04T00:00:00+05:00,ab5a78a565114a0bebe4189c1cc075f30a4ebc4a0183bc428de7c7b0c19c736e,gfs_seamless,False,0.26666666666666666,6.206666666666667,-1.1466666666666667,0.5928522060980743
turbine_1,2026-01-04 01:00:00+00:00,24,0.8796648032033509,0.8796648032033509,False,False,0.8298972296693476,10.2,-0.8,2026-01-03 19:00:00+00:00,6.0,2026-01-03 22:00:00,2026-01-04T00:00:00+05:00,ab5a78a565114a0bebe4189c1cc075f30a4ebc4a0183bc428de7c7b0c19c736e,gfs_seamless,False,0.39166666666666666,7.329999999999999,-0.7316666666666666,0.4879981365366843
turbine_1,2026-01-04 02:00:00+00:00,24,0.7838400317607622,0.7838400317607622,False,False,0.763795746785361,9.53,-1.4,2026-01-03 19:00:00+00:00,7.0,2026-01-03 22:00:00,2026-01-04T00:00:00+05:00,ab5a78a565114a0bebe4189c1cc075f30a4ebc4a0183bc428de7c7b0c19c736e,gfs_seamless,False,0.30833333333333335,6.635000000000001,-0.8666666666666667,0.4755066984274289
turbine_1,2026-01-04 03:00:00+00:00,24,0.634261094517043,0.634261094517043,False,False,0.626218611521418,8.62,-0.9,2026-01-03 19:00:00+00:00,8.0,2026-01-03 22:00:00,2026-01-04T00:00:00+05:00,ab5a78a565114a0bebe4189c1cc075f30a4ebc4a0183bc428de7c7b0c19c736e,gfs_seamless,False,0.5016666666666666,7.698333333333333,-0.8450000000000001,0.13259442785037645
turbine_1,2026-01-04 04:00:00+00:00,24,0.3027325967348288,0.3027325967348288,False,False,0.3256602622750839,6.6,1.1,2026-01-03 19:00:00+00:00,9.0,2026-01-03 22:00:00,2026-01-04T00:00:00+05:00,ab5a78a565114a0bebe4189c1cc075f30a4ebc4a0183bc428de7c7b0c19c736e,gfs_seamless,False,0.07166666666666667,3.73,0.4566666666666667,0.23106593006816212
turbine_1,2026-01-04 05:00:00+00:00,24,0.10488938553465851,0.10488938553465851,False,False,0.15009268136784917,5.04,2.7,2026-01-03 19:00:00+00:00,10.0,2026-01-03 22:00:00,2026-01-04T00:00:00+05:00,ab5a78a565114a0bebe4189c1cc075f30a4ebc4a0183bc428de7c7b0c19c736e,gfs_seamless,False,0.07166666666666667,4.288333333333333,1.5233333333333334,0.03322271886799184
turbine_1,2026-01-04 06:00:00+00:00,24,0.08605499029812619,0.08605499029812619,False,False,0.11295850066934406,4.69,3.9,2026-01-03 19:00:00+00:00,11.0,2026-01-03 22:00:00,2026-01-04T00:00:00+05:00,ab5a78a565114a0bebe4189c1cc075f30a4ebc4a0183bc428de7c7b0c19c736e,gfs_seamless,False,0.07333333333333333,4.626666666666667,1.3383333333333332,0.012721656964792855
turbine_1,2026-01-04 07:00:00+00:00,24,0.03266891331674165,0.03266891331674165,False,False,0.0586927374301676,3.71,4.7,2026-01-03 19:00:00+00:00,12.0,2026-01-03 22:00:00,2026-01-04T00:00:00+05:00,ab5a78a565114a0bebe4189c1cc075f30a4ebc4a0183bc428de7c7b0c19c736e,gfs_seamless,False,0.01,1.9816666666666667,4.456666666666667,0.022668913316741646
turbine_1,2026-01-04 08:00:00+00:00,24,0.012885712562540843,0.012885712562540843,False,False,0.016143033673154155,2.24,5.5,2026-01-03 19:00:00+00:00,13.0,2026-01-03 22:00:00,2026-01-04T00:00:00+05:00,ab5a78a565114a0bebe4189c1cc075f30a4ebc4a0183bc428de7c7b0c19c736e,gfs_seamless,False,0.01,0.71,7.1433333333333335,0.0028857125625408424
turbine_1,2026-01-04 09:00:00+00:00,24,0.010076134642787308,0.010076134642787308,False,False,0.009988662131519273,0.86,5.9,2026-01-03 19:00:00+00:00,14.0,2026-01-03 22:00:00,2026-01-04T00:00:00+05:00,ab5a78a565114a0bebe4189c1cc075f30a4ebc4a0183bc428de7c7b0c19c736e,gfs_seamless,False,0.01,1.4916666666666665,7.118333333333333,7.613464278730803e-05
turbine_1,2026-01-04 10:00:00+00:00,24,0.009989845805092852,0.009989845805092852,False,False,0.009956960522410211,1.33,5.3,2026-01-03 19:00:00+00:00,15.0,2026-01-03 22:00:00,2026-01-04T00:00:00+05:00,ab5a78a565114a0bebe4189c1cc075f30a4ebc4a0183bc428de7c7b0c19c736e,gfs_seamless,False,0.03333333333333333,3.966666666666667,6.37,0.023343487528240482
turbine_1,2026-01-04 11:00:00+00:00,24,0.011336324295611006,0.011336324295611006,False,False,0.016143033673154155,2.06,3.8,2026-01-03 19:00:00+00:00,16.0,2026-01-03 22:00:00,2026-01-04T00:00:00+05:00,ab5a78a565114a0bebe4189c1cc075f30a4ebc4a0183bc428de7c7b0c19c736e,gfs_seamless,False,0.25333333333333335,6.173333333333333,5.17,0.24199700903772234
turbine_1,2026-01-04 12:00:00+00:00,24,0.08715272365259155,0.08715272365259155,False,False,0.11295850066934406,4.81,2.8,2026-01-03 19:00:00+00:00,17.0,2026-01-03 22:00:00,2026-01-04T00:00:00+05:00,ab5a78a565114a0bebe4189c1cc075f30a4ebc4a0183bc428de7c7b0c19c736e,gfs_seamless,False,0.6166666666666666,8.555,4.381666666666667,0.5295139430140751
turbine_1,2026-01-04 13:00:00+00:00,24,0.2772566306699103,0.2772566306699103,False,False,0.25723262032085564,6.49,2.4,2026-01-03 19:00:00+00:00,18.0,2026-01-03 22:00:00,2026-01-04T00:00:00+05:00,ab5a78a565114a0bebe4189c1cc075f30a4ebc4a0183bc428de7c7b0c19c736e,gfs_seamless,False,0.6016666666666667,8.483333333333333,5.135,0.3244100359967564
turbine_1,2026-01-04 14:00:00+00:00,24,0.33405205378606073,0.33405205378606073,False,False,0.3256602622750839,6.8,2.6,2026-01-03 19:00:00+00:00,19.0,2026-01-03 22:00:00,2026-01-04T00:00:00+05:00,ab5a78a565114a0bebe4189c1cc075f30a4ebc4a0183bc428de7c7b0c19c736e,gfs_seamless,False,0.6366666666666667,8.615,5.1499999999999995,0.302614612880606
turbine_1,2026-01-04 15:00:00+00:00,24,0.33246422386722274,0.33246422386722274,False,False,0.3256602622750839,6.76,2.6,2026-01-03 19:00:00+00:00,20.0,2026-01-03 22:00:00,2026-01-04T00:00:00+05:00,ab5a78a565114a0bebe4189c1cc075f30a4ebc4a0183bc428de7c7b0c19c736e,gfs_seamless,False,0.47500000000000003,7.741666666666667,5.6499999999999995,0.1425357761327773
turbine_1,2026-01-04 16:00:00+00:00,24,0.3610242192943449,0.3610242192943449,False,False,0.3256602622750839,6.95,2.2,2026-01-03 19:00:00+00:00,21.0,2026-01-03 22:00:00,2026-01-04T00:00:00+05:00,ab5a78a565114a0bebe4189c1cc075f30a4ebc4a0183bc428de7c7b0c19c736e,gfs_seamless,False,0.3233333333333333,6.878333333333334,5.388333333333333,0.03769088596101161
turbine_1,2026-01-04 17:00:00+00:00,24,0.40629654347280664,0.40629654347280664,False,False,0.39882590439276483,7.24,1.6,2026-01-03 19:00:00+00:00,22.0,2026-01-03 22:00:00,2026-01-04T00:00:00+05:00,ab5a78a565114a0bebe4189c1cc075f30a4ebc4a0183bc428de7c7b0c19c736e,gfs_seamless,False,0.4683333333333333,7.651666666666666,4.776666666666666,0.06203678986052669
turbine_1,2026-01-04 18:00:00+00:00,24,0.2602346085344017,0.2602346085344017,False,False,0.25723262032085564,6.4,1.5,2026-01-03 19:00:00+00:00,23.0,2026-01-03 22:00:00,2026-01-04T00:00:00+05:00,ab5a78a565114a0bebe4189c1cc075f30a4ebc4a0183bc428de7c7b0c19c736e,gfs_seamless,False,0.7666666666666666,9.388333333333334,4.598333333333334,0.5064320581322649
turbine_1,2026-01-04 19:00:00+00:00,24,0.17458617199816337,0.17458617199816337,False,False,0.19654138513513514,5.82,1.2,2026-01-03 19:00:00+00:00,24.0,2026-01-03 22:00:00,2026-01-04T00:00:00+05:00,ab5a78a565114a0bebe4189c1cc075f30a4ebc4a0183bc428de7c7b0c19c736e,gfs_seamless,False,0.2866666666666667,6.41,4.335,0.11208049466850331
turbine_1,2026-01-04 20:00:00+00:00,48,0.3111736937782866,0.3111736937782866,False,False,0.3256602622750839,6.67,1.0,2026-01-03 19:00:00+00:00,25.0,2026-01-03 22:00:00,2026-01-04T00:00:00+05:00,ab5a78a565114a0bebe4189c1cc075f30a4ebc4a0183bc428de7c7b0c19c736e,gfs_seamless,False,0.32666666666666666,6.691666666666666,3.966666666666667,0.015492972888380085
turbine_1,2026-01-04 21:00:00+00:00,48,0.22513226572211362,0.22513226572211362,False,False,0.25723262032085564,6.17,1.1,2026-01-03 19:00:00+00:00,26.0,2026-01-03 22:00:00,2026-01-04T00:00:00+05:00,ab5a78a565114a0bebe4189c1cc075f30a4ebc4a0183bc428de7c7b0c19c736e,gfs_seamless,False,0.3416666666666666,6.718333333333334,3.283333333333333,0.116534400944553
turbine_1,2026-01-04 22:00:00+00:00,48,0.17489622055931567,0.17489622055931567,False,False,0.19654138513513514,5.87,1.3,2026-01-03 19:00:00+00:00,27.0,2026-01-03 22:00:00,2026-01-04T00:00:00+05:00,ab5a78a565114a0bebe4189c1cc075f30a4ebc4a0183bc428de7c7b0c19c736e,gfs_seamless,False,0.2783333333333334,6.38,3.1366666666666667,0.10343711277401771
turbine_1,2026-01-04 23:00:00+00:00,48,0.1438361774619343,0.1438361774619343,False,False,0.19654138513513514,5.6,0.7,2026-01-03 19:00:00+00:00,28.0,2026-01-03 22:00:00,2026-01-04T00:00:00+05:00,ab5a78a565114a0bebe4189c1cc075f30a4ebc4a0183bc428de7c7b0c19c736e,gfs_seamless,False,0.17,5.73,3.1833333333333336,0.026163822538065706
turbine_1,2026-01-05 00:00:00+00:00,48,0.05218052457171351,0.05218052457171351,False,False,0.08268498942917547,4.4,0.6,2026-01-03 19:00:00+00:00,29.0,2026-01-03 22:00:00,2026-01-04T00:00:00+05:00,ab5a78a565114a0bebe4189c1cc075f30a4ebc4a0183bc428de7c7b0c19c736e,gfs_seamless,False,0.12333333333333334,5.271666666666667,3.391666666666667,0.07115280876161983
turbine_1,2026-01-05 01:00:00+00:00,48,0.02278045122852873,0.02278045122852873,False,False,0.0586927374301676,3.56,0.8,2026-01-03 19:00:00+00:00,30.0,2026-01-03 22:00:00,2026-01-04T00:00:00+05:00,ab5a78a565114a0bebe4189c1cc075f30a4ebc4a0183bc428de7c7b0c19c736e,gfs_seamless,False,0.045000000000000005,3.7899999999999996,2.9466666666666668,0.022219548771471274
turbine_1,2026-01-05 02:00:00+00:00,48,0.009334365452545535,0.009334365452545535,False,False,0.009956960522410211,1.08,0.5,2026-01-03 19:00:00+00:00,31.0,2026-01-03 22:00:00,2026-01-04T00:00:00+05:00,ab5a78a565114a0bebe4189c1cc075f30a4ebc4a0183bc428de7c7b0c19c736e,gfs_seamless,False,0.01,1.8483333333333334,2.5066666666666664,0.0006656345474544655
turbine_1,2026-01-05 03:00:00+00:00,48,0.009334365452545535,0.009334365452545535,False,False,0.009988662131519273,0.81,0.7,2026-01-03 19:00:00+00:00,32.0,2026-01-03 22:00:00,2026-01-04T00:00:00+05:00,ab5a78a565114a0bebe4189c1cc075f30a4ebc4a0183bc428de7c7b0c19c736e,gfs_seamless,False,0.01,1.43,1.2266666666666668,0.0006656345474544655
turbine_1,2026-01-05 04:00:00+00:00,48,0.010061978863133165,0.010061978863133165,False,False,0.01104607250755287,1.8,1.0,2026-01-03 19:00:00+00:00,33.0,2026-01-03 22:00:00,2026-01-04T00:00:00+05:00,ab5a78a565114a0bebe4189c1cc075f30a4ebc4a0183bc428de7c7b0c19c736e,gfs_seamless,False,0.01,2.0316666666666667,1.6483333333333334,6.197886313316463e-05
turbine_1,2026-01-05 05:00:00+00:00,48,0.020044309596209172,0.020044309596209172,False,False,0.04060475161987041,3.0,1.2,2026-01-03 19:00:00+00:00,34.0,2026-01-03 22:00:00,2026-01-04T00:00:00+05:00,ab5a78a565114a0bebe4189c1cc075f30a4ebc4a0183bc428de7c7b0c19c736e,gfs_seamless,False,0.01,1.915,1.9433333333333334,0.010044309596209172
turbine_1,2026-01-05 06:00:00+00:00,48,0.012700151142704678,0.012700151142704678,False,False,0.016143033673154155,2.4,1.6,2026-01-03 19:00:00+00:00,35.0,2026-01-03 22:00:00,2026-01-04T00:00:00+05:00,ab5a78a565114a0bebe4189c1cc075f30a4ebc4a0183bc428de7c7b0c19c736e,gfs_seamless,False,0.01,1.6383333333333334,2.1033333333333335,0.0027001511427046775
turbine_1,2026-01-05 07:00:00+00:00,48,0.020075005011273014,0.020075005011273014,False,False,0.04060475161987041,3.08,1.6,2026-01-03 19:00:00+00:00,36.0,2026-01-03 22:00:00,2026-01-04T00:00:00+05:00,ab5a78a565114a0bebe4189c1cc075f30a4ebc4a0183bc428de7c7b0c19c736e,gfs_seamless,False,0.018333333333333333,2.91,1.7916666666666667,0.0017416716779396803
turbine_1,2026-01-05 08:00:00+00:00,48,0.02246339298063594,0.02246339298063594,False,False,0.04060475161987041,3.2,1.4,2026-01-03 19:00:00+00:00,37.0,2026-01-03 22:00:00,2026-01-04T00:00:00+05:00,ab5a78a565114a0bebe4189c1cc075f30a4ebc4a0183bc428de7c7b0c19c736e,gfs_seamless,False,0.03166666666666667,4.075,1.9083333333333332,0.00920327368603073
turbine_1,2026-01-05 09:00:00+00:00,48,0.016798672871494173,0.016798672871494173,False,False,0.025527638190954775,2.81,1.7,2026-01-03 19:00:00+00:00,38.0,2026-01-03 22:00:00,2026-01-04T00:00:00+05:00,ab5a78a565114a0bebe4189c1cc075f30a4ebc4a0183bc428de7c7b0c19c736e,gfs_seamless,False,0.01,2.856666666666667,2.1883333333333335,0.006798672871494172
turbine_1,2026-01-05 10:00:00+00:00,48,0.012563642425487282,0.012563642425487282,False,False,0.016143033673154155,2.4,2.2,2026-01-03 19:00:00+00:00,39.0,2026-01-03 22:00:00,2026-01-04T00:00:00+05:00,ab5a78a565114a0bebe4189c1cc075f30a4ebc4a0183bc428de7c7b0c19c736e,gfs_seamless,False,0.01,2.4916666666666667,2.558333333333333,0.0025636424254872822
turbine_1,2026-01-05 11:00:00+00:00,48,0.012437596232692803,0.012437596232692803,False,False,0.016143033673154155,2.3,2.3,2026-01-03 19:00:00+00:00,40.0,2026-01-03 22:00:00,2026-01-04T00:00:00+05:00,ab5a78a565114a0bebe4189c1cc075f30a4ebc4a0183bc428de7c7b0c19c736e,gfs_seamless,False,0.02,3.39,2.545,0.0075624037673071975
turbine_1,2026-01-05 12:00:00+00:00,48,0.026843948264064558,0.026843948264064558,False,False,0.0586927374301676,3.64,1.3,2026-01-03 19:00:00+00:00,41.0,2026-01-03 22:00:00,2026-01-04T00:00:00+05:00,ab5a78a565114a0bebe4189c1cc075f30a4ebc4a0183bc428de7c7b0c19c736e,gfs_seamless,False,0.03666666666666667,4.111666666666667,1.7433333333333334,0.009822718402602109
turbine_1,2026-01-05 13:00:00+00:00,48,0.09769722532044367,0.09769722532044367,False,False,0.15009268136784917,5.0,1.2,2026-01-03 19:00:00+00:00,42.0,2026-01-03 22:00:00,2026-01-04T00:00:00+05:00,ab5a78a565114a0bebe4189c1cc075f30a4ebc4a0183bc428de7c7b0c19c736e,gfs_seamless,False,0.06833333333333334,4.68,1.4033333333333333,0.029363891987110327
turbine_1,2026-01-05 14:00:00+00:00,48,0.259256864848563,0.259256864848563,False,False,0.25723262032085564,6.31,0.8,2026-01-03 19:00:00+00:00,43.0,2026-01-03 22:00:00,2026-01-04T00:00:00+05:00,ab5a78a565114a0bebe4189c1cc075f30a4ebc4a0183bc428de7c7b0c19c736e,gfs_seamless,False,0.08333333333333333,4.755,1.17,0.17592353151522966
turbine_1,2026-01-05 15:00:00+00:00,48,0.40919539857008586,0.40919539857008586,False,False,0.39882590439276483,7.25,0.6,2026-01-03 19:00:00+00:00,44.0,2026-01-03 22:00:00,2026-01-04T00:00:00+05:00,ab5a78a565114a0bebe4189c1cc075f30a4ebc4a0183bc428de7c7b0c19c736e,gfs_seamless,False,0.13166666666666668,5.2283333333333335,1.2916666666666667,0.2775287319034192
turbine_1,2026-01-05 16:00:00+00:00,48,0.5711959014454581,0.5711959014454581,False,False,0.5473273453093812,8.18,-0.0,2026-01-03 19:00:00+00:00,45.0,2026-01-03 22:00:00,2026-01-04T00:00:00+05:00,ab5a78a565114a0bebe4189c1cc075f30a4ebc4a0183bc428de7c7b0c19c736e,gfs_seamless,False,0.18833333333333332,5.8183333333333325,0.9166666666666666,0.3828625681121247
turbine_1,2026-01-05 17:00:00+00:00,48,0.6994572707657102,0.6994572707657102,False,False,0.694662638469285,9.08,-0.7,2026-01-03 19:00:00+00:00,46.0,2026-01-03 22:00:00,2026-01-04T00:00:00+05:00,ab5a78a565114a0bebe4189c1cc075f30a4ebc4a0183bc428de7c7b0c19c736e,gfs_seamless,False,0.37666666666666665,6.82,0.2683333333333333,0.32279060409904353
turbine_1,2026-01-05 18:00:00+00:00,48,0.8348317671718948,0.8348317671718948,False,False,0.8298972296693476,10.03,-0.6,2026-01-03 19:00:00+00:00,47.0,2026-01-03 22:00:00,2026-01-04T00:00:00+05:00,ab5a78a565114a0bebe4189c1cc075f30a4ebc4a0183bc428de7c7b0c19c736e,gfs_seamless,False,0.4216666666666667,7.151666666666667,0.3833333333333333,0.4131651005052281
turbine_1,2026-01-05 19:00:00+00:00,48,0.8765024704267071,0.8765024704267071,False,False,0.8298972296693476,10.33,-0.7,2026-01-03 19:00:00+00:00,48.0,2026-01-03 22:00:00,2026-01-04T00:00:00+05:00,ab5a78a565114a0bebe4189c1cc075f30a4ebc4a0183bc428de7c7b0c19c736e,gfs_seamless,False,0.375,6.8950000000000005,0.5616666666666666,0.5015024704267071
turbine_2,2026-01-03 20:00:00+00:00,24,0.7070527680926395,0.7070527680926395,False,False,0.6747792022792023,9.32,0.7,2026-01-03 19:00:00+00:00,1.0,2026-01-03 22:00:00,2026-01-04T00:00:00+05:00,73d116a5ee5ecc1934a2031f53627ba94d7db23a69d6fb6c4eb3708013ad106d,gfs_seamless,False,0.26666666666666666,6.528333333333333,-0.9700000000000001,0.44038610142597284
turbine_2,2026-01-03 21:00:00+00:00,24,0.7414935707149951,0.7414935707149951,False,False,0.6747792022792023,9.48,0.4,2026-01-03 19:00:00+00:00,2.0,2026-01-03 22:00:00,2026-01-04T00:00:00+05:00,73d116a5ee5ecc1934a2031f53627ba94d7db23a69d6fb6c4eb3708013ad106d,gfs_seamless,False,0.18999999999999997,5.476666666666667,-0.5766666666666667,0.5514935707149952
turbine_2,2026-01-03 22:00:00+00:00,24,0.7848982006167079,0.7848982006167079,False,False,0.7521581836327346,9.7,0.4,2026-01-03 19:00:00+00:00,3.0,2026-01-03 22:00:00,2026-01-04T00:00:00+05:00,73d116a5ee5ecc1934a2031f53627ba94d7db23a69d6fb6c4eb3708013ad106d,gfs_seamless,False,0.16833333333333333,5.86,-1.405,0.6165648672833746
turbine_2,2026-01-03 23:00:00+00:00,24,0.830636238696545,0.830636238696545,False,False,0.7521581836327346,9.97,0.2,2026-01-03 19:00:00+00:00,4.0,2026-01-03 22:00:00,2026-01-04T00:00:00+05:00,73d116a5ee5ecc1934a2031f53627ba94d7db23a69d6fb6c4eb3708013ad106d,gfs_seamless,False,0.23333333333333336,6.38,-1.9416666666666664,0.5973029053632116
turbine_2,2026-01-04 00:00:00+00:00,24,0.8298838283511,0.8298838283511,False,False,0.8243118427069044,10.06,-0.5,2026-01-03 19:00:00+00:00,5.0,2026-01-03 22:00:00,2026-01-04T00:00:00+05:00,73d116a5ee5ecc1934a2031f53627ba94d7db23a69d6fb6c4eb3708013ad106d,gfs_seamless,False,0.2283333333333333,6.109999999999999,-1.4633333333333332,0.6015504950177667
turbine_2,2026-01-04 01:00:00+00:00,24,0.8518972855177743,0.8518972855177743,False,False,0.8243118427069044,10.2,-0.8,2026-01-03 19:00:00+00:00,6.0,2026-01-03 22:00:00,2026-01-04T00:00:00+05:00,73d116a5ee5ecc1934a2031f53627ba94d7db23a69d6fb6c4eb3708013ad106d,gfs_seamless,False,0.37000000000000005,7.376666666666666,-0.9899999999999999,0.4818972855177743
turbine_2,2026-01-04 02:00:00+00:00,24,0.7564510120816461,0.7564510120816461,False,False,0.7521581836327346,9.53,-1.4,2026-01-03 19:00:00+00:00,7.0,2026-01-03 22:00:00,2026-01-04T00:00:00+05:00,73d116a5ee5ecc1934a2031f53627ba94d7db23a69d6fb6c4eb3708013ad106d,gfs_seamless,False,0.295,6.706666666666667,-1.2766666666666666,0.46145101208164613
turbine_2,2026-01-04 03:00:00+00:00,24,0.5935961773876427,0.5935961773876427,False,False,0.6153620218579234,8.62,-0.9,2026-01-03 19:00:00+00:00,8.0,2026-01-03 22:00:00,2026-01-04T00:00:00+05:00,73d116a5ee5ecc1934a2031f53627ba94d7db23a69d6fb6c4eb3708013ad106d,gfs_seamless,False,0.41,7.2683333333333335,-0.9916666666666667,0.18359617738764272
turbine_2,2026-01-04 04:00:00+00:00,24,0.27957430398118494,0.27957430398118494,False,False,0.31438948306595366,6.6,1.1,2026-01-03 19:00:00+00:00,9.0,2026-01-03 22:00:00,2026-01-04T00:00:00+05:00,73d116a5ee5ecc1934a2031f53627ba94d7db23a69d6fb6c4eb3708013ad106d,gfs_seamless,False,0.04833333333333333,3.658333333333333,0.25,0.2312409706478516
turbine_2,2026-01-04 05:00:00+00:00,24,0.09866072412955969,0.09866072412955969,False,False,0.14419056429232194,5.04,2.7,2026-01-03 19:00:00+00:00,10.0,2026-01-03 22:00:00,2026-01-04T00:00:00+05:00,73d116a5ee5ecc1934a2031f53627ba94d7db23a69d6fb6c4eb3708013ad106d,gfs_seamless,False,0.07666666666666667,4.721666666666667,1.3933333333333333,0.021994057462893013
turbine_2,2026-01-04 06:00:00+00:00,24,0.07317391108617137,0.07317391108617137,False,False,0.10666510757717494,4.69,3.9,2026-01-03 19:00:00+00:00,11.0,2026-01-03 22:00:00,2026-01-04T00:00:00+05:00,73d116a5ee5ecc1934a2031f53627ba94d7db23a69d6fb6c4eb3708013ad106d,gfs_seamless,False,0.06833333333333333,4.6466666666666665,1.2266666666666668,0.004840577752838041
turbine_2,2026-01-04 07:00:00+00:00,24,0.027475339378997994,0.027475339378997994,False,False,0.05606398020501944,3.71,4.7,2026-01-03 19:00:00+00:00,12.0,2026-01-03 22:00:00,2026-01-04T00:00:00+05:00,73d116a5ee5ecc1934a2031f53627ba94d7db23a69d6fb6c4eb3708013ad106d,gfs_seamless,False,0.01,1.875,4.4783333333333335,0.017475339378997992
turbine_2,2026-01-04 08:00:00+00:00,24,0.009908246840552104,0.009908246840552104,False,False,0.01471436984687868,2.24,5.5,2026-01-03 19:00:00+00:00,13.0,2026-01-03 22:00:00,2026-01-04T00:00:00+05:00,73d116a5ee5ecc1934a2031f53627ba94d7db23a69d6fb6c4eb3708013ad106d,gfs_seamless,False,0.01,0.7516666666666666,6.963333333333334,9.175315944789583e-05
turbine_2,2026-01-04 09:00:00+00:00,24,0.009401040793624523,0.009401040793624523,False,False,0.009929356357927787,0.86,5.9,2026-01-03 19:00:00+00:00,14.0,2026-01-03 22:00:00,2026-01-04T00:00:00+05:00,73d116a5ee5ecc1934a2031f53627ba94d7db23a69d6fb6c4eb3708013ad106d,gfs_seamless,False,0.01,1.3716666666666668,6.966666666666666,0.0005989592063754771
turbine_2,2026-01-04 10:00:00+00:00,24,0.008594943918842201,0.008594943918842201,False,False,0.009700085689802913,1.33,5.3,2026-01-03 19:00:00+00:00,15.0,2026-01-03 22:00:00,2026-01-04T00:00:00+05:00,73d116a5ee5ecc1934a2031f53627ba94d7db23a69d6fb6c4eb3708013ad106d,gfs_seamless,False,0.03166666666666667,4.091666666666667,6.185,0.02307172274782447
turbine_2,2026-01-04 11:00:00+00:00,24,0.009643746807234562,0.009643746807234562,False,False,0.01471436984687868,2.06,3.8,2026-01-03 19:00:00+00:00,16.0,2026-01-03 22:00:00,2026-01-04T00:00:00+05:00,73d116a5ee5ecc1934a2031f53627ba94d7db23a69d6fb6c4eb3708013ad106d,gfs_seamless,False,0.265,6.276666666666666,4.951666666666667,0.25535625319276545
turbine_2,2026-01-04 12:00:00+00:00,24,0.07836485706926588,0.07836485706926588,False,False,0.10666510757717494,4.81,2.8,2026-01-03 19:00:00+00:00,17.0,2026-01-03 22:00:00,2026-01-04T00:00:00+05:00,73d116a5ee5ecc1934a2031f53627ba94d7db23a69d6fb6c4eb3708013ad106d,gfs_seamless,False,0.5816666666666667,8.446666666666667,4.216666666666667,0.5033018095974008
turbine_2,2026-01-04 13:00:00+00:00,24,0.24516918422112122,0.24516918422112122,False,False,0.24724369988545247,6.49,2.4,2026-01-03 19:00:00+00:00,18.0,2026-01-03 22:00:00,2026-01-04T00:00:00+05:00,73d116a5ee5ecc1934a2031f53627ba94d7db23a69d6fb6c4eb3708013ad106d,gfs_seamless,False,0.62,8.603333333333333,5.166666666666667,0.3748308157788788
turbine_2,2026-01-04 14:00:00+00:00,24,0.3129620109041221,0.3129620109041221,False,False,0.31438948306595366,6.8,2.6,2026-01-03 19:00:00+00:00,19.0,2026-01-03 22:00:00,2026-01-04T00:00:00+05:00,73d116a5ee5ecc1934a2031f53627ba94d7db23a69d6fb6c4eb3708013ad106d,gfs_seamless,False,0.6566666666666666,8.868333333333334,5.153333333333333,0.3437046557625445
turbine_2,2026-01-04 15:00:00+00:00,24,0.2883486055574103,0.2883486055574103,False,False,0.31438948306595366,6.76,2.6,2026-01-03 19:00:00+00:00,20.0,2026-01-03 22:00:00,2026-01-04T00:00:00+05:00,73d116a5ee5ecc1934a2031f53627ba94d7db23a69d6fb6c4eb3708013ad106d,gfs_seamless,False,0.48666666666666664,7.831666666666667,5.738333333333333,0.19831806110925632
turbine_2,2026-01-04 16:00:00+00:00,24,0.33297476224020256,0.33297476224020256,False,False,0.31438948306595366,6.95,2.2,2026-01-03 19:00:00+00:00,21.0,2026-01-03 22:00:00,2026-01-04T00:00:00+05:00,73d116a5ee5ecc1934a2031f53627ba94d7db23a69d6fb6c4eb3708013ad106d,gfs_seamless,False,0.3466666666666667,6.988333333333333,5.413333333333333,0.013691904426464119
turbine_2,2026-01-04 17:00:00+00:00,24,0.35166407439281444,0.35166407439281444,False,False,0.38885040650406505,7.24,1.6,2026-01-03 19:00:00+00:00,22.0,2026-01-03 22:00:00,2026-01-04T00:00:00+05:00,73d116a5ee5ecc1934a2031f53627ba94d7db23a69d6fb6c4eb3708013ad106d,gfs_seamless,False,0.48500000000000004,7.781666666666666,4.7299999999999995,0.1333359256071856
turbine_2,2026-01-04 18:00:00+00:00,24,0.2446006442541646,0.2446006442541646,False,False,0.24724369988545247,6.4,1.5,2026-01-03 19:00:00+00:00,23.0,2026-01-03 22:00:00,2026-01-04T00:00:00+05:00,73d116a5ee5ecc1934a2031f53627ba94d7db23a69d6fb6c4eb3708013ad106d,gfs_seamless,False,0.8316666666666667,9.953333333333333,4.7283333333333335,0.587066022412502
turbine_2,2026-01-04 19:00:00+00:00,24,0.1670084011945575,0.1670084011945575,False,False,0.18958571817934042,5.82,1.2,2026-01-03 19:00:00+00:00,24.0,2026-01-03 22:00:00,2026-01-04T00:00:00+05:00,73d116a5ee5ecc1934a2031f53627ba94d7db23a69d6fb6c4eb3708013ad106d,gfs_seamless,False,0.27666666666666667,6.420000000000001,4.493333333333333,0.10965826547210916
turbine_2,2026-01-04 20:00:00+00:00,48,0.28292708429212354,0.28292708429212354,False,False,0.31438948306595366,6.67,1.0,2026-01-03 19:00:00+00:00,25.0,2026-01-03 22:00:00,2026-01-04T00:00:00+05:00,73d116a5ee5ecc1934a2031f53627ba94d7db23a69d6fb6c4eb3708013ad106d,gfs_seamless,False,0.33,6.733333333333333,3.94,0.04707291570787647
turbine_2,2026-01-04 21:00:00+00:00,48,0.2093316210981873,0.2093316210981873,False,False,0.24724369988545247,6.17,1.1,2026-01-03 19:00:00+00:00,26.0,2026-01-03 22:00:00,2026-01-04T00:00:00+05:00,73d116a5ee5ecc1934a2031f53627ba94d7db23a69d6fb6c4eb3708013ad106d,gfs_seamless,False,0.34500000000000003,6.855,3.2550000000000003,0.13566837890181274
turbine_2,2026-01-04 22:00:00+00:00,48,0.17713841647888856,0.17713841647888856,False,False,0.18958571817934042,5.87,1.3,2026-01-03 19:00:00+00:00,27.0,2026-01-03 22:00:00,2026-01-04T00:00:00+05:00,73d116a5ee5ecc1934a2031f53627ba94d7db23a69d6fb6c4eb3708013ad106d,gfs_seamless,False,0.27666666666666667,6.401666666666666,3.045,0.09952825018777811
turbine_2,2026-01-04 23:00:00+00:00,48,0.14258780411167124,0.14258780411167124,False,False,0.18958571817934042,5.6,0.7,2026-01-03 19:00:00+00:00,28.0,2026-01-03 22:00:00,2026-01-04T00:00:00+05:00,73d116a5ee5ecc1934a2031f53627ba94d7db23a69d6fb6c4eb3708013ad106d,gfs_seamless,False,0.16,5.6883333333333335,3.1166666666666667,0.017412195888328763
turbine_2,2026-01-05 00:00:00+00:00,48,0.052642881715959815,0.052642881715959815,False,False,0.07964358452138494,4.4,0.6,2026-01-03 19:00:00+00:00,29.0,2026-01-03 22:00:00,2026-01-04T00:00:00+05:00,73d116a5ee5ecc1934a2031f53627ba94d7db23a69d6fb6c4eb3708013ad106d,gfs_seamless,False,0.12666666666666668,5.43,3.23,0.07402378495070686
turbine_2,2026-01-05 01:00:00+00:00,48,0.01886257480291938,0.01886257480291938,False,False,0.05606398020501944,3.56,0.8,2026-01-03 19:00:00+00:00,30.0,2026-01-03 22:00:00,2026-01-04T00:00:00+05:00,73d116a5ee5ecc1934a2031f53627ba94d7db23a69d6fb6c4eb3708013ad106d,gfs_seamless,False,0.04833333333333333,4.21,2.8333333333333335,0.029470758530413952
turbine_2,2026-01-05 02:00:00+00:00,48,0.009139954541155964,0.009139954541155964,False,False,0.009700085689802913,1.08,0.5,2026-01-03 19:00:00+00:00,31.0,2026-01-03 22:00:00,2026-01-04T00:00:00+05:00,73d116a5ee5ecc1934a2031f53627ba94d7db23a69d6fb6c4eb3708013ad106d,gfs_seamless,False,0.01,2.09,2.33,0.0008600454588440359
turbine_2,2026-01-05 03:00:00+00:00,48,0.009329304646374608,0.009329304646374608,False,False,0.009929356357927787,0.81,0.7,2026-01-03 19:00:00+00:00,32.0,2026-01-03 22:00:00,2026-01-04T00:00:00+05:00,73d116a5ee5ecc1934a2031f53627ba94d7db23a69d6fb6c4eb3708013ad106d,gfs_seamless,False,0.01,1.5566666666666666,1.2483333333333333,0.0006706953536253918
turbine_2,2026-01-05 04:00:00+00:00,48,0.008942974509045696,0.008942974509045696,False,False,0.010140415140415141,1.8,1.0,2026-01-03 19:00:00+00:00,33.0,2026-01-03 22:00:00,2026-01-04T00:00:00+05:00,73d116a5ee5ecc1934a2031f53627ba94d7db23a69d6fb6c4eb3708013ad106d,gfs_seamless,False,0.01,1.8033333333333335,1.2033333333333334,0.0010570254909543046
turbine_2,2026-01-05 05:00:00+00:00,48,0.01603607264254057,0.01603607264254057,False,False,0.03753750815394651,3.0,1.2,2026-01-03 19:00:00+00:00,34.0,2026-01-03 22:00:00,2026-01-04T00:00:00+05:00,73d116a5ee5ecc1934a2031f53627ba94d7db23a69d6fb6c4eb3708013ad106d,gfs_seamless,False,0.006666666666666667,2.0116666666666667,1.6833333333333333,0.009369405975873903
turbine_2,2026-01-05 06:00:00+00:00,48,0.012940057153273184,0.012940057153273184,False,False,0.01471436984687868,2.4,1.6,2026-01-03 19:00:00+00:00,35.0,2026-01-03 22:00:00,2026-01-04T00:00:00+05:00,73d116a5ee5ecc1934a2031f53627ba94d7db23a69d6fb6c4eb3708013ad106d,gfs_seamless,False,0.008333333333333333,1.655,1.8549999999999998,0.0046067238199398505
turbine_2,2026-01-05 07:00:00+00:00,48,0.01775348412634283,0.01775348412634283,False,False,0.03753750815394651,3.08,1.6,2026-01-03 19:00:00+00:00,36.0,2026-01-03 22:00:00,2026-01-04T00:00:00+05:00,73d116a5ee5ecc1934a2031f53627ba94d7db23a69d6fb6c4eb3708013ad106d,gfs_seamless,False,0.013333333333333334,3.061666666666667,1.5833333333333333,0.004420150793009494
turbine_2,2026-01-05 08:00:00+00:00,48,0.01743947025714562,0.01743947025714562,False,False,0.03753750815394651,3.2,1.4,2026-01-03 19:00:00+00:00,37.0,2026-01-03 22:00:00,2026-01-04T00:00:00+05:00,73d116a5ee5ecc1934a2031f53627ba94d7db23a69d6fb6c4eb3708013ad106d,gfs_seamless,False,0.03333333333333333,4.58,1.6500000000000001,0.015893863076187714
turbine_2,2026-01-05 09:00:00+00:00,48,0.01620865028726938,0.01620865028726938,False,False,0.02421223354958295,2.81,1.7,2026-01-03 19:00:00+00:00,38.0,2026-01-03 22:00:00,2026-01-04T00:00:00+05:00,73d116a5ee5ecc1934a2031f53627ba94d7db23a69d6fb6c4eb3708013ad106d,gfs_seamless,False,0.008333333333333333,3.3833333333333333,1.9083333333333332,0.007875316953936047
turbine_2,2026-01-05 10:00:00+00:00,48,0.012241192433805875,0.012241192433805875,False,False,0.01471436984687868,2.4,2.2,2026-01-03 19:00:00+00:00,39.0,2026-01-03 22:00:00,2026-01-04T00:00:00+05:00,73d116a5ee5ecc1934a2031f53627ba94d7db23a69d6fb6c4eb3708013ad106d,gfs_seamless,False,0.006666666666666667,2.5383333333333336,2.283333333333333,0.0055745257671392075
turbine_2,2026-01-05 11:00:00+00:00,48,0.011064786641408168,0.011064786641408168,False,False,0.01471436984687868,2.3,2.3,2026-01-03 19:00:00+00:00,40.0,2026-01-03 22:00:00,2026-01-04T00:00:00+05:00,73d116a5ee5ecc1934a2031f53627ba94d7db23a69d6fb6c4eb3708013ad106d,gfs_seamless,False,0.018333333333333333,3.0966666666666662,2.388333333333333,0.0072685466919251655
turbine_2,2026-01-05 12:00:00+00:00,48,0.021671669687379578,0.021671669687379578,False,False,0.05606398020501944,3.64,1.3,2026-01-03 19:00:00+00:00,41.0,2026-01-03 22:00:00,2026-01-04T00:00:00+05:00,73d116a5ee5ecc1934a2031f53627ba94d7db23a69d6fb6c4eb3708013ad106d,gfs_seamless,False,0.03333333333333333,3.9416666666666664,1.5483333333333331,0.011661663645953755
turbine_2,2026-01-05 13:00:00+00:00,48,0.08971612339664828,0.08971612339664828,False,False,0.14419056429232194,5.0,1.2,2026-01-03 19:00:00+00:00,42.0,2026-01-03 22:00:00,2026-01-04T00:00:00+05:00,73d116a5ee5ecc1934a2031f53627ba94d7db23a69d6fb6c4eb3708013ad106d,gfs_seamless,False,0.07333333333333333,4.926666666666667,1.1683333333333332,0.016382790063314945
turbine_2,2026-01-05 14:00:00+00:00,48,0.23942185609251254,0.23942185609251254,False,False,0.24724369988545247,6.31,0.8,2026-01-03 19:00:00+00:00,43.0,2026-01-03 22:00:00,2026-01-04T00:00:00+05:00,73d116a5ee5ecc1934a2031f53627ba94d7db23a69d6fb6c4eb3708013ad106d,gfs_seamless,False,0.07166666666666667,4.825,0.9433333333333334,0.16775518942584589
turbine_2,2026-01-05 15:00:00+00:00,48,0.36997741999337197,0.36997741999337197,False,False,0.38885040650406505,7.25,0.6,2026-01-03 19:00:00+00:00,44.0,2026-01-03 22:00:00,2026-01-04T00:00:00+05:00,73d116a5ee5ecc1934a2031f53627ba94d7db23a69d6fb6c4eb3708013ad106d,gfs_seamless,False,0.12166666666666666,5.343333333333334,1.0966666666666667,0.24831075332670532
turbine_2,2026-01-05 16:00:00+00:00,48,0.5179807860421313,0.5179807860421313,False,False,0.5338825995807128,8.18,-0.0,2026-01-03 19:00:00+00:00,45.0,2026-01-03 22:00:00,2026-01-04T00:00:00+05:00,73d116a5ee5ecc1934a2031f53627ba94d7db23a69d6fb6c4eb3708013ad106d,gfs_seamless,False,0.15166666666666664,5.695,0.6466666666666666,0.36631411937546465
turbine_2,2026-01-05 17:00:00+00:00,48,0.67518312504566,0.67518312504566,False,False,0.6747792022792023,9.08,-0.7,2026-01-03 19:00:00+00:00,46.0,2026-01-03 22:00:00,2026-01-04T00:00:00+05:00,73d116a5ee5ecc1934a2031f53627ba94d7db23a69d6fb6c4eb3708013ad106d,gfs_seamless,False,0.34833333333333333,6.715,0.08166666666666667,0.3268497917123267
turbine_2,2026-01-05 18:00:00+00:00,48,0.8298838283511,0.8298838283511,False,False,0.8243118427069044,10.03,-0.6,2026-01-03 19:00:00+00:00,47.0,2026-01-03 22:00:00,2026-01-04T00:00:00+05:00,73d116a5ee5ecc1934a2031f53627ba94d7db23a69d6fb6c4eb3708013ad106d,gfs_seamless,False,0.37166666666666665,6.941666666666666,0.13833333333333334,0.4582171616844333
turbine_2,2026-01-05 19:00:00+00:00,48,0.8696081157688593,0.8696081157688593,False,False,0.8243118427069044,10.33,-0.7,2026-01-03 19:00:00+00:00,48.0,2026-01-03 22:00:00,2026-01-04T00:00:00+05:00,73d116a5ee5ecc1934a2031f53627ba94d7db23a69d6fb6c4eb3708013ad106d,gfs_seamless,False,0.3466666666666667,6.836666666666666,0.5166666666666667,0.5229414491021926
turbine_1,2026-01-04 20:00:00+00:00,24,0.1871877798036283,0.1871877798036283,False,False,0.19653586497890296,5.9,0.8,2026-01-04 19:00:00+00:00,1.0,2026-01-04 22:00:00,2026-01-05T00:00:00+05:00,687cf530b7fa386330e0b25436d9622f0a29dac96f3164950272a27d8ca5dbe6,gfs_seamless,False,0.32666666666666666,6.691666666666666,3.966666666666667,0.13947888686303836
turbine_1,2026-01-04 21:00:00+00:00,24,0.11355930751435271,0.11355930751435271,False,False,0.15009268136784917,5.25,0.5,2026-01-04 19:00:00+00:00,2.0,2026-01-04 22:00:00,2026-01-05T00:00:00+05:00,687cf530b7fa386330e0b25436d9622f0a29dac96f3164950272a27d8ca5dbe6,gfs_seamless,False,0.3416666666666666,6.718333333333334,3.283333333333333,0.2281073591523139
turbine_1,2026-01-04 22:00:00+00:00,24,0.04754535707248155,0.04754535707248155,False,False,0.08267335445265751,4.2,0.5,2026-01-04 19:00:00+00:00,3.0,2026-01-04 22:00:00,2026-01-05T00:00:00+05:00,687cf530b7fa386330e0b25436d9622f0a29dac96f3164950272a27d8ca5dbe6,gfs_seamless,False,0.2783333333333334,6.38,3.1366666666666667,0.23078797626085182
turbine_1,2026-01-04 23:00:00+00:00,24,0.022938314352937868,0.022938314352937868,False,False,0.05867892976588628,3.54,0.3,2026-01-04 19:00:00+00:00,4.0,2026-01-04 22:00:00,2026-01-05T00:00:00+05:00,687cf530b7fa386330e0b25436d9622f0a29dac96f3164950272a27d8ca5dbe6,gfs_seamless,False,0.17,5.73,3.1833333333333336,0.14706168564706215
turbine_1,2026-01-05 00:00:00+00:00,24,0.01192209135879942,0.01192209135879942,False,False,0.016143033673154155,2.48,-0.2,2026-01-04 19:00:00+00:00,5.0,2026-01-04 22:00:00,2026-01-05T00:00:00+05:00,687cf530b7fa386330e0b25436d9622f0a29dac96f3164950272a27d8ca5dbe6,gfs_seamless,False,0.12333333333333334,5.271666666666667,3.391666666666667,0.11141124197453392
turbine_1,2026-01-05 01:00:00+00:00,24,0.008858057462077806,0.008858057462077806,False,False,0.00995699881376038,1.43,-0.4,2026-01-04 19:00:00+00:00,6.0,2026-01-04 22:00:00,2026-01-05T00:00:00+05:00,687cf530b7fa386330e0b25436d9622f0a29dac96f3164950272a27d8ca5dbe6,gfs_seamless,False,0.045000000000000005,3.7899999999999996,2.9466666666666668,0.0361419425379222
turbine_1,2026-01-05 02:00:00+00:00,24,0.009196456545879361,0.009196456545879361,False,False,0.00995699881376038,1.39,-0.0,2026-01-04 19:00:00+00:00,7.0,2026-01-04 22:00:00,2026-01-05T00:00:00+05:00,687cf530b7fa386330e0b25436d9622f0a29dac96f3164950272a27d8ca5dbe6,gfs_seamless,False,0.01,1.8483333333333334,2.5066666666666664,0.000803543454120639
turbine_1,2026-01-05 03:00:00+00:00,24,0.01213245433537278,0.01213245433537278,False,False,0.016143033673154155,2.4,0.7,2026-01-04 19:00:00+00:00,8.0,2026-01-04 22:00:00,2026-01-05T00:00:00+05:00,687cf530b7fa386330e0b25436d9622f0a29dac96f3164950272a27d8ca5dbe6,gfs_seamless,False,0.01,1.43,1.2266666666666668,0.0021324543353727805
turbine_1,2026-01-05 04:00:00+00:00,24,0.027663898424992176,0.027663898424992176,False,False,0.05867892976588628,3.69,0.8,2026-01-04 19:00:00+00:00,9.0,2026-01-04 22:00:00,2026-01-05T00:00:00+05:00,687cf530b7fa386330e0b25436d9622f0a29dac96f3164950272a27d8ca5dbe6,gfs_seamless,False,0.01,2.0316666666666667,1.6483333333333334,0.017663898424992178
turbine_1,2026-01-05 05:00:00+00:00,24,0.049802078563954764,0.049802078563954764,False,False,0.08267335445265751,4.31,1.0,2026-01-04 19:00:00+00:00,10.0,2026-01-04 22:00:00,2026-01-05T00:00:00+05:00,687cf530b7fa386330e0b25436d9622f0a29dac96f3164950272a27d8ca5dbe6,gfs_seamless,False,0.01,1.915,1.9433333333333334,0.03980207856395476
turbine_1,2026-01-05 06:00:00+00:00,24,0.05824985178628547,0.05824985178628547,False,False,0.08267335445265751,4.49,1.7,2026-01-04 19:00:00+00:00,11.0,2026-01-04 22:00:00,2026-01-05T00:00:00+05:00,687cf530b7fa386330e0b25436d9622f0a29dac96f3164950272a27d8ca5dbe6,gfs_seamless,False,0.01,1.6383333333333334,2.1033333333333335,0.04824985178628547
turbine_1,2026-01-05 07:00:00+00:00,24,0.0665705753834043,0.0665705753834043,False,False,0.11291875626880642,4.52,1.7,2026-01-04 19:00:00+00:00,12.0,2026-01-04 22:00:00,2026-01-05T00:00:00+05:00,687cf530b7fa386330e0b25436d9622f0a29dac96f3164950272a27d8ca5dbe6,gfs_seamless,False,0.018333333333333333,2.91,1.7916666666666667,0.04823724205007097
turbine_1,2026-01-05 08:00:00+00:00,24,0.05405443874559716,0.05405443874559716,False,False,0.08267335445265751,4.3,1.9,2026-01-04 19:00:00+00:00,13.0,2026-01-04 22:00:00,2026-01-05T00:00:00+05:00,687cf530b7fa386330e0b25436d9622f0a29dac96f3164950272a27d8ca5dbe6,gfs_seamless,False,0.03166666666666667,4.075,1.9083333333333332,0.022387772078930487
turbine_1,2026-01-05 09:00:00+00:00,24,0.03858192767924422,0.03858192767924422,False,False,0.08267335445265751,4.05,2.2,2026-01-04 19:00:00+00:00,14.0,2026-01-04 22:00:00,2026-01-05T00:00:00+05:00,687cf530b7fa386330e0b25436d9622f0a29dac96f3164950272a27d8ca5dbe6,gfs_seamless,False,0.01,2.856666666666667,2.1883333333333335,0.028581927679244216
turbine_1,2026-01-05 10:00:00+00:00,24,0.033429520579665195,0.033429520579665195,False,False,0.05867892976588628,3.81,2.2,2026-01-04 19:00:00+00:00,15.0,2026-01-04 22:00:00,2026-01-05T00:00:00+05:00,687cf530b7fa386330e0b25436d9622f0a29dac96f3164950272a27d8ca5dbe6,gfs_seamless,False,0.01,2.4916666666666667,2.558333333333333,0.023429520579665193
turbine_1,2026-01-05 11:00:00+00:00,24,0.03858192767924422,0.03858192767924422,False,False,0.08267335445265751,4.03,1.9,2026-01-04 19:00:00+00:00,16.0,2026-01-04 22:00:00,2026-01-05T00:00:00+05:00,687cf530b7fa386330e0b25436d9622f0a29dac96f3164950272a27d8ca5dbe6,gfs_seamless,False,0.02,3.39,2.545,0.018581927679244218
turbine_1,2026-01-05 12:00:00+00:00,24,0.08944959930613379,0.08944959930613379,False,False,0.11291875626880642,4.85,2.0,2026-01-04 19:00:00+00:00,17.0,2026-01-04 22:00:00,2026-01-05T00:00:00+05:00,687cf530b7fa386330e0b25436d9622f0a29dac96f3164950272a27d8ca5dbe6,gfs_seamless,False,0.03666666666666667,4.111666666666667,1.7433333333333334,0.05278293263946712
turbine_1,2026-01-05 13:00:00+00:00,24,0.3085385265254593,0.3085385265254593,False,False,0.3256265206812652,6.61,1.7,2026-01-04 19:00:00+00:00,18.0,2026-01-04 22:00:00,2026-01-05T00:00:00+05:00,687cf530b7fa386330e0b25436d9622f0a29dac96f3164950272a27d8ca5dbe6,gfs_seamless,False,0.06833333333333334,4.68,1.4033333333333333,0.24020519319212597
turbine_1,2026-01-05 14:00:00+00:00,24,0.564733613966306,0.564733613966306,False,False,0.5473923444976077,8.14,0.9,2026-01-04 19:00:00+00:00,19.0,2026-01-04 22:00:00,2026-01-05T00:00:00+05:00,687cf530b7fa386330e0b25436d9622f0a29dac96f3164950272a27d8ca5dbe6,gfs_seamless,False,0.08333333333333333,4.755,1.17,0.48140028063297263
turbine_1,2026-01-05 15:00:00+00:00,24,0.7880761647524841,0.7880761647524841,False,False,0.763795746785361,9.53,0.3,2026-01-04 19:00:00+00:00,20.0,2026-01-04 22:00:00,2026-01-05T00:00:00+05:00,687cf530b7fa386330e0b25436d9622f0a29dac96f3164950272a27d8ca5dbe6,gfs_seamless,False,0.13166666666666668,5.2283333333333335,1.2916666666666667,0.6564094980858174
turbine_1,2026-01-05 16:00:00+00:00,24,0.8471048222668934,0.8471048222668934,False,False,0.763795746785361,9.98,-0.2,2026-01-04 19:00:00+00:00,21.0,2026-01-04 22:00:00,2026-01-05T00:00:00+05:00,687cf530b7fa386330e0b25436d9622f0a29dac96f3164950272a27d8ca5dbe6,gfs_seamless,False,0.18833333333333332,5.8183333333333325,0.9166666666666666,0.6587714889335601
turbine_1,2026-01-05 17:00:00+00:00,24,0.9443002089539961,0.9443002089539961,False,False,0.8926999999999999,10.87,-0.5,2026-01-04 19:00:00+00:00,22.0,2026-01-04 22:00:00,2026-01-05T00:00:00+05:00,687cf530b7fa386330e0b25436d9622f0a29dac96f3164950272a27d8ca5dbe6,gfs_seamless,False,0.37666666666666665,6.82,0.2683333333333333,0.5676335422873295
turbine_1,2026-01-05 18:00:00+00:00,24,0.9100599915876503,0.9100599915876503,False,False,0.8926999999999999,10.74,-0.7,2026-01-04 19:00:00+00:00,23.0,2026-01-04 22:00:00,2026-01-05T00:00:00+05:00,687cf530b7fa386330e0b25436d9622f0a29dac96f3164950272a27d8ca5dbe6,gfs_seamless,False,0.4216666666666667,7.151666666666667,0.3833333333333333,0.4883933249209836
turbine_1,2026-01-05 19:00:00+00:00,24,0.9668245471153053,0.9668245471153053,False,False,0.9377506596306068,11.05,-0.8,2026-01-04 19:00:00+00:00,24.0,2026-01-04 22:00:00,2026-01-05T00:00:00+05:00,687cf530b7fa386330e0b25436d9622f0a29dac96f3164950272a27d8ca5dbe6,gfs_seamless,False,0.375,6.8950000000000005,0.5616666666666666,0.5918245471153053
turbine_1,2026-01-05 20:00:00+00:00,48,0.9356371811317784,0.9356371811317784,False,False,0.8926999999999999,10.91,-0.9,2026-01-04 19:00:00+00:00,25.0,2026-01-04 22:00:00,2026-01-05T00:00:00+05:00,687cf530b7fa386330e0b25436d9622f0a29dac96f3164950272a27d8ca5dbe6,gfs_seamless,False,0.31833333333333336,6.723333333333334,0.765,0.617303847798445
turbine_1,2026-01-05 21:00:00+00:00,48,0.9813396472585093,0.9813396472585093,False,False,0.9601162250116224,11.99,-1.0,2026-01-04 19:00:00+00:00,26.0,2026-01-04 22:00:00,2026-01-05T00:00:00+05:00,687cf530b7fa386330e0b25436d9622f0a29dac96f3164950272a27d8ca5dbe6,gfs_seamless,False,0.8166666666666668,9.946666666666667,0.245,0.16467298059184254
turbine_1,2026-01-05 22:00:00+00:00,48,0.98800975215936,0.98800975215936,False,False,0.9668531468531468,12.52,-1.2,2026-01-04 19:00:00+00:00,27.0,2026-01-04 22:00:00,2026-01-05T00:00:00+05:00,687cf530b7fa386330e0b25436d9622f0a29dac96f3164950272a27d8ca5dbe6,gfs_seamless,False,0.9866666666666667,13.041666666666666,1.9683333333333335,0.0013430854926933522
turbine_1,2026-01-05 23:00:00+00:00,48,0.9405717653341323,0.9405717653341323,False,False,0.9668531468531468,12.7,-1.2,2026-01-04 19:00:00+00:00,28.0,2026-01-04 22:00:00,2026-01-05T00:00:00+05:00,687cf530b7fa386330e0b25436d9622f0a29dac96f3164950272a27d8ca5dbe6,gfs_seamless,False,0.8433333333333333,10.468333333333334,2.473333333333333,0.09723843200079907
turbine_1,2026-01-06 00:00:00+00:00,48,0.9836379393605836,0.9836379393605836,False,False,0.9769104308390022,13.1,-1.5,2026-01-04 19:00:00+00:00,29.0,2026-01-04 22:00:00,2026-01-05T00:00:00+05:00,687cf530b7fa386330e0b25436d9622f0a29dac96f3164950272a27d8ca5dbe6,gfs_seamless,False,0.9700000000000001,10.806666666666667,0.9016666666666667,0.01363793936058355
turbine_1,2026-01-06 01:00:00+00:00,48,0.9844171589621727,0.9844171589621727,False,False,0.9769104308390022,13.02,-1.4,2026-01-04 19:00:00+00:00,30.0,2026-01-04 22:00:00,2026-01-05T00:00:00+05:00,687cf530b7fa386330e0b25436d9622f0a29dac96f3164950272a27d8ca5dbe6,gfs_seamless,False,0.8766666666666666,10.026666666666667,-0.5433333333333333,0.10775049229550615
turbine_1,2026-01-06 02:00:00+00:00,48,0.9827312273355481,0.9827312273355481,False,False,0.9769104308390022,13.31,-1.7,2026-01-04 19:00:00+00:00,31.0,2026-01-04 22:00:00,2026-01-05T00:00:00+05:00,687cf530b7fa386330e0b25436d9622f0a29dac96f3164950272a27d8ca5dbe6,gfs_seamless,False,0.9733333333333333,11.51,-1.5199999999999998,0.009397894002214802
turbine_1,2026-01-06 03:00:00+00:00,48,0.9748497299722042,0.9748497299722042,False,False,0.9653976311336716,13.56,-1.6,2026-01-04 19:00:00+00:00,32.0,2026-01-04 22:00:00,2026-01-05T00:00:00+05:00,687cf530b7fa386330e0b25436d9622f0a29dac96f3164950272a27d8ca5dbe6,gfs_seamless,False,0.9899999999999999,12.325000000000001,-1.7216666666666667,0.015150270027795676
turbine_1,2026-01-06 04:00:00+00:00,48,0.9140505153311671,0.9140505153311671,False,False,0.9653976311336716,13.57,0.1,2026-01-04 19:00:00+00:00,33.0,2026-01-04 22:00:00,2026-01-05T00:00:00+05:00,687cf530b7fa386330e0b25436d9622f0a29dac96f3164950272a27d8ca5dbe6,gfs_seamless,False,0.9783333333333334,12.238333333333335,-0.8316666666666667,0.06428281800216629
turbine_1,2026-01-06 05:00:00+00:00,48,0.9782874258676375,0.9782874258676375,False,False,0.961047619047619,14.54,2.3,2026-01-04 19:00:00+00:00,34.0,2026-01-04 22:00:00,2026-01-05T00:00:00+05:00,687cf530b7fa386330e0b25436d9622f0a29dac96f3164950272a27d8ca5dbe6,gfs_seamless,False,0.9683333333333333,12.82,-1.6033333333333335,0.009954092534304237
turbine_1,2026-01-06 06:00:00+00:00,48,0.991577801027868,0.991577801027868,False,False,0.9681453634085212,14.24,3.6,2026-01-04 19:00:00+00:00,35.0,2026-01-04 22:00:00,2026-01-05T00:00:00+05:00,687cf530b7fa386330e0b25436d9622f0a29dac96f3164950272a27d8ca5dbe6,gfs_seamless,False,0.9866666666666667,13.106666666666667,-1.2216666666666667,0.004911134361201275
turbine_1,2026-01-06 07:00:00+00:00,48,0.9899139129421193,0.9899139129421193,False,False,0.9681453634085212,14.2,4.3,2026-01-04 19:00:00+00:00,36.0,2026-01-04 22:00:00,2026-01-05T00:00:00+05:00,687cf530b7fa386330e0b25436d9622f0a29dac96f3164950272a27d8ca5dbe6,gfs_seamless,False,0.9766666666666666,12.13,0.21166666666666667,0.013247246275452706
turbine_1,2026-01-06 08:00:00+00:00,48,0.9862974983610485,0.9862974983610485,False,False,0.9653976311336716,13.98,4.5,2026-01-04 19:00:00+00:00,37.0,2026-01-04 22:00:00,2026-01-05T00:00:00+05:00,687cf530b7fa386330e0b25436d9622f0a29dac96f3164950272a27d8ca5dbe6,gfs_seamless,False,0.9683333333333333,11.373333333333333,3.9966666666666666,0.01796416502771525
turbine_1,2026-01-06 09:00:00+00:00,48,0.9875531492195214,0.9875531492195214,False,False,0.9653976311336716,13.7,4.5,2026-01-04 19:00:00+00:00,38.0,2026-01-04 22:00:00,2026-01-05T00:00:00+05:00,687cf530b7fa386330e0b25436d9622f0a29dac96f3164950272a27d8ca5dbe6,gfs_seamless,False,0.9866666666666667,12.123333333333333,6.8116666666666665,0.0008864825528547282
turbine_1,2026-01-06 10:00:00+00:00,48,0.9940901055034114,0.9940901055034114,False,False,0.9769104308390022,13.41,3.8,2026-01-04 19:00:00+00:00,39.0,2026-01-04 22:00:00,2026-01-05T00:00:00+05:00,687cf530b7fa386330e0b25436d9622f0a29dac96f3164950272a27d8ca5dbe6,gfs_seamless,False,0.9899999999999999,12.086666666666666,7.203333333333333,0.00409010550341149
turbine_1,2026-01-06 11:00:00+00:00,48,0.99206989038219,0.99206989038219,False,False,0.9668531468531468,12.98,2.0,2026-01-04 19:00:00+00:00,40.0,2026-01-04 22:00:00,2026-01-05T00:00:00+05:00,687cf530b7fa386330e0b25436d9622f0a29dac96f3164950272a27d8ca5dbe6,gfs_seamless,False,0.9883333333333333,12.583333333333334,6.948333333333333,0.00373655704885667
turbine_1,2026-01-06 12:00:00+00:00,48,0.978108810846114,0.978108810846114,False,False,0.9668531468531468,12.61,0.6,2026-01-04 19:00:00+00:00,41.0,2026-01-04 22:00:00,2026-01-05T00:00:00+05:00,687cf530b7fa386330e0b25436d9622f0a29dac96f3164950272a27d8ca5dbe6,gfs_seamless,False,0.9883333333333333,11.39,4.0249999999999995,0.010224522487219279
turbine_1,2026-01-06 13:00:00+00:00,48,0.9877622745668952,0.9877622745668952,False,False,0.9577674129353234,12.22,0.2,2026-01-04 19:00:00+00:00,42.0,2026-01-04 22:00:00,2026-01-05T00:00:00+05:00,687cf530b7fa386330e0b25436d9622f0a29dac96f3164950272a27d8ca5dbe6,gfs_seamless,False,0.9899999999999999,11.575000000000001,3.2916666666666665,0.0022377254331046315
turbine_1,2026-01-06 14:00:00+00:00,48,0.9928189381538097,0.9928189381538097,False,False,0.9577674129353234,12.03,-0.1,2026-01-04 19:00:00+00:00,43.0,2026-01-04 22:00:00,2026-01-05T00:00:00+05:00,687cf530b7fa386330e0b25436d9622f0a29dac96f3164950272a27d8ca5dbe6,gfs_seamless,False,0.855,10.22,2.1416666666666666,0.13781893815380974
turbine_1,2026-01-06 15:00:00+00:00,48,0.9872567171508708,0.9872567171508708,False,False,0.9601162250116224,11.59,-0.3,2026-01-04 19:00:00+00:00,44.0,2026-01-04 22:00:00,2026-01-05T00:00:00+05:00,687cf530b7fa386330e0b25436d9622f0a29dac96f3164950272a27d8ca5dbe6,gfs_seamless,False,0.6966666666666667,8.935,1.5716666666666665,0.29059005048420417
turbine_1,2026-01-06 16:00:00+00:00,48,0.9767044342452585,0.9767044342452585,False,False,0.9377506596306068,11.36,-0.5,2026-01-04 19:00:00+00:00,45.0,2026-01-04 22:00:00,2026-01-05T00:00:00+05:00,687cf530b7fa386330e0b25436d9622f0a29dac96f3164950272a27d8ca5dbe6,gfs_seamless,False,0.4633333333333333,7.411666666666666,0.8883333333333333,0.5133711009119253
turbine_1,2026-01-06 17:00:00+00:00,48,0.8787148869695708,0.8787148869695708,False,False,0.8298972296693476,10.38,-0.7,2026-01-04 19:00:00+00:00,46.0,2026-01-04 22:00:00,2026-01-05T00:00:00+05:00,687cf530b7fa386330e0b25436d9622f0a29dac96f3164950272a27d8ca5dbe6,gfs_seamless,False,0.22999999999999998,5.796666666666667,-0.515,0.6487148869695708
turbine_1,2026-01-06 18:00:00+00:00,48,0.5887512541145157,0.5887512541145157,False,False,0.6262199312714777,8.5,-1.2,2026-01-04 19:00:00+00:00,47.0,2026-01-04 22:00:00,2026-01-05T00:00:00+05:00,687cf530b7fa386330e0b25436d9622f0a29dac96f3164950272a27d8ca5dbe6,gfs_seamless,False,0.02,2.6533333333333333,-0.7833333333333333,0.5687512541145157
turbine_1,2026-01-06 19:00:00+00:00,48,0.4714189799243054,0.4714189799243054,False,False,0.4757277526395174,7.75,-1.2,2026-01-04 19:00:00+00:00,48.0,2026-01-04 22:00:00,2026-01-05T00:00:00+05:00,687cf530b7fa386330e0b25436d9622f0a29dac96f3164950272a27d8ca5dbe6,gfs_seamless,False,0.01,2.8733333333333335,-0.6233333333333333,0.4614189799243054
turbine_2,2026-01-04 20:00:00+00:00,24,0.1739749596447577,0.1739749596447577,False,False,0.18956326530612244,5.9,0.8,2026-01-04 19:00:00+00:00,1.0,2026-01-04 22:00:00,2026-01-05T00:00:00+05:00,b7f9d35cffe3874f33b7e0807b91f578350581e90078e0f463697ab24d6cf558,gfs_seamless,False,0.33,6.733333333333333,3.94,0.1560250403552423
turbine_2,2026-01-04 21:00:00+00:00,24,0.09534083302837632,0.09534083302837632,False,False,0.14423290203327171,5.25,0.5,2026-01-04 19:00:00+00:00,2.0,2026-01-04 22:00:00,2026-01-05T00:00:00+05:00,b7f9d35cffe3874f33b7e0807b91f578350581e90078e0f463697ab24d6cf558,gfs_seamless,False,0.34500000000000003,6.855,3.2550000000000003,0.2496591669716237
turbine_2,2026-01-04 22:00:00+00:00,24,0.03535766855479611,0.03535766855479611,False,False,0.07959477789081046,4.2,0.5,2026-01-04 19:00:00+00:00,3.0,2026-01-04 22:00:00,2026-01-05T00:00:00+05:00,b7f9d35cffe3874f33b7e0807b91f578350581e90078e0f463697ab24d6cf558,gfs_seamless,False,0.27666666666666667,6.401666666666666,3.045,0.24130899811187057
turbine_2,2026-01-04 23:00:00+00:00,24,0.016364196500946313,0.016364196500946313,False,False,0.05605579096045198,3.54,0.3,2026-01-04 19:00:00+00:00,4.0,2026-01-04 22:00:00,2026-01-05T00:00:00+05:00,b7f9d35cffe3874f33b7e0807b91f578350581e90078e0f463697ab24d6cf558,gfs_seamless,False,0.16,5.6883333333333335,3.1166666666666667,0.1436358034990537
turbine_2,2026-01-05 00:00:00+00:00,24,0.010432572360363468,0.010432572360363468,False,False,0.01471436984687868,2.48,-0.2,2026-01-04 19:00:00+00:00,5.0,2026-01-04 22:00:00,2026-01-05T00:00:00+05:00,b7f9d35cffe3874f33b7e0807b91f578350581e90078e0f463697ab24d6cf558,gfs_seamless,False,0.12666666666666668,5.43,3.23,0.11623409430630322
turbine_2,2026-01-05 01:00:00+00:00,24,0.00909705195472729,0.00909705195472729,False,False,0.009700342465753424,1.43,-0.4,2026-01-04 19:00:00+00:00,6.0,2026-01-04 22:00:00,2026-01-05T00:00:00+05:00,b7f9d35cffe3874f33b7e0807b91f578350581e90078e0f463697ab24d6cf558,gfs_seamless,False,0.04833333333333333,4.21,2.8333333333333335,0.03923628137860604
turbine_2,2026-01-05 02:00:00+00:00,24,0.009074640422453203,0.009074640422453203,False,False,0.009700342465753424,1.39,-0.0,2026-01-04 19:00:00+00:00,7.0,2026-01-04 22:00:00,2026-01-05T00:00:00+05:00,b7f9d35cffe3874f33b7e0807b91f578350581e90078e0f463697ab24d6cf558,gfs_seamless,False,0.01,2.09,2.33,0.0009253595775467974
turbine_2,2026-01-05 03:00:00+00:00,24,0.010663501956161578,0.010663501956161578,False,False,0.01471436984687868,2.4,0.7,2026-01-04 19:00:00+00:00,8.0,2026-01-04 22:00:00,2026-01-05T00:00:00+05:00,b7f9d35cffe3874f33b7e0807b91f578350581e90078e0f463697ab24d6cf558,gfs_seamless,False,0.01,1.5566666666666666,1.2483333333333333,0.0006635019561615774
turbine_2,2026-01-05 04:00:00+00:00,24,0.024617753643585347,0.024617753643585347,False,False,0.05605579096045198,3.69,0.8,2026-01-04 19:00:00+00:00,9.0,2026-01-04 22:00:00,2026-01-05T00:00:00+05:00,b7f9d35cffe3874f33b7e0807b91f578350581e90078e0f463697ab24d6cf558,gfs_seamless,False,0.01,1.8033333333333335,1.2033333333333334,0.014617753643585347
turbine_2,2026-01-05 05:00:00+00:00,24,0.045970263298511164,0.045970263298511164,False,False,0.07959477789081046,4.31,1.0,2026-01-04 19:00:00+00:00,10.0,2026-01-04 22:00:00,2026-01-05T00:00:00+05:00,b7f9d35cffe3874f33b7e0807b91f578350581e90078e0f463697ab24d6cf558,gfs_seamless,False,0.006666666666666667,2.0116666666666667,1.6833333333333333,0.0393035966318445
turbine_2,2026-01-05 06:00:00+00:00,24,0.05877672833901625,0.05877672833901625,False,False,0.07959477789081046,4.49,1.7,2026-01-04 19:00:00+00:00,11.0,2026-01-04 22:00:00,2026-01-05T00:00:00+05:00,b7f9d35cffe3874f33b7e0807b91f578350581e90078e0f463697ab24d6cf558,gfs_seamless,False,0.008333333333333333,1.655,1.8549999999999998,0.05044339500568292
turbine_2,2026-01-05 07:00:00+00:00,24,0.05877672833901625,0.05877672833901625,False,False,0.10660130718954249,4.52,1.7,2026-01-04 19:00:00+00:00,12.0,2026-01-04 22:00:00,2026-01-05T00:00:00+05:00,b7f9d35cffe3874f33b7e0807b91f578350581e90078e0f463697ab24d6cf558,gfs_seamless,False,0.013333333333333334,3.061666666666667,1.5833333333333333,0.04544339500568292
turbine_2,2026-01-05 08:00:00+00:00,24,0.0457588245293419,0.0457588245293419,False,False,0.07959477789081046,4.3,1.9,2026-01-04 19:00:00+00:00,13.0,2026-01-04 22:00:00,2026-01-05T00:00:00+05:00,b7f9d35cffe3874f33b7e0807b91f578350581e90078e0f463697ab24d6cf558,gfs_seamless,False,0.03333333333333333,4.58,1.6500000000000001,0.012425491196008567
turbine_2,2026-01-05 09:00:00+00:00,24,0.03595144374259157,0.03595144374259157,False,False,0.07959477789081046,4.05,2.2,2026-01-04 19:00:00+00:00,14.0,2026-01-04 22:00:00,2026-01-05T00:00:00+05:00,b7f9d35cffe3874f33b7e0807b91f578350581e90078e0f463697ab24d6cf558,gfs_seamless,False,0.008333333333333333,3.3833333333333333,1.9083333333333332,0.02761811040925824
turbine_2,2026-01-05 10:00:00+00:00,24,0.027016276377741476,0.027016276377741476,False,False,0.05605579096045198,3.81,2.2,2026-01-04 19:00:00+00:00,15.0,2026-01-04 22:00:00,2026-01-05T00:00:00+05:00,b7f9d35cffe3874f33b7e0807b91f578350581e90078e0f463697ab24d6cf558,gfs_seamless,False,0.006666666666666667,2.5383333333333336,2.283333333333333,0.020349609711074808
turbine_2,2026-01-05 11:00:00+00:00,24,0.033845016661586735,0.033845016661586735,False,False,0.07959477789081046,4.03,1.9,2026-01-04 19:00:00+00:00,16.0,2026-01-04 22:00:00,2026-01-05T00:00:00+05:00,b7f9d35cffe3874f33b7e0807b91f578350581e90078e0f463697ab24d6cf558,gfs_seamless,False,0.018333333333333333,3.0966666666666662,2.388333333333333,0.015511683328253402
turbine_2,2026-01-05 12:00:00+00:00,24,0.08156845946729682,0.08156845946729682,False,False,0.10660130718954249,4.85,2.0,2026-01-04 19:00:00+00:00,17.0,2026-01-04 22:00:00,2026-01-05T00:00:00+05:00,b7f9d35cffe3874f33b7e0807b91f578350581e90078e0f463697ab24d6cf558,gfs_seamless,False,0.03333333333333333,3.9416666666666664,1.5483333333333331,0.04823512613396349
turbine_2,2026-01-05 13:00:00+00:00,24,0.2752851950989363,0.2752851950989363,False,False,0.3143585185185185,6.61,1.7,2026-01-04 19:00:00+00:00,18.0,2026-01-04 22:00:00,2026-01-05T00:00:00+05:00,b7f9d35cffe3874f33b7e0807b91f578350581e90078e0f463697ab24d6cf558,gfs_seamless,False,0.07333333333333333,4.926666666666667,1.1683333333333332,0.20195186176560295
turbine_2,2026-01-05 14:00:00+00:00,24,0.5216918255901727,0.5216918255901727,False,False,0.5339426298157454,8.14,0.9,2026-01-04 19:00:00+00:00,19.0,2026-01-04 22:00:00,2026-01-05T00:00:00+05:00,b7f9d35cffe3874f33b7e0807b91f578350581e90078e0f463697ab24d6cf558,gfs_seamless,False,0.07166666666666667,4.825,0.9433333333333334,0.45002515892350603
turbine_2,2026-01-05 15:00:00+00:00,24,0.770373708126771,0.770373708126771,False,False,0.7521581836327346,9.53,0.3,2026-01-04 19:00:00+00:00,20.0,2026-01-04 22:00:00,2026-01-05T00:00:00+05:00,b7f9d35cffe3874f33b7e0807b91f578350581e90078e0f463697ab24d6cf558,gfs_seamless,False,0.12166666666666666,5.343333333333334,1.0966666666666667,0.6487070414601043
turbine_2,2026-01-05 16:00:00+00:00,24,0.8340407194404378,0.8340407194404378,False,False,0.7521581836327346,9.98,-0.2,2026-01-04 19:00:00+00:00,21.0,2026-01-04 22:00:00,2026-01-05T00:00:00+05:00,b7f9d35cffe3874f33b7e0807b91f578350581e90078e0f463697ab24d6cf558,gfs_seamless,False,0.15166666666666664,5.695,0.6466666666666666,0.6823740527737712
turbine_2,2026-01-05 17:00:00+00:00,24,0.9131163446540512,0.9131163446540512,False,False,0.8845220436753194,10.87,-0.5,2026-01-04 19:00:00+00:00,22.0,2026-01-04 22:00:00,2026-01-05T00:00:00+05:00,b7f9d35cffe3874f33b7e0807b91f578350581e90078e0f463697ab24d6cf558,gfs_seamless,False,0.34833333333333333,6.715,0.08166666666666667,0.564783011320718
turbine_2,2026-01-05 18:00:00+00:00,24,0.9234411836080635,0.9234411836080635,False,False,0.8845220436753194,10.74,-0.7,2026-01-04 19:00:00+00:00,23.0,2026-01-04 22:00:00,2026-01-05T00:00:00+05:00,b7f9d35cffe3874f33b7e0807b91f578350581e90078e0f463697ab24d6cf558,gfs_seamless,False,0.37166666666666665,6.941666666666666,0.13833333333333334,0.5517745169413968
turbine_2,2026-01-05 19:00:00+00:00,24,0.951611438898013,0.951611438898013,False,False,0.925302677532014,11.05,-0.8,2026-01-04 19:00:00+00:00,24.0,2026-01-04 22:00:00,2026-01-05T00:00:00+05:00,b7f9d35cffe3874f33b7e0807b91f578350581e90078e0f463697ab24d6cf558,gfs_seamless,False,0.3466666666666667,6.836666666666666,0.5166666666666667,0.6049447722313464
turbine_2,2026-01-05 20:00:00+00:00,48,0.940891450829534,0.940891450829534,False,False,0.8845220436753194,10.91,-0.9,2026-01-04 19:00:00+00:00,25.0,2026-01-04 22:00:00,2026-01-05T00:00:00+05:00,b7f9d35cffe3874f33b7e0807b91f578350581e90078e0f463697ab24d6cf558,gfs_seamless,False,0.2966666666666667,6.6883333333333335,0.545,0.6442247841628672
turbine_2,2026-01-05 21:00:00+00:00,48,0.9742733304020723,0.9742733304020723,False,False,0.9520113438045376,11.99,-1.0,2026-01-04 19:00:00+00:00,26.0,2026-01-04 22:00:00,2026-01-05T00:00:00+05:00,b7f9d35cffe3874f33b7e0807b91f578350581e90078e0f463697ab24d6cf558,gfs_seamless,False,0.7400000000000001,9.55,0.19833333333333333,0.2342733304020722
turbine_2,2026-01-05 22:00:00+00:00,48,0.9712083304477517,0.9712083304477517,False,False,0.9628872752420471,12.52,-1.2,2026-01-04 19:00:00+00:00,27.0,2026-01-04 22:00:00,2026-01-05T00:00:00+05:00,b7f9d35cffe3874f33b7e0807b91f578350581e90078e0f463697ab24d6cf558,gfs_seamless,False,0.9566666666666667,12.844999999999999,1.915,0.014541663781085012
turbine_2,2026-01-05 23:00:00+00:00,48,0.9406006164572096,0.9406006164572096,False,False,0.9628872752420471,12.7,-1.2,2026-01-04 19:00:00+00:00,28.0,2026-01-04 22:00:00,2026-01-05T00:00:00+05:00,b7f9d35cffe3874f33b7e0807b91f578350581e90078e0f463697ab24d6cf558,gfs_seamless,False,0.7999999999999999,10.253333333333332,2.5416666666666665,0.14060061645720967
turbine_2,2026-01-06 00:00:00+00:00,48,0.9690971579456057,0.9690971579456057,False,False,0.9697865853658537,13.1,-1.5,2026-01-04 19:00:00+00:00,29.0,2026-01-04 22:00:00,2026-01-05T00:00:00+05:00,b7f9d35cffe3874f33b7e0807b91f578350581e90078e0f463697ab24d6cf558,gfs_seamless,False,0.9683333333333333,10.995,1.3233333333333333,0.0007638246122724235
turbine_2,2026-01-06 01:00:00+00:00,48,0.9637236180696387,0.9637236180696387,False,False,0.9697865853658537,13.02,-1.4,2026-01-04 19:00:00+00:00,30.0,2026-01-04 22:00:00,2026-01-05T00:00:00+05:00,b7f9d35cffe3874f33b7e0807b91f578350581e90078e0f463697ab24d6cf558,gfs_seamless,False,0.8783333333333333,9.966666666666667,-0.3866666666666667,0.08539028473630539
turbine_2,2026-01-06 02:00:00+00:00,48,0.9556264648346389,0.9556264648346389,False,False,0.9697865853658537,13.31,-1.7,2026-01-04 19:00:00+00:00,31.0,2026-01-04 22:00:00,2026-01-05T00:00:00+05:00,b7f9d35cffe3874f33b7e0807b91f578350581e90078e0f463697ab24d6cf558,gfs_seamless,False,0.9733333333333333,11.556666666666667,-1.5383333333333333,0.017706868498694406
turbine_2,2026-01-06 03:00:00+00:00,48,0.9815092389768549,0.9815092389768549,False,False,0.9607463768115941,13.56,-1.6,2026-01-04 19:00:00+00:00,32.0,2026-01-04 22:00:00,2026-01-05T00:00:00+05:00,b7f9d35cffe3874f33b7e0807b91f578350581e90078e0f463697ab24d6cf558,gfs_seamless,False,0.9683333333333333,12.604999999999999,-1.5733333333333333,0.013175905643521668
turbine_2,2026-01-06 04:00:00+00:00,48,0.9813865684203867,0.9813865684203867,False,False,0.9607463768115941,13.57,0.1,2026-01-04 19:00:00+00:00,33.0,2026-01-04 22:00:00,2026-01-05T00:00:00+05:00,b7f9d35cffe3874f33b7e0807b91f578350581e90078e0f463697ab24d6cf558,gfs_seamless,False,0.965,12.636666666666665,-1.655,0.01638656842038677
turbine_2,2026-01-06 05:00:00+00:00,48,0.943052126173936,0.943052126173936,False,False,0.9623423423423424,14.54,2.3,2026-01-04 19:00:00+00:00,34.0,2026-01-04 22:00:00,2026-01-05T00:00:00+05:00,b7f9d35cffe3874f33b7e0807b91f578350581e90078e0f463697ab24d6cf558,gfs_seamless,False,0.9133333333333334,12.808333333333332,-1.3516666666666666,0.029718792840602526
turbine_2,2026-01-06 06:00:00+00:00,48,0.9780820853695994,0.9780820853695994,False,False,0.9600239808153477,14.24,3.6,2026-01-04 19:00:00+00:00,35.0,2026-01-04 22:00:00,2026-01-05T00:00:00+05:00,b7f9d35cffe3874f33b7e0807b91f578350581e90078e0f463697ab24d6cf558,gfs_seamless,False,0.975,13.781666666666666,-1.2366666666666666,0.003082085369599419
turbine_2,2026-01-06 07:00:00+00:00,48,0.9780820853695994,0.9780820853695994,False,False,0.9600239808153477,14.2,4.3,2026-01-04 19:00:00+00:00,36.0,2026-01-04 22:00:00,2026-01-05T00:00:00+05:00,b7f9d35cffe3874f33b7e0807b91f578350581e90078e0f463697ab24d6cf558,gfs_seamless,False,0.9733333333333333,12.803333333333335,0.21166666666666667,0.004748752036266124
turbine_2,2026-01-06 08:00:00+00:00,48,0.9760083703806209,0.9760083703806209,False,False,0.9607463768115941,13.98,4.5,2026-01-04 19:00:00+00:00,37.0,2026-01-04 22:00:00,2026-01-05T00:00:00+05:00,b7f9d35cffe3874f33b7e0807b91f578350581e90078e0f463697ab24d6cf558,gfs_seamless,False,0.9666666666666667,11.803333333333333,4.4799999999999995,0.009341703713954264
turbine_2,2026-01-06 09:00:00+00:00,48,0.9817761626269297,0.9817761626269297,False,False,0.9607463768115941,13.7,4.5,2026-01-04 19:00:00+00:00,38.0,2026-01-04 22:00:00,2026-01-05T00:00:00+05:00,b7f9d35cffe3874f33b7e0807b91f578350581e90078e0f463697ab24d6cf558,gfs_seamless,False,0.9700000000000001,12.475,7.043333333333333,0.011776162626929598
turbine_2,2026-01-06 10:00:00+00:00,48,0.9802307685617336,0.9802307685617336,False,False,0.9697865853658537,13.41,3.8,2026-01-04 19:00:00+00:00,39.0,2026-01-04 22:00:00,2026-01-05T00:00:00+05:00,b7f9d35cffe3874f33b7e0807b91f578350581e90078e0f463697ab24d6cf558,gfs_seamless,False,0.965,12.18,7.395,0.015230768561733665
turbine_2,2026-01-06 11:00:00+00:00,48,0.9791413099411239,0.9791413099411239,False,False,0.9628872752420471,12.98,2.0,2026-01-04 19:00:00+00:00,40.0,2026-01-04 22:00:00,2026-01-05T00:00:00+05:00,b7f9d35cffe3874f33b7e0807b91f578350581e90078e0f463697ab24d6cf558,gfs_seamless,False,0.9700000000000001,12.358333333333334,7.1499999999999995,0.009141309941123832
turbine_2,2026-01-06 12:00:00+00:00,48,0.9740242172242835,0.9740242172242835,False,False,0.9628872752420471,12.61,0.6,2026-01-04 19:00:00+00:00,41.0,2026-01-04 22:00:00,2026-01-05T00:00:00+05:00,b7f9d35cffe3874f33b7e0807b91f578350581e90078e0f463697ab24d6cf558,gfs_seamless,False,0.9700000000000001,11.683333333333332,4.37,0.004024217224283366
turbine_2,2026-01-06 13:00:00+00:00,48,0.979246604563565,0.979246604563565,False,False,0.9571070811744387,12.22,0.2,2026-01-04 19:00:00+00:00,42.0,2026-01-04 22:00:00,2026-01-05T00:00:00+05:00,b7f9d35cffe3874f33b7e0807b91f578350581e90078e0f463697ab24d6cf558,gfs_seamless,False,0.9700000000000001,11.808333333333332,3.5716666666666668,0.009246604563564964
turbine_2,2026-01-06 14:00:00+00:00,48,0.9793521156776791,0.9793521156776791,False,False,0.9571070811744387,12.03,-0.1,2026-01-04 19:00:00+00:00,43.0,2026-01-04 22:00:00,2026-01-05T00:00:00+05:00,b7f9d35cffe3874f33b7e0807b91f578350581e90078e0f463697ab24d6cf558,gfs_seamless,False,0.8916666666666666,10.346666666666666,2.2733333333333334,0.0876854490110125
turbine_2,2026-01-06 15:00:00+00:00,48,0.9723803351119052,0.9723803351119052,False,False,0.9520113438045376,11.59,-0.3,2026-01-04 19:00:00+00:00,44.0,2026-01-04 22:00:00,2026-01-05T00:00:00+05:00,b7f9d35cffe3874f33b7e0807b91f578350581e90078e0f463697ab24d6cf558,gfs_seamless,False,0.635,8.568333333333333,1.7850000000000001,0.33738033511190524
turbine_2,2026-01-06 16:00:00+00:00,48,0.9461026383054656,0.9461026383054656,False,False,0.925302677532014,11.36,-0.5,2026-01-04 19:00:00+00:00,45.0,2026-01-04 22:00:00,2026-01-05T00:00:00+05:00,b7f9d35cffe3874f33b7e0807b91f578350581e90078e0f463697ab24d6cf558,gfs_seamless,False,0.48500000000000004,7.718333333333334,1.1066666666666667,0.46110263830546555
turbine_2,2026-01-06 17:00:00+00:00,48,0.8679538562309953,0.8679538562309953,False,False,0.8243118427069044,10.38,-0.7,2026-01-04 19:00:00+00:00,46.0,2026-01-04 22:00:00,2026-01-05T00:00:00+05:00,b7f9d35cffe3874f33b7e0807b91f578350581e90078e0f463697ab24d6cf558,gfs_seamless,False,0.165,5.543333333333333,-0.5066666666666667,0.7029538562309953
turbine_2,2026-01-06 18:00:00+00:00,48,0.5761891100521513,0.5761891100521513,False,False,0.6154246139872843,8.5,-1.2,2026-01-04 19:00:00+00:00,47.0,2026-01-04 22:00:00,2026-01-05T00:00:00+05:00,b7f9d35cffe3874f33b7e0807b91f578350581e90078e0f463697ab24d6cf558,gfs_seamless,False,0.021666666666666667,2.671666666666667,-0.895,0.5545224433854847
turbine_2,2026-01-06 19:00:00+00:00,48,0.4462353801959333,0.4462353801959333,False,False,0.459928850942725,7.75,-1.2,2026-01-04 19:00:00+00:00,48.0,2026-01-04 22:00:00,2026-01-05T00:00:00+05:00,b7f9d35cffe3874f33b7e0807b91f578350581e90078e0f463697ab24d6cf558,gfs_seamless,False,0.008333333333333333,2.901666666666667,-0.89,0.4379020468625999
turbine_1,2026-01-05 20:00:00+00:00,24,0.9747961341754806,0.9747961341754806,False,False,0.9377506596306068,11.36,-1.1,2026-01-05 19:00:00+00:00,1.0,2026-01-05 22:00:00,2026-01-06T00:00:00+05:00,ad01cd4a1c944571c277b16751c0c1aa33168e656dc568c0c4444f4222d6850d,gfs_seamless,False,0.31833333333333336,6.723333333333334,0.765,0.6564628008421473
turbine_1,2026-01-05 21:00:00+00:00,24,0.9799380477182041,0.9799380477182041,False,False,0.9601162250116224,11.67,-1.1,2026-01-05 19:00:00+00:00,2.0,2026-01-05 22:00:00,2026-01-06T00:00:00+05:00,ad01cd4a1c944571c277b16751c0c1aa33168e656dc568c0c4444f4222d6850d,gfs_seamless,False,0.8166666666666668,9.946666666666667,0.245,0.16327138105153738
turbine_1,2026-01-05 22:00:00+00:00,24,0.980861897691008,0.980861897691008,False,False,0.9577674129353234,12.13,-1.2,2026-01-05 19:00:00+00:00,3.0,2026-01-05 22:00:00,2026-01-06T00:00:00+05:00,ad01cd4a1c944571c277b16751c0c1aa33168e656dc568c0c4444f4222d6850d,gfs_seamless,False,0.9866666666666667,13.041666666666666,1.9683333333333335,0.005804768975658736
turbine_1,2026-01-05 23:00:00+00:00,24,0.9673993872178087,0.9673993872178087,False,False,0.9668531468531468,12.75,-1.3,2026-01-05 19:00:00+00:00,4.0,2026-01-05 22:00:00,2026-01-06T00:00:00+05:00,ad01cd4a1c944571c277b16751c0c1aa33168e656dc568c0c4444f4222d6850d,gfs_seamless,False,0.8433333333333333,10.468333333333334,2.473333333333333,0.12406605388447545
turbine_1,2026-01-06 00:00:00+00:00,24,0.9895127415700888,0.9895127415700888,False,False,0.9769104308390022,13.1,-1.5,2026-01-05 19:00:00+00:00,5.0,2026-01-05 22:00:00,2026-01-06T00:00:00+05:00,ad01cd4a1c944571c277b16751c0c1aa33168e656dc568c0c4444f4222d6850d,gfs_seamless,False,0.9700000000000001,10.806666666666667,0.9016666666666667,0.019512741570088754
turbine_1,2026-01-06 01:00:00+00:00,24,0.9827600971225233,0.9827600971225233,False,False,0.9653976311336716,13.64,-1.6,2026-01-05 19:00:00+00:00,6.0,2026-01-05 22:00:00,2026-01-06T00:00:00+05:00,ad01cd4a1c944571c277b16751c0c1aa33168e656dc568c0c4444f4222d6850d,gfs_seamless,False,0.8766666666666666,10.026666666666667,-0.5433333333333333,0.10609343045585673
turbine_1,2026-01-06 02:00:00+00:00,24,0.9827600971225233,0.9827600971225233,False,False,0.9653976311336716,13.69,-1.7,2026-01-05 19:00:00+00:00,7.0,2026-01-05 22:00:00,2026-01-06T00:00:00+05:00,ad01cd4a1c944571c277b16751c0c1aa33168e656dc568c0c4444f4222d6850d,gfs_seamless,False,0.9733333333333333,11.51,-1.5199999999999998,0.009426763789190051
turbine_1,2026-01-06 03:00:00+00:00,24,0.9817420040545269,0.9817420040545269,False,False,0.9653976311336716,13.6,-1.5,2026-01-05 19:00:00+00:00,8.0,2026-01-05 22:00:00,2026-01-06T00:00:00+05:00,ad01cd4a1c944571c277b16751c0c1aa33168e656dc568c0c4444f4222d6850d,gfs_seamless,False,0.9899999999999999,12.325000000000001,-1.7216666666666667,0.00825799594547294
turbine_1,2026-01-06 04:00:00+00:00,24,0.9271531325428455,0.9271531325428455,False,False,0.9653976311336716,13.96,-0.0,2026-01-05 19:00:00+00:00,9.0,2026-01-05 22:00:00,2026-01-06T00:00:00+05:00,ad01cd4a1c944571c277b16751c0c1aa33168e656dc568c0c4444f4222d6850d,gfs_seamless,False,0.9783333333333334,12.238333333333335,-0.8316666666666667,0.051180200790487906
turbine_1,2026-01-06 05:00:00+00:00,24,0.9741255291775045,0.9741255291775045,False,False,0.961047619047619,14.82,2.0,2026-01-05 19:00:00+00:00,10.0,2026-01-05 22:00:00,2026-01-06T00:00:00+05:00,ad01cd4a1c944571c277b16751c0c1aa33168e656dc568c0c4444f4222d6850d,gfs_seamless,False,0.9683333333333333,12.82,-1.6033333333333335,0.005792195844171233
turbine_1,2026-01-06 06:00:00+00:00,24,0.9710448048741294,0.9710448048741294,False,False,0.9650781249999999,15.08,3.2,2026-01-05 19:00:00+00:00,11.0,2026-01-05 22:00:00,2026-01-06T00:00:00+05:00,ad01cd4a1c944571c277b16751c0c1aa33168e656dc568c0c4444f4222d6850d,gfs_seamless,False,0.9866666666666667,13.106666666666667,-1.2216666666666667,0.015621861792537328
turbine_1,2026-01-06 07:00:00+00:00,24,0.9974575861071421,0.9974575861071421,False,False,0.961047619047619,14.84,3.8,2026-01-05 19:00:00+00:00,12.0,2026-01-05 22:00:00,2026-01-06T00:00:00+05:00,ad01cd4a1c944571c277b16751c0c1aa33168e656dc568c0c4444f4222d6850d,gfs_seamless,False,0.9766666666666666,12.13,0.21166666666666667,0.020790919440475508
turbine_1,2026-01-06 08:00:00+00:00,24,0.9974575861071421,0.9974575861071421,False,False,0.9650781249999999,15.28,4.0,2026-01-05 19:00:00+00:00,13.0,2026-01-05 22:00:00,2026-01-06T00:00:00+05:00,ad01cd4a1c944571c277b16751c0c1aa33168e656dc568c0c4444f4222d6850d,gfs_seamless,False,0.9683333333333333,11.373333333333333,3.9966666666666666,0.029124252773808812
turbine_1,2026-01-06 09:00:00+00:00,24,0.9989574978583652,0.9983333333333334,True,False,0.9650781249999999,15.11,4.2,2026-01-05 19:00:00+00:00,14.0,2026-01-05 22:00:00,2026-01-06T00:00:00+05:00,ad01cd4a1c944571c277b16751c0c1aa33168e656dc568c0c4444f4222d6850d,gfs_seamless,False,0.9866666666666667,12.123333333333333,6.8116666666666665,0.011666666666666714
turbine_1,2026-01-06 10:00:00+00:00,24,1.0002445305876189,0.9983333333333334,True,False,0.9681453634085212,14.36,3.7,2026-01-05 19:00:00+00:00,15.0,2026-01-05 22:00:00,2026-01-06T00:00:00+05:00,ad01cd4a1c944571c277b16751c0c1aa33168e656dc568c0c4444f4222d6850d,gfs_seamless,False,0.9899999999999999,12.086666666666666,7.203333333333333,0.008333333333333526
turbine_1,2026-01-06 11:00:00+00:00,24,0.988717515819432,0.988717515819432,False,False,0.9653976311336716,13.61,1.8,2026-01-05 19:00:00+00:00,16.0,2026-01-05 22:00:00,2026-01-06T00:00:00+05:00,ad01cd4a1c944571c277b16751c0c1aa33168e656dc568c0c4444f4222d6850d,gfs_seamless,False,0.9883333333333333,12.583333333333334,6.948333333333333,0.0003841824860987275
turbine_1,2026-01-06 12:00:00+00:00,24,0.987798371539478,0.987798371539478,False,False,0.9668531468531468,12.85,0.3,2026-01-05 19:00:00+00:00,17.0,2026-01-05 22:00:00,2026-01-06T00:00:00+05:00,ad01cd4a1c944571c277b16751c0c1aa33168e656dc568c0c4444f4222d6850d,gfs_seamless,False,0.9883333333333333,11.39,4.0249999999999995,0.0005349617938552598
turbine_1,2026-01-06 13:00:00+00:00,24,0.9969490006093679,0.9969490006093679,False,False,0.9577674129353234,12.22,-0.1,2026-01-05 19:00:00+00:00,18.0,2026-01-05 22:00:00,2026-01-06T00:00:00+05:00,ad01cd4a1c944571c277b16751c0c1aa33168e656dc568c0c4444f4222d6850d,gfs_seamless,False,0.9899999999999999,11.575000000000001,3.2916666666666665,0.0069490006093679835
turbine_1,2026-01-06 14:00:00+00:00,24,0.9693262027400246,0.9693262027400246,False,False,0.9601162250116224,11.67,-0.4,2026-01-05 19:00:00+00:00,19.0,2026-01-05 22:00:00,2026-01-06T00:00:00+05:00,ad01cd4a1c944571c277b16751c0c1aa33168e656dc568c0c4444f4222d6850d,gfs_seamless,False,0.855,10.22,2.1416666666666666,0.11432620274002459
turbine_1,2026-01-06 15:00:00+00:00,24,0.9649715700930073,0.9649715700930073,False,False,0.9377506596306068,11.05,-0.8,2026-01-05 19:00:00+00:00,20.0,2026-01-05 22:00:00,2026-01-06T00:00:00+05:00,ad01cd4a1c944571c277b16751c0c1aa33168e656dc568c0c4444f4222d6850d,gfs_seamless,False,0.6966666666666667,8.935,1.5716666666666665,0.2683049034263406
turbine_1,2026-01-06 16:00:00+00:00,24,0.8654718430578151,0.8654718430578151,False,False,0.8298972296693476,10.11,-1.0,2026-01-05 19:00:00+00:00,21.0,2026-01-05 22:00:00,2026-01-06T00:00:00+05:00,ad01cd4a1c944571c277b16751c0c1aa33168e656dc568c0c4444f4222d6850d,gfs_seamless,False,0.4633333333333333,7.411666666666666,0.8883333333333333,0.4021385097244818
turbine_1,2026-01-06 17:00:00+00:00,24,0.6838326280248914,0.6838326280248914,False,False,0.6262199312714777,8.95,-1.3,2026-01-05 19:00:00+00:00,22.0,2026-01-05 22:00:00,2026-01-06T00:00:00+05:00,ad01cd4a1c944571c277b16751c0c1aa33168e656dc568c0c4444f4222d6850d,gfs_seamless,False,0.22999999999999998,5.796666666666667,-0.515,0.45383262802489144
turbine_1,2026-01-06 18:00:00+00:00,24,0.3133635950395139,0.3133635950395139,False,False,0.32568850470124355,6.74,-1.4,2026-01-05 19:00:00+00:00,23.0,2026-01-05 22:00:00,2026-01-06T00:00:00+05:00,ad01cd4a1c944571c277b16751c0c1aa33168e656dc568c0c4444f4222d6850d,gfs_seamless,False,0.02,2.6533333333333333,-0.7833333333333333,0.29336359503951387
turbine_1,2026-01-06 19:00:00+00:00,24,0.1467273679691889,0.1467273679691889,False,False,0.19650659926986802,5.75,-1.3,2026-01-05 19:00:00+00:00,24.0,2026-01-05 22:00:00,2026-01-06T00:00:00+05:00,ad01cd4a1c944571c277b16751c0c1aa33168e656dc568c0c4444f4222d6850d,gfs_seamless,False,0.01,2.8733333333333335,-0.6233333333333333,0.13672736796918888
turbine_1,2026-01-06 20:00:00+00:00,48,0.379936516130372,0.379936516130372,False,False,0.39881897386253634,7.26,-1.3,2026-01-05 19:00:00+00:00,25.0,2026-01-05 22:00:00,2026-01-06T00:00:00+05:00,ad01cd4a1c944571c277b16751c0c1aa33168e656dc568c0c4444f4222d6850d,gfs_seamless,False,0.028333333333333335,3.8049999999999997,-1.1483333333333332,0.35160318279703867
turbine_1,2026-01-06 21:00:00+00:00,48,0.32542746765285785,0.32542746765285785,False,False,0.32568850470124355,6.9,-1.4,2026-01-05 19:00:00+00:00,26.0,2026-01-05 22:00:00,2026-01-06T00:00:00+05:00,ad01cd4a1c944571c277b16751c0c1aa33168e656dc568c0c4444f4222d6850d,gfs_seamless,False,0.028333333333333332,3.1983333333333337,0.6033333333333334,0.2970941343195245
turbine_1,2026-01-06 22:00:00+00:00,48,0.22206720944478534,0.22206720944478534,False,False,0.2573200589970501,6.21,-1.3,2026-01-05 19:00:00+00:00,27.0,2026-01-05 22:00:00,2026-01-06T00:00:00+05:00,ad01cd4a1c944571c277b16751c0c1aa33168e656dc568c0c4444f4222d6850d,gfs_seamless,False,0.01,2.2083333333333335,0.9333333333333332,0.21206720944478533
turbine_1,2026-01-06 23:00:00+00:00,48,0.12311181328830971,0.12311181328830971,False,False,0.1500494417862839,5.43,-1.2,2026-01-05 19:00:00+00:00,28.0,2026-01-05 22:00:00,2026-01-06T00:00:00+05:00,ad01cd4a1c944571c277b16751c0c1aa33168e656dc568c0c4444f4222d6850d,gfs_seamless,False,0.01,1.2783333333333333,0.43333333333333335,0.11311181328830971
turbine_1,2026-01-07 00:00:00+00:00,48,0.12944015345885712,0.12944015345885712,False,False,0.19650659926986802,5.58,-1.7,2026-01-05 19:00:00+00:00,29.0,2026-01-05 22:00:00,2026-01-06T00:00:00+05:00,ad01cd4a1c944571c277b16751c0c1aa33168e656dc568c0c4444f4222d6850d,gfs_seamless,False,0.01,0.9633333333333334,-0.09833333333333334,0.11944015345885713
turbine_1,2026-01-07 01:00:00+00:00,48,0.18452398146816917,0.18452398146816917,False,False,0.19650659926986802,5.98,-1.8,2026-01-05 19:00:00+00:00,30.0,2026-01-05 22:00:00,2026-01-06T00:00:00+05:00,ad01cd4a1c944571c277b16751c0c1aa33168e656dc568c0c4444f4222d6850d,gfs_seamless,False,0.01,0.7383333333333333,-0.21666666666666667,0.17452398146816916
turbine_1,2026-01-07 02:00:00+00:00,48,0.3176060385632452,0.3176060385632452,False,False,0.32568850470124355,6.93,-2.0,2026-01-05 19:00:00+00:00,31.0,2026-01-05 22:00:00,2026-01-06T00:00:00+05:00,ad01cd4a1c944571c277b16751c0c1aa33168e656dc568c0c4444f4222d6850d,gfs_seamless,False,0.01,0.8866666666666667,-1.0783333333333334,0.3076060385632452
turbine_1,2026-01-07 03:00:00+00:00,48,0.5059605013272606,0.5059605013272606,False,False,0.4757277526395174,7.97,-2.1,2026-01-05 19:00:00+00:00,32.0,2026-01-05 22:00:00,2026-01-06T00:00:00+05:00,ad01cd4a1c944571c277b16751c0c1aa33168e656dc568c0c4444f4222d6850d,gfs_seamless,False,0.01,1.415,-0.85,0.49596050132726055
turbine_1,2026-01-07 04:00:00+00:00,48,0.5008596750260139,0.5008596750260139,False,False,0.4757277526395174,7.88,-0.9,2026-01-05 19:00:00+00:00,33.0,2026-01-05 22:00:00,2026-01-06T00:00:00+05:00,ad01cd4a1c944571c277b16751c0c1aa33168e656dc568c0c4444f4222d6850d,gfs_seamless,False,0.01,1.0733333333333335,-0.4266666666666667,0.4908596750260139
turbine_1,2026-01-07 05:00:00+00:00,48,0.5137785252072148,0.5137785252072148,False,False,0.4757277526395174,7.88,0.3,2026-01-05 19:00:00+00:00,34.0,2026-01-05 22:00:00,2026-01-06T00:00:00+05:00,ad01cd4a1c944571c277b16751c0c1aa33168e656dc568c0c4444f4222d6850d,gfs_seamless,False,0.01,0.585,0.7600000000000001,0.5037785252072148
turbine_1,2026-01-07 06:00:00+00:00,48,0.35298764681405725,0.35298764681405725,False,False,0.32568850470124355,6.89,1.3,2026-01-05 19:00:00+00:00,35.0,2026-01-05 22:00:00,2026-01-06T00:00:00+05:00,ad01cd4a1c944571c277b16751c0c1aa33168e656dc568c0c4444f4222d6850d,gfs_seamless,False,0.01,1.3683333333333334,1.7233333333333334,0.34298764681405725
turbine_1,2026-01-07 07:00:00+00:00,48,0.29583872913720977,0.29583872913720977,False,False,0.32568850470124355,6.56,2.5,2026-01-05 19:00:00+00:00,36.0,2026-01-05 22:00:00,2026-01-06T00:00:00+05:00,ad01cd4a1c944571c277b16751c0c1aa33168e656dc568c0c4444f4222d6850d,gfs_seamless,False,0.01,1.0866666666666667,4.596666666666667,0.28583872913720976
turbine_1,2026-01-07 08:00:00+00:00,48,0.32889173059592414,0.32889173059592414,False,False,0.32568850470124355,6.71,2.8,2026-01-05 19:00:00+00:00,37.0,2026-01-05 22:00:00,2026-01-06T00:00:00+05:00,ad01cd4a1c944571c277b16751c0c1aa33168e656dc568c0c4444f4222d6850d,gfs_seamless,False,0.01,1.0716666666666665,5.416666666666667,0.3188917305959241
turbine_1,2026-01-07 09:00:00+00:00,48,0.3303156680536678,0.3303156680536678,False,False,0.32568850470124355,6.74,2.8,2026-01-05 19:00:00+00:00,38.0,2026-01-05 22:00:00,2026-01-06T00:00:00+05:00,ad01cd4a1c944571c277b16751c0c1aa33168e656dc568c0c4444f4222d6850d,gfs_seamless,False,0.01,0.7466666666666667,5.59,0.3203156680536678
turbine_1,2026-01-07 10:00:00+00:00,48,0.31513466998649775,0.31513466998649775,False,False,0.32568850470124355,6.66,2.4,2026-01-05 19:00:00+00:00,39.0,2026-01-05 22:00:00,2026-01-06T00:00:00+05:00,ad01cd4a1c944571c277b16751c0c1aa33168e656dc568c0c4444f4222d6850d,gfs_seamless,False,0.01,1.2383333333333333,5.053333333333334,0.30513466998649774
turbine_1,2026-01-07 11:00:00+00:00,48,0.42355536016888995,0.42355536016888995,False,False,0.39881897386253634,7.36,0.4,2026-01-05 19:00:00+00:00,40.0,2026-01-05 22:00:00,2026-01-06T00:00:00+05:00,ad01cd4a1c944571c277b16751c0c1aa33168e656dc568c0c4444f4222d6850d,gfs_seamless,False,0.011666666666666667,2.763333333333333,2.7566666666666664,0.4118886935022233
turbine_1,2026-01-07 12:00:00+00:00,48,0.45275566337820217,0.45275566337820217,False,False,0.4757277526395174,7.58,-1.2,2026-01-05 19:00:00+00:00,41.0,2026-01-05 22:00:00,2026-01-06T00:00:00+05:00,ad01cd4a1c944571c277b16751c0c1aa33168e656dc568c0c4444f4222d6850d,gfs_seamless,False,0.028333333333333332,4.408333333333334,-0.9700000000000001,0.42442233004486885
turbine_1,2026-01-07 13:00:00+00:00,48,0.497494959364674,0.497494959364674,False,False,0.4757277526395174,7.92,-1.4,2026-01-05 19:00:00+00:00,42.0,2026-01-05 22:00:00,2026-01-06T00:00:00+05:00,ad01cd4a1c944571c277b16751c0c1aa33168e656dc568c0c4444f4222d6850d,gfs_seamless,False,0.02,4.121666666666667,-3.026666666666667,0.477494959364674
turbine_1,2026-01-07 14:00:00+00:00,48,0.5818183371249058,0.5818183371249058,False,False,0.5473923444976077,8.45,-1.7,2026-01-05 19:00:00+00:00,43.0,2026-01-05 22:00:00,2026-01-06T00:00:00+05:00,ad01cd4a1c944571c277b16751c0c1aa33168e656dc568c0c4444f4222d6850d,gfs_seamless,False,0.011666666666666667,2.861666666666667,-3.09,0.5701516704582391
turbine_1,2026-01-07 15:00:00+00:00,48,0.6969576837775466,0.6969576837775466,False,False,0.6947712418300653,9.0,-1.9,2026-01-05 19:00:00+00:00,44.0,2026-01-05 22:00:00,2026-01-06T00:00:00+05:00,ad01cd4a1c944571c277b16751c0c1aa33168e656dc568c0c4444f4222d6850d,gfs_seamless,False,0.01,1.4316666666666666,-2.893333333333333,0.6869576837775466
turbine_1,2026-01-07 16:00:00+00:00,48,0.8074684305234991,0.8074684305234991,False,False,0.763795746785361,9.72,-2.2,2026-01-05 19:00:00+00:00,45.0,2026-01-05 22:00:00,2026-01-06T00:00:00+05:00,ad01cd4a1c944571c277b16751c0c1aa33168e656dc568c0c4444f4222d6850d,gfs_seamless,False,0.01,1.0883333333333334,-3.0683333333333334,0.7974684305234991
turbine_1,2026-01-07 17:00:00+00:00,48,0.8401629970178165,0.8401629970178165,False,False,0.763795746785361,9.88,-2.3,2026-01-05 19:00:00+00:00,46.0,2026-01-05 22:00:00,2026-01-06T00:00:00+05:00,ad01cd4a1c944571c277b16751c0c1aa33168e656dc568c0c4444f4222d6850d,gfs_seamless,False,0.01,1.16,-3.0366666666666666,0.8301629970178165
turbine_1,2026-01-07 18:00:00+00:00,48,0.6990086376238701,0.6990086376238701,False,False,0.6947712418300653,9.08,-2.6,2026-01-05 19:00:00+00:00,47.0,2026-01-05 22:00:00,2026-01-06T00:00:00+05:00,ad01cd4a1c944571c277b16751c0c1aa33168e656dc568c0c4444f4222d6850d,gfs_seamless,False,0.01,1.3233333333333335,-3.311666666666667,0.6890086376238701
turbine_1,2026-01-07 19:00:00+00:00,48,0.726145710480452,0.726145710480452,False,False,0.6947712418300653,9.18,-2.8,2026-01-05 19:00:00+00:00,48.0,2026-01-05 22:00:00,2026-01-06T00:00:00+05:00,ad01cd4a1c944571c277b16751c0c1aa33168e656dc568c0c4444f4222d6850d,gfs_seamless,False,0.01,0.7933333333333333,-3.686666666666667,0.716145710480452
turbine_2,2026-01-05 20:00:00+00:00,24,0.9593395715469178,0.9593395715469178,False,False,0.925302677532014,11.36,-1.1,2026-01-05 19:00:00+00:00,1.0,2026-01-05 22:00:00,2026-01-06T00:00:00+05:00,480615662b1b74d381acae7cb5230a0b426a11ae9ecb70ff5b551df29912ed3a,gfs_seamless,False,0.2966666666666667,6.6883333333333335,0.545,0.6626729048802511
turbine_2,2026-01-05 21:00:00+00:00,24,0.9710904913506855,0.9710904913506855,False,False,0.9520113438045376,11.67,-1.1,2026-01-05 19:00:00+00:00,2.0,2026-01-05 22:00:00,2026-01-06T00:00:00+05:00,480615662b1b74d381acae7cb5230a0b426a11ae9ecb70ff5b551df29912ed3a,gfs_seamless,False,0.7400000000000001,9.55,0.19833333333333333,0.23109049135068538
turbine_2,2026-01-05 22:00:00+00:00,24,0.9291740780845943,0.9291740780845943,False,False,0.9571070811744387,12.13,-1.2,2026-01-05 19:00:00+00:00,3.0,2026-01-05 22:00:00,2026-01-06T00:00:00+05:00,480615662b1b74d381acae7cb5230a0b426a11ae9ecb70ff5b551df29912ed3a,gfs_seamless,False,0.9566666666666667,12.844999999999999,1.915,0.027492588582072375
turbine_2,2026-01-05 23:00:00+00:00,24,0.9659353041148185,0.9659353041148185,False,False,0.9628872752420471,12.75,-1.3,2026-01-05 19:00:00+00:00,4.0,2026-01-05 22:00:00,2026-01-06T00:00:00+05:00,480615662b1b74d381acae7cb5230a0b426a11ae9ecb70ff5b551df29912ed3a,gfs_seamless,False,0.7999999999999999,10.253333333333332,2.5416666666666665,0.1659353041148186
turbine_2,2026-01-06 00:00:00+00:00,24,0.9742958126899689,0.9742958126899689,False,False,0.9697865853658537,13.1,-1.5,2026-01-05 19:00:00+00:00,5.0,2026-01-05 22:00:00,2026-01-06T00:00:00+05:00,480615662b1b74d381acae7cb5230a0b426a11ae9ecb70ff5b551df29912ed3a,gfs_seamless,False,0.9683333333333333,10.995,1.3233333333333333,0.0059624793566356304
turbine_2,2026-01-06 01:00:00+00:00,24,0.9816575065290306,0.9816575065290306,False,False,0.9607463768115941,13.64,-1.6,2026-01-05 19:00:00+00:00,6.0,2026-01-05 22:00:00,2026-01-06T00:00:00+05:00,480615662b1b74d381acae7cb5230a0b426a11ae9ecb70ff5b551df29912ed3a,gfs_seamless,False,0.8783333333333333,9.966666666666667,-0.3866666666666667,0.10332417319569731
turbine_2,2026-01-06 02:00:00+00:00,24,0.9917172856664731,0.9916666666666667,True,False,0.9607463768115941,13.69,-1.7,2026-01-05 19:00:00+00:00,7.0,2026-01-05 22:00:00,2026-01-06T00:00:00+05:00,480615662b1b74d381acae7cb5230a0b426a11ae9ecb70ff5b551df29912ed3a,gfs_seamless,False,0.9733333333333333,11.556666666666667,-1.5383333333333333,0.018333333333333424
turbine_2,2026-01-06 03:00:00+00:00,24,0.9839678898176236,0.9839678898176236,False,False,0.9607463768115941,13.6,-1.5,2026-01-05 19:00:00+00:00,8.0,2026-01-05 22:00:00,2026-01-06T00:00:00+05:00,480615662b1b74d381acae7cb5230a0b426a11ae9ecb70ff5b551df29912ed3a,gfs_seamless,False,0.9683333333333333,12.604999999999999,-1.5733333333333333,0.01563455648429035
turbine_2,2026-01-06 04:00:00+00:00,24,1.004749524099259,0.9916666666666667,True,False,0.9607463768115941,13.96,-0.0,2026-01-05 19:00:00+00:00,9.0,2026-01-05 22:00:00,2026-01-06T00:00:00+05:00,480615662b1b74d381acae7cb5230a0b426a11ae9ecb70ff5b551df29912ed3a,gfs_seamless,False,0.965,12.636666666666665,-1.655,0.026666666666666727
turbine_2,2026-01-06 05:00:00+00:00,24,0.8699154676475486,0.8699154676475486,False,False,0.9623423423423424,14.82,2.0,2026-01-05 19:00:00+00:00,10.0,2026-01-05 22:00:00,2026-01-06T00:00:00+05:00,480615662b1b74d381acae7cb5230a0b426a11ae9ecb70ff5b551df29912ed3a,gfs_seamless,False,0.9133333333333334,12.808333333333332,-1.3516666666666666,0.04341786568578487
turbine_2,2026-01-06 06:00:00+00:00,24,0.9535450956592262,0.9535450956592262,False,False,0.9496153846153847,15.08,3.2,2026-01-05 19:00:00+00:00,11.0,2026-01-05 22:00:00,2026-01-06T00:00:00+05:00,480615662b1b74d381acae7cb5230a0b426a11ae9ecb70ff5b551df29912ed3a,gfs_seamless,False,0.975,13.781666666666666,-1.2366666666666666,0.021454904340773795
turbine_2,2026-01-06 07:00:00+00:00,24,0.9762171544158003,0.9762171544158003,False,False,0.9623423423423424,14.84,3.8,2026-01-05 19:00:00+00:00,12.0,2026-01-05 22:00:00,2026-01-06T00:00:00+05:00,480615662b1b74d381acae7cb5230a0b426a11ae9ecb70ff5b551df29912ed3a,gfs_seamless,False,0.9733333333333333,12.803333333333335,0.21166666666666667,0.0028838210824669863
turbine_2,2026-01-06 08:00:00+00:00,24,0.9578479824274483,0.9578479824274483,False,False,0.9496153846153847,15.28,4.0,2026-01-05 19:00:00+00:00,13.0,2026-01-05 22:00:00,2026-01-06T00:00:00+05:00,480615662b1b74d381acae7cb5230a0b426a11ae9ecb70ff5b551df29912ed3a,gfs_seamless,False,0.9666666666666667,11.803333333333333,4.4799999999999995,0.008818684239218388
turbine_2,2026-01-06 09:00:00+00:00,24,0.9578479824274483,0.9578479824274483,False,False,0.9496153846153847,15.11,4.2,2026-01-05 19:00:00+00:00,14.0,2026-01-05 22:00:00,2026-01-06T00:00:00+05:00,480615662b1b74d381acae7cb5230a0b426a11ae9ecb70ff5b551df29912ed3a,gfs_seamless,False,0.9700000000000001,12.475,7.043333333333333,0.012152017572551799
turbine_2,2026-01-06 10:00:00+00:00,24,0.9771022654043559,0.9771022654043559,False,False,0.9600239808153477,14.36,3.7,2026-01-05 19:00:00+00:00,15.0,2026-01-05 22:00:00,2026-01-06T00:00:00+05:00,480615662b1b74d381acae7cb5230a0b426a11ae9ecb70ff5b551df29912ed3a,gfs_seamless,False,0.965,12.18,7.395,0.012102265404355883
turbine_2,2026-01-06 11:00:00+00:00,24,0.9756743961242783,0.9756743961242783,False,False,0.9607463768115941,13.61,1.8,2026-01-05 19:00:00+00:00,16.0,2026-01-05 22:00:00,2026-01-06T00:00:00+05:00,480615662b1b74d381acae7cb5230a0b426a11ae9ecb70ff5b551df29912ed3a,gfs_seamless,False,0.9700000000000001,12.358333333333334,7.1499999999999995,0.005674396124278225
turbine_2,2026-01-06 12:00:00+00:00,24,0.9831032562407205,0.9831032562407205,False,False,0.9628872752420471,12.85,0.3,2026-01-05 19:00:00+00:00,17.0,2026-01-05 22:00:00,2026-01-06T00:00:00+05:00,480615662b1b74d381acae7cb5230a0b426a11ae9ecb70ff5b551df29912ed3a,gfs_seamless,False,0.9700000000000001,11.683333333333332,4.37,0.013103256240720396
turbine_2,2026-01-06 13:00:00+00:00,24,0.9732085094886102,0.9732085094886102,False,False,0.9571070811744387,12.22,-0.1,2026-01-05 19:00:00+00:00,18.0,2026-01-05 22:00:00,2026-01-06T00:00:00+05:00,480615662b1b74d381acae7cb5230a0b426a11ae9ecb70ff5b551df29912ed3a,gfs_seamless,False,0.9700000000000001,11.808333333333332,3.5716666666666668,0.0032085094886100674
turbine_2,2026-01-06 14:00:00+00:00,24,0.9699564120813637,0.9699564120813637,False,False,0.9520113438045376,11.67,-0.4,2026-01-05 19:00:00+00:00,19.0,2026-01-05 22:00:00,2026-01-06T00:00:00+05:00,480615662b1b74d381acae7cb5230a0b426a11ae9ecb70ff5b551df29912ed3a,gfs_seamless,False,0.8916666666666666,10.346666666666666,2.2733333333333334,0.07828974541469713
turbine_2,2026-01-06 15:00:00+00:00,24,0.9507385486311183,0.9507385486311183,False,False,0.925302677532014,11.05,-0.8,2026-01-05 19:00:00+00:00,20.0,2026-01-05 22:00:00,2026-01-06T00:00:00+05:00,480615662b1b74d381acae7cb5230a0b426a11ae9ecb70ff5b551df29912ed3a,gfs_seamless,False,0.635,8.568333333333333,1.7850000000000001,0.3157385486311183
turbine_2,2026-01-06 16:00:00+00:00,24,0.8559403789157294,0.8559403789157294,False,False,0.8243118427069044,10.11,-1.0,2026-01-05 19:00:00+00:00,21.0,2026-01-05 22:00:00,2026-01-06T00:00:00+05:00,480615662b1b74d381acae7cb5230a0b426a11ae9ecb70ff5b551df29912ed3a,gfs_seamless,False,0.48500000000000004,7.718333333333334,1.1066666666666667,0.37094037891572934
turbine_2,2026-01-06 17:00:00+00:00,24,0.6472044594244192,0.6472044594244192,False,False,0.6154246139872843,8.95,-1.3,2026-01-05 19:00:00+00:00,22.0,2026-01-05 22:00:00,2026-01-06T00:00:00+05:00,480615662b1b74d381acae7cb5230a0b426a11ae9ecb70ff5b551df29912ed3a,gfs_seamless,False,0.165,5.543333333333333,-0.5066666666666667,0.48220445942441914
turbine_2,2026-01-06 18:00:00+00:00,24,0.27991412024977014,0.27991412024977014,False,False,0.3144296690307329,6.74,-1.4,2026-01-05 19:00:00+00:00,23.0,2026-01-05 22:00:00,2026-01-06T00:00:00+05:00,480615662b1b74d381acae7cb5230a0b426a11ae9ecb70ff5b551df29912ed3a,gfs_seamless,False,0.021666666666666667,2.671666666666667,-0.895,0.25824745358310347
turbine_2,2026-01-06 19:00:00+00:00,24,0.14351323929698775,0.14351323929698775,False,False,0.18950828579190437,5.75,-1.3,2026-01-05 19:00:00+00:00,24.0,2026-01-05 22:00:00,2026-01-06T00:00:00+05:00,480615662b1b74d381acae7cb5230a0b426a11ae9ecb70ff5b551df29912ed3a,gfs_seamless,False,0.008333333333333333,2.901666666666667,-0.89,0.13517990596365442
turbine_2,2026-01-06 20:00:00+00:00,48,0.36993658112069405,0.36993658112069405,False,False,0.3888526452450503,7.26,-1.3,2026-01-05 19:00:00+00:00,25.0,2026-01-05 22:00:00,2026-01-06T00:00:00+05:00,480615662b1b74d381acae7cb5230a0b426a11ae9ecb70ff5b551df29912ed3a,gfs_seamless,False,0.02,3.625,-1.4349999999999998,0.34993658112069403
turbine_2,2026-01-06 21:00:00+00:00,48,0.3183705551219042,0.3183705551219042,False,False,0.3144296690307329,6.9,-1.4,2026-01-05 19:00:00+00:00,26.0,2026-01-05 22:00:00,2026-01-06T00:00:00+05:00,480615662b1b74d381acae7cb5230a0b426a11ae9ecb70ff5b551df29912ed3a,gfs_seamless,False,0.028333333333333332,3.2883333333333336,0.38833333333333336,0.2900372217885709
turbine_2,2026-01-06 22:00:00+00:00,48,0.208830472635366,0.208830472635366,False,False,0.24729629629629626,6.21,-1.3,2026-01-05 19:00:00+00:00,27.0,2026-01-05 22:00:00,2026-01-06T00:00:00+05:00,480615662b1b74d381acae7cb5230a0b426a11ae9ecb70ff5b551df29912ed3a,gfs_seamless,False,0.008333333333333333,2.723333333333333,0.725,0.20049713930203267
turbine_2,2026-01-06 23:00:00+00:00,48,0.1078782772665703,0.1078782772665703,False,False,0.14419587945879458,5.43,-1.2,2026-01-05 19:00:00+00:00,28.0,2026-01-05 22:00:00,2026-01-06T00:00:00+05:00,480615662b1b74d381acae7cb5230a0b426a11ae9ecb70ff5b551df29912ed3a,gfs_seamless,False,0.01,1.2416666666666665,0.21166666666666667,0.09787827726657031
turbine_2,2026-01-07 00:00:00+00:00,48,0.11152415036267449,0.11152415036267449,False,False,0.18950828579190437,5.58,-1.7,2026-01-05 19:00:00+00:00,29.0,2026-01-05 22:00:00,2026-01-06T00:00:00+05:00,480615662b1b74d381acae7cb5230a0b426a11ae9ecb70ff5b551df29912ed3a,gfs_seamless,False,0.01,0.895,-0.2683333333333333,0.1015241503626745
turbine_2,2026-01-07 01:00:00+00:00,48,0.16072097607584399,0.16072097607584399,False,False,0.18950828579190437,5.98,-1.8,2026-01-05 19:00:00+00:00,30.0,2026-01-05 22:00:00,2026-01-06T00:00:00+05:00,480615662b1b74d381acae7cb5230a0b426a11ae9ecb70ff5b551df29912ed3a,gfs_seamless,False,0.01,0.6883333333333334,-0.4183333333333333,0.15072097607584398
turbine_2,2026-01-07 02:00:00+00:00,48,0.32215163568413135,0.32215163568413135,False,False,0.3144296690307329,6.93,-2.0,2026-01-05 19:00:00+00:00,31.0,2026-01-05 22:00:00,2026-01-06T00:00:00+05:00,480615662b1b74d381acae7cb5230a0b426a11ae9ecb70ff5b551df29912ed3a,gfs_seamless,False,0.01,0.87,-1.3633333333333333,0.31215163568413135
turbine_2,2026-01-07 03:00:00+00:00,48,0.4458897445265564,0.4458897445265564,False,False,0.459928850942725,7.97,-2.1,2026-01-05 19:00:00+00:00,32.0,2026-01-05 22:00:00,2026-01-06T00:00:00+05:00,480615662b1b74d381acae7cb5230a0b426a11ae9ecb70ff5b551df29912ed3a,gfs_seamless,False,0.01,1.3733333333333333,-1.1033333333333333,0.4358897445265564
turbine_2,2026-01-07 04:00:00+00:00,48,0.4678275587986562,0.4678275587986562,False,False,0.459928850942725,7.88,-0.9,2026-01-05 19:00:00+00:00,33.0,2026-01-05 22:00:00,2026-01-06T00:00:00+05:00,480615662b1b74d381acae7cb5230a0b426a11ae9ecb70ff5b551df29912ed3a,gfs_seamless,False,0.01,1.1183333333333334,-0.6833333333333332,0.45782755879865616
turbine_2,2026-01-07 05:00:00+00:00,48,0.48428173212829834,0.48428173212829834,False,False,0.459928850942725,7.88,0.3,2026-01-05 19:00:00+00:00,34.0,2026-01-05 22:00:00,2026-01-06T00:00:00+05:00,480615662b1b74d381acae7cb5230a0b426a11ae9ecb70ff5b551df29912ed3a,gfs_seamless,False,0.01,0.5466666666666666,0.5750000000000001,0.47428173212829833
turbine_2,2026-01-07 06:00:00+00:00,48,0.3255552472203596,0.3255552472203596,False,False,0.3144296690307329,6.89,1.3,2026-01-05 19:00:00+00:00,35.0,2026-01-05 22:00:00,2026-01-06T00:00:00+05:00,480615662b1b74d381acae7cb5230a0b426a11ae9ecb70ff5b551df29912ed3a,gfs_seamless,False,0.01,1.2266666666666668,1.4716666666666667,0.3155552472203596
turbine_2,2026-01-07 07:00:00+00:00,48,0.26886790728472076,0.26886790728472076,False,False,0.3144296690307329,6.56,2.5,2026-01-05 19:00:00+00:00,36.0,2026-01-05 22:00:00,2026-01-06T00:00:00+05:00,480615662b1b74d381acae7cb5230a0b426a11ae9ecb70ff5b551df29912ed3a,gfs_seamless,False,0.01,1.2766666666666666,3.5833333333333335,0.25886790728472076
turbine_2,2026-01-07 08:00:00+00:00,48,0.2903837790336703,0.2903837790336703,False,False,0.3144296690307329,6.71,2.8,2026-01-05 19:00:00+00:00,37.0,2026-01-05 22:00:00,2026-01-06T00:00:00+05:00,480615662b1b74d381acae7cb5230a0b426a11ae9ecb70ff5b551df29912ed3a,gfs_seamless,False,0.01,1.1883333333333332,4.871666666666667,0.2803837790336703
turbine_2,2026-01-07 09:00:00+00:00,48,0.2903837790336703,0.2903837790336703,False,False,0.3144296690307329,6.74,2.8,2026-01-05 19:00:00+00:00,38.0,2026-01-05 22:00:00,2026-01-06T00:00:00+05:00,480615662b1b74d381acae7cb5230a0b426a11ae9ecb70ff5b551df29912ed3a,gfs_seamless,False,0.01,0.7883333333333332,5.1433333333333335,0.2803837790336703
turbine_2,2026-01-07 10:00:00+00:00,48,0.28050074737139985,0.28050074737139985,False,False,0.3144296690307329,6.66,2.4,2026-01-05 19:00:00+00:00,39.0,2026-01-05 22:00:00,2026-01-06T00:00:00+05:00,480615662b1b74d381acae7cb5230a0b426a11ae9ecb70ff5b551df29912ed3a,gfs_seamless,False,0.01,1.1833333333333333,4.818333333333333,0.27050074737139984
turbine_2,2026-01-07 11:00:00+00:00,48,0.39886446065038617,0.39886446065038617,False,False,0.3888526452450503,7.36,0.4,2026-01-05 19:00:00+00:00,40.0,2026-01-05 22:00:00,2026-01-06T00:00:00+05:00,480615662b1b74d381acae7cb5230a0b426a11ae9ecb70ff5b551df29912ed3a,gfs_seamless,False,0.008333333333333333,2.5383333333333336,2.605,0.3905311273170528
turbine_2,2026-01-07 12:00:00+00:00,48,0.4268644095453106,0.4268644095453106,False,False,0.459928850942725,7.58,-1.2,2026-01-05 19:00:00+00:00,41.0,2026-01-05 22:00:00,2026-01-06T00:00:00+05:00,480615662b1b74d381acae7cb5230a0b426a11ae9ecb70ff5b551df29912ed3a,gfs_seamless,False,0.021666666666666667,4.321666666666666,-1.51,0.4051977428786439
turbine_2,2026-01-07 13:00:00+00:00,48,0.4676479127372062,0.4676479127372062,False,False,0.459928850942725,7.92,-1.4,2026-01-05 19:00:00+00:00,42.0,2026-01-05 22:00:00,2026-01-06T00:00:00+05:00,480615662b1b74d381acae7cb5230a0b426a11ae9ecb70ff5b551df29912ed3a,gfs_seamless,False,0.02,4.256666666666667,-3.3333333333333335,0.44764791273720617
turbine_2,2026-01-07 14:00:00+00:00,48,0.5720082937722606,0.5720082937722606,False,False,0.5339426298157454,8.45,-1.7,2026-01-05 19:00:00+00:00,43.0,2026-01-05 22:00:00,2026-01-06T00:00:00+05:00,480615662b1b74d381acae7cb5230a0b426a11ae9ecb70ff5b551df29912ed3a,gfs_seamless,False,0.008333333333333333,3.205,-3.388333333333333,0.5636749604389273
turbine_2,2026-01-07 15:00:00+00:00,48,0.6414229695083137,0.6414229695083137,False,False,0.6747792022792023,9.0,-1.9,2026-01-05 19:00:00+00:00,44.0,2026-01-05 22:00:00,2026-01-06T00:00:00+05:00,480615662b1b74d381acae7cb5230a0b426a11ae9ecb70ff5b551df29912ed3a,gfs_seamless,False,0.01,1.535,-3.2483333333333335,0.6314229695083137
turbine_2,2026-01-07 16:00:00+00:00,48,0.7515274065904339,0.7515274065904339,False,False,0.7522770303936223,9.72,-2.2,2026-01-05 19:00:00+00:00,45.0,2026-01-05 22:00:00,2026-01-06T00:00:00+05:00,480615662b1b74d381acae7cb5230a0b426a11ae9ecb70ff5b551df29912ed3a,gfs_seamless,False,0.01,1.11,-3.44,0.7415274065904339
turbine_2,2026-01-07 17:00:00+00:00,48,0.7787417563050713,0.7787417563050713,False,False,0.7522770303936223,9.88,-2.3,2026-01-05 19:00:00+00:00,46.0,2026-01-05 22:00:00,2026-01-06T00:00:00+05:00,480615662b1b74d381acae7cb5230a0b426a11ae9ecb70ff5b551df29912ed3a,gfs_seamless,False,0.01,0.7783333333333333,-3.34,0.7687417563050712
turbine_2,2026-01-07 18:00:00+00:00,48,0.6764770162403235,0.6764770162403235,False,False,0.6747792022792023,9.08,-2.6,2026-01-05 19:00:00+00:00,47.0,2026-01-05 22:00:00,2026-01-06T00:00:00+05:00,480615662b1b74d381acae7cb5230a0b426a11ae9ecb70ff5b551df29912ed3a,gfs_seamless,False,0.01,1.5066666666666666,-3.7616666666666667,0.6664770162403235
turbine_2,2026-01-07 19:00:00+00:00,48,0.7039523026158291,0.7039523026158291,False,False,0.6747792022792023,9.18,-2.8,2026-01-05 19:00:00+00:00,48.0,2026-01-05 22:00:00,2026-01-06T00:00:00+05:00,480615662b1b74d381acae7cb5230a0b426a11ae9ecb70ff5b551df29912ed3a,gfs_seamless,False,0.01,1.0433333333333332,-4.2299999999999995,0.6939523026158291
turbine_1,2026-01-06 20:00:00+00:00,24,0.07101667417610052,0.07101667417610052,False,False,0.11284451117784451,4.82,-1.3,2026-01-06 19:00:00+00:00,1.0,2026-01-06 22:00:00,2026-01-07T00:00:00+05:00,820ac38a5b83bc33de4123d17a2f4bfc422bf3396b687177f55a1a2de82ef68a,gfs_seamless,False,0.028333333333333335,3.8049999999999997,-1.1483333333333332,0.04268334084276719
turbine_1,2026-01-06 21:00:00+00:00,24,0.03320943875037929,0.03320943875037929,False,False,0.08257112750263434,4.0,-1.5,2026-01-06 19:00:00+00:00,2.0,2026-01-06 22:00:00,2026-01-07T00:00:00+05:00,820ac38a5b83bc33de4123d17a2f4bfc422bf3396b687177f55a1a2de82ef68a,gfs_seamless,False,0.028333333333333332,3.1983333333333337,0.6033333333333334,0.004876105417045955
turbine_1,2026-01-06 22:00:00+00:00,24,0.027289436335422353,0.027289436335422353,False,False,0.05866369710467706,3.8,-1.5,2026-01-06 19:00:00+00:00,3.0,2026-01-06 22:00:00,2026-01-07T00:00:00+05:00,820ac38a5b83bc33de4123d17a2f4bfc422bf3396b687177f55a1a2de82ef68a,gfs_seamless,False,0.01,2.2083333333333335,0.9333333333333332,0.017289436335422355
turbine_1,2026-01-06 23:00:00+00:00,24,0.027289436335422353,0.027289436335422353,False,False,0.05866369710467706,3.82,-1.7,2026-01-06 19:00:00+00:00,4.0,2026-01-06 22:00:00,2026-01-07T00:00:00+05:00,820ac38a5b83bc33de4123d17a2f4bfc422bf3396b687177f55a1a2de82ef68a,gfs_seamless,False,0.01,1.2783333333333333,0.43333333333333335,0.017289436335422355
turbine_1,2026-01-07 00:00:00+00:00,24,0.059810548019933595,0.059810548019933595,False,False,0.11284451117784451,4.55,-1.6,2026-01-06 19:00:00+00:00,5.0,2026-01-06 22:00:00,2026-01-07T00:00:00+05:00,820ac38a5b83bc33de4123d17a2f4bfc422bf3396b687177f55a1a2de82ef68a,gfs_seamless,False,0.01,0.9633333333333334,-0.09833333333333334,0.04981054801993359
turbine_1,2026-01-07 01:00:00+00:00,24,0.17018072596578918,0.17018072596578918,False,False,0.1965347923681257,5.85,-1.6,2026-01-06 19:00:00+00:00,6.0,2026-01-06 22:00:00,2026-01-07T00:00:00+05:00,820ac38a5b83bc33de4123d17a2f4bfc422bf3396b687177f55a1a2de82ef68a,gfs_seamless,False,0.01,0.7383333333333333,-0.21666666666666667,0.16018072596578917
turbine_1,2026-01-07 02:00:00+00:00,24,0.32465909955218947,0.32465909955218947,False,False,0.3257266121707539,6.87,-2.1,2026-01-06 19:00:00+00:00,7.0,2026-01-06 22:00:00,2026-01-07T00:00:00+05:00,820ac38a5b83bc33de4123d17a2f4bfc422bf3396b687177f55a1a2de82ef68a,gfs_seamless,False,0.01,0.8866666666666667,-1.0783333333333334,0.31465909955218946
turbine_1,2026-01-07 03:00:00+00:00,24,0.4545866411215467,0.4545866411215467,False,False,0.4757277526395174,7.59,-1.8,2026-01-06 19:00:00+00:00,8.0,2026-01-06 22:00:00,2026-01-07T00:00:00+05:00,820ac38a5b83bc33de4123d17a2f4bfc422bf3396b687177f55a1a2de82ef68a,gfs_seamless,False,0.01,1.415,-0.85,0.44458664112154667
turbine_1,2026-01-07 04:00:00+00:00,24,0.4362872299630379,0.4362872299630379,False,False,0.4757277526395174,7.54,-0.7,2026-01-06 19:00:00+00:00,9.0,2026-01-06 22:00:00,2026-01-07T00:00:00+05:00,820ac38a5b83bc33de4123d17a2f4bfc422bf3396b687177f55a1a2de82ef68a,gfs_seamless,False,0.01,1.0733333333333335,-0.4266666666666667,0.4262872299630379
turbine_1,2026-01-07 05:00:00+00:00,24,0.4885925587090783,0.4885925587090783,False,False,0.4757277526395174,7.73,-0.1,2026-01-06 19:00:00+00:00,10.0,2026-01-06 22:00:00,2026-01-07T00:00:00+05:00,820ac38a5b83bc33de4123d17a2f4bfc422bf3396b687177f55a1a2de82ef68a,gfs_seamless,False,0.01,0.585,0.7600000000000001,0.4785925587090783
turbine_1,2026-01-07 06:00:00+00:00,24,0.4428657224673886,0.4428657224673886,False,False,0.3989033816425121,7.43,0.9,2026-01-06 19:00:00+00:00,11.0,2026-01-06 22:00:00,2026-01-07T00:00:00+05:00,820ac38a5b83bc33de4123d17a2f4bfc422bf3396b687177f55a1a2de82ef68a,gfs_seamless,False,0.01,1.3683333333333334,1.7233333333333334,0.4328657224673886
turbine_1,2026-01-07 07:00:00+00:00,24,0.3075514827105402,0.3075514827105402,False,False,0.3257266121707539,6.67,2.2,2026-01-06 19:00:00+00:00,12.0,2026-01-06 22:00:00,2026-01-07T00:00:00+05:00,820ac38a5b83bc33de4123d17a2f4bfc422bf3396b687177f55a1a2de82ef68a,gfs_seamless,False,0.01,1.0866666666666667,4.596666666666667,0.2975514827105402
turbine_1,2026-01-07 08:00:00+00:00,24,0.2860793299896768,0.2860793299896768,False,False,0.2573200589970501,6.46,3.1,2026-01-06 19:00:00+00:00,13.0,2026-01-06 22:00:00,2026-01-07T00:00:00+05:00,820ac38a5b83bc33de4123d17a2f4bfc422bf3396b687177f55a1a2de82ef68a,gfs_seamless,False,0.01,1.0716666666666665,5.416666666666667,0.27607932998967677
turbine_1,2026-01-07 09:00:00+00:00,24,0.30940811215045594,0.30940811215045594,False,False,0.3257266121707539,6.58,3.2,2026-01-06 19:00:00+00:00,14.0,2026-01-06 22:00:00,2026-01-07T00:00:00+05:00,820ac38a5b83bc33de4123d17a2f4bfc422bf3396b687177f55a1a2de82ef68a,gfs_seamless,False,0.01,0.7466666666666667,5.59,0.29940811215045593
turbine_1,2026-01-07 10:00:00+00:00,24,0.28356869807488827,0.28356869807488827,False,False,0.2573200589970501,6.49,2.6,2026-01-06 19:00:00+00:00,15.0,2026-01-06 22:00:00,2026-01-07T00:00:00+05:00,820ac38a5b83bc33de4123d17a2f4bfc422bf3396b687177f55a1a2de82ef68a,gfs_seamless,False,0.01,1.2383333333333333,5.053333333333334,0.27356869807488826
turbine_1,2026-01-07 11:00:00+00:00,24,0.3108801567847477,0.3108801567847477,False,False,0.3257266121707539,6.62,0.8,2026-01-06 19:00:00+00:00,16.0,2026-01-06 22:00:00,2026-01-07T00:00:00+05:00,820ac38a5b83bc33de4123d17a2f4bfc422bf3396b687177f55a1a2de82ef68a,gfs_seamless,False,0.011666666666666667,2.763333333333333,2.7566666666666664,0.299213490118081
turbine_1,2026-01-07 12:00:00+00:00,24,0.2998712814924167,0.2998712814924167,False,False,0.3257266121707539,6.57,-0.7,2026-01-06 19:00:00+00:00,17.0,2026-01-06 22:00:00,2026-01-07T00:00:00+05:00,820ac38a5b83bc33de4123d17a2f4bfc422bf3396b687177f55a1a2de82ef68a,gfs_seamless,False,0.028333333333333332,4.408333333333334,-0.9700000000000001,0.2715379481590834
turbine_1,2026-01-07 13:00:00+00:00,24,0.22318274529227908,0.22318274529227908,False,False,0.2573200589970501,6.22,-1.2,2026-01-06 19:00:00+00:00,18.0,2026-01-06 22:00:00,2026-01-07T00:00:00+05:00,820ac38a5b83bc33de4123d17a2f4bfc422bf3396b687177f55a1a2de82ef68a,gfs_seamless,False,0.02,4.121666666666667,-3.026666666666667,0.2031827452922791
turbine_1,2026-01-07 14:00:00+00:00,24,0.2463545537233598,0.2463545537233598,False,False,0.2573200589970501,6.4,-1.8,2026-01-06 19:00:00+00:00,19.0,2026-01-06 22:00:00,2026-01-07T00:00:00+05:00,820ac38a5b83bc33de4123d17a2f4bfc422bf3396b687177f55a1a2de82ef68a,gfs_seamless,False,0.011666666666666667,2.861666666666667,-3.09,0.23468788705669313
turbine_1,2026-01-07 15:00:00+00:00,24,0.32465909955218947,0.32465909955218947,False,False,0.3257266121707539,6.89,-2.3,2026-01-06 19:00:00+00:00,20.0,2026-01-06 22:00:00,2026-01-07T00:00:00+05:00,820ac38a5b83bc33de4123d17a2f4bfc422bf3396b687177f55a1a2de82ef68a,gfs_seamless,False,0.01,1.4316666666666666,-2.893333333333333,0.31465909955218946
turbine_1,2026-01-07 16:00:00+00:00,24,0.34762863498200025,0.34762863498200025,False,False,0.3989033816425121,7.03,-2.4,2026-01-06 19:00:00+00:00,21.0,2026-01-06 22:00:00,2026-01-07T00:00:00+05:00,820ac38a5b83bc33de4123d17a2f4bfc422bf3396b687177f55a1a2de82ef68a,gfs_seamless,False,0.01,1.0883333333333334,-3.0683333333333334,0.33762863498200024
turbine_1,2026-01-07 17:00:00+00:00,24,0.39222479258020376,0.39222479258020376,False,False,0.3989033816425121,7.29,-2.8,2026-01-06 19:00:00+00:00,22.0,2026-01-06 22:00:00,2026-01-07T00:00:00+05:00,820ac38a5b83bc33de4123d17a2f4bfc422bf3396b687177f55a1a2de82ef68a,gfs_seamless,False,0.01,1.16,-3.0366666666666666,0.38222479258020375
turbine_1,2026-01-07 18:00:00+00:00,24,0.48915656872743385,0.48915656872743385,False,False,0.4757277526395174,7.78,-3.4,2026-01-06 19:00:00+00:00,23.0,2026-01-06 22:00:00,2026-01-07T00:00:00+05:00,820ac38a5b83bc33de4123d17a2f4bfc422bf3396b687177f55a1a2de82ef68a,gfs_seamless,False,0.01,1.3233333333333335,-3.311666666666667,0.47915656872743384
turbine_1,2026-01-07 19:00:00+00:00,24,0.4424323181953034,0.4424323181953034,False,False,0.4757277526395174,7.51,-3.4,2026-01-06 19:00:00+00:00,24.0,2026-01-06 22:00:00,2026-01-07T00:00:00+05:00,820ac38a5b83bc33de4123d17a2f4bfc422bf3396b687177f55a1a2de82ef68a,gfs_seamless,False,0.01,0.7933333333333333,-3.686666666666667,0.43243231819530337
turbine_1,2026-01-07 20:00:00+00:00,48,0.7020671892426552,0.7020671892426552,False,False,0.6947712418300653,9.08,-2.9,2026-01-06 19:00:00+00:00,25.0,2026-01-06 22:00:00,2026-01-07T00:00:00+05:00,820ac38a5b83bc33de4123d17a2f4bfc422bf3396b687177f55a1a2de82ef68a,gfs_seamless,False,0.01,1.5566666666666666,-4.321666666666666,0.6920671892426552
turbine_1,2026-01-07 21:00:00+00:00,48,0.7084363513822509,0.7084363513822509,False,False,0.6263235294117647,8.99,-3.3,2026-01-06 19:00:00+00:00,26.0,2026-01-06 22:00:00,2026-01-07T00:00:00+05:00,820ac38a5b83bc33de4123d17a2f4bfc422bf3396b687177f55a1a2de82ef68a,gfs_seamless,False,0.01,1.3549999999999998,-4.795,0.6984363513822509
turbine_1,2026-01-07 22:00:00+00:00,48,0.7069121985045146,0.7069121985045146,False,False,0.6947712418300653,9.12,-3.5,2026-01-06 19:00:00+00:00,27.0,2026-01-06 22:00:00,2026-01-07T00:00:00+05:00,820ac38a5b83bc33de4123d17a2f4bfc422bf3396b687177f55a1a2de82ef68a,gfs_seamless,False,0.01,2.49,-5.071666666666666,0.6969121985045146
turbine_1,2026-01-07 23:00:00+00:00,48,0.7069121985045146,0.7069121985045146,False,False,0.6947712418300653,9.13,-3.7,2026-01-06 19:00:00+00:00,28.0,2026-01-06 22:00:00,2026-01-07T00:00:00+05:00,820ac38a5b83bc33de4123d17a2f4bfc422bf3396b687177f55a1a2de82ef68a,gfs_seamless,False,0.01,2.1216666666666666,-5.704999999999999,0.6969121985045146
turbine_1,2026-01-08 00:00:00+00:00,48,0.5493052194859652,0.5493052194859652,False,False,0.5473923444976077,8.1,-3.9,2026-01-06 19:00:00+00:00,29.0,2026-01-06 22:00:00,2026-01-07T00:00:00+05:00,820ac38a5b83bc33de4123d17a2f4bfc422bf3396b687177f55a1a2de82ef68a,gfs_seamless,False,0.01,1.365,-5.915,0.5393052194859652
turbine_1,2026-01-08 01:00:00+00:00,48,0.5917334159752435,0.5917334159752435,False,False,0.5473923444976077,8.37,-4.2,2026-01-06 19:00:00+00:00,30.0,2026-01-06 22:00:00,2026-01-07T00:00:00+05:00,820ac38a5b83bc33de4123d17a2f4bfc422bf3396b687177f55a1a2de82ef68a,gfs_seamless,False,0.01,2.158333333333333,-6.64,0.5817334159752435
turbine_1,2026-01-08 02:00:00+00:00,48,0.8067643523893997,0.8067643523893997,False,False,0.763874074074074,9.59,-4.9,2026-01-06 19:00:00+00:00,31.0,2026-01-06 22:00:00,2026-01-07T00:00:00+05:00,820ac38a5b83bc33de4123d17a2f4bfc422bf3396b687177f55a1a2de82ef68a,gfs_seamless,False,0.01,1.78,-6.54,0.7967643523893997
turbine_1,2026-01-08 03:00:00+00:00,48,0.7070383676353605,0.7070383676353605,False,False,0.6947712418300653,9.0,-3.9,2026-01-06 19:00:00+00:00,32.0,2026-01-06 22:00:00,2026-01-07T00:00:00+05:00,820ac38a5b83bc33de4123d17a2f4bfc422bf3396b687177f55a1a2de82ef68a,gfs_seamless,False,0.01,1.1566666666666667,-6.971666666666667,0.6970383676353605
turbine_1,2026-01-08 04:00:00+00:00,48,0.8407365891191171,0.8407365891191171,False,False,0.763874074074074,9.98,-2.8,2026-01-06 19:00:00+00:00,33.0,2026-01-06 22:00:00,2026-01-07T00:00:00+05:00,820ac38a5b83bc33de4123d17a2f4bfc422bf3396b687177f55a1a2de82ef68a,gfs_seamless,False,0.01,1.3933333333333333,-6.631666666666667,0.8307365891191171
turbine_1,2026-01-08 05:00:00+00:00,48,0.9128032934110549,0.9128032934110549,False,False,0.8927965043695381,10.52,-0.5,2026-01-06 19:00:00+00:00,34.0,2026-01-06 22:00:00,2026-01-07T00:00:00+05:00,820ac38a5b83bc33de4123d17a2f4bfc422bf3396b687177f55a1a2de82ef68a,gfs_seamless,False,0.01,1.7233333333333334,-5.363333333333333,0.9028032934110549
turbine_1,2026-01-08 06:00:00+00:00,48,0.7784426544112585,0.7784426544112585,False,False,0.6947712418300653,9.42,-0.0,2026-01-06 19:00:00+00:00,35.0,2026-01-06 22:00:00,2026-01-07T00:00:00+05:00,820ac38a5b83bc33de4123d17a2f4bfc422bf3396b687177f55a1a2de82ef68a,gfs_seamless,False,0.01,2.315,-2.893333333333333,0.7684426544112585
turbine_1,2026-01-08 07:00:00+00:00,48,0.8403163518809927,0.8403163518809927,False,False,0.763874074074074,9.89,1.8,2026-01-06 19:00:00+00:00,36.0,2026-01-06 22:00:00,2026-01-07T00:00:00+05:00,820ac38a5b83bc33de4123d17a2f4bfc422bf3396b687177f55a1a2de82ef68a,gfs_seamless,False,0.01,3.0100000000000002,-1.455,0.8303163518809927
turbine_1,2026-01-08 08:00:00+00:00,48,0.8417476437245031,0.8417476437245031,False,False,0.763874074074074,9.98,2.5,2026-01-06 19:00:00+00:00,37.0,2026-01-06 22:00:00,2026-01-07T00:00:00+05:00,820ac38a5b83bc33de4123d17a2f4bfc422bf3396b687177f55a1a2de82ef68a,gfs_seamless,False,0.008333333333333333,3.3633333333333333,0.5083333333333333,0.8334143103911698
turbine_1,2026-01-08 09:00:00+00:00,48,0.8573922163380889,0.8573922163380889,False,False,0.8300111259457054,10.02,2.5,2026-01-06 19:00:00+00:00,38.0,2026-01-06 22:00:00,2026-01-07T00:00:00+05:00,820ac38a5b83bc33de4123d17a2f4bfc422bf3396b687177f55a1a2de82ef68a,gfs_seamless,False,0.01,2.75,2.811666666666667,0.8473922163380889
turbine_1,2026-01-08 10:00:00+00:00,48,0.8286928553514809,0.8286928553514809,False,False,0.763874074074074,9.81,2.0,2026-01-06 19:00:00+00:00,39.0,2026-01-06 22:00:00,2026-01-07T00:00:00+05:00,820ac38a5b83bc33de4123d17a2f4bfc422bf3396b687177f55a1a2de82ef68a,gfs_seamless,False,0.18333333333333335,5.9383333333333335,3.9250000000000003,0.6453595220181475
turbine_1,2026-01-08 11:00:00+00:00,48,0.8827057202117831,0.8827057202117831,False,False,0.8300111259457054,10.24,0.4,2026-01-06 19:00:00+00:00,40.0,2026-01-06 22:00:00,2026-01-07T00:00:00+05:00,820ac38a5b83bc33de4123d17a2f4bfc422bf3396b687177f55a1a2de82ef68a,gfs_seamless,False,0.13833333333333334,5.701666666666667,3.2583333333333333,0.7443723868784498
turbine_1,2026-01-08 12:00:00+00:00,48,0.8100530327720464,0.8100530327720464,False,False,0.763874074074074,9.78,-1.2,2026-01-06 19:00:00+00:00,41.0,2026-01-06 22:00:00,2026-01-07T00:00:00+05:00,820ac38a5b83bc33de4123d17a2f4bfc422bf3396b687177f55a1a2de82ef68a,gfs_seamless,False,0.135,5.598333333333334,1.6983333333333333,0.6750530327720464
turbine_1,2026-01-08 13:00:00+00:00,48,0.891089798479818,0.891089798479818,False,False,0.8300111259457054,10.39,-1.8,2026-01-06 19:00:00+00:00,42.0,2026-01-06 22:00:00,2026-01-07T00:00:00+05:00,820ac38a5b83bc33de4123d17a2f4bfc422bf3396b687177f55a1a2de82ef68a,gfs_seamless,False,0.12,4.735,0.5566666666666666,0.771089798479818
turbine_1,2026-01-08 14:00:00+00:00,48,0.9573294206256767,0.9573294206256767,False,False,0.9378574561403509,11.03,-2.0,2026-01-06 19:00:00+00:00,43.0,2026-01-06 22:00:00,2026-01-07T00:00:00+05:00,820ac38a5b83bc33de4123d17a2f4bfc422bf3396b687177f55a1a2de82ef68a,gfs_seamless,False,0.01,2.045,0.205,0.9473294206256767
turbine_1,2026-01-08 15:00:00+00:00,48,0.9827498434828662,0.9827498434828662,False,False,0.960176170607325,11.64,-2.0,2026-01-06 19:00:00+00:00,44.0,2026-01-06 22:00:00,2026-01-07T00:00:00+05:00,820ac38a5b83bc33de4123d17a2f4bfc422bf3396b687177f55a1a2de82ef68a,gfs_seamless,False,0.013333333333333334,3.1133333333333333,-1.2016666666666667,0.9694165101495329
turbine_1,2026-01-08 16:00:00+00:00,48,0.98433986910656,0.98433986910656,False,False,0.9580129390018484,12.04,-1.9,2026-01-06 19:00:00+00:00,45.0,2026-01-06 22:00:00,2026-01-07T00:00:00+05:00,820ac38a5b83bc33de4123d17a2f4bfc422bf3396b687177f55a1a2de82ef68a,gfs_seamless,False,0.013333333333333334,1.4116666666666668,-1.3733333333333333,0.9710065357732267
turbine_1,2026-01-08 17:00:00+00:00,48,0.9842703766902461,0.9842703766902461,False,False,0.9580129390018484,12.28,-2.1,2026-01-06 19:00:00+00:00,46.0,2026-01-06 22:00:00,2026-01-07T00:00:00+05:00,820ac38a5b83bc33de4123d17a2f4bfc422bf3396b687177f55a1a2de82ef68a,gfs_seamless,False,0.01,1.6816666666666666,-1.3499999999999999,0.9742703766902461
turbine_1,2026-01-08 18:00:00+00:00,48,0.9894970994822344,0.9894970994822344,False,False,0.9580129390018484,12.23,-2.5,2026-01-06 19:00:00+00:00,47.0,2026-01-06 22:00:00,2026-01-07T00:00:00+05:00,820ac38a5b83bc33de4123d17a2f4bfc422bf3396b687177f55a1a2de82ef68a,gfs_seamless,False,0.01,1.9816666666666667,-1.3,0.9794970994822344
turbine_1,2026-01-08 19:00:00+00:00,48,0.9915390103450203,0.9915390103450203,False,False,0.9669064191802009,12.73,-2.6,2026-01-06 19:00:00+00:00,48.0,2026-01-06 22:00:00,2026-01-07T00:00:00+05:00,820ac38a5b83bc33de4123d17a2f4bfc422bf3396b687177f55a1a2de82ef68a,gfs_seamless,False,0.011666666666666667,3.251666666666667,-1.8466666666666667,0.9798723436783536
turbine_2,2026-01-06 20:00:00+00:00,24,0.06281788664358513,0.06281788664358513,False,False,0.10646958410924891,4.82,-1.3,2026-01-06 19:00:00+00:00,1.0,2026-01-06 22:00:00,2026-01-07T00:00:00+05:00,ec0b7b27834117789496aee15dc76ea2a9eb0edfe946db4462f2710399868ffc,gfs_seamless,False,0.02,3.625,-1.4349999999999998,0.04281788664358513
turbine_2,2026-01-06 21:00:00+00:00,24,0.030354725907880034,0.030354725907880034,False,False,0.07956300813008131,4.0,-1.5,2026-01-06 19:00:00+00:00,2.0,2026-01-06 22:00:00,2026-01-07T00:00:00+05:00,ec0b7b27834117789496aee15dc76ea2a9eb0edfe946db4462f2710399868ffc,gfs_seamless,False,0.028333333333333332,3.2883333333333336,0.38833333333333336,0.002021392574546702
turbine_2,2026-01-06 22:00:00+00:00,24,0.022980033832570343,0.022980033832570343,False,False,0.05603174603174604,3.8,-1.5,2026-01-06 19:00:00+00:00,3.0,2026-01-06 22:00:00,2026-01-07T00:00:00+05:00,ec0b7b27834117789496aee15dc76ea2a9eb0edfe946db4462f2710399868ffc,gfs_seamless,False,0.008333333333333333,2.723333333333333,0.725,0.01464670049923701
turbine_2,2026-01-06 23:00:00+00:00,24,0.02138773734368203,0.02138773734368203,False,False,0.05603174603174604,3.82,-1.7,2026-01-06 19:00:00+00:00,4.0,2026-01-06 22:00:00,2026-01-07T00:00:00+05:00,ec0b7b27834117789496aee15dc76ea2a9eb0edfe946db4462f2710399868ffc,gfs_seamless,False,0.01,1.2416666666666665,0.21166666666666667,0.011387737343682031
turbine_2,2026-01-07 00:00:00+00:00,24,0.048137325053800244,0.048137325053800244,False,False,0.10646958410924891,4.55,-1.6,2026-01-06 19:00:00+00:00,5.0,2026-01-06 22:00:00,2026-01-07T00:00:00+05:00,ec0b7b27834117789496aee15dc76ea2a9eb0edfe946db4462f2710399868ffc,gfs_seamless,False,0.01,0.895,-0.2683333333333333,0.03813732505380024
turbine_2,2026-01-07 01:00:00+00:00,24,0.143773613425594,0.143773613425594,False,False,0.1894883279044517,5.85,-1.6,2026-01-06 19:00:00+00:00,6.0,2026-01-06 22:00:00,2026-01-07T00:00:00+05:00,ec0b7b27834117789496aee15dc76ea2a9eb0edfe946db4462f2710399868ffc,gfs_seamless,False,0.01,0.6883333333333334,-0.4183333333333333,0.133773613425594
turbine_2,2026-01-07 02:00:00+00:00,24,0.32004935958527264,0.32004935958527264,False,False,0.3144930739758326,6.87,-2.1,2026-01-06 19:00:00+00:00,7.0,2026-01-06 22:00:00,2026-01-07T00:00:00+05:00,ec0b7b27834117789496aee15dc76ea2a9eb0edfe946db4462f2710399868ffc,gfs_seamless,False,0.01,0.87,-1.3633333333333333,0.31004935958527263
turbine_2,2026-01-07 03:00:00+00:00,24,0.4079752170306976,0.4079752170306976,False,False,0.459955579246624,7.59,-1.8,2026-01-06 19:00:00+00:00,8.0,2026-01-06 22:00:00,2026-01-07T00:00:00+05:00,ec0b7b27834117789496aee15dc76ea2a9eb0edfe946db4462f2710399868ffc,gfs_seamless,False,0.01,1.3733333333333333,-1.1033333333333333,0.3979752170306976
turbine_2,2026-01-07 04:00:00+00:00,24,0.419901004871329,0.419901004871329,False,False,0.459955579246624,7.54,-0.7,2026-01-06 19:00:00+00:00,9.0,2026-01-06 22:00:00,2026-01-07T00:00:00+05:00,ec0b7b27834117789496aee15dc76ea2a9eb0edfe946db4462f2710399868ffc,gfs_seamless,False,0.01,1.1183333333333334,-0.6833333333333332,0.40990100487132897
turbine_2,2026-01-07 05:00:00+00:00,24,0.465255558533932,0.465255558533932,False,False,0.459955579246624,7.73,-0.1,2026-01-06 19:00:00+00:00,10.0,2026-01-06 22:00:00,2026-01-07T00:00:00+05:00,ec0b7b27834117789496aee15dc76ea2a9eb0edfe946db4462f2710399868ffc,gfs_seamless,False,0.01,0.5466666666666666,0.5750000000000001,0.455255558533932
turbine_2,2026-01-07 06:00:00+00:00,24,0.42337469674315875,0.42337469674315875,False,False,0.3888526452450503,7.43,0.9,2026-01-06 19:00:00+00:00,11.0,2026-01-06 22:00:00,2026-01-07T00:00:00+05:00,ec0b7b27834117789496aee15dc76ea2a9eb0edfe946db4462f2710399868ffc,gfs_seamless,False,0.01,1.2266666666666668,1.4716666666666667,0.41337469674315874
turbine_2,2026-01-07 07:00:00+00:00,24,0.2795568631253036,0.2795568631253036,False,False,0.3144930739758326,6.67,2.2,2026-01-06 19:00:00+00:00,12.0,2026-01-06 22:00:00,2026-01-07T00:00:00+05:00,ec0b7b27834117789496aee15dc76ea2a9eb0edfe946db4462f2710399868ffc,gfs_seamless,False,0.01,1.2766666666666666,3.5833333333333335,0.2695568631253036
turbine_2,2026-01-07 08:00:00+00:00,24,0.2565905799209238,0.2565905799209238,False,False,0.24729629629629626,6.46,3.1,2026-01-06 19:00:00+00:00,13.0,2026-01-06 22:00:00,2026-01-07T00:00:00+05:00,ec0b7b27834117789496aee15dc76ea2a9eb0edfe946db4462f2710399868ffc,gfs_seamless,False,0.01,1.1883333333333332,4.871666666666667,0.2465905799209238
turbine_2,2026-01-07 09:00:00+00:00,24,0.2784662916323794,0.2784662916323794,False,False,0.3144930739758326,6.58,3.2,2026-01-06 19:00:00+00:00,14.0,2026-01-06 22:00:00,2026-01-07T00:00:00+05:00,ec0b7b27834117789496aee15dc76ea2a9eb0edfe946db4462f2710399868ffc,gfs_seamless,False,0.01,0.7883333333333332,5.1433333333333335,0.2684662916323794
turbine_2,2026-01-07 10:00:00+00:00,24,0.2540716990647103,0.2540716990647103,False,False,0.24729629629629626,6.49,2.6,2026-01-06 19:00:00+00:00,15.0,2026-01-06 22:00:00,2026-01-07T00:00:00+05:00,ec0b7b27834117789496aee15dc76ea2a9eb0edfe946db4462f2710399868ffc,gfs_seamless,False,0.01,1.1833333333333333,4.818333333333333,0.24407169906471027
turbine_2,2026-01-07 11:00:00+00:00,24,0.2784414693490063,0.2784414693490063,False,False,0.3144930739758326,6.62,0.8,2026-01-06 19:00:00+00:00,16.0,2026-01-06 22:00:00,2026-01-07T00:00:00+05:00,ec0b7b27834117789496aee15dc76ea2a9eb0edfe946db4462f2710399868ffc,gfs_seamless,False,0.008333333333333333,2.5383333333333336,2.605,0.27010813601567296
turbine_2,2026-01-07 12:00:00+00:00,24,0.26830395985585304,0.26830395985585304,False,False,0.3144930739758326,6.57,-0.7,2026-01-06 19:00:00+00:00,17.0,2026-01-06 22:00:00,2026-01-07T00:00:00+05:00,ec0b7b27834117789496aee15dc76ea2a9eb0edfe946db4462f2710399868ffc,gfs_seamless,False,0.021666666666666667,4.321666666666666,-1.51,0.24663729318918637
turbine_2,2026-01-07 13:00:00+00:00,24,0.21237185095129565,0.21237185095129565,False,False,0.24729629629629626,6.22,-1.2,2026-01-06 19:00:00+00:00,18.0,2026-01-06 22:00:00,2026-01-07T00:00:00+05:00,ec0b7b27834117789496aee15dc76ea2a9eb0edfe946db4462f2710399868ffc,gfs_seamless,False,0.02,4.256666666666667,-3.3333333333333335,0.19237185095129566
turbine_2,2026-01-07 14:00:00+00:00,24,0.21849407612503852,0.21849407612503852,False,False,0.24729629629629626,6.4,-1.8,2026-01-06 19:00:00+00:00,19.0,2026-01-06 22:00:00,2026-01-07T00:00:00+05:00,ec0b7b27834117789496aee15dc76ea2a9eb0edfe946db4462f2710399868ffc,gfs_seamless,False,0.008333333333333333,3.205,-3.388333333333333,0.21016074279170519
turbine_2,2026-01-07 15:00:00+00:00,24,0.32004935958527264,0.32004935958527264,False,False,0.3144930739758326,6.89,-2.3,2026-01-06 19:00:00+00:00,20.0,2026-01-06 22:00:00,2026-01-07T00:00:00+05:00,ec0b7b27834117789496aee15dc76ea2a9eb0edfe946db4462f2710399868ffc,gfs_seamless,False,0.01,1.535,-3.2483333333333335,0.31004935958527263
turbine_2,2026-01-07 16:00:00+00:00,24,0.3315333016654987,0.3315333016654987,False,False,0.3888526452450503,7.03,-2.4,2026-01-06 19:00:00+00:00,21.0,2026-01-06 22:00:00,2026-01-07T00:00:00+05:00,ec0b7b27834117789496aee15dc76ea2a9eb0edfe946db4462f2710399868ffc,gfs_seamless,False,0.01,1.11,-3.44,0.3215333016654987
turbine_2,2026-01-07 17:00:00+00:00,24,0.3439609800051123,0.3439609800051123,False,False,0.3888526452450503,7.29,-2.8,2026-01-06 19:00:00+00:00,22.0,2026-01-06 22:00:00,2026-01-07T00:00:00+05:00,ec0b7b27834117789496aee15dc76ea2a9eb0edfe946db4462f2710399868ffc,gfs_seamless,False,0.01,0.7783333333333333,-3.34,0.3339609800051123
turbine_2,2026-01-07 18:00:00+00:00,24,0.44124152674380346,0.44124152674380346,False,False,0.459955579246624,7.78,-3.4,2026-01-06 19:00:00+00:00,23.0,2026-01-06 22:00:00,2026-01-07T00:00:00+05:00,ec0b7b27834117789496aee15dc76ea2a9eb0edfe946db4462f2710399868ffc,gfs_seamless,False,0.01,1.5066666666666666,-3.7616666666666667,0.43124152674380345
turbine_2,2026-01-07 19:00:00+00:00,24,0.40388684834064503,0.40388684834064503,False,False,0.459955579246624,7.51,-3.4,2026-01-06 19:00:00+00:00,24.0,2026-01-06 22:00:00,2026-01-07T00:00:00+05:00,ec0b7b27834117789496aee15dc76ea2a9eb0edfe946db4462f2710399868ffc,gfs_seamless,False,0.01,1.0433333333333332,-4.2299999999999995,0.393886848340645
turbine_2,2026-01-07 20:00:00+00:00,48,0.6754610640510555,0.6754610640510555,False,False,0.6747792022792023,9.08,-2.9,2026-01-06 19:00:00+00:00,25.0,2026-01-06 22:00:00,2026-01-07T00:00:00+05:00,ec0b7b27834117789496aee15dc76ea2a9eb0edfe946db4462f2710399868ffc,gfs_seamless,False,0.01,1.5916666666666668,-4.733333333333333,0.6654610640510555
turbine_2,2026-01-07 21:00:00+00:00,48,0.6706523498028231,0.6706523498028231,False,False,0.6154512471655329,8.99,-3.3,2026-01-06 19:00:00+00:00,26.0,2026-01-06 22:00:00,2026-01-07T00:00:00+05:00,ec0b7b27834117789496aee15dc76ea2a9eb0edfe946db4462f2710399868ffc,gfs_seamless,False,0.01,1.205,-5.216666666666667,0.6606523498028231
turbine_2,2026-01-07 22:00:00+00:00,48,0.6756955671513564,0.6756955671513564,False,False,0.6747792022792023,9.12,-3.5,2026-01-06 19:00:00+00:00,27.0,2026-01-06 22:00:00,2026-01-07T00:00:00+05:00,ec0b7b27834117789496aee15dc76ea2a9eb0edfe946db4462f2710399868ffc,gfs_seamless,False,0.01,2.4983333333333335,-5.2299999999999995,0.6656955671513564
turbine_2,2026-01-07 23:00:00+00:00,48,0.6659857524565251,0.6659857524565251,False,False,0.6747792022792023,9.13,-3.7,2026-01-06 19:00:00+00:00,28.0,2026-01-06 22:00:00,2026-01-07T00:00:00+05:00,ec0b7b27834117789496aee15dc76ea2a9eb0edfe946db4462f2710399868ffc,gfs_seamless,False,0.01,2.311666666666667,-5.848333333333334,0.6559857524565251
turbine_2,2026-01-08 00:00:00+00:00,48,0.5144901163679654,0.5144901163679654,False,False,0.5339426298157454,8.1,-3.9,2026-01-06 19:00:00+00:00,29.0,2026-01-06 22:00:00,2026-01-07T00:00:00+05:00,ec0b7b27834117789496aee15dc76ea2a9eb0edfe946db4462f2710399868ffc,gfs_seamless,False,0.01,1.4583333333333333,-6.245,0.5044901163679654
turbine_2,2026-01-08 01:00:00+00:00,48,0.5459967713034092,0.5459967713034092,False,False,0.5339426298157454,8.37,-4.2,2026-01-06 19:00:00+00:00,30.0,2026-01-06 22:00:00,2026-01-07T00:00:00+05:00,ec0b7b27834117789496aee15dc76ea2a9eb0edfe946db4462f2710399868ffc,gfs_seamless,False,0.01,2.143333333333333,-6.88,0.5359967713034092
turbine_2,2026-01-08 02:00:00+00:00,48,0.7780914281585815,0.7780914281585815,False,False,0.7524465971187282,9.59,-4.9,2026-01-06 19:00:00+00:00,31.0,2026-01-06 22:00:00,2026-01-07T00:00:00+05:00,ec0b7b27834117789496aee15dc76ea2a9eb0edfe946db4462f2710399868ffc,gfs_seamless,False,0.01,1.4866666666666666,-6.765000000000001,0.7680914281585814
turbine_2,2026-01-08 03:00:00+00:00,48,0.6634790087411598,0.6634790087411598,False,False,0.6747792022792023,9.0,-3.9,2026-01-06 19:00:00+00:00,32.0,2026-01-06 22:00:00,2026-01-07T00:00:00+05:00,ec0b7b27834117789496aee15dc76ea2a9eb0edfe946db4462f2710399868ffc,gfs_seamless,False,0.01,1.0883333333333332,-7.2316666666666665,0.6534790087411598
turbine_2,2026-01-08 04:00:00+00:00,48,0.8371357696726519,0.8371357696726519,False,False,0.7524465971187282,9.98,-2.8,2026-01-06 19:00:00+00:00,33.0,2026-01-06 22:00:00,2026-01-07T00:00:00+05:00,ec0b7b27834117789496aee15dc76ea2a9eb0edfe946db4462f2710399868ffc,gfs_seamless,False,0.01,1.655,-6.821666666666666,0.8271357696726519
turbine_2,2026-01-08 05:00:00+00:00,48,0.8984814578235606,0.8984814578235606,False,False,0.8846255144032922,10.52,-0.5,2026-01-06 19:00:00+00:00,34.0,2026-01-06 22:00:00,2026-01-07T00:00:00+05:00,ec0b7b27834117789496aee15dc76ea2a9eb0edfe946db4462f2710399868ffc,gfs_seamless,False,0.01,1.8099999999999998,-5.57,0.8884814578235606
turbine_2,2026-01-08 06:00:00+00:00,48,0.7221136743551116,0.7221136743551116,False,False,0.6747792022792023,9.42,-0.0,2026-01-06 19:00:00+00:00,35.0,2026-01-06 22:00:00,2026-01-07T00:00:00+05:00,ec0b7b27834117789496aee15dc76ea2a9eb0edfe946db4462f2710399868ffc,gfs_seamless,False,0.01,2.0316666666666667,-3.221666666666667,0.7121136743551116
turbine_2,2026-01-08 07:00:00+00:00,48,0.7926556618799797,0.7926556618799797,False,False,0.7524465971187282,9.89,1.8,2026-01-06 19:00:00+00:00,36.0,2026-01-06 22:00:00,2026-01-07T00:00:00+05:00,ec0b7b27834117789496aee15dc76ea2a9eb0edfe946db4462f2710399868ffc,gfs_seamless,False,0.006666666666666667,3.2466666666666666,-1.8033333333333335,0.785988995213313
turbine_2,2026-01-08 08:00:00+00:00,48,0.8352907439363743,0.8352907439363743,False,False,0.7524465971187282,9.98,2.5,2026-01-06 19:00:00+00:00,37.0,2026-01-06 22:00:00,2026-01-07T00:00:00+05:00,ec0b7b27834117789496aee15dc76ea2a9eb0edfe946db4462f2710399868ffc,gfs_seamless,False,0.008333333333333333,3.4766666666666666,0.31833333333333336,0.826957410603041
turbine_2,2026-01-08 09:00:00+00:00,48,0.8390682526287191,0.8390682526287191,False,False,0.8243707250341997,10.02,2.5,2026-01-06 19:00:00+00:00,38.0,2026-01-06 22:00:00,2026-01-07T00:00:00+05:00,ec0b7b27834117789496aee15dc76ea2a9eb0edfe946db4462f2710399868ffc,gfs_seamless,False,0.013333333333333334,2.8000000000000003,2.801666666666667,0.8257349192953858
turbine_2,2026-01-08 10:00:00+00:00,48,0.7677199519803131,0.7677199519803131,False,False,0.7524465971187282,9.81,2.0,2026-01-06 19:00:00+00:00,39.0,2026-01-06 22:00:00,2026-01-07T00:00:00+05:00,ec0b7b27834117789496aee15dc76ea2a9eb0edfe946db4462f2710399868ffc,gfs_seamless,False,0.18666666666666668,5.988333333333333,3.805,0.5810532853136464
turbine_2,2026-01-08 11:00:00+00:00,48,0.8677373820791738,0.8677373820791738,False,False,0.8243707250341997,10.24,0.4,2026-01-06 19:00:00+00:00,40.0,2026-01-06 22:00:00,2026-01-07T00:00:00+05:00,ec0b7b27834117789496aee15dc76ea2a9eb0edfe946db4462f2710399868ffc,gfs_seamless,False,0.135,5.78,3.108333333333333,0.7327373820791738
turbine_2,2026-01-08 12:00:00+00:00,48,0.7904533475692289,0.7904533475692289,False,False,0.7524465971187282,9.78,-1.2,2026-01-06 19:00:00+00:00,41.0,2026-01-06 22:00:00,2026-01-07T00:00:00+05:00,ec0b7b27834117789496aee15dc76ea2a9eb0edfe946db4462f2710399868ffc,gfs_seamless,False,0.12666666666666668,5.5683333333333325,1.4933333333333334,0.6637866809025622
turbine_2,2026-01-08 13:00:00+00:00,48,0.8062701808485043,0.8062701808485043,False,False,0.8243707250341997,10.39,-1.8,2026-01-06 19:00:00+00:00,42.0,2026-01-06 22:00:00,2026-01-07T00:00:00+05:00,ec0b7b27834117789496aee15dc76ea2a9eb0edfe946db4462f2710399868ffc,gfs_seamless,False,0.09999999999999999,4.258333333333334,0.3066666666666667,0.7062701808485043
turbine_2,2026-01-08 14:00:00+00:00,48,0.9336495934481384,0.9336495934481384,False,False,0.925302677532014,11.03,-2.0,2026-01-06 19:00:00+00:00,43.0,2026-01-06 22:00:00,2026-01-07T00:00:00+05:00,ec0b7b27834117789496aee15dc76ea2a9eb0edfe946db4462f2710399868ffc,gfs_seamless,False,0.01,1.7883333333333333,-0.045000000000000005,0.9236495934481384
turbine_2,2026-01-08 15:00:00+00:00,48,0.9683275182478672,0.9683275182478672,False,False,0.9521050347222223,11.64,-2.0,2026-01-06 19:00:00+00:00,44.0,2026-01-06 22:00:00,2026-01-07T00:00:00+05:00,ec0b7b27834117789496aee15dc76ea2a9eb0edfe946db4462f2710399868ffc,gfs_seamless,False,0.008333333333333333,2.435,-1.2633333333333334,0.9599941849145339
turbine_2,2026-01-08 16:00:00+00:00,48,0.9679207944269563,0.9679207944269563,False,False,0.9571649484536083,12.04,-1.9,2026-01-06 19:00:00+00:00,45.0,2026-01-06 22:00:00,2026-01-07T00:00:00+05:00,ec0b7b27834117789496aee15dc76ea2a9eb0edfe946db4462f2710399868ffc,gfs_seamless,False,0.011666666666666667,1.325,-1.4116666666666668,0.9562541277602896
turbine_2,2026-01-08 17:00:00+00:00,48,0.9661722663161169,0.9661722663161169,False,False,0.9571649484536083,12.28,-2.1,2026-01-06 19:00:00+00:00,46.0,2026-01-06 22:00:00,2026-01-07T00:00:00+05:00,ec0b7b27834117789496aee15dc76ea2a9eb0edfe946db4462f2710399868ffc,gfs_seamless,False,0.008333333333333333,1.795,-1.5899999999999999,0.9578389329827836
turbine_2,2026-01-08 18:00:00+00:00,48,0.9828031350689298,0.9828031350689298,False,False,0.9571649484536083,12.23,-2.5,2026-01-06 19:00:00+00:00,47.0,2026-01-06 22:00:00,2026-01-07T00:00:00+05:00,ec0b7b27834117789496aee15dc76ea2a9eb0edfe946db4462f2710399868ffc,gfs_seamless,False,0.008333333333333333,2.2983333333333333,-2.2216666666666667,0.9744698017355965
turbine_2,2026-01-08 19:00:00+00:00,48,0.9817484832142888,0.9817484832142888,False,False,0.9628097193702942,12.73,-2.6,2026-01-06 19:00:00+00:00,48.0,2026-01-06 22:00:00,2026-01-07T00:00:00+05:00,ec0b7b27834117789496aee15dc76ea2a9eb0edfe946db4462f2710399868ffc,gfs_seamless,False,0.01,2.2083333333333335,-2.506666666666667,0.9717484832142887
turbine_1,2026-01-07 20:00:00+00:00,24,0.39626264278470563,0.39626264278470563,False,False,0.3989033816425121,7.25,-3.2,2026-01-07 19:00:00+00:00,1.0,2026-01-07 22:00:00,2026-01-08T00:00:00+05:00,d9ca0c6a5930d42d4dbeb0eca8311454a62a8d0e173a3ec109b6de3a2c3603ba,gfs_seamless,False,0.01,1.5566666666666666,-4.321666666666666,0.3862626427847056
turbine_1,2026-01-07 21:00:00+00:00,24,0.39626264278470563,0.39626264278470563,False,False,0.3989033816425121,7.24,-3.3,2026-01-07 19:00:00+00:00,2.0,2026-01-07 22:00:00,2026-01-08T00:00:00+05:00,d9ca0c6a5930d42d4dbeb0eca8311454a62a8d0e173a3ec109b6de3a2c3603ba,gfs_seamless,False,0.01,1.3549999999999998,-4.795,0.3862626427847056
turbine_1,2026-01-07 22:00:00+00:00,24,0.3970602503494612,0.3970602503494612,False,False,0.3989033816425121,7.29,-3.8,2026-01-07 19:00:00+00:00,3.0,2026-01-07 22:00:00,2026-01-08T00:00:00+05:00,d9ca0c6a5930d42d4dbeb0eca8311454a62a8d0e173a3ec109b6de3a2c3603ba,gfs_seamless,False,0.01,2.49,-5.071666666666666,0.3870602503494612
turbine_1,2026-01-07 23:00:00+00:00,24,0.29900541717287366,0.29900541717287366,False,False,0.3257266121707539,6.85,-4.1,2026-01-07 19:00:00+00:00,4.0,2026-01-07 22:00:00,2026-01-08T00:00:00+05:00,d9ca0c6a5930d42d4dbeb0eca8311454a62a8d0e173a3ec109b6de3a2c3603ba,gfs_seamless,False,0.01,2.1216666666666666,-5.704999999999999,0.28900541717287365
turbine_1,2026-01-08 00:00:00+00:00,24,0.4750022999180229,0.4750022999180229,False,False,0.4757277526395174,7.7,-4.2,2026-01-07 19:00:00+00:00,5.0,2026-01-07 22:00:00,2026-01-08T00:00:00+05:00,d9ca0c6a5930d42d4dbeb0eca8311454a62a8d0e173a3ec109b6de3a2c3603ba,gfs_seamless,False,0.01,1.365,-5.915,0.4650022999180229
turbine_1,2026-01-08 01:00:00+00:00,24,0.4902664845065934,0.4902664845065934,False,False,0.4757277526395174,7.84,-4.8,2026-01-07 19:00:00+00:00,6.0,2026-01-07 22:00:00,2026-01-08T00:00:00+05:00,d9ca0c6a5930d42d4dbeb0eca8311454a62a8d0e173a3ec109b6de3a2c3603ba,gfs_seamless,False,0.01,2.158333333333333,-6.64,0.48026648450659337
turbine_1,2026-01-08 02:00:00+00:00,24,0.44975894715482867,0.44975894715482867,False,False,0.4757277526395174,7.56,-4.6,2026-01-07 19:00:00+00:00,7.0,2026-01-07 22:00:00,2026-01-08T00:00:00+05:00,d9ca0c6a5930d42d4dbeb0eca8311454a62a8d0e173a3ec109b6de3a2c3603ba,gfs_seamless,False,0.01,1.78,-6.54,0.43975894715482866
turbine_1,2026-01-08 03:00:00+00:00,24,0.4750022999180229,0.4750022999180229,False,False,0.4757277526395174,7.71,-4.4,2026-01-07 19:00:00+00:00,8.0,2026-01-07 22:00:00,2026-01-08T00:00:00+05:00,d9ca0c6a5930d42d4dbeb0eca8311454a62a8d0e173a3ec109b6de3a2c3603ba,gfs_seamless,False,0.01,1.1566666666666667,-6.971666666666667,0.4650022999180229
turbine_1,2026-01-08 04:00:00+00:00,24,0.4367955436531402,0.4367955436531402,False,False,0.3989033816425121,7.47,-2.3,2026-01-07 19:00:00+00:00,9.0,2026-01-07 22:00:00,2026-01-08T00:00:00+05:00,d9ca0c6a5930d42d4dbeb0eca8311454a62a8d0e173a3ec109b6de3a2c3603ba,gfs_seamless,False,0.01,1.3933333333333333,-6.631666666666667,0.4267955436531402
turbine_1,2026-01-08 05:00:00+00:00,24,0.5966063324971337,0.5966063324971337,False,False,0.5473923444976077,8.42,-0.7,2026-01-07 19:00:00+00:00,10.0,2026-01-07 22:00:00,2026-01-08T00:00:00+05:00,d9ca0c6a5930d42d4dbeb0eca8311454a62a8d0e173a3ec109b6de3a2c3603ba,gfs_seamless,False,0.01,1.7233333333333334,-5.363333333333333,0.5866063324971337
turbine_1,2026-01-08 06:00:00+00:00,24,0.6404227006755681,0.6404227006755681,False,False,0.6263235294117647,8.6,0.8,2026-01-07 19:00:00+00:00,11.0,2026-01-07 22:00:00,2026-01-08T00:00:00+05:00,d9ca0c6a5930d42d4dbeb0eca8311454a62a8d0e173a3ec109b6de3a2c3603ba,gfs_seamless,False,0.01,2.315,-2.893333333333333,0.630422700675568
turbine_1,2026-01-08 07:00:00+00:00,24,0.7005874127875105,0.7005874127875105,False,False,0.6947712418300653,9.05,1.9,2026-01-07 19:00:00+00:00,12.0,2026-01-07 22:00:00,2026-01-08T00:00:00+05:00,d9ca0c6a5930d42d4dbeb0eca8311454a62a8d0e173a3ec109b6de3a2c3603ba,gfs_seamless,False,0.01,3.0100000000000002,-1.455,0.6905874127875105
turbine_1,2026-01-08 08:00:00+00:00,24,0.6069372616100787,0.6069372616100787,False,False,0.5473923444976077,8.42,2.5,2026-01-07 19:00:00+00:00,13.0,2026-01-07 22:00:00,2026-01-08T00:00:00+05:00,d9ca0c6a5930d42d4dbeb0eca8311454a62a8d0e173a3ec109b6de3a2c3603ba,gfs_seamless,False,0.008333333333333333,3.3633333333333333,0.5083333333333333,0.5986039282767454
turbine_1,2026-01-08 09:00:00+00:00,24,0.6821646010439002,0.6821646010439002,False,False,0.6263235294117647,8.82,2.5,2026-01-07 19:00:00+00:00,14.0,2026-01-07 22:00:00,2026-01-08T00:00:00+05:00,d9ca0c6a5930d42d4dbeb0eca8311454a62a8d0e173a3ec109b6de3a2c3603ba,gfs_seamless,False,0.01,2.75,2.811666666666667,0.6721646010439002
turbine_1,2026-01-08 10:00:00+00:00,24,0.6801120054647268,0.6801120054647268,False,False,0.6263235294117647,8.8,1.6,2026-01-07 19:00:00+00:00,15.0,2026-01-07 22:00:00,2026-01-08T00:00:00+05:00,d9ca0c6a5930d42d4dbeb0eca8311454a62a8d0e173a3ec109b6de3a2c3603ba,gfs_seamless,False,0.18333333333333335,5.9383333333333335,3.9250000000000003,0.4967786721313935
turbine_1,2026-01-08 11:00:00+00:00,24,0.6935917981479688,0.6935917981479688,False,False,0.6263235294117647,8.97,-0.0,2026-01-07 19:00:00+00:00,16.0,2026-01-07 22:00:00,2026-01-08T00:00:00+05:00,d9ca0c6a5930d42d4dbeb0eca8311454a62a8d0e173a3ec109b6de3a2c3603ba,gfs_seamless,False,0.13833333333333334,5.701666666666667,3.2583333333333333,0.5552584648146355
turbine_1,2026-01-08 12:00:00+00:00,24,0.7788502601771815,0.7788502601771815,False,False,0.763874074074074,9.57,-1.3,2026-01-07 19:00:00+00:00,17.0,2026-01-07 22:00:00,2026-01-08T00:00:00+05:00,d9ca0c6a5930d42d4dbeb0eca8311454a62a8d0e173a3ec109b6de3a2c3603ba,gfs_seamless,False,0.135,5.598333333333334,1.6983333333333333,0.6438502601771815
turbine_1,2026-01-08 13:00:00+00:00,24,0.7357234147861094,0.7357234147861094,False,False,0.6947712418300653,9.32,-1.6,2026-01-07 19:00:00+00:00,18.0,2026-01-07 22:00:00,2026-01-08T00:00:00+05:00,d9ca0c6a5930d42d4dbeb0eca8311454a62a8d0e173a3ec109b6de3a2c3603ba,gfs_seamless,False,0.12,4.735,0.5566666666666666,0.6157234147861094
turbine_1,2026-01-08 14:00:00+00:00,24,0.8131289309286218,0.8131289309286218,False,False,0.763874074074074,9.72,-1.9,2026-01-07 19:00:00+00:00,19.0,2026-01-07 22:00:00,2026-01-08T00:00:00+05:00,d9ca0c6a5930d42d4dbeb0eca8311454a62a8d0e173a3ec109b6de3a2c3603ba,gfs_seamless,False,0.01,2.045,0.205,0.8031289309286218
turbine_1,2026-01-08 15:00:00+00:00,24,0.8941784844248231,0.8941784844248231,False,False,0.8300111259457054,10.44,-1.9,2026-01-07 19:00:00+00:00,20.0,2026-01-07 22:00:00,2026-01-08T00:00:00+05:00,d9ca0c6a5930d42d4dbeb0eca8311454a62a8d0e173a3ec109b6de3a2c3603ba,gfs_seamless,False,0.013333333333333334,3.1133333333333333,-1.2016666666666667,0.8808451510914898
turbine_1,2026-01-08 16:00:00+00:00,24,0.9300423587670645,0.9300423587670645,False,False,0.8927965043695381,10.89,-1.8,2026-01-07 19:00:00+00:00,21.0,2026-01-07 22:00:00,2026-01-08T00:00:00+05:00,d9ca0c6a5930d42d4dbeb0eca8311454a62a8d0e173a3ec109b6de3a2c3603ba,gfs_seamless,False,0.013333333333333334,1.4116666666666668,-1.3733333333333333,0.9167090254337312
turbine_1,2026-01-08 17:00:00+00:00,24,0.9562895278719001,0.9562895278719001,False,False,0.9378574561403509,11.1,-1.8,2026-01-07 19:00:00+00:00,22.0,2026-01-07 22:00:00,2026-01-08T00:00:00+05:00,d9ca0c6a5930d42d4dbeb0eca8311454a62a8d0e173a3ec109b6de3a2c3603ba,gfs_seamless,False,0.01,1.6816666666666666,-1.3499999999999999,0.9462895278719001
turbine_1,2026-01-08 18:00:00+00:00,24,0.9696266014958853,0.9696266014958853,False,False,0.9378574561403509,11.25,-2.0,2026-01-07 19:00:00+00:00,23.0,2026-01-07 22:00:00,2026-01-08T00:00:00+05:00,d9ca0c6a5930d42d4dbeb0eca8311454a62a8d0e173a3ec109b6de3a2c3603ba,gfs_seamless,False,0.01,1.9816666666666667,-1.3,0.9596266014958853
turbine_1,2026-01-08 19:00:00+00:00,24,0.9778368309151663,0.9778368309151663,False,False,0.9378574561403509,11.47,-2.1,2026-01-07 19:00:00+00:00,24.0,2026-01-07 22:00:00,2026-01-08T00:00:00+05:00,d9ca0c6a5930d42d4dbeb0eca8311454a62a8d0e173a3ec109b6de3a2c3603ba,gfs_seamless,False,0.011666666666666667,3.251666666666667,-1.8466666666666667,0.9661701642484996
turbine_1,2026-01-08 20:00:00+00:00,48,0.9555934529935841,0.9555934529935841,False,False,0.9669064191802009,12.69,-2.8,2026-01-07 19:00:00+00:00,25.0,2026-01-07 22:00:00,2026-01-08T00:00:00+05:00,d9ca0c6a5930d42d4dbeb0eca8311454a62a8d0e173a3ec109b6de3a2c3603ba,gfs_seamless,False,0.01,1.78,-2.5100000000000002,0.9455934529935841
turbine_1,2026-01-08 21:00:00+00:00,48,0.9937309876349303,0.9937309876349303,False,False,0.9769763513513514,13.05,-2.8,2026-01-07 19:00:00+00:00,26.0,2026-01-07 22:00:00,2026-01-08T00:00:00+05:00,d9ca0c6a5930d42d4dbeb0eca8311454a62a8d0e173a3ec109b6de3a2c3603ba,gfs_seamless,False,0.013333333333333334,2.638333333333333,-3.355,0.980397654301597
turbine_1,2026-01-08 22:00:00+00:00,48,0.9951198131315943,0.9951198131315943,False,False,0.9769763513513514,13.19,-2.9,2026-01-07 19:00:00+00:00,27.0,2026-01-07 22:00:00,2026-01-08T00:00:00+05:00,d9ca0c6a5930d42d4dbeb0eca8311454a62a8d0e173a3ec109b6de3a2c3603ba,gfs_seamless,False,0.01,2.9800000000000004,-4.655,0.9851198131315942
turbine_1,2026-01-08 23:00:00+00:00,48,0.9893830950560578,0.9893830950560578,False,False,0.9769763513513514,13.24,-3.0,2026-01-07 19:00:00+00:00,28.0,2026-01-07 22:00:00,2026-01-08T00:00:00+05:00,d9ca0c6a5930d42d4dbeb0eca8311454a62a8d0e173a3ec109b6de3a2c3603ba,gfs_seamless,False,0.01,2.276666666666667,-5.663333333333333,0.9793830950560578
turbine_1,2026-01-09 00:00:00+00:00,48,0.9555934529935841,0.9555934529935841,False,False,0.9669064191802009,12.71,-3.3,2026-01-07 19:00:00+00:00,29.0,2026-01-07 22:00:00,2026-01-08T00:00:00+05:00,d9ca0c6a5930d42d4dbeb0eca8311454a62a8d0e173a3ec109b6de3a2c3603ba,gfs_seamless,False,0.01,1.3533333333333333,-5.75,0.9455934529935841
turbine_1,2026-01-09 01:00:00+00:00,48,0.9851711924101316,0.9851711924101316,False,False,0.9669064191802009,12.78,-3.3,2026-01-07 19:00:00+00:00,30.0,2026-01-07 22:00:00,2026-01-08T00:00:00+05:00,d9ca0c6a5930d42d4dbeb0eca8311454a62a8d0e173a3ec109b6de3a2c3603ba,gfs_seamless,False,0.01,3.3533333333333335,-6.141666666666667,0.9751711924101316
turbine_1,2026-01-09 02:00:00+00:00,48,0.9851711924101316,0.9851711924101316,False,False,0.9669064191802009,12.73,-3.4,2026-01-07 19:00:00+00:00,31.0,2026-01-07 22:00:00,2026-01-08T00:00:00+05:00,d9ca0c6a5930d42d4dbeb0eca8311454a62a8d0e173a3ec109b6de3a2c3603ba,gfs_seamless,False,0.01,2.131666666666667,-7.038333333333334,0.9751711924101316
turbine_1,2026-01-09 03:00:00+00:00,48,0.9851711924101316,0.9851711924101316,False,False,0.9669064191802009,12.73,-2.9,2026-01-07 19:00:00+00:00,32.0,2026-01-07 22:00:00,2026-01-08T00:00:00+05:00,d9ca0c6a5930d42d4dbeb0eca8311454a62a8d0e173a3ec109b6de3a2c3603ba,gfs_seamless,False,0.01,1.345,-7.558333333333334,0.9751711924101316
turbine_1,2026-01-09 04:00:00+00:00,48,0.9876628858281405,0.9876628858281405,False,False,0.9580129390018484,12.42,-0.8,2026-01-07 19:00:00+00:00,33.0,2026-01-07 22:00:00,2026-01-08T00:00:00+05:00,d9ca0c6a5930d42d4dbeb0eca8311454a62a8d0e173a3ec109b6de3a2c3603ba,gfs_seamless,False,0.01,2.125,-7.010000000000001,0.9776628858281405
turbine_1,2026-01-09 05:00:00+00:00,48,0.9825315766518827,0.9825315766518827,False,False,0.960176170607325,11.95,1.7,2026-01-07 19:00:00+00:00,34.0,2026-01-07 22:00:00,2026-01-08T00:00:00+05:00,d9ca0c6a5930d42d4dbeb0eca8311454a62a8d0e173a3ec109b6de3a2c3603ba,gfs_seamless,False,0.01,0.9316666666666666,-5.34,0.9725315766518827
turbine_1,2026-01-09 06:00:00+00:00,48,0.9784886788782288,0.9784886788782288,False,False,0.9378574561403509,11.27,2.5,2026-01-07 19:00:00+00:00,35.0,2026-01-07 22:00:00,2026-01-08T00:00:00+05:00,d9ca0c6a5930d42d4dbeb0eca8311454a62a8d0e173a3ec109b6de3a2c3603ba,gfs_seamless,False,0.01,0.8916666666666666,-3.7300000000000004,0.9684886788782288
turbine_1,2026-01-09 07:00:00+00:00,48,0.949544937145091,0.949544937145091,False,False,0.8927965043695381,10.96,3.9,2026-01-07 19:00:00+00:00,36.0,2026-01-07 22:00:00,2026-01-08T00:00:00+05:00,d9ca0c6a5930d42d4dbeb0eca8311454a62a8d0e173a3ec109b6de3a2c3603ba,gfs_seamless,False,0.01,1.7666666666666666,-1.9133333333333333,0.939544937145091
turbine_1,2026-01-09 08:00:00+00:00,48,0.9197001979341116,0.9197001979341116,False,False,0.8927965043695381,10.55,4.4,2026-01-07 19:00:00+00:00,37.0,2026-01-07 22:00:00,2026-01-08T00:00:00+05:00,d9ca0c6a5930d42d4dbeb0eca8311454a62a8d0e173a3ec109b6de3a2c3603ba,gfs_seamless,False,0.011666666666666667,2.98,0.16166666666666665,0.9080335312674449
turbine_1,2026-01-09 09:00:00+00:00,48,0.8135789389008357,0.8135789389008357,False,False,0.763874074074074,9.66,3.8,2026-01-07 19:00:00+00:00,38.0,2026-01-07 22:00:00,2026-01-08T00:00:00+05:00,d9ca0c6a5930d42d4dbeb0eca8311454a62a8d0e173a3ec109b6de3a2c3603ba,gfs_seamless,False,0.01,1.37,1.5599999999999998,0.8035789389008356
turbine_1,2026-01-09 10:00:00+00:00,48,0.642162812848849,0.642162812848849,False,False,0.6263235294117647,8.59,2.4,2026-01-07 19:00:00+00:00,39.0,2026-01-07 22:00:00,2026-01-08T00:00:00+05:00,d9ca0c6a5930d42d4dbeb0eca8311454a62a8d0e173a3ec109b6de3a2c3603ba,gfs_seamless,False,0.01,1.4066666666666665,2.8049999999999997,0.632162812848849
turbine_1,2026-01-09 11:00:00+00:00,48,0.5668828550434573,0.5668828550434573,False,False,0.5473923444976077,8.14,0.4,2026-01-07 19:00:00+00:00,40.0,2026-01-07 22:00:00,2026-01-08T00:00:00+05:00,d9ca0c6a5930d42d4dbeb0eca8311454a62a8d0e173a3ec109b6de3a2c3603ba,gfs_seamless,False,0.02666666666666667,3.878333333333334,1.46,0.5402161883767906
turbine_1,2026-01-09 12:00:00+00:00,48,0.5806751519326866,0.5806751519326866,False,False,0.5473923444976077,8.33,-1.5,2026-01-07 19:00:00+00:00,41.0,2026-01-07 22:00:00,2026-01-08T00:00:00+05:00,d9ca0c6a5930d42d4dbeb0eca8311454a62a8d0e173a3ec109b6de3a2c3603ba,gfs_seamless,False,0.03,4.163333333333333,-0.855,0.5506751519326866
turbine_1,2026-01-09 13:00:00+00:00,48,0.5149332800111288,0.5149332800111288,False,False,0.5473923444976077,8.05,-1.7,2026-01-07 19:00:00+00:00,42.0,2026-01-07 22:00:00,2026-01-08T00:00:00+05:00,d9ca0c6a5930d42d4dbeb0eca8311454a62a8d0e173a3ec109b6de3a2c3603ba,gfs_seamless,False,0.011666666666666667,3.638333333333333,-1.6816666666666666,0.5032666133444621
turbine_1,2026-01-09 14:00:00+00:00,48,0.4948023448489825,0.4948023448489825,False,False,0.4757277526395174,7.87,-1.9,2026-01-07 19:00:00+00:00,43.0,2026-01-07 22:00:00,2026-01-08T00:00:00+05:00,d9ca0c6a5930d42d4dbeb0eca8311454a62a8d0e173a3ec109b6de3a2c3603ba,gfs_seamless,False,0.008333333333333333,2.7066666666666666,-2.5183333333333335,0.48646901151564914
turbine_1,2026-01-09 15:00:00+00:00,48,0.46759320442134483,0.46759320442134483,False,False,0.4757277526395174,7.69,-2.2,2026-01-07 19:00:00+00:00,44.0,2026-01-07 22:00:00,2026-01-08T00:00:00+05:00,d9ca0c6a5930d42d4dbeb0eca8311454a62a8d0e173a3ec109b6de3a2c3603ba,gfs_seamless,False,0.01,2.6350000000000002,-3.155,0.4575932044213448
turbine_1,2026-01-09 16:00:00+00:00,48,0.5283205317548348,0.5283205317548348,False,False,0.5473923444976077,8.1,-2.3,2026-01-07 19:00:00+00:00,45.0,2026-01-07 22:00:00,2026-01-08T00:00:00+05:00,d9ca0c6a5930d42d4dbeb0eca8311454a62a8d0e173a3ec109b6de3a2c3603ba,gfs_seamless,False,0.01,1.965,-4.9783333333333335,0.5183205317548348
turbine_1,2026-01-09 17:00:00+00:00,48,0.6309221394767647,0.6309221394767647,False,False,0.6263235294117647,8.59,-2.3,2026-01-07 19:00:00+00:00,46.0,2026-01-07 22:00:00,2026-01-08T00:00:00+05:00,d9ca0c6a5930d42d4dbeb0eca8311454a62a8d0e173a3ec109b6de3a2c3603ba,gfs_seamless,False,0.01,2.2283333333333335,-5.538333333333334,0.6209221394767647
turbine_1,2026-01-09 18:00:00+00:00,48,0.8069297300999576,0.8069297300999576,False,False,0.763874074074074,9.66,-2.3,2026-01-07 19:00:00+00:00,47.0,2026-01-07 22:00:00,2026-01-08T00:00:00+05:00,d9ca0c6a5930d42d4dbeb0eca8311454a62a8d0e173a3ec109b6de3a2c3603ba,gfs_seamless,False,0.01,1.19,-5.318333333333333,0.7969297300999576
turbine_1,2026-01-09 19:00:00+00:00,48,0.8921261338979819,0.8921261338979819,False,False,0.8300111259457054,10.3,-2.2,2026-01-07 19:00:00+00:00,48.0,2026-01-07 22:00:00,2026-01-08T00:00:00+05:00,d9ca0c6a5930d42d4dbeb0eca8311454a62a8d0e173a3ec109b6de3a2c3603ba,gfs_seamless,False,0.01,0.89,-5.3116666666666665,0.8821261338979819
turbine_2,2026-01-07 20:00:00+00:00,24,0.348470302156148,0.348470302156148,False,False,0.3888526452450503,7.25,-3.2,2026-01-07 19:00:00+00:00,1.0,2026-01-07 22:00:00,2026-01-08T00:00:00+05:00,a487cc2b6e1a9315da2330fa57ea18707cd53be4b982cea35204481102efd30d,gfs_seamless,False,0.01,1.5916666666666668,-4.733333333333333,0.338470302156148
turbine_2,2026-01-07 21:00:00+00:00,24,0.3487307877664984,0.3487307877664984,False,False,0.3888526452450503,7.24,-3.3,2026-01-07 19:00:00+00:00,2.0,2026-01-07 22:00:00,2026-01-08T00:00:00+05:00,a487cc2b6e1a9315da2330fa57ea18707cd53be4b982cea35204481102efd30d,gfs_seamless,False,0.01,1.205,-5.216666666666667,0.3387307877664984
turbine_2,2026-01-07 22:00:00+00:00,24,0.35350134494232854,0.35350134494232854,False,False,0.3888526452450503,7.29,-3.8,2026-01-07 19:00:00+00:00,3.0,2026-01-07 22:00:00,2026-01-08T00:00:00+05:00,a487cc2b6e1a9315da2330fa57ea18707cd53be4b982cea35204481102efd30d,gfs_seamless,False,0.01,2.4983333333333335,-5.2299999999999995,0.34350134494232853
turbine_2,2026-01-07 23:00:00+00:00,24,0.29832728419646093,0.29832728419646093,False,False,0.3144930739758326,6.85,-4.1,2026-01-07 19:00:00+00:00,4.0,2026-01-07 22:00:00,2026-01-08T00:00:00+05:00,a487cc2b6e1a9315da2330fa57ea18707cd53be4b982cea35204481102efd30d,gfs_seamless,False,0.01,2.311666666666667,-5.848333333333334,0.2883272841964609
turbine_2,2026-01-08 00:00:00+00:00,24,0.43839426932982006,0.43839426932982006,False,False,0.459955579246624,7.7,-4.2,2026-01-07 19:00:00+00:00,5.0,2026-01-07 22:00:00,2026-01-08T00:00:00+05:00,a487cc2b6e1a9315da2330fa57ea18707cd53be4b982cea35204481102efd30d,gfs_seamless,False,0.01,1.4583333333333333,-6.245,0.42839426932982005
turbine_2,2026-01-08 01:00:00+00:00,24,0.4711391239516638,0.4711391239516638,False,False,0.459955579246624,7.84,-4.8,2026-01-07 19:00:00+00:00,6.0,2026-01-07 22:00:00,2026-01-08T00:00:00+05:00,a487cc2b6e1a9315da2330fa57ea18707cd53be4b982cea35204481102efd30d,gfs_seamless,False,0.01,2.143333333333333,-6.88,0.4611391239516638
turbine_2,2026-01-08 02:00:00+00:00,24,0.4079494080923546,0.4079494080923546,False,False,0.459955579246624,7.56,-4.6,2026-01-07 19:00:00+00:00,7.0,2026-01-07 22:00:00,2026-01-08T00:00:00+05:00,a487cc2b6e1a9315da2330fa57ea18707cd53be4b982cea35204481102efd30d,gfs_seamless,False,0.01,1.4866666666666666,-6.765000000000001,0.3979494080923546
turbine_2,2026-01-08 03:00:00+00:00,24,0.43023235580476504,0.43023235580476504,False,False,0.459955579246624,7.71,-4.4,2026-01-07 19:00:00+00:00,8.0,2026-01-07 22:00:00,2026-01-08T00:00:00+05:00,a487cc2b6e1a9315da2330fa57ea18707cd53be4b982cea35204481102efd30d,gfs_seamless,False,0.01,1.0883333333333332,-7.2316666666666665,0.42023235580476503
turbine_2,2026-01-08 04:00:00+00:00,24,0.4047330787260439,0.4047330787260439,False,False,0.3888526452450503,7.47,-2.3,2026-01-07 19:00:00+00:00,9.0,2026-01-07 22:00:00,2026-01-08T00:00:00+05:00,a487cc2b6e1a9315da2330fa57ea18707cd53be4b982cea35204481102efd30d,gfs_seamless,False,0.01,1.655,-6.821666666666666,0.3947330787260439
turbine_2,2026-01-08 05:00:00+00:00,24,0.5588787816461604,0.5588787816461604,False,False,0.5339426298157454,8.42,-0.7,2026-01-07 19:00:00+00:00,10.0,2026-01-07 22:00:00,2026-01-08T00:00:00+05:00,a487cc2b6e1a9315da2330fa57ea18707cd53be4b982cea35204481102efd30d,gfs_seamless,False,0.01,1.8099999999999998,-5.57,0.5488787816461604
turbine_2,2026-01-08 06:00:00+00:00,24,0.602901415836653,0.602901415836653,False,False,0.6154512471655329,8.6,0.8,2026-01-07 19:00:00+00:00,11.0,2026-01-07 22:00:00,2026-01-08T00:00:00+05:00,a487cc2b6e1a9315da2330fa57ea18707cd53be4b982cea35204481102efd30d,gfs_seamless,False,0.01,2.0316666666666667,-3.221666666666667,0.592901415836653
turbine_2,2026-01-08 07:00:00+00:00,24,0.673548310401318,0.673548310401318,False,False,0.6747792022792023,9.05,1.9,2026-01-07 19:00:00+00:00,12.0,2026-01-07 22:00:00,2026-01-08T00:00:00+05:00,a487cc2b6e1a9315da2330fa57ea18707cd53be4b982cea35204481102efd30d,gfs_seamless,False,0.006666666666666667,3.2466666666666666,-1.8033333333333335,0.6668816437346513
turbine_2,2026-01-08 08:00:00+00:00,24,0.5809579479775211,0.5809579479775211,False,False,0.5339426298157454,8.42,2.5,2026-01-07 19:00:00+00:00,13.0,2026-01-07 22:00:00,2026-01-08T00:00:00+05:00,a487cc2b6e1a9315da2330fa57ea18707cd53be4b982cea35204481102efd30d,gfs_seamless,False,0.008333333333333333,3.4766666666666666,0.31833333333333336,0.5726246146441878
turbine_2,2026-01-08 09:00:00+00:00,24,0.6436108601788492,0.6436108601788492,False,False,0.6154512471655329,8.82,2.5,2026-01-07 19:00:00+00:00,14.0,2026-01-07 22:00:00,2026-01-08T00:00:00+05:00,a487cc2b6e1a9315da2330fa57ea18707cd53be4b982cea35204481102efd30d,gfs_seamless,False,0.013333333333333334,2.8000000000000003,2.801666666666667,0.6302775268455159
turbine_2,2026-01-08 10:00:00+00:00,24,0.6357187815085146,0.6357187815085146,False,False,0.6154512471655329,8.8,1.6,2026-01-07 19:00:00+00:00,15.0,2026-01-07 22:00:00,2026-01-08T00:00:00+05:00,a487cc2b6e1a9315da2330fa57ea18707cd53be4b982cea35204481102efd30d,gfs_seamless,False,0.18666666666666668,5.988333333333333,3.805,0.4490521148418479
turbine_2,2026-01-08 11:00:00+00:00,24,0.6760533375308325,0.6760533375308325,False,False,0.6154512471655329,8.97,-0.0,2026-01-07 19:00:00+00:00,16.0,2026-01-07 22:00:00,2026-01-08T00:00:00+05:00,a487cc2b6e1a9315da2330fa57ea18707cd53be4b982cea35204481102efd30d,gfs_seamless,False,0.135,5.78,3.108333333333333,0.5410533375308325
turbine_2,2026-01-08 12:00:00+00:00,24,0.7740637031317522,0.7740637031317522,False,False,0.7524465971187282,9.57,-1.3,2026-01-07 19:00:00+00:00,17.0,2026-01-07 22:00:00,2026-01-08T00:00:00+05:00,a487cc2b6e1a9315da2330fa57ea18707cd53be4b982cea35204481102efd30d,gfs_seamless,False,0.12666666666666668,5.5683333333333325,1.4933333333333334,0.6473970364650855
turbine_2,2026-01-08 13:00:00+00:00,24,0.7101645735008872,0.7101645735008872,False,False,0.6747792022792023,9.32,-1.6,2026-01-07 19:00:00+00:00,18.0,2026-01-07 22:00:00,2026-01-08T00:00:00+05:00,a487cc2b6e1a9315da2330fa57ea18707cd53be4b982cea35204481102efd30d,gfs_seamless,False,0.09999999999999999,4.258333333333334,0.3066666666666667,0.6101645735008873
turbine_2,2026-01-08 14:00:00+00:00,24,0.7498326241254741,0.7498326241254741,False,False,0.7524465971187282,9.72,-1.9,2026-01-07 19:00:00+00:00,19.0,2026-01-07 22:00:00,2026-01-08T00:00:00+05:00,a487cc2b6e1a9315da2330fa57ea18707cd53be4b982cea35204481102efd30d,gfs_seamless,False,0.01,1.7883333333333333,-0.045000000000000005,0.7398326241254741
turbine_2,2026-01-08 15:00:00+00:00,24,0.8410720290695012,0.8410720290695012,False,False,0.8243707250341997,10.44,-1.9,2026-01-07 19:00:00+00:00,20.0,2026-01-07 22:00:00,2026-01-08T00:00:00+05:00,a487cc2b6e1a9315da2330fa57ea18707cd53be4b982cea35204481102efd30d,gfs_seamless,False,0.008333333333333333,2.435,-1.2633333333333334,0.8327386957361679
turbine_2,2026-01-08 16:00:00+00:00,24,0.9191172779053219,0.9191172779053219,False,False,0.8846255144032922,10.89,-1.8,2026-01-07 19:00:00+00:00,21.0,2026-01-07 22:00:00,2026-01-08T00:00:00+05:00,a487cc2b6e1a9315da2330fa57ea18707cd53be4b982cea35204481102efd30d,gfs_seamless,False,0.011666666666666667,1.325,-1.4116666666666668,0.9074506112386552
turbine_2,2026-01-08 17:00:00+00:00,24,0.9162382278582571,0.9162382278582571,False,False,0.925302677532014,11.1,-1.8,2026-01-07 19:00:00+00:00,22.0,2026-01-07 22:00:00,2026-01-08T00:00:00+05:00,a487cc2b6e1a9315da2330fa57ea18707cd53be4b982cea35204481102efd30d,gfs_seamless,False,0.008333333333333333,1.795,-1.5899999999999999,0.9079048945249238
turbine_2,2026-01-08 18:00:00+00:00,24,0.9400923513861567,0.9400923513861567,False,False,0.925302677532014,11.25,-2.0,2026-01-07 19:00:00+00:00,23.0,2026-01-07 22:00:00,2026-01-08T00:00:00+05:00,a487cc2b6e1a9315da2330fa57ea18707cd53be4b982cea35204481102efd30d,gfs_seamless,False,0.008333333333333333,2.2983333333333333,-2.2216666666666667,0.9317590180528234
turbine_2,2026-01-08 19:00:00+00:00,24,0.9422816756406259,0.9422816756406259,False,False,0.925302677532014,11.47,-2.1,2026-01-07 19:00:00+00:00,24.0,2026-01-07 22:00:00,2026-01-08T00:00:00+05:00,a487cc2b6e1a9315da2330fa57ea18707cd53be4b982cea35204481102efd30d,gfs_seamless,False,0.01,2.2083333333333335,-2.506666666666667,0.9322816756406259
turbine_2,2026-01-08 20:00:00+00:00,48,0.9648801650648661,0.9648801650648661,False,False,0.9628097193702942,12.69,-2.8,2026-01-07 19:00:00+00:00,25.0,2026-01-07 22:00:00,2026-01-08T00:00:00+05:00,a487cc2b6e1a9315da2330fa57ea18707cd53be4b982cea35204481102efd30d,gfs_seamless,False,0.008333333333333333,1.2516666666666667,-2.8466666666666662,0.9565468317315328
turbine_2,2026-01-08 21:00:00+00:00,48,0.9708474699035373,0.9708474699035373,False,False,0.9697865853658537,13.05,-2.8,2026-01-07 19:00:00+00:00,26.0,2026-01-07 22:00:00,2026-01-08T00:00:00+05:00,a487cc2b6e1a9315da2330fa57ea18707cd53be4b982cea35204481102efd30d,gfs_seamless,False,0.01,2.651666666666667,-3.651666666666667,0.9608474699035373
turbine_2,2026-01-08 22:00:00+00:00,48,0.9599750089687414,0.9599750089687414,False,False,0.9697865853658537,13.19,-2.9,2026-01-07 19:00:00+00:00,27.0,2026-01-07 22:00:00,2026-01-08T00:00:00+05:00,a487cc2b6e1a9315da2330fa57ea18707cd53be4b982cea35204481102efd30d,gfs_seamless,False,0.011666666666666667,3.0566666666666666,-4.786666666666666,0.9483083423020747
turbine_2,2026-01-08 23:00:00+00:00,48,0.9829529058311196,0.9829529058311196,False,False,0.9697865853658537,13.24,-3.0,2026-01-07 19:00:00+00:00,28.0,2026-01-07 22:00:00,2026-01-08T00:00:00+05:00,a487cc2b6e1a9315da2330fa57ea18707cd53be4b982cea35204481102efd30d,gfs_seamless,False,0.01,2.23,-5.8500000000000005,0.9729529058311196
turbine_2,2026-01-09 00:00:00+00:00,48,0.9849851725001497,0.9849851725001497,False,False,0.9628097193702942,12.71,-3.3,2026-01-07 19:00:00+00:00,29.0,2026-01-07 22:00:00,2026-01-08T00:00:00+05:00,a487cc2b6e1a9315da2330fa57ea18707cd53be4b982cea35204481102efd30d,gfs_seamless,False,0.01,1.9183333333333332,-6.1499999999999995,0.9749851725001497
turbine_2,2026-01-09 01:00:00+00:00,48,0.9927408590757416,0.9916666666666667,True,False,0.9628097193702942,12.78,-3.3,2026-01-07 19:00:00+00:00,30.0,2026-01-07 22:00:00,2026-01-08T00:00:00+05:00,a487cc2b6e1a9315da2330fa57ea18707cd53be4b982cea35204481102efd30d,gfs_seamless,False,0.008333333333333333,3.611666666666667,-6.403333333333333,0.9833333333333334
turbine_2,2026-01-09 02:00:00+00:00,48,0.9927408590757416,0.9916666666666667,True,False,0.9628097193702942,12.73,-3.4,2026-01-07 19:00:00+00:00,31.0,2026-01-07 22:00:00,2026-01-08T00:00:00+05:00,a487cc2b6e1a9315da2330fa57ea18707cd53be4b982cea35204481102efd30d,gfs_seamless,False,0.01,2.17,-7.296666666666667,0.9816666666666667
turbine_2,2026-01-09 03:00:00+00:00,48,0.972635851640458,0.972635851640458,False,False,0.9628097193702942,12.73,-2.9,2026-01-07 19:00:00+00:00,32.0,2026-01-07 22:00:00,2026-01-08T00:00:00+05:00,a487cc2b6e1a9315da2330fa57ea18707cd53be4b982cea35204481102efd30d,gfs_seamless,False,0.008333333333333333,1.9649999999999999,-7.908333333333334,0.9643025183071247
turbine_2,2026-01-09 04:00:00+00:00,48,0.9714553449362517,0.9714553449362517,False,False,0.9571649484536083,12.42,-0.8,2026-01-07 19:00:00+00:00,33.0,2026-01-07 22:00:00,2026-01-08T00:00:00+05:00,a487cc2b6e1a9315da2330fa57ea18707cd53be4b982cea35204481102efd30d,gfs_seamless,False,0.008333333333333333,2.263333333333333,-7.29,0.9631220116029184
turbine_2,2026-01-09 05:00:00+00:00,48,0.9700608060069549,0.9700608060069549,False,False,0.9521050347222223,11.95,1.7,2026-01-07 19:00:00+00:00,34.0,2026-01-07 22:00:00,2026-01-08T00:00:00+05:00,a487cc2b6e1a9315da2330fa57ea18707cd53be4b982cea35204481102efd30d,gfs_seamless,False,0.01,1.2033333333333334,-5.961666666666666,0.9600608060069549
turbine_2,2026-01-09 06:00:00+00:00,48,0.956625777983611,0.956625777983611,False,False,0.925302677532014,11.27,2.5,2026-01-07 19:00:00+00:00,35.0,2026-01-07 22:00:00,2026-01-08T00:00:00+05:00,a487cc2b6e1a9315da2330fa57ea18707cd53be4b982cea35204481102efd30d,gfs_seamless,False,0.01,1.4233333333333331,-4.298333333333333,0.946625777983611
turbine_2,2026-01-09 07:00:00+00:00,48,0.9445240365320625,0.9445240365320625,False,False,0.8846255144032922,10.96,3.9,2026-01-07 19:00:00+00:00,36.0,2026-01-07 22:00:00,2026-01-08T00:00:00+05:00,a487cc2b6e1a9315da2330fa57ea18707cd53be4b982cea35204481102efd30d,gfs_seamless,False,0.01,2.066666666666667,-1.9433333333333334,0.9345240365320625
turbine_2,2026-01-09 08:00:00+00:00,48,0.8992129144690181,0.8992129144690181,False,False,0.8846255144032922,10.55,4.4,2026-01-07 19:00:00+00:00,37.0,2026-01-07 22:00:00,2026-01-08T00:00:00+05:00,a487cc2b6e1a9315da2330fa57ea18707cd53be4b982cea35204481102efd30d,gfs_seamless,False,0.006666666666666667,3.0383333333333336,-0.13833333333333334,0.8925462478023514
turbine_2,2026-01-09 09:00:00+00:00,48,0.7866776213837704,0.7866776213837704,False,False,0.7524465971187282,9.66,3.8,2026-01-07 19:00:00+00:00,38.0,2026-01-07 22:00:00,2026-01-08T00:00:00+05:00,a487cc2b6e1a9315da2330fa57ea18707cd53be4b982cea35204481102efd30d,gfs_seamless,False,0.01,1.39,1.295,0.7766776213837704
turbine_2,2026-01-09 10:00:00+00:00,48,0.6063265812927682,0.6063265812927682,False,False,0.6154512471655329,8.59,2.4,2026-01-07 19:00:00+00:00,39.0,2026-01-07 22:00:00,2026-01-08T00:00:00+05:00,a487cc2b6e1a9315da2330fa57ea18707cd53be4b982cea35204481102efd30d,gfs_seamless,False,0.01,1.5116666666666667,2.59,0.5963265812927682
turbine_2,2026-01-09 11:00:00+00:00,48,0.4987021472691607,0.4987021472691607,False,False,0.5339426298157454,8.14,0.4,2026-01-07 19:00:00+00:00,40.0,2026-01-07 22:00:00,2026-01-08T00:00:00+05:00,a487cc2b6e1a9315da2330fa57ea18707cd53be4b982cea35204481102efd30d,gfs_seamless,False,0.016666666666666666,3.776666666666667,1.3166666666666667,0.482035480602494
turbine_2,2026-01-09 12:00:00+00:00,48,0.5485412574806462,0.5485412574806462,False,False,0.5339426298157454,8.33,-1.5,2026-01-07 19:00:00+00:00,41.0,2026-01-07 22:00:00,2026-01-08T00:00:00+05:00,a487cc2b6e1a9315da2330fa57ea18707cd53be4b982cea35204481102efd30d,gfs_seamless,False,0.013333333333333334,3.5116666666666667,-1.0233333333333334,0.5352079241473129
turbine_2,2026-01-09 13:00:00+00:00,48,0.5079003493039667,0.5079003493039667,False,False,0.5339426298157454,8.05,-1.7,2026-01-07 19:00:00+00:00,42.0,2026-01-07 22:00:00,2026-01-08T00:00:00+05:00,a487cc2b6e1a9315da2330fa57ea18707cd53be4b982cea35204481102efd30d,gfs_seamless,False,0.01,3.67,-1.7149999999999999,0.49790034930396665
turbine_2,2026-01-09 14:00:00+00:00,48,0.4461456681168638,0.4461456681168638,False,False,0.459955579246624,7.87,-1.9,2026-01-07 19:00:00+00:00,43.0,2026-01-07 22:00:00,2026-01-08T00:00:00+05:00,a487cc2b6e1a9315da2330fa57ea18707cd53be4b982cea35204481102efd30d,gfs_seamless,False,0.008333333333333333,2.855,-2.856666666666667,0.43781233478353043
turbine_2,2026-01-09 15:00:00+00:00,48,0.43644702808833846,0.43644702808833846,False,False,0.459955579246624,7.69,-2.2,2026-01-07 19:00:00+00:00,44.0,2026-01-07 22:00:00,2026-01-08T00:00:00+05:00,a487cc2b6e1a9315da2330fa57ea18707cd53be4b982cea35204481102efd30d,gfs_seamless,False,0.008333333333333333,2.935,-3.3966666666666665,0.4281136947550051
turbine_2,2026-01-09 16:00:00+00:00,48,0.4958298663500453,0.4958298663500453,False,False,0.5339426298157454,8.1,-2.3,2026-01-07 19:00:00+00:00,45.0,2026-01-07 22:00:00,2026-01-08T00:00:00+05:00,a487cc2b6e1a9315da2330fa57ea18707cd53be4b982cea35204481102efd30d,gfs_seamless,False,0.01,1.9966666666666668,-5.185,0.48582986635004527
turbine_2,2026-01-09 17:00:00+00:00,48,0.5677635240252518,0.5677635240252518,False,False,0.6154512471655329,8.59,-2.3,2026-01-07 19:00:00+00:00,46.0,2026-01-07 22:00:00,2026-01-08T00:00:00+05:00,a487cc2b6e1a9315da2330fa57ea18707cd53be4b982cea35204481102efd30d,gfs_seamless,False,0.01,2.4266666666666663,-5.881666666666667,0.5577635240252518
turbine_2,2026-01-09 18:00:00+00:00,48,0.7508438942777723,0.7508438942777723,False,False,0.7524465971187282,9.66,-2.3,2026-01-07 19:00:00+00:00,47.0,2026-01-07 22:00:00,2026-01-08T00:00:00+05:00,a487cc2b6e1a9315da2330fa57ea18707cd53be4b982cea35204481102efd30d,gfs_seamless,False,0.01,1.2816666666666665,-5.648333333333333,0.7408438942777723
turbine_2,2026-01-09 19:00:00+00:00,48,0.8343714658191199,0.8343714658191199,False,False,0.8243707250341997,10.3,-2.2,2026-01-07 19:00:00+00:00,48.0,2026-01-07 22:00:00,2026-01-08T00:00:00+05:00,a487cc2b6e1a9315da2330fa57ea18707cd53be4b982cea35204481102efd30d,gfs_seamless,False,0.01,0.8466666666666667,-5.6000000000000005,0.8243714658191199
turbine_1,2026-01-08 20:00:00+00:00,24,0.9779343675838196,0.9779343675838196,False,False,0.960176170607325,11.7,-2.2,2026-01-08 19:00:00+00:00,1.0,2026-01-08 22:00:00,2026-01-09T00:00:00+05:00,4a106ebb4d17ce87948b0cc2b310a1c7898c458f285b9e63aa923187f012c35b,gfs_seamless,False,0.01,1.78,-2.5100000000000002,0.9679343675838196
turbine_1,2026-01-08 21:00:00+00:00,24,0.9779343675838196,0.9779343675838196,False,False,0.960176170607325,11.71,-2.2,2026-01-08 19:00:00+00:00,2.0,2026-01-08 22:00:00,2026-01-09T00:00:00+05:00,4a106ebb4d17ce87948b0cc2b310a1c7898c458f285b9e63aa923187f012c35b,gfs_seamless,False,0.013333333333333334,2.638333333333333,-3.355,0.9646010342504863
turbine_1,2026-01-08 22:00:00+00:00,24,0.9810582428200946,0.9810582428200946,False,False,0.960176170607325,11.87,-2.3,2026-01-08 19:00:00+00:00,3.0,2026-01-08 22:00:00,2026-01-09T00:00:00+05:00,4a106ebb4d17ce87948b0cc2b310a1c7898c458f285b9e63aa923187f012c35b,gfs_seamless,False,0.01,2.9800000000000004,-4.655,0.9710582428200946
turbine_1,2026-01-08 23:00:00+00:00,24,0.9810582428200946,0.9810582428200946,False,False,0.960176170607325,11.87,-2.4,2026-01-08 19:00:00+00:00,4.0,2026-01-08 22:00:00,2026-01-09T00:00:00+05:00,4a106ebb4d17ce87948b0cc2b310a1c7898c458f285b9e63aa923187f012c35b,gfs_seamless,False,0.01,2.276666666666667,-5.663333333333333,0.9710582428200946
turbine_1,2026-01-09 00:00:00+00:00,24,0.9786302660083606,0.9786302660083606,False,False,0.960176170607325,11.68,-2.4,2026-01-08 19:00:00+00:00,5.0,2026-01-08 22:00:00,2026-01-09T00:00:00+05:00,4a106ebb4d17ce87948b0cc2b310a1c7898c458f285b9e63aa923187f012c35b,gfs_seamless,False,0.01,1.3533333333333333,-5.75,0.9686302660083606
turbine_1,2026-01-09 01:00:00+00:00,24,0.9797232095740619,0.9797232095740619,False,False,0.9378574561403509,11.32,-2.7,2026-01-08 19:00:00+00:00,6.0,2026-01-08 22:00:00,2026-01-09T00:00:00+05:00,4a106ebb4d17ce87948b0cc2b310a1c7898c458f285b9e63aa923187f012c35b,gfs_seamless,False,0.01,3.3533333333333335,-6.141666666666667,0.9697232095740619
turbine_1,2026-01-09 02:00:00+00:00,24,0.9775474603950716,0.9775474603950716,False,False,0.9378574561403509,11.16,-2.9,2026-01-08 19:00:00+00:00,7.0,2026-01-08 22:00:00,2026-01-09T00:00:00+05:00,4a106ebb4d17ce87948b0cc2b310a1c7898c458f285b9e63aa923187f012c35b,gfs_seamless,False,0.01,2.131666666666667,-7.038333333333334,0.9675474603950716
turbine_1,2026-01-09 03:00:00+00:00,24,0.9299759108846096,0.9299759108846096,False,False,0.8927965043695381,10.88,-2.4,2026-01-08 19:00:00+00:00,8.0,2026-01-08 22:00:00,2026-01-09T00:00:00+05:00,4a106ebb4d17ce87948b0cc2b310a1c7898c458f285b9e63aa923187f012c35b,gfs_seamless,False,0.01,1.345,-7.558333333333334,0.9199759108846096
turbine_1,2026-01-09 04:00:00+00:00,24,0.8256232826554568,0.8256232826554568,False,False,0.763874074074074,9.9,-0.8,2026-01-08 19:00:00+00:00,9.0,2026-01-08 22:00:00,2026-01-09T00:00:00+05:00,4a106ebb4d17ce87948b0cc2b310a1c7898c458f285b9e63aa923187f012c35b,gfs_seamless,False,0.01,2.125,-7.010000000000001,0.8156232826554568
turbine_1,2026-01-09 05:00:00+00:00,24,0.7892630353491827,0.7892630353491827,False,False,0.763874074074074,9.53,0.8,2026-01-08 19:00:00+00:00,10.0,2026-01-08 22:00:00,2026-01-09T00:00:00+05:00,4a106ebb4d17ce87948b0cc2b310a1c7898c458f285b9e63aa923187f012c35b,gfs_seamless,False,0.01,0.9316666666666666,-5.34,0.7792630353491827
turbine_1,2026-01-09 06:00:00+00:00,24,0.8307313838540338,0.8307313838540338,False,False,0.763874074074074,9.84,2.5,2026-01-08 19:00:00+00:00,11.0,2026-01-08 22:00:00,2026-01-09T00:00:00+05:00,4a106ebb4d17ce87948b0cc2b310a1c7898c458f285b9e63aa923187f012c35b,gfs_seamless,False,0.01,0.8916666666666666,-3.7300000000000004,0.8207313838540338
turbine_1,2026-01-09 07:00:00+00:00,24,0.8988808721866811,0.8988808721866811,False,False,0.8300111259457054,10.34,3.7,2026-01-08 19:00:00+00:00,12.0,2026-01-08 22:00:00,2026-01-09T00:00:00+05:00,4a106ebb4d17ce87948b0cc2b310a1c7898c458f285b9e63aa923187f012c35b,gfs_seamless,False,0.01,1.7666666666666666,-1.9133333333333333,0.8888808721866811
turbine_1,2026-01-09 08:00:00+00:00,24,0.8580768929662501,0.8580768929662501,False,False,0.8300111259457054,10.06,4.2,2026-01-08 19:00:00+00:00,13.0,2026-01-08 22:00:00,2026-01-09T00:00:00+05:00,4a106ebb4d17ce87948b0cc2b310a1c7898c458f285b9e63aa923187f012c35b,gfs_seamless,False,0.011666666666666667,2.98,0.16166666666666665,0.8464102262995834
turbine_1,2026-01-09 09:00:00+00:00,24,0.8143886480336455,0.8143886480336455,False,False,0.763874074074074,9.75,3.8,2026-01-08 19:00:00+00:00,14.0,2026-01-08 22:00:00,2026-01-09T00:00:00+05:00,4a106ebb4d17ce87948b0cc2b310a1c7898c458f285b9e63aa923187f012c35b,gfs_seamless,False,0.01,1.37,1.5599999999999998,0.8043886480336455
turbine_1,2026-01-09 10:00:00+00:00,24,0.733394337290661,0.733394337290661,False,False,0.6947712418300653,9.27,2.6,2026-01-08 19:00:00+00:00,15.0,2026-01-08 22:00:00,2026-01-09T00:00:00+05:00,4a106ebb4d17ce87948b0cc2b310a1c7898c458f285b9e63aa923187f012c35b,gfs_seamless,False,0.01,1.4066666666666665,2.8049999999999997,0.7233943372906609
turbine_1,2026-01-09 11:00:00+00:00,24,0.7288368927287975,0.7288368927287975,False,False,0.6947712418300653,9.22,0.6,2026-01-08 19:00:00+00:00,16.0,2026-01-08 22:00:00,2026-01-09T00:00:00+05:00,4a106ebb4d17ce87948b0cc2b310a1c7898c458f285b9e63aa923187f012c35b,gfs_seamless,False,0.02666666666666667,3.878333333333334,1.46,0.7021702260621309
turbine_1,2026-01-09 12:00:00+00:00,24,0.806740889958437,0.806740889958437,False,False,0.763874074074074,9.71,-1.1,2026-01-08 19:00:00+00:00,17.0,2026-01-08 22:00:00,2026-01-09T00:00:00+05:00,4a106ebb4d17ce87948b0cc2b310a1c7898c458f285b9e63aa923187f012c35b,gfs_seamless,False,0.03,4.163333333333333,-0.855,0.7767408899584369
turbine_1,2026-01-09 13:00:00+00:00,24,0.7813502688919371,0.7813502688919371,False,False,0.6947712418300653,9.48,-1.5,2026-01-08 19:00:00+00:00,18.0,2026-01-08 22:00:00,2026-01-09T00:00:00+05:00,4a106ebb4d17ce87948b0cc2b310a1c7898c458f285b9e63aa923187f012c35b,gfs_seamless,False,0.011666666666666667,3.638333333333333,-1.6816666666666666,0.7696836022252704
turbine_1,2026-01-09 14:00:00+00:00,24,0.7743034744283782,0.7743034744283782,False,False,0.6947712418300653,9.44,-1.8,2026-01-08 19:00:00+00:00,19.0,2026-01-08 22:00:00,2026-01-09T00:00:00+05:00,4a106ebb4d17ce87948b0cc2b310a1c7898c458f285b9e63aa923187f012c35b,gfs_seamless,False,0.008333333333333333,2.7066666666666666,-2.5183333333333335,0.7659701410950449
turbine_1,2026-01-09 15:00:00+00:00,24,0.8090962379432662,0.8090962379432662,False,False,0.763874074074074,9.66,-2.0,2026-01-08 19:00:00+00:00,20.0,2026-01-08 22:00:00,2026-01-09T00:00:00+05:00,4a106ebb4d17ce87948b0cc2b310a1c7898c458f285b9e63aa923187f012c35b,gfs_seamless,False,0.01,2.6350000000000002,-3.155,0.7990962379432662
turbine_1,2026-01-09 16:00:00+00:00,24,0.8534137474015352,0.8534137474015352,False,False,0.8300111259457054,10.02,-2.1,2026-01-08 19:00:00+00:00,21.0,2026-01-08 22:00:00,2026-01-09T00:00:00+05:00,4a106ebb4d17ce87948b0cc2b310a1c7898c458f285b9e63aa923187f012c35b,gfs_seamless,False,0.01,1.965,-4.9783333333333335,0.8434137474015352
turbine_1,2026-01-09 17:00:00+00:00,24,0.8692078742715932,0.8692078742715932,False,False,0.8300111259457054,10.16,-2.2,2026-01-08 19:00:00+00:00,22.0,2026-01-08 22:00:00,2026-01-09T00:00:00+05:00,4a106ebb4d17ce87948b0cc2b310a1c7898c458f285b9e63aa923187f012c35b,gfs_seamless,False,0.01,2.2283333333333335,-5.538333333333334,0.8592078742715932
turbine_1,2026-01-09 18:00:00+00:00,24,0.9205201274651414,0.9205201274651414,False,False,0.8927965043695381,10.74,-2.2,2026-01-08 19:00:00+00:00,23.0,2026-01-08 22:00:00,2026-01-09T00:00:00+05:00,4a106ebb4d17ce87948b0cc2b310a1c7898c458f285b9e63aa923187f012c35b,gfs_seamless,False,0.01,1.19,-5.318333333333333,0.9105201274651414
turbine_1,2026-01-09 19:00:00+00:00,24,0.9299759108846096,0.9299759108846096,False,False,0.8927965043695381,10.89,-2.3,2026-01-08 19:00:00+00:00,24.0,2026-01-08 22:00:00,2026-01-09T00:00:00+05:00,4a106ebb4d17ce87948b0cc2b310a1c7898c458f285b9e63aa923187f012c35b,gfs_seamless,False,0.01,0.89,-5.3116666666666665,0.9199759108846096
turbine_1,2026-01-09 20:00:00+00:00,48,0.9299759108846096,0.9299759108846096,False,False,0.8927965043695381,10.89,-2.3,2026-01-08 19:00:00+00:00,25.0,2026-01-08 22:00:00,2026-01-09T00:00:00+05:00,4a106ebb4d17ce87948b0cc2b310a1c7898c458f285b9e63aa923187f012c35b,gfs_seamless,False,0.01,1.2533333333333332,-5.678333333333334,0.9199759108846096
turbine_1,2026-01-09 21:00:00+00:00,48,0.9616868563467174,0.9616868563467174,False,False,0.9378574561403509,11.08,-2.4,2026-01-08 19:00:00+00:00,26.0,2026-01-08 22:00:00,2026-01-09T00:00:00+05:00,4a106ebb4d17ce87948b0cc2b310a1c7898c458f285b9e63aa923187f012c35b,gfs_seamless,False,0.01,0.8516666666666666,-5.87,0.9516868563467173
turbine_1,2026-01-09 22:00:00+00:00,48,0.9794904946390824,0.9794904946390824,False,False,0.9378574561403509,11.39,-2.6,2026-01-08 19:00:00+00:00,27.0,2026-01-08 22:00:00,2026-01-09T00:00:00+05:00,4a106ebb4d17ce87948b0cc2b310a1c7898c458f285b9e63aa923187f012c35b,gfs_seamless,False,0.01,0.88,-6.491666666666667,0.9694904946390824
turbine_1,2026-01-09 23:00:00+00:00,48,0.9819192778827036,0.9819192778827036,False,False,0.9378574561403509,11.41,-2.7,2026-01-08 19:00:00+00:00,28.0,2026-01-08 22:00:00,2026-01-09T00:00:00+05:00,4a106ebb4d17ce87948b0cc2b310a1c7898c458f285b9e63aa923187f012c35b,gfs_seamless,False,0.01,0.89,-6.838333333333334,0.9719192778827036
turbine_1,2026-01-10 00:00:00+00:00,48,0.9844851066196435,0.9844851066196435,False,False,0.960176170607325,11.63,-2.7,2026-01-08 19:00:00+00:00,29.0,2026-01-08 22:00:00,2026-01-09T00:00:00+05:00,4a106ebb4d17ce87948b0cc2b310a1c7898c458f285b9e63aa923187f012c35b,gfs_seamless,False,0.028333333333333332,4.185,-6.396666666666667,0.9561517732863102
turbine_1,2026-01-10 01:00:00+00:00,48,0.9851345836026475,0.9851345836026475,False,False,0.960176170607325,11.54,-2.9,2026-01-08 19:00:00+00:00,30.0,2026-01-08 22:00:00,2026-01-09T00:00:00+05:00,4a106ebb4d17ce87948b0cc2b310a1c7898c458f285b9e63aa923187f012c35b,gfs_seamless,False,0.06166666666666667,4.871666666666667,-4.87,0.9234679169359808
turbine_1,2026-01-10 02:00:00+00:00,48,0.994507419848431,0.994507419848431,False,False,0.960176170607325,11.58,-3.2,2026-01-08 19:00:00+00:00,31.0,2026-01-08 22:00:00,2026-01-09T00:00:00+05:00,4a106ebb4d17ce87948b0cc2b310a1c7898c458f285b9e63aa923187f012c35b,gfs_seamless,False,0.05833333333333334,4.305,-4.38,0.9361740865150977
turbine_1,2026-01-10 03:00:00+00:00,48,0.9819192778827036,0.9819192778827036,False,False,0.9378574561403509,11.41,-2.9,2026-01-08 19:00:00+00:00,32.0,2026-01-08 22:00:00,2026-01-09T00:00:00+05:00,4a106ebb4d17ce87948b0cc2b310a1c7898c458f285b9e63aa923187f012c35b,gfs_seamless,False,0.051666666666666666,4.085,-4.596666666666667,0.930252611216037
turbine_1,2026-01-10 04:00:00+00:00,48,0.9805852752556135,0.9805852752556135,False,False,0.9378574561403509,11.28,-0.9,2026-01-08 19:00:00+00:00,33.0,2026-01-08 22:00:00,2026-01-09T00:00:00+05:00,4a106ebb4d17ce87948b0cc2b310a1c7898c458f285b9e63aa923187f012c35b,gfs_seamless,False,0.11499999999999999,5.2683333333333335,-4.583333333333333,0.8655852752556135
turbine_1,2026-01-10 05:00:00+00:00,48,0.9774540352411235,0.9774540352411235,False,False,0.9378574561403509,11.32,1.5,2026-01-08 19:00:00+00:00,34.0,2026-01-08 22:00:00,2026-01-09T00:00:00+05:00,4a106ebb4d17ce87948b0cc2b310a1c7898c458f285b9e63aa923187f012c35b,gfs_seamless,False,0.07,4.378333333333333,-2.8816666666666664,0.9074540352411236
turbine_1,2026-01-10 06:00:00+00:00,48,0.9409348746711206,0.9409348746711206,False,False,0.8927965043695381,10.82,3.2,2026-01-08 19:00:00+00:00,35.0,2026-01-08 22:00:00,2026-01-09T00:00:00+05:00,4a106ebb4d17ce87948b0cc2b310a1c7898c458f285b9e63aa923187f012c35b,gfs_seamless,False,0.09000000000000001,4.746666666666667,-1.035,0.8509348746711206
turbine_1,2026-01-10 07:00:00+00:00,48,0.9320802558972878,0.9320802558972878,False,False,0.8927965043695381,10.73,4.5,2026-01-08 19:00:00+00:00,36.0,2026-01-08 22:00:00,2026-01-09T00:00:00+05:00,4a106ebb4d17ce87948b0cc2b310a1c7898c458f285b9e63aa923187f012c35b,gfs_seamless,False,0.05333333333333334,4.303333333333334,2.1783333333333332,0.8787469225639545
turbine_1,2026-01-10 08:00:00+00:00,48,0.9065351474711616,0.9065351474711616,False,False,0.8927965043695381,10.51,4.9,2026-01-08 19:00:00+00:00,37.0,2026-01-08 22:00:00,2026-01-09T00:00:00+05:00,4a106ebb4d17ce87948b0cc2b310a1c7898c458f285b9e63aa923187f012c35b,gfs_seamless,False,0.21333333333333335,5.966666666666666,5.956666666666667,0.6932018141378282
turbine_1,2026-01-10 09:00:00+00:00,48,0.9016745212104661,0.9016745212104661,False,False,0.8300111259457054,10.29,4.8,2026-01-08 19:00:00+00:00,38.0,2026-01-08 22:00:00,2026-01-09T00:00:00+05:00,4a106ebb4d17ce87948b0cc2b310a1c7898c458f285b9e63aa923187f012c35b,gfs_seamless,False,0.19166666666666665,5.915,7.053333333333334,0.7100078545437994
turbine_1,2026-01-10 10:00:00+00:00,48,0.853533359695839,0.853533359695839,False,False,0.8300111259457054,10.03,3.7,2026-01-08 19:00:00+00:00,39.0,2026-01-08 22:00:00,2026-01-09T00:00:00+05:00,4a106ebb4d17ce87948b0cc2b310a1c7898c458f285b9e63aa923187f012c35b,gfs_seamless,False,0.18833333333333332,5.953333333333333,7.363333333333333,0.6652000263625056
turbine_1,2026-01-10 11:00:00+00:00,48,0.8287273375000331,0.8287273375000331,False,False,0.763874074074074,9.79,1.7,2026-01-08 19:00:00+00:00,40.0,2026-01-08 22:00:00,2026-01-09T00:00:00+05:00,4a106ebb4d17ce87948b0cc2b310a1c7898c458f285b9e63aa923187f012c35b,gfs_seamless,False,0.18000000000000002,5.9433333333333325,6.888333333333333,0.6487273375000331
turbine_1,2026-01-10 12:00:00+00:00,48,0.8501183939968188,0.8501183939968188,False,False,0.8300111259457054,10.02,0.0,2026-01-08 19:00:00+00:00,41.0,2026-01-08 22:00:00,2026-01-09T00:00:00+05:00,4a106ebb4d17ce87948b0cc2b310a1c7898c458f285b9e63aa923187f012c35b,gfs_seamless,False,0.15166666666666667,5.538333333333334,4.798333333333333,0.698451727330152
turbine_1,2026-01-10 13:00:00+00:00,48,0.8759530756865143,0.8759530756865143,False,False,0.8300111259457054,10.11,-0.1,2026-01-08 19:00:00+00:00,42.0,2026-01-08 22:00:00,2026-01-09T00:00:00+05:00,4a106ebb4d17ce87948b0cc2b310a1c7898c458f285b9e63aa923187f012c35b,gfs_seamless,False,0.4166666666666667,7.561666666666667,2.486666666666667,0.4592864090198476
turbine_1,2026-01-10 14:00:00+00:00,48,0.924339473942743,0.924339473942743,False,False,0.8927965043695381,10.6,-0.1,2026-01-08 19:00:00+00:00,43.0,2026-01-08 22:00:00,2026-01-09T00:00:00+05:00,4a106ebb4d17ce87948b0cc2b310a1c7898c458f285b9e63aa923187f012c35b,gfs_seamless,False,0.38833333333333336,7.251666666666666,1.4316666666666666,0.5360061406094097
turbine_1,2026-01-10 15:00:00+00:00,48,0.940511028508026,0.940511028508026,False,False,0.9378574561403509,11.01,-0.7,2026-01-08 19:00:00+00:00,44.0,2026-01-08 22:00:00,2026-01-09T00:00:00+05:00,4a106ebb4d17ce87948b0cc2b310a1c7898c458f285b9e63aa923187f012c35b,gfs_seamless,False,0.54,7.571666666666666,1.1833333333333333,0.400511028508026
turbine_1,2026-01-10 16:00:00+00:00,48,0.9637566916238997,0.9637566916238997,False,False,0.9378574561403509,11.05,-1.0,2026-01-08 19:00:00+00:00,45.0,2026-01-08 22:00:00,2026-01-09T00:00:00+05:00,4a106ebb4d17ce87948b0cc2b310a1c7898c458f285b9e63aa923187f012c35b,gfs_seamless,False,0.5750000000000001,7.94,1.2066666666666668,0.3887566916238996
turbine_1,2026-01-10 17:00:00+00:00,48,0.9819347795247721,0.9819347795247721,False,False,0.9378574561403509,11.45,-1.0,2026-01-08 19:00:00+00:00,46.0,2026-01-08 22:00:00,2026-01-09T00:00:00+05:00,4a106ebb4d17ce87948b0cc2b310a1c7898c458f285b9e63aa923187f012c35b,gfs_seamless,False,0.345,6.631666666666667,-0.445,0.6369347795247722
turbine_1,2026-01-10 18:00:00+00:00,48,0.9819347795247721,0.9819347795247721,False,False,0.960176170607325,11.68,-1.0,2026-01-08 19:00:00+00:00,47.0,2026-01-08 22:00:00,2026-01-09T00:00:00+05:00,4a106ebb4d17ce87948b0cc2b310a1c7898c458f285b9e63aa923187f012c35b,gfs_seamless,False,0.4083333333333334,7.006666666666667,-1.5683333333333334,0.5736014461914387
turbine_1,2026-01-10 19:00:00+00:00,48,0.9907148649808218,0.9907148649808218,False,False,0.9580129390018484,12.21,-1.1,2026-01-08 19:00:00+00:00,48.0,2026-01-08 22:00:00,2026-01-09T00:00:00+05:00,4a106ebb4d17ce87948b0cc2b310a1c7898c458f285b9e63aa923187f012c35b,gfs_seamless,False,0.84,9.924999999999999,-2.3266666666666667,0.15071486498082187
turbine_2,2026-01-08 20:00:00+00:00,24,0.9616271250125257,0.9616271250125257,False,False,0.9521050347222223,11.7,-2.2,2026-01-08 19:00:00+00:00,1.0,2026-01-08 22:00:00,2026-01-09T00:00:00+05:00,07b2a5eb0058ef6250226ec7b935b20742d3e75b16ddb2df5854b17f089a2d3d,gfs_seamless,False,0.008333333333333333,1.2516666666666667,-2.8466666666666662,0.9532937916791924
turbine_2,2026-01-08 21:00:00+00:00,24,0.9616271250125257,0.9616271250125257,False,False,0.9521050347222223,11.71,-2.2,2026-01-08 19:00:00+00:00,2.0,2026-01-08 22:00:00,2026-01-09T00:00:00+05:00,07b2a5eb0058ef6250226ec7b935b20742d3e75b16ddb2df5854b17f089a2d3d,gfs_seamless,False,0.01,2.651666666666667,-3.651666666666667,0.9516271250125257
turbine_2,2026-01-08 22:00:00+00:00,24,0.9629083358628259,0.9629083358628259,False,False,0.9521050347222223,11.87,-2.3,2026-01-08 19:00:00+00:00,3.0,2026-01-08 22:00:00,2026-01-09T00:00:00+05:00,07b2a5eb0058ef6250226ec7b935b20742d3e75b16ddb2df5854b17f089a2d3d,gfs_seamless,False,0.011666666666666667,3.0566666666666666,-4.786666666666666,0.9512416691961592
turbine_2,2026-01-08 23:00:00+00:00,24,0.9629083358628259,0.9629083358628259,False,False,0.9521050347222223,11.87,-2.4,2026-01-08 19:00:00+00:00,4.0,2026-01-08 22:00:00,2026-01-09T00:00:00+05:00,07b2a5eb0058ef6250226ec7b935b20742d3e75b16ddb2df5854b17f089a2d3d,gfs_seamless,False,0.01,2.23,-5.8500000000000005,0.9529083358628259
turbine_2,2026-01-09 00:00:00+00:00,24,0.9616271250125257,0.9616271250125257,False,False,0.9521050347222223,11.68,-2.4,2026-01-08 19:00:00+00:00,5.0,2026-01-08 22:00:00,2026-01-09T00:00:00+05:00,07b2a5eb0058ef6250226ec7b935b20742d3e75b16ddb2df5854b17f089a2d3d,gfs_seamless,False,0.01,1.9183333333333332,-6.1499999999999995,0.9516271250125257
turbine_2,2026-01-09 01:00:00+00:00,24,0.9614165618693826,0.9614165618693826,False,False,0.925302677532014,11.32,-2.7,2026-01-08 19:00:00+00:00,6.0,2026-01-08 22:00:00,2026-01-09T00:00:00+05:00,07b2a5eb0058ef6250226ec7b935b20742d3e75b16ddb2df5854b17f089a2d3d,gfs_seamless,False,0.008333333333333333,3.611666666666667,-6.403333333333333,0.9530832285360493
turbine_2,2026-01-09 02:00:00+00:00,24,0.9185129160072251,0.9185129160072251,False,False,0.925302677532014,11.16,-2.9,2026-01-08 19:00:00+00:00,7.0,2026-01-08 22:00:00,2026-01-09T00:00:00+05:00,07b2a5eb0058ef6250226ec7b935b20742d3e75b16ddb2df5854b17f089a2d3d,gfs_seamless,False,0.01,2.17,-7.296666666666667,0.9085129160072251
turbine_2,2026-01-09 03:00:00+00:00,24,0.9161135637537411,0.9161135637537411,False,False,0.8846255144032922,10.88,-2.4,2026-01-08 19:00:00+00:00,8.0,2026-01-08 22:00:00,2026-01-09T00:00:00+05:00,07b2a5eb0058ef6250226ec7b935b20742d3e75b16ddb2df5854b17f089a2d3d,gfs_seamless,False,0.008333333333333333,1.9649999999999999,-7.908333333333334,0.9077802304204078
turbine_2,2026-01-09 04:00:00+00:00,24,0.8189960493293494,0.8189960493293494,False,False,0.7524465971187282,9.9,-0.8,2026-01-08 19:00:00+00:00,9.0,2026-01-08 22:00:00,2026-01-09T00:00:00+05:00,07b2a5eb0058ef6250226ec7b935b20742d3e75b16ddb2df5854b17f089a2d3d,gfs_seamless,False,0.008333333333333333,2.263333333333333,-7.29,0.8106627159960161
turbine_2,2026-01-09 05:00:00+00:00,24,0.7622431781569884,0.7622431781569884,False,False,0.7524465971187282,9.53,0.8,2026-01-08 19:00:00+00:00,10.0,2026-01-08 22:00:00,2026-01-09T00:00:00+05:00,07b2a5eb0058ef6250226ec7b935b20742d3e75b16ddb2df5854b17f089a2d3d,gfs_seamless,False,0.01,1.2033333333333334,-5.961666666666666,0.7522431781569884
turbine_2,2026-01-09 06:00:00+00:00,24,0.7775076645566791,0.7775076645566791,False,False,0.7524465971187282,9.84,2.5,2026-01-08 19:00:00+00:00,11.0,2026-01-08 22:00:00,2026-01-09T00:00:00+05:00,07b2a5eb0058ef6250226ec7b935b20742d3e75b16ddb2df5854b17f089a2d3d,gfs_seamless,False,0.01,1.4233333333333331,-4.298333333333333,0.7675076645566791
turbine_2,2026-01-09 07:00:00+00:00,24,0.863742419821728,0.863742419821728,False,False,0.8243707250341997,10.34,3.7,2026-01-08 19:00:00+00:00,12.0,2026-01-08 22:00:00,2026-01-09T00:00:00+05:00,07b2a5eb0058ef6250226ec7b935b20742d3e75b16ddb2df5854b17f089a2d3d,gfs_seamless,False,0.01,2.066666666666667,-1.9433333333333334,0.8537424198217279
turbine_2,2026-01-09 08:00:00+00:00,24,0.8356386511099032,0.8356386511099032,False,False,0.8243707250341997,10.06,4.2,2026-01-08 19:00:00+00:00,13.0,2026-01-08 22:00:00,2026-01-09T00:00:00+05:00,07b2a5eb0058ef6250226ec7b935b20742d3e75b16ddb2df5854b17f089a2d3d,gfs_seamless,False,0.006666666666666667,3.0383333333333336,-0.13833333333333334,0.8289719844432365
turbine_2,2026-01-09 09:00:00+00:00,24,0.7826658974985338,0.7826658974985338,False,False,0.7524465971187282,9.75,3.8,2026-01-08 19:00:00+00:00,14.0,2026-01-08 22:00:00,2026-01-09T00:00:00+05:00,07b2a5eb0058ef6250226ec7b935b20742d3e75b16ddb2df5854b17f089a2d3d,gfs_seamless,False,0.01,1.39,1.295,0.7726658974985338
turbine_2,2026-01-09 10:00:00+00:00,24,0.6678494299814872,0.6678494299814872,False,False,0.6747792022792023,9.27,2.6,2026-01-08 19:00:00+00:00,15.0,2026-01-08 22:00:00,2026-01-09T00:00:00+05:00,07b2a5eb0058ef6250226ec7b935b20742d3e75b16ddb2df5854b17f089a2d3d,gfs_seamless,False,0.01,1.5116666666666667,2.59,0.6578494299814872
turbine_2,2026-01-09 11:00:00+00:00,24,0.7038069986971334,0.7038069986971334,False,False,0.6747792022792023,9.22,0.6,2026-01-08 19:00:00+00:00,16.0,2026-01-08 22:00:00,2026-01-09T00:00:00+05:00,07b2a5eb0058ef6250226ec7b935b20742d3e75b16ddb2df5854b17f089a2d3d,gfs_seamless,False,0.016666666666666666,3.776666666666667,1.3166666666666667,0.6871403320304666
turbine_2,2026-01-09 12:00:00+00:00,24,0.7836981779592568,0.7836981779592568,False,False,0.7524465971187282,9.71,-1.1,2026-01-08 19:00:00+00:00,17.0,2026-01-08 22:00:00,2026-01-09T00:00:00+05:00,07b2a5eb0058ef6250226ec7b935b20742d3e75b16ddb2df5854b17f089a2d3d,gfs_seamless,False,0.013333333333333334,3.5116666666666667,-1.0233333333333334,0.7703648446259235
turbine_2,2026-01-09 13:00:00+00:00,24,0.7425410259495326,0.7425410259495326,False,False,0.6747792022792023,9.48,-1.5,2026-01-08 19:00:00+00:00,18.0,2026-01-08 22:00:00,2026-01-09T00:00:00+05:00,07b2a5eb0058ef6250226ec7b935b20742d3e75b16ddb2df5854b17f089a2d3d,gfs_seamless,False,0.01,3.67,-1.7149999999999999,0.7325410259495326
turbine_2,2026-01-09 14:00:00+00:00,24,0.7185268351850876,0.7185268351850876,False,False,0.6747792022792023,9.44,-1.8,2026-01-08 19:00:00+00:00,19.0,2026-01-08 22:00:00,2026-01-09T00:00:00+05:00,07b2a5eb0058ef6250226ec7b935b20742d3e75b16ddb2df5854b17f089a2d3d,gfs_seamless,False,0.008333333333333333,2.855,-2.856666666666667,0.7101935018517543
turbine_2,2026-01-09 15:00:00+00:00,24,0.7450323755367897,0.7450323755367897,False,False,0.7524465971187282,9.66,-2.0,2026-01-08 19:00:00+00:00,20.0,2026-01-08 22:00:00,2026-01-09T00:00:00+05:00,07b2a5eb0058ef6250226ec7b935b20742d3e75b16ddb2df5854b17f089a2d3d,gfs_seamless,False,0.008333333333333333,2.935,-3.3966666666666665,0.7366990422034564
turbine_2,2026-01-09 16:00:00+00:00,24,0.8000049659985325,0.8000049659985325,False,False,0.8243707250341997,10.02,-2.1,2026-01-08 19:00:00+00:00,21.0,2026-01-08 22:00:00,2026-01-09T00:00:00+05:00,07b2a5eb0058ef6250226ec7b935b20742d3e75b16ddb2df5854b17f089a2d3d,gfs_seamless,False,0.01,1.9966666666666668,-5.185,0.7900049659985325
turbine_2,2026-01-09 17:00:00+00:00,24,0.7999190643129834,0.7999190643129834,False,False,0.8243707250341997,10.16,-2.2,2026-01-08 19:00:00+00:00,22.0,2026-01-08 22:00:00,2026-01-09T00:00:00+05:00,07b2a5eb0058ef6250226ec7b935b20742d3e75b16ddb2df5854b17f089a2d3d,gfs_seamless,False,0.01,2.4266666666666663,-5.881666666666667,0.7899190643129834
turbine_2,2026-01-09 18:00:00+00:00,24,0.8818440091645707,0.8818440091645707,False,False,0.8846255144032922,10.74,-2.2,2026-01-08 19:00:00+00:00,23.0,2026-01-08 22:00:00,2026-01-09T00:00:00+05:00,07b2a5eb0058ef6250226ec7b935b20742d3e75b16ddb2df5854b17f089a2d3d,gfs_seamless,False,0.01,1.2816666666666665,-5.648333333333333,0.8718440091645707
turbine_2,2026-01-09 19:00:00+00:00,24,0.9161135637537411,0.9161135637537411,False,False,0.8846255144032922,10.89,-2.3,2026-01-08 19:00:00+00:00,24.0,2026-01-08 22:00:00,2026-01-09T00:00:00+05:00,07b2a5eb0058ef6250226ec7b935b20742d3e75b16ddb2df5854b17f089a2d3d,gfs_seamless,False,0.01,0.8466666666666667,-5.6000000000000005,0.9061135637537411
turbine_2,2026-01-09 20:00:00+00:00,48,0.9161135637537411,0.9161135637537411,False,False,0.8846255144032922,10.89,-2.3,2026-01-08 19:00:00+00:00,25.0,2026-01-08 22:00:00,2026-01-09T00:00:00+05:00,07b2a5eb0058ef6250226ec7b935b20742d3e75b16ddb2df5854b17f089a2d3d,gfs_seamless,False,0.01,1.1283333333333332,-5.956666666666667,0.9061135637537411
turbine_2,2026-01-09 21:00:00+00:00,48,0.9225686319511646,0.9225686319511646,False,False,0.925302677532014,11.08,-2.4,2026-01-08 19:00:00+00:00,26.0,2026-01-08 22:00:00,2026-01-09T00:00:00+05:00,07b2a5eb0058ef6250226ec7b935b20742d3e75b16ddb2df5854b17f089a2d3d,gfs_seamless,False,0.01,0.8566666666666668,-6.196666666666666,0.9125686319511646
turbine_2,2026-01-09 22:00:00+00:00,48,0.9585332954969846,0.9585332954969846,False,False,0.925302677532014,11.39,-2.6,2026-01-08 19:00:00+00:00,27.0,2026-01-08 22:00:00,2026-01-09T00:00:00+05:00,07b2a5eb0058ef6250226ec7b935b20742d3e75b16ddb2df5854b17f089a2d3d,gfs_seamless,False,0.01,0.7966666666666667,-6.88,0.9485332954969846
turbine_2,2026-01-09 23:00:00+00:00,48,0.9585332954969846,0.9585332954969846,False,False,0.925302677532014,11.41,-2.7,2026-01-08 19:00:00+00:00,28.0,2026-01-08 22:00:00,2026-01-09T00:00:00+05:00,07b2a5eb0058ef6250226ec7b935b20742d3e75b16ddb2df5854b17f089a2d3d,gfs_seamless,False,0.01,0.7833333333333333,-7.1883333333333335,0.9485332954969846
turbine_2,2026-01-10 00:00:00+00:00,48,0.9632883760587821,0.9632883760587821,False,False,0.9521050347222223,11.63,-2.7,2026-01-08 19:00:00+00:00,29.0,2026-01-08 22:00:00,2026-01-09T00:00:00+05:00,07b2a5eb0058ef6250226ec7b935b20742d3e75b16ddb2df5854b17f089a2d3d,gfs_seamless,False,0.016666666666666666,3.9600000000000004,-6.626666666666666,0.9466217093921154
turbine_2,2026-01-10 01:00:00+00:00,48,0.9538093131134738,0.9538093131134738,False,False,0.9521050347222223,11.54,-2.9,2026-01-08 19:00:00+00:00,30.0,2026-01-08 22:00:00,2026-01-09T00:00:00+05:00,07b2a5eb0058ef6250226ec7b935b20742d3e75b16ddb2df5854b17f089a2d3d,gfs_seamless,False,0.043333333333333335,4.566666666666666,-5.008333333333334,0.9104759797801405
turbine_2,2026-01-10 02:00:00+00:00,48,0.9760074857266796,0.9760074857266796,False,False,0.9521050347222223,11.58,-3.2,2026-01-08 19:00:00+00:00,31.0,2026-01-08 22:00:00,2026-01-09T00:00:00+05:00,07b2a5eb0058ef6250226ec7b935b20742d3e75b16ddb2df5854b17f089a2d3d,gfs_seamless,False,0.034999999999999996,4.0616666666666665,-4.591666666666667,0.9410074857266796
turbine_2,2026-01-10 03:00:00+00:00,48,0.954612097068731,0.954612097068731,False,False,0.925302677532014,11.41,-2.9,2026-01-08 19:00:00+00:00,32.0,2026-01-08 22:00:00,2026-01-09T00:00:00+05:00,07b2a5eb0058ef6250226ec7b935b20742d3e75b16ddb2df5854b17f089a2d3d,gfs_seamless,False,0.03166666666666667,3.8200000000000003,-4.841666666666667,0.9229454304020643
turbine_2,2026-01-10 04:00:00+00:00,48,0.9640696147880339,0.9640696147880339,False,False,0.925302677532014,11.28,-0.9,2026-01-08 19:00:00+00:00,33.0,2026-01-08 22:00:00,2026-01-09T00:00:00+05:00,07b2a5eb0058ef6250226ec7b935b20742d3e75b16ddb2df5854b17f089a2d3d,gfs_seamless,False,0.08,4.793333333333334,-4.75,0.8840696147880339
turbine_2,2026-01-10 05:00:00+00:00,48,0.9667432300576299,0.9667432300576299,False,False,0.925302677532014,11.32,1.5,2026-01-08 19:00:00+00:00,34.0,2026-01-08 22:00:00,2026-01-09T00:00:00+05:00,07b2a5eb0058ef6250226ec7b935b20742d3e75b16ddb2df5854b17f089a2d3d,gfs_seamless,False,0.034999999999999996,3.7216666666666662,-2.9583333333333335,0.9317432300576298
turbine_2,2026-01-10 06:00:00+00:00,48,0.9273820610837487,0.9273820610837487,False,False,0.8846255144032922,10.82,3.2,2026-01-08 19:00:00+00:00,35.0,2026-01-08 22:00:00,2026-01-09T00:00:00+05:00,07b2a5eb0058ef6250226ec7b935b20742d3e75b16ddb2df5854b17f089a2d3d,gfs_seamless,False,0.09000000000000001,4.908333333333333,-1.0616666666666668,0.8373820610837487
turbine_2,2026-01-10 07:00:00+00:00,48,0.9224571777617702,0.9224571777617702,False,False,0.8846255144032922,10.73,4.5,2026-01-08 19:00:00+00:00,36.0,2026-01-08 22:00:00,2026-01-09T00:00:00+05:00,07b2a5eb0058ef6250226ec7b935b20742d3e75b16ddb2df5854b17f089a2d3d,gfs_seamless,False,0.049999999999999996,4.206666666666667,2.0416666666666665,0.8724571777617701
turbine_2,2026-01-10 08:00:00+00:00,48,0.8947746417944952,0.8947746417944952,False,False,0.8846255144032922,10.51,4.9,2026-01-08 19:00:00+00:00,37.0,2026-01-08 22:00:00,2026-01-09T00:00:00+05:00,07b2a5eb0058ef6250226ec7b935b20742d3e75b16ddb2df5854b17f089a2d3d,gfs_seamless,False,0.24333333333333332,6.433333333333334,5.75,0.6514413084611619
turbine_2,2026-01-10 09:00:00+00:00,48,0.8468171705437147,0.8468171705437147,False,False,0.8243707250341997,10.29,4.8,2026-01-08 19:00:00+00:00,38.0,2026-01-08 22:00:00,2026-01-09T00:00:00+05:00,07b2a5eb0058ef6250226ec7b935b20742d3e75b16ddb2df5854b17f089a2d3d,gfs_seamless,False,0.18833333333333335,6.046666666666667,6.855,0.6584838372103814
turbine_2,2026-01-10 10:00:00+00:00,48,0.8398719720342538,0.8398719720342538,False,False,0.8243707250341997,10.03,3.7,2026-01-08 19:00:00+00:00,39.0,2026-01-08 22:00:00,2026-01-09T00:00:00+05:00,07b2a5eb0058ef6250226ec7b935b20742d3e75b16ddb2df5854b17f089a2d3d,gfs_seamless,False,0.21,6.364999999999999,7.080000000000001,0.6298719720342538
turbine_2,2026-01-10 11:00:00+00:00,48,0.7467911387447728,0.7467911387447728,False,False,0.7524465971187282,9.79,1.7,2026-01-08 19:00:00+00:00,40.0,2026-01-08 22:00:00,2026-01-09T00:00:00+05:00,07b2a5eb0058ef6250226ec7b935b20742d3e75b16ddb2df5854b17f089a2d3d,gfs_seamless,False,0.16666666666666666,5.921666666666667,6.666666666666667,0.5801244720781061
turbine_2,2026-01-10 12:00:00+00:00,48,0.845184668787046,0.845184668787046,False,False,0.8243707250341997,10.02,0.0,2026-01-08 19:00:00+00:00,41.0,2026-01-08 22:00:00,2026-01-09T00:00:00+05:00,07b2a5eb0058ef6250226ec7b935b20742d3e75b16ddb2df5854b17f089a2d3d,gfs_seamless,False,0.16166666666666668,5.821666666666666,4.54,0.6835180021203793
turbine_2,2026-01-10 13:00:00+00:00,48,0.8570710304692356,0.8570710304692356,False,False,0.8243707250341997,10.11,-0.1,2026-01-08 19:00:00+00:00,42.0,2026-01-08 22:00:00,2026-01-09T00:00:00+05:00,07b2a5eb0058ef6250226ec7b935b20742d3e75b16ddb2df5854b17f089a2d3d,gfs_seamless,False,0.4466666666666666,7.696666666666666,2.353333333333333,0.410404363802569
turbine_2,2026-01-10 14:00:00+00:00,48,0.9158219380020304,0.9158219380020304,False,False,0.8846255144032922,10.6,-0.1,2026-01-08 19:00:00+00:00,43.0,2026-01-08 22:00:00,2026-01-09T00:00:00+05:00,07b2a5eb0058ef6250226ec7b935b20742d3e75b16ddb2df5854b17f089a2d3d,gfs_seamless,False,0.39166666666666666,7.435,1.335,0.5241552713353637
turbine_2,2026-01-10 15:00:00+00:00,48,0.9470320162799013,0.9470320162799013,False,False,0.925302677532014,11.01,-0.7,2026-01-08 19:00:00+00:00,44.0,2026-01-08 22:00:00,2026-01-09T00:00:00+05:00,07b2a5eb0058ef6250226ec7b935b20742d3e75b16ddb2df5854b17f089a2d3d,gfs_seamless,False,0.49833333333333335,7.585,1.1500000000000001,0.44869868294656795
turbine_2,2026-01-10 16:00:00+00:00,48,0.9491284662991502,0.9491284662991502,False,False,0.925302677532014,11.05,-1.0,2026-01-08 19:00:00+00:00,45.0,2026-01-08 22:00:00,2026-01-09T00:00:00+05:00,07b2a5eb0058ef6250226ec7b935b20742d3e75b16ddb2df5854b17f089a2d3d,gfs_seamless,False,0.5366666666666667,7.816666666666666,1.1266666666666667,0.4124617996324834
turbine_2,2026-01-10 17:00:00+00:00,48,0.9592731700262327,0.9592731700262327,False,False,0.925302677532014,11.45,-1.0,2026-01-08 19:00:00+00:00,46.0,2026-01-08 22:00:00,2026-01-09T00:00:00+05:00,07b2a5eb0058ef6250226ec7b935b20742d3e75b16ddb2df5854b17f089a2d3d,gfs_seamless,False,0.3066666666666667,6.463333333333334,-0.635,0.652606503359566
turbine_2,2026-01-10 18:00:00+00:00,48,0.9713878159905615,0.9713878159905615,False,False,0.9521050347222223,11.68,-1.0,2026-01-08 19:00:00+00:00,47.0,2026-01-08 22:00:00,2026-01-09T00:00:00+05:00,07b2a5eb0058ef6250226ec7b935b20742d3e75b16ddb2df5854b17f089a2d3d,gfs_seamless,False,0.45166666666666666,7.446666666666666,-1.6566666666666665,0.5197211493238948
turbine_2,2026-01-10 19:00:00+00:00,48,0.9759528714052642,0.9759528714052642,False,False,0.9571649484536083,12.21,-1.1,2026-01-08 19:00:00+00:00,48.0,2026-01-08 22:00:00,2026-01-09T00:00:00+05:00,07b2a5eb0058ef6250226ec7b935b20742d3e75b16ddb2df5854b17f089a2d3d,gfs_seamless,False,0.8716666666666667,10.226666666666667,-2.391666666666667,0.10428620473859751
turbine_1,2026-01-09 20:00:00+00:00,24,0.9637359269984861,0.9637359269984861,False,False,0.9378574561403509,11.1,-2.5,2026-01-09 19:00:00+00:00,1.0,2026-01-09 22:00:00,2026-01-10T00:00:00+05:00,6a4977226efc6026bdc934a6ed287303d11ebcb5b24aea4e81fe78f9e501c563,gfs_seamless,False,0.01,1.2533333333333332,-5.678333333333334,0.9537359269984861
turbine_1,2026-01-09 21:00:00+00:00,24,0.9714824734283461,0.9714824734283461,False,False,0.9378574561403509,11.25,-2.6,2026-01-09 19:00:00+00:00,2.0,2026-01-09 22:00:00,2026-01-10T00:00:00+05:00,6a4977226efc6026bdc934a6ed287303d11ebcb5b24aea4e81fe78f9e501c563,gfs_seamless,False,0.01,0.8516666666666666,-5.87,0.9614824734283461
turbine_1,2026-01-09 22:00:00+00:00,24,0.9817533072876993,0.9817533072876993,False,False,0.960176170607325,11.52,-2.7,2026-01-09 19:00:00+00:00,3.0,2026-01-09 22:00:00,2026-01-10T00:00:00+05:00,6a4977226efc6026bdc934a6ed287303d11ebcb5b24aea4e81fe78f9e501c563,gfs_seamless,False,0.01,0.88,-6.491666666666667,0.9717533072876993
turbine_1,2026-01-09 23:00:00+00:00,24,0.9817950562526988,0.9817950562526988,False,False,0.9378574561403509,11.46,-3.0,2026-01-09 19:00:00+00:00,4.0,2026-01-09 22:00:00,2026-01-10T00:00:00+05:00,6a4977226efc6026bdc934a6ed287303d11ebcb5b24aea4e81fe78f9e501c563,gfs_seamless,False,0.01,0.89,-6.838333333333334,0.9717950562526988
turbine_1,2026-01-10 00:00:00+00:00,24,0.9641820919426008,0.9641820919426008,False,False,0.9378574561403509,11.09,-3.2,2026-01-09 19:00:00+00:00,5.0,2026-01-09 22:00:00,2026-01-10T00:00:00+05:00,6a4977226efc6026bdc934a6ed287303d11ebcb5b24aea4e81fe78f9e501c563,gfs_seamless,False,0.028333333333333332,4.185,-6.396666666666667,0.9358487586092675
turbine_1,2026-01-10 01:00:00+00:00,24,0.9727149564242799,0.9727149564242799,False,False,0.9378574561403509,11.14,-3.4,2026-01-09 19:00:00+00:00,6.0,2026-01-09 22:00:00,2026-01-10T00:00:00+05:00,6a4977226efc6026bdc934a6ed287303d11ebcb5b24aea4e81fe78f9e501c563,gfs_seamless,False,0.06166666666666667,4.871666666666667,-4.87,0.9110482897576132
turbine_1,2026-01-10 02:00:00+00:00,24,0.9142142547951263,0.9142142547951263,False,False,0.8927965043695381,10.6,-3.6,2026-01-09 19:00:00+00:00,7.0,2026-01-09 22:00:00,2026-01-10T00:00:00+05:00,6a4977226efc6026bdc934a6ed287303d11ebcb5b24aea4e81fe78f9e501c563,gfs_seamless,False,0.05833333333333334,4.305,-4.38,0.855880921461793
turbine_1,2026-01-10 03:00:00+00:00,24,0.9007656827918119,0.9007656827918119,False,False,0.8300111259457054,10.38,-3.1,2026-01-09 19:00:00+00:00,8.0,2026-01-09 22:00:00,2026-01-10T00:00:00+05:00,6a4977226efc6026bdc934a6ed287303d11ebcb5b24aea4e81fe78f9e501c563,gfs_seamless,False,0.051666666666666666,4.085,-4.596666666666667,0.8490990161251453
turbine_1,2026-01-10 04:00:00+00:00,24,0.830360282276772,0.830360282276772,False,False,0.763874074074074,9.93,-0.8,2026-01-09 19:00:00+00:00,9.0,2026-01-09 22:00:00,2026-01-10T00:00:00+05:00,6a4977226efc6026bdc934a6ed287303d11ebcb5b24aea4e81fe78f9e501c563,gfs_seamless,False,0.11499999999999999,5.2683333333333335,-4.583333333333333,0.7153602822767721
turbine_1,2026-01-10 05:00:00+00:00,24,0.8551205312681112,0.8551205312681112,False,False,0.8300111259457054,10.07,1.5,2026-01-09 19:00:00+00:00,10.0,2026-01-09 22:00:00,2026-01-10T00:00:00+05:00,6a4977226efc6026bdc934a6ed287303d11ebcb5b24aea4e81fe78f9e501c563,gfs_seamless,False,0.07,4.378333333333333,-2.8816666666666664,0.7851205312681111
turbine_1,2026-01-10 06:00:00+00:00,24,0.9167958822052109,0.9167958822052109,False,False,0.8927965043695381,10.56,3.5,2026-01-09 19:00:00+00:00,11.0,2026-01-09 22:00:00,2026-01-10T00:00:00+05:00,6a4977226efc6026bdc934a6ed287303d11ebcb5b24aea4e81fe78f9e501c563,gfs_seamless,False,0.09000000000000001,4.746666666666667,-1.035,0.8267958822052109
turbine_1,2026-01-10 07:00:00+00:00,24,0.9305980221384089,0.9305980221384089,False,False,0.8927965043695381,10.65,4.7,2026-01-09 19:00:00+00:00,12.0,2026-01-09 22:00:00,2026-01-10T00:00:00+05:00,6a4977226efc6026bdc934a6ed287303d11ebcb5b24aea4e81fe78f9e501c563,gfs_seamless,False,0.05333333333333334,4.303333333333334,2.1783333333333332,0.8772646888050756
turbine_1,2026-01-10 08:00:00+00:00,24,0.9015811223791171,0.9015811223791171,False,False,0.8927965043695381,10.51,5.4,2026-01-09 19:00:00+00:00,13.0,2026-01-09 22:00:00,2026-01-10T00:00:00+05:00,6a4977226efc6026bdc934a6ed287303d11ebcb5b24aea4e81fe78f9e501c563,gfs_seamless,False,0.21333333333333335,5.966666666666666,5.956666666666667,0.6882477890457838
turbine_1,2026-01-10 09:00:00+00:00,24,0.89932804595714,0.89932804595714,False,False,0.8300111259457054,10.42,5.1,2026-01-09 19:00:00+00:00,14.0,2026-01-09 22:00:00,2026-01-10T00:00:00+05:00,6a4977226efc6026bdc934a6ed287303d11ebcb5b24aea4e81fe78f9e501c563,gfs_seamless,False,0.19166666666666665,5.915,7.053333333333334,0.7076613792904733
turbine_1,2026-01-10 10:00:00+00:00,24,0.8825874001646008,0.8825874001646008,False,False,0.8300111259457054,10.17,4.0,2026-01-09 19:00:00+00:00,15.0,2026-01-09 22:00:00,2026-01-10T00:00:00+05:00,6a4977226efc6026bdc934a6ed287303d11ebcb5b24aea4e81fe78f9e501c563,gfs_seamless,False,0.18833333333333332,5.953333333333333,7.363333333333333,0.6942540668312674
turbine_1,2026-01-10 11:00:00+00:00,24,0.9181253457352166,0.9181253457352166,False,False,0.8927965043695381,10.61,2.0,2026-01-09 19:00:00+00:00,16.0,2026-01-09 22:00:00,2026-01-10T00:00:00+05:00,6a4977226efc6026bdc934a6ed287303d11ebcb5b24aea4e81fe78f9e501c563,gfs_seamless,False,0.18000000000000002,5.9433333333333325,6.888333333333333,0.7381253457352166
turbine_1,2026-01-10 12:00:00+00:00,24,0.9433771555448401,0.9433771555448401,False,False,0.8927965043695381,10.87,0.4,2026-01-09 19:00:00+00:00,17.0,2026-01-09 22:00:00,2026-01-10T00:00:00+05:00,6a4977226efc6026bdc934a6ed287303d11ebcb5b24aea4e81fe78f9e501c563,gfs_seamless,False,0.15166666666666667,5.538333333333334,4.798333333333333,0.7917104888781734
turbine_1,2026-01-10 13:00:00+00:00,24,0.9711724769877399,0.9711724769877399,False,False,0.9378574561403509,11.19,0.1,2026-01-09 19:00:00+00:00,18.0,2026-01-09 22:00:00,2026-01-10T00:00:00+05:00,6a4977226efc6026bdc934a6ed287303d11ebcb5b24aea4e81fe78f9e501c563,gfs_seamless,False,0.4166666666666667,7.561666666666667,2.486666666666667,0.5545058103210732
turbine_1,2026-01-10 14:00:00+00:00,24,0.9715173137180985,0.9715173137180985,False,False,0.9378574561403509,11.05,-0.3,2026-01-09 19:00:00+00:00,19.0,2026-01-09 22:00:00,2026-01-10T00:00:00+05:00,6a4977226efc6026bdc934a6ed287303d11ebcb5b24aea4e81fe78f9e501c563,gfs_seamless,False,0.38833333333333336,7.251666666666666,1.4316666666666666,0.5831839803847652
turbine_1,2026-01-10 15:00:00+00:00,24,0.9715173137180985,0.9715173137180985,False,False,0.9378574561403509,11.14,-0.4,2026-01-09 19:00:00+00:00,20.0,2026-01-09 22:00:00,2026-01-10T00:00:00+05:00,6a4977226efc6026bdc934a6ed287303d11ebcb5b24aea4e81fe78f9e501c563,gfs_seamless,False,0.54,7.571666666666666,1.1833333333333333,0.4315173137180984
turbine_1,2026-01-10 16:00:00+00:00,24,0.9882197507408287,0.9882197507408287,False,False,0.960176170607325,11.81,-0.6,2026-01-09 19:00:00+00:00,21.0,2026-01-09 22:00:00,2026-01-10T00:00:00+05:00,6a4977226efc6026bdc934a6ed287303d11ebcb5b24aea4e81fe78f9e501c563,gfs_seamless,False,0.5750000000000001,7.94,1.2066666666666668,0.4132197507408286
turbine_1,2026-01-10 17:00:00+00:00,24,0.9721542378291412,0.9721542378291412,False,False,0.960176170607325,11.91,-0.7,2026-01-09 19:00:00+00:00,22.0,2026-01-09 22:00:00,2026-01-10T00:00:00+05:00,6a4977226efc6026bdc934a6ed287303d11ebcb5b24aea4e81fe78f9e501c563,gfs_seamless,False,0.345,6.631666666666667,-0.445,0.6271542378291413
turbine_1,2026-01-10 18:00:00+00:00,24,0.9742674597280382,0.9742674597280382,False,False,0.9580129390018484,12.44,-0.8,2026-01-09 19:00:00+00:00,23.0,2026-01-09 22:00:00,2026-01-10T00:00:00+05:00,6a4977226efc6026bdc934a6ed287303d11ebcb5b24aea4e81fe78f9e501c563,gfs_seamless,False,0.4083333333333334,7.006666666666667,-1.5683333333333334,0.5659341263947049
turbine_1,2026-01-10 19:00:00+00:00,24,0.8860087701996356,0.8860087701996356,False,False,0.9769763513513514,13.24,-0.8,2026-01-09 19:00:00+00:00,24.0,2026-01-09 22:00:00,2026-01-10T00:00:00+05:00,6a4977226efc6026bdc934a6ed287303d11ebcb5b24aea4e81fe78f9e501c563,gfs_seamless,False,0.84,9.924999999999999,-2.3266666666666667,0.046008770199635673
turbine_1,2026-01-10 20:00:00+00:00,48,0.9667314725879284,0.9667314725879284,False,False,0.9669064191802009,12.75,-1.0,2026-01-09 19:00:00+00:00,25.0,2026-01-09 22:00:00,2026-01-10T00:00:00+05:00,6a4977226efc6026bdc934a6ed287303d11ebcb5b24aea4e81fe78f9e501c563,gfs_seamless,False,0.8983333333333333,10.176666666666668,-1.5983333333333334,0.06839813925459504
turbine_1,2026-01-10 21:00:00+00:00,48,0.9707059626227553,0.9707059626227553,False,False,0.9669064191802009,12.84,-1.2,2026-01-09 19:00:00+00:00,26.0,2026-01-09 22:00:00,2026-01-10T00:00:00+05:00,6a4977226efc6026bdc934a6ed287303d11ebcb5b24aea4e81fe78f9e501c563,gfs_seamless,False,0.7116666666666666,8.641666666666667,-1.4866666666666666,0.25903929595608877
turbine_1,2026-01-10 22:00:00+00:00,48,0.980787822133734,0.980787822133734,False,False,0.9769763513513514,13.19,-1.3,2026-01-09 19:00:00+00:00,27.0,2026-01-09 22:00:00,2026-01-10T00:00:00+05:00,6a4977226efc6026bdc934a6ed287303d11ebcb5b24aea4e81fe78f9e501c563,gfs_seamless,False,0.7716666666666666,9.095,-0.6583333333333333,0.20912115546706744
turbine_1,2026-01-10 23:00:00+00:00,48,0.9746685979494996,0.9746685979494996,False,False,0.9769763513513514,13.38,-1.5,2026-01-09 19:00:00+00:00,28.0,2026-01-09 22:00:00,2026-01-10T00:00:00+05:00,6a4977226efc6026bdc934a6ed287303d11ebcb5b24aea4e81fe78f9e501c563,gfs_seamless,False,0.85,9.885,-0.61,0.12466859794949958
turbine_1,2026-01-11 00:00:00+00:00,48,0.9320945796930722,0.9320945796930722,False,False,0.9681453634085212,14.18,-1.2,2026-01-09 19:00:00+00:00,29.0,2026-01-09 22:00:00,2026-01-10T00:00:00+05:00,6a4977226efc6026bdc934a6ed287303d11ebcb5b24aea4e81fe78f9e501c563,gfs_seamless,False,0.4683333333333333,7.343333333333334,-0.8833333333333333,0.46376124635973887
turbine_1,2026-01-11 01:00:00+00:00,48,0.9616270743917643,0.9616270743917643,False,False,0.961047619047619,14.71,-1.1,2026-01-09 19:00:00+00:00,30.0,2026-01-09 22:00:00,2026-01-10T00:00:00+05:00,6a4977226efc6026bdc934a6ed287303d11ebcb5b24aea4e81fe78f9e501c563,gfs_seamless,False,0.5533333333333333,7.673333333333333,-1.3483333333333334,0.40829374105843097
turbine_1,2026-01-11 02:00:00+00:00,48,0.9895205886068432,0.9895205886068432,False,False,0.961047619047619,14.9,-1.2,2026-01-09 19:00:00+00:00,31.0,2026-01-09 22:00:00,2026-01-10T00:00:00+05:00,6a4977226efc6026bdc934a6ed287303d11ebcb5b24aea4e81fe78f9e501c563,gfs_seamless,False,0.48666666666666664,7.56,-1.3533333333333335,0.5028539219401766
turbine_1,2026-01-11 03:00:00+00:00,48,0.9066469196733238,0.9066469196733238,False,False,0.961047619047619,14.82,-0.7,2026-01-09 19:00:00+00:00,32.0,2026-01-09 22:00:00,2026-01-10T00:00:00+05:00,6a4977226efc6026bdc934a6ed287303d11ebcb5b24aea4e81fe78f9e501c563,gfs_seamless,False,0.21,5.84,-2.6133333333333333,0.6966469196733238
turbine_1,2026-01-11 04:00:00+00:00,48,0.9890698778789588,0.9890698778789588,False,False,0.961047619047619,14.9,0.8,2026-01-09 19:00:00+00:00,33.0,2026-01-09 22:00:00,2026-01-10T00:00:00+05:00,6a4977226efc6026bdc934a6ed287303d11ebcb5b24aea4e81fe78f9e501c563,gfs_seamless,False,0.325,6.4366666666666665,-1.8333333333333333,0.6640698778789589
turbine_1,2026-01-11 05:00:00+00:00,48,0.9665518522869523,0.9665518522869523,False,False,0.9681453634085212,14.28,2.7,2026-01-09 19:00:00+00:00,34.0,2026-01-09 22:00:00,2026-01-10T00:00:00+05:00,6a4977226efc6026bdc934a6ed287303d11ebcb5b24aea4e81fe78f9e501c563,gfs_seamless,False,0.27999999999999997,6.473333333333334,-0.5766666666666667,0.6865518522869523
turbine_1,2026-01-11 06:00:00+00:00,48,0.989821517174498,0.989821517174498,False,False,0.9653976311336716,13.83,4.7,2026-01-09 19:00:00+00:00,35.0,2026-01-09 22:00:00,2026-01-10T00:00:00+05:00,6a4977226efc6026bdc934a6ed287303d11ebcb5b24aea4e81fe78f9e501c563,gfs_seamless,False,0.4033333333333333,7.211666666666666,2.9250000000000003,0.5864881838411646
turbine_1,2026-01-11 07:00:00+00:00,48,0.9831296061482041,0.9831296061482041,False,False,0.9653976311336716,13.7,6.3,2026-01-09 19:00:00+00:00,36.0,2026-01-09 22:00:00,2026-01-10T00:00:00+05:00,6a4977226efc6026bdc934a6ed287303d11ebcb5b24aea4e81fe78f9e501c563,gfs_seamless,False,0.5966666666666667,8.523333333333333,5.598333333333333,0.3864629394815374
turbine_1,2026-01-11 08:00:00+00:00,48,0.8901828549064764,0.8901828549064764,False,False,0.9653976311336716,13.69,7.1,2026-01-09 19:00:00+00:00,37.0,2026-01-09 22:00:00,2026-01-10T00:00:00+05:00,6a4977226efc6026bdc934a6ed287303d11ebcb5b24aea4e81fe78f9e501c563,gfs_seamless,False,0.6,8.459999999999999,6.881666666666667,0.29018285490647644
turbine_1,2026-01-11 09:00:00+00:00,48,0.9648517003215106,0.9648517003215106,False,False,0.9669064191802009,12.94,5.7,2026-01-09 19:00:00+00:00,38.0,2026-01-09 22:00:00,2026-01-10T00:00:00+05:00,6a4977226efc6026bdc934a6ed287303d11ebcb5b24aea4e81fe78f9e501c563,gfs_seamless,False,0.31333333333333335,6.536666666666666,6.735,0.6515183669881772
turbine_1,2026-01-11 10:00:00+00:00,48,0.9826471377786877,0.9826471377786877,False,False,0.9669064191802009,12.61,5.0,2026-01-09 19:00:00+00:00,39.0,2026-01-09 22:00:00,2026-01-10T00:00:00+05:00,6a4977226efc6026bdc934a6ed287303d11ebcb5b24aea4e81fe78f9e501c563,gfs_seamless,False,0.21833333333333335,5.9383333333333335,6.04,0.7643138044453544
turbine_1,2026-01-11 11:00:00+00:00,48,0.9227489214465996,0.9227489214465996,False,False,0.9669064191802009,12.67,4.1,2026-01-09 19:00:00+00:00,40.0,2026-01-09 22:00:00,2026-01-10T00:00:00+05:00,6a4977226efc6026bdc934a6ed287303d11ebcb5b24aea4e81fe78f9e501c563,gfs_seamless,False,0.27999999999999997,6.321666666666666,5.635000000000001,0.6427489214465996
turbine_1,2026-01-11 12:00:00+00:00,48,0.9496820116578967,0.9496820116578967,False,False,0.9669064191802009,12.89,2.9,2026-01-09 19:00:00+00:00,41.0,2026-01-09 22:00:00,2026-01-10T00:00:00+05:00,6a4977226efc6026bdc934a6ed287303d11ebcb5b24aea4e81fe78f9e501c563,gfs_seamless,False,0.2316666666666667,5.815,5.016666666666667,0.71801534499123
turbine_1,2026-01-11 13:00:00+00:00,48,0.9587028306996294,0.9587028306996294,False,False,0.960176170607325,11.96,2.9,2026-01-09 19:00:00+00:00,42.0,2026-01-09 22:00:00,2026-01-10T00:00:00+05:00,6a4977226efc6026bdc934a6ed287303d11ebcb5b24aea4e81fe78f9e501c563,gfs_seamless,False,0.445,7.29,5.855,0.5137028306996294
turbine_1,2026-01-11 14:00:00+00:00,48,0.9890534931876755,0.9890534931876755,False,False,0.9580129390018484,12.12,2.4,2026-01-09 19:00:00+00:00,43.0,2026-01-09 22:00:00,2026-01-10T00:00:00+05:00,6a4977226efc6026bdc934a6ed287303d11ebcb5b24aea4e81fe78f9e501c563,gfs_seamless,False,0.45166666666666666,7.0566666666666675,5.631666666666667,0.5373868265210089
turbine_1,2026-01-11 15:00:00+00:00,48,0.9923588074762684,0.9923588074762684,False,False,0.9669064191802009,12.85,1.6,2026-01-09 19:00:00+00:00,44.0,2026-01-09 22:00:00,2026-01-10T00:00:00+05:00,6a4977226efc6026bdc934a6ed287303d11ebcb5b24aea4e81fe78f9e501c563,gfs_seamless,False,0.27499999999999997,5.901666666666666,3.861666666666667,0.7173588074762685
turbine_1,2026-01-11 16:00:00+00:00,48,0.9147529451481472,0.9147529451481472,False,False,0.9669064191802009,12.62,1.3,2026-01-09 19:00:00+00:00,45.0,2026-01-09 22:00:00,2026-01-10T00:00:00+05:00,6a4977226efc6026bdc934a6ed287303d11ebcb5b24aea4e81fe78f9e501c563,gfs_seamless,False,0.6066666666666667,8.008333333333333,4.008333333333334,0.3080862784814805
turbine_1,2026-01-11 17:00:00+00:00,48,0.9938490339772456,0.9938490339772456,False,False,0.9580129390018484,12.26,0.8,2026-01-09 19:00:00+00:00,46.0,2026-01-09 22:00:00,2026-01-10T00:00:00+05:00,6a4977226efc6026bdc934a6ed287303d11ebcb5b24aea4e81fe78f9e501c563,gfs_seamless,False,0.5499999999999999,8.653333333333332,3.8166666666666664,0.4438490339772456
turbine_1,2026-01-11 18:00:00+00:00,48,0.9356327817305317,0.9356327817305317,False,False,0.8927965043695381,10.64,-0.1,2026-01-09 19:00:00+00:00,47.0,2026-01-09 22:00:00,2026-01-10T00:00:00+05:00,6a4977226efc6026bdc934a6ed287303d11ebcb5b24aea4e81fe78f9e501c563,gfs_seamless,False,0.33166666666666667,7.06,1.7566666666666666,0.603966115063865
turbine_1,2026-01-11 19:00:00+00:00,48,0.6794307640958642,0.6794307640958642,False,False,0.6263235294117647,8.81,-0.8,2026-01-09 19:00:00+00:00,48.0,2026-01-09 22:00:00,2026-01-10T00:00:00+05:00,6a4977226efc6026bdc934a6ed287303d11ebcb5b24aea4e81fe78f9e501c563,gfs_seamless,False,0.58,8.19,2.23,0.09943076409586427
turbine_2,2026-01-09 20:00:00+00:00,24,0.9248894905091751,0.9248894905091751,False,False,0.925302677532014,11.1,-2.5,2026-01-09 19:00:00+00:00,1.0,2026-01-09 22:00:00,2026-01-10T00:00:00+05:00,2a6f2a66e223e6be653ab0a4290dc850422b9b180f37f21b129bd2db4237c833,gfs_seamless,False,0.01,1.1283333333333332,-5.956666666666667,0.9148894905091751
turbine_2,2026-01-09 21:00:00+00:00,24,0.9552223525522583,0.9552223525522583,False,False,0.925302677532014,11.25,-2.6,2026-01-09 19:00:00+00:00,2.0,2026-01-09 22:00:00,2026-01-10T00:00:00+05:00,2a6f2a66e223e6be653ab0a4290dc850422b9b180f37f21b129bd2db4237c833,gfs_seamless,False,0.01,0.8566666666666668,-6.196666666666666,0.9452223525522583
turbine_2,2026-01-09 22:00:00+00:00,24,0.9544894510348982,0.9544894510348982,False,False,0.9521050347222223,11.52,-2.7,2026-01-09 19:00:00+00:00,3.0,2026-01-09 22:00:00,2026-01-10T00:00:00+05:00,2a6f2a66e223e6be653ab0a4290dc850422b9b180f37f21b129bd2db4237c833,gfs_seamless,False,0.01,0.7966666666666667,-6.88,0.9444894510348982
turbine_2,2026-01-09 23:00:00+00:00,24,0.9452961605629081,0.9452961605629081,False,False,0.925302677532014,11.46,-3.0,2026-01-09 19:00:00+00:00,4.0,2026-01-09 22:00:00,2026-01-10T00:00:00+05:00,2a6f2a66e223e6be653ab0a4290dc850422b9b180f37f21b129bd2db4237c833,gfs_seamless,False,0.01,0.7833333333333333,-7.1883333333333335,0.9352961605629081
turbine_2,2026-01-10 00:00:00+00:00,24,0.9395498315024509,0.9395498315024509,False,False,0.925302677532014,11.09,-3.2,2026-01-09 19:00:00+00:00,5.0,2026-01-09 22:00:00,2026-01-10T00:00:00+05:00,2a6f2a66e223e6be653ab0a4290dc850422b9b180f37f21b129bd2db4237c833,gfs_seamless,False,0.016666666666666666,3.9600000000000004,-6.626666666666666,0.9228831648357841
turbine_2,2026-01-10 01:00:00+00:00,24,0.9401516990681391,0.9401516990681391,False,False,0.925302677532014,11.14,-3.4,2026-01-09 19:00:00+00:00,6.0,2026-01-09 22:00:00,2026-01-10T00:00:00+05:00,2a6f2a66e223e6be653ab0a4290dc850422b9b180f37f21b129bd2db4237c833,gfs_seamless,False,0.043333333333333335,4.566666666666666,-5.008333333333334,0.8968183657348058
turbine_2,2026-01-10 02:00:00+00:00,24,0.8925490094774247,0.8925490094774247,False,False,0.8846255144032922,10.6,-3.6,2026-01-09 19:00:00+00:00,7.0,2026-01-09 22:00:00,2026-01-10T00:00:00+05:00,2a6f2a66e223e6be653ab0a4290dc850422b9b180f37f21b129bd2db4237c833,gfs_seamless,False,0.034999999999999996,4.0616666666666665,-4.591666666666667,0.8575490094774246
turbine_2,2026-01-10 03:00:00+00:00,24,0.8711129676973598,0.8711129676973598,False,False,0.8243707250341997,10.38,-3.1,2026-01-09 19:00:00+00:00,8.0,2026-01-09 22:00:00,2026-01-10T00:00:00+05:00,2a6f2a66e223e6be653ab0a4290dc850422b9b180f37f21b129bd2db4237c833,gfs_seamless,False,0.03166666666666667,3.8200000000000003,-4.841666666666667,0.8394463010306932
turbine_2,2026-01-10 04:00:00+00:00,24,0.834898177035218,0.834898177035218,False,False,0.7524465971187282,9.93,-0.8,2026-01-09 19:00:00+00:00,9.0,2026-01-09 22:00:00,2026-01-10T00:00:00+05:00,2a6f2a66e223e6be653ab0a4290dc850422b9b180f37f21b129bd2db4237c833,gfs_seamless,False,0.08,4.793333333333334,-4.75,0.754898177035218
turbine_2,2026-01-10 05:00:00+00:00,24,0.8438425121224359,0.8438425121224359,False,False,0.8243707250341997,10.07,1.5,2026-01-09 19:00:00+00:00,10.0,2026-01-09 22:00:00,2026-01-10T00:00:00+05:00,2a6f2a66e223e6be653ab0a4290dc850422b9b180f37f21b129bd2db4237c833,gfs_seamless,False,0.034999999999999996,3.7216666666666662,-2.9583333333333335,0.8088425121224359
turbine_2,2026-01-10 06:00:00+00:00,24,0.9087621021555607,0.9087621021555607,False,False,0.8846255144032922,10.56,3.5,2026-01-09 19:00:00+00:00,11.0,2026-01-09 22:00:00,2026-01-10T00:00:00+05:00,2a6f2a66e223e6be653ab0a4290dc850422b9b180f37f21b129bd2db4237c833,gfs_seamless,False,0.09000000000000001,4.908333333333333,-1.0616666666666668,0.8187621021555608
turbine_2,2026-01-10 07:00:00+00:00,24,0.9025335381775438,0.9025335381775438,False,False,0.8846255144032922,10.65,4.7,2026-01-09 19:00:00+00:00,12.0,2026-01-09 22:00:00,2026-01-10T00:00:00+05:00,2a6f2a66e223e6be653ab0a4290dc850422b9b180f37f21b129bd2db4237c833,gfs_seamless,False,0.049999999999999996,4.206666666666667,2.0416666666666665,0.8525335381775437
turbine_2,2026-01-10 08:00:00+00:00,24,0.8776752988253885,0.8776752988253885,False,False,0.8846255144032922,10.51,5.4,2026-01-09 19:00:00+00:00,13.0,2026-01-09 22:00:00,2026-01-10T00:00:00+05:00,2a6f2a66e223e6be653ab0a4290dc850422b9b180f37f21b129bd2db4237c833,gfs_seamless,False,0.24333333333333332,6.433333333333334,5.75,0.6343419654920552
turbine_2,2026-01-10 09:00:00+00:00,24,0.8725434106415512,0.8725434106415512,False,False,0.8243707250341997,10.42,5.1,2026-01-09 19:00:00+00:00,14.0,2026-01-09 22:00:00,2026-01-10T00:00:00+05:00,2a6f2a66e223e6be653ab0a4290dc850422b9b180f37f21b129bd2db4237c833,gfs_seamless,False,0.18833333333333335,6.046666666666667,6.855,0.6842100773082178
turbine_2,2026-01-10 10:00:00+00:00,24,0.8522724245894813,0.8522724245894813,False,False,0.8243707250341997,10.17,4.0,2026-01-09 19:00:00+00:00,15.0,2026-01-09 22:00:00,2026-01-10T00:00:00+05:00,2a6f2a66e223e6be653ab0a4290dc850422b9b180f37f21b129bd2db4237c833,gfs_seamless,False,0.21,6.364999999999999,7.080000000000001,0.6422724245894813
turbine_2,2026-01-10 11:00:00+00:00,24,0.9033246501812956,0.9033246501812956,False,False,0.8846255144032922,10.61,2.0,2026-01-09 19:00:00+00:00,16.0,2026-01-09 22:00:00,2026-01-10T00:00:00+05:00,2a6f2a66e223e6be653ab0a4290dc850422b9b180f37f21b129bd2db4237c833,gfs_seamless,False,0.16666666666666666,5.921666666666667,6.666666666666667,0.736657983514629
turbine_2,2026-01-10 12:00:00+00:00,24,0.9323512042693988,0.9323512042693988,False,False,0.8846255144032922,10.87,0.4,2026-01-09 19:00:00+00:00,17.0,2026-01-09 22:00:00,2026-01-10T00:00:00+05:00,2a6f2a66e223e6be653ab0a4290dc850422b9b180f37f21b129bd2db4237c833,gfs_seamless,False,0.16166666666666668,5.821666666666666,4.54,0.770684537602732
turbine_2,2026-01-10 13:00:00+00:00,24,0.9600281956535978,0.9600281956535978,False,False,0.925302677532014,11.19,0.1,2026-01-09 19:00:00+00:00,18.0,2026-01-09 22:00:00,2026-01-10T00:00:00+05:00,2a6f2a66e223e6be653ab0a4290dc850422b9b180f37f21b129bd2db4237c833,gfs_seamless,False,0.4466666666666666,7.696666666666666,2.353333333333333,0.5133615289869311
turbine_2,2026-01-10 14:00:00+00:00,24,0.9479755327364636,0.9479755327364636,False,False,0.925302677532014,11.05,-0.3,2026-01-09 19:00:00+00:00,19.0,2026-01-09 22:00:00,2026-01-10T00:00:00+05:00,2a6f2a66e223e6be653ab0a4290dc850422b9b180f37f21b129bd2db4237c833,gfs_seamless,False,0.39166666666666666,7.435,1.335,0.556308866069797
turbine_2,2026-01-10 15:00:00+00:00,24,0.9410214504223974,0.9410214504223974,False,False,0.925302677532014,11.14,-0.4,2026-01-09 19:00:00+00:00,20.0,2026-01-09 22:00:00,2026-01-10T00:00:00+05:00,2a6f2a66e223e6be653ab0a4290dc850422b9b180f37f21b129bd2db4237c833,gfs_seamless,False,0.49833333333333335,7.585,1.1500000000000001,0.442688117089064
turbine_2,2026-01-10 16:00:00+00:00,24,0.9674836458614989,0.9674836458614989,False,False,0.9521050347222223,11.81,-0.6,2026-01-09 19:00:00+00:00,21.0,2026-01-09 22:00:00,2026-01-10T00:00:00+05:00,2a6f2a66e223e6be653ab0a4290dc850422b9b180f37f21b129bd2db4237c833,gfs_seamless,False,0.5366666666666667,7.816666666666666,1.1266666666666667,0.4308169791948322
turbine_2,2026-01-10 17:00:00+00:00,24,0.966801258337605,0.966801258337605,False,False,0.9521050347222223,11.91,-0.7,2026-01-09 19:00:00+00:00,22.0,2026-01-09 22:00:00,2026-01-10T00:00:00+05:00,2a6f2a66e223e6be653ab0a4290dc850422b9b180f37f21b129bd2db4237c833,gfs_seamless,False,0.3066666666666667,6.463333333333334,-0.635,0.6601345916709382
turbine_2,2026-01-10 18:00:00+00:00,24,0.9696570380836381,0.9696570380836381,False,False,0.9571649484536083,12.44,-0.8,2026-01-09 19:00:00+00:00,23.0,2026-01-09 22:00:00,2026-01-10T00:00:00+05:00,2a6f2a66e223e6be653ab0a4290dc850422b9b180f37f21b129bd2db4237c833,gfs_seamless,False,0.45166666666666666,7.446666666666666,-1.6566666666666665,0.5179903714169715
turbine_2,2026-01-10 19:00:00+00:00,24,0.9312505070610613,0.9312505070610613,False,False,0.9697865853658537,13.24,-0.8,2026-01-09 19:00:00+00:00,24.0,2026-01-09 22:00:00,2026-01-10T00:00:00+05:00,2a6f2a66e223e6be653ab0a4290dc850422b9b180f37f21b129bd2db4237c833,gfs_seamless,False,0.8716666666666667,10.226666666666667,-2.391666666666667,0.05958384039439457
turbine_2,2026-01-10 20:00:00+00:00,48,0.9496068226846172,0.9496068226846172,False,False,0.9628097193702942,12.75,-1.0,2026-01-09 19:00:00+00:00,25.0,2026-01-09 22:00:00,2026-01-10T00:00:00+05:00,2a6f2a66e223e6be653ab0a4290dc850422b9b180f37f21b129bd2db4237c833,gfs_seamless,False,0.9183333333333333,10.446666666666667,-1.3933333333333333,0.03127348935128382
turbine_2,2026-01-10 21:00:00+00:00,48,0.9615937286916071,0.9615937286916071,False,False,0.9628097193702942,12.84,-1.2,2026-01-09 19:00:00+00:00,26.0,2026-01-09 22:00:00,2026-01-10T00:00:00+05:00,2a6f2a66e223e6be653ab0a4290dc850422b9b180f37f21b129bd2db4237c833,gfs_seamless,False,0.6933333333333334,8.785,-1.3583333333333334,0.26826039535827373
turbine_2,2026-01-10 22:00:00+00:00,48,0.9380658063879727,0.9380658063879727,False,False,0.9697865853658537,13.19,-1.3,2026-01-09 19:00:00+00:00,27.0,2026-01-09 22:00:00,2026-01-10T00:00:00+05:00,2a6f2a66e223e6be653ab0a4290dc850422b9b180f37f21b129bd2db4237c833,gfs_seamless,False,0.6866666666666666,8.758333333333333,-0.5083333333333333,0.251399139721306
turbine_2,2026-01-10 23:00:00+00:00,48,0.9684789300064222,0.9684789300064222,False,False,0.9697865853658537,13.38,-1.5,2026-01-09 19:00:00+00:00,28.0,2026-01-09 22:00:00,2026-01-10T00:00:00+05:00,2a6f2a66e223e6be653ab0a4290dc850422b9b180f37f21b129bd2db4237c833,gfs_seamless,False,0.8233333333333334,9.911666666666667,-0.40166666666666667,0.1451455966730888
turbine_2,2026-01-11 00:00:00+00:00,48,0.8914212384504646,0.8914212384504646,False,False,0.9600239808153477,14.18,-1.2,2026-01-09 19:00:00+00:00,29.0,2026-01-09 22:00:00,2026-01-10T00:00:00+05:00,2a6f2a66e223e6be653ab0a4290dc850422b9b180f37f21b129bd2db4237c833,gfs_seamless,False,0.48,7.585,-0.8033333333333333,0.41142123845046463
turbine_2,2026-01-11 01:00:00+00:00,48,0.8376165116228796,0.8376165116228796,False,False,0.9623423423423424,14.71,-1.1,2026-01-09 19:00:00+00:00,30.0,2026-01-09 22:00:00,2026-01-10T00:00:00+05:00,2a6f2a66e223e6be653ab0a4290dc850422b9b180f37f21b129bd2db4237c833,gfs_seamless,False,0.5533333333333333,7.921666666666667,-1.3266666666666664,0.2842831782895463
turbine_2,2026-01-11 02:00:00+00:00,48,0.9335980017567173,0.9335980017567173,False,False,0.9623423423423424,14.9,-1.2,2026-01-09 19:00:00+00:00,31.0,2026-01-09 22:00:00,2026-01-10T00:00:00+05:00,2a6f2a66e223e6be653ab0a4290dc850422b9b180f37f21b129bd2db4237c833,gfs_seamless,False,0.445,7.3566666666666665,-1.3533333333333335,0.48859800175671725
turbine_2,2026-01-11 03:00:00+00:00,48,0.8225966718892505,0.8225966718892505,False,False,0.9623423423423424,14.82,-0.7,2026-01-09 19:00:00+00:00,32.0,2026-01-09 22:00:00,2026-01-10T00:00:00+05:00,2a6f2a66e223e6be653ab0a4290dc850422b9b180f37f21b129bd2db4237c833,gfs_seamless,False,0.21666666666666667,6.010000000000001,-2.691666666666667,0.6059300052225838
turbine_2,2026-01-11 04:00:00+00:00,48,0.9423457303176789,0.9423457303176789,False,False,0.9623423423423424,14.9,0.8,2026-01-09 19:00:00+00:00,33.0,2026-01-09 22:00:00,2026-01-10T00:00:00+05:00,2a6f2a66e223e6be653ab0a4290dc850422b9b180f37f21b129bd2db4237c833,gfs_seamless,False,0.3233333333333333,6.670000000000001,-2.0883333333333334,0.6190123969843455
turbine_2,2026-01-11 05:00:00+00:00,48,0.9717240635704651,0.9717240635704651,False,False,0.9600239808153477,14.28,2.7,2026-01-09 19:00:00+00:00,34.0,2026-01-09 22:00:00,2026-01-10T00:00:00+05:00,2a6f2a66e223e6be653ab0a4290dc850422b9b180f37f21b129bd2db4237c833,gfs_seamless,False,0.26333333333333336,6.3066666666666675,-0.5933333333333334,0.7083907302371317
turbine_2,2026-01-11 06:00:00+00:00,48,0.9803021324780229,0.9803021324780229,False,False,0.9608080808080809,13.83,4.7,2026-01-09 19:00:00+00:00,35.0,2026-01-09 22:00:00,2026-01-10T00:00:00+05:00,2a6f2a66e223e6be653ab0a4290dc850422b9b180f37f21b129bd2db4237c833,gfs_seamless,False,0.39666666666666667,7.285,2.893333333333333,0.5836354658113563
turbine_2,2026-01-11 07:00:00+00:00,48,0.966926861337114,0.966926861337114,False,False,0.9608080808080809,13.7,6.3,2026-01-09 19:00:00+00:00,36.0,2026-01-09 22:00:00,2026-01-10T00:00:00+05:00,2a6f2a66e223e6be653ab0a4290dc850422b9b180f37f21b129bd2db4237c833,gfs_seamless,False,0.6766666666666666,9.125,5.505,0.2902601946704474
turbine_2,2026-01-11 08:00:00+00:00,48,0.9625959119903964,0.9625959119903964,False,False,0.9608080808080809,13.69,7.1,2026-01-09 19:00:00+00:00,37.0,2026-01-09 22:00:00,2026-01-10T00:00:00+05:00,2a6f2a66e223e6be653ab0a4290dc850422b9b180f37f21b129bd2db4237c833,gfs_seamless,False,0.6016666666666667,8.6,7.04,0.3609292453237297
turbine_2,2026-01-11 09:00:00+00:00,48,0.9787635124138172,0.9787635124138172,False,False,0.9628097193702942,12.94,5.7,2026-01-09 19:00:00+00:00,38.0,2026-01-09 22:00:00,2026-01-10T00:00:00+05:00,2a6f2a66e223e6be653ab0a4290dc850422b9b180f37f21b129bd2db4237c833,gfs_seamless,False,0.27499999999999997,6.531666666666666,6.836666666666667,0.7037635124138173
turbine_2,2026-01-11 10:00:00+00:00,48,0.9707578968025555,0.9707578968025555,False,False,0.9628097193702942,12.61,5.0,2026-01-09 19:00:00+00:00,39.0,2026-01-09 22:00:00,2026-01-10T00:00:00+05:00,2a6f2a66e223e6be653ab0a4290dc850422b9b180f37f21b129bd2db4237c833,gfs_seamless,False,0.22999999999999998,6.204999999999999,6.038333333333333,0.7407578968025555
turbine_2,2026-01-11 11:00:00+00:00,48,0.9656534244071553,0.9656534244071553,False,False,0.9628097193702942,12.67,4.1,2026-01-09 19:00:00+00:00,40.0,2026-01-09 22:00:00,2026-01-10T00:00:00+05:00,2a6f2a66e223e6be653ab0a4290dc850422b9b180f37f21b129bd2db4237c833,gfs_seamless,False,0.2283333333333333,6.098333333333334,5.495,0.737320091073822
turbine_2,2026-01-11 12:00:00+00:00,48,0.9756464222974016,0.9756464222974016,False,False,0.9628097193702942,12.89,2.9,2026-01-09 19:00:00+00:00,41.0,2026-01-09 22:00:00,2026-01-10T00:00:00+05:00,2a6f2a66e223e6be653ab0a4290dc850422b9b180f37f21b129bd2db4237c833,gfs_seamless,False,0.19000000000000003,5.81,4.8,0.7856464222974016
turbine_2,2026-01-11 13:00:00+00:00,48,0.9596684244899855,0.9596684244899855,False,False,0.9521050347222223,11.96,2.9,2026-01-09 19:00:00+00:00,42.0,2026-01-09 22:00:00,2026-01-10T00:00:00+05:00,2a6f2a66e223e6be653ab0a4290dc850422b9b180f37f21b129bd2db4237c833,gfs_seamless,False,0.4583333333333333,7.493333333333333,5.670000000000001,0.5013350911566521
turbine_2,2026-01-11 14:00:00+00:00,48,0.9198787089521031,0.9198787089521031,False,False,0.9571649484536083,12.12,2.4,2026-01-09 19:00:00+00:00,43.0,2026-01-09 22:00:00,2026-01-10T00:00:00+05:00,2a6f2a66e223e6be653ab0a4290dc850422b9b180f37f21b129bd2db4237c833,gfs_seamless,False,0.46166666666666667,7.301666666666667,5.596666666666667,0.45821204228543644
turbine_2,2026-01-11 15:00:00+00:00,48,0.9787661730513866,0.9787661730513866,False,False,0.9628097193702942,12.85,1.6,2026-01-09 19:00:00+00:00,44.0,2026-01-09 22:00:00,2026-01-10T00:00:00+05:00,2a6f2a66e223e6be653ab0a4290dc850422b9b180f37f21b129bd2db4237c833,gfs_seamless,False,0.2866666666666667,6.241666666666667,3.813333333333334,0.69209950638472
turbine_2,2026-01-11 16:00:00+00:00,48,0.9759236661061721,0.9759236661061721,False,False,0.9628097193702942,12.62,1.3,2026-01-09 19:00:00+00:00,45.0,2026-01-09 22:00:00,2026-01-10T00:00:00+05:00,2a6f2a66e223e6be653ab0a4290dc850422b9b180f37f21b129bd2db4237c833,gfs_seamless,False,0.4916666666666667,7.503333333333333,3.875,0.4842569994395054
turbine_2,2026-01-11 17:00:00+00:00,48,0.9739158568886984,0.9739158568886984,False,False,0.9571649484536083,12.26,0.8,2026-01-09 19:00:00+00:00,46.0,2026-01-09 22:00:00,2026-01-10T00:00:00+05:00,2a6f2a66e223e6be653ab0a4290dc850422b9b180f37f21b129bd2db4237c833,gfs_seamless,False,0.5183333333333334,8.218333333333334,3.408333333333333,0.455582523555365
turbine_2,2026-01-11 18:00:00+00:00,48,0.9176064424132938,0.9176064424132938,False,False,0.8846255144032922,10.64,-0.1,2026-01-09 19:00:00+00:00,47.0,2026-01-09 22:00:00,2026-01-10T00:00:00+05:00,2a6f2a66e223e6be653ab0a4290dc850422b9b180f37f21b129bd2db4237c833,gfs_seamless,False,0.33,7.003333333333333,1.445,0.5876064424132939
turbine_2,2026-01-11 19:00:00+00:00,48,0.6364419135780522,0.6364419135780522,False,False,0.6154512471655329,8.81,-0.8,2026-01-09 19:00:00+00:00,48.0,2026-01-09 22:00:00,2026-01-10T00:00:00+05:00,2a6f2a66e223e6be653ab0a4290dc850422b9b180f37f21b129bd2db4237c833,gfs_seamless,False,0.49,7.636666666666667,1.955,0.14644191357805225
turbine_1,2026-01-10 20:00:00+00:00,24,0.9565946074325632,0.9565946074325632,False,False,0.9769763513513514,13.3,-0.9,2026-01-10 19:00:00+00:00,1.0,2026-01-10 22:00:00,2026-01-11T00:00:00+05:00,ee49a639910a46e220d7de54aeab6f17efbc5804458968dcbeef4c6a571a48a5,gfs_seamless,False,0.8983333333333333,10.176666666666668,-1.5983333333333334,0.058261274099229876
turbine_1,2026-01-10 21:00:00+00:00,24,0.9914265652950998,0.9914265652950998,False,False,0.9769763513513514,13.09,-1.4,2026-01-10 19:00:00+00:00,2.0,2026-01-10 22:00:00,2026-01-11T00:00:00+05:00,ee49a639910a46e220d7de54aeab6f17efbc5804458968dcbeef4c6a571a48a5,gfs_seamless,False,0.7116666666666666,8.641666666666667,-1.4866666666666666,0.2797598986284332
turbine_1,2026-01-10 22:00:00+00:00,24,0.9868972902433667,0.9868972902433667,False,False,0.9769763513513514,13.28,-1.6,2026-01-10 19:00:00+00:00,3.0,2026-01-10 22:00:00,2026-01-11T00:00:00+05:00,ee49a639910a46e220d7de54aeab6f17efbc5804458968dcbeef4c6a571a48a5,gfs_seamless,False,0.7716666666666666,9.095,-0.6583333333333333,0.2152306235767001
turbine_1,2026-01-10 23:00:00+00:00,24,0.9445059591368247,0.9445059591368247,False,False,0.9653976311336716,13.61,-1.3,2026-01-10 19:00:00+00:00,4.0,2026-01-10 22:00:00,2026-01-11T00:00:00+05:00,ee49a639910a46e220d7de54aeab6f17efbc5804458968dcbeef4c6a571a48a5,gfs_seamless,False,0.85,9.885,-0.61,0.09450595913682469
turbine_1,2026-01-11 00:00:00+00:00,24,0.9336806610437881,0.9336806610437881,False,False,0.9653976311336716,13.78,-1.2,2026-01-10 19:00:00+00:00,5.0,2026-01-10 22:00:00,2026-01-11T00:00:00+05:00,ee49a639910a46e220d7de54aeab6f17efbc5804458968dcbeef4c6a571a48a5,gfs_seamless,False,0.4683333333333333,7.343333333333334,-0.8833333333333333,0.4653473277104548
turbine_1,2026-01-11 01:00:00+00:00,24,0.9375115535160694,0.9375115535160694,False,False,0.9681453634085212,14.24,-1.6,2026-01-10 19:00:00+00:00,6.0,2026-01-10 22:00:00,2026-01-11T00:00:00+05:00,ee49a639910a46e220d7de54aeab6f17efbc5804458968dcbeef4c6a571a48a5,gfs_seamless,False,0.5533333333333333,7.673333333333333,-1.3483333333333334,0.38417822018273606
turbine_1,2026-01-11 02:00:00+00:00,24,0.9735773585172358,0.9735773585172358,False,False,0.961047619047619,14.72,-1.6,2026-01-10 19:00:00+00:00,7.0,2026-01-10 22:00:00,2026-01-11T00:00:00+05:00,ee49a639910a46e220d7de54aeab6f17efbc5804458968dcbeef4c6a571a48a5,gfs_seamless,False,0.48666666666666664,7.56,-1.3533333333333335,0.4869106918505692
turbine_1,2026-01-11 03:00:00+00:00,24,0.8597048264083451,0.8597048264083451,False,False,0.9681453634085212,14.25,-0.6,2026-01-10 19:00:00+00:00,8.0,2026-01-10 22:00:00,2026-01-11T00:00:00+05:00,ee49a639910a46e220d7de54aeab6f17efbc5804458968dcbeef4c6a571a48a5,gfs_seamless,False,0.21,5.84,-2.6133333333333333,0.6497048264083451
turbine_1,2026-01-11 04:00:00+00:00,24,0.9772484554128457,0.9772484554128457,False,False,0.9681453634085212,14.48,0.9,2026-01-10 19:00:00+00:00,9.0,2026-01-10 22:00:00,2026-01-11T00:00:00+05:00,ee49a639910a46e220d7de54aeab6f17efbc5804458968dcbeef4c6a571a48a5,gfs_seamless,False,0.325,6.4366666666666665,-1.8333333333333333,0.6522484554128456
turbine_1,2026-01-11 05:00:00+00:00,24,0.9626166948243251,0.9626166948243251,False,False,0.9681453634085212,14.09,3.3,2026-01-10 19:00:00+00:00,10.0,2026-01-10 22:00:00,2026-01-11T00:00:00+05:00,ee49a639910a46e220d7de54aeab6f17efbc5804458968dcbeef4c6a571a48a5,gfs_seamless,False,0.27999999999999997,6.473333333333334,-0.5766666666666667,0.6826166948243251
turbine_1,2026-01-11 06:00:00+00:00,24,1.0004984868342124,0.9983333333333334,True,False,0.9681453634085212,14.4,4.2,2026-01-10 19:00:00+00:00,11.0,2026-01-10 22:00:00,2026-01-11T00:00:00+05:00,ee49a639910a46e220d7de54aeab6f17efbc5804458968dcbeef4c6a571a48a5,gfs_seamless,False,0.4033333333333333,7.211666666666666,2.9250000000000003,0.5950000000000001
turbine_1,2026-01-11 07:00:00+00:00,24,0.9890012921004766,0.9890012921004766,False,False,0.961047619047619,14.73,6.4,2026-01-10 19:00:00+00:00,12.0,2026-01-10 22:00:00,2026-01-11T00:00:00+05:00,ee49a639910a46e220d7de54aeab6f17efbc5804458968dcbeef4c6a571a48a5,gfs_seamless,False,0.5966666666666667,8.523333333333333,5.598333333333333,0.3923346254338099
turbine_1,2026-01-11 08:00:00+00:00,24,0.9027645989532993,0.9027645989532993,False,False,0.9653976311336716,13.78,6.9,2026-01-10 19:00:00+00:00,13.0,2026-01-10 22:00:00,2026-01-11T00:00:00+05:00,ee49a639910a46e220d7de54aeab6f17efbc5804458968dcbeef4c6a571a48a5,gfs_seamless,False,0.6,8.459999999999999,6.881666666666667,0.3027645989532993
turbine_1,2026-01-11 09:00:00+00:00,24,0.9915906940442633,0.9915906940442633,False,False,0.9769763513513514,13.11,6.7,2026-01-10 19:00:00+00:00,14.0,2026-01-10 22:00:00,2026-01-11T00:00:00+05:00,ee49a639910a46e220d7de54aeab6f17efbc5804458968dcbeef4c6a571a48a5,gfs_seamless,False,0.31333333333333335,6.536666666666666,6.735,0.6782573607109299
turbine_1,2026-01-11 10:00:00+00:00,24,0.9864648057573404,0.9864648057573404,False,False,0.9669064191802009,12.58,5.9,2026-01-10 19:00:00+00:00,15.0,2026-01-10 22:00:00,2026-01-11T00:00:00+05:00,ee49a639910a46e220d7de54aeab6f17efbc5804458968dcbeef4c6a571a48a5,gfs_seamless,False,0.21833333333333335,5.9383333333333335,6.04,0.768131472424007
turbine_1,2026-01-11 11:00:00+00:00,24,0.9424079378597958,0.9424079378597958,False,False,0.9669064191802009,12.7,4.3,2026-01-10 19:00:00+00:00,16.0,2026-01-10 22:00:00,2026-01-11T00:00:00+05:00,ee49a639910a46e220d7de54aeab6f17efbc5804458968dcbeef4c6a571a48a5,gfs_seamless,False,0.27999999999999997,6.321666666666666,5.635000000000001,0.6624079378597958
turbine_1,2026-01-11 12:00:00+00:00,24,0.9854543842577761,0.9854543842577761,False,False,0.960176170607325,11.9,3.6,2026-01-10 19:00:00+00:00,17.0,2026-01-10 22:00:00,2026-01-11T00:00:00+05:00,ee49a639910a46e220d7de54aeab6f17efbc5804458968dcbeef4c6a571a48a5,gfs_seamless,False,0.2316666666666667,5.815,5.016666666666667,0.7537877175911094
turbine_1,2026-01-11 13:00:00+00:00,24,0.9851551899521406,0.9851551899521406,False,False,0.9580129390018484,12.04,2.7,2026-01-10 19:00:00+00:00,18.0,2026-01-10 22:00:00,2026-01-11T00:00:00+05:00,ee49a639910a46e220d7de54aeab6f17efbc5804458968dcbeef4c6a571a48a5,gfs_seamless,False,0.445,7.29,5.855,0.5401551899521406
turbine_1,2026-01-11 14:00:00+00:00,24,0.9854951530446606,0.9854951530446606,False,False,0.9580129390018484,12.04,2.3,2026-01-10 19:00:00+00:00,19.0,2026-01-10 22:00:00,2026-01-11T00:00:00+05:00,ee49a639910a46e220d7de54aeab6f17efbc5804458968dcbeef4c6a571a48a5,gfs_seamless,False,0.45166666666666666,7.0566666666666675,5.631666666666667,0.533828486377994
turbine_1,2026-01-11 15:00:00+00:00,24,0.9912720111221894,0.9912720111221894,False,False,0.9580129390018484,12.43,1.7,2026-01-10 19:00:00+00:00,20.0,2026-01-10 22:00:00,2026-01-11T00:00:00+05:00,ee49a639910a46e220d7de54aeab6f17efbc5804458968dcbeef4c6a571a48a5,gfs_seamless,False,0.27499999999999997,5.901666666666666,3.861666666666667,0.7162720111221894
turbine_1,2026-01-11 16:00:00+00:00,24,0.9840529681804208,0.9840529681804208,False,False,0.960176170607325,11.72,1.0,2026-01-10 19:00:00+00:00,21.0,2026-01-10 22:00:00,2026-01-11T00:00:00+05:00,ee49a639910a46e220d7de54aeab6f17efbc5804458968dcbeef4c6a571a48a5,gfs_seamless,False,0.6066666666666667,8.008333333333333,4.008333333333334,0.3773863015137541
turbine_1,2026-01-11 17:00:00+00:00,24,0.6888787287230341,0.6888787287230341,False,False,0.6263235294117647,8.94,-0.1,2026-01-10 19:00:00+00:00,22.0,2026-01-10 22:00:00,2026-01-11T00:00:00+05:00,ee49a639910a46e220d7de54aeab6f17efbc5804458968dcbeef4c6a571a48a5,gfs_seamless,False,0.5499999999999999,8.653333333333332,3.8166666666666664,0.1388787287230342
turbine_1,2026-01-11 18:00:00+00:00,24,0.3255284543112614,0.3255284543112614,False,False,0.3257441016333938,6.8,-0.4,2026-01-10 19:00:00+00:00,23.0,2026-01-10 22:00:00,2026-01-11T00:00:00+05:00,ee49a639910a46e220d7de54aeab6f17efbc5804458968dcbeef4c6a571a48a5,gfs_seamless,False,0.33166666666666667,7.06,1.7566666666666666,0.0061382123554052925
turbine_1,2026-01-11 19:00:00+00:00,24,0.22416797995462676,0.22416797995462676,False,False,0.2573200589970501,6.16,0.2,2026-01-10 19:00:00+00:00,24.0,2026-01-10 22:00:00,2026-01-11T00:00:00+05:00,ee49a639910a46e220d7de54aeab6f17efbc5804458968dcbeef4c6a571a48a5,gfs_seamless,False,0.58,8.19,2.23,0.3558320200453732
turbine_1,2026-01-11 20:00:00+00:00,48,0.4857192747531079,0.4857192747531079,False,False,0.4758455467869222,7.74,-0.6,2026-01-10 19:00:00+00:00,25.0,2026-01-10 22:00:00,2026-01-11T00:00:00+05:00,ee49a639910a46e220d7de54aeab6f17efbc5804458968dcbeef4c6a571a48a5,gfs_seamless,False,0.4033333333333333,6.984999999999999,2.078333333333333,0.08238594141977457
turbine_1,2026-01-11 21:00:00+00:00,48,0.30069488493143715,0.30069488493143715,False,False,0.3257441016333938,6.62,-0.6,2026-01-10 19:00:00+00:00,26.0,2026-01-10 22:00:00,2026-01-11T00:00:00+05:00,ee49a639910a46e220d7de54aeab6f17efbc5804458968dcbeef4c6a571a48a5,gfs_seamless,False,0.06833333333333334,3.831666666666667,2.145,0.2323615515981038
turbine_1,2026-01-11 22:00:00+00:00,48,0.21602695840974973,0.21602695840974973,False,False,0.2573200589970501,6.14,-0.6,2026-01-10 19:00:00+00:00,27.0,2026-01-10 22:00:00,2026-01-11T00:00:00+05:00,ee49a639910a46e220d7de54aeab6f17efbc5804458968dcbeef4c6a571a48a5,gfs_seamless,False,0.015,1.8766666666666667,1.36,0.2010269584097497
turbine_1,2026-01-11 23:00:00+00:00,48,0.13226387594064196,0.13226387594064196,False,False,0.1500159337157425,5.46,-0.0,2026-01-10 19:00:00+00:00,28.0,2026-01-10 22:00:00,2026-01-11T00:00:00+05:00,ee49a639910a46e220d7de54aeab6f17efbc5804458968dcbeef4c6a571a48a5,gfs_seamless,False,0.023333333333333334,3.225,-0.24833333333333332,0.10893054260730863
turbine_1,2026-01-12 00:00:00+00:00,48,0.0319580525070122,0.0319580525070122,False,False,0.058542360340362566,3.98,0.0,2026-01-10 19:00:00+00:00,29.0,2026-01-10 22:00:00,2026-01-11T00:00:00+05:00,ee49a639910a46e220d7de54aeab6f17efbc5804458968dcbeef4c6a571a48a5,gfs_seamless,False,0.01,1.2216666666666667,0.5616666666666666,0.021958052507012195
turbine_1,2026-01-12 01:00:00+00:00,48,0.012884757568037959,0.012884757568037959,False,False,0.025367428003972195,2.53,-0.8,2026-01-10 19:00:00+00:00,30.0,2026-01-10 22:00:00,2026-01-11T00:00:00+05:00,ee49a639910a46e220d7de54aeab6f17efbc5804458968dcbeef4c6a571a48a5,gfs_seamless,False,0.01,0.735,0.6749999999999999,0.0028847575680379586
turbine_1,2026-01-12 02:00:00+00:00,48,0.008665453875250223,0.008665453875250223,False,False,0.009960767218831736,1.4,-0.5,2026-01-10 19:00:00+00:00,31.0,2026-01-10 22:00:00,2026-01-11T00:00:00+05:00,ee49a639910a46e220d7de54aeab6f17efbc5804458968dcbeef4c6a571a48a5,gfs_seamless,False,0.01,1.27,1.7416666666666665,0.0013345461247497772
turbine_1,2026-01-12 03:00:00+00:00,48,0.009550357172888322,0.009550357172888322,False,False,0.009988907376594566,0.72,0.9,2026-01-10 19:00:00+00:00,32.0,2026-01-10 22:00:00,2026-01-11T00:00:00+05:00,ee49a639910a46e220d7de54aeab6f17efbc5804458968dcbeef4c6a571a48a5,gfs_seamless,False,0.01,2.5883333333333334,0.5783333333333333,0.00044964282711167786
turbine_1,2026-01-12 04:00:00+00:00,48,0.010322770850780181,0.010322770850780181,False,False,0.009988907376594566,0.72,3.6,2026-01-10 19:00:00+00:00,33.0,2026-01-10 22:00:00,2026-01-11T00:00:00+05:00,ee49a639910a46e220d7de54aeab6f17efbc5804458968dcbeef4c6a571a48a5,gfs_seamless,False,0.01,1.1183333333333334,2.183333333333333,0.0003227708507801807
turbine_1,2026-01-12 05:00:00+00:00,48,0.01038810479406895,0.01038810479406895,False,False,0.009960767218831736,1.22,5.1,2026-01-10 19:00:00+00:00,34.0,2026-01-10 22:00:00,2026-01-11T00:00:00+05:00,ee49a639910a46e220d7de54aeab6f17efbc5804458968dcbeef4c6a571a48a5,gfs_seamless,False,0.01,1.8116666666666668,3.59,0.0003881047940689497
turbine_1,2026-01-12 06:00:00+00:00,48,0.013094680226967591,0.013094680226967591,False,False,0.01607546593339444,2.35,5.9,2026-01-10 19:00:00+00:00,35.0,2026-01-10 22:00:00,2026-01-11T00:00:00+05:00,ee49a639910a46e220d7de54aeab6f17efbc5804458968dcbeef4c6a571a48a5,gfs_seamless,False,0.01,1.5283333333333333,4.835,0.0030946802269675912
turbine_1,2026-01-12 07:00:00+00:00,48,0.10797365934696193,0.10797365934696193,False,False,0.11277777777777777,4.9,6.9,2026-01-10 19:00:00+00:00,36.0,2026-01-10 22:00:00,2026-01-11T00:00:00+05:00,ee49a639910a46e220d7de54aeab6f17efbc5804458968dcbeef4c6a571a48a5,gfs_seamless,False,0.011666666666666667,2.1766666666666663,5.988333333333333,0.09630699268029526
turbine_1,2026-01-12 08:00:00+00:00,48,0.3863577721684546,0.3863577721684546,False,False,0.3988931788931789,7.17,8.1,2026-01-10 19:00:00+00:00,37.0,2026-01-10 22:00:00,2026-01-11T00:00:00+05:00,ee49a639910a46e220d7de54aeab6f17efbc5804458968dcbeef4c6a571a48a5,gfs_seamless,False,0.09666666666666668,4.905,6.971666666666667,0.28969110550178795
turbine_1,2026-01-12 09:00:00+00:00,48,0.5657242739187814,0.5657242739187814,False,False,0.5473923444976077,8.3,8.5,2026-01-10 19:00:00+00:00,38.0,2026-01-10 22:00:00,2026-01-11T00:00:00+05:00,ee49a639910a46e220d7de54aeab6f17efbc5804458968dcbeef4c6a571a48a5,gfs_seamless,False,0.16333333333333333,5.663333333333334,6.118333333333333,0.4023909405854481
turbine_1,2026-01-12 10:00:00+00:00,48,0.9356243425168752,0.9356243425168752,False,False,0.8927965043695381,10.81,8.7,2026-01-10 19:00:00+00:00,39.0,2026-01-10 22:00:00,2026-01-11T00:00:00+05:00,ee49a639910a46e220d7de54aeab6f17efbc5804458968dcbeef4c6a571a48a5,gfs_seamless,False,0.05666666666666667,3.8000000000000003,7.288333333333334,0.8789576758502086
turbine_1,2026-01-12 11:00:00+00:00,48,0.6896285259485675,0.6896285259485675,False,False,0.763874074074074,9.56,7.2,2026-01-10 19:00:00+00:00,40.0,2026-01-10 22:00:00,2026-01-11T00:00:00+05:00,ee49a639910a46e220d7de54aeab6f17efbc5804458968dcbeef4c6a571a48a5,gfs_seamless,False,0.15333333333333332,4.805,9.366666666666667,0.5362951926152342
turbine_1,2026-01-12 12:00:00+00:00,48,0.3602209744577605,0.3602209744577605,False,False,0.3257441016333938,6.95,6.3,2026-01-10 19:00:00+00:00,41.0,2026-01-10 22:00:00,2026-01-11T00:00:00+05:00,ee49a639910a46e220d7de54aeab6f17efbc5804458968dcbeef4c6a571a48a5,gfs_seamless,False,0.545,8.23,10.238333333333333,0.18477902554223952
turbine_1,2026-01-12 13:00:00+00:00,48,0.16466182792117703,0.16466182792117703,False,False,0.19637541806020067,5.6,5.9,2026-01-10 19:00:00+00:00,42.0,2026-01-10 22:00:00,2026-01-11T00:00:00+05:00,ee49a639910a46e220d7de54aeab6f17efbc5804458968dcbeef4c6a571a48a5,gfs_seamless,False,0.615,8.358333333333333,8.035,0.450338172078823
turbine_1,2026-01-12 14:00:00+00:00,48,0.06660058719608877,0.06660058719608877,False,False,0.08223615464994775,4.44,5.5,2026-01-10 19:00:00+00:00,43.0,2026-01-10 22:00:00,2026-01-11T00:00:00+05:00,ee49a639910a46e220d7de54aeab6f17efbc5804458968dcbeef4c6a571a48a5,gfs_seamless,False,0.58,8.315,7.913333333333334,0.5133994128039112
turbine_1,2026-01-12 15:00:00+00:00,48,0.121993799513809,0.121993799513809,False,False,0.1500159337157425,5.2,5.8,2026-01-10 19:00:00+00:00,44.0,2026-01-10 22:00:00,2026-01-11T00:00:00+05:00,ee49a639910a46e220d7de54aeab6f17efbc5804458968dcbeef4c6a571a48a5,gfs_seamless,False,0.5633333333333334,8.209999999999999,8.48,0.44133953381952434
turbine_1,2026-01-12 16:00:00+00:00,48,0.07221556313837287,0.07221556313837287,False,False,0.08223615464994775,4.33,6.0,2026-01-10 19:00:00+00:00,45.0,2026-01-10 22:00:00,2026-01-11T00:00:00+05:00,ee49a639910a46e220d7de54aeab6f17efbc5804458968dcbeef4c6a571a48a5,gfs_seamless,False,0.285,6.473333333333334,9.093333333333334,0.21278443686162712
turbine_1,2026-01-12 17:00:00+00:00,48,0.18244418331433884,0.18244418331433884,False,False,0.19637541806020067,5.75,5.3,2026-01-10 19:00:00+00:00,46.0,2026-01-10 22:00:00,2026-01-11T00:00:00+05:00,ee49a639910a46e220d7de54aeab6f17efbc5804458968dcbeef4c6a571a48a5,gfs_seamless,False,0.26333333333333336,6.373333333333334,9.006666666666666,0.08088915001899452
turbine_1,2026-01-12 18:00:00+00:00,48,0.008769249620560948,0.008769249620560948,False,False,0.009960767218831736,1.08,5.6,2026-01-10 19:00:00+00:00,47.0,2026-01-10 22:00:00,2026-01-11T00:00:00+05:00,ee49a639910a46e220d7de54aeab6f17efbc5804458968dcbeef4c6a571a48a5,gfs_seamless,False,0.11833333333333333,5.041666666666667,8.948333333333332,0.10956408371277239
turbine_1,2026-01-12 19:00:00+00:00,48,0.010323539881497942,0.010323539881497942,False,False,0.009960767218831736,1.22,4.2,2026-01-10 19:00:00+00:00,48.0,2026-01-10 22:00:00,2026-01-11T00:00:00+05:00,ee49a639910a46e220d7de54aeab6f17efbc5804458968dcbeef4c6a571a48a5,gfs_seamless,False,0.2233333333333333,5.965,9.365,0.21300979345183535
turbine_2,2026-01-10 20:00:00+00:00,24,0.9054334610885754,0.9054334610885754,False,False,0.9697865853658537,13.3,-0.9,2026-01-10 19:00:00+00:00,1.0,2026-01-10 22:00:00,2026-01-11T00:00:00+05:00,b806b9ce3fff0b616fa68179a752fd0afe12933d671de82cec69b153e2eebdaf,gfs_seamless,False,0.9183333333333333,10.446666666666667,-1.3933333333333333,0.01289987224475797
turbine_2,2026-01-10 21:00:00+00:00,24,0.9688566476761122,0.9688566476761122,False,False,0.9697865853658537,13.09,-1.4,2026-01-10 19:00:00+00:00,2.0,2026-01-10 22:00:00,2026-01-11T00:00:00+05:00,b806b9ce3fff0b616fa68179a752fd0afe12933d671de82cec69b153e2eebdaf,gfs_seamless,False,0.6933333333333334,8.785,-1.3583333333333334,0.2755233143427789
turbine_2,2026-01-10 22:00:00+00:00,24,0.955881332463707,0.955881332463707,False,False,0.9697865853658537,13.28,-1.6,2026-01-10 19:00:00+00:00,3.0,2026-01-10 22:00:00,2026-01-11T00:00:00+05:00,b806b9ce3fff0b616fa68179a752fd0afe12933d671de82cec69b153e2eebdaf,gfs_seamless,False,0.6866666666666666,8.758333333333333,-0.5083333333333333,0.26921466579704034
turbine_2,2026-01-10 23:00:00+00:00,24,0.9498950766298916,0.9498950766298916,False,False,0.9608080808080809,13.61,-1.3,2026-01-10 19:00:00+00:00,4.0,2026-01-10 22:00:00,2026-01-11T00:00:00+05:00,b806b9ce3fff0b616fa68179a752fd0afe12933d671de82cec69b153e2eebdaf,gfs_seamless,False,0.8233333333333334,9.911666666666667,-0.40166666666666667,0.12656174329655823
turbine_2,2026-01-11 00:00:00+00:00,24,0.964189234923201,0.964189234923201,False,False,0.9608080808080809,13.78,-1.2,2026-01-10 19:00:00+00:00,5.0,2026-01-10 22:00:00,2026-01-11T00:00:00+05:00,b806b9ce3fff0b616fa68179a752fd0afe12933d671de82cec69b153e2eebdaf,gfs_seamless,False,0.48,7.585,-0.8033333333333333,0.484189234923201
turbine_2,2026-01-11 01:00:00+00:00,24,0.9010563470205568,0.9010563470205568,False,False,0.9600239808153477,14.24,-1.6,2026-01-10 19:00:00+00:00,6.0,2026-01-10 22:00:00,2026-01-11T00:00:00+05:00,b806b9ce3fff0b616fa68179a752fd0afe12933d671de82cec69b153e2eebdaf,gfs_seamless,False,0.5533333333333333,7.921666666666667,-1.3266666666666664,0.34772301368722347
turbine_2,2026-01-11 02:00:00+00:00,24,0.9092687515638509,0.9092687515638509,False,False,0.9623423423423424,14.72,-1.6,2026-01-10 19:00:00+00:00,7.0,2026-01-10 22:00:00,2026-01-11T00:00:00+05:00,b806b9ce3fff0b616fa68179a752fd0afe12933d671de82cec69b153e2eebdaf,gfs_seamless,False,0.445,7.3566666666666665,-1.3533333333333335,0.4642687515638509
turbine_2,2026-01-11 03:00:00+00:00,24,0.818395657001905,0.818395657001905,False,False,0.9600239808153477,14.25,-0.6,2026-01-10 19:00:00+00:00,8.0,2026-01-10 22:00:00,2026-01-11T00:00:00+05:00,b806b9ce3fff0b616fa68179a752fd0afe12933d671de82cec69b153e2eebdaf,gfs_seamless,False,0.21666666666666667,6.010000000000001,-2.691666666666667,0.6017289903352383
turbine_2,2026-01-11 04:00:00+00:00,24,0.9568927895427187,0.9568927895427187,False,False,0.9600239808153477,14.48,0.9,2026-01-10 19:00:00+00:00,9.0,2026-01-10 22:00:00,2026-01-11T00:00:00+05:00,b806b9ce3fff0b616fa68179a752fd0afe12933d671de82cec69b153e2eebdaf,gfs_seamless,False,0.3233333333333333,6.670000000000001,-2.0883333333333334,0.6335594562093854
turbine_2,2026-01-11 05:00:00+00:00,24,0.965292079213414,0.965292079213414,False,False,0.9600239808153477,14.09,3.3,2026-01-10 19:00:00+00:00,10.0,2026-01-10 22:00:00,2026-01-11T00:00:00+05:00,b806b9ce3fff0b616fa68179a752fd0afe12933d671de82cec69b153e2eebdaf,gfs_seamless,False,0.26333333333333336,6.3066666666666675,-0.5933333333333334,0.7019587458800807
turbine_2,2026-01-11 06:00:00+00:00,24,0.9800435503017701,0.9800435503017701,False,False,0.9600239808153477,14.4,4.2,2026-01-10 19:00:00+00:00,11.0,2026-01-10 22:00:00,2026-01-11T00:00:00+05:00,b806b9ce3fff0b616fa68179a752fd0afe12933d671de82cec69b153e2eebdaf,gfs_seamless,False,0.39666666666666667,7.285,2.893333333333333,0.5833768836351034
turbine_2,2026-01-11 07:00:00+00:00,24,0.9719403356343813,0.9719403356343813,False,False,0.9623423423423424,14.73,6.4,2026-01-10 19:00:00+00:00,12.0,2026-01-10 22:00:00,2026-01-11T00:00:00+05:00,b806b9ce3fff0b616fa68179a752fd0afe12933d671de82cec69b153e2eebdaf,gfs_seamless,False,0.6766666666666666,9.125,5.505,0.2952736689677147
turbine_2,2026-01-11 08:00:00+00:00,24,0.9755368632520673,0.9755368632520673,False,False,0.9608080808080809,13.78,6.9,2026-01-10 19:00:00+00:00,13.0,2026-01-10 22:00:00,2026-01-11T00:00:00+05:00,b806b9ce3fff0b616fa68179a752fd0afe12933d671de82cec69b153e2eebdaf,gfs_seamless,False,0.6016666666666667,8.6,7.04,0.37387019658540066
turbine_2,2026-01-11 09:00:00+00:00,24,0.9721902293820054,0.9721902293820054,False,False,0.9697865853658537,13.11,6.7,2026-01-10 19:00:00+00:00,14.0,2026-01-10 22:00:00,2026-01-11T00:00:00+05:00,b806b9ce3fff0b616fa68179a752fd0afe12933d671de82cec69b153e2eebdaf,gfs_seamless,False,0.27499999999999997,6.531666666666666,6.836666666666667,0.6971902293820054
turbine_2,2026-01-11 10:00:00+00:00,24,0.960082776385015,0.960082776385015,False,False,0.9628097193702942,12.58,5.9,2026-01-10 19:00:00+00:00,15.0,2026-01-10 22:00:00,2026-01-11T00:00:00+05:00,b806b9ce3fff0b616fa68179a752fd0afe12933d671de82cec69b153e2eebdaf,gfs_seamless,False,0.22999999999999998,6.204999999999999,6.038333333333333,0.7300827763850151
turbine_2,2026-01-11 11:00:00+00:00,24,0.9602787887758995,0.9602787887758995,False,False,0.9628097193702942,12.7,4.3,2026-01-10 19:00:00+00:00,16.0,2026-01-10 22:00:00,2026-01-11T00:00:00+05:00,b806b9ce3fff0b616fa68179a752fd0afe12933d671de82cec69b153e2eebdaf,gfs_seamless,False,0.2283333333333333,6.098333333333334,5.495,0.7319454554425662
turbine_2,2026-01-11 12:00:00+00:00,24,0.9628213566731209,0.9628213566731209,False,False,0.9521050347222223,11.9,3.6,2026-01-10 19:00:00+00:00,17.0,2026-01-10 22:00:00,2026-01-11T00:00:00+05:00,b806b9ce3fff0b616fa68179a752fd0afe12933d671de82cec69b153e2eebdaf,gfs_seamless,False,0.19000000000000003,5.81,4.8,0.7728213566731208
turbine_2,2026-01-11 13:00:00+00:00,24,0.9718703381216871,0.9718703381216871,False,False,0.9571649484536083,12.04,2.7,2026-01-10 19:00:00+00:00,18.0,2026-01-10 22:00:00,2026-01-11T00:00:00+05:00,b806b9ce3fff0b616fa68179a752fd0afe12933d671de82cec69b153e2eebdaf,gfs_seamless,False,0.4583333333333333,7.493333333333333,5.670000000000001,0.5135370047883538
turbine_2,2026-01-11 14:00:00+00:00,24,0.9736618400177041,0.9736618400177041,False,False,0.9571649484536083,12.04,2.3,2026-01-10 19:00:00+00:00,19.0,2026-01-10 22:00:00,2026-01-11T00:00:00+05:00,b806b9ce3fff0b616fa68179a752fd0afe12933d671de82cec69b153e2eebdaf,gfs_seamless,False,0.46166666666666667,7.301666666666667,5.596666666666667,0.5119951733510374
turbine_2,2026-01-11 15:00:00+00:00,24,0.9784826848437125,0.9784826848437125,False,False,0.9571649484536083,12.43,1.7,2026-01-10 19:00:00+00:00,20.0,2026-01-10 22:00:00,2026-01-11T00:00:00+05:00,b806b9ce3fff0b616fa68179a752fd0afe12933d671de82cec69b153e2eebdaf,gfs_seamless,False,0.2866666666666667,6.241666666666667,3.813333333333334,0.6918160181770459
turbine_2,2026-01-11 16:00:00+00:00,24,0.9745784917207428,0.9745784917207428,False,False,0.9521050347222223,11.72,1.0,2026-01-10 19:00:00+00:00,21.0,2026-01-10 22:00:00,2026-01-11T00:00:00+05:00,b806b9ce3fff0b616fa68179a752fd0afe12933d671de82cec69b153e2eebdaf,gfs_seamless,False,0.4916666666666667,7.503333333333333,3.875,0.48291182505407615
turbine_2,2026-01-11 17:00:00+00:00,24,0.6571084951039071,0.6571084951039071,False,False,0.6154512471655329,8.94,-0.1,2026-01-10 19:00:00+00:00,22.0,2026-01-10 22:00:00,2026-01-11T00:00:00+05:00,b806b9ce3fff0b616fa68179a752fd0afe12933d671de82cec69b153e2eebdaf,gfs_seamless,False,0.5183333333333334,8.218333333333334,3.408333333333333,0.1387751617705737
turbine_2,2026-01-11 18:00:00+00:00,24,0.3117558893899725,0.3117558893899725,False,False,0.3144930739758326,6.8,-0.4,2026-01-10 19:00:00+00:00,23.0,2026-01-10 22:00:00,2026-01-11T00:00:00+05:00,b806b9ce3fff0b616fa68179a752fd0afe12933d671de82cec69b153e2eebdaf,gfs_seamless,False,0.33,7.003333333333333,1.445,0.01824411061002751
turbine_2,2026-01-11 19:00:00+00:00,24,0.21530852100841114,0.21530852100841114,False,False,0.24726149914821127,6.16,0.2,2026-01-10 19:00:00+00:00,24.0,2026-01-10 22:00:00,2026-01-11T00:00:00+05:00,b806b9ce3fff0b616fa68179a752fd0afe12933d671de82cec69b153e2eebdaf,gfs_seamless,False,0.49,7.636666666666667,1.955,0.27469147899158886
turbine_2,2026-01-11 20:00:00+00:00,48,0.44870034597391495,0.44870034597391495,False,False,0.46006376195536663,7.74,-0.6,2026-01-10 19:00:00+00:00,25.0,2026-01-10 22:00:00,2026-01-11T00:00:00+05:00,b806b9ce3fff0b616fa68179a752fd0afe12933d671de82cec69b153e2eebdaf,gfs_seamless,False,0.3933333333333333,7.218333333333334,2.1133333333333333,0.055367012640581637
turbine_2,2026-01-11 21:00:00+00:00,48,0.2738739001009765,0.2738739001009765,False,False,0.3144930739758326,6.62,-0.6,2026-01-10 19:00:00+00:00,26.0,2026-01-10 22:00:00,2026-01-11T00:00:00+05:00,b806b9ce3fff0b616fa68179a752fd0afe12933d671de82cec69b153e2eebdaf,gfs_seamless,False,0.04666666666666667,3.716666666666667,2.0733333333333333,0.22720723343430985
turbine_2,2026-01-11 22:00:00+00:00,48,0.19184027218734528,0.19184027218734528,False,False,0.24726149914821127,6.14,-0.6,2026-01-10 19:00:00+00:00,27.0,2026-01-10 22:00:00,2026-01-11T00:00:00+05:00,b806b9ce3fff0b616fa68179a752fd0afe12933d671de82cec69b153e2eebdaf,gfs_seamless,False,0.01,1.4116666666666664,1.235,0.18184027218734528
turbine_2,2026-01-11 23:00:00+00:00,48,0.11626028686022637,0.11626028686022637,False,False,0.14419587945879458,5.46,-0.0,2026-01-10 19:00:00+00:00,28.0,2026-01-10 22:00:00,2026-01-11T00:00:00+05:00,b806b9ce3fff0b616fa68179a752fd0afe12933d671de82cec69b153e2eebdaf,gfs_seamless,False,0.011666666666666667,3.22,-0.5466666666666666,0.1045936201935597
turbine_2,2026-01-12 00:00:00+00:00,48,0.0277533914008994,0.0277533914008994,False,False,0.05572053165442462,3.98,0.0,2026-01-10 19:00:00+00:00,29.0,2026-01-10 22:00:00,2026-01-11T00:00:00+05:00,b806b9ce3fff0b616fa68179a752fd0afe12933d671de82cec69b153e2eebdaf,gfs_seamless,False,0.01,1.0283333333333333,0.10166666666666664,0.017753391400899397
turbine_2,2026-01-12 01:00:00+00:00,48,0.010903827205310225,0.010903827205310225,False,False,0.024097732843137255,2.53,-0.8,2026-01-10 19:00:00+00:00,30.0,2026-01-10 22:00:00,2026-01-11T00:00:00+05:00,b806b9ce3fff0b616fa68179a752fd0afe12933d671de82cec69b153e2eebdaf,gfs_seamless,False,0.01,1.0433333333333332,0.33,0.0009038272053102248
turbine_2,2026-01-12 02:00:00+00:00,48,0.008480769554833189,0.008480769554833189,False,False,0.009705387205387205,1.4,-0.5,2026-01-10 19:00:00+00:00,31.0,2026-01-10 22:00:00,2026-01-11T00:00:00+05:00,b806b9ce3fff0b616fa68179a752fd0afe12933d671de82cec69b153e2eebdaf,gfs_seamless,False,0.01,1.3583333333333334,1.095,0.0015192304451668113
turbine_2,2026-01-12 03:00:00+00:00,48,0.009187867323406531,0.009187867323406531,False,False,0.009930555555555557,0.72,0.9,2026-01-10 19:00:00+00:00,32.0,2026-01-10 22:00:00,2026-01-11T00:00:00+05:00,b806b9ce3fff0b616fa68179a752fd0afe12933d671de82cec69b153e2eebdaf,gfs_seamless,False,0.01,2.3216666666666668,0.2916666666666667,0.0008121326765934689
turbine_2,2026-01-12 04:00:00+00:00,48,0.009359166808267419,0.009359166808267419,False,False,0.009930555555555557,0.72,3.6,2026-01-10 19:00:00+00:00,33.0,2026-01-10 22:00:00,2026-01-11T00:00:00+05:00,b806b9ce3fff0b616fa68179a752fd0afe12933d671de82cec69b153e2eebdaf,gfs_seamless,False,0.01,1.0516666666666667,1.9666666666666668,0.0006408331917325816
turbine_2,2026-01-12 05:00:00+00:00,48,0.01009395032379447,0.01009395032379447,False,False,0.009705387205387205,1.22,5.1,2026-01-10 19:00:00+00:00,34.0,2026-01-10 22:00:00,2026-01-11T00:00:00+05:00,b806b9ce3fff0b616fa68179a752fd0afe12933d671de82cec69b153e2eebdaf,gfs_seamless,False,0.01,1.625,3.1,9.39503237944693e-05
turbine_2,2026-01-12 06:00:00+00:00,48,0.013167460119736277,0.013167460119736277,False,False,0.014649505526468877,2.35,5.9,2026-01-10 19:00:00+00:00,35.0,2026-01-10 22:00:00,2026-01-11T00:00:00+05:00,b806b9ce3fff0b616fa68179a752fd0afe12933d671de82cec69b153e2eebdaf,gfs_seamless,False,0.01,1.4466666666666665,4.923333333333333,0.003167460119736277
turbine_2,2026-01-12 07:00:00+00:00,48,0.10073082644433475,0.10073082644433475,False,False,0.10637109254100897,4.9,6.9,2026-01-10 19:00:00+00:00,36.0,2026-01-10 22:00:00,2026-01-11T00:00:00+05:00,b806b9ce3fff0b616fa68179a752fd0afe12933d671de82cec69b153e2eebdaf,gfs_seamless,False,0.008333333333333333,2.1283333333333334,5.913333333333333,0.09239749311100141
turbine_2,2026-01-12 08:00:00+00:00,48,0.377341887400521,0.377341887400521,False,False,0.38885538261997404,7.17,8.1,2026-01-10 19:00:00+00:00,37.0,2026-01-10 22:00:00,2026-01-11T00:00:00+05:00,b806b9ce3fff0b616fa68179a752fd0afe12933d671de82cec69b153e2eebdaf,gfs_seamless,False,0.10333333333333333,5.18,6.918333333333333,0.27400855406718766
turbine_2,2026-01-12 09:00:00+00:00,48,0.5766744480646584,0.5766744480646584,False,False,0.5339426298157454,8.3,8.5,2026-01-10 19:00:00+00:00,38.0,2026-01-10 22:00:00,2026-01-11T00:00:00+05:00,b806b9ce3fff0b616fa68179a752fd0afe12933d671de82cec69b153e2eebdaf,gfs_seamless,False,0.19000000000000003,6.026666666666667,5.903333333333333,0.38667444806465834
turbine_2,2026-01-12 10:00:00+00:00,48,0.9211910094821385,0.9211910094821385,False,False,0.8846255144032922,10.81,8.7,2026-01-10 19:00:00+00:00,39.0,2026-01-10 22:00:00,2026-01-11T00:00:00+05:00,b806b9ce3fff0b616fa68179a752fd0afe12933d671de82cec69b153e2eebdaf,gfs_seamless,False,0.06666666666666667,4.181666666666667,7.163333333333334,0.8545243428154718
turbine_2,2026-01-12 11:00:00+00:00,48,0.7565725089783302,0.7565725089783302,False,False,0.7524465971187282,9.56,7.2,2026-01-10 19:00:00+00:00,40.0,2026-01-10 22:00:00,2026-01-11T00:00:00+05:00,b806b9ce3fff0b616fa68179a752fd0afe12933d671de82cec69b153e2eebdaf,gfs_seamless,False,0.13666666666666666,4.523333333333333,9.153333333333334,0.6199058423116635
turbine_2,2026-01-12 12:00:00+00:00,48,0.33586507203279103,0.33586507203279103,False,False,0.3144930739758326,6.95,6.3,2026-01-10 19:00:00+00:00,41.0,2026-01-10 22:00:00,2026-01-11T00:00:00+05:00,b806b9ce3fff0b616fa68179a752fd0afe12933d671de82cec69b153e2eebdaf,gfs_seamless,False,0.5816666666666667,8.391666666666667,10.215,0.24580159463387563
turbine_2,2026-01-12 13:00:00+00:00,48,0.15267425189990522,0.15267425189990522,False,False,0.18934982427683159,5.6,5.9,2026-01-10 19:00:00+00:00,42.0,2026-01-10 22:00:00,2026-01-11T00:00:00+05:00,b806b9ce3fff0b616fa68179a752fd0afe12933d671de82cec69b153e2eebdaf,gfs_seamless,False,0.6233333333333334,8.556666666666667,8.063333333333334,0.47065908143342816
turbine_2,2026-01-12 14:00:00+00:00,48,0.06690886583736778,0.06690886583736778,False,False,0.07938995618469835,4.44,5.5,2026-01-10 19:00:00+00:00,43.0,2026-01-10 22:00:00,2026-01-11T00:00:00+05:00,b806b9ce3fff0b616fa68179a752fd0afe12933d671de82cec69b153e2eebdaf,gfs_seamless,False,0.59,8.488333333333333,7.9316666666666675,0.5230911341626322
turbine_2,2026-01-12 15:00:00+00:00,48,0.11120765963766091,0.11120765963766091,False,False,0.14419587945879458,5.2,5.8,2026-01-10 19:00:00+00:00,44.0,2026-01-10 22:00:00,2026-01-11T00:00:00+05:00,b806b9ce3fff0b616fa68179a752fd0afe12933d671de82cec69b153e2eebdaf,gfs_seamless,False,0.5683333333333334,8.354999999999999,8.48,0.4571256736956725
turbine_2,2026-01-12 16:00:00+00:00,48,0.06324737885165477,0.06324737885165477,False,False,0.07938995618469835,4.33,6.0,2026-01-10 19:00:00+00:00,45.0,2026-01-10 22:00:00,2026-01-11T00:00:00+05:00,b806b9ce3fff0b616fa68179a752fd0afe12933d671de82cec69b153e2eebdaf,gfs_seamless,False,0.285,6.5249999999999995,9.031666666666666,0.2217526211483452
turbine_2,2026-01-12 17:00:00+00:00,48,0.16342200771782772,0.16342200771782772,False,False,0.18934982427683159,5.75,5.3,2026-01-10 19:00:00+00:00,46.0,2026-01-10 22:00:00,2026-01-11T00:00:00+05:00,b806b9ce3fff0b616fa68179a752fd0afe12933d671de82cec69b153e2eebdaf,gfs_seamless,False,0.26666666666666666,6.4433333333333325,8.923333333333334,0.10324465894883894
turbine_2,2026-01-12 18:00:00+00:00,48,0.009684411200654731,0.009684411200654731,False,False,0.009705387205387205,1.08,5.6,2026-01-10 19:00:00+00:00,47.0,2026-01-10 22:00:00,2026-01-11T00:00:00+05:00,b806b9ce3fff0b616fa68179a752fd0afe12933d671de82cec69b153e2eebdaf,gfs_seamless,False,0.115,5.113333333333333,8.818333333333333,0.10531558879934527
turbine_2,2026-01-12 19:00:00+00:00,48,0.00946492317404747,0.00946492317404747,False,False,0.009705387205387205,1.22,4.2,2026-01-10 19:00:00+00:00,48.0,2026-01-10 22:00:00,2026-01-11T00:00:00+05:00,b806b9ce3fff0b616fa68179a752fd0afe12933d671de82cec69b153e2eebdaf,gfs_seamless,False,0.22166666666666668,6.086666666666666,9.258333333333333,0.21220174349261922
turbine_1,2026-01-11 20:00:00+00:00,24,0.14452794657928109,0.14452794657928109,False,False,0.1965,5.57,0.1,2026-01-11 19:00:00+00:00,1.0,2026-01-11 22:00:00,2026-01-12T00:00:00+05:00,fcb07f16ccece23161bc94ceaf6ecd81a18af4225f69358cddb00b063e3d484e,gfs_seamless,False,0.4033333333333333,6.984999999999999,2.078333333333333,0.25880538675405224
turbine_1,2026-01-11 21:00:00+00:00,24,0.034370031723934054,0.034370031723934054,False,False,0.08223615464994775,4.06,-0.0,2026-01-11 19:00:00+00:00,2.0,2026-01-11 22:00:00,2026-01-12T00:00:00+05:00,fcb07f16ccece23161bc94ceaf6ecd81a18af4225f69358cddb00b063e3d484e,gfs_seamless,False,0.06833333333333334,3.831666666666667,2.145,0.03396330160939929
turbine_1,2026-01-11 22:00:00+00:00,24,0.020925947666710853,0.020925947666710853,False,False,0.040409074669524835,3.47,-0.5,2026-01-11 19:00:00+00:00,3.0,2026-01-11 22:00:00,2026-01-12T00:00:00+05:00,fcb07f16ccece23161bc94ceaf6ecd81a18af4225f69358cddb00b063e3d484e,gfs_seamless,False,0.015,1.8766666666666667,1.36,0.005925947666710854
turbine_1,2026-01-11 23:00:00+00:00,24,0.010827233289593511,0.010827233289593511,False,False,0.01607546593339444,2.26,-0.8,2026-01-11 19:00:00+00:00,4.0,2026-01-11 22:00:00,2026-01-12T00:00:00+05:00,fcb07f16ccece23161bc94ceaf6ecd81a18af4225f69358cddb00b063e3d484e,gfs_seamless,False,0.023333333333333334,3.225,-0.24833333333333332,0.012506100043739823
turbine_1,2026-01-12 00:00:00+00:00,24,0.00949830936441337,0.00949830936441337,False,False,0.009960767218831736,1.3,1.1,2026-01-11 19:00:00+00:00,5.0,2026-01-11 22:00:00,2026-01-12T00:00:00+05:00,fcb07f16ccece23161bc94ceaf6ecd81a18af4225f69358cddb00b063e3d484e,gfs_seamless,False,0.01,1.2216666666666667,0.5616666666666666,0.000501690635586631
turbine_1,2026-01-12 01:00:00+00:00,24,0.00949830936441337,0.00949830936441337,False,False,0.009988907376594566,0.71,1.2,2026-01-11 19:00:00+00:00,6.0,2026-01-11 22:00:00,2026-01-12T00:00:00+05:00,fcb07f16ccece23161bc94ceaf6ecd81a18af4225f69358cddb00b063e3d484e,gfs_seamless,False,0.01,0.735,0.6749999999999999,0.000501690635586631
turbine_1,2026-01-12 02:00:00+00:00,24,0.009366684368952598,0.009366684368952598,False,False,0.009988907376594566,0.6,0.5,2026-01-11 19:00:00+00:00,7.0,2026-01-11 22:00:00,2026-01-12T00:00:00+05:00,fcb07f16ccece23161bc94ceaf6ecd81a18af4225f69358cddb00b063e3d484e,gfs_seamless,False,0.01,1.27,1.7416666666666665,0.0006333156310474024
turbine_1,2026-01-12 03:00:00+00:00,24,0.009710670662978335,0.009710670662978335,False,False,0.009960767218831736,1.27,1.9,2026-01-11 19:00:00+00:00,8.0,2026-01-11 22:00:00,2026-01-12T00:00:00+05:00,fcb07f16ccece23161bc94ceaf6ecd81a18af4225f69358cddb00b063e3d484e,gfs_seamless,False,0.01,2.5883333333333334,0.5783333333333333,0.0002893293370216654
turbine_1,2026-01-12 04:00:00+00:00,24,0.02172249565294881,0.02172249565294881,False,False,0.040409074669524835,3.03,3.3,2026-01-11 19:00:00+00:00,9.0,2026-01-11 22:00:00,2026-01-12T00:00:00+05:00,fcb07f16ccece23161bc94ceaf6ecd81a18af4225f69358cddb00b063e3d484e,gfs_seamless,False,0.01,1.1183333333333334,2.183333333333333,0.01172249565294881
turbine_1,2026-01-12 05:00:00+00:00,24,0.029624656039349533,0.029624656039349533,False,False,0.040409074669524835,3.49,4.6,2026-01-11 19:00:00+00:00,10.0,2026-01-11 22:00:00,2026-01-12T00:00:00+05:00,fcb07f16ccece23161bc94ceaf6ecd81a18af4225f69358cddb00b063e3d484e,gfs_seamless,False,0.01,1.8116666666666668,3.59,0.019624656039349535
turbine_1,2026-01-12 06:00:00+00:00,24,0.010192750706427731,0.010192750706427731,False,False,0.009988907376594566,0.61,6.4,2026-01-11 19:00:00+00:00,11.0,2026-01-11 22:00:00,2026-01-12T00:00:00+05:00,fcb07f16ccece23161bc94ceaf6ecd81a18af4225f69358cddb00b063e3d484e,gfs_seamless,False,0.01,1.5283333333333333,4.835,0.00019275070642773076
turbine_1,2026-01-12 07:00:00+00:00,24,0.02253595554359812,0.02253595554359812,False,False,0.040409074669524835,3.01,7.1,2026-01-11 19:00:00+00:00,12.0,2026-01-11 22:00:00,2026-01-12T00:00:00+05:00,fcb07f16ccece23161bc94ceaf6ecd81a18af4225f69358cddb00b063e3d484e,gfs_seamless,False,0.011666666666666667,2.1766666666666663,5.988333333333333,0.010869288876931454
turbine_1,2026-01-12 08:00:00+00:00,24,0.03897869964682262,0.03897869964682262,False,False,0.058542360340362566,3.7,8.0,2026-01-11 19:00:00+00:00,13.0,2026-01-11 22:00:00,2026-01-12T00:00:00+05:00,fcb07f16ccece23161bc94ceaf6ecd81a18af4225f69358cddb00b063e3d484e,gfs_seamless,False,0.09666666666666668,4.905,6.971666666666667,0.05768796701984406
turbine_1,2026-01-12 09:00:00+00:00,24,0.04924563940369493,0.04924563940369493,False,False,0.058542360340362566,3.91,8.1,2026-01-11 19:00:00+00:00,14.0,2026-01-11 22:00:00,2026-01-12T00:00:00+05:00,fcb07f16ccece23161bc94ceaf6ecd81a18af4225f69358cddb00b063e3d484e,gfs_seamless,False,0.16333333333333333,5.663333333333334,6.118333333333333,0.1140876939296384
turbine_1,2026-01-12 10:00:00+00:00,24,0.032281057653172,0.032281057653172,False,False,0.040409074669524835,3.42,7.4,2026-01-11 19:00:00+00:00,15.0,2026-01-11 22:00:00,2026-01-12T00:00:00+05:00,fcb07f16ccece23161bc94ceaf6ecd81a18af4225f69358cddb00b063e3d484e,gfs_seamless,False,0.05666666666666667,3.8000000000000003,7.288333333333334,0.024385609013494673
turbine_1,2026-01-12 11:00:00+00:00,24,0.036580762966349906,0.036580762966349906,False,False,0.058542360340362566,3.51,6.6,2026-01-11 19:00:00+00:00,16.0,2026-01-11 22:00:00,2026-01-12T00:00:00+05:00,fcb07f16ccece23161bc94ceaf6ecd81a18af4225f69358cddb00b063e3d484e,gfs_seamless,False,0.15333333333333332,4.805,9.366666666666667,0.11675257036698342
turbine_1,2026-01-12 12:00:00+00:00,24,0.6415299669891976,0.6415299669891976,False,False,0.6262933138116155,8.61,5.9,2026-01-11 19:00:00+00:00,17.0,2026-01-11 22:00:00,2026-01-12T00:00:00+05:00,fcb07f16ccece23161bc94ceaf6ecd81a18af4225f69358cddb00b063e3d484e,gfs_seamless,False,0.545,8.23,10.238333333333333,0.09652996698919758
turbine_1,2026-01-12 13:00:00+00:00,24,0.33026234685749295,0.33026234685749295,False,False,0.32573284980356604,6.71,5.3,2026-01-11 19:00:00+00:00,18.0,2026-01-11 22:00:00,2026-01-12T00:00:00+05:00,fcb07f16ccece23161bc94ceaf6ecd81a18af4225f69358cddb00b063e3d484e,gfs_seamless,False,0.615,8.358333333333333,8.035,0.28473765314250704
turbine_1,2026-01-12 14:00:00+00:00,24,0.2248608192072314,0.2248608192072314,False,False,0.257419829361577,6.02,4.9,2026-01-11 19:00:00+00:00,19.0,2026-01-11 22:00:00,2026-01-12T00:00:00+05:00,fcb07f16ccece23161bc94ceaf6ecd81a18af4225f69358cddb00b063e3d484e,gfs_seamless,False,0.58,8.315,7.913333333333334,0.35513918079276857
turbine_1,2026-01-12 15:00:00+00:00,24,0.0848100142394391,0.0848100142394391,False,False,0.11277777777777777,4.64,5.0,2026-01-11 19:00:00+00:00,20.0,2026-01-11 22:00:00,2026-01-12T00:00:00+05:00,fcb07f16ccece23161bc94ceaf6ecd81a18af4225f69358cddb00b063e3d484e,gfs_seamless,False,0.5633333333333334,8.209999999999999,8.48,0.47852331909389423
turbine_1,2026-01-12 16:00:00+00:00,24,0.044535484393503216,0.044535484393503216,False,False,0.058542360340362566,3.98,5.1,2026-01-11 19:00:00+00:00,21.0,2026-01-11 22:00:00,2026-01-12T00:00:00+05:00,fcb07f16ccece23161bc94ceaf6ecd81a18af4225f69358cddb00b063e3d484e,gfs_seamless,False,0.285,6.473333333333334,9.093333333333334,0.24046451560649676
turbine_1,2026-01-12 17:00:00+00:00,24,0.009889218028510493,0.009889218028510493,False,False,0.009960767218831736,1.3,3.6,2026-01-11 19:00:00+00:00,22.0,2026-01-11 22:00:00,2026-01-12T00:00:00+05:00,fcb07f16ccece23161bc94ceaf6ecd81a18af4225f69358cddb00b063e3d484e,gfs_seamless,False,0.26333333333333336,6.373333333333334,9.006666666666666,0.25344411530482286
turbine_1,2026-01-12 18:00:00+00:00,24,0.009783295941860276,0.009783295941860276,False,False,0.01,0.41,3.3,2026-01-11 19:00:00+00:00,23.0,2026-01-11 22:00:00,2026-01-12T00:00:00+05:00,fcb07f16ccece23161bc94ceaf6ecd81a18af4225f69358cddb00b063e3d484e,gfs_seamless,False,0.11833333333333333,5.041666666666667,8.948333333333332,0.10855003739147305
turbine_1,2026-01-12 19:00:00+00:00,24,0.009906577288585192,0.009906577288585192,False,False,0.009988907376594566,0.95,2.7,2026-01-11 19:00:00+00:00,24.0,2026-01-11 22:00:00,2026-01-12T00:00:00+05:00,fcb07f16ccece23161bc94ceaf6ecd81a18af4225f69358cddb00b063e3d484e,gfs_seamless,False,0.2233333333333333,5.965,9.365,0.21342675604474812
turbine_1,2026-01-12 20:00:00+00:00,48,0.010070506284320694,0.010070506284320694,False,False,0.009960767218831736,1.42,4.7,2026-01-11 19:00:00+00:00,25.0,2026-01-11 22:00:00,2026-01-12T00:00:00+05:00,fcb07f16ccece23161bc94ceaf6ecd81a18af4225f69358cddb00b063e3d484e,gfs_seamless,False,0.13833333333333334,5.171666666666667,9.549999999999999,0.12826282704901265
turbine_1,2026-01-12 21:00:00+00:00,48,0.009976979387387747,0.009976979387387747,False,False,0.011036676646706588,1.8,5.6,2026-01-11 19:00:00+00:00,26.0,2026-01-11 22:00:00,2026-01-12T00:00:00+05:00,fcb07f16ccece23161bc94ceaf6ecd81a18af4225f69358cddb00b063e3d484e,gfs_seamless,False,0.14833333333333334,5.306666666666667,9.586666666666666,0.1383563539459456
turbine_1,2026-01-12 22:00:00+00:00,48,0.10630481210845195,0.10630481210845195,False,False,0.1500159337157425,5.01,5.1,2026-01-11 19:00:00+00:00,27.0,2026-01-11 22:00:00,2026-01-12T00:00:00+05:00,fcb07f16ccece23161bc94ceaf6ecd81a18af4225f69358cddb00b063e3d484e,gfs_seamless,False,0.22833333333333336,6.011666666666667,9.81,0.1220285212248814
turbine_1,2026-01-12 23:00:00+00:00,48,0.37316371043411206,0.37316371043411206,False,False,0.39906820365033624,7.04,3.3,2026-01-11 19:00:00+00:00,28.0,2026-01-11 22:00:00,2026-01-12T00:00:00+05:00,fcb07f16ccece23161bc94ceaf6ecd81a18af4225f69358cddb00b063e3d484e,gfs_seamless,False,0.17666666666666667,5.621666666666666,9.790000000000001,0.1964970437674454
turbine_1,2026-01-13 00:00:00+00:00,48,0.03173668964554134,0.03173668964554134,False,False,0.058542360340362566,3.71,3.5,2026-01-11 19:00:00+00:00,29.0,2026-01-11 22:00:00,2026-01-12T00:00:00+05:00,fcb07f16ccece23161bc94ceaf6ecd81a18af4225f69358cddb00b063e3d484e,gfs_seamless,False,0.045000000000000005,3.7099999999999995,7.471666666666667,0.013263310354458664
turbine_1,2026-01-13 01:00:00+00:00,48,0.009648465356950093,0.009648465356950093,False,False,0.009960767218831736,1.24,2.8,2026-01-11 19:00:00+00:00,30.0,2026-01-11 22:00:00,2026-01-12T00:00:00+05:00,fcb07f16ccece23161bc94ceaf6ecd81a18af4225f69358cddb00b063e3d484e,gfs_seamless,False,0.01,1.6966666666666665,5.003333333333333,0.0003515346430499073
turbine_1,2026-01-13 02:00:00+00:00,48,0.016116829639332784,0.016116829639332784,False,False,0.025367428003972195,2.66,1.7,2026-01-11 19:00:00+00:00,31.0,2026-01-11 22:00:00,2026-01-12T00:00:00+05:00,fcb07f16ccece23161bc94ceaf6ecd81a18af4225f69358cddb00b063e3d484e,gfs_seamless,False,0.021666666666666667,3.391666666666667,2.6999999999999997,0.005549837027333884
turbine_1,2026-01-13 03:00:00+00:00,48,0.04422765538676255,0.04422765538676255,False,False,0.08223615464994775,4.08,2.4,2026-01-11 19:00:00+00:00,32.0,2026-01-11 22:00:00,2026-01-12T00:00:00+05:00,fcb07f16ccece23161bc94ceaf6ecd81a18af4225f69358cddb00b063e3d484e,gfs_seamless,False,0.11333333333333334,5.1866666666666665,1.5666666666666667,0.0691056779465708
turbine_1,2026-01-13 04:00:00+00:00,48,0.08349944348068804,0.08349944348068804,False,False,0.11277777777777777,4.68,4.2,2026-01-11 19:00:00+00:00,33.0,2026-01-11 22:00:00,2026-01-12T00:00:00+05:00,fcb07f16ccece23161bc94ceaf6ecd81a18af4225f69358cddb00b063e3d484e,gfs_seamless,False,0.14833333333333334,5.358333333333333,1.7666666666666666,0.06483388985264531
turbine_1,2026-01-13 05:00:00+00:00,48,0.13528373634605936,0.13528373634605936,False,False,0.1500159337157425,5.28,5.6,2026-01-11 19:00:00+00:00,34.0,2026-01-11 22:00:00,2026-01-12T00:00:00+05:00,fcb07f16ccece23161bc94ceaf6ecd81a18af4225f69358cddb00b063e3d484e,gfs_seamless,False,0.18000000000000002,5.56,1.6316666666666666,0.04471626365394066
turbine_1,2026-01-13 06:00:00+00:00,48,0.6391516257418696,0.6391516257418696,False,False,0.6262933138116155,8.64,5.7,2026-01-11 19:00:00+00:00,35.0,2026-01-11 22:00:00,2026-01-12T00:00:00+05:00,fcb07f16ccece23161bc94ceaf6ecd81a18af4225f69358cddb00b063e3d484e,gfs_seamless,False,0.2333333333333333,6.0683333333333325,4.361666666666667,0.4058182924085363
turbine_1,2026-01-13 07:00:00+00:00,48,0.80621664724959,0.80621664724959,False,False,0.7641137370753323,9.68,6.4,2026-01-11 19:00:00+00:00,36.0,2026-01-11 22:00:00,2026-01-12T00:00:00+05:00,fcb07f16ccece23161bc94ceaf6ecd81a18af4225f69358cddb00b063e3d484e,gfs_seamless,False,0.515,7.901666666666667,6.276666666666666,0.29121664724958995
turbine_1,2026-01-13 08:00:00+00:00,48,0.9179981233619111,0.9179981233619111,False,False,0.8927965043695381,10.53,7.0,2026-01-11 19:00:00+00:00,37.0,2026-01-11 22:00:00,2026-01-12T00:00:00+05:00,fcb07f16ccece23161bc94ceaf6ecd81a18af4225f69358cddb00b063e3d484e,gfs_seamless,False,0.64,8.68,7.866666666666666,0.2779981233619111
turbine_1,2026-01-13 09:00:00+00:00,48,0.9735828604784377,0.9735828604784377,False,False,0.9378574561403509,11.2,6.9,2026-01-11 19:00:00+00:00,38.0,2026-01-11 22:00:00,2026-01-12T00:00:00+05:00,fcb07f16ccece23161bc94ceaf6ecd81a18af4225f69358cddb00b063e3d484e,gfs_seamless,False,0.7833333333333333,9.741666666666667,8.766666666666667,0.19024952714510435
turbine_1,2026-01-13 10:00:00+00:00,48,0.9767969984176281,0.9767969984176281,False,False,0.960176170607325,11.63,6.1,2026-01-11 19:00:00+00:00,39.0,2026-01-11 22:00:00,2026-01-12T00:00:00+05:00,fcb07f16ccece23161bc94ceaf6ecd81a18af4225f69358cddb00b063e3d484e,gfs_seamless,False,0.985,11.83,9.418333333333335,0.00820300158237186
turbine_1,2026-01-13 11:00:00+00:00,48,0.9811045701394223,0.9811045701394223,False,False,0.9653976311336716,13.55,4.7,2026-01-11 19:00:00+00:00,40.0,2026-01-11 22:00:00,2026-01-12T00:00:00+05:00,fcb07f16ccece23161bc94ceaf6ecd81a18af4225f69358cddb00b063e3d484e,gfs_seamless,False,0.9899999999999999,12.063333333333333,9.49,0.008895429860577564
turbine_1,2026-01-13 12:00:00+00:00,48,0.9980196866279298,0.9980196866279298,False,False,0.9650781249999999,15.05,3.6,2026-01-11 19:00:00+00:00,41.0,2026-01-11 22:00:00,2026-01-12T00:00:00+05:00,fcb07f16ccece23161bc94ceaf6ecd81a18af4225f69358cddb00b063e3d484e,gfs_seamless,False,0.9899999999999999,12.775,8.263333333333334,0.008019686627929956
turbine_1,2026-01-13 13:00:00+00:00,48,0.9768972418333953,0.9768972418333953,False,False,0.9650781249999999,15.08,3.0,2026-01-11 19:00:00+00:00,42.0,2026-01-11 22:00:00,2026-01-12T00:00:00+05:00,fcb07f16ccece23161bc94ceaf6ecd81a18af4225f69358cddb00b063e3d484e,gfs_seamless,False,0.9899999999999999,12.621666666666668,7.405,0.013102758166604556
turbine_1,2026-01-13 14:00:00+00:00,48,0.98849350198872,0.98849350198872,False,False,0.9681453634085212,14.41,2.4,2026-01-11 19:00:00+00:00,43.0,2026-01-11 22:00:00,2026-01-12T00:00:00+05:00,fcb07f16ccece23161bc94ceaf6ecd81a18af4225f69358cddb00b063e3d484e,gfs_seamless,False,0.9899999999999999,13.648333333333333,7.043333333333333,0.0015064980112798887
turbine_1,2026-01-13 15:00:00+00:00,48,0.9867092915117446,0.9867092915117446,False,False,0.9653976311336716,13.57,1.8,2026-01-11 19:00:00+00:00,44.0,2026-01-11 22:00:00,2026-01-12T00:00:00+05:00,fcb07f16ccece23161bc94ceaf6ecd81a18af4225f69358cddb00b063e3d484e,gfs_seamless,False,0.9899999999999999,13.770000000000001,6.853333333333334,0.0032907084882553006
turbine_1,2026-01-13 16:00:00+00:00,48,0.9905632280573776,0.9905632280573776,False,False,0.9669064191802009,12.57,1.2,2026-01-11 19:00:00+00:00,45.0,2026-01-11 22:00:00,2026-01-12T00:00:00+05:00,fcb07f16ccece23161bc94ceaf6ecd81a18af4225f69358cddb00b063e3d484e,gfs_seamless,False,0.9266666666666666,11.815,6.191666666666666,0.06389656139071098
turbine_1,2026-01-13 17:00:00+00:00,48,0.9841509727013525,0.9841509727013525,False,False,0.960176170607325,11.51,0.7,2026-01-11 19:00:00+00:00,46.0,2026-01-11 22:00:00,2026-01-12T00:00:00+05:00,fcb07f16ccece23161bc94ceaf6ecd81a18af4225f69358cddb00b063e3d484e,gfs_seamless,False,0.9516666666666667,10.836666666666666,6.015000000000001,0.032484306034685884
turbine_1,2026-01-13 18:00:00+00:00,48,0.940708354639862,0.940708354639862,False,False,0.8927965043695381,10.83,0.4,2026-01-11 19:00:00+00:00,47.0,2026-01-11 22:00:00,2026-01-12T00:00:00+05:00,fcb07f16ccece23161bc94ceaf6ecd81a18af4225f69358cddb00b063e3d484e,gfs_seamless,False,0.9183333333333333,10.536666666666667,6.621666666666667,0.022375021306528686
turbine_1,2026-01-13 19:00:00+00:00,48,0.9290895520235839,0.9290895520235839,False,False,0.8927965043695381,10.57,0.1,2026-01-11 19:00:00+00:00,48.0,2026-01-11 22:00:00,2026-01-12T00:00:00+05:00,fcb07f16ccece23161bc94ceaf6ecd81a18af4225f69358cddb00b063e3d484e,gfs_seamless,False,0.7583333333333333,9.146666666666667,6.586666666666666,0.1707562186902506
turbine_2,2026-01-11 20:00:00+00:00,24,0.12364219988446717,0.12364219988446717,False,False,0.1893503511615343,5.57,0.1,2026-01-11 19:00:00+00:00,1.0,2026-01-11 22:00:00,2026-01-12T00:00:00+05:00,67e65e8a7d571cdd690ea3ba14335ece57cec3b6a0fdf759cb9cea4f04945315,gfs_seamless,False,0.3933333333333333,7.218333333333334,2.1133333333333333,0.26969113344886614
turbine_2,2026-01-11 21:00:00+00:00,24,0.03024178937073041,0.03024178937073041,False,False,0.07938995618469835,4.06,-0.0,2026-01-11 19:00:00+00:00,2.0,2026-01-11 22:00:00,2026-01-12T00:00:00+05:00,67e65e8a7d571cdd690ea3ba14335ece57cec3b6a0fdf759cb9cea4f04945315,gfs_seamless,False,0.04666666666666667,3.716666666666667,2.0733333333333333,0.01642487729593626
turbine_2,2026-01-11 22:00:00+00:00,24,0.016493696020944974,0.016493696020944974,False,False,0.037316521176850956,3.47,-0.5,2026-01-11 19:00:00+00:00,3.0,2026-01-11 22:00:00,2026-01-12T00:00:00+05:00,67e65e8a7d571cdd690ea3ba14335ece57cec3b6a0fdf759cb9cea4f04945315,gfs_seamless,False,0.01,1.4116666666666664,1.235,0.006493696020944973
turbine_2,2026-01-11 23:00:00+00:00,24,0.00942781123418438,0.00942781123418438,False,False,0.014649505526468877,2.26,-0.8,2026-01-11 19:00:00+00:00,4.0,2026-01-11 22:00:00,2026-01-12T00:00:00+05:00,67e65e8a7d571cdd690ea3ba14335ece57cec3b6a0fdf759cb9cea4f04945315,gfs_seamless,False,0.011666666666666667,3.22,-0.5466666666666666,0.0022388554324822875
turbine_2,2026-01-12 00:00:00+00:00,24,0.009319902438309116,0.009319902438309116,False,False,0.009705387205387205,1.3,1.1,2026-01-11 19:00:00+00:00,5.0,2026-01-11 22:00:00,2026-01-12T00:00:00+05:00,67e65e8a7d571cdd690ea3ba14335ece57cec3b6a0fdf759cb9cea4f04945315,gfs_seamless,False,0.01,1.0283333333333333,0.10166666666666664,0.0006800975616908841
turbine_2,2026-01-12 01:00:00+00:00,24,0.009319902438309116,0.009319902438309116,False,False,0.009930555555555557,0.71,1.2,2026-01-11 19:00:00+00:00,6.0,2026-01-11 22:00:00,2026-01-12T00:00:00+05:00,67e65e8a7d571cdd690ea3ba14335ece57cec3b6a0fdf759cb9cea4f04945315,gfs_seamless,False,0.01,1.0433333333333332,0.33,0.0006800975616908841
turbine_2,2026-01-12 02:00:00+00:00,24,0.009319902438309116,0.009319902438309116,False,False,0.009930555555555557,0.6,0.5,2026-01-11 19:00:00+00:00,7.0,2026-01-11 22:00:00,2026-01-12T00:00:00+05:00,67e65e8a7d571cdd690ea3ba14335ece57cec3b6a0fdf759cb9cea4f04945315,gfs_seamless,False,0.01,1.3583333333333334,1.095,0.0006800975616908841
turbine_2,2026-01-12 03:00:00+00:00,24,0.00904448099542899,0.00904448099542899,False,False,0.009705387205387205,1.27,1.9,2026-01-11 19:00:00+00:00,8.0,2026-01-11 22:00:00,2026-01-12T00:00:00+05:00,67e65e8a7d571cdd690ea3ba14335ece57cec3b6a0fdf759cb9cea4f04945315,gfs_seamless,False,0.01,2.3216666666666668,0.2916666666666667,0.0009555190045710104
turbine_2,2026-01-12 04:00:00+00:00,24,0.018501437541216807,0.018501437541216807,False,False,0.037316521176850956,3.03,3.3,2026-01-11 19:00:00+00:00,9.0,2026-01-11 22:00:00,2026-01-12T00:00:00+05:00,67e65e8a7d571cdd690ea3ba14335ece57cec3b6a0fdf759cb9cea4f04945315,gfs_seamless,False,0.01,1.0516666666666667,1.9666666666666668,0.008501437541216806
turbine_2,2026-01-12 05:00:00+00:00,24,0.019787811577151097,0.019787811577151097,False,False,0.037316521176850956,3.49,4.6,2026-01-11 19:00:00+00:00,10.0,2026-01-11 22:00:00,2026-01-12T00:00:00+05:00,67e65e8a7d571cdd690ea3ba14335ece57cec3b6a0fdf759cb9cea4f04945315,gfs_seamless,False,0.01,1.625,3.1,0.009787811577151096
turbine_2,2026-01-12 06:00:00+00:00,24,0.009232940558008067,0.009232940558008067,False,False,0.009930555555555557,0.61,6.4,2026-01-11 19:00:00+00:00,11.0,2026-01-11 22:00:00,2026-01-12T00:00:00+05:00,67e65e8a7d571cdd690ea3ba14335ece57cec3b6a0fdf759cb9cea4f04945315,gfs_seamless,False,0.01,1.4466666666666665,4.923333333333333,0.0007670594419919331
turbine_2,2026-01-12 07:00:00+00:00,24,0.01937028855820571,0.01937028855820571,False,False,0.037316521176850956,3.01,7.1,2026-01-11 19:00:00+00:00,12.0,2026-01-11 22:00:00,2026-01-12T00:00:00+05:00,67e65e8a7d571cdd690ea3ba14335ece57cec3b6a0fdf759cb9cea4f04945315,gfs_seamless,False,0.008333333333333333,2.1283333333333334,5.913333333333333,0.011036955224872377
turbine_2,2026-01-12 08:00:00+00:00,24,0.03634052614717736,0.03634052614717736,False,False,0.05572053165442462,3.7,8.0,2026-01-11 19:00:00+00:00,13.0,2026-01-11 22:00:00,2026-01-12T00:00:00+05:00,67e65e8a7d571cdd690ea3ba14335ece57cec3b6a0fdf759cb9cea4f04945315,gfs_seamless,False,0.10333333333333333,5.18,6.918333333333333,0.06699280718615597
turbine_2,2026-01-12 09:00:00+00:00,24,0.046556267696677464,0.046556267696677464,False,False,0.05572053165442462,3.91,8.1,2026-01-11 19:00:00+00:00,14.0,2026-01-11 22:00:00,2026-01-12T00:00:00+05:00,67e65e8a7d571cdd690ea3ba14335ece57cec3b6a0fdf759cb9cea4f04945315,gfs_seamless,False,0.19000000000000003,6.026666666666667,5.903333333333333,0.14344373230332258
turbine_2,2026-01-12 10:00:00+00:00,24,0.02800999942755951,0.02800999942755951,False,False,0.037316521176850956,3.42,7.4,2026-01-11 19:00:00+00:00,15.0,2026-01-11 22:00:00,2026-01-12T00:00:00+05:00,67e65e8a7d571cdd690ea3ba14335ece57cec3b6a0fdf759cb9cea4f04945315,gfs_seamless,False,0.06666666666666667,4.181666666666667,7.163333333333334,0.038656667239107156
turbine_2,2026-01-12 11:00:00+00:00,24,0.02588917035110108,0.02588917035110108,False,False,0.05572053165442462,3.51,6.6,2026-01-11 19:00:00+00:00,16.0,2026-01-11 22:00:00,2026-01-12T00:00:00+05:00,67e65e8a7d571cdd690ea3ba14335ece57cec3b6a0fdf759cb9cea4f04945315,gfs_seamless,False,0.13666666666666666,4.523333333333333,9.153333333333334,0.11077749631556558
turbine_2,2026-01-12 12:00:00+00:00,24,0.5792342250422788,0.5792342250422788,False,False,0.6156345980126467,8.61,5.9,2026-01-11 19:00:00+00:00,17.0,2026-01-11 22:00:00,2026-01-12T00:00:00+05:00,67e65e8a7d571cdd690ea3ba14335ece57cec3b6a0fdf759cb9cea4f04945315,gfs_seamless,False,0.5816666666666667,8.391666666666667,10.215,0.0024324416243878266
turbine_2,2026-01-12 13:00:00+00:00,24,0.29312074704341273,0.29312074704341273,False,False,0.31446601941747576,6.71,5.3,2026-01-11 19:00:00+00:00,18.0,2026-01-11 22:00:00,2026-01-12T00:00:00+05:00,67e65e8a7d571cdd690ea3ba14335ece57cec3b6a0fdf759cb9cea4f04945315,gfs_seamless,False,0.6233333333333334,8.556666666666667,8.063333333333334,0.3302125862899207
turbine_2,2026-01-12 14:00:00+00:00,24,0.19533721262726453,0.19533721262726453,False,False,0.24725190839694655,6.02,4.9,2026-01-11 19:00:00+00:00,19.0,2026-01-11 22:00:00,2026-01-12T00:00:00+05:00,67e65e8a7d571cdd690ea3ba14335ece57cec3b6a0fdf759cb9cea4f04945315,gfs_seamless,False,0.59,8.488333333333333,7.9316666666666675,0.3946627873727354
turbine_2,2026-01-12 15:00:00+00:00,24,0.07435725165560365,0.07435725165560365,False,False,0.10637109254100897,4.64,5.0,2026-01-11 19:00:00+00:00,20.0,2026-01-11 22:00:00,2026-01-12T00:00:00+05:00,67e65e8a7d571cdd690ea3ba14335ece57cec3b6a0fdf759cb9cea4f04945315,gfs_seamless,False,0.5683333333333334,8.354999999999999,8.48,0.4939760816777297
turbine_2,2026-01-12 16:00:00+00:00,24,0.03989469622773996,0.03989469622773996,False,False,0.05572053165442462,3.98,5.1,2026-01-11 19:00:00+00:00,21.0,2026-01-11 22:00:00,2026-01-12T00:00:00+05:00,67e65e8a7d571cdd690ea3ba14335ece57cec3b6a0fdf759cb9cea4f04945315,gfs_seamless,False,0.285,6.5249999999999995,9.031666666666666,0.24510530377226003
turbine_2,2026-01-12 17:00:00+00:00,24,0.009361766217977527,0.009361766217977527,False,False,0.009705387205387205,1.3,3.6,2026-01-11 19:00:00+00:00,22.0,2026-01-11 22:00:00,2026-01-12T00:00:00+05:00,67e65e8a7d571cdd690ea3ba14335ece57cec3b6a0fdf759cb9cea4f04945315,gfs_seamless,False,0.26666666666666666,6.4433333333333325,8.923333333333334,0.25730490044868914
turbine_2,2026-01-12 18:00:00+00:00,24,0.011564598987574282,0.011564598987574282,False,False,0.01,0.41,3.3,2026-01-11 19:00:00+00:00,23.0,2026-01-11 22:00:00,2026-01-12T00:00:00+05:00,67e65e8a7d571cdd690ea3ba14335ece57cec3b6a0fdf759cb9cea4f04945315,gfs_seamless,False,0.115,5.113333333333333,8.818333333333333,0.10343540101242572
turbine_2,2026-01-12 19:00:00+00:00,24,0.008797968061769091,0.008797968061769091,False,False,0.009930555555555557,0.95,2.7,2026-01-11 19:00:00+00:00,24.0,2026-01-11 22:00:00,2026-01-12T00:00:00+05:00,67e65e8a7d571cdd690ea3ba14335ece57cec3b6a0fdf759cb9cea4f04945315,gfs_seamless,False,0.22166666666666668,6.086666666666666,9.258333333333333,0.2128686986048976
turbine_2,2026-01-12 20:00:00+00:00,48,0.009149932546962463,0.009149932546962463,False,False,0.009705387205387205,1.42,4.7,2026-01-11 19:00:00+00:00,25.0,2026-01-11 22:00:00,2026-01-12T00:00:00+05:00,67e65e8a7d571cdd690ea3ba14335ece57cec3b6a0fdf759cb9cea4f04945315,gfs_seamless,False,0.13833333333333334,5.218333333333334,9.53,0.12918340078637086
turbine_2,2026-01-12 21:00:00+00:00,48,0.010057692003600164,0.010057692003600164,False,False,0.010135265700483091,1.8,5.6,2026-01-11 19:00:00+00:00,26.0,2026-01-11 22:00:00,2026-01-12T00:00:00+05:00,67e65e8a7d571cdd690ea3ba14335ece57cec3b6a0fdf759cb9cea4f04945315,gfs_seamless,False,0.145,5.391666666666667,9.391666666666667,0.13494230799639984
turbine_2,2026-01-12 22:00:00+00:00,48,0.09954792730862834,0.09954792730862834,False,False,0.14419587945879458,5.01,5.1,2026-01-11 19:00:00+00:00,27.0,2026-01-11 22:00:00,2026-01-12T00:00:00+05:00,67e65e8a7d571cdd690ea3ba14335ece57cec3b6a0fdf759cb9cea4f04945315,gfs_seamless,False,0.22333333333333336,6.171666666666667,9.771666666666667,0.12378540602470502
turbine_2,2026-01-12 23:00:00+00:00,48,0.3525175918019487,0.3525175918019487,False,False,0.3891158438205873,7.04,3.3,2026-01-11 19:00:00+00:00,28.0,2026-01-11 22:00:00,2026-01-12T00:00:00+05:00,67e65e8a7d571cdd690ea3ba14335ece57cec3b6a0fdf759cb9cea4f04945315,gfs_seamless,False,0.17166666666666666,5.633333333333333,9.713333333333333,0.18085092513528203
turbine_2,2026-01-13 00:00:00+00:00,48,0.02392035046211101,0.02392035046211101,False,False,0.05572053165442462,3.71,3.5,2026-01-11 19:00:00+00:00,29.0,2026-01-11 22:00:00,2026-01-12T00:00:00+05:00,67e65e8a7d571cdd690ea3ba14335ece57cec3b6a0fdf759cb9cea4f04945315,gfs_seamless,False,0.04833333333333334,3.9333333333333336,7.41,0.02441298287122233
turbine_2,2026-01-13 01:00:00+00:00,48,0.008797968061769091,0.008797968061769091,False,False,0.009705387205387205,1.24,2.8,2026-01-11 19:00:00+00:00,30.0,2026-01-11 22:00:00,2026-01-12T00:00:00+05:00,67e65e8a7d571cdd690ea3ba14335ece57cec3b6a0fdf759cb9cea4f04945315,gfs_seamless,False,0.008333333333333333,1.9266666666666665,4.846666666666667,0.0004646347284357581
turbine_2,2026-01-13 02:00:00+00:00,48,0.013129349954626326,0.013129349954626326,False,False,0.024097732843137255,2.66,1.7,2026-01-11 19:00:00+00:00,31.0,2026-01-11 22:00:00,2026-01-12T00:00:00+05:00,67e65e8a7d571cdd690ea3ba14335ece57cec3b6a0fdf759cb9cea4f04945315,gfs_seamless,False,0.021666666666666667,3.615,2.44,0.008537316712040341
turbine_2,2026-01-13 03:00:00+00:00,48,0.03972394705500889,0.03972394705500889,False,False,0.07938995618469835,4.08,2.4,2026-01-11 19:00:00+00:00,32.0,2026-01-11 22:00:00,2026-01-12T00:00:00+05:00,67e65e8a7d571cdd690ea3ba14335ece57cec3b6a0fdf759cb9cea4f04945315,gfs_seamless,False,0.11,5.201666666666667,1.28,0.07027605294499112
turbine_2,2026-01-13 04:00:00+00:00,48,0.07152168819767582,0.07152168819767582,False,False,0.10637109254100897,4.68,4.2,2026-01-11 19:00:00+00:00,33.0,2026-01-11 22:00:00,2026-01-12T00:00:00+05:00,67e65e8a7d571cdd690ea3ba14335ece57cec3b6a0fdf759cb9cea4f04945315,gfs_seamless,False,0.11166666666666668,5.1499999999999995,1.6483333333333334,0.04014497846899086
turbine_2,2026-01-13 05:00:00+00:00,48,0.12063635458694764,0.12063635458694764,False,False,0.14419587945879458,5.28,5.6,2026-01-11 19:00:00+00:00,34.0,2026-01-11 22:00:00,2026-01-12T00:00:00+05:00,67e65e8a7d571cdd690ea3ba14335ece57cec3b6a0fdf759cb9cea4f04945315,gfs_seamless,False,0.16833333333333333,5.533333333333334,1.4983333333333333,0.04769697874638569
turbine_2,2026-01-13 06:00:00+00:00,48,0.6052924626817426,0.6052924626817426,False,False,0.6156345980126467,8.64,5.7,2026-01-11 19:00:00+00:00,35.0,2026-01-11 22:00:00,2026-01-12T00:00:00+05:00,67e65e8a7d571cdd690ea3ba14335ece57cec3b6a0fdf759cb9cea4f04945315,gfs_seamless,False,0.2333333333333333,6.3500000000000005,4.316666666666666,0.37195912934840936
turbine_2,2026-01-13 07:00:00+00:00,48,0.6065761624252508,0.6065761624252508,False,False,0.7525520833333333,9.68,6.4,2026-01-11 19:00:00+00:00,36.0,2026-01-11 22:00:00,2026-01-12T00:00:00+05:00,67e65e8a7d571cdd690ea3ba14335ece57cec3b6a0fdf759cb9cea4f04945315,gfs_seamless,False,0.5033333333333333,8.023333333333333,6.245,0.10324282909191751
turbine_2,2026-01-13 08:00:00+00:00,48,0.9061883429778433,0.9061883429778433,False,False,0.8846255144032922,10.53,7.0,2026-01-11 19:00:00+00:00,37.0,2026-01-11 22:00:00,2026-01-12T00:00:00+05:00,67e65e8a7d571cdd690ea3ba14335ece57cec3b6a0fdf759cb9cea4f04945315,gfs_seamless,False,0.7066666666666667,9.063333333333334,7.773333333333333,0.19952167631117668
turbine_2,2026-01-13 09:00:00+00:00,48,0.9476415522574478,0.9476415522574478,False,False,0.925302677532014,11.2,6.9,2026-01-11 19:00:00+00:00,38.0,2026-01-11 22:00:00,2026-01-12T00:00:00+05:00,67e65e8a7d571cdd690ea3ba14335ece57cec3b6a0fdf759cb9cea4f04945315,gfs_seamless,False,0.8166666666666668,10.23,8.791666666666666,0.13097488559078108
turbine_2,2026-01-13 10:00:00+00:00,48,0.951934169896876,0.951934169896876,False,False,0.9521050347222223,11.63,6.1,2026-01-11 19:00:00+00:00,39.0,2026-01-11 22:00:00,2026-01-12T00:00:00+05:00,67e65e8a7d571cdd690ea3ba14335ece57cec3b6a0fdf759cb9cea4f04945315,gfs_seamless,False,0.9833333333333334,12.17,9.413333333333334,0.03139916343645743
turbine_2,2026-01-13 11:00:00+00:00,48,0.9826486897281957,0.9826486897281957,False,False,0.9608080808080809,13.55,4.7,2026-01-11 19:00:00+00:00,40.0,2026-01-11 22:00:00,2026-01-12T00:00:00+05:00,67e65e8a7d571cdd690ea3ba14335ece57cec3b6a0fdf759cb9cea4f04945315,gfs_seamless,False,0.9883333333333333,11.895000000000001,9.556666666666667,0.00568464360513754
turbine_2,2026-01-13 12:00:00+00:00,48,0.951151284909039,0.951151284909039,False,False,0.9496153846153847,15.05,3.6,2026-01-11 19:00:00+00:00,41.0,2026-01-11 22:00:00,2026-01-12T00:00:00+05:00,67e65e8a7d571cdd690ea3ba14335ece57cec3b6a0fdf759cb9cea4f04945315,gfs_seamless,False,0.9899999999999999,12.696666666666665,8.366666666666665,0.038848715090960884
turbine_2,2026-01-13 13:00:00+00:00,48,0.9521013505953566,0.9521013505953566,False,False,0.9496153846153847,15.08,3.0,2026-01-11 19:00:00+00:00,42.0,2026-01-11 22:00:00,2026-01-12T00:00:00+05:00,67e65e8a7d571cdd690ea3ba14335ece57cec3b6a0fdf759cb9cea4f04945315,gfs_seamless,False,0.9899999999999999,12.895000000000001,7.575,0.03789864940464327
turbine_2,2026-01-13 14:00:00+00:00,48,0.9727736017019644,0.9727736017019644,False,False,0.9600239808153477,14.41,2.4,2026-01-11 19:00:00+00:00,43.0,2026-01-11 22:00:00,2026-01-12T00:00:00+05:00,67e65e8a7d571cdd690ea3ba14335ece57cec3b6a0fdf759cb9cea4f04945315,gfs_seamless,False,0.9916666666666667,13.85,7.261666666666667,0.018893064964702333
turbine_2,2026-01-13 15:00:00+00:00,48,0.9736786120585655,0.9736786120585655,False,False,0.9608080808080809,13.57,1.8,2026-01-11 19:00:00+00:00,44.0,2026-01-11 22:00:00,2026-01-12T00:00:00+05:00,67e65e8a7d571cdd690ea3ba14335ece57cec3b6a0fdf759cb9cea4f04945315,gfs_seamless,False,0.995,13.753333333333332,7.051666666666667,0.021321387941434455
turbine_2,2026-01-13 16:00:00+00:00,48,0.9786072983494769,0.9786072983494769,False,False,0.9628097193702942,12.57,1.2,2026-01-11 19:00:00+00:00,45.0,2026-01-11 22:00:00,2026-01-12T00:00:00+05:00,67e65e8a7d571cdd690ea3ba14335ece57cec3b6a0fdf759cb9cea4f04945315,gfs_seamless,False,0.9700000000000001,12.151666666666666,6.536666666666666,0.008607298349476822
turbine_2,2026-01-13 17:00:00+00:00,48,0.9680579852916921,0.9680579852916921,False,False,0.9521050347222223,11.51,0.7,2026-01-11 19:00:00+00:00,46.0,2026-01-11 22:00:00,2026-01-12T00:00:00+05:00,67e65e8a7d571cdd690ea3ba14335ece57cec3b6a0fdf759cb9cea4f04945315,gfs_seamless,False,0.9733333333333333,11.056666666666667,6.533333333333334,0.0052753480416412035
turbine_2,2026-01-13 18:00:00+00:00,48,0.9322522353912982,0.9322522353912982,False,False,0.8846255144032922,10.83,0.4,2026-01-11 19:00:00+00:00,47.0,2026-01-11 22:00:00,2026-01-12T00:00:00+05:00,67e65e8a7d571cdd690ea3ba14335ece57cec3b6a0fdf759cb9cea4f04945315,gfs_seamless,False,0.8450000000000001,9.729999999999999,6.925,0.08725223539129812
turbine_2,2026-01-13 19:00:00+00:00,48,0.9105191895812402,0.9105191895812402,False,False,0.8846255144032922,10.57,0.1,2026-01-11 19:00:00+00:00,48.0,2026-01-11 22:00:00,2026-01-12T00:00:00+05:00,67e65e8a7d571cdd690ea3ba14335ece57cec3b6a0fdf759cb9cea4f04945315,gfs_seamless,False,0.7000000000000001,8.756666666666666,6.868333333333333,0.21051918958124016
turbine_1,2026-01-12 20:00:00+00:00,24,0.013247774367280366,0.013247774367280366,False,False,0.016071428571428573,2.47,3.7,2026-01-12 19:00:00+00:00,1.0,2026-01-12 22:00:00,2026-01-13T00:00:00+05:00,2433c243b1514bed816b03e2939d4d14c7ff63a0c78a57acae4de3a621f8ed40,gfs_seamless,False,0.13833333333333334,5.171666666666667,9.549999999999999,0.12508555896605297
turbine_1,2026-01-12 21:00:00+00:00,24,0.00979236595938854,0.00979236595938854,False,False,0.01,0.28,2.2,2026-01-12 19:00:00+00:00,2.0,2026-01-12 22:00:00,2026-01-13T00:00:00+05:00,2433c243b1514bed816b03e2939d4d14c7ff63a0c78a57acae4de3a621f8ed40,gfs_seamless,False,0.14833333333333334,5.306666666666667,9.586666666666666,0.1385409673739448
turbine_1,2026-01-12 22:00:00+00:00,24,0.01584204676007087,0.01584204676007087,False,False,0.02535218253968254,2.6,2.2,2026-01-12 19:00:00+00:00,3.0,2026-01-12 22:00:00,2026-01-13T00:00:00+05:00,2433c243b1514bed816b03e2939d4d14c7ff63a0c78a57acae4de3a621f8ed40,gfs_seamless,False,0.22833333333333336,6.011666666666667,9.81,0.2124912865732625
turbine_1,2026-01-12 23:00:00+00:00,24,0.11672194991471752,0.11672194991471752,False,False,0.1500159337157425,5.13,2.0,2026-01-12 19:00:00+00:00,4.0,2026-01-12 22:00:00,2026-01-13T00:00:00+05:00,2433c243b1514bed816b03e2939d4d14c7ff63a0c78a57acae4de3a621f8ed40,gfs_seamless,False,0.17666666666666667,5.621666666666666,9.790000000000001,0.05994471675194915
turbine_1,2026-01-13 00:00:00+00:00,24,0.009577550457600531,0.009577550457600531,False,False,0.01,0.4,1.2,2026-01-12 19:00:00+00:00,5.0,2026-01-12 22:00:00,2026-01-13T00:00:00+05:00,2433c243b1514bed816b03e2939d4d14c7ff63a0c78a57acae4de3a621f8ed40,gfs_seamless,False,0.045000000000000005,3.7099999999999995,7.471666666666667,0.035422449542399474
turbine_1,2026-01-13 01:00:00+00:00,24,0.009577550457600531,0.009577550457600531,False,False,0.011038088125466767,1.53,1.2,2026-01-12 19:00:00+00:00,6.0,2026-01-12 22:00:00,2026-01-13T00:00:00+05:00,2433c243b1514bed816b03e2939d4d14c7ff63a0c78a57acae4de3a621f8ed40,gfs_seamless,False,0.01,1.6966666666666665,5.003333333333333,0.0004224495423994692
turbine_1,2026-01-13 02:00:00+00:00,24,0.023188226547706314,0.023188226547706314,False,False,0.040390792291220556,3.24,1.4,2026-01-12 19:00:00+00:00,7.0,2026-01-12 22:00:00,2026-01-13T00:00:00+05:00,2433c243b1514bed816b03e2939d4d14c7ff63a0c78a57acae4de3a621f8ed40,gfs_seamless,False,0.021666666666666667,3.391666666666667,2.6999999999999997,0.0015215598810396462
turbine_1,2026-01-13 03:00:00+00:00,24,0.10580344958739873,0.10580344958739873,False,False,0.1500159337157425,5.0,2.1,2026-01-12 19:00:00+00:00,8.0,2026-01-12 22:00:00,2026-01-13T00:00:00+05:00,2433c243b1514bed816b03e2939d4d14c7ff63a0c78a57acae4de3a621f8ed40,gfs_seamless,False,0.11333333333333334,5.1866666666666665,1.5666666666666667,0.007529883745934607
turbine_1,2026-01-13 04:00:00+00:00,24,0.29677523299724234,0.29677523299724234,False,False,0.32580314009661837,6.57,3.7,2026-01-12 19:00:00+00:00,9.0,2026-01-12 22:00:00,2026-01-13T00:00:00+05:00,2433c243b1514bed816b03e2939d4d14c7ff63a0c78a57acae4de3a621f8ed40,gfs_seamless,False,0.14833333333333334,5.358333333333333,1.7666666666666666,0.148441899663909
turbine_1,2026-01-13 05:00:00+00:00,24,0.5102219774648472,0.5102219774648472,False,False,0.4759448818897638,7.79,4.4,2026-01-12 19:00:00+00:00,10.0,2026-01-12 22:00:00,2026-01-13T00:00:00+05:00,2433c243b1514bed816b03e2939d4d14c7ff63a0c78a57acae4de3a621f8ed40,gfs_seamless,False,0.18000000000000002,5.56,1.6316666666666666,0.33022197746484716
turbine_1,2026-01-13 06:00:00+00:00,24,0.6733750693027694,0.6733750693027694,False,False,0.6262933138116155,8.76,6.0,2026-01-12 19:00:00+00:00,11.0,2026-01-12 22:00:00,2026-01-13T00:00:00+05:00,2433c243b1514bed816b03e2939d4d14c7ff63a0c78a57acae4de3a621f8ed40,gfs_seamless,False,0.2333333333333333,6.0683333333333325,4.361666666666667,0.4400417359694361
turbine_1,2026-01-13 07:00:00+00:00,24,0.7347276310062202,0.7347276310062202,False,False,0.694887048192771,9.3,6.8,2026-01-12 19:00:00+00:00,12.0,2026-01-12 22:00:00,2026-01-13T00:00:00+05:00,2433c243b1514bed816b03e2939d4d14c7ff63a0c78a57acae4de3a621f8ed40,gfs_seamless,False,0.515,7.901666666666667,6.276666666666666,0.21972763100622017
turbine_1,2026-01-13 08:00:00+00:00,24,0.7761535247370035,0.7761535247370035,False,False,0.8301022222222223,10.01,7.2,2026-01-12 19:00:00+00:00,13.0,2026-01-12 22:00:00,2026-01-13T00:00:00+05:00,2433c243b1514bed816b03e2939d4d14c7ff63a0c78a57acae4de3a621f8ed40,gfs_seamless,False,0.64,8.68,7.866666666666666,0.13615352473700348
turbine_1,2026-01-13 09:00:00+00:00,24,0.9501154976966392,0.9501154976966392,False,False,0.8927965043695381,10.92,6.9,2026-01-12 19:00:00+00:00,14.0,2026-01-12 22:00:00,2026-01-13T00:00:00+05:00,2433c243b1514bed816b03e2939d4d14c7ff63a0c78a57acae4de3a621f8ed40,gfs_seamless,False,0.7833333333333333,9.741666666666667,8.766666666666667,0.16678216436330584
turbine_1,2026-01-13 10:00:00+00:00,24,0.9765119553097429,0.9765119553097429,False,False,0.960176170607325,11.94,5.9,2026-01-12 19:00:00+00:00,15.0,2026-01-12 22:00:00,2026-01-13T00:00:00+05:00,2433c243b1514bed816b03e2939d4d14c7ff63a0c78a57acae4de3a621f8ed40,gfs_seamless,False,0.985,11.83,9.418333333333335,0.008488044690257102
turbine_1,2026-01-13 11:00:00+00:00,24,0.9912754743047807,0.9912754743047807,False,False,0.9769763513513514,13.46,4.4,2026-01-12 19:00:00+00:00,16.0,2026-01-12 22:00:00,2026-01-13T00:00:00+05:00,2433c243b1514bed816b03e2939d4d14c7ff63a0c78a57acae4de3a621f8ed40,gfs_seamless,False,0.9899999999999999,12.063333333333333,9.49,0.0012754743047808104
turbine_1,2026-01-13 12:00:00+00:00,24,0.9981076125652041,0.9981076125652041,False,False,0.9650781249999999,15.08,3.7,2026-01-12 19:00:00+00:00,17.0,2026-01-12 22:00:00,2026-01-13T00:00:00+05:00,2433c243b1514bed816b03e2939d4d14c7ff63a0c78a57acae4de3a621f8ed40,gfs_seamless,False,0.9899999999999999,12.775,8.263333333333334,0.008107612565204203
turbine_1,2026-01-13 13:00:00+00:00,24,0.9881158204471736,0.9881158204471736,False,False,0.961047619047619,14.68,3.1,2026-01-12 19:00:00+00:00,18.0,2026-01-12 22:00:00,2026-01-13T00:00:00+05:00,2433c243b1514bed816b03e2939d4d14c7ff63a0c78a57acae4de3a621f8ed40,gfs_seamless,False,0.9899999999999999,12.621666666666668,7.405,0.0018841795528262706
turbine_1,2026-01-13 14:00:00+00:00,24,0.9945985498051548,0.9945985498051548,False,False,0.9653976311336716,13.85,2.4,2026-01-12 19:00:00+00:00,19.0,2026-01-12 22:00:00,2026-01-13T00:00:00+05:00,2433c243b1514bed816b03e2939d4d14c7ff63a0c78a57acae4de3a621f8ed40,gfs_seamless,False,0.9899999999999999,13.648333333333333,7.043333333333333,0.00459854980515495
turbine_1,2026-01-13 15:00:00+00:00,24,0.9921560693936787,0.9921560693936787,False,False,0.9769763513513514,13.16,1.8,2026-01-12 19:00:00+00:00,20.0,2026-01-12 22:00:00,2026-01-13T00:00:00+05:00,2433c243b1514bed816b03e2939d4d14c7ff63a0c78a57acae4de3a621f8ed40,gfs_seamless,False,0.9899999999999999,13.770000000000001,6.853333333333334,0.00215606939367885
turbine_1,2026-01-13 16:00:00+00:00,24,0.9830475961692469,0.9830475961692469,False,False,0.960176170607325,11.72,1.2,2026-01-12 19:00:00+00:00,21.0,2026-01-12 22:00:00,2026-01-13T00:00:00+05:00,2433c243b1514bed816b03e2939d4d14c7ff63a0c78a57acae4de3a621f8ed40,gfs_seamless,False,0.9266666666666666,11.815,6.191666666666666,0.056380929502580224
turbine_1,2026-01-13 17:00:00+00:00,24,0.9276277542419171,0.9276277542419171,False,False,0.8927965043695381,10.66,0.6,2026-01-12 19:00:00+00:00,22.0,2026-01-12 22:00:00,2026-01-13T00:00:00+05:00,2433c243b1514bed816b03e2939d4d14c7ff63a0c78a57acae4de3a621f8ed40,gfs_seamless,False,0.9516666666666667,10.836666666666666,6.015000000000001,0.024038912424749537
turbine_1,2026-01-13 18:00:00+00:00,24,0.8970464635907021,0.8970464635907021,False,False,0.8301022222222223,10.43,0.4,2026-01-12 19:00:00+00:00,23.0,2026-01-12 22:00:00,2026-01-13T00:00:00+05:00,2433c243b1514bed816b03e2939d4d14c7ff63a0c78a57acae4de3a621f8ed40,gfs_seamless,False,0.9183333333333333,10.536666666666667,6.621666666666667,0.021286869742631276
turbine_1,2026-01-13 19:00:00+00:00,24,0.9052684782758171,0.9052684782758171,False,False,0.8301022222222223,10.44,0.2,2026-01-12 19:00:00+00:00,24.0,2026-01-12 22:00:00,2026-01-13T00:00:00+05:00,2433c243b1514bed816b03e2939d4d14c7ff63a0c78a57acae4de3a621f8ed40,gfs_seamless,False,0.7583333333333333,9.146666666666667,6.586666666666666,0.14693514494248383
turbine_1,2026-01-13 20:00:00+00:00,48,0.8799546652462307,0.8799546652462307,False,False,0.8301022222222223,10.26,0.1,2026-01-12 19:00:00+00:00,25.0,2026-01-12 22:00:00,2026-01-13T00:00:00+05:00,2433c243b1514bed816b03e2939d4d14c7ff63a0c78a57acae4de3a621f8ed40,gfs_seamless,False,0.8383333333333334,10.331666666666665,5.321666666666666,0.0416213319128973
turbine_1,2026-01-13 21:00:00+00:00,48,0.8871533906384725,0.8871533906384725,False,False,0.8301022222222223,10.21,0.2,2026-01-12 19:00:00+00:00,26.0,2026-01-12 22:00:00,2026-01-13T00:00:00+05:00,2433c243b1514bed816b03e2939d4d14c7ff63a0c78a57acae4de3a621f8ed40,gfs_seamless,False,0.935,11.463333333333333,3.596666666666667,0.047846609361527515
turbine_1,2026-01-13 22:00:00+00:00,48,0.8799546652462307,0.8799546652462307,False,False,0.8301022222222223,10.22,0.1,2026-01-12 19:00:00+00:00,27.0,2026-01-12 22:00:00,2026-01-13T00:00:00+05:00,2433c243b1514bed816b03e2939d4d14c7ff63a0c78a57acae4de3a621f8ed40,gfs_seamless,False,0.8633333333333333,10.416666666666666,2.0483333333333333,0.016621331912897386
turbine_1,2026-01-13 23:00:00+00:00,48,0.8551096552293762,0.8551096552293762,False,False,0.7641137370753323,9.98,-0.3,2026-01-12 19:00:00+00:00,28.0,2026-01-12 22:00:00,2026-01-13T00:00:00+05:00,2433c243b1514bed816b03e2939d4d14c7ff63a0c78a57acae4de3a621f8ed40,gfs_seamless,False,0.57,8.426666666666668,0.9899999999999999,0.28510965522937626
turbine_1,2026-01-14 00:00:00+00:00,48,0.8551096552293762,0.8551096552293762,False,False,0.7641137370753323,9.98,-0.4,2026-01-12 19:00:00+00:00,29.0,2026-01-12 22:00:00,2026-01-13T00:00:00+05:00,2433c243b1514bed816b03e2939d4d14c7ff63a0c78a57acae4de3a621f8ed40,gfs_seamless,False,0.36000000000000004,6.711666666666666,0.11166666666666668,0.49510965522937617
turbine_1,2026-01-14 01:00:00+00:00,48,0.8118921940466269,0.8118921940466269,False,False,0.7641137370753323,9.67,-0.3,2026-01-12 19:00:00+00:00,30.0,2026-01-12 22:00:00,2026-01-13T00:00:00+05:00,2433c243b1514bed816b03e2939d4d14c7ff63a0c78a57acae4de3a621f8ed40,gfs_seamless,False,0.09166666666666667,3.8066666666666666,0.12333333333333334,0.7202255273799603
turbine_1,2026-01-14 02:00:00+00:00,48,0.7207447674878588,0.7207447674878588,False,False,0.694887048192771,9.18,-0.6,2026-01-12 19:00:00+00:00,31.0,2026-01-12 22:00:00,2026-01-13T00:00:00+05:00,2433c243b1514bed816b03e2939d4d14c7ff63a0c78a57acae4de3a621f8ed40,gfs_seamless,False,0.036666666666666674,2.0633333333333335,0.8066666666666666,0.6840781008211921
turbine_1,2026-01-14 03:00:00+00:00,48,0.6444158260129013,0.6444158260129013,False,False,0.6262933138116155,8.6,-0.3,2026-01-12 19:00:00+00:00,32.0,2026-01-12 22:00:00,2026-01-13T00:00:00+05:00,2433c243b1514bed816b03e2939d4d14c7ff63a0c78a57acae4de3a621f8ed40,gfs_seamless,False,0.31666666666666665,7.171666666666667,0.004999999999999986,0.3277491593462346
turbine_1,2026-01-14 04:00:00+00:00,48,0.49949271966943504,0.49949271966943504,False,False,0.4759448818897638,7.75,0.9,2026-01-12 19:00:00+00:00,33.0,2026-01-12 22:00:00,2026-01-13T00:00:00+05:00,2433c243b1514bed816b03e2939d4d14c7ff63a0c78a57acae4de3a621f8ed40,gfs_seamless,False,0.26,6.866666666666667,-1.3583333333333334,0.23949271966943503
turbine_1,2026-01-14 05:00:00+00:00,48,0.4330184173053673,0.4330184173053673,False,False,0.39900351887396035,7.42,1.8,2026-01-12 19:00:00+00:00,34.0,2026-01-12 22:00:00,2026-01-13T00:00:00+05:00,2433c243b1514bed816b03e2939d4d14c7ff63a0c78a57acae4de3a621f8ed40,gfs_seamless,False,0.045000000000000005,4.3950000000000005,-1.5016666666666667,0.3880184173053673
turbine_1,2026-01-14 06:00:00+00:00,48,0.3752406286094756,0.3752406286094756,False,False,0.32580314009661837,6.98,3.1,2026-01-12 19:00:00+00:00,35.0,2026-01-12 22:00:00,2026-01-13T00:00:00+05:00,2433c243b1514bed816b03e2939d4d14c7ff63a0c78a57acae4de3a621f8ed40,gfs_seamless,False,0.015,3.643333333333333,-0.685,0.3602406286094756
turbine_1,2026-01-14 07:00:00+00:00,48,0.164379855683163,0.164379855683163,False,False,0.19647238412434084,5.57,4.1,2026-01-12 19:00:00+00:00,36.0,2026-01-12 22:00:00,2026-01-13T00:00:00+05:00,2433c243b1514bed816b03e2939d4d14c7ff63a0c78a57acae4de3a621f8ed40,gfs_seamless,False,0.06333333333333334,4.723333333333334,-0.2733333333333334,0.10104652234982965
turbine_1,2026-01-14 08:00:00+00:00,48,0.0423435065826219,0.0423435065826219,False,False,0.05855112587670728,3.96,4.6,2026-01-12 19:00:00+00:00,37.0,2026-01-12 22:00:00,2026-01-13T00:00:00+05:00,2433c243b1514bed816b03e2939d4d14c7ff63a0c78a57acae4de3a621f8ed40,gfs_seamless,False,0.11333333333333334,5.536666666666666,-0.24166666666666667,0.07098982675071144
turbine_1,2026-01-14 09:00:00+00:00,48,0.01319375323697045,0.01319375323697045,False,False,0.016071428571428573,2.42,4.9,2026-01-12 19:00:00+00:00,38.0,2026-01-12 22:00:00,2026-01-13T00:00:00+05:00,2433c243b1514bed816b03e2939d4d14c7ff63a0c78a57acae4de3a621f8ed40,gfs_seamless,False,0.1366666666666667,5.718333333333334,0.3016666666666667,0.12347291342969624
turbine_1,2026-01-14 10:00:00+00:00,48,0.009881776308507072,0.009881776308507072,False,False,0.009960869565217391,1.46,4.6,2026-01-12 19:00:00+00:00,39.0,2026-01-12 22:00:00,2026-01-13T00:00:00+05:00,2433c243b1514bed816b03e2939d4d14c7ff63a0c78a57acae4de3a621f8ed40,gfs_seamless,False,0.17,5.993333333333333,0.5066666666666667,0.16011822369149295
turbine_1,2026-01-14 11:00:00+00:00,48,0.010029923803478821,0.010029923803478821,False,False,0.009988925802879292,0.71,2.7,2026-01-12 19:00:00+00:00,40.0,2026-01-12 22:00:00,2026-01-13T00:00:00+05:00,2433c243b1514bed816b03e2939d4d14c7ff63a0c78a57acae4de3a621f8ed40,gfs_seamless,False,0.11499999999999999,5.41,0.4216666666666667,0.10497007619652117
turbine_1,2026-01-14 12:00:00+00:00,48,0.009413697052030273,0.009413697052030273,False,False,0.01,0.14,0.8,2026-01-12 19:00:00+00:00,41.0,2026-01-12 22:00:00,2026-01-13T00:00:00+05:00,2433c243b1514bed816b03e2939d4d14c7ff63a0c78a57acae4de3a621f8ed40,gfs_seamless,False,0.155,5.765000000000001,0.375,0.14558630294796973
turbine_1,2026-01-14 13:00:00+00:00,48,0.009577550457600531,0.009577550457600531,False,False,0.009988925802879292,0.71,1.0,2026-01-12 19:00:00+00:00,42.0,2026-01-12 22:00:00,2026-01-13T00:00:00+05:00,2433c243b1514bed816b03e2939d4d14c7ff63a0c78a57acae4de3a621f8ed40,gfs_seamless,False,0.14,5.7,0.37833333333333335,0.13042244954239948
turbine_1,2026-01-14 14:00:00+00:00,48,0.009577550457600531,0.009577550457600531,False,False,0.009960869565217391,1.36,1.0,2026-01-12 19:00:00+00:00,43.0,2026-01-12 22:00:00,2026-01-13T00:00:00+05:00,2433c243b1514bed816b03e2939d4d14c7ff63a0c78a57acae4de3a621f8ed40,gfs_seamless,False,0.13333333333333333,5.5249999999999995,0.09833333333333333,0.1237557828757328
turbine_1,2026-01-14 15:00:00+00:00,48,0.01217356068327026,0.01217356068327026,False,False,0.016071428571428573,2.46,0.8,2026-01-12 19:00:00+00:00,44.0,2026-01-12 22:00:00,2026-01-13T00:00:00+05:00,2433c243b1514bed816b03e2939d4d14c7ff63a0c78a57acae4de3a621f8ed40,gfs_seamless,False,0.20000000000000004,6.198333333333333,-0.47833333333333333,0.18782643931672977
turbine_1,2026-01-14 16:00:00+00:00,48,0.05273281735427801,0.05273281735427801,False,False,0.08223615464994775,4.39,0.5,2026-01-12 19:00:00+00:00,45.0,2026-01-12 22:00:00,2026-01-13T00:00:00+05:00,2433c243b1514bed816b03e2939d4d14c7ff63a0c78a57acae4de3a621f8ed40,gfs_seamless,False,0.36166666666666664,7.385000000000001,-1.3933333333333333,0.30893384931238865
turbine_1,2026-01-14 17:00:00+00:00,48,0.08929690163544332,0.08929690163544332,False,False,0.1500159337157425,5.11,0.2,2026-01-12 19:00:00+00:00,46.0,2026-01-12 22:00:00,2026-01-13T00:00:00+05:00,2433c243b1514bed816b03e2939d4d14c7ff63a0c78a57acae4de3a621f8ed40,gfs_seamless,False,0.24,6.9799999999999995,-1.415,0.15070309836455667
turbine_1,2026-01-14 18:00:00+00:00,48,0.1317141670011543,0.1317141670011543,False,False,0.19647238412434084,5.54,-0.7,2026-01-12 19:00:00+00:00,47.0,2026-01-12 22:00:00,2026-01-13T00:00:00+05:00,2433c243b1514bed816b03e2939d4d14c7ff63a0c78a57acae4de3a621f8ed40,gfs_seamless,False,0.10833333333333334,5.855,-2.445,0.023380833667820955
turbine_1,2026-01-14 19:00:00+00:00,48,0.24688292025193534,0.24688292025193534,False,False,0.25744933920704843,6.32,-1.4,2026-01-12 19:00:00+00:00,48.0,2026-01-12 22:00:00,2026-01-13T00:00:00+05:00,2433c243b1514bed816b03e2939d4d14c7ff63a0c78a57acae4de3a621f8ed40,gfs_seamless,False,0.04666666666666667,4.995,-2.8433333333333337,0.20021625358526868
turbine_2,2026-01-12 20:00:00+00:00,24,0.011904691242860765,0.011904691242860765,False,False,0.014639953542392569,2.47,3.7,2026-01-12 19:00:00+00:00,1.0,2026-01-12 22:00:00,2026-01-13T00:00:00+05:00,3180859385eeaf56605974a4b5e96e3950017a0e501b1d85af71aae5cc95d3b4,gfs_seamless,False,0.13833333333333334,5.218333333333334,9.53,0.12642864209047258
turbine_2,2026-01-12 21:00:00+00:00,24,0.009670929594122642,0.009670929594122642,False,False,0.01,0.28,2.2,2026-01-12 19:00:00+00:00,2.0,2026-01-12 22:00:00,2026-01-13T00:00:00+05:00,3180859385eeaf56605974a4b5e96e3950017a0e501b1d85af71aae5cc95d3b4,gfs_seamless,False,0.145,5.391666666666667,9.391666666666667,0.13532907040587736
turbine_2,2026-01-12 22:00:00+00:00,24,0.014789160345488148,0.014789160345488148,False,False,0.024097732843137255,2.6,2.2,2026-01-12 19:00:00+00:00,3.0,2026-01-12 22:00:00,2026-01-13T00:00:00+05:00,3180859385eeaf56605974a4b5e96e3950017a0e501b1d85af71aae5cc95d3b4,gfs_seamless,False,0.22333333333333336,6.171666666666667,9.771666666666667,0.20854417298784522
turbine_2,2026-01-12 23:00:00+00:00,24,0.10194315045239243,0.10194315045239243,False,False,0.14415821812596005,5.13,2.0,2026-01-12 19:00:00+00:00,4.0,2026-01-12 22:00:00,2026-01-13T00:00:00+05:00,3180859385eeaf56605974a4b5e96e3950017a0e501b1d85af71aae5cc95d3b4,gfs_seamless,False,0.17166666666666666,5.633333333333333,9.713333333333333,0.06972351621427424
turbine_2,2026-01-13 00:00:00+00:00,24,0.00959695283180289,0.00959695283180289,False,False,0.01,0.4,1.2,2026-01-12 19:00:00+00:00,5.0,2026-01-12 22:00:00,2026-01-13T00:00:00+05:00,3180859385eeaf56605974a4b5e96e3950017a0e501b1d85af71aae5cc95d3b4,gfs_seamless,False,0.04833333333333334,3.9333333333333336,7.41,0.03873638050153045
turbine_2,2026-01-13 01:00:00+00:00,24,0.00959695283180289,0.00959695283180289,False,False,0.010135167752836108,1.53,1.2,2026-01-12 19:00:00+00:00,6.0,2026-01-12 22:00:00,2026-01-13T00:00:00+05:00,3180859385eeaf56605974a4b5e96e3950017a0e501b1d85af71aae5cc95d3b4,gfs_seamless,False,0.008333333333333333,1.9266666666666665,4.846666666666667,0.0012636194984695561
turbine_2,2026-01-13 02:00:00+00:00,24,0.01778608127491958,0.01778608127491958,False,False,0.03729166666666667,3.24,1.4,2026-01-12 19:00:00+00:00,7.0,2026-01-12 22:00:00,2026-01-13T00:00:00+05:00,3180859385eeaf56605974a4b5e96e3950017a0e501b1d85af71aae5cc95d3b4,gfs_seamless,False,0.021666666666666667,3.615,2.44,0.0038805853917470885
turbine_2,2026-01-13 03:00:00+00:00,24,0.09041178991569827,0.09041178991569827,False,False,0.14415821812596005,5.0,2.1,2026-01-12 19:00:00+00:00,8.0,2026-01-12 22:00:00,2026-01-13T00:00:00+05:00,3180859385eeaf56605974a4b5e96e3950017a0e501b1d85af71aae5cc95d3b4,gfs_seamless,False,0.11,5.201666666666667,1.28,0.019588210084301727
turbine_2,2026-01-13 04:00:00+00:00,24,0.2728472161878336,0.2728472161878336,False,False,0.3144400352733686,6.57,3.7,2026-01-12 19:00:00+00:00,9.0,2026-01-12 22:00:00,2026-01-13T00:00:00+05:00,3180859385eeaf56605974a4b5e96e3950017a0e501b1d85af71aae5cc95d3b4,gfs_seamless,False,0.11166666666666668,5.1499999999999995,1.6483333333333334,0.1611805495211669
turbine_2,2026-01-13 05:00:00+00:00,24,0.44951822019212984,0.44951822019212984,False,False,0.46024867724867724,7.79,4.4,2026-01-12 19:00:00+00:00,10.0,2026-01-12 22:00:00,2026-01-13T00:00:00+05:00,3180859385eeaf56605974a4b5e96e3950017a0e501b1d85af71aae5cc95d3b4,gfs_seamless,False,0.16833333333333333,5.533333333333334,1.4983333333333333,0.2811848868587965
turbine_2,2026-01-13 06:00:00+00:00,24,0.5920129222838505,0.5920129222838505,False,False,0.6156450157870996,8.76,6.0,2026-01-12 19:00:00+00:00,11.0,2026-01-12 22:00:00,2026-01-13T00:00:00+05:00,3180859385eeaf56605974a4b5e96e3950017a0e501b1d85af71aae5cc95d3b4,gfs_seamless,False,0.2333333333333333,6.3500000000000005,4.316666666666666,0.3586795889505172
turbine_2,2026-01-13 07:00:00+00:00,24,0.6823660044145788,0.6823660044145788,False,False,0.6747818871503082,9.3,6.8,2026-01-12 19:00:00+00:00,12.0,2026-01-12 22:00:00,2026-01-13T00:00:00+05:00,3180859385eeaf56605974a4b5e96e3950017a0e501b1d85af71aae5cc95d3b4,gfs_seamless,False,0.5033333333333333,8.023333333333333,6.245,0.17903267108124554
turbine_2,2026-01-13 08:00:00+00:00,24,0.8299404389846963,0.8299404389846963,False,False,0.8245634379263301,10.01,7.2,2026-01-12 19:00:00+00:00,13.0,2026-01-12 22:00:00,2026-01-13T00:00:00+05:00,3180859385eeaf56605974a4b5e96e3950017a0e501b1d85af71aae5cc95d3b4,gfs_seamless,False,0.7066666666666667,9.063333333333334,7.773333333333333,0.1232737723180296
turbine_2,2026-01-13 09:00:00+00:00,24,0.9353528815905134,0.9353528815905134,False,False,0.8846255144032922,10.92,6.9,2026-01-12 19:00:00+00:00,14.0,2026-01-12 22:00:00,2026-01-13T00:00:00+05:00,3180859385eeaf56605974a4b5e96e3950017a0e501b1d85af71aae5cc95d3b4,gfs_seamless,False,0.8166666666666668,10.23,8.791666666666666,0.11868621492384668
turbine_2,2026-01-13 10:00:00+00:00,24,0.9718294583621455,0.9718294583621455,False,False,0.9521050347222223,11.94,5.9,2026-01-12 19:00:00+00:00,15.0,2026-01-12 22:00:00,2026-01-13T00:00:00+05:00,3180859385eeaf56605974a4b5e96e3950017a0e501b1d85af71aae5cc95d3b4,gfs_seamless,False,0.9833333333333334,12.17,9.413333333333334,0.011503874971187877
turbine_2,2026-01-13 11:00:00+00:00,24,0.9788497198714727,0.9788497198714727,False,False,0.9697865853658537,13.46,4.4,2026-01-12 19:00:00+00:00,16.0,2026-01-12 22:00:00,2026-01-13T00:00:00+05:00,3180859385eeaf56605974a4b5e96e3950017a0e501b1d85af71aae5cc95d3b4,gfs_seamless,False,0.9883333333333333,11.895000000000001,9.556666666666667,0.009483613461860552
turbine_2,2026-01-13 12:00:00+00:00,24,0.9491789742978843,0.9491789742978843,False,False,0.9496153846153847,15.08,3.7,2026-01-12 19:00:00+00:00,17.0,2026-01-12 22:00:00,2026-01-13T00:00:00+05:00,3180859385eeaf56605974a4b5e96e3950017a0e501b1d85af71aae5cc95d3b4,gfs_seamless,False,0.9899999999999999,12.696666666666665,8.366666666666665,0.04082102570211554
turbine_2,2026-01-13 13:00:00+00:00,24,0.9711504962094952,0.9711504962094952,False,False,0.9623423423423424,14.68,3.1,2026-01-12 19:00:00+00:00,18.0,2026-01-12 22:00:00,2026-01-13T00:00:00+05:00,3180859385eeaf56605974a4b5e96e3950017a0e501b1d85af71aae5cc95d3b4,gfs_seamless,False,0.9899999999999999,12.895000000000001,7.575,0.01884950379050465
turbine_2,2026-01-13 14:00:00+00:00,24,0.9730983648125886,0.9730983648125886,False,False,0.9608080808080809,13.85,2.4,2026-01-12 19:00:00+00:00,19.0,2026-01-12 22:00:00,2026-01-13T00:00:00+05:00,3180859385eeaf56605974a4b5e96e3950017a0e501b1d85af71aae5cc95d3b4,gfs_seamless,False,0.9916666666666667,13.85,7.261666666666667,0.018568301854078095
turbine_2,2026-01-13 15:00:00+00:00,24,0.9775463159089177,0.9775463159089177,False,False,0.9697865853658537,13.16,1.8,2026-01-12 19:00:00+00:00,20.0,2026-01-12 22:00:00,2026-01-13T00:00:00+05:00,3180859385eeaf56605974a4b5e96e3950017a0e501b1d85af71aae5cc95d3b4,gfs_seamless,False,0.995,13.753333333333332,7.051666666666667,0.017453684091082278
turbine_2,2026-01-13 16:00:00+00:00,24,0.9754573959531769,0.9754573959531769,False,False,0.9521050347222223,11.72,1.2,2026-01-12 19:00:00+00:00,21.0,2026-01-12 22:00:00,2026-01-13T00:00:00+05:00,3180859385eeaf56605974a4b5e96e3950017a0e501b1d85af71aae5cc95d3b4,gfs_seamless,False,0.9700000000000001,12.151666666666666,6.536666666666666,0.005457395953176847
turbine_2,2026-01-13 17:00:00+00:00,24,0.9134897347213246,0.9134897347213246,False,False,0.8846255144032922,10.66,0.6,2026-01-12 19:00:00+00:00,22.0,2026-01-12 22:00:00,2026-01-13T00:00:00+05:00,3180859385eeaf56605974a4b5e96e3950017a0e501b1d85af71aae5cc95d3b4,gfs_seamless,False,0.9733333333333333,11.056666666666667,6.533333333333334,0.05984359861200872
turbine_2,2026-01-13 18:00:00+00:00,24,0.8681847981239127,0.8681847981239127,False,False,0.8245634379263301,10.43,0.4,2026-01-12 19:00:00+00:00,23.0,2026-01-12 22:00:00,2026-01-13T00:00:00+05:00,3180859385eeaf56605974a4b5e96e3950017a0e501b1d85af71aae5cc95d3b4,gfs_seamless,False,0.8450000000000001,9.729999999999999,6.925,0.02318479812391261
turbine_2,2026-01-13 19:00:00+00:00,24,0.870300889560639,0.870300889560639,False,False,0.8245634379263301,10.44,0.2,2026-01-12 19:00:00+00:00,24.0,2026-01-12 22:00:00,2026-01-13T00:00:00+05:00,3180859385eeaf56605974a4b5e96e3950017a0e501b1d85af71aae5cc95d3b4,gfs_seamless,False,0.7000000000000001,8.756666666666666,6.868333333333333,0.17030088956063894
turbine_2,2026-01-13 20:00:00+00:00,48,0.8665913774540153,0.8665913774540153,False,False,0.8245634379263301,10.26,0.1,2026-01-12 19:00:00+00:00,25.0,2026-01-12 22:00:00,2026-01-13T00:00:00+05:00,3180859385eeaf56605974a4b5e96e3950017a0e501b1d85af71aae5cc95d3b4,gfs_seamless,False,0.79,10.001666666666667,5.33,0.07659137745401523
turbine_2,2026-01-13 21:00:00+00:00,48,0.8634060688741921,0.8634060688741921,False,False,0.8245634379263301,10.21,0.2,2026-01-12 19:00:00+00:00,26.0,2026-01-12 22:00:00,2026-01-13T00:00:00+05:00,3180859385eeaf56605974a4b5e96e3950017a0e501b1d85af71aae5cc95d3b4,gfs_seamless,False,0.9133333333333332,11.073333333333332,3.611666666666667,0.049927264459141085
turbine_2,2026-01-13 22:00:00+00:00,48,0.8671737563783625,0.8671737563783625,False,False,0.8245634379263301,10.22,0.1,2026-01-12 19:00:00+00:00,27.0,2026-01-12 22:00:00,2026-01-13T00:00:00+05:00,3180859385eeaf56605974a4b5e96e3950017a0e501b1d85af71aae5cc95d3b4,gfs_seamless,False,0.7583333333333333,9.658333333333333,1.7216666666666667,0.10884042304502917
turbine_2,2026-01-13 23:00:00+00:00,48,0.846298149198633,0.846298149198633,False,False,0.7525520833333333,9.98,-0.3,2026-01-12 19:00:00+00:00,28.0,2026-01-12 22:00:00,2026-01-13T00:00:00+05:00,3180859385eeaf56605974a4b5e96e3950017a0e501b1d85af71aae5cc95d3b4,gfs_seamless,False,0.5,8.098333333333333,1.0833333333333333,0.346298149198633
turbine_2,2026-01-14 00:00:00+00:00,48,0.846298149198633,0.846298149198633,False,False,0.7525520833333333,9.98,-0.4,2026-01-12 19:00:00+00:00,29.0,2026-01-12 22:00:00,2026-01-13T00:00:00+05:00,3180859385eeaf56605974a4b5e96e3950017a0e501b1d85af71aae5cc95d3b4,gfs_seamless,False,0.3,6.733333333333333,-0.05333333333333334,0.546298149198633
turbine_2,2026-01-14 01:00:00+00:00,48,0.7906143366273188,0.7906143366273188,False,False,0.7525520833333333,9.67,-0.3,2026-01-12 19:00:00+00:00,30.0,2026-01-12 22:00:00,2026-01-13T00:00:00+05:00,3180859385eeaf56605974a4b5e96e3950017a0e501b1d85af71aae5cc95d3b4,gfs_seamless,False,0.06333333333333334,3.25,0.12666666666666668,0.7272810032939855
turbine_2,2026-01-14 02:00:00+00:00,48,0.7073830134463819,0.7073830134463819,False,False,0.6747818871503082,9.18,-0.6,2026-01-12 19:00:00+00:00,31.0,2026-01-12 22:00:00,2026-01-13T00:00:00+05:00,3180859385eeaf56605974a4b5e96e3950017a0e501b1d85af71aae5cc95d3b4,gfs_seamless,False,0.03166666666666667,2.191666666666667,0.7933333333333333,0.6757163467797153
turbine_2,2026-01-14 03:00:00+00:00,48,0.5904929326751964,0.5904929326751964,False,False,0.6156450157870996,8.6,-0.3,2026-01-12 19:00:00+00:00,32.0,2026-01-12 22:00:00,2026-01-13T00:00:00+05:00,3180859385eeaf56605974a4b5e96e3950017a0e501b1d85af71aae5cc95d3b4,gfs_seamless,False,0.34833333333333333,7.6433333333333335,-0.18333333333333332,0.2421595993418631
turbine_2,2026-01-14 04:00:00+00:00,48,0.47238158375534256,0.47238158375534256,False,False,0.46024867724867724,7.75,0.9,2026-01-12 19:00:00+00:00,33.0,2026-01-12 22:00:00,2026-01-13T00:00:00+05:00,3180859385eeaf56605974a4b5e96e3950017a0e501b1d85af71aae5cc95d3b4,gfs_seamless,False,0.26333333333333336,6.866666666666667,-2.0366666666666666,0.2090482504220092
turbine_2,2026-01-14 05:00:00+00:00,48,0.3986760785220571,0.3986760785220571,False,False,0.38906280193236714,7.42,1.8,2026-01-12 19:00:00+00:00,34.0,2026-01-12 22:00:00,2026-01-13T00:00:00+05:00,3180859385eeaf56605974a4b5e96e3950017a0e501b1d85af71aae5cc95d3b4,gfs_seamless,False,0.05666666666666667,4.863333333333333,-1.5283333333333333,0.34200941185539047
turbine_2,2026-01-14 06:00:00+00:00,48,0.34841662334512186,0.34841662334512186,False,False,0.3144400352733686,6.98,3.1,2026-01-12 19:00:00+00:00,35.0,2026-01-12 22:00:00,2026-01-13T00:00:00+05:00,3180859385eeaf56605974a4b5e96e3950017a0e501b1d85af71aae5cc95d3b4,gfs_seamless,False,0.028333333333333332,4.364999999999999,-0.8333333333333334,0.32008329001178853
turbine_2,2026-01-14 07:00:00+00:00,48,0.13732060037957824,0.13732060037957824,False,False,0.1893503511615343,5.57,4.1,2026-01-12 19:00:00+00:00,36.0,2026-01-12 22:00:00,2026-01-13T00:00:00+05:00,3180859385eeaf56605974a4b5e96e3950017a0e501b1d85af71aae5cc95d3b4,gfs_seamless,False,0.07,5.095,-0.49333333333333335,0.06732060037957824
turbine_2,2026-01-14 08:00:00+00:00,48,0.03667127833668633,0.03667127833668633,False,False,0.05571104122990916,3.96,4.6,2026-01-12 19:00:00+00:00,37.0,2026-01-12 22:00:00,2026-01-13T00:00:00+05:00,3180859385eeaf56605974a4b5e96e3950017a0e501b1d85af71aae5cc95d3b4,gfs_seamless,False,0.125,5.73,-0.45999999999999996,0.08832872166331367
turbine_2,2026-01-14 09:00:00+00:00,48,0.013471719884477507,0.013471719884477507,False,False,0.014639953542392569,2.42,4.9,2026-01-12 19:00:00+00:00,38.0,2026-01-12 22:00:00,2026-01-13T00:00:00+05:00,3180859385eeaf56605974a4b5e96e3950017a0e501b1d85af71aae5cc95d3b4,gfs_seamless,False,0.1366666666666667,5.803333333333334,0.25333333333333335,0.12319494678218917
turbine_2,2026-01-14 10:00:00+00:00,48,0.010082266301202476,0.010082266301202476,False,False,0.009706867671691792,1.46,4.6,2026-01-12 19:00:00+00:00,39.0,2026-01-12 22:00:00,2026-01-13T00:00:00+05:00,3180859385eeaf56605974a4b5e96e3950017a0e501b1d85af71aae5cc95d3b4,gfs_seamless,False,0.14833333333333334,5.984999999999999,0.3,0.13825106703213086
turbine_2,2026-01-14 11:00:00+00:00,48,0.007616719164373671,0.007616719164373671,False,False,0.009930555555555557,0.71,2.7,2026-01-12 19:00:00+00:00,40.0,2026-01-12 22:00:00,2026-01-13T00:00:00+05:00,3180859385eeaf56605974a4b5e96e3950017a0e501b1d85af71aae5cc95d3b4,gfs_seamless,False,0.12,5.5249999999999995,0.3666666666666667,0.11238328083562632
turbine_2,2026-01-14 12:00:00+00:00,48,0.009213264350174272,0.009213264350174272,False,True,0.01,0.14,0.8,2026-01-12 19:00:00+00:00,41.0,2026-01-12 22:00:00,2026-01-13T00:00:00+05:00,3180859385eeaf56605974a4b5e96e3950017a0e501b1d85af71aae5cc95d3b4,gfs_seamless,False,0.16833333333333333,6.048333333333333,0.21,0.15912006898315906
turbine_2,2026-01-14 13:00:00+00:00,48,0.00959695283180289,0.00959695283180289,False,False,0.009930555555555557,0.71,1.0,2026-01-12 19:00:00+00:00,42.0,2026-01-12 22:00:00,2026-01-13T00:00:00+05:00,3180859385eeaf56605974a4b5e96e3950017a0e501b1d85af71aae5cc95d3b4,gfs_seamless,False,0.13333333333333333,5.805,0.24333333333333332,0.12373638050153044
turbine_2,2026-01-14 14:00:00+00:00,48,0.00959695283180289,0.00959695283180289,False,False,0.009706867671691792,1.36,1.0,2026-01-12 19:00:00+00:00,43.0,2026-01-12 22:00:00,2026-01-13T00:00:00+05:00,3180859385eeaf56605974a4b5e96e3950017a0e501b1d85af71aae5cc95d3b4,gfs_seamless,False,0.1366666666666667,5.763333333333333,-0.08166666666666667,0.1270697138348638
turbine_2,2026-01-14 15:00:00+00:00,48,0.01140419206855292,0.01140419206855292,False,False,0.014639953542392569,2.46,0.8,2026-01-12 19:00:00+00:00,44.0,2026-01-12 22:00:00,2026-01-13T00:00:00+05:00,3180859385eeaf56605974a4b5e96e3950017a0e501b1d85af71aae5cc95d3b4,gfs_seamless,False,0.205,6.396666666666667,-0.6266666666666666,0.19359580793144707
turbine_2,2026-01-14 16:00:00+00:00,48,0.04869326454044937,0.04869326454044937,False,False,0.07937710437710437,4.39,0.5,2026-01-12 19:00:00+00:00,45.0,2026-01-12 22:00:00,2026-01-13T00:00:00+05:00,3180859385eeaf56605974a4b5e96e3950017a0e501b1d85af71aae5cc95d3b4,gfs_seamless,False,0.3666666666666667,7.593333333333334,-1.5466666666666666,0.31797340212621733
turbine_2,2026-01-14 17:00:00+00:00,48,0.08875795543878619,0.08875795543878619,False,False,0.14415821812596005,5.11,0.2,2026-01-12 19:00:00+00:00,46.0,2026-01-12 22:00:00,2026-01-13T00:00:00+05:00,3180859385eeaf56605974a4b5e96e3950017a0e501b1d85af71aae5cc95d3b4,gfs_seamless,False,0.27666666666666667,7.426666666666667,-1.7266666666666666,0.1879087112278805
turbine_2,2026-01-14 18:00:00+00:00,48,0.12115463326873356,0.12115463326873356,False,False,0.1893503511615343,5.54,-0.7,2026-01-12 19:00:00+00:00,47.0,2026-01-12 22:00:00,2026-01-13T00:00:00+05:00,3180859385eeaf56605974a4b5e96e3950017a0e501b1d85af71aae5cc95d3b4,gfs_seamless,False,0.13333333333333333,6.515000000000001,-2.796666666666667,0.01217870006459977
turbine_2,2026-01-14 19:00:00+00:00,48,0.2185177984987022,0.2185177984987022,False,False,0.24721987016652558,6.32,-1.4,2026-01-12 19:00:00+00:00,48.0,2026-01-12 22:00:00,2026-01-13T00:00:00+05:00,3180859385eeaf56605974a4b5e96e3950017a0e501b1d85af71aae5cc95d3b4,gfs_seamless,False,0.06,5.433333333333334,-3.205,0.1585177984987022
turbine_1,2026-01-13 20:00:00+00:00,24,0.897147125422311,0.897147125422311,False,False,0.8301022222222223,10.47,0.1,2026-01-13 19:00:00+00:00,1.0,2026-01-13 22:00:00,2026-01-14T00:00:00+05:00,c2e14a92e424b5aba1bc63a07154c490e59dfd986735b75168c8bc7cfd5c0858,gfs_seamless,False,0.8383333333333334,10.331666666666665,5.321666666666666,0.058813792088977634
turbine_1,2026-01-13 21:00:00+00:00,24,0.9432166383633476,0.9432166383633476,False,False,0.8928699085619286,10.84,0.2,2026-01-13 19:00:00+00:00,2.0,2026-01-13 22:00:00,2026-01-14T00:00:00+05:00,c2e14a92e424b5aba1bc63a07154c490e59dfd986735b75168c8bc7cfd5c0858,gfs_seamless,False,0.935,11.463333333333333,3.596666666666667,0.008216638363347517
turbine_1,2026-01-13 22:00:00+00:00,24,0.8818156230515076,0.8818156230515076,False,False,0.8301022222222223,10.24,-0.0,2026-01-13 19:00:00+00:00,3.0,2026-01-13 22:00:00,2026-01-14T00:00:00+05:00,c2e14a92e424b5aba1bc63a07154c490e59dfd986735b75168c8bc7cfd5c0858,gfs_seamless,False,0.8633333333333333,10.416666666666666,2.0483333333333333,0.01848228971817434
turbine_1,2026-01-13 23:00:00+00:00,24,0.8859726351633186,0.8859726351633186,False,False,0.8301022222222223,10.25,-0.1,2026-01-13 19:00:00+00:00,4.0,2026-01-13 22:00:00,2026-01-14T00:00:00+05:00,c2e14a92e424b5aba1bc63a07154c490e59dfd986735b75168c8bc7cfd5c0858,gfs_seamless,False,0.57,8.426666666666668,0.9899999999999999,0.31597263516331864
turbine_1,2026-01-14 00:00:00+00:00,24,0.8799311513041401,0.8799311513041401,False,False,0.8301022222222223,10.16,-0.0,2026-01-13 19:00:00+00:00,5.0,2026-01-13 22:00:00,2026-01-14T00:00:00+05:00,c2e14a92e424b5aba1bc63a07154c490e59dfd986735b75168c8bc7cfd5c0858,gfs_seamless,False,0.36000000000000004,6.711666666666666,0.11166666666666668,0.51993115130414
turbine_1,2026-01-14 01:00:00+00:00,24,0.8445292962754812,0.8445292962754812,False,False,0.7641420845624386,9.89,-0.3,2026-01-13 19:00:00+00:00,6.0,2026-01-13 22:00:00,2026-01-14T00:00:00+05:00,c2e14a92e424b5aba1bc63a07154c490e59dfd986735b75168c8bc7cfd5c0858,gfs_seamless,False,0.09166666666666667,3.8066666666666666,0.12333333333333334,0.7528626296088146
turbine_1,2026-01-14 02:00:00+00:00,24,0.8473194366427528,0.8473194366427528,False,False,0.7641420845624386,9.98,-0.7,2026-01-13 19:00:00+00:00,7.0,2026-01-13 22:00:00,2026-01-14T00:00:00+05:00,c2e14a92e424b5aba1bc63a07154c490e59dfd986735b75168c8bc7cfd5c0858,gfs_seamless,False,0.036666666666666674,2.0633333333333335,0.8066666666666666,0.8106527699760862
turbine_1,2026-01-14 03:00:00+00:00,24,0.7364644675246115,0.7364644675246115,False,False,0.694887048192771,9.21,-0.5,2026-01-13 19:00:00+00:00,8.0,2026-01-13 22:00:00,2026-01-14T00:00:00+05:00,c2e14a92e424b5aba1bc63a07154c490e59dfd986735b75168c8bc7cfd5c0858,gfs_seamless,False,0.31666666666666665,7.171666666666667,0.004999999999999986,0.4197978008579448
turbine_1,2026-01-14 04:00:00+00:00,24,0.6011194738522824,0.6011194738522824,False,False,0.5476986951364176,8.37,0.8,2026-01-13 19:00:00+00:00,9.0,2026-01-13 22:00:00,2026-01-14T00:00:00+05:00,c2e14a92e424b5aba1bc63a07154c490e59dfd986735b75168c8bc7cfd5c0858,gfs_seamless,False,0.26,6.866666666666667,-1.3583333333333334,0.34111947385228236
turbine_1,2026-01-14 05:00:00+00:00,24,0.5002757191391793,0.5002757191391793,False,False,0.47598876404494384,7.74,2.1,2026-01-13 19:00:00+00:00,10.0,2026-01-13 22:00:00,2026-01-14T00:00:00+05:00,c2e14a92e424b5aba1bc63a07154c490e59dfd986735b75168c8bc7cfd5c0858,gfs_seamless,False,0.045000000000000005,4.3950000000000005,-1.5016666666666667,0.45527571913917936
turbine_1,2026-01-14 06:00:00+00:00,24,0.1711365490161722,0.1711365490161722,False,False,0.1964645625692137,5.74,3.0,2026-01-13 19:00:00+00:00,11.0,2026-01-13 22:00:00,2026-01-14T00:00:00+05:00,c2e14a92e424b5aba1bc63a07154c490e59dfd986735b75168c8bc7cfd5c0858,gfs_seamless,False,0.015,3.643333333333333,-0.685,0.1561365490161722
turbine_1,2026-01-14 07:00:00+00:00,24,0.06612518277590931,0.06612518277590931,False,False,0.08223615464994775,4.4,3.8,2026-01-13 19:00:00+00:00,12.0,2026-01-13 22:00:00,2026-01-14T00:00:00+05:00,c2e14a92e424b5aba1bc63a07154c490e59dfd986735b75168c8bc7cfd5c0858,gfs_seamless,False,0.06333333333333334,4.723333333333334,-0.2733333333333334,0.002791849442575975
turbine_1,2026-01-14 08:00:00+00:00,24,0.02481679097522032,0.02481679097522032,False,False,0.04037076648841355,3.23,4.2,2026-01-13 19:00:00+00:00,13.0,2026-01-13 22:00:00,2026-01-14T00:00:00+05:00,c2e14a92e424b5aba1bc63a07154c490e59dfd986735b75168c8bc7cfd5c0858,gfs_seamless,False,0.11333333333333334,5.536666666666666,-0.24166666666666667,0.08851654235811302
turbine_1,2026-01-14 09:00:00+00:00,24,0.01085319955049189,0.01085319955049189,False,False,0.016071428571428573,2.04,4.5,2026-01-13 19:00:00+00:00,14.0,2026-01-13 22:00:00,2026-01-14T00:00:00+05:00,c2e14a92e424b5aba1bc63a07154c490e59dfd986735b75168c8bc7cfd5c0858,gfs_seamless,False,0.1366666666666667,5.718333333333334,0.3016666666666667,0.1258134671161748
turbine_1,2026-01-14 10:00:00+00:00,24,0.009719591186905784,0.009719591186905784,False,False,0.009960869565217391,1.2,4.5,2026-01-13 19:00:00+00:00,15.0,2026-01-13 22:00:00,2026-01-14T00:00:00+05:00,c2e14a92e424b5aba1bc63a07154c490e59dfd986735b75168c8bc7cfd5c0858,gfs_seamless,False,0.17,5.993333333333333,0.5066666666666667,0.16028040881309422
turbine_1,2026-01-14 11:00:00+00:00,24,0.009655226317298133,0.009655226317298133,False,False,0.01,0.36,2.8,2026-01-13 19:00:00+00:00,16.0,2026-01-13 22:00:00,2026-01-14T00:00:00+05:00,c2e14a92e424b5aba1bc63a07154c490e59dfd986735b75168c8bc7cfd5c0858,gfs_seamless,False,0.11499999999999999,5.41,0.4216666666666667,0.10534477368270186
turbine_1,2026-01-14 12:00:00+00:00,24,0.009452026732266172,0.009452026732266172,False,False,0.009960869565217391,1.17,1.8,2026-01-13 19:00:00+00:00,17.0,2026-01-13 22:00:00,2026-01-14T00:00:00+05:00,c2e14a92e424b5aba1bc63a07154c490e59dfd986735b75168c8bc7cfd5c0858,gfs_seamless,False,0.155,5.765000000000001,0.375,0.14554797326773383
turbine_1,2026-01-14 13:00:00+00:00,24,0.0192975811849437,0.0192975811849437,False,False,0.02535218253968254,2.9,1.8,2026-01-13 19:00:00+00:00,18.0,2026-01-13 22:00:00,2026-01-14T00:00:00+05:00,c2e14a92e424b5aba1bc63a07154c490e59dfd986735b75168c8bc7cfd5c0858,gfs_seamless,False,0.14,5.7,0.37833333333333335,0.1207024188150563
turbine_1,2026-01-14 14:00:00+00:00,24,0.11346670515878189,0.11346670515878189,False,False,0.14993656834760546,5.15,1.4,2026-01-13 19:00:00+00:00,19.0,2026-01-13 22:00:00,2026-01-14T00:00:00+05:00,c2e14a92e424b5aba1bc63a07154c490e59dfd986735b75168c8bc7cfd5c0858,gfs_seamless,False,0.13333333333333333,5.5249999999999995,0.09833333333333333,0.01986662817455144
turbine_1,2026-01-14 15:00:00+00:00,24,0.3539124357373846,0.3539124357373846,False,False,0.32580314009661837,6.86,1.1,2026-01-13 19:00:00+00:00,20.0,2026-01-13 22:00:00,2026-01-14T00:00:00+05:00,c2e14a92e424b5aba1bc63a07154c490e59dfd986735b75168c8bc7cfd5c0858,gfs_seamless,False,0.20000000000000004,6.198333333333333,-0.47833333333333333,0.15391243573738458
turbine_1,2026-01-14 16:00:00+00:00,24,0.463017296977115,0.463017296977115,False,False,0.47598876404494384,7.55,0.4,2026-01-13 19:00:00+00:00,21.0,2026-01-13 22:00:00,2026-01-14T00:00:00+05:00,c2e14a92e424b5aba1bc63a07154c490e59dfd986735b75168c8bc7cfd5c0858,gfs_seamless,False,0.36166666666666664,7.385000000000001,-1.3933333333333333,0.10135063031044839
turbine_1,2026-01-14 17:00:00+00:00,24,0.45117982894788267,0.45117982894788267,False,False,0.47598876404494384,7.57,-0.6,2026-01-13 19:00:00+00:00,22.0,2026-01-13 22:00:00,2026-01-14T00:00:00+05:00,c2e14a92e424b5aba1bc63a07154c490e59dfd986735b75168c8bc7cfd5c0858,gfs_seamless,False,0.24,6.9799999999999995,-1.415,0.21117982894788268
turbine_1,2026-01-14 18:00:00+00:00,24,0.47406487467987507,0.47406487467987507,False,False,0.47598876404494384,7.74,-1.1,2026-01-13 19:00:00+00:00,23.0,2026-01-13 22:00:00,2026-01-14T00:00:00+05:00,c2e14a92e424b5aba1bc63a07154c490e59dfd986735b75168c8bc7cfd5c0858,gfs_seamless,False,0.10833333333333334,5.855,-2.445,0.36573154134654173
turbine_1,2026-01-14 19:00:00+00:00,24,0.2465886905194571,0.2465886905194571,False,False,0.25740252125476404,6.39,-1.7,2026-01-13 19:00:00+00:00,24.0,2026-01-13 22:00:00,2026-01-14T00:00:00+05:00,c2e14a92e424b5aba1bc63a07154c490e59dfd986735b75168c8bc7cfd5c0858,gfs_seamless,False,0.04666666666666667,4.995,-2.8433333333333337,0.19992202385279043
turbine_1,2026-01-14 20:00:00+00:00,48,0.12279995090933296,0.12279995090933296,False,False,0.1964645625692137,5.51,-1.9,2026-01-13 19:00:00+00:00,25.0,2026-01-13 22:00:00,2026-01-14T00:00:00+05:00,c2e14a92e424b5aba1bc63a07154c490e59dfd986735b75168c8bc7cfd5c0858,gfs_seamless,False,0.02,4.41,-2.9516666666666667,0.10279995090933296
turbine_1,2026-01-14 21:00:00+00:00,48,0.061860772976469705,0.061860772976469705,False,False,0.11280212483399735,4.62,-2.3,2026-01-13 19:00:00+00:00,26.0,2026-01-13 22:00:00,2026-01-14T00:00:00+05:00,c2e14a92e424b5aba1bc63a07154c490e59dfd986735b75168c8bc7cfd5c0858,gfs_seamless,False,0.02,4.681666666666667,-3.2483333333333335,0.0418607729764697
turbine_1,2026-01-14 22:00:00+00:00,48,0.02336716003590073,0.02336716003590073,False,False,0.058536135693215335,3.72,-2.8,2026-01-13 19:00:00+00:00,27.0,2026-01-13 22:00:00,2026-01-14T00:00:00+05:00,c2e14a92e424b5aba1bc63a07154c490e59dfd986735b75168c8bc7cfd5c0858,gfs_seamless,False,0.011666666666666667,4.358333333333333,-3.42,0.011700493369234065
turbine_1,2026-01-14 23:00:00+00:00,48,0.0236684255785323,0.0236684255785323,False,False,0.058536135693215335,3.71,-3.3,2026-01-13 19:00:00+00:00,28.0,2026-01-13 22:00:00,2026-01-14T00:00:00+05:00,c2e14a92e424b5aba1bc63a07154c490e59dfd986735b75168c8bc7cfd5c0858,gfs_seamless,False,0.01,3.6799999999999997,-3.401666666666667,0.013668425578532298
turbine_1,2026-01-15 00:00:00+00:00,48,0.04054032154028655,0.04054032154028655,False,False,0.08223615464994775,4.3,-4.0,2026-01-13 19:00:00+00:00,29.0,2026-01-13 22:00:00,2026-01-14T00:00:00+05:00,c2e14a92e424b5aba1bc63a07154c490e59dfd986735b75168c8bc7cfd5c0858,gfs_seamless,False,0.01,3.1333333333333333,-3.2566666666666664,0.030540321540286547
turbine_1,2026-01-15 01:00:00+00:00,48,0.02543769987931475,0.02543769987931475,False,False,0.08223615464994775,4.02,-3.8,2026-01-13 19:00:00+00:00,30.0,2026-01-13 22:00:00,2026-01-14T00:00:00+05:00,c2e14a92e424b5aba1bc63a07154c490e59dfd986735b75168c8bc7cfd5c0858,gfs_seamless,False,0.01,1.8816666666666666,-3.0483333333333333,0.01543769987931475
turbine_1,2026-01-15 02:00:00+00:00,48,0.01954910596024725,0.01954910596024725,False,False,0.058536135693215335,3.61,-3.7,2026-01-13 19:00:00+00:00,31.0,2026-01-13 22:00:00,2026-01-14T00:00:00+05:00,c2e14a92e424b5aba1bc63a07154c490e59dfd986735b75168c8bc7cfd5c0858,gfs_seamless,False,0.01,1.6283333333333332,-3.188333333333333,0.00954910596024725
turbine_1,2026-01-15 03:00:00+00:00,48,0.008822559739252075,0.008822559739252075,False,False,0.016071428571428573,2.09,-3.2,2026-01-13 19:00:00+00:00,32.0,2026-01-13 22:00:00,2026-01-14T00:00:00+05:00,c2e14a92e424b5aba1bc63a07154c490e59dfd986735b75168c8bc7cfd5c0858,gfs_seamless,False,0.01,2.2100000000000004,-3.3466666666666662,0.001177440260747925
turbine_1,2026-01-15 04:00:00+00:00,48,0.008636385677342205,0.008636385677342205,False,False,0.009988925802879292,0.91,-2.7,2026-01-13 19:00:00+00:00,33.0,2026-01-13 22:00:00,2026-01-14T00:00:00+05:00,c2e14a92e424b5aba1bc63a07154c490e59dfd986735b75168c8bc7cfd5c0858,gfs_seamless,False,0.01,2.245,-3.3966666666666665,0.0013636143226577954
turbine_1,2026-01-15 05:00:00+00:00,48,0.014372538143992959,0.014372538143992959,False,False,0.02535218253968254,2.62,-1.6,2026-01-13 19:00:00+00:00,34.0,2026-01-13 22:00:00,2026-01-14T00:00:00+05:00,c2e14a92e424b5aba1bc63a07154c490e59dfd986735b75168c8bc7cfd5c0858,gfs_seamless,False,0.01,2.3333333333333335,-2.965,0.004372538143992959
turbine_1,2026-01-15 06:00:00+00:00,48,0.10300205310267967,0.10300205310267967,False,False,0.14993656834760546,5.16,-0.1,2026-01-13 19:00:00+00:00,35.0,2026-01-13 22:00:00,2026-01-14T00:00:00+05:00,c2e14a92e424b5aba1bc63a07154c490e59dfd986735b75168c8bc7cfd5c0858,gfs_seamless,False,0.01,1.2416666666666667,-2.0416666666666665,0.09300205310267967
turbine_1,2026-01-15 07:00:00+00:00,48,0.08832212093545092,0.08832212093545092,False,False,0.11280212483399735,4.86,0.7,2026-01-13 19:00:00+00:00,36.0,2026-01-13 22:00:00,2026-01-14T00:00:00+05:00,c2e14a92e424b5aba1bc63a07154c490e59dfd986735b75168c8bc7cfd5c0858,gfs_seamless,False,0.01,1.5966666666666667,-1.8566666666666667,0.07832212093545092
turbine_1,2026-01-15 08:00:00+00:00,48,0.2602809196235288,0.2602809196235288,False,False,0.25740252125476404,6.39,0.3,2026-01-13 19:00:00+00:00,37.0,2026-01-13 22:00:00,2026-01-14T00:00:00+05:00,c2e14a92e424b5aba1bc63a07154c490e59dfd986735b75168c8bc7cfd5c0858,gfs_seamless,False,0.01,2.7083333333333335,-1.7066666666666668,0.2502809196235288
turbine_1,2026-01-15 09:00:00+00:00,48,0.10525850434804876,0.10525850434804876,False,False,0.11280212483399735,4.97,1.7,2026-01-13 19:00:00+00:00,38.0,2026-01-13 22:00:00,2026-01-14T00:00:00+05:00,c2e14a92e424b5aba1bc63a07154c490e59dfd986735b75168c8bc7cfd5c0858,gfs_seamless,False,0.01,3.0533333333333332,-1.5766666666666669,0.09525850434804876
turbine_1,2026-01-15 10:00:00+00:00,48,0.09838607753996288,0.09838607753996288,False,False,0.14993656834760546,5.1,0.7,2026-01-13 19:00:00+00:00,39.0,2026-01-13 22:00:00,2026-01-14T00:00:00+05:00,c2e14a92e424b5aba1bc63a07154c490e59dfd986735b75168c8bc7cfd5c0858,gfs_seamless,False,0.02,4.558333333333334,-1.2833333333333334,0.07838607753996288
turbine_1,2026-01-15 11:00:00+00:00,48,0.13491050669041801,0.13491050669041801,False,False,0.1964645625692137,5.5,0.8,2026-01-13 19:00:00+00:00,40.0,2026-01-13 22:00:00,2026-01-14T00:00:00+05:00,c2e14a92e424b5aba1bc63a07154c490e59dfd986735b75168c8bc7cfd5c0858,gfs_seamless,False,0.04,4.963333333333334,-1.2866666666666668,0.094910506690418
turbine_1,2026-01-15 12:00:00+00:00,48,0.6748411458701267,0.6748411458701267,False,False,0.6263133528265107,8.81,-0.7,2026-01-13 19:00:00+00:00,41.0,2026-01-13 22:00:00,2026-01-14T00:00:00+05:00,c2e14a92e424b5aba1bc63a07154c490e59dfd986735b75168c8bc7cfd5c0858,gfs_seamless,False,0.08333333333333333,5.878333333333334,-1.1849999999999998,0.5915078125367933
turbine_1,2026-01-15 13:00:00+00:00,48,0.8443935265915486,0.8443935265915486,False,False,0.7641420845624386,9.96,-0.6,2026-01-13 19:00:00+00:00,42.0,2026-01-13 22:00:00,2026-01-14T00:00:00+05:00,c2e14a92e424b5aba1bc63a07154c490e59dfd986735b75168c8bc7cfd5c0858,gfs_seamless,False,0.09166666666666667,5.6883333333333335,-1.115,0.752726859924882
turbine_1,2026-01-15 14:00:00+00:00,48,0.25948829752767455,0.25948829752767455,False,False,0.25740252125476404,6.37,-1.1,2026-01-13 19:00:00+00:00,43.0,2026-01-13 22:00:00,2026-01-14T00:00:00+05:00,c2e14a92e424b5aba1bc63a07154c490e59dfd986735b75168c8bc7cfd5c0858,gfs_seamless,False,0.06333333333333334,5.091666666666667,-1.3,0.1961549641943412
turbine_1,2026-01-15 15:00:00+00:00,48,0.019424979654003454,0.019424979654003454,False,False,0.04037076648841355,3.04,-1.3,2026-01-13 19:00:00+00:00,44.0,2026-01-13 22:00:00,2026-01-14T00:00:00+05:00,c2e14a92e424b5aba1bc63a07154c490e59dfd986735b75168c8bc7cfd5c0858,gfs_seamless,False,0.11333333333333334,5.621666666666666,-1.43,0.09390835367932988
turbine_1,2026-01-15 16:00:00+00:00,48,0.008369997003411428,0.008369997003411428,False,False,0.009960869565217391,1.21,-1.2,2026-01-13 19:00:00+00:00,45.0,2026-01-13 22:00:00,2026-01-14T00:00:00+05:00,c2e14a92e424b5aba1bc63a07154c490e59dfd986735b75168c8bc7cfd5c0858,gfs_seamless,False,0.20833333333333334,6.683333333333334,-1.6716666666666666,0.19996333632992191
turbine_1,2026-01-15 17:00:00+00:00,48,0.00874456468464148,0.00874456468464148,False,False,0.011037313432835821,1.88,-1.8,2026-01-13 19:00:00+00:00,46.0,2026-01-13 22:00:00,2026-01-14T00:00:00+05:00,c2e14a92e424b5aba1bc63a07154c490e59dfd986735b75168c8bc7cfd5c0858,gfs_seamless,False,0.045000000000000005,4.4383333333333335,-1.87,0.03625543531535853
turbine_1,2026-01-15 18:00:00+00:00,48,0.04115905365717041,0.04115905365717041,False,False,0.08223615464994775,4.26,-1.8,2026-01-13 19:00:00+00:00,47.0,2026-01-13 22:00:00,2026-01-14T00:00:00+05:00,c2e14a92e424b5aba1bc63a07154c490e59dfd986735b75168c8bc7cfd5c0858,gfs_seamless,False,0.01,1.4749999999999999,-1.6333333333333335,0.031159053657170407
turbine_1,2026-01-15 19:00:00+00:00,48,0.008636385677342205,0.008636385677342205,False,False,0.009960869565217391,1.17,-2.0,2026-01-13 19:00:00+00:00,48.0,2026-01-13 22:00:00,2026-01-14T00:00:00+05:00,c2e14a92e424b5aba1bc63a07154c490e59dfd986735b75168c8bc7cfd5c0858,gfs_seamless,False,0.09500000000000001,4.626666666666666,-2.645,0.08636361432265781
turbine_2,2026-01-13 20:00:00+00:00,24,0.8939352486018611,0.8939352486018611,False,False,0.8245526793823796,10.47,0.1,2026-01-13 19:00:00+00:00,1.0,2026-01-13 22:00:00,2026-01-14T00:00:00+05:00,19145696bea39b84e534082484c4c325d394f383c8530655a5de1f889c4008c2,gfs_seamless,False,0.79,10.001666666666667,5.33,0.1039352486018611
turbine_2,2026-01-13 21:00:00+00:00,24,0.9370926531896672,0.9370926531896672,False,False,0.8846255144032922,10.84,0.2,2026-01-13 19:00:00+00:00,2.0,2026-01-13 22:00:00,2026-01-14T00:00:00+05:00,19145696bea39b84e534082484c4c325d394f383c8530655a5de1f889c4008c2,gfs_seamless,False,0.9133333333333332,11.073333333333332,3.611666666666667,0.02375931985633395
turbine_2,2026-01-13 22:00:00+00:00,24,0.8618255625478646,0.8618255625478646,False,False,0.8245526793823796,10.24,-0.0,2026-01-13 19:00:00+00:00,3.0,2026-01-13 22:00:00,2026-01-14T00:00:00+05:00,19145696bea39b84e534082484c4c325d394f383c8530655a5de1f889c4008c2,gfs_seamless,False,0.7583333333333333,9.658333333333333,1.7216666666666667,0.10349222921453127
turbine_2,2026-01-13 23:00:00+00:00,24,0.8618255625478646,0.8618255625478646,False,False,0.8245526793823796,10.25,-0.1,2026-01-13 19:00:00+00:00,4.0,2026-01-13 22:00:00,2026-01-14T00:00:00+05:00,19145696bea39b84e534082484c4c325d394f383c8530655a5de1f889c4008c2,gfs_seamless,False,0.5,8.098333333333333,1.0833333333333333,0.3618255625478646
turbine_2,2026-01-14 00:00:00+00:00,24,0.858544871248594,0.858544871248594,False,False,0.8245526793823796,10.16,-0.0,2026-01-13 19:00:00+00:00,5.0,2026-01-13 22:00:00,2026-01-14T00:00:00+05:00,19145696bea39b84e534082484c4c325d394f383c8530655a5de1f889c4008c2,gfs_seamless,False,0.3,6.733333333333333,-0.05333333333333334,0.5585448712485941
turbine_2,2026-01-14 01:00:00+00:00,24,0.8184266445136036,0.8184266445136036,False,False,0.7525520833333333,9.89,-0.3,2026-01-13 19:00:00+00:00,6.0,2026-01-13 22:00:00,2026-01-14T00:00:00+05:00,19145696bea39b84e534082484c4c325d394f383c8530655a5de1f889c4008c2,gfs_seamless,False,0.06333333333333334,3.25,0.12666666666666668,0.7550933111802702
turbine_2,2026-01-14 02:00:00+00:00,24,0.8237961782794143,0.8237961782794143,False,False,0.7525520833333333,9.98,-0.7,2026-01-13 19:00:00+00:00,7.0,2026-01-13 22:00:00,2026-01-14T00:00:00+05:00,19145696bea39b84e534082484c4c325d394f383c8530655a5de1f889c4008c2,gfs_seamless,False,0.03166666666666667,2.191666666666667,0.7933333333333333,0.7921295116127477
turbine_2,2026-01-14 03:00:00+00:00,24,0.7083386822762336,0.7083386822762336,False,False,0.674827178030303,9.21,-0.5,2026-01-13 19:00:00+00:00,8.0,2026-01-13 22:00:00,2026-01-14T00:00:00+05:00,19145696bea39b84e534082484c4c325d394f383c8530655a5de1f889c4008c2,gfs_seamless,False,0.34833333333333333,7.6433333333333335,-0.18333333333333332,0.3600053489429003
turbine_2,2026-01-14 04:00:00+00:00,24,0.5688120158390889,0.5688120158390889,False,False,0.5340574282147316,8.37,0.8,2026-01-13 19:00:00+00:00,9.0,2026-01-13 22:00:00,2026-01-14T00:00:00+05:00,19145696bea39b84e534082484c4c325d394f383c8530655a5de1f889c4008c2,gfs_seamless,False,0.26333333333333336,6.866666666666667,-2.0366666666666666,0.30547868250575555
turbine_2,2026-01-14 05:00:00+00:00,24,0.4749103990071477,0.4749103990071477,False,False,0.46024867724867724,7.74,2.1,2026-01-13 19:00:00+00:00,10.0,2026-01-13 22:00:00,2026-01-14T00:00:00+05:00,19145696bea39b84e534082484c4c325d394f383c8530655a5de1f889c4008c2,gfs_seamless,False,0.05666666666666667,4.863333333333333,-1.5283333333333333,0.41824373234048107
turbine_2,2026-01-14 06:00:00+00:00,24,0.1620810332308501,0.1620810332308501,False,False,0.1893190399137001,5.74,3.0,2026-01-13 19:00:00+00:00,11.0,2026-01-13 22:00:00,2026-01-14T00:00:00+05:00,19145696bea39b84e534082484c4c325d394f383c8530655a5de1f889c4008c2,gfs_seamless,False,0.028333333333333332,4.364999999999999,-0.8333333333333334,0.13374769989751678
turbine_2,2026-01-14 07:00:00+00:00,24,0.055956930107164723,0.055956930107164723,False,False,0.07937710437710437,4.4,3.8,2026-01-13 19:00:00+00:00,12.0,2026-01-13 22:00:00,2026-01-14T00:00:00+05:00,19145696bea39b84e534082484c4c325d394f383c8530655a5de1f889c4008c2,gfs_seamless,False,0.07,5.095,-0.49333333333333335,0.014043069892835283
turbine_2,2026-01-14 08:00:00+00:00,24,0.01904923955163673,0.01904923955163673,False,False,0.03729166666666667,3.23,4.2,2026-01-13 19:00:00+00:00,13.0,2026-01-13 22:00:00,2026-01-14T00:00:00+05:00,19145696bea39b84e534082484c4c325d394f383c8530655a5de1f889c4008c2,gfs_seamless,False,0.125,5.73,-0.45999999999999996,0.10595076044836327
turbine_2,2026-01-14 09:00:00+00:00,24,0.009997443401004823,0.009997443401004823,False,False,0.014639953542392569,2.04,4.5,2026-01-13 19:00:00+00:00,14.0,2026-01-13 22:00:00,2026-01-14T00:00:00+05:00,19145696bea39b84e534082484c4c325d394f383c8530655a5de1f889c4008c2,gfs_seamless,False,0.1366666666666667,5.803333333333334,0.25333333333333335,0.12666922326566185
turbine_2,2026-01-14 10:00:00+00:00,24,0.010009076625681169,0.010009076625681169,False,False,0.009706867671691792,1.2,4.5,2026-01-13 19:00:00+00:00,15.0,2026-01-13 22:00:00,2026-01-14T00:00:00+05:00,19145696bea39b84e534082484c4c325d394f383c8530655a5de1f889c4008c2,gfs_seamless,False,0.14833333333333334,5.984999999999999,0.3,0.13832425670765217
turbine_2,2026-01-14 11:00:00+00:00,24,0.00902328587503107,0.00902328587503107,False,False,0.01,0.36,2.8,2026-01-13 19:00:00+00:00,16.0,2026-01-13 22:00:00,2026-01-14T00:00:00+05:00,19145696bea39b84e534082484c4c325d394f383c8530655a5de1f889c4008c2,gfs_seamless,False,0.12,5.5249999999999995,0.3666666666666667,0.11097671412496893
turbine_2,2026-01-14 12:00:00+00:00,24,0.008816692021056973,0.008816692021056973,False,False,0.009706867671691792,1.17,1.8,2026-01-13 19:00:00+00:00,17.0,2026-01-13 22:00:00,2026-01-14T00:00:00+05:00,19145696bea39b84e534082484c4c325d394f383c8530655a5de1f889c4008c2,gfs_seamless,False,0.16833333333333333,6.048333333333333,0.21,0.15951664131227636
turbine_2,2026-01-14 13:00:00+00:00,24,0.014627045260020115,0.014627045260020115,False,False,0.024097732843137255,2.9,1.8,2026-01-13 19:00:00+00:00,18.0,2026-01-13 22:00:00,2026-01-14T00:00:00+05:00,19145696bea39b84e534082484c4c325d394f383c8530655a5de1f889c4008c2,gfs_seamless,False,0.13333333333333333,5.805,0.24333333333333332,0.11870628807331321
turbine_2,2026-01-14 14:00:00+00:00,24,0.09698707704760759,0.09698707704760759,False,False,0.144065749235474,5.15,1.4,2026-01-13 19:00:00+00:00,19.0,2026-01-13 22:00:00,2026-01-14T00:00:00+05:00,19145696bea39b84e534082484c4c325d394f383c8530655a5de1f889c4008c2,gfs_seamless,False,0.1366666666666667,5.763333333333333,-0.08166666666666667,0.0396795896190591
turbine_2,2026-01-14 15:00:00+00:00,24,0.33149813276634327,0.33149813276634327,False,False,0.3144400352733686,6.86,1.1,2026-01-13 19:00:00+00:00,20.0,2026-01-13 22:00:00,2026-01-14T00:00:00+05:00,19145696bea39b84e534082484c4c325d394f383c8530655a5de1f889c4008c2,gfs_seamless,False,0.205,6.396666666666667,-0.6266666666666666,0.12649813276634328
turbine_2,2026-01-14 16:00:00+00:00,24,0.42210234989278816,0.42210234989278816,False,False,0.46024867724867724,7.55,0.4,2026-01-13 19:00:00+00:00,21.0,2026-01-13 22:00:00,2026-01-14T00:00:00+05:00,19145696bea39b84e534082484c4c325d394f383c8530655a5de1f889c4008c2,gfs_seamless,False,0.3666666666666667,7.593333333333334,-1.5466666666666666,0.05543568322612147
turbine_2,2026-01-14 17:00:00+00:00,24,0.42631327837203503,0.42631327837203503,False,False,0.46024867724867724,7.57,-0.6,2026-01-13 19:00:00+00:00,22.0,2026-01-13 22:00:00,2026-01-14T00:00:00+05:00,19145696bea39b84e534082484c4c325d394f383c8530655a5de1f889c4008c2,gfs_seamless,False,0.27666666666666667,7.426666666666667,-1.7266666666666666,0.14964661170536836
turbine_2,2026-01-14 18:00:00+00:00,24,0.4468364133361997,0.4468364133361997,False,False,0.46024867724867724,7.74,-1.1,2026-01-13 19:00:00+00:00,23.0,2026-01-13 22:00:00,2026-01-14T00:00:00+05:00,19145696bea39b84e534082484c4c325d394f383c8530655a5de1f889c4008c2,gfs_seamless,False,0.13333333333333333,6.515000000000001,-2.796666666666667,0.3135030800028664
turbine_2,2026-01-14 19:00:00+00:00,24,0.22338267114784677,0.22338267114784677,False,False,0.2471663851351351,6.39,-1.7,2026-01-13 19:00:00+00:00,24.0,2026-01-13 22:00:00,2026-01-14T00:00:00+05:00,19145696bea39b84e534082484c4c325d394f383c8530655a5de1f889c4008c2,gfs_seamless,False,0.06,5.433333333333334,-3.205,0.16338267114784677
turbine_2,2026-01-14 20:00:00+00:00,48,0.10726694515375362,0.10726694515375362,False,False,0.1893190399137001,5.51,-1.9,2026-01-13 19:00:00+00:00,25.0,2026-01-13 22:00:00,2026-01-14T00:00:00+05:00,19145696bea39b84e534082484c4c325d394f383c8530655a5de1f889c4008c2,gfs_seamless,False,0.02,4.648333333333333,-3.248333333333333,0.08726694515375362
turbine_2,2026-01-14 21:00:00+00:00,48,0.048102786455643705,0.048102786455643705,False,False,0.1063991960420532,4.62,-2.3,2026-01-13 19:00:00+00:00,26.0,2026-01-13 22:00:00,2026-01-14T00:00:00+05:00,19145696bea39b84e534082484c4c325d394f383c8530655a5de1f889c4008c2,gfs_seamless,False,0.011666666666666667,4.681666666666667,-3.5,0.03643611978897704
turbine_2,2026-01-14 22:00:00+00:00,48,0.019155718195294026,0.019155718195294026,False,False,0.055667712691771266,3.72,-2.8,2026-01-13 19:00:00+00:00,27.0,2026-01-13 22:00:00,2026-01-14T00:00:00+05:00,19145696bea39b84e534082484c4c325d394f383c8530655a5de1f889c4008c2,gfs_seamless,False,0.011666666666666667,4.638333333333334,-3.69,0.007489051528627359
turbine_2,2026-01-14 23:00:00+00:00,48,0.016920894304745065,0.016920894304745065,False,False,0.055667712691771266,3.71,-3.3,2026-01-13 19:00:00+00:00,28.0,2026-01-13 22:00:00,2026-01-14T00:00:00+05:00,19145696bea39b84e534082484c4c325d394f383c8530655a5de1f889c4008c2,gfs_seamless,False,0.01,3.9899999999999998,-3.645,0.006920894304745065
turbine_2,2026-01-15 00:00:00+00:00,48,0.031939585092216095,0.031939585092216095,False,False,0.07937710437710437,4.3,-4.0,2026-01-13 19:00:00+00:00,29.0,2026-01-13 22:00:00,2026-01-14T00:00:00+05:00,19145696bea39b84e534082484c4c325d394f383c8530655a5de1f889c4008c2,gfs_seamless,False,0.01,2.7783333333333338,-3.513333333333333,0.021939585092216093
turbine_2,2026-01-15 01:00:00+00:00,48,0.024118925029891967,0.024118925029891967,False,False,0.07937710437710437,4.02,-3.8,2026-01-13 19:00:00+00:00,30.0,2026-01-13 22:00:00,2026-01-14T00:00:00+05:00,19145696bea39b84e534082484c4c325d394f383c8530655a5de1f889c4008c2,gfs_seamless,False,0.01,1.741666666666667,-3.358333333333333,0.014118925029891967
turbine_2,2026-01-15 02:00:00+00:00,48,0.015865447002132053,0.015865447002132053,False,False,0.055667712691771266,3.61,-3.7,2026-01-13 19:00:00+00:00,31.0,2026-01-13 22:00:00,2026-01-14T00:00:00+05:00,19145696bea39b84e534082484c4c325d394f383c8530655a5de1f889c4008c2,gfs_seamless,False,0.01,1.735,-3.456666666666667,0.0058654470021320525
turbine_2,2026-01-15 03:00:00+00:00,48,0.009022541007366961,0.009022541007366961,False,False,0.014639953542392569,2.09,-3.2,2026-01-13 19:00:00+00:00,32.0,2026-01-13 22:00:00,2026-01-14T00:00:00+05:00,19145696bea39b84e534082484c4c325d394f383c8530655a5de1f889c4008c2,gfs_seamless,False,0.01,2.231666666666667,-3.645,0.0009774589926330388
turbine_2,2026-01-15 04:00:00+00:00,48,0.009190597356983696,0.009190597356983696,False,False,0.009930555555555557,0.91,-2.7,2026-01-13 19:00:00+00:00,33.0,2026-01-13 22:00:00,2026-01-14T00:00:00+05:00,19145696bea39b84e534082484c4c325d394f383c8530655a5de1f889c4008c2,gfs_seamless,False,0.01,2.235,-3.6933333333333334,0.0008094026430163041
turbine_2,2026-01-15 05:00:00+00:00,48,0.013553755454367577,0.013553755454367577,False,False,0.024097732843137255,2.62,-1.6,2026-01-13 19:00:00+00:00,34.0,2026-01-13 22:00:00,2026-01-14T00:00:00+05:00,19145696bea39b84e534082484c4c325d394f383c8530655a5de1f889c4008c2,gfs_seamless,False,0.01,2.36,-3.2733333333333334,0.003553755454367577
turbine_2,2026-01-15 06:00:00+00:00,48,0.08873653544059114,0.08873653544059114,False,False,0.144065749235474,5.16,-0.1,2026-01-13 19:00:00+00:00,35.0,2026-01-13 22:00:00,2026-01-14T00:00:00+05:00,19145696bea39b84e534082484c4c325d394f383c8530655a5de1f889c4008c2,gfs_seamless,False,0.01,1.1116666666666666,-2.4133333333333336,0.07873653544059114
turbine_2,2026-01-15 07:00:00+00:00,48,0.07805479050317674,0.07805479050317674,False,False,0.1063991960420532,4.86,0.7,2026-01-13 19:00:00+00:00,36.0,2026-01-13 22:00:00,2026-01-14T00:00:00+05:00,19145696bea39b84e534082484c4c325d394f383c8530655a5de1f889c4008c2,gfs_seamless,False,0.01,1.695,-1.8633333333333333,0.06805479050317674
turbine_2,2026-01-15 08:00:00+00:00,48,0.24505275922556838,0.24505275922556838,False,False,0.2471663851351351,6.39,0.3,2026-01-13 19:00:00+00:00,37.0,2026-01-13 22:00:00,2026-01-14T00:00:00+05:00,19145696bea39b84e534082484c4c325d394f383c8530655a5de1f889c4008c2,gfs_seamless,False,0.01,2.9033333333333338,-0.9916666666666667,0.23505275922556837
turbine_2,2026-01-15 09:00:00+00:00,48,0.08112099328681233,0.08112099328681233,False,False,0.1063991960420532,4.97,1.7,2026-01-13 19:00:00+00:00,38.0,2026-01-13 22:00:00,2026-01-14T00:00:00+05:00,19145696bea39b84e534082484c4c325d394f383c8530655a5de1f889c4008c2,gfs_seamless,False,0.005,3.31,-1.3583333333333334,0.07612099328681232
turbine_2,2026-01-15 10:00:00+00:00,48,0.09423625769430498,0.09423625769430498,False,False,0.144065749235474,5.1,0.7,2026-01-13 19:00:00+00:00,39.0,2026-01-13 22:00:00,2026-01-14T00:00:00+05:00,19145696bea39b84e534082484c4c325d394f383c8530655a5de1f889c4008c2,gfs_seamless,False,0.024999999999999998,4.721666666666667,-1.555,0.06923625769430498
turbine_2,2026-01-15 11:00:00+00:00,48,0.1301573476125511,0.1301573476125511,False,False,0.1893190399137001,5.5,0.8,2026-01-13 19:00:00+00:00,40.0,2026-01-13 22:00:00,2026-01-14T00:00:00+05:00,19145696bea39b84e534082484c4c325d394f383c8530655a5de1f889c4008c2,gfs_seamless,False,0.04833333333333334,5.19,-1.5083333333333335,0.08182401427921776
turbine_2,2026-01-15 12:00:00+00:00,48,0.6355733221882464,0.6355733221882464,False,False,0.6156450157870996,8.81,-0.7,2026-01-13 19:00:00+00:00,41.0,2026-01-13 22:00:00,2026-01-14T00:00:00+05:00,19145696bea39b84e534082484c4c325d394f383c8530655a5de1f889c4008c2,gfs_seamless,False,0.08666666666666667,5.888333333333333,-1.385,0.5489066555215797
turbine_2,2026-01-15 13:00:00+00:00,48,0.8237961782794143,0.8237961782794143,False,False,0.7525520833333333,9.96,-0.6,2026-01-13 19:00:00+00:00,42.0,2026-01-13 22:00:00,2026-01-14T00:00:00+05:00,19145696bea39b84e534082484c4c325d394f383c8530655a5de1f889c4008c2,gfs_seamless,False,0.10333333333333333,5.983333333333333,-1.3366666666666667,0.720462844946081
turbine_2,2026-01-15 14:00:00+00:00,48,0.2393029319525049,0.2393029319525049,False,False,0.2471663851351351,6.37,-1.1,2026-01-13 19:00:00+00:00,43.0,2026-01-13 22:00:00,2026-01-14T00:00:00+05:00,19145696bea39b84e534082484c4c325d394f383c8530655a5de1f889c4008c2,gfs_seamless,False,0.05666666666666667,5.091666666666667,-1.5683333333333334,0.18263626528583823
turbine_2,2026-01-15 15:00:00+00:00,48,0.01540045926702079,0.01540045926702079,False,False,0.03729166666666667,3.04,-1.3,2026-01-13 19:00:00+00:00,44.0,2026-01-13 22:00:00,2026-01-14T00:00:00+05:00,19145696bea39b84e534082484c4c325d394f383c8530655a5de1f889c4008c2,gfs_seamless,False,0.11166666666666665,5.871666666666666,-1.695,0.09626620739964586
turbine_2,2026-01-15 16:00:00+00:00,48,0.009232582308295587,0.009232582308295587,False,False,0.009706867671691792,1.21,-1.2,2026-01-13 19:00:00+00:00,45.0,2026-01-13 22:00:00,2026-01-14T00:00:00+05:00,19145696bea39b84e534082484c4c325d394f383c8530655a5de1f889c4008c2,gfs_seamless,False,0.28833333333333333,7.255,-1.675,0.27910075102503773
turbine_2,2026-01-15 17:00:00+00:00,48,0.00878386519467705,0.00878386519467705,False,False,0.010133863965267728,1.88,-1.8,2026-01-13 19:00:00+00:00,46.0,2026-01-13 22:00:00,2026-01-14T00:00:00+05:00,19145696bea39b84e534082484c4c325d394f383c8530655a5de1f889c4008c2,gfs_seamless,False,0.056666666666666664,4.98,-2.09,0.04788280147198962
turbine_2,2026-01-15 18:00:00+00:00,48,0.036983103730794796,0.036983103730794796,False,False,0.07937710437710437,4.26,-1.8,2026-01-13 19:00:00+00:00,47.0,2026-01-13 22:00:00,2026-01-14T00:00:00+05:00,19145696bea39b84e534082484c4c325d394f383c8530655a5de1f889c4008c2,gfs_seamless,False,0.006666666666666667,1.5983333333333334,-1.1066666666666667,0.030316437064128128
turbine_2,2026-01-15 19:00:00+00:00,48,0.00903819065874807,0.00903819065874807,False,False,0.009706867671691792,1.17,-2.0,2026-01-13 19:00:00+00:00,48.0,2026-01-13 22:00:00,2026-01-14T00:00:00+05:00,19145696bea39b84e534082484c4c325d394f383c8530655a5de1f889c4008c2,gfs_seamless,False,0.09833333333333334,4.7299999999999995,-2.8683333333333336,0.08929514267458527
turbine_1,2026-01-14 20:00:00+00:00,24,0.10641100110136385,0.10641100110136385,False,False,0.1499033586818758,5.35,-2.4,2026-01-14 19:00:00+00:00,1.0,2026-01-14 22:00:00,2026-01-15T00:00:00+05:00,8a5402b6a0a85bafea0094f1dbdc122ccf997f99fde94623fa9706c82d755b38,gfs_seamless,False,0.02,4.41,-2.9516666666666667,0.08641100110136385
turbine_1,2026-01-14 21:00:00+00:00,24,0.0567413857551308,0.0567413857551308,False,False,0.11275290215588722,4.59,-2.7,2026-01-14 19:00:00+00:00,2.0,2026-01-14 22:00:00,2026-01-15T00:00:00+05:00,8a5402b6a0a85bafea0094f1dbdc122ccf997f99fde94623fa9706c82d755b38,gfs_seamless,False,0.02,4.681666666666667,-3.2483333333333335,0.036741385755130807
turbine_1,2026-01-14 22:00:00+00:00,24,0.022512560726594147,0.022512560726594147,False,False,0.05852465047829286,3.59,-2.9,2026-01-14 19:00:00+00:00,3.0,2026-01-14 22:00:00,2026-01-15T00:00:00+05:00,8a5402b6a0a85bafea0094f1dbdc122ccf997f99fde94623fa9706c82d755b38,gfs_seamless,False,0.011666666666666667,4.358333333333333,-3.42,0.01084589405992748
turbine_1,2026-01-14 23:00:00+00:00,24,0.028734442705435567,0.028734442705435567,False,False,0.05852465047829286,3.83,-3.2,2026-01-14 19:00:00+00:00,4.0,2026-01-14 22:00:00,2026-01-15T00:00:00+05:00,8a5402b6a0a85bafea0094f1dbdc122ccf997f99fde94623fa9706c82d755b38,gfs_seamless,False,0.01,3.6799999999999997,-3.401666666666667,0.018734442705435568
turbine_1,2026-01-15 00:00:00+00:00,24,0.021284467446818885,0.021284467446818885,False,False,0.04037076648841355,3.36,-2.9,2026-01-14 19:00:00+00:00,5.0,2026-01-14 22:00:00,2026-01-15T00:00:00+05:00,8a5402b6a0a85bafea0094f1dbdc122ccf997f99fde94623fa9706c82d755b38,gfs_seamless,False,0.01,3.1333333333333333,-3.2566666666666664,0.011284467446818885
turbine_1,2026-01-15 01:00:00+00:00,24,0.016990017284023967,0.016990017284023967,False,False,0.02535218253968254,2.97,-2.7,2026-01-14 19:00:00+00:00,6.0,2026-01-14 22:00:00,2026-01-15T00:00:00+05:00,8a5402b6a0a85bafea0094f1dbdc122ccf997f99fde94623fa9706c82d755b38,gfs_seamless,False,0.01,1.8816666666666666,-3.0483333333333333,0.006990017284023967
turbine_1,2026-01-15 02:00:00+00:00,24,0.008922804746178665,0.008922804746178665,False,False,0.009988925802879292,0.58,-2.6,2026-01-14 19:00:00+00:00,7.0,2026-01-14 22:00:00,2026-01-15T00:00:00+05:00,8a5402b6a0a85bafea0094f1dbdc122ccf997f99fde94623fa9706c82d755b38,gfs_seamless,False,0.01,1.6283333333333332,-3.188333333333333,0.001077195253821335
turbine_1,2026-01-15 03:00:00+00:00,24,0.009848702893166432,0.009848702893166432,False,False,0.009960869565217391,1.03,-1.8,2026-01-14 19:00:00+00:00,8.0,2026-01-14 22:00:00,2026-01-15T00:00:00+05:00,8a5402b6a0a85bafea0094f1dbdc122ccf997f99fde94623fa9706c82d755b38,gfs_seamless,False,0.01,2.2100000000000004,-3.3466666666666662,0.00015129710683356792
turbine_1,2026-01-15 04:00:00+00:00,24,0.01984538958257546,0.01984538958257546,False,False,0.04037076648841355,3.18,-1.9,2026-01-14 19:00:00+00:00,9.0,2026-01-14 22:00:00,2026-01-15T00:00:00+05:00,8a5402b6a0a85bafea0094f1dbdc122ccf997f99fde94623fa9706c82d755b38,gfs_seamless,False,0.01,2.245,-3.3966666666666665,0.009845389582575461
turbine_1,2026-01-15 05:00:00+00:00,24,0.01418822127877921,0.01418822127877921,False,False,0.02535218253968254,2.69,-0.7,2026-01-14 19:00:00+00:00,10.0,2026-01-14 22:00:00,2026-01-15T00:00:00+05:00,8a5402b6a0a85bafea0094f1dbdc122ccf997f99fde94623fa9706c82d755b38,gfs_seamless,False,0.01,2.3333333333333335,-2.965,0.0041882212787792104
turbine_1,2026-01-15 06:00:00+00:00,24,0.02165107968722223,0.02165107968722223,False,False,0.04037076648841355,3.4,-0.8,2026-01-14 19:00:00+00:00,11.0,2026-01-14 22:00:00,2026-01-15T00:00:00+05:00,8a5402b6a0a85bafea0094f1dbdc122ccf997f99fde94623fa9706c82d755b38,gfs_seamless,False,0.01,1.2416666666666667,-2.0416666666666665,0.01165107968722223
turbine_1,2026-01-15 07:00:00+00:00,24,0.14138524063523844,0.14138524063523844,False,False,0.19619146005509644,5.69,-0.8,2026-01-14 19:00:00+00:00,12.0,2026-01-14 22:00:00,2026-01-15T00:00:00+05:00,8a5402b6a0a85bafea0094f1dbdc122ccf997f99fde94623fa9706c82d755b38,gfs_seamless,False,0.01,1.5966666666666667,-1.8566666666666667,0.13138524063523843
turbine_1,2026-01-15 08:00:00+00:00,24,0.3837860189667237,0.3837860189667237,False,False,0.3988888888888889,7.09,0.8,2026-01-14 19:00:00+00:00,13.0,2026-01-14 22:00:00,2026-01-15T00:00:00+05:00,8a5402b6a0a85bafea0094f1dbdc122ccf997f99fde94623fa9706c82d755b38,gfs_seamless,False,0.01,2.7083333333333335,-1.7066666666666668,0.3737860189667237
turbine_1,2026-01-15 09:00:00+00:00,24,0.5641197167925884,0.5641197167925884,False,False,0.5477251184834123,8.19,0.7,2026-01-14 19:00:00+00:00,14.0,2026-01-14 22:00:00,2026-01-15T00:00:00+05:00,8a5402b6a0a85bafea0094f1dbdc122ccf997f99fde94623fa9706c82d755b38,gfs_seamless,False,0.01,3.0533333333333332,-1.5766666666666669,0.5541197167925884
turbine_1,2026-01-15 10:00:00+00:00,24,0.6980761001262359,0.6980761001262359,False,False,0.6949824561403509,9.0,0.7,2026-01-14 19:00:00+00:00,15.0,2026-01-14 22:00:00,2026-01-15T00:00:00+05:00,8a5402b6a0a85bafea0094f1dbdc122ccf997f99fde94623fa9706c82d755b38,gfs_seamless,False,0.02,4.558333333333334,-1.2833333333333334,0.6780761001262359
turbine_1,2026-01-15 11:00:00+00:00,24,0.714900617739232,0.714900617739232,False,False,0.6949824561403509,9.11,-0.2,2026-01-14 19:00:00+00:00,16.0,2026-01-14 22:00:00,2026-01-15T00:00:00+05:00,8a5402b6a0a85bafea0094f1dbdc122ccf997f99fde94623fa9706c82d755b38,gfs_seamless,False,0.04,4.963333333333334,-1.2866666666666668,0.6749006177392319
turbine_1,2026-01-15 12:00:00+00:00,24,0.49429680422383454,0.49429680422383454,False,False,0.47598876404494384,7.93,-1.4,2026-01-14 19:00:00+00:00,17.0,2026-01-14 22:00:00,2026-01-15T00:00:00+05:00,8a5402b6a0a85bafea0094f1dbdc122ccf997f99fde94623fa9706c82d755b38,gfs_seamless,False,0.08333333333333333,5.878333333333334,-1.1849999999999998,0.4109634708905012
turbine_1,2026-01-15 13:00:00+00:00,24,0.7150781012645477,0.7150781012645477,False,False,0.6949824561403509,9.09,-0.7,2026-01-14 19:00:00+00:00,18.0,2026-01-14 22:00:00,2026-01-15T00:00:00+05:00,8a5402b6a0a85bafea0094f1dbdc122ccf997f99fde94623fa9706c82d755b38,gfs_seamless,False,0.09166666666666667,5.6883333333333335,-1.115,0.6234114345978811
turbine_1,2026-01-15 14:00:00+00:00,24,0.8833958419527603,0.8833958419527603,False,False,0.8301573581560283,10.25,-1.0,2026-01-14 19:00:00+00:00,19.0,2026-01-14 22:00:00,2026-01-15T00:00:00+05:00,8a5402b6a0a85bafea0094f1dbdc122ccf997f99fde94623fa9706c82d755b38,gfs_seamless,False,0.06333333333333334,5.091666666666667,-1.3,0.820062508619427
turbine_1,2026-01-15 15:00:00+00:00,24,0.901953566856034,0.901953566856034,False,False,0.8929016189290162,10.57,-1.4,2026-01-14 19:00:00+00:00,20.0,2026-01-14 22:00:00,2026-01-15T00:00:00+05:00,8a5402b6a0a85bafea0094f1dbdc122ccf997f99fde94623fa9706c82d755b38,gfs_seamless,False,0.11333333333333334,5.621666666666666,-1.43,0.7886202335227006
turbine_1,2026-01-15 16:00:00+00:00,24,0.5206439978493218,0.5206439978493218,False,False,0.5477251184834123,8.08,-1.4,2026-01-14 19:00:00+00:00,21.0,2026-01-14 22:00:00,2026-01-15T00:00:00+05:00,8a5402b6a0a85bafea0094f1dbdc122ccf997f99fde94623fa9706c82d755b38,gfs_seamless,False,0.20833333333333334,6.683333333333334,-1.6716666666666666,0.31231066451598843
turbine_1,2026-01-15 17:00:00+00:00,24,0.39758727990493825,0.39758727990493825,False,False,0.3988888888888889,7.39,-1.7,2026-01-14 19:00:00+00:00,22.0,2026-01-14 22:00:00,2026-01-15T00:00:00+05:00,8a5402b6a0a85bafea0094f1dbdc122ccf997f99fde94623fa9706c82d755b38,gfs_seamless,False,0.045000000000000005,4.4383333333333335,-1.87,0.35258727990493827
turbine_1,2026-01-15 18:00:00+00:00,24,0.38808725527306387,0.38808725527306387,False,False,0.3988888888888889,7.31,-1.5,2026-01-14 19:00:00+00:00,23.0,2026-01-14 22:00:00,2026-01-15T00:00:00+05:00,8a5402b6a0a85bafea0094f1dbdc122ccf997f99fde94623fa9706c82d755b38,gfs_seamless,False,0.01,1.4749999999999999,-1.6333333333333335,0.37808725527306386
turbine_1,2026-01-15 19:00:00+00:00,24,0.272768687513591,0.272768687513591,False,False,0.32569707919301416,6.55,-1.6,2026-01-14 19:00:00+00:00,24.0,2026-01-14 22:00:00,2026-01-15T00:00:00+05:00,8a5402b6a0a85bafea0094f1dbdc122ccf997f99fde94623fa9706c82d755b38,gfs_seamless,False,0.09500000000000001,4.626666666666666,-2.645,0.17776868751359098
turbine_1,2026-01-15 20:00:00+00:00,48,0.009154776209800297,0.009154776209800297,False,False,0.011037313432835821,1.55,-2.0,2026-01-14 19:00:00+00:00,25.0,2026-01-14 22:00:00,2026-01-15T00:00:00+05:00,8a5402b6a0a85bafea0094f1dbdc122ccf997f99fde94623fa9706c82d755b38,gfs_seamless,False,0.13833333333333334,5.991666666666667,-3.373333333333333,0.12917855712353304
turbine_1,2026-01-15 21:00:00+00:00,48,0.009443845891330557,0.009443845891330557,False,False,0.016090271424214698,2.14,-2.0,2026-01-14 19:00:00+00:00,26.0,2026-01-14 22:00:00,2026-01-15T00:00:00+05:00,8a5402b6a0a85bafea0094f1dbdc122ccf997f99fde94623fa9706c82d755b38,gfs_seamless,False,0.07333333333333333,5.41,-3.4783333333333335,0.06388948744200278
turbine_1,2026-01-15 22:00:00+00:00,48,0.02262817971962546,0.02262817971962546,False,False,0.05852465047829286,3.52,-1.7,2026-01-14 19:00:00+00:00,27.0,2026-01-14 22:00:00,2026-01-15T00:00:00+05:00,8a5402b6a0a85bafea0094f1dbdc122ccf997f99fde94623fa9706c82d755b38,gfs_seamless,False,0.049999999999999996,4.993333333333333,-3.763333333333333,0.027371820280374534
turbine_1,2026-01-15 23:00:00+00:00,48,0.2646489730087005,0.2646489730087005,False,False,0.32569707919301416,6.5,-2.4,2026-01-14 19:00:00+00:00,28.0,2026-01-14 22:00:00,2026-01-15T00:00:00+05:00,8a5402b6a0a85bafea0094f1dbdc122ccf997f99fde94623fa9706c82d755b38,gfs_seamless,False,0.04,5.016666666666667,-3.703333333333333,0.2246489730087005
turbine_1,2026-01-16 00:00:00+00:00,48,0.04608749266973842,0.04608749266973842,False,False,0.0821972860125261,4.46,-1.5,2026-01-14 19:00:00+00:00,29.0,2026-01-14 22:00:00,2026-01-15T00:00:00+05:00,8a5402b6a0a85bafea0094f1dbdc122ccf997f99fde94623fa9706c82d755b38,gfs_seamless,False,0.013333333333333334,4.446666666666666,-3.5849999999999995,0.03275415933640508
turbine_1,2026-01-16 01:00:00+00:00,48,0.1984095799829366,0.1984095799829366,False,False,0.25735207967193907,6.1,-1.5,2026-01-14 19:00:00+00:00,30.0,2026-01-14 22:00:00,2026-01-15T00:00:00+05:00,8a5402b6a0a85bafea0094f1dbdc122ccf997f99fde94623fa9706c82d755b38,gfs_seamless,False,0.03166666666666667,4.766666666666667,-3.598333333333333,0.16674291331626992
turbine_1,2026-01-16 02:00:00+00:00,48,0.43397739388771445,0.43397739388771445,False,False,0.3988888888888889,7.49,-1.4,2026-01-14 19:00:00+00:00,31.0,2026-01-14 22:00:00,2026-01-15T00:00:00+05:00,8a5402b6a0a85bafea0094f1dbdc122ccf997f99fde94623fa9706c82d755b38,gfs_seamless,False,0.02,4.758333333333334,-3.763333333333333,0.41397739388771443
turbine_1,2026-01-16 03:00:00+00:00,48,0.5164242010002809,0.5164242010002809,False,False,0.5477251184834123,8.08,-1.7,2026-01-14 19:00:00+00:00,32.0,2026-01-14 22:00:00,2026-01-15T00:00:00+05:00,8a5402b6a0a85bafea0094f1dbdc122ccf997f99fde94623fa9706c82d755b38,gfs_seamless,False,0.03,4.79,-3.7133333333333334,0.48642420100028083
turbine_1,2026-01-16 04:00:00+00:00,48,0.8082621767806644,0.8082621767806644,False,False,0.7641420845624386,9.75,-1.8,2026-01-14 19:00:00+00:00,33.0,2026-01-14 22:00:00,2026-01-15T00:00:00+05:00,8a5402b6a0a85bafea0094f1dbdc122ccf997f99fde94623fa9706c82d755b38,gfs_seamless,False,0.07166666666666667,5.675,-3.69,0.7365955101139977
turbine_1,2026-01-16 05:00:00+00:00,48,0.810616316027952,0.810616316027952,False,False,0.7641420845624386,9.66,-2.1,2026-01-14 19:00:00+00:00,34.0,2026-01-14 22:00:00,2026-01-15T00:00:00+05:00,8a5402b6a0a85bafea0094f1dbdc122ccf997f99fde94623fa9706c82d755b38,gfs_seamless,False,0.016666666666666666,3.9316666666666666,-2.768333333333333,0.7939496493612853
turbine_1,2026-01-16 06:00:00+00:00,48,0.9746928369040984,0.9746928369040984,False,False,0.9378537012702585,11.27,-2.5,2026-01-14 19:00:00+00:00,35.0,2026-01-14 22:00:00,2026-01-15T00:00:00+05:00,8a5402b6a0a85bafea0094f1dbdc122ccf997f99fde94623fa9706c82d755b38,gfs_seamless,False,0.04833333333333333,4.6883333333333335,-2.725,0.926359503570765
turbine_1,2026-01-16 07:00:00+00:00,48,0.8980448284813161,0.8980448284813161,False,False,0.8301573581560283,10.45,-2.3,2026-01-14 19:00:00+00:00,36.0,2026-01-14 22:00:00,2026-01-15T00:00:00+05:00,8a5402b6a0a85bafea0094f1dbdc122ccf997f99fde94623fa9706c82d755b38,gfs_seamless,False,0.04,4.6466666666666665,-3.5549999999999997,0.858044828481316
turbine_1,2026-01-16 08:00:00+00:00,48,0.9660381698165862,0.9660381698165862,False,False,0.9378537012702585,11.13,-2.5,2026-01-14 19:00:00+00:00,37.0,2026-01-14 22:00:00,2026-01-15T00:00:00+05:00,8a5402b6a0a85bafea0094f1dbdc122ccf997f99fde94623fa9706c82d755b38,gfs_seamless,False,0.09000000000000001,5.571666666666666,-4.041666666666667,0.8760381698165862
turbine_1,2026-01-16 09:00:00+00:00,48,0.9823979393745963,0.9823979393745963,False,False,0.9601641239019879,11.52,-3.0,2026-01-14 19:00:00+00:00,38.0,2026-01-14 22:00:00,2026-01-15T00:00:00+05:00,8a5402b6a0a85bafea0094f1dbdc122ccf997f99fde94623fa9706c82d755b38,gfs_seamless,False,0.22999999999999998,6.866666666666667,-4.7250000000000005,0.7523979393745963
turbine_1,2026-01-16 10:00:00+00:00,48,0.9928294849456044,0.9928294849456044,False,False,0.9769763513513514,13.12,-4.0,2026-01-14 19:00:00+00:00,39.0,2026-01-14 22:00:00,2026-01-15T00:00:00+05:00,8a5402b6a0a85bafea0094f1dbdc122ccf997f99fde94623fa9706c82d755b38,gfs_seamless,False,0.3833333333333333,7.668333333333333,-5.898333333333333,0.6094961516122711
turbine_1,2026-01-16 11:00:00+00:00,48,0.9958677480000309,0.9958677480000309,False,False,0.9769763513513514,13.16,-4.8,2026-01-14 19:00:00+00:00,40.0,2026-01-14 22:00:00,2026-01-15T00:00:00+05:00,8a5402b6a0a85bafea0094f1dbdc122ccf997f99fde94623fa9706c82d755b38,gfs_seamless,False,0.375,7.636666666666667,-7.093333333333334,0.6208677480000309
turbine_1,2026-01-16 12:00:00+00:00,48,0.9667988904927429,0.9667988904927429,False,False,0.9681453634085212,14.24,-6.1,2026-01-14 19:00:00+00:00,41.0,2026-01-14 22:00:00,2026-01-15T00:00:00+05:00,8a5402b6a0a85bafea0094f1dbdc122ccf997f99fde94623fa9706c82d755b38,gfs_seamless,False,0.4466666666666667,7.8933333333333335,-8.233333333333333,0.5201322238260762
turbine_1,2026-01-16 13:00:00+00:00,48,0.9795849497872601,0.9795849497872601,False,False,0.961047619047619,14.78,-6.7,2026-01-14 19:00:00+00:00,42.0,2026-01-14 22:00:00,2026-01-15T00:00:00+05:00,8a5402b6a0a85bafea0094f1dbdc122ccf997f99fde94623fa9706c82d755b38,gfs_seamless,False,0.605,8.546666666666667,-8.951666666666666,0.3745849497872601
turbine_1,2026-01-16 14:00:00+00:00,48,0.9795849497872601,0.9795849497872601,False,False,0.9650781249999999,15.23,-7.1,2026-01-14 19:00:00+00:00,43.0,2026-01-14 22:00:00,2026-01-15T00:00:00+05:00,8a5402b6a0a85bafea0094f1dbdc122ccf997f99fde94623fa9706c82d755b38,gfs_seamless,False,0.7666666666666666,9.708333333333334,-9.805,0.21291828312059347
turbine_1,2026-01-16 15:00:00+00:00,48,0.9976583398019143,0.9976583398019143,False,False,0.961047619047619,14.88,-8.3,2026-01-14 19:00:00+00:00,44.0,2026-01-14 22:00:00,2026-01-15T00:00:00+05:00,8a5402b6a0a85bafea0094f1dbdc122ccf997f99fde94623fa9706c82d755b38,gfs_seamless,False,0.9716666666666667,10.956666666666669,-10.196666666666667,0.02599167313524764
turbine_1,2026-01-16 16:00:00+00:00,48,0.9976583398019143,0.9976583398019143,False,False,0.961047619047619,14.96,-9.6,2026-01-14 19:00:00+00:00,45.0,2026-01-14 22:00:00,2026-01-15T00:00:00+05:00,8a5402b6a0a85bafea0094f1dbdc122ccf997f99fde94623fa9706c82d755b38,gfs_seamless,False,0.9283333333333333,10.65,-10.12,0.06932500646858097
turbine_1,2026-01-16 17:00:00+00:00,48,0.9671293008785679,0.9671293008785679,False,False,0.9681453634085212,14.24,-9.8,2026-01-14 19:00:00+00:00,46.0,2026-01-14 22:00:00,2026-01-15T00:00:00+05:00,8a5402b6a0a85bafea0094f1dbdc122ccf997f99fde94623fa9706c82d755b38,gfs_seamless,False,0.8766666666666666,10.276666666666666,-10.135,0.09046263421190126
turbine_1,2026-01-16 18:00:00+00:00,48,0.9908939358351704,0.9908939358351704,False,False,0.9515384615384614,16.18,-11.3,2026-01-14 19:00:00+00:00,47.0,2026-01-14 22:00:00,2026-01-15T00:00:00+05:00,8a5402b6a0a85bafea0094f1dbdc122ccf997f99fde94623fa9706c82d755b38,gfs_seamless,False,0.85,10.213333333333333,-10.893333333333333,0.1408939358351704
turbine_1,2026-01-16 19:00:00+00:00,48,0.9908939358351704,0.9908939358351704,False,False,0.9894999999999999,16.69,-12.1,2026-01-14 19:00:00+00:00,48.0,2026-01-14 22:00:00,2026-01-15T00:00:00+05:00,8a5402b6a0a85bafea0094f1dbdc122ccf997f99fde94623fa9706c82d755b38,gfs_seamless,False,0.9683333333333334,11.29,-11.835,0.022560602501837
turbine_2,2026-01-14 20:00:00+00:00,24,0.0980511140291667,0.0980511140291667,False,False,0.143997861289337,5.35,-2.4,2026-01-14 19:00:00+00:00,1.0,2026-01-14 22:00:00,2026-01-15T00:00:00+05:00,d633c2f1ae6f85e9c30f65bad57dddb0737fb42a3c8fe84ebda4cdc65874a07a,gfs_seamless,False,0.02,4.648333333333333,-3.248333333333333,0.0780511140291667
turbine_2,2026-01-14 21:00:00+00:00,24,0.045058119321615825,0.045058119321615825,False,False,0.1063531047265987,4.59,-2.7,2026-01-14 19:00:00+00:00,2.0,2026-01-14 22:00:00,2026-01-15T00:00:00+05:00,d633c2f1ae6f85e9c30f65bad57dddb0737fb42a3c8fe84ebda4cdc65874a07a,gfs_seamless,False,0.011666666666666667,4.681666666666667,-3.5,0.03339145265494916
turbine_2,2026-01-14 22:00:00+00:00,24,0.017637814582572655,0.017637814582572655,False,False,0.055667712691771266,3.59,-2.9,2026-01-14 19:00:00+00:00,3.0,2026-01-14 22:00:00,2026-01-15T00:00:00+05:00,d633c2f1ae6f85e9c30f65bad57dddb0737fb42a3c8fe84ebda4cdc65874a07a,gfs_seamless,False,0.011666666666666667,4.638333333333334,-3.69,0.005971147915905988
turbine_2,2026-01-14 23:00:00+00:00,24,0.020444262932616034,0.020444262932616034,False,False,0.055667712691771266,3.83,-3.2,2026-01-14 19:00:00+00:00,4.0,2026-01-14 22:00:00,2026-01-15T00:00:00+05:00,d633c2f1ae6f85e9c30f65bad57dddb0737fb42a3c8fe84ebda4cdc65874a07a,gfs_seamless,False,0.01,3.9899999999999998,-3.645,0.010444262932616034
turbine_2,2026-01-15 00:00:00+00:00,24,0.016570647516564316,0.016570647516564316,False,False,0.03731687641174572,3.36,-2.9,2026-01-14 19:00:00+00:00,5.0,2026-01-14 22:00:00,2026-01-15T00:00:00+05:00,d633c2f1ae6f85e9c30f65bad57dddb0737fb42a3c8fe84ebda4cdc65874a07a,gfs_seamless,False,0.01,2.7783333333333338,-3.513333333333333,0.006570647516564316
turbine_2,2026-01-15 01:00:00+00:00,24,0.014028863241014355,0.014028863241014355,False,False,0.024097732843137255,2.97,-2.7,2026-01-14 19:00:00+00:00,6.0,2026-01-14 22:00:00,2026-01-15T00:00:00+05:00,d633c2f1ae6f85e9c30f65bad57dddb0737fb42a3c8fe84ebda4cdc65874a07a,gfs_seamless,False,0.01,1.741666666666667,-3.358333333333333,0.004028863241014355
turbine_2,2026-01-15 02:00:00+00:00,24,0.008874471780102916,0.008874471780102916,False,False,0.009930555555555557,0.58,-2.6,2026-01-14 19:00:00+00:00,7.0,2026-01-14 22:00:00,2026-01-15T00:00:00+05:00,d633c2f1ae6f85e9c30f65bad57dddb0737fb42a3c8fe84ebda4cdc65874a07a,gfs_seamless,False,0.01,1.735,-3.456666666666667,0.0011255282198970838
turbine_2,2026-01-15 03:00:00+00:00,24,0.00841399643615693,0.00841399643615693,False,False,0.009706867671691792,1.03,-1.8,2026-01-14 19:00:00+00:00,8.0,2026-01-14 22:00:00,2026-01-15T00:00:00+05:00,d633c2f1ae6f85e9c30f65bad57dddb0737fb42a3c8fe84ebda4cdc65874a07a,gfs_seamless,False,0.01,2.231666666666667,-3.645,0.0015860035638430702
turbine_2,2026-01-15 04:00:00+00:00,24,0.015616506021334775,0.015616506021334775,False,False,0.03731687641174572,3.18,-1.9,2026-01-14 19:00:00+00:00,9.0,2026-01-14 22:00:00,2026-01-15T00:00:00+05:00,d633c2f1ae6f85e9c30f65bad57dddb0737fb42a3c8fe84ebda4cdc65874a07a,gfs_seamless,False,0.01,2.235,-3.6933333333333334,0.0056165060213347745
turbine_2,2026-01-15 05:00:00+00:00,24,0.0127025936153751,0.0127025936153751,False,False,0.024097732843137255,2.69,-0.7,2026-01-14 19:00:00+00:00,10.0,2026-01-14 22:00:00,2026-01-15T00:00:00+05:00,d633c2f1ae6f85e9c30f65bad57dddb0737fb42a3c8fe84ebda4cdc65874a07a,gfs_seamless,False,0.01,2.36,-3.2733333333333334,0.0027025936153750995
turbine_2,2026-01-15 06:00:00+00:00,24,0.016891502248493975,0.016891502248493975,False,False,0.03731687641174572,3.4,-0.8,2026-01-14 19:00:00+00:00,11.0,2026-01-14 22:00:00,2026-01-15T00:00:00+05:00,d633c2f1ae6f85e9c30f65bad57dddb0737fb42a3c8fe84ebda4cdc65874a07a,gfs_seamless,False,0.01,1.1116666666666666,-2.4133333333333336,0.006891502248493974
turbine_2,2026-01-15 07:00:00+00:00,24,0.1434516079734104,0.1434516079734104,False,False,0.18904857756307034,5.69,-0.8,2026-01-14 19:00:00+00:00,12.0,2026-01-14 22:00:00,2026-01-15T00:00:00+05:00,d633c2f1ae6f85e9c30f65bad57dddb0737fb42a3c8fe84ebda4cdc65874a07a,gfs_seamless,False,0.01,1.695,-1.8633333333333333,0.13345160797341038
turbine_2,2026-01-15 08:00:00+00:00,24,0.36181122188259723,0.36181122188259723,False,False,0.3889543114543114,7.09,0.8,2026-01-14 19:00:00+00:00,13.0,2026-01-14 22:00:00,2026-01-15T00:00:00+05:00,d633c2f1ae6f85e9c30f65bad57dddb0737fb42a3c8fe84ebda4cdc65874a07a,gfs_seamless,False,0.01,2.9033333333333338,-0.9916666666666667,0.3518112218825972
turbine_2,2026-01-15 09:00:00+00:00,24,0.5302629501426726,0.5302629501426726,False,False,0.5340149625935162,8.19,0.7,2026-01-14 19:00:00+00:00,14.0,2026-01-14 22:00:00,2026-01-15T00:00:00+05:00,d633c2f1ae6f85e9c30f65bad57dddb0737fb42a3c8fe84ebda4cdc65874a07a,gfs_seamless,False,0.005,3.31,-1.3583333333333334,0.5252629501426725
turbine_2,2026-01-15 10:00:00+00:00,24,0.6767251115311322,0.6767251115311322,False,False,0.674827178030303,9.0,0.7,2026-01-14 19:00:00+00:00,15.0,2026-01-14 22:00:00,2026-01-15T00:00:00+05:00,d633c2f1ae6f85e9c30f65bad57dddb0737fb42a3c8fe84ebda4cdc65874a07a,gfs_seamless,False,0.024999999999999998,4.721666666666667,-1.555,0.6517251115311322
turbine_2,2026-01-15 11:00:00+00:00,24,0.6723766714580847,0.6723766714580847,False,False,0.674827178030303,9.11,-0.2,2026-01-14 19:00:00+00:00,16.0,2026-01-14 22:00:00,2026-01-15T00:00:00+05:00,d633c2f1ae6f85e9c30f65bad57dddb0737fb42a3c8fe84ebda4cdc65874a07a,gfs_seamless,False,0.04833333333333334,5.19,-1.5083333333333335,0.6240433381247513
turbine_2,2026-01-15 12:00:00+00:00,24,0.4792257370587228,0.4792257370587228,False,False,0.4600316789862724,7.93,-1.4,2026-01-14 19:00:00+00:00,17.0,2026-01-14 22:00:00,2026-01-15T00:00:00+05:00,d633c2f1ae6f85e9c30f65bad57dddb0737fb42a3c8fe84ebda4cdc65874a07a,gfs_seamless,False,0.08666666666666667,5.888333333333333,-1.385,0.3925590703920561
turbine_2,2026-01-15 13:00:00+00:00,24,0.6674226989918158,0.6674226989918158,False,False,0.674827178030303,9.09,-0.7,2026-01-14 19:00:00+00:00,18.0,2026-01-14 22:00:00,2026-01-15T00:00:00+05:00,d633c2f1ae6f85e9c30f65bad57dddb0737fb42a3c8fe84ebda4cdc65874a07a,gfs_seamless,False,0.10333333333333333,5.983333333333333,-1.3366666666666667,0.5640893656584824
turbine_2,2026-01-15 14:00:00+00:00,24,0.8657727778918931,0.8657727778918931,False,False,0.8245056689342404,10.25,-1.0,2026-01-14 19:00:00+00:00,19.0,2026-01-14 22:00:00,2026-01-15T00:00:00+05:00,d633c2f1ae6f85e9c30f65bad57dddb0737fb42a3c8fe84ebda4cdc65874a07a,gfs_seamless,False,0.05666666666666667,5.091666666666667,-1.5683333333333334,0.8091061112252265
turbine_2,2026-01-15 15:00:00+00:00,24,0.9064843510600329,0.9064843510600329,False,False,0.8846255144032922,10.57,-1.4,2026-01-14 19:00:00+00:00,20.0,2026-01-14 22:00:00,2026-01-15T00:00:00+05:00,d633c2f1ae6f85e9c30f65bad57dddb0737fb42a3c8fe84ebda4cdc65874a07a,gfs_seamless,False,0.11166666666666665,5.871666666666666,-1.695,0.7948176843933662
turbine_2,2026-01-15 16:00:00+00:00,24,0.497915041609711,0.497915041609711,False,False,0.5340149625935162,8.08,-1.4,2026-01-14 19:00:00+00:00,21.0,2026-01-14 22:00:00,2026-01-15T00:00:00+05:00,d633c2f1ae6f85e9c30f65bad57dddb0737fb42a3c8fe84ebda4cdc65874a07a,gfs_seamless,False,0.28833333333333333,7.255,-1.675,0.20958170827637768
turbine_2,2026-01-15 17:00:00+00:00,24,0.3925991403878178,0.3925991403878178,False,False,0.3889543114543114,7.39,-1.7,2026-01-14 19:00:00+00:00,22.0,2026-01-14 22:00:00,2026-01-15T00:00:00+05:00,d633c2f1ae6f85e9c30f65bad57dddb0737fb42a3c8fe84ebda4cdc65874a07a,gfs_seamless,False,0.056666666666666664,4.98,-2.09,0.33593247372115115
turbine_2,2026-01-15 18:00:00+00:00,24,0.37943335924602484,0.37943335924602484,False,False,0.3889543114543114,7.31,-1.5,2026-01-14 19:00:00+00:00,23.0,2026-01-14 22:00:00,2026-01-15T00:00:00+05:00,d633c2f1ae6f85e9c30f65bad57dddb0737fb42a3c8fe84ebda4cdc65874a07a,gfs_seamless,False,0.006666666666666667,1.5983333333333334,-1.1066666666666667,0.3727666925793582
turbine_2,2026-01-15 19:00:00+00:00,24,0.26152335960201617,0.26152335960201617,False,False,0.3143823356807512,6.55,-1.6,2026-01-14 19:00:00+00:00,24.0,2026-01-14 22:00:00,2026-01-15T00:00:00+05:00,d633c2f1ae6f85e9c30f65bad57dddb0737fb42a3c8fe84ebda4cdc65874a07a,gfs_seamless,False,0.09833333333333334,4.7299999999999995,-2.8683333333333336,0.16319002626868284
turbine_2,2026-01-15 20:00:00+00:00,48,0.008660661375003749,0.008660661375003749,False,False,0.010133863965267728,1.55,-2.0,2026-01-14 19:00:00+00:00,25.0,2026-01-14 22:00:00,2026-01-15T00:00:00+05:00,d633c2f1ae6f85e9c30f65bad57dddb0737fb42a3c8fe84ebda4cdc65874a07a,gfs_seamless,False,0.14,6.19,-3.6316666666666664,0.13133933862499628
turbine_2,2026-01-15 21:00:00+00:00,48,0.008331203967475512,0.008331203967475512,False,False,0.014654772265738324,2.14,-2.0,2026-01-14 19:00:00+00:00,26.0,2026-01-14 22:00:00,2026-01-15T00:00:00+05:00,d633c2f1ae6f85e9c30f65bad57dddb0737fb42a3c8fe84ebda4cdc65874a07a,gfs_seamless,False,0.08333333333333333,5.609999999999999,-3.7383333333333333,0.07500212936585782
turbine_2,2026-01-15 22:00:00+00:00,48,0.01714811525491829,0.01714811525491829,False,False,0.055667712691771266,3.52,-1.7,2026-01-14 19:00:00+00:00,27.0,2026-01-14 22:00:00,2026-01-15T00:00:00+05:00,d633c2f1ae6f85e9c30f65bad57dddb0737fb42a3c8fe84ebda4cdc65874a07a,gfs_seamless,False,0.04833333333333333,5.05,-3.875,0.031185218078415042
turbine_2,2026-01-15 23:00:00+00:00,48,0.23000908684641763,0.23000908684641763,False,False,0.3143823356807512,6.5,-2.4,2026-01-14 19:00:00+00:00,28.0,2026-01-14 22:00:00,2026-01-15T00:00:00+05:00,d633c2f1ae6f85e9c30f65bad57dddb0737fb42a3c8fe84ebda4cdc65874a07a,gfs_seamless,False,0.03666666666666667,5.083333333333333,-3.9150000000000005,0.19334242017975095
turbine_2,2026-01-16 00:00:00+00:00,48,0.045219048578758136,0.045219048578758136,False,False,0.07932559704002691,4.46,-1.5,2026-01-14 19:00:00+00:00,29.0,2026-01-14 22:00:00,2026-01-15T00:00:00+05:00,d633c2f1ae6f85e9c30f65bad57dddb0737fb42a3c8fe84ebda4cdc65874a07a,gfs_seamless,False,0.013333333333333334,4.5183333333333335,-3.8000000000000003,0.0318857152454248
turbine_2,2026-01-16 01:00:00+00:00,48,0.18457376954770696,0.18457376954770696,False,False,0.24706436200112422,6.1,-1.5,2026-01-14 19:00:00+00:00,30.0,2026-01-14 22:00:00,2026-01-15T00:00:00+05:00,d633c2f1ae6f85e9c30f65bad57dddb0737fb42a3c8fe84ebda4cdc65874a07a,gfs_seamless,False,0.041666666666666664,5.125,-3.811666666666667,0.1429071028810403
turbine_2,2026-01-16 02:00:00+00:00,48,0.41249216233572283,0.41249216233572283,False,False,0.3889543114543114,7.49,-1.4,2026-01-14 19:00:00+00:00,31.0,2026-01-14 22:00:00,2026-01-15T00:00:00+05:00,d633c2f1ae6f85e9c30f65bad57dddb0737fb42a3c8fe84ebda4cdc65874a07a,gfs_seamless,False,0.02666666666666667,5.010000000000001,-3.9916666666666667,0.38582549566905616
turbine_2,2026-01-16 03:00:00+00:00,48,0.47554876935941276,0.47554876935941276,False,False,0.5340149625935162,8.08,-1.7,2026-01-14 19:00:00+00:00,32.0,2026-01-14 22:00:00,2026-01-15T00:00:00+05:00,d633c2f1ae6f85e9c30f65bad57dddb0737fb42a3c8fe84ebda4cdc65874a07a,gfs_seamless,False,0.018333333333333333,4.963333333333334,-3.9483333333333337,0.45721543602607945
turbine_2,2026-01-16 04:00:00+00:00,48,0.7757420093541261,0.7757420093541261,False,False,0.7526978239366964,9.75,-1.8,2026-01-14 19:00:00+00:00,33.0,2026-01-14 22:00:00,2026-01-15T00:00:00+05:00,d633c2f1ae6f85e9c30f65bad57dddb0737fb42a3c8fe84ebda4cdc65874a07a,gfs_seamless,False,0.02666666666666667,5.328333333333333,-3.9,0.7490753426874595
turbine_2,2026-01-16 05:00:00+00:00,48,0.7376447145093916,0.7376447145093916,False,False,0.7526978239366964,9.66,-2.1,2026-01-14 19:00:00+00:00,34.0,2026-01-14 22:00:00,2026-01-15T00:00:00+05:00,d633c2f1ae6f85e9c30f65bad57dddb0737fb42a3c8fe84ebda4cdc65874a07a,gfs_seamless,False,0.02666666666666667,4.506666666666667,-2.9250000000000003,0.710978047842725
turbine_2,2026-01-16 06:00:00+00:00,48,0.924757906537533,0.924757906537533,False,False,0.925344560588463,11.27,-2.5,2026-01-14 19:00:00+00:00,35.0,2026-01-14 22:00:00,2026-01-15T00:00:00+05:00,d633c2f1ae6f85e9c30f65bad57dddb0737fb42a3c8fe84ebda4cdc65874a07a,gfs_seamless,False,0.024999999999999998,4.333333333333333,-2.85,0.899757906537533
turbine_2,2026-01-16 07:00:00+00:00,48,0.8399942820237811,0.8399942820237811,False,False,0.8245056689342404,10.45,-2.3,2026-01-14 19:00:00+00:00,36.0,2026-01-14 22:00:00,2026-01-15T00:00:00+05:00,d633c2f1ae6f85e9c30f65bad57dddb0737fb42a3c8fe84ebda4cdc65874a07a,gfs_seamless,False,0.03666666666666667,4.4383333333333335,-3.731666666666667,0.8033276153571145
turbine_2,2026-01-16 08:00:00+00:00,48,0.8950604692411668,0.8950604692411668,False,False,0.925344560588463,11.13,-2.5,2026-01-14 19:00:00+00:00,37.0,2026-01-14 22:00:00,2026-01-15T00:00:00+05:00,d633c2f1ae6f85e9c30f65bad57dddb0737fb42a3c8fe84ebda4cdc65874a07a,gfs_seamless,False,0.105,5.8183333333333325,-4.4,0.7900604692411668
turbine_2,2026-01-16 09:00:00+00:00,48,0.945019485568972,0.945019485568972,False,False,0.9521521456436932,11.52,-3.0,2026-01-14 19:00:00+00:00,38.0,2026-01-14 22:00:00,2026-01-15T00:00:00+05:00,d633c2f1ae6f85e9c30f65bad57dddb0737fb42a3c8fe84ebda4cdc65874a07a,gfs_seamless,False,0.215,6.778333333333333,-4.9816666666666665,0.730019485568972
turbine_2,2026-01-16 10:00:00+00:00,48,0.9832752496957045,0.9832752496957045,False,False,0.9697865853658537,13.12,-4.0,2026-01-14 19:00:00+00:00,39.0,2026-01-14 22:00:00,2026-01-15T00:00:00+05:00,d633c2f1ae6f85e9c30f65bad57dddb0737fb42a3c8fe84ebda4cdc65874a07a,gfs_seamless,False,0.4283333333333333,8.005,-6.141666666666667,0.5549419163623712
turbine_2,2026-01-16 11:00:00+00:00,48,0.9856465976793448,0.9856465976793448,False,False,0.9697865853658537,13.16,-4.8,2026-01-14 19:00:00+00:00,40.0,2026-01-14 22:00:00,2026-01-15T00:00:00+05:00,d633c2f1ae6f85e9c30f65bad57dddb0737fb42a3c8fe84ebda4cdc65874a07a,gfs_seamless,False,0.455,8.19,-7.216666666666666,0.5306465976793449
turbine_2,2026-01-16 12:00:00+00:00,48,0.9019815864262789,0.9019815864262789,False,False,0.9600239808153477,14.24,-6.1,2026-01-14 19:00:00+00:00,41.0,2026-01-14 22:00:00,2026-01-15T00:00:00+05:00,d633c2f1ae6f85e9c30f65bad57dddb0737fb42a3c8fe84ebda4cdc65874a07a,gfs_seamless,False,0.45,8.106666666666667,-8.391666666666667,0.4519815864262789
turbine_2,2026-01-16 13:00:00+00:00,48,0.8924025844142937,0.8924025844142937,False,False,0.9623423423423424,14.78,-6.7,2026-01-14 19:00:00+00:00,42.0,2026-01-14 22:00:00,2026-01-15T00:00:00+05:00,d633c2f1ae6f85e9c30f65bad57dddb0737fb42a3c8fe84ebda4cdc65874a07a,gfs_seamless,False,0.6716666666666667,9.200000000000001,-8.998333333333333,0.2207359177476269
turbine_2,2026-01-16 14:00:00+00:00,48,0.8821013012284525,0.8821013012284525,False,False,0.9496153846153847,15.23,-7.1,2026-01-14 19:00:00+00:00,43.0,2026-01-14 22:00:00,2026-01-15T00:00:00+05:00,d633c2f1ae6f85e9c30f65bad57dddb0737fb42a3c8fe84ebda4cdc65874a07a,gfs_seamless,False,0.7916666666666666,9.9,-9.785,0.09043463456178591
turbine_2,2026-01-16 15:00:00+00:00,48,0.9255616555566598,0.9255616555566598,False,False,0.9623423423423424,14.88,-8.3,2026-01-14 19:00:00+00:00,44.0,2026-01-14 22:00:00,2026-01-15T00:00:00+05:00,d633c2f1ae6f85e9c30f65bad57dddb0737fb42a3c8fe84ebda4cdc65874a07a,gfs_seamless,False,0.91,10.871666666666668,-10.161666666666667,0.015561655556659781
turbine_2,2026-01-16 16:00:00+00:00,48,0.9717135661601448,0.9717135661601448,False,False,0.9623423423423424,14.96,-9.6,2026-01-14 19:00:00+00:00,45.0,2026-01-14 22:00:00,2026-01-15T00:00:00+05:00,d633c2f1ae6f85e9c30f65bad57dddb0737fb42a3c8fe84ebda4cdc65874a07a,gfs_seamless,False,0.8883333333333333,10.523333333333333,-10.061666666666666,0.0833802328268115
turbine_2,2026-01-16 17:00:00+00:00,48,0.9013314775083808,0.9013314775083808,False,False,0.9600239808153477,14.24,-9.8,2026-01-14 19:00:00+00:00,46.0,2026-01-14 22:00:00,2026-01-15T00:00:00+05:00,d633c2f1ae6f85e9c30f65bad57dddb0737fb42a3c8fe84ebda4cdc65874a07a,gfs_seamless,False,0.9233333333333333,10.955,-10.063333333333333,0.02200185582495251
turbine_2,2026-01-16 18:00:00+00:00,48,0.9721483176519811,0.9721483176519811,False,False,0.9726666666666667,16.18,-11.3,2026-01-14 19:00:00+00:00,47.0,2026-01-14 22:00:00,2026-01-15T00:00:00+05:00,d633c2f1ae6f85e9c30f65bad57dddb0737fb42a3c8fe84ebda4cdc65874a07a,gfs_seamless,False,0.7833333333333333,9.695,-10.773333333333333,0.18881498431864774
turbine_2,2026-01-16 19:00:00+00:00,48,0.9721483176519811,0.9721483176519811,False,False,0.972962962962963,16.69,-12.1,2026-01-14 19:00:00+00:00,48.0,2026-01-14 22:00:00,2026-01-15T00:00:00+05:00,d633c2f1ae6f85e9c30f65bad57dddb0737fb42a3c8fe84ebda4cdc65874a07a,gfs_seamless,False,0.9199999999999999,10.891666666666666,-11.729999999999999,0.052148317651981135
turbine_1,2026-01-15 20:00:00+00:00,24,0.027648022536137816,0.027648022536137816,False,False,0.05847115031238515,3.77,-1.6,2026-01-15 19:00:00+00:00,1.0,2026-01-15 22:00:00,2026-01-16T00:00:00+05:00,e8e891d07dd25938fbd984754c1b97b1980d7470cf7a922b8b96f15126dc6767,gfs_seamless,False,0.13833333333333334,5.991666666666667,-3.373333333333333,0.11068531079719551
turbine_1,2026-01-15 21:00:00+00:00,24,0.008899962373633014,0.008899962373633014,False,False,0.009960903562119896,1.22,-1.7,2026-01-15 19:00:00+00:00,2.0,2026-01-15 22:00:00,2026-01-16T00:00:00+05:00,e8e891d07dd25938fbd984754c1b97b1980d7470cf7a922b8b96f15126dc6767,gfs_seamless,False,0.07333333333333333,5.41,-3.4783333333333335,0.06443337095970032
turbine_1,2026-01-15 22:00:00+00:00,24,0.008670907770001275,0.008670907770001275,False,False,0.01103499627699181,1.61,-1.6,2026-01-15 19:00:00+00:00,3.0,2026-01-15 22:00:00,2026-01-16T00:00:00+05:00,e8e891d07dd25938fbd984754c1b97b1980d7470cf7a922b8b96f15126dc6767,gfs_seamless,False,0.049999999999999996,4.993333333333333,-3.763333333333333,0.04132909222999872
turbine_1,2026-01-15 23:00:00+00:00,24,0.022109130836171352,0.022109130836171352,False,False,0.04030594094628246,3.41,-1.6,2026-01-15 19:00:00+00:00,4.0,2026-01-15 22:00:00,2026-01-16T00:00:00+05:00,e8e891d07dd25938fbd984754c1b97b1980d7470cf7a922b8b96f15126dc6767,gfs_seamless,False,0.04,5.016666666666667,-3.703333333333333,0.01789086916382865
turbine_1,2026-01-16 00:00:00+00:00,24,0.00858560639290521,0.00858560639290521,False,False,0.009988925802879292,0.98,-1.6,2026-01-15 19:00:00+00:00,5.0,2026-01-15 22:00:00,2026-01-16T00:00:00+05:00,e8e891d07dd25938fbd984754c1b97b1980d7470cf7a922b8b96f15126dc6767,gfs_seamless,False,0.013333333333333334,4.446666666666666,-3.5849999999999995,0.004747726940428125
turbine_1,2026-01-16 01:00:00+00:00,24,0.00858560639290521,0.00858560639290521,False,False,0.009988925802879292,0.94,-1.5,2026-01-15 19:00:00+00:00,6.0,2026-01-15 22:00:00,2026-01-16T00:00:00+05:00,e8e891d07dd25938fbd984754c1b97b1980d7470cf7a922b8b96f15126dc6767,gfs_seamless,False,0.03166666666666667,4.766666666666667,-3.598333333333333,0.02308106027376146
turbine_1,2026-01-16 02:00:00+00:00,24,0.00858560639290521,0.00858560639290521,False,False,0.009988925802879292,0.78,-1.4,2026-01-15 19:00:00+00:00,7.0,2026-01-15 22:00:00,2026-01-16T00:00:00+05:00,e8e891d07dd25938fbd984754c1b97b1980d7470cf7a922b8b96f15126dc6767,gfs_seamless,False,0.02,4.758333333333334,-3.763333333333333,0.011414393607094791
turbine_1,2026-01-16 03:00:00+00:00,24,0.00858560639290521,0.00858560639290521,False,False,0.009988925802879292,0.61,-1.6,2026-01-15 19:00:00+00:00,8.0,2026-01-15 22:00:00,2026-01-16T00:00:00+05:00,e8e891d07dd25938fbd984754c1b97b1980d7470cf7a922b8b96f15126dc6767,gfs_seamless,False,0.03,4.79,-3.7133333333333334,0.021414393607094788
turbine_1,2026-01-16 04:00:00+00:00,24,0.032701516217087404,0.032701516217087404,False,False,0.08202046479361777,4.05,-1.4,2026-01-15 19:00:00+00:00,9.0,2026-01-15 22:00:00,2026-01-16T00:00:00+05:00,e8e891d07dd25938fbd984754c1b97b1980d7470cf7a922b8b96f15126dc6767,gfs_seamless,False,0.07166666666666667,5.675,-3.69,0.03896515044957927
turbine_1,2026-01-16 05:00:00+00:00,24,0.23712946471956708,0.23712946471956708,False,False,0.25735207967193907,6.26,-2.0,2026-01-15 19:00:00+00:00,10.0,2026-01-15 22:00:00,2026-01-16T00:00:00+05:00,e8e891d07dd25938fbd984754c1b97b1980d7470cf7a922b8b96f15126dc6767,gfs_seamless,False,0.016666666666666666,3.9316666666666666,-2.768333333333333,0.22046279805290042
turbine_1,2026-01-16 06:00:00+00:00,24,0.2897979371951354,0.2897979371951354,False,False,0.32559115523465704,6.55,-1.1,2026-01-15 19:00:00+00:00,11.0,2026-01-15 22:00:00,2026-01-16T00:00:00+05:00,e8e891d07dd25938fbd984754c1b97b1980d7470cf7a922b8b96f15126dc6767,gfs_seamless,False,0.04833333333333333,4.6883333333333335,-2.725,0.24146460386180207
turbine_1,2026-01-16 07:00:00+00:00,24,0.4886530760249533,0.4886530760249533,False,False,0.47598876404494384,7.78,-1.0,2026-01-15 19:00:00+00:00,12.0,2026-01-15 22:00:00,2026-01-16T00:00:00+05:00,e8e891d07dd25938fbd984754c1b97b1980d7470cf7a922b8b96f15126dc6767,gfs_seamless,False,0.04,4.6466666666666665,-3.5549999999999997,0.4486530760249533
turbine_1,2026-01-16 08:00:00+00:00,24,0.6348227452840051,0.6348227452840051,False,False,0.6263133528265107,8.67,-1.8,2026-01-15 19:00:00+00:00,13.0,2026-01-15 22:00:00,2026-01-16T00:00:00+05:00,e8e891d07dd25938fbd984754c1b97b1980d7470cf7a922b8b96f15126dc6767,gfs_seamless,False,0.09000000000000001,5.571666666666666,-4.041666666666667,0.5448227452840051
turbine_1,2026-01-16 09:00:00+00:00,24,0.5928049136465419,0.5928049136465419,False,False,0.5477251184834123,8.35,-2.0,2026-01-15 19:00:00+00:00,14.0,2026-01-15 22:00:00,2026-01-16T00:00:00+05:00,e8e891d07dd25938fbd984754c1b97b1980d7470cf7a922b8b96f15126dc6767,gfs_seamless,False,0.22999999999999998,6.866666666666667,-4.7250000000000005,0.3628049136465419
turbine_1,2026-01-16 10:00:00+00:00,24,0.7986467789723138,0.7986467789723138,False,False,0.7641420845624386,9.6,-2.9,2026-01-15 19:00:00+00:00,15.0,2026-01-15 22:00:00,2026-01-16T00:00:00+05:00,e8e891d07dd25938fbd984754c1b97b1980d7470cf7a922b8b96f15126dc6767,gfs_seamless,False,0.3833333333333333,7.668333333333333,-5.898333333333333,0.41531344563898054
turbine_1,2026-01-16 11:00:00+00:00,24,0.8510082011047208,0.8510082011047208,False,False,0.8301573581560283,10.01,-3.8,2026-01-15 19:00:00+00:00,16.0,2026-01-15 22:00:00,2026-01-16T00:00:00+05:00,e8e891d07dd25938fbd984754c1b97b1980d7470cf7a922b8b96f15126dc6767,gfs_seamless,False,0.375,7.636666666666667,-7.093333333333334,0.47600820110472075
turbine_1,2026-01-16 12:00:00+00:00,24,0.9807669644932874,0.9807669644932874,False,False,0.9601641239019879,11.68,-5.4,2026-01-15 19:00:00+00:00,17.0,2026-01-15 22:00:00,2026-01-16T00:00:00+05:00,e8e891d07dd25938fbd984754c1b97b1980d7470cf7a922b8b96f15126dc6767,gfs_seamless,False,0.4466666666666667,7.8933333333333335,-8.233333333333333,0.5341002978266207
turbine_1,2026-01-16 13:00:00+00:00,24,0.9740191339049804,0.9740191339049804,False,False,0.9580719557195572,12.13,-6.1,2026-01-15 19:00:00+00:00,18.0,2026-01-15 22:00:00,2026-01-16T00:00:00+05:00,e8e891d07dd25938fbd984754c1b97b1980d7470cf7a922b8b96f15126dc6767,gfs_seamless,False,0.605,8.546666666666667,-8.951666666666666,0.3690191339049804
turbine_1,2026-01-16 14:00:00+00:00,24,0.9614064455087481,0.9614064455087481,False,False,0.9601641239019879,11.81,-6.6,2026-01-15 19:00:00+00:00,19.0,2026-01-15 22:00:00,2026-01-16T00:00:00+05:00,e8e891d07dd25938fbd984754c1b97b1980d7470cf7a922b8b96f15126dc6767,gfs_seamless,False,0.7666666666666666,9.708333333333334,-9.805,0.1947397788420815
turbine_1,2026-01-16 15:00:00+00:00,24,0.9941783212842662,0.9941783212842662,False,False,0.9580719557195572,12.24,-7.4,2026-01-15 19:00:00+00:00,20.0,2026-01-15 22:00:00,2026-01-16T00:00:00+05:00,e8e891d07dd25938fbd984754c1b97b1980d7470cf7a922b8b96f15126dc6767,gfs_seamless,False,0.9716666666666667,10.956666666666669,-10.196666666666667,0.02251165461759952
turbine_1,2026-01-16 16:00:00+00:00,24,0.9921223126474328,0.9921223126474328,False,False,0.965644891122278,13.88,-8.5,2026-01-15 19:00:00+00:00,21.0,2026-01-15 22:00:00,2026-01-16T00:00:00+05:00,e8e891d07dd25938fbd984754c1b97b1980d7470cf7a922b8b96f15126dc6767,gfs_seamless,False,0.9283333333333333,10.65,-10.12,0.06378897931409944
turbine_1,2026-01-16 17:00:00+00:00,24,0.9921223126474328,0.9921223126474328,False,False,0.965644891122278,13.92,-9.3,2026-01-15 19:00:00+00:00,22.0,2026-01-15 22:00:00,2026-01-16T00:00:00+05:00,e8e891d07dd25938fbd984754c1b97b1980d7470cf7a922b8b96f15126dc6767,gfs_seamless,False,0.8766666666666666,10.276666666666666,-10.135,0.11545564598076619
turbine_1,2026-01-16 18:00:00+00:00,24,0.9909353909118573,0.9909353909118573,False,False,0.9650781249999999,15.47,-10.2,2026-01-15 19:00:00+00:00,23.0,2026-01-15 22:00:00,2026-01-16T00:00:00+05:00,e8e891d07dd25938fbd984754c1b97b1980d7470cf7a922b8b96f15126dc6767,gfs_seamless,False,0.85,10.213333333333333,-10.893333333333333,0.14093539091185736
turbine_1,2026-01-16 19:00:00+00:00,24,0.9909353909118573,0.9909353909118573,False,False,0.9891975308641974,15.54,-11.0,2026-01-15 19:00:00+00:00,24.0,2026-01-15 22:00:00,2026-01-16T00:00:00+05:00,e8e891d07dd25938fbd984754c1b97b1980d7470cf7a922b8b96f15126dc6767,gfs_seamless,False,0.9683333333333334,11.29,-11.835,0.02260205757852396
turbine_1,2026-01-16 20:00:00+00:00,48,0.9909353909118573,0.9909353909118573,False,False,0.9877272727272726,17.48,-12.5,2026-01-15 19:00:00+00:00,25.0,2026-01-15 22:00:00,2026-01-16T00:00:00+05:00,e8e891d07dd25938fbd984754c1b97b1980d7470cf7a922b8b96f15126dc6767,gfs_seamless,False,0.96,11.388333333333334,-12.448333333333332,0.030935390911857374
turbine_1,2026-01-16 21:00:00+00:00,48,0.9923232283105412,0.9923232283105412,False,False,0.9877272727272726,17.2,-13.2,2026-01-15 19:00:00+00:00,26.0,2026-01-15 22:00:00,2026-01-16T00:00:00+05:00,e8e891d07dd25938fbd984754c1b97b1980d7470cf7a922b8b96f15126dc6767,gfs_seamless,False,0.895,10.448333333333332,-13.06,0.09732322831054119
turbine_1,2026-01-16 22:00:00+00:00,48,0.9923232283105412,0.9923232283105412,False,False,0.9894999999999999,16.76,-14.1,2026-01-15 19:00:00+00:00,27.0,2026-01-15 22:00:00,2026-01-16T00:00:00+05:00,e8e891d07dd25938fbd984754c1b97b1980d7470cf7a922b8b96f15126dc6767,gfs_seamless,False,0.8250000000000001,9.971666666666666,-13.69,0.16732322831054114
turbine_1,2026-01-16 23:00:00+00:00,48,0.9923232283105412,0.9923232283105412,False,False,0.9515384615384614,16.03,-14.7,2026-01-15 19:00:00+00:00,28.0,2026-01-15 22:00:00,2026-01-16T00:00:00+05:00,e8e891d07dd25938fbd984754c1b97b1980d7470cf7a922b8b96f15126dc6767,gfs_seamless,False,0.8166666666666665,9.94,-13.94,0.17565656164387466
turbine_1,2026-01-17 00:00:00+00:00,48,0.9923232283105412,0.9923232283105412,False,False,0.9874999999999999,18.75,-15.6,2026-01-15 19:00:00+00:00,29.0,2026-01-15 22:00:00,2026-01-16T00:00:00+05:00,e8e891d07dd25938fbd984754c1b97b1980d7470cf7a922b8b96f15126dc6767,gfs_seamless,False,0.9033333333333333,10.743333333333334,-14.236666666666666,0.08898989497720788
turbine_1,2026-01-17 01:00:00+00:00,48,0.9923232283105412,0.9923232283105412,False,False,0.9877272727272726,17.25,-15.7,2026-01-15 19:00:00+00:00,30.0,2026-01-15 22:00:00,2026-01-16T00:00:00+05:00,e8e891d07dd25938fbd984754c1b97b1980d7470cf7a922b8b96f15126dc6767,gfs_seamless,False,0.7000000000000001,9.36,-14.836666666666666,0.29232322831054114
turbine_1,2026-01-17 02:00:00+00:00,48,0.9923232283105412,0.9923232283105412,False,False,0.9515384615384614,16.42,-16.0,2026-01-15 19:00:00+00:00,31.0,2026-01-15 22:00:00,2026-01-16T00:00:00+05:00,e8e891d07dd25938fbd984754c1b97b1980d7470cf7a922b8b96f15126dc6767,gfs_seamless,False,0.62,8.691666666666668,-15.506666666666668,0.3723232283105412
turbine_1,2026-01-17 03:00:00+00:00,48,0.9923232283105412,0.9923232283105412,False,False,0.9877272727272726,17.16,-16.0,2026-01-15 19:00:00+00:00,32.0,2026-01-15 22:00:00,2026-01-16T00:00:00+05:00,e8e891d07dd25938fbd984754c1b97b1980d7470cf7a922b8b96f15126dc6767,gfs_seamless,False,0.4083333333333334,7.598333333333333,-15.526666666666666,0.5839898949772078
turbine_1,2026-01-17 04:00:00+00:00,48,0.9951981932159604,0.9951981932159604,False,False,0.9650781249999999,15.26,-15.6,2026-01-15 19:00:00+00:00,33.0,2026-01-15 22:00:00,2026-01-16T00:00:00+05:00,e8e891d07dd25938fbd984754c1b97b1980d7470cf7a922b8b96f15126dc6767,gfs_seamless,False,0.4183333333333333,7.771666666666667,-15.188333333333333,0.5768648598826271
turbine_1,2026-01-17 05:00:00+00:00,48,0.99366352616053,0.99366352616053,False,False,0.965644891122278,13.89,-15.2,2026-01-15 19:00:00+00:00,34.0,2026-01-15 22:00:00,2026-01-16T00:00:00+05:00,e8e891d07dd25938fbd984754c1b97b1980d7470cf7a922b8b96f15126dc6767,gfs_seamless,False,0.2833333333333333,7.086666666666666,-14.405000000000001,0.7103301928271967
turbine_1,2026-01-17 06:00:00+00:00,48,0.9926419765371932,0.9926419765371932,False,False,0.9769763513513514,13.24,-13.2,2026-01-15 19:00:00+00:00,35.0,2026-01-15 22:00:00,2026-01-16T00:00:00+05:00,e8e891d07dd25938fbd984754c1b97b1980d7470cf7a922b8b96f15126dc6767,gfs_seamless,False,0.13166666666666668,6.035,-12.823333333333332,0.8609753098705265
turbine_1,2026-01-17 07:00:00+00:00,48,0.9893866245960149,0.9893866245960149,False,False,0.9580719557195572,12.15,-12.7,2026-01-15 19:00:00+00:00,36.0,2026-01-15 22:00:00,2026-01-16T00:00:00+05:00,e8e891d07dd25938fbd984754c1b97b1980d7470cf7a922b8b96f15126dc6767,gfs_seamless,False,0.051666666666666666,5.176666666666667,-11.235,0.9377199579293483
turbine_1,2026-01-17 08:00:00+00:00,48,0.971940267182024,0.971940267182024,False,False,0.9378537012702585,11.15,-12.2,2026-01-15 19:00:00+00:00,37.0,2026-01-15 22:00:00,2026-01-16T00:00:00+05:00,e8e891d07dd25938fbd984754c1b97b1980d7470cf7a922b8b96f15126dc6767,gfs_seamless,False,0.06333333333333334,5.216666666666667,-10.786666666666667,0.9086069338486906
turbine_1,2026-01-17 09:00:00+00:00,48,0.8728933131718178,0.8728933131718178,False,False,0.8301573581560283,10.11,-11.9,2026-01-15 19:00:00+00:00,38.0,2026-01-15 22:00:00,2026-01-16T00:00:00+05:00,e8e891d07dd25938fbd984754c1b97b1980d7470cf7a922b8b96f15126dc6767,gfs_seamless,False,0.08833333333333333,5.31,-10.811666666666667,0.7845599798384845
turbine_1,2026-01-17 10:00:00+00:00,48,0.6302561518078402,0.6302561518078402,False,False,0.6263133528265107,8.72,-12.0,2026-01-15 19:00:00+00:00,39.0,2026-01-15 22:00:00,2026-01-16T00:00:00+05:00,e8e891d07dd25938fbd984754c1b97b1980d7470cf7a922b8b96f15126dc6767,gfs_seamless,False,0.05333333333333334,5.056666666666667,-11.566666666666668,0.5769228184745069
turbine_1,2026-01-17 11:00:00+00:00,48,0.32376170742269766,0.32376170742269766,False,False,0.3988888888888889,7.24,-12.5,2026-01-15 19:00:00+00:00,40.0,2026-01-15 22:00:00,2026-01-16T00:00:00+05:00,e8e891d07dd25938fbd984754c1b97b1980d7470cf7a922b8b96f15126dc6767,gfs_seamless,False,0.03333333333333333,4.61,-12.111666666666666,0.29042837408936434
turbine_1,2026-01-17 12:00:00+00:00,48,0.060304295428621923,0.060304295428621923,False,False,0.19587177375068643,5.66,-13.2,2026-01-15 19:00:00+00:00,41.0,2026-01-15 22:00:00,2026-01-16T00:00:00+05:00,e8e891d07dd25938fbd984754c1b97b1980d7470cf7a922b8b96f15126dc6767,gfs_seamless,False,0.01,3.5366666666666666,-12.573333333333332,0.05030429542862192
turbine_1,2026-01-17 13:00:00+00:00,48,0.04027959212691795,0.04027959212691795,False,False,0.11243145028080608,4.82,-13.2,2026-01-15 19:00:00+00:00,42.0,2026-01-15 22:00:00,2026-01-16T00:00:00+05:00,e8e891d07dd25938fbd984754c1b97b1980d7470cf7a922b8b96f15126dc6767,gfs_seamless,False,0.01,3.5400000000000005,-13.181666666666667,0.03027959212691795
turbine_1,2026-01-17 14:00:00+00:00,48,0.028584822264914104,0.028584822264914104,False,False,0.08202046479361777,4.48,-13.2,2026-01-15 19:00:00+00:00,43.0,2026-01-15 22:00:00,2026-01-16T00:00:00+05:00,e8e891d07dd25938fbd984754c1b97b1980d7470cf7a922b8b96f15126dc6767,gfs_seamless,False,0.028333333333333332,4.72,-13.846666666666666,0.00025148893158077196
turbine_1,2026-01-17 15:00:00+00:00,48,0.013457390958446535,0.013457390958446535,False,False,0.04030594094628246,3.4,-13.2,2026-01-15 19:00:00+00:00,44.0,2026-01-15 22:00:00,2026-01-16T00:00:00+05:00,e8e891d07dd25938fbd984754c1b97b1980d7470cf7a922b8b96f15126dc6767,gfs_seamless,False,0.013333333333333334,4.663333333333333,-14.256666666666666,0.00012405762511320112
turbine_1,2026-01-17 16:00:00+00:00,48,0.003449582913966396,0.005,True,False,0.01103499627699181,1.84,-13.2,2026-01-15 19:00:00+00:00,45.0,2026-01-15 22:00:00,2026-01-16T00:00:00+05:00,e8e891d07dd25938fbd984754c1b97b1980d7470cf7a922b8b96f15126dc6767,gfs_seamless,False,0.01,5.16,-14.729999999999999,0.005
turbine_1,2026-01-17 17:00:00+00:00,48,0.0034168834970314957,0.005,True,False,0.01103499627699181,1.7,-13.6,2026-01-15 19:00:00+00:00,46.0,2026-01-15 22:00:00,2026-01-16T00:00:00+05:00,e8e891d07dd25938fbd984754c1b97b1980d7470cf7a922b8b96f15126dc6767,gfs_seamless,False,0.01,3.733333333333333,-14.798333333333332,0.005
turbine_1,2026-01-17 18:00:00+00:00,48,0.003331582119935432,0.005,True,False,0.009960903562119896,1.3,-13.8,2026-01-15 19:00:00+00:00,47.0,2026-01-15 22:00:00,2026-01-16T00:00:00+05:00,e8e891d07dd25938fbd984754c1b97b1980d7470cf7a922b8b96f15126dc6767,gfs_seamless,False,0.01,3.045,-14.604999999999999,0.005
turbine_1,2026-01-17 19:00:00+00:00,48,0.003331582119935432,0.005,True,False,0.01,0.41,-13.8,2026-01-15 19:00:00+00:00,48.0,2026-01-15 22:00:00,2026-01-16T00:00:00+05:00,e8e891d07dd25938fbd984754c1b97b1980d7470cf7a922b8b96f15126dc6767,gfs_seamless,False,0.01,0.7883333333333334,-13.851666666666667,0.005
turbine_2,2026-01-15 20:00:00+00:00,24,0.023635497684438723,0.023635497684438723,False,False,0.05561999303378613,3.77,-1.6,2026-01-15 19:00:00+00:00,1.0,2026-01-15 22:00:00,2026-01-16T00:00:00+05:00,5bd33a9e406eb28f8061bc11f4652bb3cac5c99486da8fae4fddb0a85b7d6e58,gfs_seamless,False,0.14,6.19,-3.6316666666666664,0.1163645023155613
turbine_2,2026-01-15 21:00:00+00:00,24,0.007340420389572508,0.007340420389572508,False,False,0.009707112970711296,1.22,-1.7,2026-01-15 19:00:00+00:00,2.0,2026-01-15 22:00:00,2026-01-16T00:00:00+05:00,5bd33a9e406eb28f8061bc11f4652bb3cac5c99486da8fae4fddb0a85b7d6e58,gfs_seamless,False,0.08333333333333333,5.609999999999999,-3.7383333333333333,0.07599291294376082
turbine_2,2026-01-15 22:00:00+00:00,24,0.008801211479527282,0.008801211479527282,False,False,0.010133574007220217,1.61,-1.6,2026-01-15 19:00:00+00:00,3.0,2026-01-15 22:00:00,2026-01-16T00:00:00+05:00,5bd33a9e406eb28f8061bc11f4652bb3cac5c99486da8fae4fddb0a85b7d6e58,gfs_seamless,False,0.04833333333333333,5.05,-3.875,0.03953212185380605
turbine_2,2026-01-15 23:00:00+00:00,24,0.015562596440022775,0.015562596440022775,False,False,0.037285622179239204,3.41,-1.6,2026-01-15 19:00:00+00:00,4.0,2026-01-15 22:00:00,2026-01-16T00:00:00+05:00,5bd33a9e406eb28f8061bc11f4652bb3cac5c99486da8fae4fddb0a85b7d6e58,gfs_seamless,False,0.03666666666666667,5.083333333333333,-3.9150000000000005,0.021104070226643894
turbine_2,2026-01-16 00:00:00+00:00,24,0.008801211479527282,0.008801211479527282,False,False,0.009930555555555557,0.98,-1.6,2026-01-15 19:00:00+00:00,5.0,2026-01-15 22:00:00,2026-01-16T00:00:00+05:00,5bd33a9e406eb28f8061bc11f4652bb3cac5c99486da8fae4fddb0a85b7d6e58,gfs_seamless,False,0.013333333333333334,4.5183333333333335,-3.8000000000000003,0.004532121853806052
turbine_2,2026-01-16 01:00:00+00:00,24,0.008801211479527282,0.008801211479527282,False,False,0.009930555555555557,0.94,-1.5,2026-01-15 19:00:00+00:00,6.0,2026-01-15 22:00:00,2026-01-16T00:00:00+05:00,5bd33a9e406eb28f8061bc11f4652bb3cac5c99486da8fae4fddb0a85b7d6e58,gfs_seamless,False,0.041666666666666664,5.125,-3.811666666666667,0.03286545518713938
turbine_2,2026-01-16 02:00:00+00:00,24,0.008801211479527282,0.008801211479527282,False,False,0.009930555555555557,0.78,-1.4,2026-01-15 19:00:00+00:00,7.0,2026-01-15 22:00:00,2026-01-16T00:00:00+05:00,5bd33a9e406eb28f8061bc11f4652bb3cac5c99486da8fae4fddb0a85b7d6e58,gfs_seamless,False,0.02666666666666667,5.010000000000001,-3.9916666666666667,0.017865455187139386
turbine_2,2026-01-16 03:00:00+00:00,24,0.008801211479527282,0.008801211479527282,False,False,0.009930555555555557,0.61,-1.6,2026-01-15 19:00:00+00:00,8.0,2026-01-15 22:00:00,2026-01-16T00:00:00+05:00,5bd33a9e406eb28f8061bc11f4652bb3cac5c99486da8fae4fddb0a85b7d6e58,gfs_seamless,False,0.018333333333333333,4.963333333333334,-3.9483333333333337,0.009532121853806051
turbine_2,2026-01-16 04:00:00+00:00,24,0.029050987631479498,0.029050987631479498,False,False,0.07932559704002691,4.05,-1.4,2026-01-15 19:00:00+00:00,9.0,2026-01-15 22:00:00,2026-01-16T00:00:00+05:00,5bd33a9e406eb28f8061bc11f4652bb3cac5c99486da8fae4fddb0a85b7d6e58,gfs_seamless,False,0.02666666666666667,5.328333333333333,-3.9,0.002384320964812829
turbine_2,2026-01-16 05:00:00+00:00,24,0.2043658971768855,0.2043658971768855,False,False,0.24706436200112422,6.26,-2.0,2026-01-15 19:00:00+00:00,10.0,2026-01-15 22:00:00,2026-01-16T00:00:00+05:00,5bd33a9e406eb28f8061bc11f4652bb3cac5c99486da8fae4fddb0a85b7d6e58,gfs_seamless,False,0.02666666666666667,4.506666666666667,-2.9250000000000003,0.17769923051021883
turbine_2,2026-01-16 06:00:00+00:00,24,0.2694526859330449,0.2694526859330449,False,False,0.31422310172969803,6.55,-1.1,2026-01-15 19:00:00+00:00,11.0,2026-01-15 22:00:00,2026-01-16T00:00:00+05:00,5bd33a9e406eb28f8061bc11f4652bb3cac5c99486da8fae4fddb0a85b7d6e58,gfs_seamless,False,0.024999999999999998,4.333333333333333,-2.85,0.2444526859330449
turbine_2,2026-01-16 07:00:00+00:00,24,0.4530342883742367,0.4530342883742367,False,False,0.4600316789862724,7.78,-1.0,2026-01-15 19:00:00+00:00,12.0,2026-01-15 22:00:00,2026-01-16T00:00:00+05:00,5bd33a9e406eb28f8061bc11f4652bb3cac5c99486da8fae4fddb0a85b7d6e58,gfs_seamless,False,0.03666666666666667,4.4383333333333335,-3.731666666666667,0.41636762170757
turbine_2,2026-01-16 08:00:00+00:00,24,0.570547629488954,0.570547629488954,False,False,0.615759009009009,8.67,-1.8,2026-01-15 19:00:00+00:00,13.0,2026-01-15 22:00:00,2026-01-16T00:00:00+05:00,5bd33a9e406eb28f8061bc11f4652bb3cac5c99486da8fae4fddb0a85b7d6e58,gfs_seamless,False,0.105,5.8183333333333325,-4.4,0.465547629488954
turbine_2,2026-01-16 09:00:00+00:00,24,0.5243603590116065,0.5243603590116065,False,False,0.5340149625935162,8.35,-2.0,2026-01-15 19:00:00+00:00,14.0,2026-01-15 22:00:00,2026-01-16T00:00:00+05:00,5bd33a9e406eb28f8061bc11f4652bb3cac5c99486da8fae4fddb0a85b7d6e58,gfs_seamless,False,0.215,6.778333333333333,-4.9816666666666665,0.3093603590116065
turbine_2,2026-01-16 10:00:00+00:00,24,0.7699298618517396,0.7699298618517396,False,False,0.7526978239366964,9.6,-2.9,2026-01-15 19:00:00+00:00,15.0,2026-01-15 22:00:00,2026-01-16T00:00:00+05:00,5bd33a9e406eb28f8061bc11f4652bb3cac5c99486da8fae4fddb0a85b7d6e58,gfs_seamless,False,0.4283333333333333,8.005,-6.141666666666667,0.34159652851840633
turbine_2,2026-01-16 11:00:00+00:00,24,0.8340050846447619,0.8340050846447619,False,False,0.8245056689342404,10.01,-3.8,2026-01-15 19:00:00+00:00,16.0,2026-01-15 22:00:00,2026-01-16T00:00:00+05:00,5bd33a9e406eb28f8061bc11f4652bb3cac5c99486da8fae4fddb0a85b7d6e58,gfs_seamless,False,0.455,8.19,-7.216666666666666,0.37900508464476185
turbine_2,2026-01-16 12:00:00+00:00,24,0.9735196603140301,0.9735196603140301,False,False,0.9521521456436932,11.68,-5.4,2026-01-15 19:00:00+00:00,17.0,2026-01-15 22:00:00,2026-01-16T00:00:00+05:00,5bd33a9e406eb28f8061bc11f4652bb3cac5c99486da8fae4fddb0a85b7d6e58,gfs_seamless,False,0.45,8.106666666666667,-8.391666666666667,0.5235196603140302
turbine_2,2026-01-16 13:00:00+00:00,24,0.9285399949238858,0.9285399949238858,False,False,0.9572317351598173,12.13,-6.1,2026-01-15 19:00:00+00:00,18.0,2026-01-15 22:00:00,2026-01-16T00:00:00+05:00,5bd33a9e406eb28f8061bc11f4652bb3cac5c99486da8fae4fddb0a85b7d6e58,gfs_seamless,False,0.6716666666666667,9.200000000000001,-8.998333333333333,0.2568733282572191
turbine_2,2026-01-16 14:00:00+00:00,24,0.9444840314579046,0.9444840314579046,False,False,0.9521521456436932,11.81,-6.6,2026-01-15 19:00:00+00:00,19.0,2026-01-15 22:00:00,2026-01-16T00:00:00+05:00,5bd33a9e406eb28f8061bc11f4652bb3cac5c99486da8fae4fddb0a85b7d6e58,gfs_seamless,False,0.7916666666666666,9.9,-9.785,0.15281736479123798
turbine_2,2026-01-16 15:00:00+00:00,24,0.9460353143098092,0.9460353143098092,False,False,0.9572317351598173,12.24,-7.4,2026-01-15 19:00:00+00:00,20.0,2026-01-15 22:00:00,2026-01-16T00:00:00+05:00,5bd33a9e406eb28f8061bc11f4652bb3cac5c99486da8fae4fddb0a85b7d6e58,gfs_seamless,False,0.91,10.871666666666668,-10.161666666666667,0.03603531430980922
turbine_2,2026-01-16 16:00:00+00:00,24,0.9654738485972615,0.9654738485972615,False,False,0.9610872675250358,13.88,-8.5,2026-01-15 19:00:00+00:00,21.0,2026-01-15 22:00:00,2026-01-16T00:00:00+05:00,5bd33a9e406eb28f8061bc11f4652bb3cac5c99486da8fae4fddb0a85b7d6e58,gfs_seamless,False,0.8883333333333333,10.523333333333333,-10.061666666666666,0.07714051526392818
turbine_2,2026-01-16 17:00:00+00:00,24,0.9654738485972615,0.9654738485972615,False,False,0.9610872675250358,13.92,-9.3,2026-01-15 19:00:00+00:00,22.0,2026-01-15 22:00:00,2026-01-16T00:00:00+05:00,5bd33a9e406eb28f8061bc11f4652bb3cac5c99486da8fae4fddb0a85b7d6e58,gfs_seamless,False,0.9233333333333333,10.955,-10.063333333333333,0.04214051526392815
turbine_2,2026-01-16 18:00:00+00:00,24,0.9633324897139841,0.9633324897139841,False,False,0.9496153846153847,15.47,-10.2,2026-01-15 19:00:00+00:00,23.0,2026-01-15 22:00:00,2026-01-16T00:00:00+05:00,5bd33a9e406eb28f8061bc11f4652bb3cac5c99486da8fae4fddb0a85b7d6e58,gfs_seamless,False,0.7833333333333333,9.695,-10.773333333333333,0.17999915638065078
turbine_2,2026-01-16 19:00:00+00:00,24,0.9779415611550835,0.9779415611550835,False,False,0.9336178861788619,15.54,-11.0,2026-01-15 19:00:00+00:00,24.0,2026-01-15 22:00:00,2026-01-16T00:00:00+05:00,5bd33a9e406eb28f8061bc11f4652bb3cac5c99486da8fae4fddb0a85b7d6e58,gfs_seamless,False,0.9199999999999999,10.891666666666666,-11.729999999999999,0.05794156115508353
turbine_2,2026-01-16 20:00:00+00:00,48,0.9890403243135939,0.9890403243135939,False,False,0.9443333333333334,17.48,-12.5,2026-01-15 19:00:00+00:00,25.0,2026-01-15 22:00:00,2026-01-16T00:00:00+05:00,5bd33a9e406eb28f8061bc11f4652bb3cac5c99486da8fae4fddb0a85b7d6e58,gfs_seamless,False,0.9683333333333333,11.92,-12.376666666666667,0.02070699098026063
turbine_2,2026-01-16 21:00:00+00:00,48,0.9890403243135939,0.9890403243135939,False,False,0.9443333333333334,17.2,-13.2,2026-01-15 19:00:00+00:00,26.0,2026-01-15 22:00:00,2026-01-16T00:00:00+05:00,5bd33a9e406eb28f8061bc11f4652bb3cac5c99486da8fae4fddb0a85b7d6e58,gfs_seamless,False,0.8966666666666666,10.64,-12.908333333333333,0.09237365764692729
turbine_2,2026-01-16 22:00:00+00:00,48,0.9890403243135939,0.9890403243135939,False,False,0.972962962962963,16.76,-14.1,2026-01-15 19:00:00+00:00,27.0,2026-01-15 22:00:00,2026-01-16T00:00:00+05:00,5bd33a9e406eb28f8061bc11f4652bb3cac5c99486da8fae4fddb0a85b7d6e58,gfs_seamless,False,0.7949999999999999,9.895,-13.5,0.19404032431359397
turbine_2,2026-01-16 23:00:00+00:00,48,0.9890403243135939,0.9890403243135939,False,False,0.9726666666666667,16.03,-14.7,2026-01-15 19:00:00+00:00,28.0,2026-01-15 22:00:00,2026-01-16T00:00:00+05:00,5bd33a9e406eb28f8061bc11f4652bb3cac5c99486da8fae4fddb0a85b7d6e58,gfs_seamless,False,0.7400000000000001,9.584999999999999,-13.856666666666667,0.2490403243135938
turbine_2,2026-01-17 00:00:00+00:00,48,0.9890403243135939,0.9890403243135939,False,False,0.9766666666666668,18.75,-15.6,2026-01-15 19:00:00+00:00,29.0,2026-01-15 22:00:00,2026-01-16T00:00:00+05:00,5bd33a9e406eb28f8061bc11f4652bb3cac5c99486da8fae4fddb0a85b7d6e58,gfs_seamless,False,0.9349999999999999,11.275,-14.159999999999998,0.05404032431359396
turbine_2,2026-01-17 01:00:00+00:00,48,0.9890403243135939,0.9890403243135939,False,False,0.9443333333333334,17.25,-15.7,2026-01-15 19:00:00+00:00,30.0,2026-01-15 22:00:00,2026-01-16T00:00:00+05:00,5bd33a9e406eb28f8061bc11f4652bb3cac5c99486da8fae4fddb0a85b7d6e58,gfs_seamless,False,0.7983333333333333,9.993333333333334,-14.68,0.19070699098026056
turbine_2,2026-01-17 02:00:00+00:00,48,0.9890403243135939,0.9890403243135939,False,False,0.9726666666666667,16.42,-16.0,2026-01-15 19:00:00+00:00,31.0,2026-01-15 22:00:00,2026-01-16T00:00:00+05:00,5bd33a9e406eb28f8061bc11f4652bb3cac5c99486da8fae4fddb0a85b7d6e58,gfs_seamless,False,0.535,8.321666666666667,-15.443333333333333,0.45404032431359387
turbine_2,2026-01-17 03:00:00+00:00,48,0.9890403243135939,0.9890403243135939,False,False,0.9443333333333334,17.16,-16.0,2026-01-15 19:00:00+00:00,32.0,2026-01-15 22:00:00,2026-01-16T00:00:00+05:00,5bd33a9e406eb28f8061bc11f4652bb3cac5c99486da8fae4fddb0a85b7d6e58,gfs_seamless,False,0.38833333333333336,7.611666666666667,-15.531666666666666,0.6007069909802605
turbine_2,2026-01-17 04:00:00+00:00,48,0.9795339882488682,0.9795339882488682,False,False,0.9496153846153847,15.26,-15.6,2026-01-15 19:00:00+00:00,33.0,2026-01-15 22:00:00,2026-01-16T00:00:00+05:00,5bd33a9e406eb28f8061bc11f4652bb3cac5c99486da8fae4fddb0a85b7d6e58,gfs_seamless,False,0.36333333333333334,7.528333333333333,-15.243333333333334,0.6162006549155348
turbine_2,2026-01-17 05:00:00+00:00,48,0.9699952581278103,0.9699952581278103,False,False,0.9610872675250358,13.89,-15.2,2026-01-15 19:00:00+00:00,34.0,2026-01-15 22:00:00,2026-01-16T00:00:00+05:00,5bd33a9e406eb28f8061bc11f4652bb3cac5c99486da8fae4fddb0a85b7d6e58,gfs_seamless,False,0.225,6.845,-14.288333333333334,0.7449952581278103
turbine_2,2026-01-17 06:00:00+00:00,48,0.9702181953160405,0.9702181953160405,False,False,0.9697865853658537,13.24,-13.2,2026-01-15 19:00:00+00:00,35.0,2026-01-15 22:00:00,2026-01-16T00:00:00+05:00,5bd33a9e406eb28f8061bc11f4652bb3cac5c99486da8fae4fddb0a85b7d6e58,gfs_seamless,False,0.11833333333333333,6.166666666666667,-12.821666666666667,0.8518848619827072
turbine_2,2026-01-17 07:00:00+00:00,48,0.9445200825441011,0.9445200825441011,False,False,0.9572317351598173,12.15,-12.7,2026-01-15 19:00:00+00:00,36.0,2026-01-15 22:00:00,2026-01-16T00:00:00+05:00,5bd33a9e406eb28f8061bc11f4652bb3cac5c99486da8fae4fddb0a85b7d6e58,gfs_seamless,False,0.018333333333333333,4.985,-11.12,0.9261867492107678
turbine_2,2026-01-17 08:00:00+00:00,48,0.9494278850542174,0.9494278850542174,False,False,0.925344560588463,11.15,-12.2,2026-01-15 19:00:00+00:00,37.0,2026-01-15 22:00:00,2026-01-16T00:00:00+05:00,5bd33a9e406eb28f8061bc11f4652bb3cac5c99486da8fae4fddb0a85b7d6e58,gfs_seamless,False,0.05333333333333334,5.126666666666667,-10.753333333333332,0.896094551720884
turbine_2,2026-01-17 09:00:00+00:00,48,0.8721871516111159,0.8721871516111159,False,False,0.8245056689342404,10.11,-11.9,2026-01-15 19:00:00+00:00,38.0,2026-01-15 22:00:00,2026-01-16T00:00:00+05:00,5bd33a9e406eb28f8061bc11f4652bb3cac5c99486da8fae4fddb0a85b7d6e58,gfs_seamless,False,0.08666666666666667,5.531666666666666,-10.964999999999998,0.7855204849444493
turbine_2,2026-01-17 10:00:00+00:00,48,0.5826035601334151,0.5826035601334151,False,False,0.615759009009009,8.72,-12.0,2026-01-15 19:00:00+00:00,39.0,2026-01-15 22:00:00,2026-01-16T00:00:00+05:00,5bd33a9e406eb28f8061bc11f4652bb3cac5c99486da8fae4fddb0a85b7d6e58,gfs_seamless,False,0.05333333333333334,5.26,-11.753333333333332,0.5292702268000817
turbine_2,2026-01-17 11:00:00+00:00,48,0.3078064716085874,0.3078064716085874,False,False,0.3888572806171649,7.24,-12.5,2026-01-15 19:00:00+00:00,40.0,2026-01-15 22:00:00,2026-01-16T00:00:00+05:00,5bd33a9e406eb28f8061bc11f4652bb3cac5c99486da8fae4fddb0a85b7d6e58,gfs_seamless,False,0.04,4.836666666666667,-12.351666666666667,0.2678064716085874
turbine_2,2026-01-17 12:00:00+00:00,48,0.06193489761588252,0.06193489761588252,False,False,0.18883534136546185,5.66,-13.2,2026-01-15 19:00:00+00:00,41.0,2026-01-15 22:00:00,2026-01-16T00:00:00+05:00,5bd33a9e406eb28f8061bc11f4652bb3cac5c99486da8fae4fddb0a85b7d6e58,gfs_seamless,False,0.01,2.981666666666667,-12.746666666666668,0.05193489761588252
turbine_2,2026-01-17 13:00:00+00:00,48,0.030193968575294307,0.030193968575294307,False,False,0.10597785977859778,4.82,-13.2,2026-01-15 19:00:00+00:00,42.0,2026-01-15 22:00:00,2026-01-16T00:00:00+05:00,5bd33a9e406eb28f8061bc11f4652bb3cac5c99486da8fae4fddb0a85b7d6e58,gfs_seamless,False,0.013333333333333334,3.7383333333333333,-13.445,0.01686063524196097
turbine_2,2026-01-17 14:00:00+00:00,48,0.023925619208407852,0.023925619208407852,False,False,0.07932559704002691,4.48,-13.2,2026-01-15 19:00:00+00:00,43.0,2026-01-15 22:00:00,2026-01-16T00:00:00+05:00,5bd33a9e406eb28f8061bc11f4652bb3cac5c99486da8fae4fddb0a85b7d6e58,gfs_seamless,False,0.03,4.963333333333334,-14.106666666666667,0.006074380791592147
turbine_2,2026-01-17 15:00:00+00:00,48,0.011286538385181732,0.011286538385181732,False,False,0.037285622179239204,3.4,-13.2,2026-01-15 19:00:00+00:00,44.0,2026-01-15 22:00:00,2026-01-16T00:00:00+05:00,5bd33a9e406eb28f8061bc11f4652bb3cac5c99486da8fae4fddb0a85b7d6e58,gfs_seamless,False,0.011666666666666667,4.510000000000001,-14.518333333333333,0.00038012828148493473
turbine_2,2026-01-17 16:00:00+00:00,48,0.006818521062588873,0.006818521062588873,False,False,0.010133574007220217,1.84,-13.2,2026-01-15 19:00:00+00:00,45.0,2026-01-15 22:00:00,2026-01-16T00:00:00+05:00,5bd33a9e406eb28f8061bc11f4652bb3cac5c99486da8fae4fddb0a85b7d6e58,gfs_seamless,False,0.01,4.773333333333333,-14.973333333333334,0.0031814789374111276
turbine_2,2026-01-17 17:00:00+00:00,48,0.006818521062588873,0.006818521062588873,False,False,0.010133574007220217,1.7,-13.6,2026-01-15 19:00:00+00:00,46.0,2026-01-15 22:00:00,2026-01-16T00:00:00+05:00,5bd33a9e406eb28f8061bc11f4652bb3cac5c99486da8fae4fddb0a85b7d6e58,gfs_seamless,False,0.01,3.768333333333333,-15.098333333333334,0.0031814789374111276
turbine_2,2026-01-17 18:00:00+00:00,48,0.006818521062588873,0.006818521062588873,False,False,0.009707112970711296,1.3,-13.8,2026-01-15 19:00:00+00:00,47.0,2026-01-15 22:00:00,2026-01-16T00:00:00+05:00,5bd33a9e406eb28f8061bc11f4652bb3cac5c99486da8fae4fddb0a85b7d6e58,gfs_seamless,False,0.01,3.188333333333333,-14.856666666666667,0.0031814789374111276
turbine_2,2026-01-17 19:00:00+00:00,48,0.006818521062588873,0.006818521062588873,False,False,0.01,0.41,-13.8,2026-01-15 19:00:00+00:00,48.0,2026-01-15 22:00:00,2026-01-16T00:00:00+05:00,5bd33a9e406eb28f8061bc11f4652bb3cac5c99486da8fae4fddb0a85b7d6e58,gfs_seamless,False,0.01,0.7966666666666667,-14.188333333333333,0.0031814789374111276
turbine_1,2026-01-16 20:00:00+00:00,24,0.9929406357200341,0.9929406357200341,False,False,0.9891975308641974,15.85,-12.1,2026-01-16 19:00:00+00:00,1.0,2026-01-16 22:00:00,2026-01-17T00:00:00+05:00,7eea95fbdf4b08f3dc41e0abd6fc51d33a4af328610c387a2323143a3e5a8303,gfs_seamless,False,0.96,11.388333333333334,-12.448333333333332,0.03294063572003414
turbine_1,2026-01-16 21:00:00+00:00,24,0.9937697888125814,0.9937697888125814,False,False,0.9894999999999999,16.85,-12.9,2026-01-16 19:00:00+00:00,2.0,2026-01-16 22:00:00,2026-01-17T00:00:00+05:00,7eea95fbdf4b08f3dc41e0abd6fc51d33a4af328610c387a2323143a3e5a8303,gfs_seamless,False,0.895,10.448333333333332,-13.06,0.09876978881258136
turbine_1,2026-01-16 22:00:00+00:00,24,0.9937697888125814,0.9937697888125814,False,False,0.8188888888888889,18.09,-13.9,2026-01-16 19:00:00+00:00,3.0,2026-01-16 22:00:00,2026-01-17T00:00:00+05:00,7eea95fbdf4b08f3dc41e0abd6fc51d33a4af328610c387a2323143a3e5a8303,gfs_seamless,False,0.8250000000000001,9.971666666666666,-13.69,0.1687697888125813
turbine_1,2026-01-16 23:00:00+00:00,24,0.9937697888125814,0.9937697888125814,False,False,0.9877272727272726,17.27,-14.1,2026-01-16 19:00:00+00:00,4.0,2026-01-16 22:00:00,2026-01-17T00:00:00+05:00,7eea95fbdf4b08f3dc41e0abd6fc51d33a4af328610c387a2323143a3e5a8303,gfs_seamless,False,0.8166666666666665,9.94,-13.94,0.17710312214591484
turbine_1,2026-01-17 00:00:00+00:00,24,0.9937697888125814,0.9937697888125814,False,False,0.9877272727272726,17.2,-14.9,2026-01-16 19:00:00+00:00,5.0,2026-01-16 22:00:00,2026-01-17T00:00:00+05:00,7eea95fbdf4b08f3dc41e0abd6fc51d33a4af328610c387a2323143a3e5a8303,gfs_seamless,False,0.9033333333333333,10.743333333333334,-14.236666666666666,0.09043645547924806
turbine_1,2026-01-17 01:00:00+00:00,24,0.9937697888125814,0.9937697888125814,False,False,0.9891975308641974,15.55,-15.0,2026-01-16 19:00:00+00:00,6.0,2026-01-16 22:00:00,2026-01-17T00:00:00+05:00,7eea95fbdf4b08f3dc41e0abd6fc51d33a4af328610c387a2323143a3e5a8303,gfs_seamless,False,0.7000000000000001,9.36,-14.836666666666666,0.2937697888125813
turbine_1,2026-01-17 02:00:00+00:00,24,0.9937697888125814,0.9937697888125814,False,False,0.9891975308641974,15.79,-15.7,2026-01-16 19:00:00+00:00,7.0,2026-01-16 22:00:00,2026-01-17T00:00:00+05:00,7eea95fbdf4b08f3dc41e0abd6fc51d33a4af328610c387a2323143a3e5a8303,gfs_seamless,False,0.62,8.691666666666668,-15.506666666666668,0.3737697888125814
turbine_1,2026-01-17 03:00:00+00:00,24,0.994078543463207,0.994078543463207,False,False,0.9650781249999999,15.0,-15.3,2026-01-16 19:00:00+00:00,8.0,2026-01-16 22:00:00,2026-01-17T00:00:00+05:00,7eea95fbdf4b08f3dc41e0abd6fc51d33a4af328610c387a2323143a3e5a8303,gfs_seamless,False,0.4083333333333334,7.598333333333333,-15.526666666666666,0.5857452101298737
turbine_1,2026-01-17 04:00:00+00:00,24,0.9937697888125814,0.9937697888125814,False,False,0.9891975308641974,15.69,-15.2,2026-01-16 19:00:00+00:00,9.0,2026-01-16 22:00:00,2026-01-17T00:00:00+05:00,7eea95fbdf4b08f3dc41e0abd6fc51d33a4af328610c387a2323143a3e5a8303,gfs_seamless,False,0.4183333333333333,7.771666666666667,-15.188333333333333,0.5754364554792482
turbine_1,2026-01-17 05:00:00+00:00,24,0.9746842101998281,0.9746842101998281,False,False,0.9681453634085212,14.32,-14.4,2026-01-16 19:00:00+00:00,10.0,2026-01-16 22:00:00,2026-01-17T00:00:00+05:00,7eea95fbdf4b08f3dc41e0abd6fc51d33a4af328610c387a2323143a3e5a8303,gfs_seamless,False,0.2833333333333333,7.086666666666666,-14.405000000000001,0.6913508768664948
turbine_1,2026-01-17 06:00:00+00:00,24,0.9894659331838115,0.9894659331838115,False,False,0.9580719557195572,12.08,-14.3,2026-01-16 19:00:00+00:00,11.0,2026-01-16 22:00:00,2026-01-17T00:00:00+05:00,7eea95fbdf4b08f3dc41e0abd6fc51d33a4af328610c387a2323143a3e5a8303,gfs_seamless,False,0.13166666666666668,6.035,-12.823333333333332,0.8577992665171448
turbine_1,2026-01-17 07:00:00+00:00,24,0.9288979710903077,0.9288979710903077,False,False,0.8930434782608695,10.69,-13.5,2026-01-16 19:00:00+00:00,12.0,2026-01-16 22:00:00,2026-01-17T00:00:00+05:00,7eea95fbdf4b08f3dc41e0abd6fc51d33a4af328610c387a2323143a3e5a8303,gfs_seamless,False,0.051666666666666666,5.176666666666667,-11.235,0.8772313044236411
turbine_1,2026-01-17 08:00:00+00:00,24,0.6712770439125448,0.6712770439125448,False,False,0.6262822384428224,8.85,-12.8,2026-01-16 19:00:00+00:00,13.0,2026-01-16 22:00:00,2026-01-17T00:00:00+05:00,7eea95fbdf4b08f3dc41e0abd6fc51d33a4af328610c387a2323143a3e5a8303,gfs_seamless,False,0.06333333333333334,5.216666666666667,-10.786666666666667,0.6079437105792115
turbine_1,2026-01-17 09:00:00+00:00,24,0.4085156825119029,0.4085156825119029,False,False,0.4757390817469205,7.69,-12.4,2026-01-16 19:00:00+00:00,14.0,2026-01-16 22:00:00,2026-01-17T00:00:00+05:00,7eea95fbdf4b08f3dc41e0abd6fc51d33a4af328610c387a2323143a3e5a8303,gfs_seamless,False,0.08833333333333333,5.31,-10.811666666666667,0.3201823491785696
turbine_1,2026-01-17 10:00:00+00:00,24,0.15740062944238403,0.15740062944238403,False,False,0.32550495942290353,6.57,-12.3,2026-01-16 19:00:00+00:00,15.0,2026-01-16 22:00:00,2026-01-17T00:00:00+05:00,7eea95fbdf4b08f3dc41e0abd6fc51d33a4af328610c387a2323143a3e5a8303,gfs_seamless,False,0.05333333333333334,5.056666666666667,-11.566666666666668,0.10406729610905069
turbine_1,2026-01-17 11:00:00+00:00,24,0.05633465415043681,0.05633465415043681,False,False,0.19563544234456315,5.69,-12.6,2026-01-16 19:00:00+00:00,16.0,2026-01-16 22:00:00,2026-01-17T00:00:00+05:00,7eea95fbdf4b08f3dc41e0abd6fc51d33a4af328610c387a2323143a3e5a8303,gfs_seamless,False,0.03333333333333333,4.61,-12.111666666666666,0.023001320817103474
turbine_1,2026-01-17 12:00:00+00:00,24,0.05176727697507308,0.05176727697507308,False,False,0.14964454976303318,5.03,-13.0,2026-01-16 19:00:00+00:00,17.0,2026-01-16 22:00:00,2026-01-17T00:00:00+05:00,7eea95fbdf4b08f3dc41e0abd6fc51d33a4af328610c387a2323143a3e5a8303,gfs_seamless,False,0.01,3.5366666666666666,-12.573333333333332,0.04176727697507308
turbine_1,2026-01-17 13:00:00+00:00,24,0.05310227841339809,0.05310227841339809,False,False,0.11196686351706038,4.9,-13.4,2026-01-16 19:00:00+00:00,18.0,2026-01-16 22:00:00,2026-01-17T00:00:00+05:00,7eea95fbdf4b08f3dc41e0abd6fc51d33a4af328610c387a2323143a3e5a8303,gfs_seamless,False,0.01,3.5400000000000005,-13.181666666666667,0.04310227841339809
turbine_1,2026-01-17 14:00:00+00:00,24,0.03670116870534754,0.03670116870534754,False,False,0.11196686351706038,4.57,-13.2,2026-01-16 19:00:00+00:00,19.0,2026-01-16 22:00:00,2026-01-17T00:00:00+05:00,7eea95fbdf4b08f3dc41e0abd6fc51d33a4af328610c387a2323143a3e5a8303,gfs_seamless,False,0.028333333333333332,4.72,-13.846666666666666,0.008367835372014205
turbine_1,2026-01-17 15:00:00+00:00,24,0.020181950208573364,0.020181950208573364,False,False,0.08194906444906445,4.03,-13.7,2026-01-16 19:00:00+00:00,20.0,2026-01-16 22:00:00,2026-01-17T00:00:00+05:00,7eea95fbdf4b08f3dc41e0abd6fc51d33a4af328610c387a2323143a3e5a8303,gfs_seamless,False,0.013333333333333334,4.663333333333333,-14.256666666666666,0.00684861687524003
turbine_1,2026-01-17 16:00:00+00:00,24,0.02675654314208102,0.02675654314208102,False,False,0.08194906444906445,4.16,-14.5,2026-01-16 19:00:00+00:00,21.0,2026-01-16 22:00:00,2026-01-17T00:00:00+05:00,7eea95fbdf4b08f3dc41e0abd6fc51d33a4af328610c387a2323143a3e5a8303,gfs_seamless,False,0.01,5.16,-14.729999999999999,0.01675654314208102
turbine_1,2026-01-17 17:00:00+00:00,24,0.011782512256639599,0.011782512256639599,False,False,0.04030594094628246,3.16,-14.9,2026-01-16 19:00:00+00:00,22.0,2026-01-16 22:00:00,2026-01-17T00:00:00+05:00,7eea95fbdf4b08f3dc41e0abd6fc51d33a4af328610c387a2323143a3e5a8303,gfs_seamless,False,0.01,3.733333333333333,-14.798333333333332,0.0017825122566395984
turbine_1,2026-01-17 18:00:00+00:00,24,0.003462954335172169,0.005,True,False,0.01103499627699181,1.5,-14.4,2026-01-16 19:00:00+00:00,23.0,2026-01-16 22:00:00,2026-01-17T00:00:00+05:00,7eea95fbdf4b08f3dc41e0abd6fc51d33a4af328610c387a2323143a3e5a8303,gfs_seamless,False,0.01,3.045,-14.604999999999999,0.005
turbine_1,2026-01-17 19:00:00+00:00,24,0.003462954335172169,0.005,True,False,0.009988925802879292,0.98,-14.6,2026-01-16 19:00:00+00:00,24.0,2026-01-16 22:00:00,2026-01-17T00:00:00+05:00,7eea95fbdf4b08f3dc41e0abd6fc51d33a4af328610c387a2323143a3e5a8303,gfs_seamless,False,0.01,0.7883333333333334,-13.851666666666667,0.005
turbine_1,2026-01-17 20:00:00+00:00,48,0.003462954335172169,0.005,True,False,0.01,0.4,-13.6,2026-01-16 19:00:00+00:00,25.0,2026-01-16 22:00:00,2026-01-17T00:00:00+05:00,7eea95fbdf4b08f3dc41e0abd6fc51d33a4af328610c387a2323143a3e5a8303,gfs_seamless,False,0.01,0.8683333333333333,-13.676666666666668,0.005
turbine_1,2026-01-17 21:00:00+00:00,48,0.003462954335172169,0.005,True,False,0.01,0.4,-13.5,2026-01-16 19:00:00+00:00,26.0,2026-01-16 22:00:00,2026-01-17T00:00:00+05:00,7eea95fbdf4b08f3dc41e0abd6fc51d33a4af328610c387a2323143a3e5a8303,gfs_seamless,False,0.01,0.7083333333333334,-13.593333333333334,0.005
turbine_1,2026-01-17 22:00:00+00:00,48,0.003462954335172169,0.005,True,False,0.009988925802879292,0.85,-13.8,2026-01-16 19:00:00+00:00,27.0,2026-01-16 22:00:00,2026-01-17T00:00:00+05:00,7eea95fbdf4b08f3dc41e0abd6fc51d33a4af328610c387a2323143a3e5a8303,gfs_seamless,False,0.01,1.22,-13.731666666666667,0.005
turbine_1,2026-01-17 23:00:00+00:00,48,0.003462954335172169,0.005,True,False,0.009988925802879292,0.8,-13.7,2026-01-16 19:00:00+00:00,28.0,2026-01-16 22:00:00,2026-01-17T00:00:00+05:00,7eea95fbdf4b08f3dc41e0abd6fc51d33a4af328610c387a2323143a3e5a8303,gfs_seamless,False,0.01,1.445,-13.935,0.005
turbine_1,2026-01-18 00:00:00+00:00,48,0.005011145021670089,0.005011145021670089,False,False,0.025336967294350844,2.59,-13.7,2026-01-16 19:00:00+00:00,29.0,2026-01-16 22:00:00,2026-01-17T00:00:00+05:00,7eea95fbdf4b08f3dc41e0abd6fc51d33a4af328610c387a2323143a3e5a8303,gfs_seamless,False,0.01,2.0,-14.468333333333334,0.004988854978329911
turbine_1,2026-01-18 01:00:00+00:00,48,0.02448989081944642,0.02448989081944642,False,False,0.05842511013215859,3.98,-12.6,2026-01-16 19:00:00+00:00,30.0,2026-01-16 22:00:00,2026-01-17T00:00:00+05:00,7eea95fbdf4b08f3dc41e0abd6fc51d33a4af328610c387a2323143a3e5a8303,gfs_seamless,False,0.013333333333333334,4.251666666666666,-15.458333333333334,0.011156557486113087
turbine_1,2026-01-18 02:00:00+00:00,48,0.09268247310283058,0.09268247310283058,False,False,0.19563544234456315,5.82,-13.4,2026-01-16 19:00:00+00:00,31.0,2026-01-16 22:00:00,2026-01-17T00:00:00+05:00,7eea95fbdf4b08f3dc41e0abd6fc51d33a4af328610c387a2323143a3e5a8303,gfs_seamless,False,0.01,5.706666666666667,-15.693333333333333,0.08268247310283058
turbine_1,2026-01-18 03:00:00+00:00,48,0.37803297599961994,0.37803297599961994,False,False,0.3988888888888889,7.29,-12.9,2026-01-16 19:00:00+00:00,32.0,2026-01-16 22:00:00,2026-01-17T00:00:00+05:00,7eea95fbdf4b08f3dc41e0abd6fc51d33a4af328610c387a2323143a3e5a8303,gfs_seamless,False,0.011666666666666667,5.001666666666667,-15.506666666666666,0.3663663093329533
turbine_1,2026-01-18 04:00:00+00:00,48,0.5030463115672444,0.5030463115672444,False,False,0.5477251184834123,8.33,-11.0,2026-01-16 19:00:00+00:00,33.0,2026-01-16 22:00:00,2026-01-17T00:00:00+05:00,7eea95fbdf4b08f3dc41e0abd6fc51d33a4af328610c387a2323143a3e5a8303,gfs_seamless,False,0.09666666666666668,5.543333333333333,-15.481666666666667,0.40637964490057776
turbine_1,2026-01-18 05:00:00+00:00,48,0.6889844348300306,0.6889844348300306,False,False,0.6949824561403509,9.13,-10.1,2026-01-16 19:00:00+00:00,34.0,2026-01-16 22:00:00,2026-01-17T00:00:00+05:00,7eea95fbdf4b08f3dc41e0abd6fc51d33a4af328610c387a2323143a3e5a8303,gfs_seamless,False,0.051666666666666666,4.905,-15.04,0.6373177681633639
turbine_1,2026-01-18 06:00:00+00:00,48,0.8668530655581163,0.8668530655581163,False,False,0.830219123505976,10.02,-10.0,2026-01-16 19:00:00+00:00,35.0,2026-01-16 22:00:00,2026-01-17T00:00:00+05:00,7eea95fbdf4b08f3dc41e0abd6fc51d33a4af328610c387a2323143a3e5a8303,gfs_seamless,False,0.15333333333333335,6.075,-13.31,0.7135197322247829
turbine_1,2026-01-18 07:00:00+00:00,48,0.8807497349396086,0.8807497349396086,False,False,0.830219123505976,10.06,-9.2,2026-01-16 19:00:00+00:00,36.0,2026-01-16 22:00:00,2026-01-17T00:00:00+05:00,7eea95fbdf4b08f3dc41e0abd6fc51d33a4af328610c387a2323143a3e5a8303,gfs_seamless,False,0.2333333333333333,6.633333333333333,-11.408333333333333,0.6474164016062753
turbine_1,2026-01-18 08:00:00+00:00,48,0.7278364970304277,0.7278364970304277,False,False,0.6949824561403509,9.39,-8.7,2026-01-16 19:00:00+00:00,37.0,2026-01-16 22:00:00,2026-01-17T00:00:00+05:00,7eea95fbdf4b08f3dc41e0abd6fc51d33a4af328610c387a2323143a3e5a8303,gfs_seamless,False,0.3516666666666666,7.373333333333332,-10.093333333333334,0.3761698303637611
turbine_1,2026-01-18 09:00:00+00:00,48,0.6503416282546554,0.6503416282546554,False,False,0.6262822384428224,8.9,-8.5,2026-01-16 19:00:00+00:00,38.0,2026-01-16 22:00:00,2026-01-17T00:00:00+05:00,7eea95fbdf4b08f3dc41e0abd6fc51d33a4af328610c387a2323143a3e5a8303,gfs_seamless,False,0.375,7.441666666666666,-9.51,0.27534162825465536
turbine_1,2026-01-18 10:00:00+00:00,48,0.6019094260929233,0.6019094260929233,False,False,0.5477251184834123,8.45,-8.7,2026-01-16 19:00:00+00:00,39.0,2026-01-16 22:00:00,2026-01-17T00:00:00+05:00,7eea95fbdf4b08f3dc41e0abd6fc51d33a4af328610c387a2323143a3e5a8303,gfs_seamless,False,0.23166666666666666,6.581666666666667,-9.011666666666667,0.3702427594262566
turbine_1,2026-01-18 11:00:00+00:00,48,0.6442159641743231,0.6442159641743231,False,False,0.6262822384428224,8.7,-10.1,2026-01-16 19:00:00+00:00,40.0,2026-01-16 22:00:00,2026-01-17T00:00:00+05:00,7eea95fbdf4b08f3dc41e0abd6fc51d33a4af328610c387a2323143a3e5a8303,gfs_seamless,False,0.16833333333333333,6.276666666666666,-8.768333333333333,0.4758826308409898
turbine_1,2026-01-18 12:00:00+00:00,48,0.6442266083994485,0.6442266083994485,False,False,0.6262822384428224,8.9,-11.5,2026-01-16 19:00:00+00:00,41.0,2026-01-16 22:00:00,2026-01-17T00:00:00+05:00,7eea95fbdf4b08f3dc41e0abd6fc51d33a4af328610c387a2323143a3e5a8303,gfs_seamless,False,0.12,5.91,-9.476666666666667,0.5242266083994485
turbine_1,2026-01-18 13:00:00+00:00,48,0.6442266083994485,0.6442266083994485,False,False,0.6262822384428224,8.9,-11.5,2026-01-16 19:00:00+00:00,42.0,2026-01-16 22:00:00,2026-01-17T00:00:00+05:00,7eea95fbdf4b08f3dc41e0abd6fc51d33a4af328610c387a2323143a3e5a8303,gfs_seamless,False,0.19166666666666665,6.53,-10.396666666666667,0.4525599417327818
turbine_1,2026-01-18 14:00:00+00:00,48,0.6571035508051163,0.6571035508051163,False,False,0.6262822384428224,8.99,-12.1,2026-01-16 19:00:00+00:00,43.0,2026-01-16 22:00:00,2026-01-17T00:00:00+05:00,7eea95fbdf4b08f3dc41e0abd6fc51d33a4af328610c387a2323143a3e5a8303,gfs_seamless,False,0.20333333333333334,6.47,-11.075000000000001,0.4537702174717829
turbine_1,2026-01-18 15:00:00+00:00,48,0.7046313936848208,0.7046313936848208,False,False,0.6949824561403509,9.18,-12.8,2026-01-16 19:00:00+00:00,44.0,2026-01-16 22:00:00,2026-01-17T00:00:00+05:00,7eea95fbdf4b08f3dc41e0abd6fc51d33a4af328610c387a2323143a3e5a8303,gfs_seamless,False,0.2916666666666667,6.8133333333333335,-11.718333333333334,0.41296472701815407
turbine_1,2026-01-18 16:00:00+00:00,48,0.7434834558852179,0.7434834558852179,False,False,0.6949824561403509,9.27,-12.9,2026-01-16 19:00:00+00:00,45.0,2026-01-16 22:00:00,2026-01-17T00:00:00+05:00,7eea95fbdf4b08f3dc41e0abd6fc51d33a4af328610c387a2323143a3e5a8303,gfs_seamless,False,0.3066666666666667,6.75,-11.966666666666667,0.4368167892185512
turbine_1,2026-01-18 17:00:00+00:00,48,0.8119317949009979,0.8119317949009979,False,False,0.7641458026509573,9.55,-12.9,2026-01-16 19:00:00+00:00,46.0,2026-01-16 22:00:00,2026-01-17T00:00:00+05:00,7eea95fbdf4b08f3dc41e0abd6fc51d33a4af328610c387a2323143a3e5a8303,gfs_seamless,False,0.31666666666666665,6.875,-12.37,0.4952651282343312
turbine_1,2026-01-18 18:00:00+00:00,48,0.8194914357237338,0.8194914357237338,False,False,0.7641458026509573,9.78,-11.9,2026-01-16 19:00:00+00:00,47.0,2026-01-16 22:00:00,2026-01-17T00:00:00+05:00,7eea95fbdf4b08f3dc41e0abd6fc51d33a4af328610c387a2323143a3e5a8303,gfs_seamless,False,0.225,6.376666666666666,-13.341666666666667,0.5944914357237339
turbine_1,2026-01-18 19:00:00+00:00,48,0.8870874824431616,0.8870874824431616,False,False,0.830219123505976,10.41,-12.1,2026-01-16 19:00:00+00:00,48.0,2026-01-16 22:00:00,2026-01-17T00:00:00+05:00,7eea95fbdf4b08f3dc41e0abd6fc51d33a4af328610c387a2323143a3e5a8303,gfs_seamless,False,0.3566666666666667,7.148333333333333,-13.601666666666667,0.5304208157764949
turbine_2,2026-01-16 20:00:00+00:00,24,0.9700796344289364,0.9700796344289364,False,False,0.9336178861788619,15.85,-12.1,2026-01-16 19:00:00+00:00,1.0,2026-01-16 22:00:00,2026-01-17T00:00:00+05:00,ce5b91b0916372f6f8a3698523331bf02bf3ba6f3bf0a061916ca1a7e20cac65,gfs_seamless,False,0.9683333333333333,11.92,-12.376666666666667,0.0017463010956031422
turbine_2,2026-01-16 21:00:00+00:00,24,0.9839350435375682,0.9839350435375682,False,False,0.972962962962963,16.85,-12.9,2026-01-16 19:00:00+00:00,2.0,2026-01-16 22:00:00,2026-01-17T00:00:00+05:00,ce5b91b0916372f6f8a3698523331bf02bf3ba6f3bf0a061916ca1a7e20cac65,gfs_seamless,False,0.8966666666666666,10.64,-12.908333333333333,0.08726837687090161
turbine_2,2026-01-16 22:00:00+00:00,24,0.9839350435375682,0.9839350435375682,False,False,0.9766666666666667,18.09,-13.9,2026-01-16 19:00:00+00:00,3.0,2026-01-16 22:00:00,2026-01-17T00:00:00+05:00,ce5b91b0916372f6f8a3698523331bf02bf3ba6f3bf0a061916ca1a7e20cac65,gfs_seamless,False,0.7949999999999999,9.895,-13.5,0.1889350435375683
turbine_2,2026-01-16 23:00:00+00:00,24,0.9839350435375682,0.9839350435375682,False,False,0.9443333333333334,17.27,-14.1,2026-01-16 19:00:00+00:00,4.0,2026-01-16 22:00:00,2026-01-17T00:00:00+05:00,ce5b91b0916372f6f8a3698523331bf02bf3ba6f3bf0a061916ca1a7e20cac65,gfs_seamless,False,0.7400000000000001,9.584999999999999,-13.856666666666667,0.24393504353756812
turbine_2,2026-01-17 00:00:00+00:00,24,0.9839350435375682,0.9839350435375682,False,False,0.9443333333333334,17.2,-14.9,2026-01-16 19:00:00+00:00,5.0,2026-01-16 22:00:00,2026-01-17T00:00:00+05:00,ce5b91b0916372f6f8a3698523331bf02bf3ba6f3bf0a061916ca1a7e20cac65,gfs_seamless,False,0.9349999999999999,11.275,-14.159999999999998,0.04893504353756828
turbine_2,2026-01-17 01:00:00+00:00,24,0.9839350435375682,0.9839350435375682,False,False,0.9336178861788619,15.55,-15.0,2026-01-16 19:00:00+00:00,6.0,2026-01-16 22:00:00,2026-01-17T00:00:00+05:00,ce5b91b0916372f6f8a3698523331bf02bf3ba6f3bf0a061916ca1a7e20cac65,gfs_seamless,False,0.7983333333333333,9.993333333333334,-14.68,0.18560171020423488
turbine_2,2026-01-17 02:00:00+00:00,24,0.9839350435375682,0.9839350435375682,False,False,0.9336178861788619,15.79,-15.7,2026-01-16 19:00:00+00:00,7.0,2026-01-16 22:00:00,2026-01-17T00:00:00+05:00,ce5b91b0916372f6f8a3698523331bf02bf3ba6f3bf0a061916ca1a7e20cac65,gfs_seamless,False,0.535,8.321666666666667,-15.443333333333333,0.4489350435375682
turbine_2,2026-01-17 03:00:00+00:00,24,0.9873464153905156,0.9873464153905156,False,False,0.9496153846153847,15.0,-15.3,2026-01-16 19:00:00+00:00,8.0,2026-01-16 22:00:00,2026-01-17T00:00:00+05:00,ce5b91b0916372f6f8a3698523331bf02bf3ba6f3bf0a061916ca1a7e20cac65,gfs_seamless,False,0.38833333333333336,7.611666666666667,-15.531666666666666,0.5990130820571822
turbine_2,2026-01-17 04:00:00+00:00,24,0.9839350435375682,0.9839350435375682,False,False,0.9336178861788619,15.69,-15.2,2026-01-16 19:00:00+00:00,9.0,2026-01-16 22:00:00,2026-01-17T00:00:00+05:00,ce5b91b0916372f6f8a3698523331bf02bf3ba6f3bf0a061916ca1a7e20cac65,gfs_seamless,False,0.36333333333333334,7.528333333333333,-15.243333333333334,0.6206017102042349
turbine_2,2026-01-17 05:00:00+00:00,24,0.9057232530789084,0.9057232530789084,False,False,0.9600239808153477,14.32,-14.4,2026-01-16 19:00:00+00:00,10.0,2026-01-16 22:00:00,2026-01-17T00:00:00+05:00,ce5b91b0916372f6f8a3698523331bf02bf3ba6f3bf0a061916ca1a7e20cac65,gfs_seamless,False,0.225,6.845,-14.288333333333334,0.6807232530789085
turbine_2,2026-01-17 06:00:00+00:00,24,0.9830900541033899,0.9830900541033899,False,False,0.9572317351598173,12.08,-14.3,2026-01-16 19:00:00+00:00,11.0,2026-01-16 22:00:00,2026-01-17T00:00:00+05:00,ce5b91b0916372f6f8a3698523331bf02bf3ba6f3bf0a061916ca1a7e20cac65,gfs_seamless,False,0.11833333333333333,6.166666666666667,-12.821666666666667,0.8647567207700566
turbine_2,2026-01-17 07:00:00+00:00,24,0.9272532101203673,0.9272532101203673,False,False,0.8847088970889708,10.69,-13.5,2026-01-16 19:00:00+00:00,12.0,2026-01-16 22:00:00,2026-01-17T00:00:00+05:00,ce5b91b0916372f6f8a3698523331bf02bf3ba6f3bf0a061916ca1a7e20cac65,gfs_seamless,False,0.018333333333333333,4.985,-11.12,0.908919876787034
turbine_2,2026-01-17 08:00:00+00:00,24,0.6500518032344983,0.6500518032344983,False,False,0.615759009009009,8.85,-12.8,2026-01-16 19:00:00+00:00,13.0,2026-01-16 22:00:00,2026-01-17T00:00:00+05:00,ce5b91b0916372f6f8a3698523331bf02bf3ba6f3bf0a061916ca1a7e20cac65,gfs_seamless,False,0.05333333333333334,5.126666666666667,-10.753333333333332,0.596718469901165
turbine_2,2026-01-17 09:00:00+00:00,24,0.38615741063006853,0.38615741063006853,False,False,0.4600316789862724,7.69,-12.4,2026-01-16 19:00:00+00:00,14.0,2026-01-16 22:00:00,2026-01-17T00:00:00+05:00,ce5b91b0916372f6f8a3698523331bf02bf3ba6f3bf0a061916ca1a7e20cac65,gfs_seamless,False,0.08666666666666667,5.531666666666666,-10.964999999999998,0.29949074396340186
turbine_2,2026-01-17 10:00:00+00:00,24,0.1738955577280941,0.1738955577280941,False,False,0.31413591095489163,6.57,-12.3,2026-01-16 19:00:00+00:00,15.0,2026-01-16 22:00:00,2026-01-17T00:00:00+05:00,ce5b91b0916372f6f8a3698523331bf02bf3ba6f3bf0a061916ca1a7e20cac65,gfs_seamless,False,0.05333333333333334,5.26,-11.753333333333332,0.12056222439476075
turbine_2,2026-01-17 11:00:00+00:00,24,0.06232944312023731,0.06232944312023731,False,False,0.18868350708366746,5.69,-12.6,2026-01-16 19:00:00+00:00,16.0,2026-01-16 22:00:00,2026-01-17T00:00:00+05:00,ce5b91b0916372f6f8a3698523331bf02bf3ba6f3bf0a061916ca1a7e20cac65,gfs_seamless,False,0.04,4.836666666666667,-12.351666666666667,0.02232944312023731
turbine_2,2026-01-17 12:00:00+00:00,24,0.039518360255952394,0.039518360255952394,False,False,0.1432635729451016,5.03,-13.0,2026-01-16 19:00:00+00:00,17.0,2026-01-16 22:00:00,2026-01-17T00:00:00+05:00,ce5b91b0916372f6f8a3698523331bf02bf3ba6f3bf0a061916ca1a7e20cac65,gfs_seamless,False,0.01,2.981666666666667,-12.746666666666668,0.02951836025595239
turbine_2,2026-01-17 13:00:00+00:00,24,0.031765665863633344,0.031765665863633344,False,False,0.10573223039215686,4.9,-13.4,2026-01-16 19:00:00+00:00,18.0,2026-01-16 22:00:00,2026-01-17T00:00:00+05:00,ce5b91b0916372f6f8a3698523331bf02bf3ba6f3bf0a061916ca1a7e20cac65,gfs_seamless,False,0.013333333333333334,3.7383333333333333,-13.445,0.018432332530300008
turbine_2,2026-01-17 14:00:00+00:00,24,0.028023075191981908,0.028023075191981908,False,False,0.10573223039215686,4.57,-13.2,2026-01-16 19:00:00+00:00,19.0,2026-01-16 22:00:00,2026-01-17T00:00:00+05:00,ce5b91b0916372f6f8a3698523331bf02bf3ba6f3bf0a061916ca1a7e20cac65,gfs_seamless,False,0.03,4.963333333333334,-14.106666666666667,0.0019769248080180914
turbine_2,2026-01-17 15:00:00+00:00,24,0.016858054133465604,0.016858054133465604,False,False,0.0792279288351796,4.03,-13.7,2026-01-16 19:00:00+00:00,20.0,2026-01-16 22:00:00,2026-01-17T00:00:00+05:00,ce5b91b0916372f6f8a3698523331bf02bf3ba6f3bf0a061916ca1a7e20cac65,gfs_seamless,False,0.011666666666666667,4.510000000000001,-14.518333333333333,0.005191387466798937
turbine_2,2026-01-17 16:00:00+00:00,24,0.024465867161040468,0.024465867161040468,False,False,0.0792279288351796,4.16,-14.5,2026-01-16 19:00:00+00:00,21.0,2026-01-16 22:00:00,2026-01-17T00:00:00+05:00,ce5b91b0916372f6f8a3698523331bf02bf3ba6f3bf0a061916ca1a7e20cac65,gfs_seamless,False,0.01,4.773333333333333,-14.973333333333334,0.014465867161040468
turbine_2,2026-01-17 17:00:00+00:00,24,0.012593367623180926,0.012593367623180926,False,False,0.037285622179239204,3.16,-14.9,2026-01-16 19:00:00+00:00,22.0,2026-01-16 22:00:00,2026-01-17T00:00:00+05:00,ce5b91b0916372f6f8a3698523331bf02bf3ba6f3bf0a061916ca1a7e20cac65,gfs_seamless,False,0.01,3.768333333333333,-15.098333333333334,0.002593367623180926
turbine_2,2026-01-17 18:00:00+00:00,24,0.006224734532178538,0.006224734532178538,False,False,0.010131072631072631,1.5,-14.4,2026-01-16 19:00:00+00:00,23.0,2026-01-16 22:00:00,2026-01-17T00:00:00+05:00,ce5b91b0916372f6f8a3698523331bf02bf3ba6f3bf0a061916ca1a7e20cac65,gfs_seamless,False,0.01,3.188333333333333,-14.856666666666667,0.003775265467821462
turbine_2,2026-01-17 19:00:00+00:00,24,0.006224734532178538,0.006224734532178538,False,False,0.009930555555555557,0.98,-14.6,2026-01-16 19:00:00+00:00,24.0,2026-01-16 22:00:00,2026-01-17T00:00:00+05:00,ce5b91b0916372f6f8a3698523331bf02bf3ba6f3bf0a061916ca1a7e20cac65,gfs_seamless,False,0.01,0.7966666666666667,-14.188333333333333,0.003775265467821462
turbine_2,2026-01-17 20:00:00+00:00,48,0.006224734532178538,0.006224734532178538,False,False,0.01,0.4,-13.6,2026-01-16 19:00:00+00:00,25.0,2026-01-16 22:00:00,2026-01-17T00:00:00+05:00,ce5b91b0916372f6f8a3698523331bf02bf3ba6f3bf0a061916ca1a7e20cac65,gfs_seamless,False,0.01,0.8783333333333333,-13.945,0.003775265467821462
turbine_2,2026-01-17 21:00:00+00:00,48,0.006224734532178538,0.006224734532178538,False,False,0.01,0.4,-13.5,2026-01-16 19:00:00+00:00,26.0,2026-01-16 22:00:00,2026-01-17T00:00:00+05:00,ce5b91b0916372f6f8a3698523331bf02bf3ba6f3bf0a061916ca1a7e20cac65,gfs_seamless,False,0.01,0.66,-13.728333333333333,0.003775265467821462
turbine_2,2026-01-17 22:00:00+00:00,48,0.006224734532178538,0.006224734532178538,False,False,0.009930555555555557,0.85,-13.8,2026-01-16 19:00:00+00:00,27.0,2026-01-16 22:00:00,2026-01-17T00:00:00+05:00,ce5b91b0916372f6f8a3698523331bf02bf3ba6f3bf0a061916ca1a7e20cac65,gfs_seamless,False,0.01,1.1300000000000001,-13.981666666666667,0.003775265467821462
turbine_2,2026-01-17 23:00:00+00:00,48,0.006224734532178538,0.006224734532178538,False,False,0.009930555555555557,0.8,-13.7,2026-01-16 19:00:00+00:00,28.0,2026-01-16 22:00:00,2026-01-17T00:00:00+05:00,ce5b91b0916372f6f8a3698523331bf02bf3ba6f3bf0a061916ca1a7e20cac65,gfs_seamless,False,0.01,1.4749999999999999,-14.268333333333333,0.003775265467821462
turbine_2,2026-01-18 00:00:00+00:00,48,0.009255756381732668,0.009255756381732668,False,False,0.024071865443425076,2.59,-13.7,2026-01-16 19:00:00+00:00,29.0,2026-01-16 22:00:00,2026-01-17T00:00:00+05:00,ce5b91b0916372f6f8a3698523331bf02bf3ba6f3bf0a061916ca1a7e20cac65,gfs_seamless,False,0.01,2.4966666666666666,-14.905000000000001,0.0007442436182673318
turbine_2,2026-01-18 01:00:00+00:00,48,0.017304947989160484,0.017304947989160484,False,False,0.05561999303378613,3.98,-12.6,2026-01-16 19:00:00+00:00,30.0,2026-01-16 22:00:00,2026-01-17T00:00:00+05:00,ce5b91b0916372f6f8a3698523331bf02bf3ba6f3bf0a061916ca1a7e20cac65,gfs_seamless,False,0.01,4.185,-15.655000000000001,0.0073049479891604836
turbine_2,2026-01-18 02:00:00+00:00,48,0.06561914107409109,0.06561914107409109,False,False,0.18868350708366746,5.82,-13.4,2026-01-16 19:00:00+00:00,31.0,2026-01-16 22:00:00,2026-01-17T00:00:00+05:00,ce5b91b0916372f6f8a3698523331bf02bf3ba6f3bf0a061916ca1a7e20cac65,gfs_seamless,False,0.016666666666666666,5.885000000000001,-15.938333333333333,0.04895247440742442
turbine_2,2026-01-18 03:00:00+00:00,48,0.31936038090903424,0.31936038090903424,False,False,0.3888572806171649,7.29,-12.9,2026-01-16 19:00:00+00:00,32.0,2026-01-16 22:00:00,2026-01-17T00:00:00+05:00,ce5b91b0916372f6f8a3698523331bf02bf3ba6f3bf0a061916ca1a7e20cac65,gfs_seamless,False,0.011666666666666667,4.961666666666667,-15.715000000000002,0.3076937142423676
turbine_2,2026-01-18 04:00:00+00:00,48,0.5333830707873428,0.5333830707873428,False,False,0.5336811594202898,8.33,-11.0,2026-01-16 19:00:00+00:00,33.0,2026-01-16 22:00:00,2026-01-17T00:00:00+05:00,ce5b91b0916372f6f8a3698523331bf02bf3ba6f3bf0a061916ca1a7e20cac65,gfs_seamless,False,0.085,5.426666666666667,-15.705,0.4483830707873428
turbine_2,2026-01-18 05:00:00+00:00,48,0.6518388138831094,0.6518388138831094,False,False,0.674822695035461,9.13,-10.1,2026-01-16 19:00:00+00:00,34.0,2026-01-16 22:00:00,2026-01-17T00:00:00+05:00,ce5b91b0916372f6f8a3698523331bf02bf3ba6f3bf0a061916ca1a7e20cac65,gfs_seamless,False,0.04666666666666667,4.925,-15.229999999999999,0.6051721472164427
turbine_2,2026-01-18 06:00:00+00:00,48,0.8600640096367074,0.8600640096367074,False,False,0.8245056689342404,10.02,-10.0,2026-01-16 19:00:00+00:00,35.0,2026-01-16 22:00:00,2026-01-17T00:00:00+05:00,ce5b91b0916372f6f8a3698523331bf02bf3ba6f3bf0a061916ca1a7e20cac65,gfs_seamless,False,0.14333333333333334,6.243333333333333,-13.501666666666665,0.7167306763033741
turbine_2,2026-01-18 07:00:00+00:00,48,0.8565999986988628,0.8565999986988628,False,False,0.8245056689342404,10.06,-9.2,2026-01-16 19:00:00+00:00,36.0,2026-01-16 22:00:00,2026-01-17T00:00:00+05:00,ce5b91b0916372f6f8a3698523331bf02bf3ba6f3bf0a061916ca1a7e20cac65,gfs_seamless,False,0.2383333333333333,7.010000000000001,-11.576666666666668,0.6182666653655295
turbine_2,2026-01-18 08:00:00+00:00,48,0.7190714654387217,0.7190714654387217,False,False,0.674822695035461,9.39,-8.7,2026-01-16 19:00:00+00:00,37.0,2026-01-16 22:00:00,2026-01-17T00:00:00+05:00,ce5b91b0916372f6f8a3698523331bf02bf3ba6f3bf0a061916ca1a7e20cac65,gfs_seamless,False,0.38999999999999996,7.72,-10.33,0.32907146543872173
turbine_2,2026-01-18 09:00:00+00:00,48,0.6055621812476714,0.6055621812476714,False,False,0.615759009009009,8.9,-8.5,2026-01-16 19:00:00+00:00,38.0,2026-01-16 22:00:00,2026-01-17T00:00:00+05:00,ce5b91b0916372f6f8a3698523331bf02bf3ba6f3bf0a061916ca1a7e20cac65,gfs_seamless,False,0.4383333333333333,7.988333333333333,-9.826666666666666,0.16722884791433806
turbine_2,2026-01-18 10:00:00+00:00,48,0.5708035802239425,0.5708035802239425,False,False,0.5336811594202898,8.45,-8.7,2026-01-16 19:00:00+00:00,39.0,2026-01-16 22:00:00,2026-01-17T00:00:00+05:00,ce5b91b0916372f6f8a3698523331bf02bf3ba6f3bf0a061916ca1a7e20cac65,gfs_seamless,False,0.25666666666666665,7.036666666666666,-9.231666666666667,0.31413691355727585
turbine_2,2026-01-18 11:00:00+00:00,48,0.581318999369222,0.581318999369222,False,False,0.615759009009009,8.7,-10.1,2026-01-16 19:00:00+00:00,40.0,2026-01-16 22:00:00,2026-01-17T00:00:00+05:00,ce5b91b0916372f6f8a3698523331bf02bf3ba6f3bf0a061916ca1a7e20cac65,gfs_seamless,False,0.19499999999999998,6.691666666666666,-8.97,0.3863189993692221
turbine_2,2026-01-18 12:00:00+00:00,48,0.5895280029706625,0.5895280029706625,False,False,0.615759009009009,8.9,-11.5,2026-01-16 19:00:00+00:00,41.0,2026-01-16 22:00:00,2026-01-17T00:00:00+05:00,ce5b91b0916372f6f8a3698523331bf02bf3ba6f3bf0a061916ca1a7e20cac65,gfs_seamless,False,0.12833333333333333,6.175,-9.671666666666667,0.46119466963732925
turbine_2,2026-01-18 13:00:00+00:00,48,0.5895280029706625,0.5895280029706625,False,False,0.615759009009009,8.9,-11.5,2026-01-16 19:00:00+00:00,42.0,2026-01-16 22:00:00,2026-01-17T00:00:00+05:00,ce5b91b0916372f6f8a3698523331bf02bf3ba6f3bf0a061916ca1a7e20cac65,gfs_seamless,False,0.18666666666666668,6.658333333333334,-10.423333333333334,0.4028613363039959
turbine_2,2026-01-18 14:00:00+00:00,48,0.655762424046145,0.655762424046145,False,False,0.615759009009009,8.99,-12.1,2026-01-16 19:00:00+00:00,43.0,2026-01-16 22:00:00,2026-01-17T00:00:00+05:00,ce5b91b0916372f6f8a3698523331bf02bf3ba6f3bf0a061916ca1a7e20cac65,gfs_seamless,False,0.18166666666666667,6.498333333333334,-11.178333333333335,0.4740957573794784
turbine_2,2026-01-18 15:00:00+00:00,48,0.7187402422846031,0.7187402422846031,False,False,0.674822695035461,9.18,-12.8,2026-01-16 19:00:00+00:00,44.0,2026-01-16 22:00:00,2026-01-17T00:00:00+05:00,ce5b91b0916372f6f8a3698523331bf02bf3ba6f3bf0a061916ca1a7e20cac65,gfs_seamless,False,0.24166666666666667,6.696666666666666,-11.94,0.4770735756179364
turbine_2,2026-01-18 16:00:00+00:00,48,0.7258943089454237,0.7258943089454237,False,False,0.674822695035461,9.27,-12.9,2026-01-16 19:00:00+00:00,45.0,2026-01-16 22:00:00,2026-01-17T00:00:00+05:00,ce5b91b0916372f6f8a3698523331bf02bf3ba6f3bf0a061916ca1a7e20cac65,gfs_seamless,False,0.25333333333333335,6.616666666666667,-12.313333333333333,0.4725609756120904
turbine_2,2026-01-18 17:00:00+00:00,48,0.7472254624307451,0.7472254624307451,False,False,0.7527555555555556,9.55,-12.9,2026-01-16 19:00:00+00:00,46.0,2026-01-16 22:00:00,2026-01-17T00:00:00+05:00,ce5b91b0916372f6f8a3698523331bf02bf3ba6f3bf0a061916ca1a7e20cac65,gfs_seamless,False,0.2916666666666667,6.783333333333334,-12.555,0.4555587957640784
turbine_2,2026-01-18 18:00:00+00:00,48,0.7778277564035987,0.7778277564035987,False,False,0.7527555555555556,9.78,-11.9,2026-01-16 19:00:00+00:00,47.0,2026-01-16 22:00:00,2026-01-17T00:00:00+05:00,ce5b91b0916372f6f8a3698523331bf02bf3ba6f3bf0a061916ca1a7e20cac65,gfs_seamless,False,0.2333333333333333,6.543333333333333,-13.475,0.5444944230702654
turbine_2,2026-01-18 19:00:00+00:00,48,0.9126411077065558,0.9126411077065558,False,False,0.8245056689342404,10.41,-12.1,2026-01-16 19:00:00+00:00,48.0,2026-01-16 22:00:00,2026-01-17T00:00:00+05:00,ce5b91b0916372f6f8a3698523331bf02bf3ba6f3bf0a061916ca1a7e20cac65,gfs_seamless,False,0.35000000000000003,7.2749999999999995,-13.775,0.5626411077065558
turbine_1,2026-01-17 20:00:00+00:00,24,-7.055609476057118e-05,0.005,True,False,0.009988925802879292,0.63,-14.0,2026-01-17 19:00:00+00:00,1.0,2026-01-17 22:00:00,2026-01-18T00:00:00+05:00,be87e3c6ef2702a65531c2f3f31743baf32362d4198b8e96c73bdf82180c3ccc,gfs_seamless,False,0.01,0.8683333333333333,-13.676666666666668,0.005
turbine_1,2026-01-17 21:00:00+00:00,24,-7.055609476057118e-05,0.005,True,False,0.01,0.41,-14.1,2026-01-17 19:00:00+00:00,2.0,2026-01-17 22:00:00,2026-01-18T00:00:00+05:00,be87e3c6ef2702a65531c2f3f31743baf32362d4198b8e96c73bdf82180c3ccc,gfs_seamless,False,0.01,0.7083333333333334,-13.593333333333334,0.005
turbine_1,2026-01-17 22:00:00+00:00,24,-7.055609476057118e-05,0.005,True,False,0.009988925802879292,0.71,-14.3,2026-01-17 19:00:00+00:00,3.0,2026-01-17 22:00:00,2026-01-18T00:00:00+05:00,be87e3c6ef2702a65531c2f3f31743baf32362d4198b8e96c73bdf82180c3ccc,gfs_seamless,False,0.01,1.22,-13.731666666666667,0.005
turbine_1,2026-01-17 23:00:00+00:00,24,-7.055609476057118e-05,0.005,True,False,0.009988925802879292,0.81,-14.6,2026-01-17 19:00:00+00:00,4.0,2026-01-17 22:00:00,2026-01-18T00:00:00+05:00,be87e3c6ef2702a65531c2f3f31743baf32362d4198b8e96c73bdf82180c3ccc,gfs_seamless,False,0.01,1.445,-13.935,0.005
turbine_1,2026-01-18 00:00:00+00:00,24,0.007366033944340901,0.007366033944340901,False,False,0.01607360097323601,2.38,-11.2,2026-01-17 19:00:00+00:00,5.0,2026-01-17 22:00:00,2026-01-18T00:00:00+05:00,be87e3c6ef2702a65531c2f3f31743baf32362d4198b8e96c73bdf82180c3ccc,gfs_seamless,False,0.01,2.0,-14.468333333333334,0.0026339660556590995
turbine_1,2026-01-18 01:00:00+00:00,24,0.017919361262336893,0.017919361262336893,False,False,0.05826564215148189,3.53,-10.8,2026-01-17 19:00:00+00:00,6.0,2026-01-17 22:00:00,2026-01-18T00:00:00+05:00,be87e3c6ef2702a65531c2f3f31743baf32362d4198b8e96c73bdf82180c3ccc,gfs_seamless,False,0.013333333333333334,4.251666666666666,-15.458333333333334,0.004586027929003559
turbine_1,2026-01-18 02:00:00+00:00,24,0.054244345133349164,0.054244345133349164,False,False,0.14919025157232704,5.28,-10.8,2026-01-17 19:00:00+00:00,7.0,2026-01-17 22:00:00,2026-01-18T00:00:00+05:00,be87e3c6ef2702a65531c2f3f31743baf32362d4198b8e96c73bdf82180c3ccc,gfs_seamless,False,0.01,5.706666666666667,-15.693333333333333,0.04424434513334916
turbine_1,2026-01-18 03:00:00+00:00,24,0.2265818943350255,0.2265818943350255,False,False,0.2572417325139011,6.49,-10.4,2026-01-17 19:00:00+00:00,8.0,2026-01-17 22:00:00,2026-01-18T00:00:00+05:00,be87e3c6ef2702a65531c2f3f31743baf32362d4198b8e96c73bdf82180c3ccc,gfs_seamless,False,0.011666666666666667,5.001666666666667,-15.506666666666666,0.21491522766835885
turbine_1,2026-01-18 04:00:00+00:00,24,0.4058750559777871,0.4058750559777871,False,False,0.3987783094098884,7.33,-9.4,2026-01-17 19:00:00+00:00,9.0,2026-01-17 22:00:00,2026-01-18T00:00:00+05:00,be87e3c6ef2702a65531c2f3f31743baf32362d4198b8e96c73bdf82180c3ccc,gfs_seamless,False,0.09666666666666668,5.543333333333333,-15.481666666666667,0.30920838931112044
turbine_1,2026-01-18 05:00:00+00:00,24,0.5170166970493865,0.5170166970493865,False,False,0.5477251184834123,8.02,-8.4,2026-01-17 19:00:00+00:00,10.0,2026-01-17 22:00:00,2026-01-18T00:00:00+05:00,be87e3c6ef2702a65531c2f3f31743baf32362d4198b8e96c73bdf82180c3ccc,gfs_seamless,False,0.051666666666666666,4.905,-15.04,0.4653500303827198
turbine_1,2026-01-18 06:00:00+00:00,24,0.6602461193754942,0.6602461193754942,False,False,0.6262730806608358,8.69,-8.3,2026-01-17 19:00:00+00:00,11.0,2026-01-17 22:00:00,2026-01-18T00:00:00+05:00,be87e3c6ef2702a65531c2f3f31743baf32362d4198b8e96c73bdf82180c3ccc,gfs_seamless,False,0.15333333333333335,6.075,-13.31,0.5069127860421608
turbine_1,2026-01-18 07:00:00+00:00,24,0.6085141389609433,0.6085141389609433,False,False,0.6262730806608358,8.97,-7.4,2026-01-17 19:00:00+00:00,12.0,2026-01-17 22:00:00,2026-01-18T00:00:00+05:00,be87e3c6ef2702a65531c2f3f31743baf32362d4198b8e96c73bdf82180c3ccc,gfs_seamless,False,0.2333333333333333,6.633333333333333,-11.408333333333333,0.37518080562761
turbine_1,2026-01-18 08:00:00+00:00,24,0.6290033200692292,0.6290033200692292,False,False,0.6262730806608358,8.69,-6.7,2026-01-17 19:00:00+00:00,13.0,2026-01-17 22:00:00,2026-01-18T00:00:00+05:00,be87e3c6ef2702a65531c2f3f31743baf32362d4198b8e96c73bdf82180c3ccc,gfs_seamless,False,0.3516666666666666,7.373333333333332,-10.093333333333334,0.2773366534025626
turbine_1,2026-01-18 09:00:00+00:00,24,0.5463814292539799,0.5463814292539799,False,False,0.5477251184834123,8.29,-6.4,2026-01-17 19:00:00+00:00,14.0,2026-01-17 22:00:00,2026-01-18T00:00:00+05:00,be87e3c6ef2702a65531c2f3f31743baf32362d4198b8e96c73bdf82180c3ccc,gfs_seamless,False,0.375,7.441666666666666,-9.51,0.17138142925397992
turbine_1,2026-01-18 10:00:00+00:00,24,0.5212512041568614,0.5212512041568614,False,False,0.5477251184834123,8.05,-6.4,2026-01-17 19:00:00+00:00,15.0,2026-01-17 22:00:00,2026-01-18T00:00:00+05:00,be87e3c6ef2702a65531c2f3f31743baf32362d4198b8e96c73bdf82180c3ccc,gfs_seamless,False,0.23166666666666666,6.581666666666667,-9.011666666666667,0.28958453749019475
turbine_1,2026-01-18 11:00:00+00:00,24,0.49439494148041285,0.49439494148041285,False,False,0.47559962756052143,7.92,-7.0,2026-01-17 19:00:00+00:00,16.0,2026-01-17 22:00:00,2026-01-18T00:00:00+05:00,be87e3c6ef2702a65531c2f3f31743baf32362d4198b8e96c73bdf82180c3ccc,gfs_seamless,False,0.16833333333333333,6.276666666666666,-8.768333333333333,0.3260616081470795
turbine_1,2026-01-18 12:00:00+00:00,24,0.5573326294289447,0.5573326294289447,False,False,0.5477251184834123,8.32,-8.0,2026-01-17 19:00:00+00:00,17.0,2026-01-17 22:00:00,2026-01-18T00:00:00+05:00,be87e3c6ef2702a65531c2f3f31743baf32362d4198b8e96c73bdf82180c3ccc,gfs_seamless,False,0.12,5.91,-9.476666666666667,0.4373326294289447
turbine_1,2026-01-18 13:00:00+00:00,24,0.5538132589405363,0.5538132589405363,False,False,0.5477251184834123,8.16,-8.0,2026-01-17 19:00:00+00:00,18.0,2026-01-17 22:00:00,2026-01-18T00:00:00+05:00,be87e3c6ef2702a65531c2f3f31743baf32362d4198b8e96c73bdf82180c3ccc,gfs_seamless,False,0.19166666666666665,6.53,-10.396666666666667,0.3621465922738697
turbine_1,2026-01-18 14:00:00+00:00,24,0.531350429410505,0.531350429410505,False,False,0.5477251184834123,8.11,-8.4,2026-01-17 19:00:00+00:00,19.0,2026-01-17 22:00:00,2026-01-18T00:00:00+05:00,be87e3c6ef2702a65531c2f3f31743baf32362d4198b8e96c73bdf82180c3ccc,gfs_seamless,False,0.20333333333333334,6.47,-11.075000000000001,0.32801709607717167
turbine_1,2026-01-18 15:00:00+00:00,24,0.4415802190735195,0.4415802190735195,False,False,0.47559962756052143,7.53,-8.9,2026-01-17 19:00:00+00:00,20.0,2026-01-17 22:00:00,2026-01-18T00:00:00+05:00,be87e3c6ef2702a65531c2f3f31743baf32362d4198b8e96c73bdf82180c3ccc,gfs_seamless,False,0.2916666666666667,6.8133333333333335,-11.718333333333334,0.14991355240685283
turbine_1,2026-01-18 16:00:00+00:00,24,0.4415802190735195,0.4415802190735195,False,False,0.47559962756052143,7.51,-8.9,2026-01-17 19:00:00+00:00,21.0,2026-01-17 22:00:00,2026-01-18T00:00:00+05:00,be87e3c6ef2702a65531c2f3f31743baf32362d4198b8e96c73bdf82180c3ccc,gfs_seamless,False,0.3066666666666667,6.75,-11.966666666666667,0.13491355240685282
turbine_1,2026-01-18 17:00:00+00:00,24,0.4415802190735195,0.4415802190735195,False,False,0.47559962756052143,7.52,-9.1,2026-01-17 19:00:00+00:00,22.0,2026-01-17 22:00:00,2026-01-18T00:00:00+05:00,be87e3c6ef2702a65531c2f3f31743baf32362d4198b8e96c73bdf82180c3ccc,gfs_seamless,False,0.31666666666666665,6.875,-12.37,0.12491355240685287
turbine_1,2026-01-18 18:00:00+00:00,24,0.5950149573480296,0.5950149573480296,False,False,0.5477251184834123,8.46,-9.3,2026-01-17 19:00:00+00:00,23.0,2026-01-17 22:00:00,2026-01-18T00:00:00+05:00,be87e3c6ef2702a65531c2f3f31743baf32362d4198b8e96c73bdf82180c3ccc,gfs_seamless,False,0.225,6.376666666666666,-13.341666666666667,0.3700149573480296
turbine_1,2026-01-18 19:00:00+00:00,24,0.6569951306232613,0.6569951306232613,False,False,0.6262730806608358,8.92,-9.5,2026-01-17 19:00:00+00:00,24.0,2026-01-17 22:00:00,2026-01-18T00:00:00+05:00,be87e3c6ef2702a65531c2f3f31743baf32362d4198b8e96c73bdf82180c3ccc,gfs_seamless,False,0.3566666666666667,7.148333333333333,-13.601666666666667,0.3003284639565946
turbine_1,2026-01-18 20:00:00+00:00,48,0.9693102317949037,0.9693102317949037,False,False,0.9379226736566186,11.13,-12.1,2026-01-17 19:00:00+00:00,25.0,2026-01-17 22:00:00,2026-01-18T00:00:00+05:00,be87e3c6ef2702a65531c2f3f31743baf32362d4198b8e96c73bdf82180c3ccc,gfs_seamless,False,0.6150000000000001,8.673333333333334,-13.508333333333333,0.3543102317949036
turbine_1,2026-01-18 21:00:00+00:00,48,0.9860200463626919,0.9860200463626919,False,False,0.9601641239019879,11.85,-11.9,2026-01-17 19:00:00+00:00,26.0,2026-01-17 22:00:00,2026-01-18T00:00:00+05:00,be87e3c6ef2702a65531c2f3f31743baf32362d4198b8e96c73bdf82180c3ccc,gfs_seamless,False,0.535,8.101666666666667,-13.761666666666665,0.4510200463626919
turbine_1,2026-01-18 22:00:00+00:00,48,0.9789469748023619,0.9789469748023619,False,False,0.9580719557195572,12.15,-12.0,2026-01-17 19:00:00+00:00,27.0,2026-01-17 22:00:00,2026-01-18T00:00:00+05:00,be87e3c6ef2702a65531c2f3f31743baf32362d4198b8e96c73bdf82180c3ccc,gfs_seamless,False,0.39166666666666666,7.203333333333333,-13.923333333333332,0.5872803081356952
turbine_1,2026-01-18 23:00:00+00:00,48,0.9789469748023619,0.9789469748023619,False,False,0.9580719557195572,12.15,-12.0,2026-01-17 19:00:00+00:00,28.0,2026-01-17 22:00:00,2026-01-18T00:00:00+05:00,be87e3c6ef2702a65531c2f3f31743baf32362d4198b8e96c73bdf82180c3ccc,gfs_seamless,False,0.3383333333333333,6.971666666666667,-14.315,0.6406136414690287
turbine_1,2026-01-19 00:00:00+00:00,48,0.9769912990978555,0.9769912990978555,False,False,0.9379226736566186,11.39,-9.6,2026-01-17 19:00:00+00:00,29.0,2026-01-17 22:00:00,2026-01-18T00:00:00+05:00,be87e3c6ef2702a65531c2f3f31743baf32362d4198b8e96c73bdf82180c3ccc,gfs_seamless,False,0.47,7.623333333333334,-15.5,0.5069912990978556
turbine_1,2026-01-19 01:00:00+00:00,48,0.9727088044792663,0.9727088044792663,False,False,0.9379226736566186,11.25,-9.7,2026-01-17 19:00:00+00:00,30.0,2026-01-17 22:00:00,2026-01-18T00:00:00+05:00,be87e3c6ef2702a65531c2f3f31743baf32362d4198b8e96c73bdf82180c3ccc,gfs_seamless,False,0.34833333333333333,7.111666666666667,-16.24833333333333,0.6243754711459331
turbine_1,2026-01-19 02:00:00+00:00,48,0.9708049902428282,0.9708049902428282,False,False,0.9379226736566186,11.03,-9.9,2026-01-17 19:00:00+00:00,31.0,2026-01-17 22:00:00,2026-01-18T00:00:00+05:00,be87e3c6ef2702a65531c2f3f31743baf32362d4198b8e96c73bdf82180c3ccc,gfs_seamless,False,0.135,5.425,-16.05666666666667,0.8358049902428282
turbine_1,2026-01-19 03:00:00+00:00,48,0.9181288533937723,0.9181288533937723,False,False,0.8930562448304383,10.77,-9.4,2026-01-17 19:00:00+00:00,32.0,2026-01-17 22:00:00,2026-01-18T00:00:00+05:00,be87e3c6ef2702a65531c2f3f31743baf32362d4198b8e96c73bdf82180c3ccc,gfs_seamless,False,0.26666666666666666,6.48,-14.835,0.6514621867271055
turbine_1,2026-01-19 04:00:00+00:00,48,0.8192273458547008,0.8192273458547008,False,False,0.8303311258278145,10.48,-7.2,2026-01-17 19:00:00+00:00,33.0,2026-01-17 22:00:00,2026-01-18T00:00:00+05:00,be87e3c6ef2702a65531c2f3f31743baf32362d4198b8e96c73bdf82180c3ccc,gfs_seamless,False,0.315,6.945,-13.235,0.5042273458547009
turbine_1,2026-01-19 05:00:00+00:00,48,0.951258947413191,0.951258947413191,False,False,0.8930562448304383,10.92,-5.1,2026-01-17 19:00:00+00:00,34.0,2026-01-17 22:00:00,2026-01-18T00:00:00+05:00,be87e3c6ef2702a65531c2f3f31743baf32362d4198b8e96c73bdf82180c3ccc,gfs_seamless,False,0.33166666666666667,7.196666666666666,-11.303333333333333,0.6195922807465243
turbine_1,2026-01-19 06:00:00+00:00,48,0.9250158656916266,0.9250158656916266,False,False,0.8930562448304383,10.69,-3.9,2026-01-17 19:00:00+00:00,35.0,2026-01-17 22:00:00,2026-01-18T00:00:00+05:00,be87e3c6ef2702a65531c2f3f31743baf32362d4198b8e96c73bdf82180c3ccc,gfs_seamless,False,0.2866666666666667,7.048333333333333,-8.636666666666667,0.6383491990249599
turbine_1,2026-01-19 07:00:00+00:00,48,0.9693003909052343,0.9693003909052343,False,False,0.9379226736566186,11.09,-2.8,2026-01-17 19:00:00+00:00,36.0,2026-01-17 22:00:00,2026-01-18T00:00:00+05:00,be87e3c6ef2702a65531c2f3f31743baf32362d4198b8e96c73bdf82180c3ccc,gfs_seamless,False,0.36999999999999994,7.316666666666666,-6.403333333333333,0.5993003909052343
turbine_1,2026-01-19 08:00:00+00:00,48,0.9604470840067811,0.9604470840067811,False,False,0.9379226736566186,11.05,-2.1,2026-01-17 19:00:00+00:00,37.0,2026-01-17 22:00:00,2026-01-18T00:00:00+05:00,be87e3c6ef2702a65531c2f3f31743baf32362d4198b8e96c73bdf82180c3ccc,gfs_seamless,False,0.3566666666666667,7.258333333333333,-4.526666666666666,0.6037804173401145
turbine_1,2026-01-19 09:00:00+00:00,48,0.9187971222405216,0.9187971222405216,False,False,0.8930562448304383,10.69,-1.7,2026-01-17 19:00:00+00:00,38.0,2026-01-17 22:00:00,2026-01-18T00:00:00+05:00,be87e3c6ef2702a65531c2f3f31743baf32362d4198b8e96c73bdf82180c3ccc,gfs_seamless,False,0.3133333333333333,7.041666666666667,-3.108333333333333,0.6054637889071883
turbine_1,2026-01-19 10:00:00+00:00,48,0.8756149629842566,0.8756149629842566,False,False,0.8303311258278145,10.24,-2.1,2026-01-17 19:00:00+00:00,39.0,2026-01-17 22:00:00,2026-01-18T00:00:00+05:00,be87e3c6ef2702a65531c2f3f31743baf32362d4198b8e96c73bdf82180c3ccc,gfs_seamless,False,0.28833333333333333,6.891666666666667,-2.6950000000000003,0.5872816296509232
turbine_1,2026-01-19 11:00:00+00:00,48,0.8444416595000459,0.8444416595000459,False,False,0.7643122858541361,9.96,-3.8,2026-01-17 19:00:00+00:00,40.0,2026-01-17 22:00:00,2026-01-18T00:00:00+05:00,be87e3c6ef2702a65531c2f3f31743baf32362d4198b8e96c73bdf82180c3ccc,gfs_seamless,False,0.2633333333333333,6.760000000000001,-3.285,0.5811083261667126
turbine_1,2026-01-19 12:00:00+00:00,48,0.8165593025146349,0.8165593025146349,False,False,0.7643122858541361,9.74,-5.3,2026-01-17 19:00:00+00:00,41.0,2026-01-17 22:00:00,2026-01-18T00:00:00+05:00,be87e3c6ef2702a65531c2f3f31743baf32362d4198b8e96c73bdf82180c3ccc,gfs_seamless,False,0.22833333333333336,6.585,-5.133333333333334,0.5882259691813015
turbine_1,2026-01-19 13:00:00+00:00,48,0.6497307791933085,0.6497307791933085,False,False,0.6262730806608358,8.78,-6.0,2026-01-17 19:00:00+00:00,42.0,2026-01-17 22:00:00,2026-01-18T00:00:00+05:00,be87e3c6ef2702a65531c2f3f31743baf32362d4198b8e96c73bdf82180c3ccc,gfs_seamless,False,0.4216666666666667,7.343333333333334,-6.316666666666666,0.22806411252664177
turbine_1,2026-01-19 14:00:00+00:00,48,0.5212512041568614,0.5212512041568614,False,False,0.5477251184834123,8.1,-6.5,2026-01-17 19:00:00+00:00,43.0,2026-01-17 22:00:00,2026-01-18T00:00:00+05:00,be87e3c6ef2702a65531c2f3f31743baf32362d4198b8e96c73bdf82180c3ccc,gfs_seamless,False,0.36166666666666664,7.056666666666666,-6.273333333333333,0.1595845374901948
turbine_1,2026-01-19 15:00:00+00:00,48,0.5265013353114487,0.5265013353114487,False,False,0.5477251184834123,8.14,-6.7,2026-01-17 19:00:00+00:00,44.0,2026-01-17 22:00:00,2026-01-18T00:00:00+05:00,be87e3c6ef2702a65531c2f3f31743baf32362d4198b8e96c73bdf82180c3ccc,gfs_seamless,False,0.32666666666666666,6.738333333333333,-6.223333333333334,0.19983466864478205
turbine_1,2026-01-19 16:00:00+00:00,48,0.5265013353114487,0.5265013353114487,False,False,0.5477251184834123,8.14,-6.6,2026-01-17 19:00:00+00:00,45.0,2026-01-17 22:00:00,2026-01-18T00:00:00+05:00,be87e3c6ef2702a65531c2f3f31743baf32362d4198b8e96c73bdf82180c3ccc,gfs_seamless,False,0.03333333333333333,3.5700000000000003,-6.971666666666667,0.4931680019781154
turbine_1,2026-01-19 17:00:00+00:00,48,0.5818780803614458,0.5818780803614458,False,False,0.5477251184834123,8.36,-6.5,2026-01-17 19:00:00+00:00,46.0,2026-01-17 22:00:00,2026-01-18T00:00:00+05:00,be87e3c6ef2702a65531c2f3f31743baf32362d4198b8e96c73bdf82180c3ccc,gfs_seamless,False,0.07,5.385000000000001,-8.155,0.5118780803614458
turbine_1,2026-01-19 18:00:00+00:00,48,0.7539317001136026,0.7539317001136026,False,False,0.69498998998999,9.44,-6.4,2026-01-17 19:00:00+00:00,47.0,2026-01-17 22:00:00,2026-01-18T00:00:00+05:00,be87e3c6ef2702a65531c2f3f31743baf32362d4198b8e96c73bdf82180c3ccc,gfs_seamless,False,0.015,2.5816666666666666,-8.58,0.7389317001136025
turbine_1,2026-01-19 19:00:00+00:00,48,0.7704688427685342,0.7704688427685342,False,False,0.7643122858541361,9.63,-6.4,2026-01-17 19:00:00+00:00,48.0,2026-01-17 22:00:00,2026-01-18T00:00:00+05:00,be87e3c6ef2702a65531c2f3f31743baf32362d4198b8e96c73bdf82180c3ccc,gfs_seamless,False,0.01,2.48,-10.451666666666666,0.7604688427685342
turbine_2,2026-01-17 20:00:00+00:00,24,0.0025997592657486914,0.0025997592657486914,False,False,0.009930555555555557,0.63,-14.0,2026-01-17 19:00:00+00:00,1.0,2026-01-17 22:00:00,2026-01-18T00:00:00+05:00,5b3d4a3debf51543ab448726c777d1d68c7b8af10b249bb03b40af0b2b1a20ee,gfs_seamless,False,0.01,0.8783333333333333,-13.945,0.007400240734251309
turbine_2,2026-01-17 21:00:00+00:00,24,0.0025997592657486914,0.0025997592657486914,False,False,0.01,0.41,-14.1,2026-01-17 19:00:00+00:00,2.0,2026-01-17 22:00:00,2026-01-18T00:00:00+05:00,5b3d4a3debf51543ab448726c777d1d68c7b8af10b249bb03b40af0b2b1a20ee,gfs_seamless,False,0.01,0.66,-13.728333333333333,0.007400240734251309
turbine_2,2026-01-17 22:00:00+00:00,24,0.0025997592657486914,0.0025997592657486914,False,False,0.009930555555555557,0.71,-14.3,2026-01-17 19:00:00+00:00,3.0,2026-01-17 22:00:00,2026-01-18T00:00:00+05:00,5b3d4a3debf51543ab448726c777d1d68c7b8af10b249bb03b40af0b2b1a20ee,gfs_seamless,False,0.01,1.1300000000000001,-13.981666666666667,0.007400240734251309
turbine_2,2026-01-17 23:00:00+00:00,24,0.0025997592657486914,0.0025997592657486914,False,False,0.009930555555555557,0.81,-14.6,2026-01-17 19:00:00+00:00,4.0,2026-01-17 22:00:00,2026-01-18T00:00:00+05:00,5b3d4a3debf51543ab448726c777d1d68c7b8af10b249bb03b40af0b2b1a20ee,gfs_seamless,False,0.01,1.4749999999999999,-14.268333333333333,0.007400240734251309
turbine_2,2026-01-18 00:00:00+00:00,24,0.009675895701626025,0.009675895701626025,False,False,0.014642650462962961,2.38,-11.2,2026-01-17 19:00:00+00:00,5.0,2026-01-17 22:00:00,2026-01-18T00:00:00+05:00,5b3d4a3debf51543ab448726c777d1d68c7b8af10b249bb03b40af0b2b1a20ee,gfs_seamless,False,0.01,2.4966666666666666,-14.905000000000001,0.00032410429837397524
turbine_2,2026-01-18 01:00:00+00:00,24,0.01319015662896295,0.01319015662896295,False,False,0.055528328119568995,3.53,-10.8,2026-01-17 19:00:00+00:00,6.0,2026-01-17 22:00:00,2026-01-18T00:00:00+05:00,5b3d4a3debf51543ab448726c777d1d68c7b8af10b249bb03b40af0b2b1a20ee,gfs_seamless,False,0.01,4.185,-15.655000000000001,0.003190156628962949
turbine_2,2026-01-18 02:00:00+00:00,24,0.039067410598678735,0.039067410598678735,False,False,0.1431002119285498,5.28,-10.8,2026-01-17 19:00:00+00:00,7.0,2026-01-17 22:00:00,2026-01-18T00:00:00+05:00,5b3d4a3debf51543ab448726c777d1d68c7b8af10b249bb03b40af0b2b1a20ee,gfs_seamless,False,0.016666666666666666,5.885000000000001,-15.938333333333333,0.02240074393201207
turbine_2,2026-01-18 03:00:00+00:00,24,0.13684813092801754,0.13684813092801754,False,False,0.24686588103254767,6.49,-10.4,2026-01-17 19:00:00+00:00,8.0,2026-01-17 22:00:00,2026-01-18T00:00:00+05:00,5b3d4a3debf51543ab448726c777d1d68c7b8af10b249bb03b40af0b2b1a20ee,gfs_seamless,False,0.011666666666666667,4.961666666666667,-15.715000000000002,0.12518146426135088
turbine_2,2026-01-18 04:00:00+00:00,24,0.3523910368910277,0.3523910368910277,False,False,0.3888572806171649,7.33,-9.4,2026-01-17 19:00:00+00:00,9.0,2026-01-17 22:00:00,2026-01-18T00:00:00+05:00,5b3d4a3debf51543ab448726c777d1d68c7b8af10b249bb03b40af0b2b1a20ee,gfs_seamless,False,0.085,5.426666666666667,-15.705,0.26739103689102767
turbine_2,2026-01-18 05:00:00+00:00,24,0.47263750392625586,0.47263750392625586,False,False,0.5336827956989247,8.02,-8.4,2026-01-17 19:00:00+00:00,10.0,2026-01-17 22:00:00,2026-01-18T00:00:00+05:00,5b3d4a3debf51543ab448726c777d1d68c7b8af10b249bb03b40af0b2b1a20ee,gfs_seamless,False,0.04666666666666667,4.925,-15.229999999999999,0.4259708372595892
turbine_2,2026-01-18 06:00:00+00:00,24,0.5911248053329191,0.5911248053329191,False,False,0.615759009009009,8.69,-8.3,2026-01-17 19:00:00+00:00,11.0,2026-01-17 22:00:00,2026-01-18T00:00:00+05:00,5b3d4a3debf51543ab448726c777d1d68c7b8af10b249bb03b40af0b2b1a20ee,gfs_seamless,False,0.14333333333333334,6.243333333333333,-13.501666666666665,0.4477914719995858
turbine_2,2026-01-18 07:00:00+00:00,24,0.6945796550489488,0.6945796550489488,False,False,0.615759009009009,8.97,-7.4,2026-01-17 19:00:00+00:00,12.0,2026-01-17 22:00:00,2026-01-18T00:00:00+05:00,5b3d4a3debf51543ab448726c777d1d68c7b8af10b249bb03b40af0b2b1a20ee,gfs_seamless,False,0.2383333333333333,7.010000000000001,-11.576666666666668,0.4562463217156155
turbine_2,2026-01-18 08:00:00+00:00,24,0.5635312819470348,0.5635312819470348,False,False,0.615759009009009,8.69,-6.7,2026-01-17 19:00:00+00:00,13.0,2026-01-17 22:00:00,2026-01-18T00:00:00+05:00,5b3d4a3debf51543ab448726c777d1d68c7b8af10b249bb03b40af0b2b1a20ee,gfs_seamless,False,0.38999999999999996,7.72,-10.33,0.17353128194703488
turbine_2,2026-01-18 09:00:00+00:00,24,0.520147051344851,0.520147051344851,False,False,0.5336827956989247,8.29,-6.4,2026-01-17 19:00:00+00:00,14.0,2026-01-17 22:00:00,2026-01-18T00:00:00+05:00,5b3d4a3debf51543ab448726c777d1d68c7b8af10b249bb03b40af0b2b1a20ee,gfs_seamless,False,0.4383333333333333,7.988333333333333,-9.826666666666666,0.08181371801151766
turbine_2,2026-01-18 10:00:00+00:00,24,0.4807671480458848,0.4807671480458848,False,False,0.5336827956989247,8.05,-6.4,2026-01-17 19:00:00+00:00,15.0,2026-01-17 22:00:00,2026-01-18T00:00:00+05:00,5b3d4a3debf51543ab448726c777d1d68c7b8af10b249bb03b40af0b2b1a20ee,gfs_seamless,False,0.25666666666666665,7.036666666666666,-9.231666666666667,0.22410048137921812
turbine_2,2026-01-18 11:00:00+00:00,24,0.4569192940764091,0.4569192940764091,False,False,0.45985423252546537,7.92,-7.0,2026-01-17 19:00:00+00:00,16.0,2026-01-17 22:00:00,2026-01-18T00:00:00+05:00,5b3d4a3debf51543ab448726c777d1d68c7b8af10b249bb03b40af0b2b1a20ee,gfs_seamless,False,0.19499999999999998,6.691666666666666,-8.97,0.2619192940764091
turbine_2,2026-01-18 12:00:00+00:00,24,0.536423178647709,0.536423178647709,False,False,0.5336827956989247,8.32,-8.0,2026-01-17 19:00:00+00:00,17.0,2026-01-17 22:00:00,2026-01-18T00:00:00+05:00,5b3d4a3debf51543ab448726c777d1d68c7b8af10b249bb03b40af0b2b1a20ee,gfs_seamless,False,0.12833333333333333,6.175,-9.671666666666667,0.40808984531437575
turbine_2,2026-01-18 13:00:00+00:00,24,0.49451557433598214,0.49451557433598214,False,False,0.5336827956989247,8.16,-8.0,2026-01-17 19:00:00+00:00,18.0,2026-01-17 22:00:00,2026-01-18T00:00:00+05:00,5b3d4a3debf51543ab448726c777d1d68c7b8af10b249bb03b40af0b2b1a20ee,gfs_seamless,False,0.18666666666666668,6.658333333333334,-10.423333333333334,0.3078489076693155
turbine_2,2026-01-18 14:00:00+00:00,24,0.4668947380580896,0.4668947380580896,False,False,0.5336827956989247,8.11,-8.4,2026-01-17 19:00:00+00:00,19.0,2026-01-17 22:00:00,2026-01-18T00:00:00+05:00,5b3d4a3debf51543ab448726c777d1d68c7b8af10b249bb03b40af0b2b1a20ee,gfs_seamless,False,0.18166666666666667,6.498333333333334,-11.178333333333335,0.2852280713914229
turbine_2,2026-01-18 15:00:00+00:00,24,0.34749607880058503,0.34749607880058503,False,False,0.45985423252546537,7.53,-8.9,2026-01-17 19:00:00+00:00,20.0,2026-01-17 22:00:00,2026-01-18T00:00:00+05:00,5b3d4a3debf51543ab448726c777d1d68c7b8af10b249bb03b40af0b2b1a20ee,gfs_seamless,False,0.24166666666666667,6.696666666666666,-11.94,0.10582941213391836
turbine_2,2026-01-18 16:00:00+00:00,24,0.34749607880058503,0.34749607880058503,False,False,0.45985423252546537,7.51,-8.9,2026-01-17 19:00:00+00:00,21.0,2026-01-17 22:00:00,2026-01-18T00:00:00+05:00,5b3d4a3debf51543ab448726c777d1d68c7b8af10b249bb03b40af0b2b1a20ee,gfs_seamless,False,0.25333333333333335,6.616666666666667,-12.313333333333333,0.09416274546725167
turbine_2,2026-01-18 17:00:00+00:00,24,0.34749607880058503,0.34749607880058503,False,False,0.45985423252546537,7.52,-9.1,2026-01-17 19:00:00+00:00,22.0,2026-01-17 22:00:00,2026-01-18T00:00:00+05:00,5b3d4a3debf51543ab448726c777d1d68c7b8af10b249bb03b40af0b2b1a20ee,gfs_seamless,False,0.2916666666666667,6.783333333333334,-12.555,0.055829412133918344
turbine_2,2026-01-18 18:00:00+00:00,24,0.5668712428636098,0.5668712428636098,False,False,0.5336827956989247,8.46,-9.3,2026-01-17 19:00:00+00:00,23.0,2026-01-17 22:00:00,2026-01-18T00:00:00+05:00,5b3d4a3debf51543ab448726c777d1d68c7b8af10b249bb03b40af0b2b1a20ee,gfs_seamless,False,0.2333333333333333,6.543333333333333,-13.475,0.3335379095302765
turbine_2,2026-01-18 19:00:00+00:00,24,0.6101994651610912,0.6101994651610912,False,False,0.615759009009009,8.92,-9.5,2026-01-17 19:00:00+00:00,24.0,2026-01-17 22:00:00,2026-01-18T00:00:00+05:00,5b3d4a3debf51543ab448726c777d1d68c7b8af10b249bb03b40af0b2b1a20ee,gfs_seamless,False,0.35000000000000003,7.2749999999999995,-13.775,0.2601994651610912
turbine_2,2026-01-18 20:00:00+00:00,48,0.9378630183037713,0.9378630183037713,False,False,0.9253557617942768,11.13,-12.1,2026-01-17 19:00:00+00:00,25.0,2026-01-17 22:00:00,2026-01-18T00:00:00+05:00,5b3d4a3debf51543ab448726c777d1d68c7b8af10b249bb03b40af0b2b1a20ee,gfs_seamless,False,0.505,7.84,-13.893333333333333,0.4328630183037713
turbine_2,2026-01-18 21:00:00+00:00,48,0.9834421649573535,0.9834421649573535,False,False,0.9521731601731601,11.85,-11.9,2026-01-17 19:00:00+00:00,26.0,2026-01-17 22:00:00,2026-01-18T00:00:00+05:00,5b3d4a3debf51543ab448726c777d1d68c7b8af10b249bb03b40af0b2b1a20ee,gfs_seamless,False,0.5033333333333333,7.878333333333334,-13.901666666666666,0.4801088316240202
turbine_2,2026-01-18 22:00:00+00:00,48,0.9397383168428352,0.9397383168428352,False,False,0.9572317351598173,12.15,-12.0,2026-01-17 19:00:00+00:00,27.0,2026-01-17 22:00:00,2026-01-18T00:00:00+05:00,5b3d4a3debf51543ab448726c777d1d68c7b8af10b249bb03b40af0b2b1a20ee,gfs_seamless,False,0.36999999999999994,7.321666666666666,-13.991666666666667,0.5697383168428352
turbine_2,2026-01-18 23:00:00+00:00,48,0.9397383168428352,0.9397383168428352,False,False,0.9572317351598173,12.15,-12.0,2026-01-17 19:00:00+00:00,28.0,2026-01-17 22:00:00,2026-01-18T00:00:00+05:00,5b3d4a3debf51543ab448726c777d1d68c7b8af10b249bb03b40af0b2b1a20ee,gfs_seamless,False,0.345,7.21,-14.575000000000001,0.5947383168428352
turbine_2,2026-01-19 00:00:00+00:00,48,0.9725295532403273,0.9725295532403273,False,False,0.9253557617942768,11.39,-9.6,2026-01-17 19:00:00+00:00,29.0,2026-01-17 22:00:00,2026-01-18T00:00:00+05:00,5b3d4a3debf51543ab448726c777d1d68c7b8af10b249bb03b40af0b2b1a20ee,gfs_seamless,False,0.5033333333333333,7.991666666666667,-15.729999999999999,0.469196219906994
turbine_2,2026-01-19 01:00:00+00:00,48,0.9707831071648445,0.9707831071648445,False,False,0.9253557617942768,11.25,-9.7,2026-01-17 19:00:00+00:00,30.0,2026-01-17 22:00:00,2026-01-18T00:00:00+05:00,5b3d4a3debf51543ab448726c777d1d68c7b8af10b249bb03b40af0b2b1a20ee,gfs_seamless,False,0.33666666666666667,7.308333333333334,-16.46,0.6341164404981778
turbine_2,2026-01-19 02:00:00+00:00,48,0.9462255580886401,0.9462255580886401,False,False,0.9253557617942768,11.03,-9.9,2026-01-17 19:00:00+00:00,31.0,2026-01-17 22:00:00,2026-01-18T00:00:00+05:00,5b3d4a3debf51543ab448726c777d1d68c7b8af10b249bb03b40af0b2b1a20ee,gfs_seamless,False,0.13666666666666666,5.666666666666667,-16.13,0.8095588914219733
turbine_2,2026-01-19 03:00:00+00:00,48,0.9165596446730003,0.9165596446730003,False,False,0.8847668711656442,10.77,-9.4,2026-01-17 19:00:00+00:00,32.0,2026-01-17 22:00:00,2026-01-18T00:00:00+05:00,5b3d4a3debf51543ab448726c777d1d68c7b8af10b249bb03b40af0b2b1a20ee,gfs_seamless,False,0.21333333333333335,6.211666666666667,-15.07,0.703226311339667
turbine_2,2026-01-19 04:00:00+00:00,48,0.764289695241263,0.764289695241263,False,False,0.8245056689342404,10.48,-7.2,2026-01-17 19:00:00+00:00,33.0,2026-01-17 22:00:00,2026-01-18T00:00:00+05:00,5b3d4a3debf51543ab448726c777d1d68c7b8af10b249bb03b40af0b2b1a20ee,gfs_seamless,False,0.3116666666666667,7.123333333333334,-13.46,0.4526230285745963
turbine_2,2026-01-19 05:00:00+00:00,48,0.9184832057097387,0.9184832057097387,False,False,0.8847668711656442,10.92,-5.1,2026-01-17 19:00:00+00:00,34.0,2026-01-17 22:00:00,2026-01-18T00:00:00+05:00,5b3d4a3debf51543ab448726c777d1d68c7b8af10b249bb03b40af0b2b1a20ee,gfs_seamless,False,0.22666666666666668,6.805,-11.428333333333333,0.691816539043072
turbine_2,2026-01-19 06:00:00+00:00,48,0.8814257725222657,0.8814257725222657,False,False,0.8847668711656442,10.69,-3.9,2026-01-17 19:00:00+00:00,35.0,2026-01-17 22:00:00,2026-01-18T00:00:00+05:00,5b3d4a3debf51543ab448726c777d1d68c7b8af10b249bb03b40af0b2b1a20ee,gfs_seamless,False,0.3016666666666667,7.233333333333333,-8.808333333333334,0.5797591058555991
turbine_2,2026-01-19 07:00:00+00:00,48,0.9080199545260296,0.9080199545260296,False,False,0.9253557617942768,11.09,-2.8,2026-01-17 19:00:00+00:00,36.0,2026-01-17 22:00:00,2026-01-18T00:00:00+05:00,5b3d4a3debf51543ab448726c777d1d68c7b8af10b249bb03b40af0b2b1a20ee,gfs_seamless,False,0.3333333333333333,7.418333333333333,-6.541666666666667,0.5746866211926962
turbine_2,2026-01-19 08:00:00+00:00,48,0.9295856459845295,0.9295856459845295,False,False,0.9253557617942768,11.05,-2.1,2026-01-17 19:00:00+00:00,37.0,2026-01-17 22:00:00,2026-01-18T00:00:00+05:00,5b3d4a3debf51543ab448726c777d1d68c7b8af10b249bb03b40af0b2b1a20ee,gfs_seamless,False,0.2916666666666667,7.136666666666667,-4.558333333333334,0.6379189793178628
turbine_2,2026-01-19 09:00:00+00:00,48,0.919733939963379,0.919733939963379,False,False,0.8847668711656442,10.69,-1.7,2026-01-17 19:00:00+00:00,38.0,2026-01-17 22:00:00,2026-01-18T00:00:00+05:00,5b3d4a3debf51543ab448726c777d1d68c7b8af10b249bb03b40af0b2b1a20ee,gfs_seamless,False,0.305,7.2316666666666665,-3.23,0.6147339399633791
turbine_2,2026-01-19 10:00:00+00:00,48,0.810171145974029,0.810171145974029,False,False,0.8245056689342404,10.24,-2.1,2026-01-17 19:00:00+00:00,39.0,2026-01-17 22:00:00,2026-01-18T00:00:00+05:00,5b3d4a3debf51543ab448726c777d1d68c7b8af10b249bb03b40af0b2b1a20ee,gfs_seamless,False,0.27999999999999997,7.1866666666666665,-2.9133333333333336,0.530171145974029
turbine_2,2026-01-19 11:00:00+00:00,48,0.8130682652560051,0.8130682652560051,False,False,0.752911143838979,9.96,-3.8,2026-01-17 19:00:00+00:00,40.0,2026-01-17 22:00:00,2026-01-18T00:00:00+05:00,5b3d4a3debf51543ab448726c777d1d68c7b8af10b249bb03b40af0b2b1a20ee,gfs_seamless,False,0.16833333333333333,6.43,-3.313333333333334,0.6447349319226717
turbine_2,2026-01-19 12:00:00+00:00,48,0.7791605090822202,0.7791605090822202,False,False,0.752911143838979,9.74,-5.3,2026-01-17 19:00:00+00:00,41.0,2026-01-17 22:00:00,2026-01-18T00:00:00+05:00,5b3d4a3debf51543ab448726c777d1d68c7b8af10b249bb03b40af0b2b1a20ee,gfs_seamless,False,0.30666666666666664,7.185,-5.345,0.4724938424155536
turbine_2,2026-01-19 13:00:00+00:00,48,0.6064598070440609,0.6064598070440609,False,False,0.615759009009009,8.78,-6.0,2026-01-17 19:00:00+00:00,42.0,2026-01-17 22:00:00,2026-01-18T00:00:00+05:00,5b3d4a3debf51543ab448726c777d1d68c7b8af10b249bb03b40af0b2b1a20ee,gfs_seamless,False,0.4816666666666667,7.756666666666667,-6.324999999999999,0.1247931403773942
turbine_2,2026-01-19 14:00:00+00:00,48,0.47502438217771853,0.47502438217771853,False,False,0.5336827956989247,8.1,-6.5,2026-01-17 19:00:00+00:00,43.0,2026-01-17 22:00:00,2026-01-18T00:00:00+05:00,5b3d4a3debf51543ab448726c777d1d68c7b8af10b249bb03b40af0b2b1a20ee,gfs_seamless,False,0.295,6.796666666666667,-6.48,0.18002438217771854
turbine_2,2026-01-19 15:00:00+00:00,48,0.4912588295976654,0.4912588295976654,False,False,0.5336827956989247,8.14,-6.7,2026-01-17 19:00:00+00:00,44.0,2026-01-17 22:00:00,2026-01-18T00:00:00+05:00,5b3d4a3debf51543ab448726c777d1d68c7b8af10b249bb03b40af0b2b1a20ee,gfs_seamless,False,0.24833333333333332,6.375,-6.413333333333333,0.2429254962643321
turbine_2,2026-01-19 16:00:00+00:00,48,0.4912588295976654,0.4912588295976654,False,False,0.5336827956989247,8.14,-6.6,2026-01-17 19:00:00+00:00,45.0,2026-01-17 22:00:00,2026-01-18T00:00:00+05:00,5b3d4a3debf51543ab448726c777d1d68c7b8af10b249bb03b40af0b2b1a20ee,gfs_seamless,False,0.018333333333333333,2.9716666666666662,-7.1933333333333325,0.4729254962643321
turbine_2,2026-01-19 17:00:00+00:00,48,0.5360992121563303,0.5360992121563303,False,False,0.5336827956989247,8.36,-6.5,2026-01-17 19:00:00+00:00,46.0,2026-01-17 22:00:00,2026-01-18T00:00:00+05:00,5b3d4a3debf51543ab448726c777d1d68c7b8af10b249bb03b40af0b2b1a20ee,gfs_seamless,False,0.06,5.235,-8.383333333333333,0.4760992121563303
turbine_2,2026-01-19 18:00:00+00:00,48,0.7066471529812084,0.7066471529812084,False,False,0.674822695035461,9.44,-6.4,2026-01-17 19:00:00+00:00,47.0,2026-01-17 22:00:00,2026-01-18T00:00:00+05:00,5b3d4a3debf51543ab448726c777d1d68c7b8af10b249bb03b40af0b2b1a20ee,gfs_seamless,False,0.02,3.171666666666667,-8.723333333333334,0.6866471529812084
turbine_2,2026-01-19 19:00:00+00:00,48,0.7449375908149489,0.7449375908149489,False,False,0.752911143838979,9.63,-6.4,2026-01-17 19:00:00+00:00,48.0,2026-01-17 22:00:00,2026-01-18T00:00:00+05:00,5b3d4a3debf51543ab448726c777d1d68c7b8af10b249bb03b40af0b2b1a20ee,gfs_seamless,False,0.01,2.17,-10.635,0.7349375908149489
turbine_1,2026-01-18 20:00:00+00:00,24,0.7946195531332921,0.7946195531332921,False,False,0.7643122858541361,9.52,-9.6,2026-01-18 19:00:00+00:00,1.0,2026-01-18 22:00:00,2026-01-19T00:00:00+05:00,7818d45b029bf67e1b09a0605db80091d630a802ab0e63c32e436c24d70c020b,gfs_seamless,False,0.6150000000000001,8.673333333333334,-13.508333333333333,0.17961955313329203
turbine_1,2026-01-18 21:00:00+00:00,24,0.896664594419157,0.896664594419157,False,False,0.8303311258278145,10.44,-9.5,2026-01-18 19:00:00+00:00,2.0,2026-01-18 22:00:00,2026-01-19T00:00:00+05:00,7818d45b029bf67e1b09a0605db80091d630a802ab0e63c32e436c24d70c020b,gfs_seamless,False,0.535,8.101666666666667,-13.761666666666665,0.361664594419157
turbine_1,2026-01-18 22:00:00+00:00,24,0.9749530762065237,0.9749530762065237,False,False,0.9379226736566186,11.22,-10.0,2026-01-18 19:00:00+00:00,3.0,2026-01-18 22:00:00,2026-01-19T00:00:00+05:00,7818d45b029bf67e1b09a0605db80091d630a802ab0e63c32e436c24d70c020b,gfs_seamless,False,0.39166666666666666,7.203333333333333,-13.923333333333332,0.5832864095398571
turbine_1,2026-01-18 23:00:00+00:00,24,0.9851307054085638,0.9851307054085638,False,False,0.9601641239019879,11.52,-10.2,2026-01-18 19:00:00+00:00,4.0,2026-01-18 22:00:00,2026-01-19T00:00:00+05:00,7818d45b029bf67e1b09a0605db80091d630a802ab0e63c32e436c24d70c020b,gfs_seamless,False,0.3383333333333333,6.971666666666667,-14.315,0.6467973720752305
turbine_1,2026-01-19 00:00:00+00:00,24,0.9837858727349141,0.9837858727349141,False,False,0.9379226736566186,11.49,-11.5,2026-01-18 19:00:00+00:00,5.0,2026-01-18 22:00:00,2026-01-19T00:00:00+05:00,7818d45b029bf67e1b09a0605db80091d630a802ab0e63c32e436c24d70c020b,gfs_seamless,False,0.47,7.623333333333334,-15.5,0.5137858727349142
turbine_1,2026-01-19 01:00:00+00:00,24,0.9850029172884811,0.9850029172884811,False,False,0.9601641239019879,11.58,-11.5,2026-01-18 19:00:00+00:00,6.0,2026-01-18 22:00:00,2026-01-19T00:00:00+05:00,7818d45b029bf67e1b09a0605db80091d630a802ab0e63c32e436c24d70c020b,gfs_seamless,False,0.34833333333333333,7.111666666666667,-16.24833333333333,0.6366695839551477
turbine_1,2026-01-19 02:00:00+00:00,24,0.9822326406845461,0.9822326406845461,False,False,0.9601641239019879,11.68,-11.5,2026-01-18 19:00:00+00:00,7.0,2026-01-18 22:00:00,2026-01-19T00:00:00+05:00,7818d45b029bf67e1b09a0605db80091d630a802ab0e63c32e436c24d70c020b,gfs_seamless,False,0.135,5.425,-16.05666666666667,0.8472326406845461
turbine_1,2026-01-19 03:00:00+00:00,24,0.9746365972075641,0.9746365972075641,False,False,0.9379226736566186,11.37,-10.9,2026-01-18 19:00:00+00:00,8.0,2026-01-18 22:00:00,2026-01-19T00:00:00+05:00,7818d45b029bf67e1b09a0605db80091d630a802ab0e63c32e436c24d70c020b,gfs_seamless,False,0.26666666666666666,6.48,-14.835,0.7079699305408975
turbine_1,2026-01-19 04:00:00+00:00,24,0.949182988748902,0.949182988748902,False,False,0.8930562448304383,10.88,-8.9,2026-01-18 19:00:00+00:00,9.0,2026-01-18 22:00:00,2026-01-19T00:00:00+05:00,7818d45b029bf67e1b09a0605db80091d630a802ab0e63c32e436c24d70c020b,gfs_seamless,False,0.315,6.945,-13.235,0.6341829887489019
turbine_1,2026-01-19 05:00:00+00:00,24,0.9534966316189892,0.9534966316189892,False,False,0.9379226736566186,11.08,-6.8,2026-01-18 19:00:00+00:00,10.0,2026-01-18 22:00:00,2026-01-19T00:00:00+05:00,7818d45b029bf67e1b09a0605db80091d630a802ab0e63c32e436c24d70c020b,gfs_seamless,False,0.33166666666666667,7.196666666666666,-11.303333333333333,0.6218299649523226
turbine_1,2026-01-19 06:00:00+00:00,24,0.9768895173970527,0.9768895173970527,False,False,0.9580719557195572,12.13,-4.9,2026-01-18 19:00:00+00:00,11.0,2026-01-18 22:00:00,2026-01-19T00:00:00+05:00,7818d45b029bf67e1b09a0605db80091d630a802ab0e63c32e436c24d70c020b,gfs_seamless,False,0.2866666666666667,7.048333333333333,-8.636666666666667,0.690222850730386
turbine_1,2026-01-19 07:00:00+00:00,24,0.9528235787109716,0.9528235787109716,False,False,0.9670130869899922,12.71,-3.7,2026-01-18 19:00:00+00:00,12.0,2026-01-18 22:00:00,2026-01-19T00:00:00+05:00,7818d45b029bf67e1b09a0605db80091d630a802ab0e63c32e436c24d70c020b,gfs_seamless,False,0.36999999999999994,7.316666666666666,-6.403333333333333,0.5828235787109717
turbine_1,2026-01-19 08:00:00+00:00,24,0.9934955865894984,0.9934955865894984,False,False,0.9580719557195572,12.34,-3.0,2026-01-18 19:00:00+00:00,13.0,2026-01-18 22:00:00,2026-01-19T00:00:00+05:00,7818d45b029bf67e1b09a0605db80091d630a802ab0e63c32e436c24d70c020b,gfs_seamless,False,0.3566666666666667,7.258333333333333,-4.526666666666666,0.6368289199228317
turbine_1,2026-01-19 09:00:00+00:00,24,0.9812714694270378,0.9812714694270378,False,False,0.9601641239019879,11.76,-2.9,2026-01-18 19:00:00+00:00,14.0,2026-01-18 22:00:00,2026-01-19T00:00:00+05:00,7818d45b029bf67e1b09a0605db80091d630a802ab0e63c32e436c24d70c020b,gfs_seamless,False,0.3133333333333333,7.041666666666667,-3.108333333333333,0.6679381360937044
turbine_1,2026-01-19 10:00:00+00:00,24,0.9689706156672248,0.9689706156672248,False,False,0.9379226736566186,11.13,-3.6,2026-01-18 19:00:00+00:00,15.0,2026-01-18 22:00:00,2026-01-19T00:00:00+05:00,7818d45b029bf67e1b09a0605db80091d630a802ab0e63c32e436c24d70c020b,gfs_seamless,False,0.28833333333333333,6.891666666666667,-2.6950000000000003,0.6806372823338914
turbine_1,2026-01-19 11:00:00+00:00,24,0.9225766235320487,0.9225766235320487,False,False,0.8930562448304383,10.74,-5.2,2026-01-18 19:00:00+00:00,16.0,2026-01-18 22:00:00,2026-01-19T00:00:00+05:00,7818d45b029bf67e1b09a0605db80091d630a802ab0e63c32e436c24d70c020b,gfs_seamless,False,0.2633333333333333,6.760000000000001,-3.285,0.6592432901987154
turbine_1,2026-01-19 12:00:00+00:00,24,0.8558447625362976,0.8558447625362976,False,False,0.8303311258278145,10.19,-7.0,2026-01-18 19:00:00+00:00,17.0,2026-01-18 22:00:00,2026-01-19T00:00:00+05:00,7818d45b029bf67e1b09a0605db80091d630a802ab0e63c32e436c24d70c020b,gfs_seamless,False,0.22833333333333336,6.585,-5.133333333333334,0.6275114292029642
turbine_1,2026-01-19 13:00:00+00:00,24,0.7205376409272095,0.7205376409272095,False,False,0.69498998998999,9.23,-8.1,2026-01-18 19:00:00+00:00,18.0,2026-01-18 22:00:00,2026-01-19T00:00:00+05:00,7818d45b029bf67e1b09a0605db80091d630a802ab0e63c32e436c24d70c020b,gfs_seamless,False,0.4216666666666667,7.343333333333334,-6.316666666666666,0.2988709742605428
turbine_1,2026-01-19 14:00:00+00:00,24,0.6495543907782158,0.6495543907782158,False,False,0.6262730806608358,8.82,-8.3,2026-01-18 19:00:00+00:00,19.0,2026-01-18 22:00:00,2026-01-19T00:00:00+05:00,7818d45b029bf67e1b09a0605db80091d630a802ab0e63c32e436c24d70c020b,gfs_seamless,False,0.36166666666666664,7.056666666666666,-6.273333333333333,0.2878877241115491
turbine_1,2026-01-19 15:00:00+00:00,24,0.6495543907782158,0.6495543907782158,False,False,0.6262730806608358,8.86,-8.2,2026-01-18 19:00:00+00:00,20.0,2026-01-18 22:00:00,2026-01-19T00:00:00+05:00,7818d45b029bf67e1b09a0605db80091d630a802ab0e63c32e436c24d70c020b,gfs_seamless,False,0.32666666666666666,6.738333333333333,-6.223333333333334,0.3228877241115491
turbine_1,2026-01-19 16:00:00+00:00,24,0.7038323174307505,0.7038323174307505,False,False,0.69498998998999,9.17,-8.1,2026-01-18 19:00:00+00:00,21.0,2026-01-18 22:00:00,2026-01-19T00:00:00+05:00,7818d45b029bf67e1b09a0605db80091d630a802ab0e63c32e436c24d70c020b,gfs_seamless,False,0.03333333333333333,3.5700000000000003,-6.971666666666667,0.6704989840974171
turbine_1,2026-01-19 17:00:00+00:00,24,0.7956191716078854,0.7956191716078854,False,False,0.69498998998999,9.48,-8.1,2026-01-18 19:00:00+00:00,22.0,2026-01-18 22:00:00,2026-01-19T00:00:00+05:00,7818d45b029bf67e1b09a0605db80091d630a802ab0e63c32e436c24d70c020b,gfs_seamless,False,0.07,5.385000000000001,-8.155,0.7256191716078855
turbine_1,2026-01-19 18:00:00+00:00,24,0.589485768392424,0.589485768392424,False,False,0.6262730806608358,8.86,-7.4,2026-01-18 19:00:00+00:00,23.0,2026-01-18 22:00:00,2026-01-19T00:00:00+05:00,7818d45b029bf67e1b09a0605db80091d630a802ab0e63c32e436c24d70c020b,gfs_seamless,False,0.015,2.5816666666666666,-8.58,0.5744857683924239
turbine_1,2026-01-19 19:00:00+00:00,24,0.61636513865698,0.61636513865698,False,False,0.6262730806608358,8.81,-7.7,2026-01-18 19:00:00+00:00,24.0,2026-01-18 22:00:00,2026-01-19T00:00:00+05:00,7818d45b029bf67e1b09a0605db80091d630a802ab0e63c32e436c24d70c020b,gfs_seamless,False,0.01,2.48,-10.451666666666666,0.6063651386569799
turbine_1,2026-01-19 20:00:00+00:00,48,0.8155902005383101,0.8155902005383101,False,False,0.7643122858541361,9.8,-6.5,2026-01-18 19:00:00+00:00,25.0,2026-01-18 22:00:00,2026-01-19T00:00:00+05:00,7818d45b029bf67e1b09a0605db80091d630a802ab0e63c32e436c24d70c020b,gfs_seamless,False,0.01,1.3716666666666668,-10.133333333333333,0.8055902005383101
turbine_1,2026-01-19 21:00:00+00:00,48,0.8360838895956808,0.8360838895956808,False,False,0.7643122858541361,9.85,-6.6,2026-01-18 19:00:00+00:00,26.0,2026-01-18 22:00:00,2026-01-19T00:00:00+05:00,7818d45b029bf67e1b09a0605db80091d630a802ab0e63c32e436c24d70c020b,gfs_seamless,False,0.01,2.183333333333333,-10.748333333333333,0.8260838895956808
turbine_1,2026-01-19 22:00:00+00:00,48,0.8238820986731383,0.8238820986731383,False,False,0.7643122858541361,9.89,-7.2,2026-01-18 19:00:00+00:00,27.0,2026-01-18 22:00:00,2026-01-19T00:00:00+05:00,7818d45b029bf67e1b09a0605db80091d630a802ab0e63c32e436c24d70c020b,gfs_seamless,False,0.01,0.9833333333333333,-10.776666666666666,0.8138820986731383
turbine_1,2026-01-19 23:00:00+00:00,48,0.792086885388592,0.792086885388592,False,False,0.7643122858541361,9.75,-7.6,2026-01-18 19:00:00+00:00,28.0,2026-01-18 22:00:00,2026-01-19T00:00:00+05:00,7818d45b029bf67e1b09a0605db80091d630a802ab0e63c32e436c24d70c020b,gfs_seamless,False,0.013333333333333334,1.7833333333333332,-10.923333333333334,0.7787535520552586
turbine_1,2026-01-20 00:00:00+00:00,48,0.8558027099471718,0.8558027099471718,False,False,0.7643122858541361,9.84,-9.4,2026-01-18 19:00:00+00:00,29.0,2026-01-18 22:00:00,2026-01-19T00:00:00+05:00,7818d45b029bf67e1b09a0605db80091d630a802ab0e63c32e436c24d70c020b,gfs_seamless,False,0.10833333333333334,5.308333333333334,-11.270000000000001,0.7474693766138385
turbine_1,2026-01-20 01:00:00+00:00,48,0.8237380657314954,0.8237380657314954,False,False,0.7643122858541361,9.66,-9.5,2026-01-18 19:00:00+00:00,30.0,2026-01-18 22:00:00,2026-01-19T00:00:00+05:00,7818d45b029bf67e1b09a0605db80091d630a802ab0e63c32e436c24d70c020b,gfs_seamless,False,0.034999999999999996,3.035,-10.863333333333332,0.7887380657314954
turbine_1,2026-01-20 02:00:00+00:00,48,0.7366969055479116,0.7366969055479116,False,False,0.69498998998999,9.31,-9.9,2026-01-18 19:00:00+00:00,31.0,2026-01-18 22:00:00,2026-01-19T00:00:00+05:00,7818d45b029bf67e1b09a0605db80091d630a802ab0e63c32e436c24d70c020b,gfs_seamless,False,0.01,1.2183333333333335,-10.876666666666667,0.7266969055479116
turbine_1,2026-01-20 03:00:00+00:00,48,0.5928099626693945,0.5928099626693945,False,False,0.6262730806608358,8.5,-9.1,2026-01-18 19:00:00+00:00,32.0,2026-01-18 22:00:00,2026-01-19T00:00:00+05:00,7818d45b029bf67e1b09a0605db80091d630a802ab0e63c32e436c24d70c020b,gfs_seamless,False,0.01,2.266666666666667,-10.020000000000001,0.5828099626693944
turbine_1,2026-01-20 04:00:00+00:00,48,0.3046824577570142,0.3046824577570142,False,False,0.3987106017191977,7.08,-7.1,2026-01-18 19:00:00+00:00,33.0,2026-01-18 22:00:00,2026-01-19T00:00:00+05:00,7818d45b029bf67e1b09a0605db80091d630a802ab0e63c32e436c24d70c020b,gfs_seamless,False,0.01,1.6533333333333333,-9.971666666666666,0.2946824577570142
turbine_1,2026-01-20 05:00:00+00:00,48,0.18865020698409324,0.18865020698409324,False,False,0.25702568593111497,6.18,-5.9,2026-01-18 19:00:00+00:00,34.0,2026-01-18 22:00:00,2026-01-19T00:00:00+05:00,7818d45b029bf67e1b09a0605db80091d630a802ab0e63c32e436c24d70c020b,gfs_seamless,False,0.018333333333333333,2.905,-9.44,0.1703168736507599
turbine_1,2026-01-20 06:00:00+00:00,48,0.18777427420538187,0.18777427420538187,False,False,0.25702568593111497,6.08,-4.9,2026-01-18 19:00:00+00:00,35.0,2026-01-18 22:00:00,2026-01-19T00:00:00+05:00,7818d45b029bf67e1b09a0605db80091d630a802ab0e63c32e436c24d70c020b,gfs_seamless,False,0.051666666666666666,4.8950000000000005,-6.9750000000000005,0.1361076075387152
turbine_1,2026-01-20 07:00:00+00:00,48,0.16247318883408904,0.16247318883408904,False,False,0.19534016393442621,5.89,-4.4,2026-01-18 19:00:00+00:00,36.0,2026-01-18 22:00:00,2026-01-19T00:00:00+05:00,7818d45b029bf67e1b09a0605db80091d630a802ab0e63c32e436c24d70c020b,gfs_seamless,False,0.018333333333333333,3.9683333333333333,-3.985,0.1441398555007557
turbine_1,2026-01-20 08:00:00+00:00,48,0.04840973147028972,0.04840973147028972,False,False,0.11165196078431373,4.59,-3.7,2026-01-18 19:00:00+00:00,37.0,2026-01-18 22:00:00,2026-01-19T00:00:00+05:00,7818d45b029bf67e1b09a0605db80091d630a802ab0e63c32e436c24d70c020b,gfs_seamless,False,0.03,4.126666666666666,-2.2483333333333335,0.018409731470289722
turbine_1,2026-01-20 09:00:00+00:00,48,0.02115839298559198,0.02115839298559198,False,False,0.04027363184079603,3.44,-3.4,2026-01-18 19:00:00+00:00,38.0,2026-01-18 22:00:00,2026-01-19T00:00:00+05:00,7818d45b029bf67e1b09a0605db80091d630a802ab0e63c32e436c24d70c020b,gfs_seamless,False,0.09333333333333334,5.183333333333334,-1.125,0.07217494034774136
turbine_1,2026-01-20 10:00:00+00:00,48,0.008256883423771972,0.008256883423771972,False,False,0.009988980716253445,0.94,-3.6,2026-01-18 19:00:00+00:00,39.0,2026-01-18 22:00:00,2026-01-19T00:00:00+05:00,7818d45b029bf67e1b09a0605db80091d630a802ab0e63c32e436c24d70c020b,gfs_seamless,False,0.034999999999999996,4.413333333333333,-1.7266666666666666,0.026743116576228024
turbine_1,2026-01-20 11:00:00+00:00,48,0.010017241738367686,0.010017241738367686,False,False,0.016068064418109998,2.34,-4.2,2026-01-18 19:00:00+00:00,40.0,2026-01-18 22:00:00,2026-01-19T00:00:00+05:00,7818d45b029bf67e1b09a0605db80091d630a802ab0e63c32e436c24d70c020b,gfs_seamless,False,0.013333333333333334,2.8466666666666662,-1.4933333333333332,0.003316091594965648
turbine_1,2026-01-20 12:00:00+00:00,48,0.008262783193579308,0.008262783193579308,False,False,0.00996100519930676,1.26,-6.1,2026-01-18 19:00:00+00:00,41.0,2026-01-18 22:00:00,2026-01-19T00:00:00+05:00,7818d45b029bf67e1b09a0605db80091d630a802ab0e63c32e436c24d70c020b,gfs_seamless,False,0.01,2.5683333333333334,-3.013333333333333,0.0017372168064206921
turbine_1,2026-01-20 13:00:00+00:00,48,0.009077910203128434,0.009077910203128434,False,False,0.009988980716253445,0.78,-5.3,2026-01-18 19:00:00+00:00,42.0,2026-01-18 22:00:00,2026-01-19T00:00:00+05:00,7818d45b029bf67e1b09a0605db80091d630a802ab0e63c32e436c24d70c020b,gfs_seamless,False,0.01,1.7316666666666667,-4.575,0.0009220897968715662
turbine_1,2026-01-20 14:00:00+00:00,48,0.009077910203128434,0.009077910203128434,False,False,0.009988980716253445,0.61,-5.1,2026-01-18 19:00:00+00:00,43.0,2026-01-18 22:00:00,2026-01-19T00:00:00+05:00,7818d45b029bf67e1b09a0605db80091d630a802ab0e63c32e436c24d70c020b,gfs_seamless,False,0.01,0.9583333333333334,-5.348333333333334,0.0009220897968715662
turbine_1,2026-01-20 15:00:00+00:00,48,0.008200557757734145,0.008200557757734145,False,False,0.00996100519930676,1.1,-6.7,2026-01-18 19:00:00+00:00,44.0,2026-01-18 22:00:00,2026-01-19T00:00:00+05:00,7818d45b029bf67e1b09a0605db80091d630a802ab0e63c32e436c24d70c020b,gfs_seamless,False,0.01,0.7966666666666667,-5.581666666666667,0.001799442242265855
turbine_1,2026-01-20 16:00:00+00:00,48,0.008449272306020892,0.008449272306020892,False,False,0.01103499627699181,1.72,-7.5,2026-01-18 19:00:00+00:00,45.0,2026-01-18 22:00:00,2026-01-19T00:00:00+05:00,7818d45b029bf67e1b09a0605db80091d630a802ab0e63c32e436c24d70c020b,gfs_seamless,False,0.01,2.0616666666666665,-5.541666666666667,0.0015507276939791086
turbine_1,2026-01-20 17:00:00+00:00,48,0.009382309098792946,0.009382309098792946,False,False,0.016068064418109998,2.19,-7.7,2026-01-18 19:00:00+00:00,46.0,2026-01-18 22:00:00,2026-01-19T00:00:00+05:00,7818d45b029bf67e1b09a0605db80091d630a802ab0e63c32e436c24d70c020b,gfs_seamless,False,0.041666666666666664,4.476666666666667,-5.826666666666667,0.03228435756787372
turbine_1,2026-01-20 18:00:00+00:00,48,0.17470584512629633,0.17470584512629633,False,False,0.25702568593111497,6.07,-8.0,2026-01-18 19:00:00+00:00,47.0,2026-01-18 22:00:00,2026-01-19T00:00:00+05:00,7818d45b029bf67e1b09a0605db80091d630a802ab0e63c32e436c24d70c020b,gfs_seamless,False,0.18333333333333335,6.405,-6.6883333333333335,0.008627488207037015
turbine_1,2026-01-20 19:00:00+00:00,48,0.5281877968729605,0.5281877968729605,False,False,0.5477251184834123,8.28,-8.1,2026-01-18 19:00:00+00:00,48.0,2026-01-18 22:00:00,2026-01-19T00:00:00+05:00,7818d45b029bf67e1b09a0605db80091d630a802ab0e63c32e436c24d70c020b,gfs_seamless,False,0.2733333333333333,6.823333333333333,-9.555,0.25485446353962715
turbine_2,2026-01-18 20:00:00+00:00,24,0.7229090956615916,0.7229090956615916,False,False,0.752911143838979,9.52,-9.6,2026-01-18 19:00:00+00:00,1.0,2026-01-18 22:00:00,2026-01-19T00:00:00+05:00,c4e76c2e75af914c0526bab830e8dc21eee6bf9c6cd66b2c9a5fd73b85c1dd8d,gfs_seamless,False,0.505,7.84,-13.893333333333333,0.21790909566159156
turbine_2,2026-01-18 21:00:00+00:00,24,0.8919005208315235,0.8919005208315235,False,False,0.8245056689342404,10.44,-9.5,2026-01-18 19:00:00+00:00,2.0,2026-01-18 22:00:00,2026-01-19T00:00:00+05:00,c4e76c2e75af914c0526bab830e8dc21eee6bf9c6cd66b2c9a5fd73b85c1dd8d,gfs_seamless,False,0.5033333333333333,7.878333333333334,-13.901666666666666,0.3885671874981902
turbine_2,2026-01-18 22:00:00+00:00,24,0.9435841068974161,0.9435841068974161,False,False,0.9253557617942768,11.22,-10.0,2026-01-18 19:00:00+00:00,3.0,2026-01-18 22:00:00,2026-01-19T00:00:00+05:00,c4e76c2e75af914c0526bab830e8dc21eee6bf9c6cd66b2c9a5fd73b85c1dd8d,gfs_seamless,False,0.36999999999999994,7.321666666666666,-13.991666666666667,0.5735841068974161
turbine_2,2026-01-18 23:00:00+00:00,24,0.9752488326922053,0.9752488326922053,False,False,0.9521731601731601,11.52,-10.2,2026-01-18 19:00:00+00:00,4.0,2026-01-18 22:00:00,2026-01-19T00:00:00+05:00,c4e76c2e75af914c0526bab830e8dc21eee6bf9c6cd66b2c9a5fd73b85c1dd8d,gfs_seamless,False,0.345,7.21,-14.575000000000001,0.6302488326922053
turbine_2,2026-01-19 00:00:00+00:00,24,0.977983604427505,0.977983604427505,False,False,0.9253557617942768,11.49,-11.5,2026-01-18 19:00:00+00:00,5.0,2026-01-18 22:00:00,2026-01-19T00:00:00+05:00,c4e76c2e75af914c0526bab830e8dc21eee6bf9c6cd66b2c9a5fd73b85c1dd8d,gfs_seamless,False,0.5033333333333333,7.991666666666667,-15.729999999999999,0.4746502710941717
turbine_2,2026-01-19 01:00:00+00:00,24,0.9788979791472638,0.9788979791472638,False,False,0.9521731601731601,11.58,-11.5,2026-01-18 19:00:00+00:00,6.0,2026-01-18 22:00:00,2026-01-19T00:00:00+05:00,c4e76c2e75af914c0526bab830e8dc21eee6bf9c6cd66b2c9a5fd73b85c1dd8d,gfs_seamless,False,0.33666666666666667,7.308333333333334,-16.46,0.6422313124805972
turbine_2,2026-01-19 02:00:00+00:00,24,0.9834149983870867,0.9834149983870867,False,False,0.9521731601731601,11.68,-11.5,2026-01-18 19:00:00+00:00,7.0,2026-01-18 22:00:00,2026-01-19T00:00:00+05:00,c4e76c2e75af914c0526bab830e8dc21eee6bf9c6cd66b2c9a5fd73b85c1dd8d,gfs_seamless,False,0.13666666666666666,5.666666666666667,-16.13,0.8467483317204201
turbine_2,2026-01-19 03:00:00+00:00,24,0.9768831298608999,0.9768831298608999,False,False,0.9253557617942768,11.37,-10.9,2026-01-18 19:00:00+00:00,8.0,2026-01-18 22:00:00,2026-01-19T00:00:00+05:00,c4e76c2e75af914c0526bab830e8dc21eee6bf9c6cd66b2c9a5fd73b85c1dd8d,gfs_seamless,False,0.21333333333333335,6.211666666666667,-15.07,0.7635497965275665
turbine_2,2026-01-19 04:00:00+00:00,24,0.9328279483124312,0.9328279483124312,False,False,0.8847668711656442,10.88,-8.9,2026-01-18 19:00:00+00:00,9.0,2026-01-18 22:00:00,2026-01-19T00:00:00+05:00,c4e76c2e75af914c0526bab830e8dc21eee6bf9c6cd66b2c9a5fd73b85c1dd8d,gfs_seamless,False,0.3116666666666667,7.123333333333334,-13.46,0.6211612816457646
turbine_2,2026-01-19 05:00:00+00:00,24,0.8458003545452532,0.8458003545452532,False,False,0.9253557617942768,11.08,-6.8,2026-01-18 19:00:00+00:00,10.0,2026-01-18 22:00:00,2026-01-19T00:00:00+05:00,c4e76c2e75af914c0526bab830e8dc21eee6bf9c6cd66b2c9a5fd73b85c1dd8d,gfs_seamless,False,0.22666666666666668,6.805,-11.428333333333333,0.6191336878785865
turbine_2,2026-01-19 06:00:00+00:00,24,0.9219767850260444,0.9219767850260444,False,False,0.9572317351598173,12.13,-4.9,2026-01-18 19:00:00+00:00,11.0,2026-01-18 22:00:00,2026-01-19T00:00:00+05:00,c4e76c2e75af914c0526bab830e8dc21eee6bf9c6cd66b2c9a5fd73b85c1dd8d,gfs_seamless,False,0.3016666666666667,7.233333333333333,-8.808333333333334,0.6203101183593778
turbine_2,2026-01-19 07:00:00+00:00,24,0.9887045458719214,0.9887045458719214,False,False,0.9629209270620314,12.71,-3.7,2026-01-18 19:00:00+00:00,12.0,2026-01-18 22:00:00,2026-01-19T00:00:00+05:00,c4e76c2e75af914c0526bab830e8dc21eee6bf9c6cd66b2c9a5fd73b85c1dd8d,gfs_seamless,False,0.3333333333333333,7.418333333333333,-6.541666666666667,0.655371212538588
turbine_2,2026-01-19 08:00:00+00:00,24,0.9907049809947834,0.9907049809947834,False,False,0.9572317351598173,12.34,-3.0,2026-01-18 19:00:00+00:00,13.0,2026-01-18 22:00:00,2026-01-19T00:00:00+05:00,c4e76c2e75af914c0526bab830e8dc21eee6bf9c6cd66b2c9a5fd73b85c1dd8d,gfs_seamless,False,0.2916666666666667,7.136666666666667,-4.558333333333334,0.6990383143281167
turbine_2,2026-01-19 09:00:00+00:00,24,0.9596796388916752,0.9596796388916752,False,False,0.9521731601731601,11.76,-2.9,2026-01-18 19:00:00+00:00,14.0,2026-01-18 22:00:00,2026-01-19T00:00:00+05:00,c4e76c2e75af914c0526bab830e8dc21eee6bf9c6cd66b2c9a5fd73b85c1dd8d,gfs_seamless,False,0.305,7.2316666666666665,-3.23,0.6546796388916751
turbine_2,2026-01-19 10:00:00+00:00,24,0.936338804028779,0.936338804028779,False,False,0.9253557617942768,11.13,-3.6,2026-01-18 19:00:00+00:00,15.0,2026-01-18 22:00:00,2026-01-19T00:00:00+05:00,c4e76c2e75af914c0526bab830e8dc21eee6bf9c6cd66b2c9a5fd73b85c1dd8d,gfs_seamless,False,0.27999999999999997,7.1866666666666665,-2.9133333333333336,0.656338804028779
turbine_2,2026-01-19 11:00:00+00:00,24,0.8652912394658453,0.8652912394658453,False,False,0.8847668711656442,10.74,-5.2,2026-01-18 19:00:00+00:00,16.0,2026-01-18 22:00:00,2026-01-19T00:00:00+05:00,c4e76c2e75af914c0526bab830e8dc21eee6bf9c6cd66b2c9a5fd73b85c1dd8d,gfs_seamless,False,0.16833333333333333,6.43,-3.313333333333334,0.696957906132512
turbine_2,2026-01-19 12:00:00+00:00,24,0.794946091132839,0.794946091132839,False,False,0.8245056689342404,10.19,-7.0,2026-01-18 19:00:00+00:00,17.0,2026-01-18 22:00:00,2026-01-19T00:00:00+05:00,c4e76c2e75af914c0526bab830e8dc21eee6bf9c6cd66b2c9a5fd73b85c1dd8d,gfs_seamless,False,0.30666666666666664,7.185,-5.345,0.48827942446617234
turbine_2,2026-01-19 13:00:00+00:00,24,0.715706738175018,0.715706738175018,False,False,0.674822695035461,9.23,-8.1,2026-01-18 19:00:00+00:00,18.0,2026-01-18 22:00:00,2026-01-19T00:00:00+05:00,c4e76c2e75af914c0526bab830e8dc21eee6bf9c6cd66b2c9a5fd73b85c1dd8d,gfs_seamless,False,0.4816666666666667,7.756666666666667,-6.324999999999999,0.23404007150835127
turbine_2,2026-01-19 14:00:00+00:00,24,0.6240629654418611,0.6240629654418611,False,False,0.615759009009009,8.82,-8.3,2026-01-18 19:00:00+00:00,19.0,2026-01-18 22:00:00,2026-01-19T00:00:00+05:00,c4e76c2e75af914c0526bab830e8dc21eee6bf9c6cd66b2c9a5fd73b85c1dd8d,gfs_seamless,False,0.295,6.796666666666667,-6.48,0.32906296544186114
turbine_2,2026-01-19 15:00:00+00:00,24,0.6240629654418611,0.6240629654418611,False,False,0.615759009009009,8.86,-8.2,2026-01-18 19:00:00+00:00,20.0,2026-01-18 22:00:00,2026-01-19T00:00:00+05:00,c4e76c2e75af914c0526bab830e8dc21eee6bf9c6cd66b2c9a5fd73b85c1dd8d,gfs_seamless,False,0.24833333333333332,6.375,-6.413333333333333,0.37572963210852783
turbine_2,2026-01-19 16:00:00+00:00,24,0.7106929204819703,0.7106929204819703,False,False,0.674822695035461,9.17,-8.1,2026-01-18 19:00:00+00:00,21.0,2026-01-18 22:00:00,2026-01-19T00:00:00+05:00,c4e76c2e75af914c0526bab830e8dc21eee6bf9c6cd66b2c9a5fd73b85c1dd8d,gfs_seamless,False,0.018333333333333333,2.9716666666666662,-7.1933333333333325,0.692359587148637
turbine_2,2026-01-19 17:00:00+00:00,24,0.7475917287859921,0.7475917287859921,False,False,0.674822695035461,9.48,-8.1,2026-01-18 19:00:00+00:00,22.0,2026-01-18 22:00:00,2026-01-19T00:00:00+05:00,c4e76c2e75af914c0526bab830e8dc21eee6bf9c6cd66b2c9a5fd73b85c1dd8d,gfs_seamless,False,0.06,5.235,-8.383333333333333,0.6875917287859921
turbine_2,2026-01-19 18:00:00+00:00,24,0.5673241541106733,0.5673241541106733,False,False,0.615759009009009,8.86,-7.4,2026-01-18 19:00:00+00:00,23.0,2026-01-18 22:00:00,2026-01-19T00:00:00+05:00,c4e76c2e75af914c0526bab830e8dc21eee6bf9c6cd66b2c9a5fd73b85c1dd8d,gfs_seamless,False,0.02,3.171666666666667,-8.723333333333334,0.5473241541106733
turbine_2,2026-01-19 19:00:00+00:00,24,0.6240629654418611,0.6240629654418611,False,False,0.615759009009009,8.81,-7.7,2026-01-18 19:00:00+00:00,24.0,2026-01-18 22:00:00,2026-01-19T00:00:00+05:00,c4e76c2e75af914c0526bab830e8dc21eee6bf9c6cd66b2c9a5fd73b85c1dd8d,gfs_seamless,False,0.01,2.17,-10.635,0.6140629654418611
turbine_2,2026-01-19 20:00:00+00:00,48,0.7485255173974669,0.7485255173974669,False,False,0.752911143838979,9.8,-6.5,2026-01-18 19:00:00+00:00,25.0,2026-01-18 22:00:00,2026-01-19T00:00:00+05:00,c4e76c2e75af914c0526bab830e8dc21eee6bf9c6cd66b2c9a5fd73b85c1dd8d,gfs_seamless,False,0.01,1.2,-10.455,0.7385255173974669
turbine_2,2026-01-19 21:00:00+00:00,48,0.7724964207939862,0.7724964207939862,False,False,0.752911143838979,9.85,-6.6,2026-01-18 19:00:00+00:00,26.0,2026-01-18 22:00:00,2026-01-19T00:00:00+05:00,c4e76c2e75af914c0526bab830e8dc21eee6bf9c6cd66b2c9a5fd73b85c1dd8d,gfs_seamless,False,0.008333333333333333,2.2833333333333337,-11.096666666666666,0.7641630874606529
turbine_2,2026-01-19 22:00:00+00:00,48,0.7280328736813398,0.7280328736813398,False,False,0.752911143838979,9.89,-7.2,2026-01-18 19:00:00+00:00,27.0,2026-01-18 22:00:00,2026-01-19T00:00:00+05:00,c4e76c2e75af914c0526bab830e8dc21eee6bf9c6cd66b2c9a5fd73b85c1dd8d,gfs_seamless,False,0.01,1.0233333333333332,-10.978333333333333,0.7180328736813398
turbine_2,2026-01-19 23:00:00+00:00,48,0.8093205144948372,0.8093205144948372,False,False,0.752911143838979,9.75,-7.6,2026-01-18 19:00:00+00:00,28.0,2026-01-18 22:00:00,2026-01-19T00:00:00+05:00,c4e76c2e75af914c0526bab830e8dc21eee6bf9c6cd66b2c9a5fd73b85c1dd8d,gfs_seamless,False,0.011666666666666667,1.6716666666666666,-11.271666666666667,0.7976538478281705
turbine_2,2026-01-20 00:00:00+00:00,48,0.808608784766956,0.808608784766956,False,False,0.752911143838979,9.84,-9.4,2026-01-18 19:00:00+00:00,29.0,2026-01-18 22:00:00,2026-01-19T00:00:00+05:00,c4e76c2e75af914c0526bab830e8dc21eee6bf9c6cd66b2c9a5fd73b85c1dd8d,gfs_seamless,False,0.075,4.998333333333334,-11.533333333333333,0.733608784766956
turbine_2,2026-01-20 01:00:00+00:00,48,0.7835110146111196,0.7835110146111196,False,False,0.752911143838979,9.66,-9.5,2026-01-18 19:00:00+00:00,30.0,2026-01-18 22:00:00,2026-01-19T00:00:00+05:00,c4e76c2e75af914c0526bab830e8dc21eee6bf9c6cd66b2c9a5fd73b85c1dd8d,gfs_seamless,False,0.02,2.538333333333333,-11.128333333333332,0.7635110146111196
turbine_2,2026-01-20 02:00:00+00:00,48,0.6969761455952196,0.6969761455952196,False,False,0.674822695035461,9.31,-9.9,2026-01-18 19:00:00+00:00,31.0,2026-01-18 22:00:00,2026-01-19T00:00:00+05:00,c4e76c2e75af914c0526bab830e8dc21eee6bf9c6cd66b2c9a5fd73b85c1dd8d,gfs_seamless,False,0.01,1.2666666666666666,-11.245,0.6869761455952196
turbine_2,2026-01-20 03:00:00+00:00,48,0.5903953061987992,0.5903953061987992,False,False,0.615759009009009,8.5,-9.1,2026-01-18 19:00:00+00:00,32.0,2026-01-18 22:00:00,2026-01-19T00:00:00+05:00,c4e76c2e75af914c0526bab830e8dc21eee6bf9c6cd66b2c9a5fd73b85c1dd8d,gfs_seamless,False,0.008333333333333333,3.0666666666666664,-10.486666666666666,0.5820619728654659
turbine_2,2026-01-20 04:00:00+00:00,48,0.3167510242346527,0.3167510242346527,False,False,0.38858517805582293,7.08,-7.1,2026-01-18 19:00:00+00:00,33.0,2026-01-18 22:00:00,2026-01-19T00:00:00+05:00,c4e76c2e75af914c0526bab830e8dc21eee6bf9c6cd66b2c9a5fd73b85c1dd8d,gfs_seamless,False,0.008333333333333333,1.9433333333333334,-10.631666666666666,0.3084176909013193
turbine_2,2026-01-20 05:00:00+00:00,48,0.1895728887525276,0.1895728887525276,False,False,0.24662468513853905,6.18,-5.9,2026-01-18 19:00:00+00:00,34.0,2026-01-18 22:00:00,2026-01-19T00:00:00+05:00,c4e76c2e75af914c0526bab830e8dc21eee6bf9c6cd66b2c9a5fd73b85c1dd8d,gfs_seamless,False,0.02,2.9116666666666666,-10.101666666666667,0.1695728887525276
turbine_2,2026-01-20 06:00:00+00:00,48,0.1704665938071658,0.1704665938071658,False,False,0.24662468513853905,6.08,-4.9,2026-01-18 19:00:00+00:00,35.0,2026-01-18 22:00:00,2026-01-19T00:00:00+05:00,c4e76c2e75af914c0526bab830e8dc21eee6bf9c6cd66b2c9a5fd73b85c1dd8d,gfs_seamless,False,0.06,5.1433333333333335,-7.095,0.11046659380716581
turbine_2,2026-01-20 07:00:00+00:00,48,0.15049124307412232,0.15049124307412232,False,False,0.18846410461702698,5.89,-4.4,2026-01-18 19:00:00+00:00,36.0,2026-01-18 22:00:00,2026-01-19T00:00:00+05:00,c4e76c2e75af914c0526bab830e8dc21eee6bf9c6cd66b2c9a5fd73b85c1dd8d,gfs_seamless,False,0.011666666666666667,3.763333333333333,-4.22,0.13882457640745566
turbine_2,2026-01-20 08:00:00+00:00,48,0.03605136802990846,0.03605136802990846,False,False,0.10521004566210046,4.59,-3.7,2026-01-18 19:00:00+00:00,37.0,2026-01-18 22:00:00,2026-01-19T00:00:00+05:00,c4e76c2e75af914c0526bab830e8dc21eee6bf9c6cd66b2c9a5fd73b85c1dd8d,gfs_seamless,False,0.03333333333333333,4.405,-2.5016666666666665,0.002718034696575125
turbine_2,2026-01-20 09:00:00+00:00,48,0.017394591671952134,0.017394591671952134,False,False,0.037259259259259256,3.44,-3.4,2026-01-18 19:00:00+00:00,38.0,2026-01-18 22:00:00,2026-01-19T00:00:00+05:00,c4e76c2e75af914c0526bab830e8dc21eee6bf9c6cd66b2c9a5fd73b85c1dd8d,gfs_seamless,False,0.08333333333333333,5.266666666666667,-1.51,0.0659387416613812
turbine_2,2026-01-20 10:00:00+00:00,48,0.008652905039680497,0.008652905039680497,False,False,0.009930875576036866,0.94,-3.6,2026-01-18 19:00:00+00:00,39.0,2026-01-18 22:00:00,2026-01-19T00:00:00+05:00,c4e76c2e75af914c0526bab830e8dc21eee6bf9c6cd66b2c9a5fd73b85c1dd8d,gfs_seamless,False,0.04,4.58,-1.5583333333333333,0.0313470949603195
turbine_2,2026-01-20 11:00:00+00:00,48,0.009649967903961417,0.009649967903961417,False,False,0.014638623879734027,2.34,-4.2,2026-01-18 19:00:00+00:00,40.0,2026-01-18 22:00:00,2026-01-19T00:00:00+05:00,c4e76c2e75af914c0526bab830e8dc21eee6bf9c6cd66b2c9a5fd73b85c1dd8d,gfs_seamless,False,0.016666666666666666,3.025,-1.74,0.00701669876270525
turbine_2,2026-01-20 12:00:00+00:00,48,0.00847940783538316,0.00847940783538316,False,False,0.009707602339181288,1.26,-6.1,2026-01-18 19:00:00+00:00,41.0,2026-01-18 22:00:00,2026-01-19T00:00:00+05:00,c4e76c2e75af914c0526bab830e8dc21eee6bf9c6cd66b2c9a5fd73b85c1dd8d,gfs_seamless,False,0.008333333333333333,2.215,-3.19,0.00014607450204982657
turbine_2,2026-01-20 13:00:00+00:00,48,0.00847940783538316,0.00847940783538316,False,False,0.009930875576036866,0.78,-5.3,2026-01-18 19:00:00+00:00,42.0,2026-01-18 22:00:00,2026-01-19T00:00:00+05:00,c4e76c2e75af914c0526bab830e8dc21eee6bf9c6cd66b2c9a5fd73b85c1dd8d,gfs_seamless,False,0.01,1.125,-5.053333333333334,0.0015205921646168404
turbine_2,2026-01-20 14:00:00+00:00,48,0.00847940783538316,0.00847940783538316,False,False,0.009930875576036866,0.61,-5.1,2026-01-18 19:00:00+00:00,43.0,2026-01-18 22:00:00,2026-01-19T00:00:00+05:00,c4e76c2e75af914c0526bab830e8dc21eee6bf9c6cd66b2c9a5fd73b85c1dd8d,gfs_seamless,False,0.01,0.52,-5.736666666666667,0.0015205921646168404
turbine_2,2026-01-20 15:00:00+00:00,48,0.008330982404121967,0.008330982404121967,False,False,0.009707602339181288,1.1,-6.7,2026-01-18 19:00:00+00:00,44.0,2026-01-18 22:00:00,2026-01-19T00:00:00+05:00,c4e76c2e75af914c0526bab830e8dc21eee6bf9c6cd66b2c9a5fd73b85c1dd8d,gfs_seamless,False,0.01,0.6066666666666666,-5.84,0.0016690175958780328
turbine_2,2026-01-20 16:00:00+00:00,48,0.007663436314254289,0.007663436314254289,False,False,0.010131072631072631,1.72,-7.5,2026-01-18 19:00:00+00:00,45.0,2026-01-18 22:00:00,2026-01-19T00:00:00+05:00,c4e76c2e75af914c0526bab830e8dc21eee6bf9c6cd66b2c9a5fd73b85c1dd8d,gfs_seamless,False,0.01,1.3383333333333336,-5.671666666666667,0.002336563685745711
turbine_2,2026-01-20 17:00:00+00:00,48,0.008210573835553958,0.008210573835553958,False,False,0.014638623879734027,2.19,-7.7,2026-01-18 19:00:00+00:00,46.0,2026-01-18 22:00:00,2026-01-19T00:00:00+05:00,c4e76c2e75af914c0526bab830e8dc21eee6bf9c6cd66b2c9a5fd73b85c1dd8d,gfs_seamless,False,0.034999999999999996,4.6033333333333335,-6.066666666666666,0.026789426164446038
turbine_2,2026-01-20 18:00:00+00:00,48,0.16810551818945907,0.16810551818945907,False,False,0.24662468513853905,6.07,-8.0,2026-01-18 19:00:00+00:00,47.0,2026-01-18 22:00:00,2026-01-19T00:00:00+05:00,c4e76c2e75af914c0526bab830e8dc21eee6bf9c6cd66b2c9a5fd73b85c1dd8d,gfs_seamless,False,0.16,6.285,-6.953333333333333,0.008105518189459066
turbine_2,2026-01-20 19:00:00+00:00,48,0.5535600930867812,0.5535600930867812,False,False,0.5336827956989247,8.28,-8.1,2026-01-18 19:00:00+00:00,48.0,2026-01-18 22:00:00,2026-01-19T00:00:00+05:00,c4e76c2e75af914c0526bab830e8dc21eee6bf9c6cd66b2c9a5fd73b85c1dd8d,gfs_seamless,False,0.26333333333333336,6.88,-9.61,0.29022675975344786
turbine_1,2026-01-19 20:00:00+00:00,24,0.6792645396708118,0.6792645396708118,False,False,0.69498998998999,9.35,-7.8,2026-01-19 19:00:00+00:00,1.0,2026-01-19 22:00:00,2026-01-20T00:00:00+05:00,5f2563ddc50b3323d91d15653d458e138ac0b61fe55bd412270214bf41532cc6,gfs_seamless,False,0.01,1.3716666666666668,-10.133333333333333,0.6692645396708118
turbine_1,2026-01-19 21:00:00+00:00,24,0.8272475258359389,0.8272475258359389,False,False,0.7643122858541361,9.66,-8.1,2026-01-19 19:00:00+00:00,2.0,2026-01-19 22:00:00,2026-01-20T00:00:00+05:00,5f2563ddc50b3323d91d15653d458e138ac0b61fe55bd412270214bf41532cc6,gfs_seamless,False,0.01,2.183333333333333,-10.748333333333333,0.8172475258359388
turbine_1,2026-01-19 22:00:00+00:00,24,0.8257312743225109,0.8257312743225109,False,False,0.7643122858541361,9.58,-8.3,2026-01-19 19:00:00+00:00,3.0,2026-01-19 22:00:00,2026-01-20T00:00:00+05:00,5f2563ddc50b3323d91d15653d458e138ac0b61fe55bd412270214bf41532cc6,gfs_seamless,False,0.01,0.9833333333333333,-10.776666666666666,0.8157312743225109
turbine_1,2026-01-19 23:00:00+00:00,24,0.8316556563356912,0.8316556563356912,False,False,0.7643122858541361,9.71,-8.4,2026-01-19 19:00:00+00:00,4.0,2026-01-19 22:00:00,2026-01-20T00:00:00+05:00,5f2563ddc50b3323d91d15653d458e138ac0b61fe55bd412270214bf41532cc6,gfs_seamless,False,0.013333333333333334,1.7833333333333332,-10.923333333333334,0.8183223230023579
turbine_1,2026-01-20 00:00:00+00:00,24,0.8145904041040548,0.8145904041040548,False,False,0.7643122858541361,9.75,-10.5,2026-01-19 19:00:00+00:00,5.0,2026-01-19 22:00:00,2026-01-20T00:00:00+05:00,5f2563ddc50b3323d91d15653d458e138ac0b61fe55bd412270214bf41532cc6,gfs_seamless,False,0.10833333333333334,5.308333333333334,-11.270000000000001,0.7062570707707214
turbine_1,2026-01-20 01:00:00+00:00,24,0.7003073291154028,0.7003073291154028,False,False,0.69498998998999,9.17,-11.6,2026-01-19 19:00:00+00:00,6.0,2026-01-19 22:00:00,2026-01-20T00:00:00+05:00,5f2563ddc50b3323d91d15653d458e138ac0b61fe55bd412270214bf41532cc6,gfs_seamless,False,0.034999999999999996,3.035,-10.863333333333332,0.6653073291154028
turbine_1,2026-01-20 02:00:00+00:00,24,0.4903412531943908,0.4903412531943908,False,False,0.5477100591715977,8.27,-11.1,2026-01-19 19:00:00+00:00,7.0,2026-01-19 22:00:00,2026-01-20T00:00:00+05:00,5f2563ddc50b3323d91d15653d458e138ac0b61fe55bd412270214bf41532cc6,gfs_seamless,False,0.01,1.2183333333333335,-10.876666666666667,0.4803412531943908
turbine_1,2026-01-20 03:00:00+00:00,24,0.3950374451545156,0.3950374451545156,False,False,0.47559337797619045,7.61,-10.0,2026-01-19 19:00:00+00:00,8.0,2026-01-19 22:00:00,2026-01-20T00:00:00+05:00,5f2563ddc50b3323d91d15653d458e138ac0b61fe55bd412270214bf41532cc6,gfs_seamless,False,0.01,2.266666666666667,-10.020000000000001,0.3850374451545156
turbine_1,2026-01-20 04:00:00+00:00,24,0.3204671621785618,0.3204671621785618,False,False,0.3249925661611656,6.93,-8.6,2026-01-19 19:00:00+00:00,9.0,2026-01-19 22:00:00,2026-01-20T00:00:00+05:00,5f2563ddc50b3323d91d15653d458e138ac0b61fe55bd412270214bf41532cc6,gfs_seamless,False,0.01,1.6533333333333333,-9.971666666666666,0.3104671621785618
turbine_1,2026-01-20 05:00:00+00:00,24,0.07348867341121809,0.07348867341121809,False,False,0.11165196078431373,4.93,-7.9,2026-01-19 19:00:00+00:00,10.0,2026-01-19 22:00:00,2026-01-20T00:00:00+05:00,5f2563ddc50b3323d91d15653d458e138ac0b61fe55bd412270214bf41532cc6,gfs_seamless,False,0.018333333333333333,2.905,-9.44,0.05515534007788476
turbine_1,2026-01-20 06:00:00+00:00,24,0.008403691540101574,0.008403691540101574,False,False,0.016068064418109998,2.1,-6.5,2026-01-19 19:00:00+00:00,11.0,2026-01-19 22:00:00,2026-01-20T00:00:00+05:00,5f2563ddc50b3323d91d15653d458e138ac0b61fe55bd412270214bf41532cc6,gfs_seamless,False,0.051666666666666666,4.8950000000000005,-6.9750000000000005,0.043262975126565094
turbine_1,2026-01-20 07:00:00+00:00,24,0.008718949596806472,0.008718949596806472,False,False,0.01103499627699181,1.55,-5.4,2026-01-19 19:00:00+00:00,12.0,2026-01-19 22:00:00,2026-01-20T00:00:00+05:00,5f2563ddc50b3323d91d15653d458e138ac0b61fe55bd412270214bf41532cc6,gfs_seamless,False,0.018333333333333333,3.9683333333333333,-3.985,0.009614383736526861
turbine_1,2026-01-20 08:00:00+00:00,24,0.00868760130576123,0.00868760130576123,False,False,0.009988980716253445,0.51,-4.3,2026-01-19 19:00:00+00:00,13.0,2026-01-19 22:00:00,2026-01-20T00:00:00+05:00,5f2563ddc50b3323d91d15653d458e138ac0b61fe55bd412270214bf41532cc6,gfs_seamless,False,0.03,4.126666666666666,-2.2483333333333335,0.021312398694238767
turbine_1,2026-01-20 09:00:00+00:00,24,0.00846477811413417,0.00846477811413417,False,False,0.01,0.36,-4.0,2026-01-19 19:00:00+00:00,14.0,2026-01-19 22:00:00,2026-01-20T00:00:00+05:00,5f2563ddc50b3323d91d15653d458e138ac0b61fe55bd412270214bf41532cc6,gfs_seamless,False,0.09333333333333334,5.183333333333334,-1.125,0.08486855521919917
turbine_1,2026-01-20 10:00:00+00:00,24,0.00868760130576123,0.00868760130576123,False,False,0.009988980716253445,0.94,-4.2,2026-01-19 19:00:00+00:00,15.0,2026-01-19 22:00:00,2026-01-20T00:00:00+05:00,5f2563ddc50b3323d91d15653d458e138ac0b61fe55bd412270214bf41532cc6,gfs_seamless,False,0.034999999999999996,4.413333333333333,-1.7266666666666666,0.026312398694238764
turbine_1,2026-01-20 11:00:00+00:00,24,0.008140273400317595,0.008140273400317595,False,False,0.009988980716253445,0.73,-6.8,2026-01-19 19:00:00+00:00,16.0,2026-01-19 22:00:00,2026-01-20T00:00:00+05:00,5f2563ddc50b3323d91d15653d458e138ac0b61fe55bd412270214bf41532cc6,gfs_seamless,False,0.013333333333333334,2.8466666666666662,-1.4933333333333332,0.005193059933015739
turbine_1,2026-01-20 12:00:00+00:00,24,0.007226241779014409,0.007226241779014409,False,False,0.01,0.45,-9.0,2026-01-19 19:00:00+00:00,17.0,2026-01-19 22:00:00,2026-01-20T00:00:00+05:00,5f2563ddc50b3323d91d15653d458e138ac0b61fe55bd412270214bf41532cc6,gfs_seamless,False,0.01,2.5683333333333334,-3.013333333333333,0.0027737582209855912
turbine_1,2026-01-20 13:00:00+00:00,24,0.007731506447138198,0.007731506447138198,False,False,0.01,0.45,-9.8,2026-01-19 19:00:00+00:00,18.0,2026-01-19 22:00:00,2026-01-20T00:00:00+05:00,5f2563ddc50b3323d91d15653d458e138ac0b61fe55bd412270214bf41532cc6,gfs_seamless,False,0.01,1.7316666666666667,-4.575,0.0022684935528618022
turbine_1,2026-01-20 14:00:00+00:00,24,0.007731506447138198,0.007731506447138198,False,False,0.01103499627699181,1.53,-10.1,2026-01-19 19:00:00+00:00,19.0,2026-01-19 22:00:00,2026-01-20T00:00:00+05:00,5f2563ddc50b3323d91d15653d458e138ac0b61fe55bd412270214bf41532cc6,gfs_seamless,False,0.01,0.9583333333333334,-5.348333333333334,0.0022684935528618022
turbine_1,2026-01-20 15:00:00+00:00,24,0.015308151618189863,0.015308151618189863,False,False,0.04027363184079603,3.13,-10.3,2026-01-19 19:00:00+00:00,20.0,2026-01-19 22:00:00,2026-01-20T00:00:00+05:00,5f2563ddc50b3323d91d15653d458e138ac0b61fe55bd412270214bf41532cc6,gfs_seamless,False,0.01,0.7966666666666667,-5.581666666666667,0.005308151618189863
turbine_1,2026-01-20 16:00:00+00:00,24,0.06540833498483788,0.06540833498483788,False,False,0.1489730322985262,5.24,-10.6,2026-01-19 19:00:00+00:00,21.0,2026-01-19 22:00:00,2026-01-20T00:00:00+05:00,5f2563ddc50b3323d91d15653d458e138ac0b61fe55bd412270214bf41532cc6,gfs_seamless,False,0.01,2.0616666666666665,-5.541666666666667,0.055408334984837875
turbine_1,2026-01-20 17:00:00+00:00,24,0.3101307940774554,0.3101307940774554,False,False,0.3249925661611656,6.99,-10.6,2026-01-19 19:00:00+00:00,22.0,2026-01-19 22:00:00,2026-01-20T00:00:00+05:00,5f2563ddc50b3323d91d15653d458e138ac0b61fe55bd412270214bf41532cc6,gfs_seamless,False,0.041666666666666664,4.476666666666667,-5.826666666666667,0.26846412741078873
turbine_1,2026-01-20 18:00:00+00:00,24,0.6959779699027782,0.6959779699027782,False,False,0.69498998998999,9.22,-10.7,2026-01-19 19:00:00+00:00,23.0,2026-01-19 22:00:00,2026-01-20T00:00:00+05:00,5f2563ddc50b3323d91d15653d458e138ac0b61fe55bd412270214bf41532cc6,gfs_seamless,False,0.18333333333333335,6.405,-6.6883333333333335,0.5126446365694448
turbine_1,2026-01-20 19:00:00+00:00,24,0.9089224356715535,0.9089224356715535,False,False,0.8930562448304383,10.69,-11.0,2026-01-19 19:00:00+00:00,24.0,2026-01-19 22:00:00,2026-01-20T00:00:00+05:00,5f2563ddc50b3323d91d15653d458e138ac0b61fe55bd412270214bf41532cc6,gfs_seamless,False,0.2733333333333333,6.823333333333333,-9.555,0.6355891023382202
turbine_1,2026-01-20 20:00:00+00:00,48,0.8675487943177977,0.8675487943177977,False,False,0.8303311258278145,10.02,-8.4,2026-01-19 19:00:00+00:00,25.0,2026-01-19 22:00:00,2026-01-20T00:00:00+05:00,5f2563ddc50b3323d91d15653d458e138ac0b61fe55bd412270214bf41532cc6,gfs_seamless,False,0.26,6.716666666666666,-11.618333333333334,0.6075487943177977
turbine_1,2026-01-20 21:00:00+00:00,48,0.9189323339618766,0.9189323339618766,False,False,0.8930562448304383,10.73,-8.5,2026-01-19 19:00:00+00:00,26.0,2026-01-19 22:00:00,2026-01-20T00:00:00+05:00,5f2563ddc50b3323d91d15653d458e138ac0b61fe55bd412270214bf41532cc6,gfs_seamless,False,0.39166666666666666,7.266666666666667,-12.131666666666666,0.5272656672952098
turbine_1,2026-01-20 22:00:00+00:00,48,0.9865395271068549,0.9865395271068549,False,False,0.9601641239019879,11.64,-8.7,2026-01-19 19:00:00+00:00,27.0,2026-01-19 22:00:00,2026-01-20T00:00:00+05:00,5f2563ddc50b3323d91d15653d458e138ac0b61fe55bd412270214bf41532cc6,gfs_seamless,False,0.6733333333333333,8.885,-12.128333333333332,0.31320619377352155
turbine_1,2026-01-20 23:00:00+00:00,48,0.9978746911571555,0.9978746911571555,False,False,0.9670130869899922,12.59,-8.8,2026-01-19 19:00:00+00:00,28.0,2026-01-19 22:00:00,2026-01-20T00:00:00+05:00,5f2563ddc50b3323d91d15653d458e138ac0b61fe55bd412270214bf41532cc6,gfs_seamless,False,0.8016666666666667,9.678333333333333,-11.388333333333334,0.1962080244904888
turbine_1,2026-01-21 00:00:00+00:00,48,0.994048194216744,0.994048194216744,False,False,0.9670130869899922,12.5,-10.5,2026-01-19 19:00:00+00:00,29.0,2026-01-19 22:00:00,2026-01-20T00:00:00+05:00,5f2563ddc50b3323d91d15653d458e138ac0b61fe55bd412270214bf41532cc6,gfs_seamless,False,0.9466666666666667,10.386666666666667,-11.201666666666666,0.047381527550077296
turbine_1,2026-01-21 01:00:00+00:00,48,0.9551937943986508,0.9551937943986508,False,False,0.9670130869899922,12.69,-10.4,2026-01-19 19:00:00+00:00,30.0,2026-01-19 22:00:00,2026-01-20T00:00:00+05:00,5f2563ddc50b3323d91d15653d458e138ac0b61fe55bd412270214bf41532cc6,gfs_seamless,False,0.8866666666666667,11.138333333333334,-11.148333333333333,0.0685271277319841
turbine_1,2026-01-21 02:00:00+00:00,48,0.9895761169109616,0.9895761169109616,False,False,0.9670130869899922,12.78,-10.4,2026-01-19 19:00:00+00:00,31.0,2026-01-19 22:00:00,2026-01-20T00:00:00+05:00,5f2563ddc50b3323d91d15653d458e138ac0b61fe55bd412270214bf41532cc6,gfs_seamless,False,0.9933333333333333,13.01,-9.575,0.003757216422371701
turbine_1,2026-01-21 03:00:00+00:00,48,0.9959243255088969,0.9959243255088969,False,False,0.9670130869899922,12.55,-9.6,2026-01-19 19:00:00+00:00,32.0,2026-01-19 22:00:00,2026-01-20T00:00:00+05:00,5f2563ddc50b3323d91d15653d458e138ac0b61fe55bd412270214bf41532cc6,gfs_seamless,False,0.9899999999999999,12.323333333333332,-9.635,0.005924325508896988
turbine_1,2026-01-21 04:00:00+00:00,48,0.9379722855745576,0.9379722855745576,False,False,0.9670130869899922,12.64,-7.7,2026-01-19 19:00:00+00:00,33.0,2026-01-19 22:00:00,2026-01-20T00:00:00+05:00,5f2563ddc50b3323d91d15653d458e138ac0b61fe55bd412270214bf41532cc6,gfs_seamless,False,0.9899999999999999,12.515,-8.788333333333334,0.052027714425442295
turbine_1,2026-01-21 05:00:00+00:00,48,0.9848564199057145,0.9848564199057145,False,False,0.9670130869899922,12.88,-5.8,2026-01-19 19:00:00+00:00,34.0,2026-01-19 22:00:00,2026-01-20T00:00:00+05:00,5f2563ddc50b3323d91d15653d458e138ac0b61fe55bd412270214bf41532cc6,gfs_seamless,False,0.9466666666666667,10.963333333333333,-6.38,0.03818975323904783
turbine_1,2026-01-21 06:00:00+00:00,48,0.9868942413254529,0.9868942413254529,False,False,0.9769763513513514,13.24,-4.6,2026-01-19 19:00:00+00:00,35.0,2026-01-19 22:00:00,2026-01-20T00:00:00+05:00,5f2563ddc50b3323d91d15653d458e138ac0b61fe55bd412270214bf41532cc6,gfs_seamless,False,0.9899999999999999,12.649999999999999,-3.8633333333333333,0.003105758674546988
turbine_1,2026-01-21 07:00:00+00:00,48,0.9896790655136442,0.9896790655136442,False,False,0.965644891122278,13.5,-3.4,2026-01-19 19:00:00+00:00,36.0,2026-01-19 22:00:00,2026-01-20T00:00:00+05:00,5f2563ddc50b3323d91d15653d458e138ac0b61fe55bd412270214bf41532cc6,gfs_seamless,False,0.9899999999999999,12.601666666666667,-1.5083333333333335,0.0003209344863557284
turbine_1,2026-01-21 08:00:00+00:00,48,0.9813061071288403,0.9813061071288403,False,False,0.9670130869899922,12.81,-2.8,2026-01-19 19:00:00+00:00,37.0,2026-01-19 22:00:00,2026-01-20T00:00:00+05:00,5f2563ddc50b3323d91d15653d458e138ac0b61fe55bd412270214bf41532cc6,gfs_seamless,False,0.9883333333333333,12.428333333333333,0.09666666666666666,0.007027226204493031
turbine_1,2026-01-21 09:00:00+00:00,48,0.9860372718603743,0.9860372718603743,False,False,0.9601641239019879,11.97,-2.6,2026-01-19 19:00:00+00:00,38.0,2026-01-19 22:00:00,2026-01-20T00:00:00+05:00,5f2563ddc50b3323d91d15653d458e138ac0b61fe55bd412270214bf41532cc6,gfs_seamless,False,0.9883333333333333,11.888333333333334,1.39,0.002296061472959021
turbine_1,2026-01-21 10:00:00+00:00,48,0.9813783300686858,0.9813783300686858,False,False,0.9601641239019879,11.82,-3.1,2026-01-19 19:00:00+00:00,39.0,2026-01-19 22:00:00,2026-01-20T00:00:00+05:00,5f2563ddc50b3323d91d15653d458e138ac0b61fe55bd412270214bf41532cc6,gfs_seamless,False,0.9583333333333334,11.121666666666668,1.6833333333333333,0.02304499673535243
turbine_1,2026-01-21 11:00:00+00:00,48,0.9820521087098,0.9820521087098,False,False,0.9601641239019879,11.71,-4.8,2026-01-19 19:00:00+00:00,40.0,2026-01-19 22:00:00,2026-01-20T00:00:00+05:00,5f2563ddc50b3323d91d15653d458e138ac0b61fe55bd412270214bf41532cc6,gfs_seamless,False,0.9883333333333333,11.678333333333333,1.125,0.00628122462353331
turbine_1,2026-01-21 12:00:00+00:00,48,1.0039598062886546,0.9983333333333334,True,False,0.9580719557195572,12.21,-6.7,2026-01-19 19:00:00+00:00,41.0,2026-01-19 22:00:00,2026-01-20T00:00:00+05:00,5f2563ddc50b3323d91d15653d458e138ac0b61fe55bd412270214bf41532cc6,gfs_seamless,False,0.98,11.733333333333334,0.3,0.018333333333333424
turbine_1,2026-01-21 13:00:00+00:00,48,0.9651354254347391,0.9651354254347391,False,False,0.9379226736566186,11.46,-7.6,2026-01-19 19:00:00+00:00,42.0,2026-01-19 22:00:00,2026-01-20T00:00:00+05:00,5f2563ddc50b3323d91d15653d458e138ac0b61fe55bd412270214bf41532cc6,gfs_seamless,False,0.36166666666666664,6.636666666666667,-1.6016666666666666,0.6034687587680725
turbine_1,2026-01-21 14:00:00+00:00,48,0.9909689453250663,0.9909689453250663,False,False,0.9580719557195572,12.09,-8.1,2026-01-19 19:00:00+00:00,43.0,2026-01-19 22:00:00,2026-01-20T00:00:00+05:00,5f2563ddc50b3323d91d15653d458e138ac0b61fe55bd412270214bf41532cc6,gfs_seamless,False,0.06,4.088333333333334,-3.4466666666666668,0.9309689453250662
turbine_1,2026-01-21 15:00:00+00:00,48,0.9768266853926507,0.9768266853926507,False,False,0.9580719557195572,12.38,-7.9,2026-01-19 19:00:00+00:00,44.0,2026-01-19 22:00:00,2026-01-20T00:00:00+05:00,5f2563ddc50b3323d91d15653d458e138ac0b61fe55bd412270214bf41532cc6,gfs_seamless,False,0.21666666666666667,6.185,-4.826666666666667,0.760160018725984
turbine_1,2026-01-21 16:00:00+00:00,48,0.9768266853926507,0.9768266853926507,False,False,0.9580719557195572,12.42,-7.8,2026-01-19 19:00:00+00:00,45.0,2026-01-19 22:00:00,2026-01-20T00:00:00+05:00,5f2563ddc50b3323d91d15653d458e138ac0b61fe55bd412270214bf41532cc6,gfs_seamless,False,0.18666666666666668,6.101666666666667,-5.96,0.7901600187259841
turbine_1,2026-01-21 17:00:00+00:00,48,0.9379722855745576,0.9379722855745576,False,False,0.9670130869899922,12.67,-7.8,2026-01-19 19:00:00+00:00,46.0,2026-01-19 22:00:00,2026-01-20T00:00:00+05:00,5f2563ddc50b3323d91d15653d458e138ac0b61fe55bd412270214bf41532cc6,gfs_seamless,False,0.17833333333333334,5.8133333333333335,-6.711666666666667,0.7596389522412242
turbine_1,2026-01-21 18:00:00+00:00,48,0.9743784230891567,0.9743784230891567,False,False,0.9769763513513514,13.04,-7.6,2026-01-19 19:00:00+00:00,47.0,2026-01-19 22:00:00,2026-01-20T00:00:00+05:00,5f2563ddc50b3323d91d15653d458e138ac0b61fe55bd412270214bf41532cc6,gfs_seamless,False,0.3283333333333333,7.1433333333333335,-6.156666666666666,0.6460450897558234
turbine_1,2026-01-21 19:00:00+00:00,48,0.9743784230891567,0.9743784230891567,False,False,0.9670130869899922,12.97,-7.7,2026-01-19 19:00:00+00:00,48.0,2026-01-19 22:00:00,2026-01-20T00:00:00+05:00,5f2563ddc50b3323d91d15653d458e138ac0b61fe55bd412270214bf41532cc6,gfs_seamless,False,0.44,7.455000000000001,-6.273333333333333,0.5343784230891566
turbine_2,2026-01-19 20:00:00+00:00,24,0.7389021362213356,0.7389021362213356,False,False,0.674822695035461,9.35,-7.8,2026-01-19 19:00:00+00:00,1.0,2026-01-19 22:00:00,2026-01-20T00:00:00+05:00,987371c1af2c090499ac940977c83e479a353eb17370f4160c4fcab99e29a17c,gfs_seamless,False,0.01,1.2,-10.455,0.7289021362213356
turbine_2,2026-01-19 21:00:00+00:00,24,0.7924036751043426,0.7924036751043426,False,False,0.752911143838979,9.66,-8.1,2026-01-19 19:00:00+00:00,2.0,2026-01-19 22:00:00,2026-01-20T00:00:00+05:00,987371c1af2c090499ac940977c83e479a353eb17370f4160c4fcab99e29a17c,gfs_seamless,False,0.008333333333333333,2.2833333333333337,-11.096666666666666,0.7840703417710093
turbine_2,2026-01-19 22:00:00+00:00,24,0.7556850138656163,0.7556850138656163,False,False,0.752911143838979,9.58,-8.3,2026-01-19 19:00:00+00:00,3.0,2026-01-19 22:00:00,2026-01-20T00:00:00+05:00,987371c1af2c090499ac940977c83e479a353eb17370f4160c4fcab99e29a17c,gfs_seamless,False,0.01,1.0233333333333332,-10.978333333333333,0.7456850138656163
turbine_2,2026-01-19 23:00:00+00:00,24,0.7932760767136641,0.7932760767136641,False,False,0.752911143838979,9.71,-8.4,2026-01-19 19:00:00+00:00,4.0,2026-01-19 22:00:00,2026-01-20T00:00:00+05:00,987371c1af2c090499ac940977c83e479a353eb17370f4160c4fcab99e29a17c,gfs_seamless,False,0.011666666666666667,1.6716666666666666,-11.271666666666667,0.7816094100469974
turbine_2,2026-01-20 00:00:00+00:00,24,0.7855252637799583,0.7855252637799583,False,False,0.752911143838979,9.75,-10.5,2026-01-19 19:00:00+00:00,5.0,2026-01-19 22:00:00,2026-01-20T00:00:00+05:00,987371c1af2c090499ac940977c83e479a353eb17370f4160c4fcab99e29a17c,gfs_seamless,False,0.075,4.998333333333334,-11.533333333333333,0.7105252637799584
turbine_2,2026-01-20 01:00:00+00:00,24,0.699294794070095,0.699294794070095,False,False,0.674822695035461,9.17,-11.6,2026-01-19 19:00:00+00:00,6.0,2026-01-19 22:00:00,2026-01-20T00:00:00+05:00,987371c1af2c090499ac940977c83e479a353eb17370f4160c4fcab99e29a17c,gfs_seamless,False,0.02,2.538333333333333,-11.128333333333332,0.679294794070095
turbine_2,2026-01-20 02:00:00+00:00,24,0.5107953417715375,0.5107953417715375,False,False,0.5336827956989247,8.27,-11.1,2026-01-19 19:00:00+00:00,7.0,2026-01-19 22:00:00,2026-01-20T00:00:00+05:00,987371c1af2c090499ac940977c83e479a353eb17370f4160c4fcab99e29a17c,gfs_seamless,False,0.01,1.2666666666666666,-11.245,0.5007953417715375
turbine_2,2026-01-20 03:00:00+00:00,24,0.34134467502759647,0.34134467502759647,False,False,0.45991972076788834,7.61,-10.0,2026-01-19 19:00:00+00:00,8.0,2026-01-19 22:00:00,2026-01-20T00:00:00+05:00,987371c1af2c090499ac940977c83e479a353eb17370f4160c4fcab99e29a17c,gfs_seamless,False,0.008333333333333333,3.0666666666666664,-10.486666666666666,0.3330113416942631
turbine_2,2026-01-20 04:00:00+00:00,24,0.32240457045861504,0.32240457045861504,False,False,0.3135440278988666,6.93,-8.6,2026-01-19 19:00:00+00:00,9.0,2026-01-19 22:00:00,2026-01-20T00:00:00+05:00,987371c1af2c090499ac940977c83e479a353eb17370f4160c4fcab99e29a17c,gfs_seamless,False,0.008333333333333333,1.9433333333333334,-10.631666666666666,0.3140712371252817
turbine_2,2026-01-20 05:00:00+00:00,24,0.04334343018162211,0.04334343018162211,False,False,0.10521004566210046,4.93,-7.9,2026-01-19 19:00:00+00:00,10.0,2026-01-19 22:00:00,2026-01-20T00:00:00+05:00,987371c1af2c090499ac940977c83e479a353eb17370f4160c4fcab99e29a17c,gfs_seamless,False,0.02,2.9116666666666666,-10.101666666666667,0.023343430181622108
turbine_2,2026-01-20 06:00:00+00:00,24,0.007742316178697239,0.007742316178697239,False,False,0.014638623879734027,2.1,-6.5,2026-01-19 19:00:00+00:00,11.0,2026-01-19 22:00:00,2026-01-20T00:00:00+05:00,987371c1af2c090499ac940977c83e479a353eb17370f4160c4fcab99e29a17c,gfs_seamless,False,0.06,5.1433333333333335,-7.095,0.05225768382130276
turbine_2,2026-01-20 07:00:00+00:00,24,0.008343057233099652,0.008343057233099652,False,False,0.010131072631072631,1.55,-5.4,2026-01-19 19:00:00+00:00,12.0,2026-01-19 22:00:00,2026-01-20T00:00:00+05:00,987371c1af2c090499ac940977c83e479a353eb17370f4160c4fcab99e29a17c,gfs_seamless,False,0.011666666666666667,3.763333333333333,-4.22,0.0033236094335670156
turbine_2,2026-01-20 08:00:00+00:00,24,0.007915250086108546,0.007915250086108546,False,False,0.009930875576036866,0.51,-4.3,2026-01-19 19:00:00+00:00,13.0,2026-01-19 22:00:00,2026-01-20T00:00:00+05:00,987371c1af2c090499ac940977c83e479a353eb17370f4160c4fcab99e29a17c,gfs_seamless,False,0.03333333333333333,4.405,-2.5016666666666665,0.025418083247224787
turbine_2,2026-01-20 09:00:00+00:00,24,0.007930165192961658,0.007930165192961658,False,False,0.01,0.36,-4.0,2026-01-19 19:00:00+00:00,14.0,2026-01-19 22:00:00,2026-01-20T00:00:00+05:00,987371c1af2c090499ac940977c83e479a353eb17370f4160c4fcab99e29a17c,gfs_seamless,False,0.08333333333333333,5.266666666666667,-1.51,0.07540316814037167
turbine_2,2026-01-20 10:00:00+00:00,24,0.007930165192961658,0.007930165192961658,False,False,0.009930875576036866,0.94,-4.2,2026-01-19 19:00:00+00:00,15.0,2026-01-19 22:00:00,2026-01-20T00:00:00+05:00,987371c1af2c090499ac940977c83e479a353eb17370f4160c4fcab99e29a17c,gfs_seamless,False,0.04,4.58,-1.5583333333333333,0.032069834807038344
turbine_2,2026-01-20 11:00:00+00:00,24,0.0074924462608790855,0.0074924462608790855,False,False,0.009930875576036866,0.73,-6.8,2026-01-19 19:00:00+00:00,16.0,2026-01-19 22:00:00,2026-01-20T00:00:00+05:00,987371c1af2c090499ac940977c83e479a353eb17370f4160c4fcab99e29a17c,gfs_seamless,False,0.016666666666666666,3.025,-1.74,0.009174220405787581
turbine_2,2026-01-20 12:00:00+00:00,24,0.008109212883438995,0.008109212883438995,False,False,0.01,0.45,-9.0,2026-01-19 19:00:00+00:00,17.0,2026-01-19 22:00:00,2026-01-20T00:00:00+05:00,987371c1af2c090499ac940977c83e479a353eb17370f4160c4fcab99e29a17c,gfs_seamless,False,0.008333333333333333,2.215,-3.19,0.00022412044989433832
turbine_2,2026-01-20 13:00:00+00:00,24,0.008109212883438995,0.008109212883438995,False,False,0.01,0.45,-9.8,2026-01-19 19:00:00+00:00,18.0,2026-01-19 22:00:00,2026-01-20T00:00:00+05:00,987371c1af2c090499ac940977c83e479a353eb17370f4160c4fcab99e29a17c,gfs_seamless,False,0.01,1.125,-5.053333333333334,0.0018907871165610053
turbine_2,2026-01-20 14:00:00+00:00,24,0.008109212883438995,0.008109212883438995,False,False,0.010131072631072631,1.53,-10.1,2026-01-19 19:00:00+00:00,19.0,2026-01-19 22:00:00,2026-01-20T00:00:00+05:00,987371c1af2c090499ac940977c83e479a353eb17370f4160c4fcab99e29a17c,gfs_seamless,False,0.01,0.52,-5.736666666666667,0.0018907871165610053
turbine_2,2026-01-20 15:00:00+00:00,24,0.011670485907138076,0.011670485907138076,False,False,0.037259259259259256,3.13,-10.3,2026-01-19 19:00:00+00:00,20.0,2026-01-19 22:00:00,2026-01-20T00:00:00+05:00,987371c1af2c090499ac940977c83e479a353eb17370f4160c4fcab99e29a17c,gfs_seamless,False,0.01,0.6066666666666666,-5.84,0.0016704859071380758
turbine_2,2026-01-20 16:00:00+00:00,24,0.03577390470557345,0.03577390470557345,False,False,0.14297219703838016,5.24,-10.6,2026-01-19 19:00:00+00:00,21.0,2026-01-19 22:00:00,2026-01-20T00:00:00+05:00,987371c1af2c090499ac940977c83e479a353eb17370f4160c4fcab99e29a17c,gfs_seamless,False,0.01,1.3383333333333336,-5.671666666666667,0.025773904705573447
turbine_2,2026-01-20 17:00:00+00:00,24,0.29296108975081514,0.29296108975081514,False,False,0.3135440278988666,6.99,-10.6,2026-01-19 19:00:00+00:00,22.0,2026-01-19 22:00:00,2026-01-20T00:00:00+05:00,987371c1af2c090499ac940977c83e479a353eb17370f4160c4fcab99e29a17c,gfs_seamless,False,0.034999999999999996,4.6033333333333335,-6.066666666666666,0.25796108975081516
turbine_2,2026-01-20 18:00:00+00:00,24,0.6971631984726854,0.6971631984726854,False,False,0.674822695035461,9.22,-10.7,2026-01-19 19:00:00+00:00,23.0,2026-01-19 22:00:00,2026-01-20T00:00:00+05:00,987371c1af2c090499ac940977c83e479a353eb17370f4160c4fcab99e29a17c,gfs_seamless,False,0.16,6.285,-6.953333333333333,0.5371631984726853
turbine_2,2026-01-20 19:00:00+00:00,24,0.9157316855214475,0.9157316855214475,False,False,0.8847668711656442,10.69,-11.0,2026-01-19 19:00:00+00:00,24.0,2026-01-19 22:00:00,2026-01-20T00:00:00+05:00,987371c1af2c090499ac940977c83e479a353eb17370f4160c4fcab99e29a17c,gfs_seamless,False,0.26333333333333336,6.88,-9.61,0.652398352188114
turbine_2,2026-01-20 20:00:00+00:00,48,0.8549680773455143,0.8549680773455143,False,False,0.8245056689342404,10.02,-8.4,2026-01-19 19:00:00+00:00,25.0,2026-01-19 22:00:00,2026-01-20T00:00:00+05:00,987371c1af2c090499ac940977c83e479a353eb17370f4160c4fcab99e29a17c,gfs_seamless,False,0.2966666666666667,7.07,-11.81,0.5583014106788475
turbine_2,2026-01-20 21:00:00+00:00,48,0.9163868146645376,0.9163868146645376,False,False,0.8847668711656442,10.73,-8.5,2026-01-19 19:00:00+00:00,26.0,2026-01-19 22:00:00,2026-01-20T00:00:00+05:00,987371c1af2c090499ac940977c83e479a353eb17370f4160c4fcab99e29a17c,gfs_seamless,False,0.44,7.68,-12.315,0.47638681466453764
turbine_2,2026-01-20 22:00:00+00:00,48,0.9882821932229446,0.9882821932229446,False,False,0.9521731601731601,11.64,-8.7,2026-01-19 19:00:00+00:00,27.0,2026-01-19 22:00:00,2026-01-20T00:00:00+05:00,987371c1af2c090499ac940977c83e479a353eb17370f4160c4fcab99e29a17c,gfs_seamless,False,0.6516666666666667,8.881666666666666,-12.091666666666667,0.3366155265562779
turbine_2,2026-01-20 23:00:00+00:00,48,0.9957787120107083,0.995,True,False,0.9629209270620314,12.59,-8.8,2026-01-19 19:00:00+00:00,28.0,2026-01-19 22:00:00,2026-01-20T00:00:00+05:00,987371c1af2c090499ac940977c83e479a353eb17370f4160c4fcab99e29a17c,gfs_seamless,False,0.835,10.095,-11.486666666666666,0.16000000000000003
turbine_2,2026-01-21 00:00:00+00:00,48,0.9837431336124492,0.9837431336124492,False,False,0.9629209270620314,12.5,-10.5,2026-01-19 19:00:00+00:00,29.0,2026-01-19 22:00:00,2026-01-20T00:00:00+05:00,987371c1af2c090499ac940977c83e479a353eb17370f4160c4fcab99e29a17c,gfs_seamless,False,0.945,10.601666666666667,-11.391666666666666,0.0387431336124493
turbine_2,2026-01-21 01:00:00+00:00,48,0.9748070840380332,0.9748070840380332,False,False,0.9629209270620314,12.69,-10.4,2026-01-19 19:00:00+00:00,30.0,2026-01-19 22:00:00,2026-01-20T00:00:00+05:00,987371c1af2c090499ac940977c83e479a353eb17370f4160c4fcab99e29a17c,gfs_seamless,False,0.8866666666666667,11.245,-11.275,0.08814041737136646
turbine_2,2026-01-21 02:00:00+00:00,48,0.988295459349657,0.988295459349657,False,False,0.9629209270620314,12.78,-10.4,2026-01-19 19:00:00+00:00,31.0,2026-01-19 22:00:00,2026-01-20T00:00:00+05:00,987371c1af2c090499ac940977c83e479a353eb17370f4160c4fcab99e29a17c,gfs_seamless,False,0.9816666666666666,13.366666666666667,-9.653333333333334,0.0066287926829904364
turbine_2,2026-01-21 03:00:00+00:00,48,0.9813765962579944,0.9813765962579944,False,False,0.9629209270620314,12.55,-9.6,2026-01-19 19:00:00+00:00,32.0,2026-01-19 22:00:00,2026-01-20T00:00:00+05:00,987371c1af2c090499ac940977c83e479a353eb17370f4160c4fcab99e29a17c,gfs_seamless,False,0.9866666666666667,12.635,-9.658333333333333,0.005290070408672243
turbine_2,2026-01-21 04:00:00+00:00,48,0.9892091997907471,0.9892091997907471,False,False,0.9629209270620314,12.64,-7.7,2026-01-19 19:00:00+00:00,33.0,2026-01-19 22:00:00,2026-01-20T00:00:00+05:00,987371c1af2c090499ac940977c83e479a353eb17370f4160c4fcab99e29a17c,gfs_seamless,False,0.9899999999999999,12.593333333333334,-8.845,0.0007908002092528177
turbine_2,2026-01-21 05:00:00+00:00,48,0.9857462062556206,0.9857462062556206,False,False,0.9629209270620314,12.88,-5.8,2026-01-19 19:00:00+00:00,34.0,2026-01-19 22:00:00,2026-01-20T00:00:00+05:00,987371c1af2c090499ac940977c83e479a353eb17370f4160c4fcab99e29a17c,gfs_seamless,False,0.9333333333333332,11.121666666666668,-6.405,0.05241287292228736
turbine_2,2026-01-21 06:00:00+00:00,48,0.9860072969719118,0.9860072969719118,False,False,0.9697865853658537,13.24,-4.6,2026-01-19 19:00:00+00:00,35.0,2026-01-19 22:00:00,2026-01-20T00:00:00+05:00,987371c1af2c090499ac940977c83e479a353eb17370f4160c4fcab99e29a17c,gfs_seamless,False,0.9883333333333333,13.011666666666665,-4.031666666666667,0.0023260363614214796
turbine_2,2026-01-21 07:00:00+00:00,48,0.9867076473962053,0.9867076473962053,False,False,0.9610872675250358,13.5,-3.4,2026-01-19 19:00:00+00:00,36.0,2026-01-19 22:00:00,2026-01-20T00:00:00+05:00,987371c1af2c090499ac940977c83e479a353eb17370f4160c4fcab99e29a17c,gfs_seamless,False,0.9899999999999999,13.086666666666666,-1.595,0.0032923526037945683
turbine_2,2026-01-21 08:00:00+00:00,48,0.9880585657259586,0.9880585657259586,False,False,0.9629209270620314,12.81,-2.8,2026-01-19 19:00:00+00:00,37.0,2026-01-19 22:00:00,2026-01-20T00:00:00+05:00,987371c1af2c090499ac940977c83e479a353eb17370f4160c4fcab99e29a17c,gfs_seamless,False,0.9899999999999999,12.656666666666666,0.12000000000000001,0.0019414342740412538
turbine_2,2026-01-21 09:00:00+00:00,48,0.9808519458007783,0.9808519458007783,False,False,0.9521731601731601,11.97,-2.6,2026-01-19 19:00:00+00:00,38.0,2026-01-19 22:00:00,2026-01-20T00:00:00+05:00,987371c1af2c090499ac940977c83e479a353eb17370f4160c4fcab99e29a17c,gfs_seamless,False,0.9866666666666667,12.186666666666667,1.4866666666666666,0.005814720865888412
turbine_2,2026-01-21 10:00:00+00:00,48,0.9830437874966778,0.9830437874966778,False,False,0.9521731601731601,11.82,-3.1,2026-01-19 19:00:00+00:00,39.0,2026-01-19 22:00:00,2026-01-20T00:00:00+05:00,987371c1af2c090499ac940977c83e479a353eb17370f4160c4fcab99e29a17c,gfs_seamless,False,0.975,11.556666666666667,1.8716666666666668,0.008043787496677779
turbine_2,2026-01-21 11:00:00+00:00,48,0.9624352610634619,0.9624352610634619,False,False,0.9521731601731601,11.71,-4.8,2026-01-19 19:00:00+00:00,40.0,2026-01-19 22:00:00,2026-01-20T00:00:00+05:00,987371c1af2c090499ac940977c83e479a353eb17370f4160c4fcab99e29a17c,gfs_seamless,False,0.985,11.831666666666665,1.3233333333333333,0.022564738936538098
turbine_2,2026-01-21 12:00:00+00:00,48,0.9722594319099566,0.9722594319099566,False,False,0.9572317351598173,12.21,-6.7,2026-01-19 19:00:00+00:00,41.0,2026-01-19 22:00:00,2026-01-20T00:00:00+05:00,987371c1af2c090499ac940977c83e479a353eb17370f4160c4fcab99e29a17c,gfs_seamless,False,0.9866666666666667,11.775,0.4483333333333333,0.01440723475671013
turbine_2,2026-01-21 13:00:00+00:00,48,0.987666810868651,0.987666810868651,False,False,0.9253557617942768,11.46,-7.6,2026-01-19 19:00:00+00:00,42.0,2026-01-19 22:00:00,2026-01-20T00:00:00+05:00,987371c1af2c090499ac940977c83e479a353eb17370f4160c4fcab99e29a17c,gfs_seamless,False,0.2816666666666667,6.234999999999999,-1.4833333333333334,0.7060001442019843
turbine_2,2026-01-21 14:00:00+00:00,48,0.9966009410138763,0.995,True,False,0.9572317351598173,12.09,-8.1,2026-01-19 19:00:00+00:00,43.0,2026-01-19 22:00:00,2026-01-20T00:00:00+05:00,987371c1af2c090499ac940977c83e479a353eb17370f4160c4fcab99e29a17c,gfs_seamless,False,0.05333333333333334,4.341666666666666,-3.6133333333333333,0.9416666666666667
turbine_2,2026-01-21 15:00:00+00:00,48,0.9981452493651631,0.995,True,False,0.9572317351598173,12.38,-7.9,2026-01-19 19:00:00+00:00,44.0,2026-01-19 22:00:00,2026-01-20T00:00:00+05:00,987371c1af2c090499ac940977c83e479a353eb17370f4160c4fcab99e29a17c,gfs_seamless,False,0.17166666666666666,5.873333333333334,-4.973333333333334,0.8233333333333334
turbine_2,2026-01-21 16:00:00+00:00,48,0.9981452493651631,0.995,True,False,0.9572317351598173,12.42,-7.8,2026-01-19 19:00:00+00:00,45.0,2026-01-19 22:00:00,2026-01-20T00:00:00+05:00,987371c1af2c090499ac940977c83e479a353eb17370f4160c4fcab99e29a17c,gfs_seamless,False,0.19999999999999998,6.07,-5.98,0.795
turbine_2,2026-01-21 17:00:00+00:00,48,0.9892091997907471,0.9892091997907471,False,False,0.9629209270620314,12.67,-7.8,2026-01-19 19:00:00+00:00,46.0,2026-01-19 22:00:00,2026-01-20T00:00:00+05:00,987371c1af2c090499ac940977c83e479a353eb17370f4160c4fcab99e29a17c,gfs_seamless,False,0.15833333333333333,5.691666666666666,-6.881666666666667,0.8308758664574137
turbine_2,2026-01-21 18:00:00+00:00,48,0.9992874217080557,0.995,True,False,0.9697865853658537,13.04,-7.6,2026-01-19 19:00:00+00:00,47.0,2026-01-19 22:00:00,2026-01-20T00:00:00+05:00,987371c1af2c090499ac940977c83e479a353eb17370f4160c4fcab99e29a17c,gfs_seamless,False,0.315,7.145,-6.251666666666666,0.6799999999999999
turbine_2,2026-01-21 19:00:00+00:00,48,0.9992874217080557,0.995,True,False,0.9629209270620314,12.97,-7.7,2026-01-19 19:00:00+00:00,48.0,2026-01-19 22:00:00,2026-01-20T00:00:00+05:00,987371c1af2c090499ac940977c83e479a353eb17370f4160c4fcab99e29a17c,gfs_seamless,False,0.4749999999999999,7.721666666666667,-6.146666666666667,0.52
turbine_1,2026-01-20 20:00:00+00:00,24,0.9667390424843265,0.9667390424843265,False,False,0.9379226736566186,11.05,-11.1,2026-01-20 19:00:00+00:00,1.0,2026-01-20 22:00:00,2026-01-21T00:00:00+05:00,274b5ebcef8268870d15c3a3e20370947c104d375c1519a64142b0a1cbf0b628,gfs_seamless,False,0.26,6.716666666666666,-11.618333333333334,0.7067390424843265
turbine_1,2026-01-20 21:00:00+00:00,24,0.9793040783250478,0.9793040783250478,False,False,0.9601641239019879,11.68,-11.0,2026-01-20 19:00:00+00:00,2.0,2026-01-20 22:00:00,2026-01-21T00:00:00+05:00,274b5ebcef8268870d15c3a3e20370947c104d375c1519a64142b0a1cbf0b628,gfs_seamless,False,0.39166666666666666,7.266666666666667,-12.131666666666666,0.5876374116583811
turbine_1,2026-01-20 22:00:00+00:00,24,0.9776285379399556,0.9776285379399556,False,False,0.9601641239019879,11.92,-10.8,2026-01-20 19:00:00+00:00,3.0,2026-01-20 22:00:00,2026-01-21T00:00:00+05:00,274b5ebcef8268870d15c3a3e20370947c104d375c1519a64142b0a1cbf0b628,gfs_seamless,False,0.6733333333333333,8.885,-12.128333333333332,0.3042952046066223
turbine_1,2026-01-20 23:00:00+00:00,24,0.9853820792787222,0.9853820792787222,False,False,0.9580719557195572,12.06,-10.6,2026-01-20 19:00:00+00:00,4.0,2026-01-20 22:00:00,2026-01-21T00:00:00+05:00,274b5ebcef8268870d15c3a3e20370947c104d375c1519a64142b0a1cbf0b628,gfs_seamless,False,0.8016666666666667,9.678333333333333,-11.388333333333334,0.18371541261205548
turbine_1,2026-01-21 00:00:00+00:00,24,0.9600904109492673,0.9600904109492673,False,False,0.9670130869899922,12.68,-9.9,2026-01-20 19:00:00+00:00,5.0,2026-01-20 22:00:00,2026-01-21T00:00:00+05:00,274b5ebcef8268870d15c3a3e20370947c104d375c1519a64142b0a1cbf0b628,gfs_seamless,False,0.9466666666666667,10.386666666666667,-11.201666666666666,0.013423744282600625
turbine_1,2026-01-21 01:00:00+00:00,24,0.9600904109492673,0.9600904109492673,False,False,0.9670130869899922,12.71,-9.6,2026-01-20 19:00:00+00:00,6.0,2026-01-20 22:00:00,2026-01-21T00:00:00+05:00,274b5ebcef8268870d15c3a3e20370947c104d375c1519a64142b0a1cbf0b628,gfs_seamless,False,0.8866666666666667,11.138333333333334,-11.148333333333333,0.07342374428260057
turbine_1,2026-01-21 02:00:00+00:00,24,0.9600904109492673,0.9600904109492673,False,False,0.9670130869899922,12.62,-9.8,2026-01-20 19:00:00+00:00,7.0,2026-01-20 22:00:00,2026-01-21T00:00:00+05:00,274b5ebcef8268870d15c3a3e20370947c104d375c1519a64142b0a1cbf0b628,gfs_seamless,False,0.9933333333333333,13.01,-9.575,0.03324292238406601
turbine_1,2026-01-21 03:00:00+00:00,24,0.9897789996118652,0.9897789996118652,False,False,0.9670130869899922,12.75,-9.6,2026-01-20 19:00:00+00:00,8.0,2026-01-20 22:00:00,2026-01-21T00:00:00+05:00,274b5ebcef8268870d15c3a3e20370947c104d375c1519a64142b0a1cbf0b628,gfs_seamless,False,0.9899999999999999,12.323333333333332,-9.635,0.00022100038813466227
turbine_1,2026-01-21 04:00:00+00:00,24,0.9900660830917464,0.9900660830917464,False,False,0.9670130869899922,12.78,-7.4,2026-01-20 19:00:00+00:00,9.0,2026-01-20 22:00:00,2026-01-21T00:00:00+05:00,274b5ebcef8268870d15c3a3e20370947c104d375c1519a64142b0a1cbf0b628,gfs_seamless,False,0.9899999999999999,12.515,-8.788333333333334,6.608309174649385e-05
turbine_1,2026-01-21 05:00:00+00:00,24,0.9602541272896767,0.9602541272896767,False,False,0.9670130869899922,12.71,-5.5,2026-01-20 19:00:00+00:00,10.0,2026-01-20 22:00:00,2026-01-21T00:00:00+05:00,274b5ebcef8268870d15c3a3e20370947c104d375c1519a64142b0a1cbf0b628,gfs_seamless,False,0.9466666666666667,10.963333333333333,-6.38,0.013587460623010084
turbine_1,2026-01-21 06:00:00+00:00,24,0.9888855269667088,0.9888855269667088,False,False,0.9769763513513514,13.35,-4.2,2026-01-20 19:00:00+00:00,11.0,2026-01-20 22:00:00,2026-01-21T00:00:00+05:00,274b5ebcef8268870d15c3a3e20370947c104d375c1519a64142b0a1cbf0b628,gfs_seamless,False,0.9899999999999999,12.649999999999999,-3.8633333333333333,0.0011144730332910413
turbine_1,2026-01-21 07:00:00+00:00,24,0.9763257523886673,0.9763257523886673,False,False,0.965644891122278,13.99,-3.2,2026-01-20 19:00:00+00:00,12.0,2026-01-20 22:00:00,2026-01-21T00:00:00+05:00,274b5ebcef8268870d15c3a3e20370947c104d375c1519a64142b0a1cbf0b628,gfs_seamless,False,0.9899999999999999,12.601666666666667,-1.5083333333333335,0.013674247611332624
turbine_1,2026-01-21 08:00:00+00:00,24,0.9577844773659775,0.9577844773659775,False,False,0.9681453634085212,14.14,-2.5,2026-01-20 19:00:00+00:00,13.0,2026-01-20 22:00:00,2026-01-21T00:00:00+05:00,274b5ebcef8268870d15c3a3e20370947c104d375c1519a64142b0a1cbf0b628,gfs_seamless,False,0.9883333333333333,12.428333333333333,0.09666666666666666,0.030548855967355792
turbine_1,2026-01-21 09:00:00+00:00,24,0.9754232198726641,0.9754232198726641,False,False,0.965644891122278,13.87,-2.5,2026-01-20 19:00:00+00:00,14.0,2026-01-20 22:00:00,2026-01-21T00:00:00+05:00,274b5ebcef8268870d15c3a3e20370947c104d375c1519a64142b0a1cbf0b628,gfs_seamless,False,0.9883333333333333,11.888333333333334,1.39,0.01291011346066917
turbine_1,2026-01-21 10:00:00+00:00,24,0.9959064947496455,0.9959064947496455,False,False,0.9769763513513514,13.09,-2.9,2026-01-20 19:00:00+00:00,15.0,2026-01-20 22:00:00,2026-01-21T00:00:00+05:00,274b5ebcef8268870d15c3a3e20370947c104d375c1519a64142b0a1cbf0b628,gfs_seamless,False,0.9583333333333334,11.121666666666668,1.6833333333333333,0.03757316141631217
turbine_1,2026-01-21 11:00:00+00:00,24,0.9817142438137557,0.9817142438137557,False,False,0.9670130869899922,12.91,-4.8,2026-01-20 19:00:00+00:00,16.0,2026-01-20 22:00:00,2026-01-21T00:00:00+05:00,274b5ebcef8268870d15c3a3e20370947c104d375c1519a64142b0a1cbf0b628,gfs_seamless,False,0.9883333333333333,11.678333333333333,1.125,0.00661908951957757
turbine_1,2026-01-21 12:00:00+00:00,24,0.963631557118835,0.963631557118835,False,False,0.9580719557195572,12.15,-6.8,2026-01-20 19:00:00+00:00,17.0,2026-01-20 22:00:00,2026-01-21T00:00:00+05:00,274b5ebcef8268870d15c3a3e20370947c104d375c1519a64142b0a1cbf0b628,gfs_seamless,False,0.98,11.733333333333334,0.3,0.016368442881165013
turbine_1,2026-01-21 13:00:00+00:00,24,0.9913771473620738,0.9913771473620738,False,False,0.9601641239019879,11.76,-7.8,2026-01-20 19:00:00+00:00,18.0,2026-01-20 22:00:00,2026-01-21T00:00:00+05:00,274b5ebcef8268870d15c3a3e20370947c104d375c1519a64142b0a1cbf0b628,gfs_seamless,False,0.36166666666666664,6.636666666666667,-1.6016666666666666,0.6297104806954072
turbine_1,2026-01-21 14:00:00+00:00,24,0.9853581544445474,0.9853581544445474,False,False,0.9379226736566186,11.21,-8.2,2026-01-20 19:00:00+00:00,19.0,2026-01-20 22:00:00,2026-01-21T00:00:00+05:00,274b5ebcef8268870d15c3a3e20370947c104d375c1519a64142b0a1cbf0b628,gfs_seamless,False,0.06,4.088333333333334,-3.4466666666666668,0.9253581544445475
turbine_1,2026-01-21 15:00:00+00:00,24,0.9853581544445474,0.9853581544445474,False,False,0.9379226736566186,11.3,-8.4,2026-01-20 19:00:00+00:00,20.0,2026-01-20 22:00:00,2026-01-21T00:00:00+05:00,274b5ebcef8268870d15c3a3e20370947c104d375c1519a64142b0a1cbf0b628,gfs_seamless,False,0.21666666666666667,6.185,-4.826666666666667,0.7686914877778808
turbine_1,2026-01-21 16:00:00+00:00,24,0.99359169237408,0.99359169237408,False,False,0.9601641239019879,11.58,-8.2,2026-01-20 19:00:00+00:00,21.0,2026-01-20 22:00:00,2026-01-21T00:00:00+05:00,274b5ebcef8268870d15c3a3e20370947c104d375c1519a64142b0a1cbf0b628,gfs_seamless,False,0.18666666666666668,6.101666666666667,-5.96,0.8069250257074133
turbine_1,2026-01-21 17:00:00+00:00,24,0.9928988519203544,0.9928988519203544,False,False,0.9580719557195572,12.37,-7.7,2026-01-20 19:00:00+00:00,22.0,2026-01-20 22:00:00,2026-01-21T00:00:00+05:00,274b5ebcef8268870d15c3a3e20370947c104d375c1519a64142b0a1cbf0b628,gfs_seamless,False,0.17833333333333334,5.8133333333333335,-6.711666666666667,0.8145655185870211
turbine_1,2026-01-21 18:00:00+00:00,24,0.9848974625760024,0.9848974625760024,False,False,0.9769763513513514,13.07,-7.0,2026-01-20 19:00:00+00:00,23.0,2026-01-20 22:00:00,2026-01-21T00:00:00+05:00,274b5ebcef8268870d15c3a3e20370947c104d375c1519a64142b0a1cbf0b628,gfs_seamless,False,0.3283333333333333,7.1433333333333335,-6.156666666666666,0.6565641292426692
turbine_1,2026-01-21 19:00:00+00:00,24,0.9924920600671245,0.9924920600671245,False,False,0.9769763513513514,13.09,-7.4,2026-01-20 19:00:00+00:00,24.0,2026-01-20 22:00:00,2026-01-21T00:00:00+05:00,274b5ebcef8268870d15c3a3e20370947c104d375c1519a64142b0a1cbf0b628,gfs_seamless,False,0.44,7.455000000000001,-6.273333333333333,0.5524920600671246
turbine_1,2026-01-21 20:00:00+00:00,48,0.9924920600671245,0.9924920600671245,False,False,0.9769763513513514,13.17,-7.7,2026-01-20 19:00:00+00:00,25.0,2026-01-20 22:00:00,2026-01-21T00:00:00+05:00,274b5ebcef8268870d15c3a3e20370947c104d375c1519a64142b0a1cbf0b628,gfs_seamless,False,0.5483333333333333,7.773333333333333,-6.109999999999999,0.4441587267337912
turbine_1,2026-01-21 21:00:00+00:00,48,0.9958863097382209,0.9958863097382209,False,False,0.9670130869899922,12.54,-8.2,2026-01-20 19:00:00+00:00,26.0,2026-01-20 22:00:00,2026-01-21T00:00:00+05:00,274b5ebcef8268870d15c3a3e20370947c104d375c1519a64142b0a1cbf0b628,gfs_seamless,False,0.3983333333333334,6.883333333333333,-7.695,0.5975529764048875
turbine_1,2026-01-21 22:00:00+00:00,48,0.9695124842264555,0.9695124842264555,False,False,0.9580719557195572,12.13,-8.9,2026-01-20 19:00:00+00:00,27.0,2026-01-20 22:00:00,2026-01-21T00:00:00+05:00,274b5ebcef8268870d15c3a3e20370947c104d375c1519a64142b0a1cbf0b628,gfs_seamless,False,0.4566666666666667,7.258333333333333,-7.271666666666667,0.5128458175597888
turbine_1,2026-01-21 23:00:00+00:00,48,0.9907802568313857,0.9907802568313857,False,False,0.9379226736566186,11.49,-8.6,2026-01-20 19:00:00+00:00,28.0,2026-01-20 22:00:00,2026-01-21T00:00:00+05:00,274b5ebcef8268870d15c3a3e20370947c104d375c1519a64142b0a1cbf0b628,gfs_seamless,False,0.27499999999999997,6.576666666666667,-7.32,0.7157802568313858
turbine_1,2026-01-22 00:00:00+00:00,48,0.9729419566989844,0.9729419566989844,False,False,0.9379226736566186,11.29,-9.6,2026-01-20 19:00:00+00:00,29.0,2026-01-20 22:00:00,2026-01-21T00:00:00+05:00,274b5ebcef8268870d15c3a3e20370947c104d375c1519a64142b0a1cbf0b628,gfs_seamless,False,0.43166666666666664,7.513333333333333,-7.330000000000001,0.5412752900323178
turbine_1,2026-01-22 01:00:00+00:00,48,0.9377249048892391,0.9377249048892391,False,False,0.8930562448304383,10.93,-10.1,2026-01-20 19:00:00+00:00,30.0,2026-01-20 22:00:00,2026-01-21T00:00:00+05:00,274b5ebcef8268870d15c3a3e20370947c104d375c1519a64142b0a1cbf0b628,gfs_seamless,False,0.09499999999999999,3.5133333333333336,-7.605,0.8427249048892391
turbine_1,2026-01-22 02:00:00+00:00,48,0.8693050452482619,0.8693050452482619,False,False,0.8303311258278145,10.3,-10.1,2026-01-20 19:00:00+00:00,31.0,2026-01-20 22:00:00,2026-01-21T00:00:00+05:00,274b5ebcef8268870d15c3a3e20370947c104d375c1519a64142b0a1cbf0b628,gfs_seamless,False,0.03333333333333333,3.73,-7.583333333333333,0.8359717119149286
turbine_1,2026-01-22 03:00:00+00:00,48,0.5532197917993673,0.5532197917993673,False,False,0.6262566715186803,8.51,-10.4,2026-01-20 19:00:00+00:00,32.0,2026-01-20 22:00:00,2026-01-21T00:00:00+05:00,274b5ebcef8268870d15c3a3e20370947c104d375c1519a64142b0a1cbf0b628,gfs_seamless,False,0.01,2.3249999999999997,-8.450000000000001,0.5432197917993673
turbine_1,2026-01-22 04:00:00+00:00,48,0.8852881362745116,0.8852881362745116,False,False,0.8303311258278145,10.26,-7.3,2026-01-20 19:00:00+00:00,33.0,2026-01-20 22:00:00,2026-01-21T00:00:00+05:00,274b5ebcef8268870d15c3a3e20370947c104d375c1519a64142b0a1cbf0b628,gfs_seamless,False,0.03333333333333333,3.0583333333333336,-8.133333333333333,0.8519548029411783
turbine_1,2026-01-22 05:00:00+00:00,48,0.9859648260797939,0.9859648260797939,False,False,0.9601641239019879,11.99,-4.9,2026-01-20 19:00:00+00:00,34.0,2026-01-20 22:00:00,2026-01-21T00:00:00+05:00,274b5ebcef8268870d15c3a3e20370947c104d375c1519a64142b0a1cbf0b628,gfs_seamless,False,0.016666666666666666,2.9466666666666668,-7.6066666666666665,0.9692981594131271
turbine_1,2026-01-22 06:00:00+00:00,48,0.8506967671916896,0.8506967671916896,False,False,0.7643122858541361,9.86,-3.4,2026-01-20 19:00:00+00:00,35.0,2026-01-20 22:00:00,2026-01-21T00:00:00+05:00,274b5ebcef8268870d15c3a3e20370947c104d375c1519a64142b0a1cbf0b628,gfs_seamless,False,0.011666666666666667,2.7983333333333333,-6.238333333333333,0.8390301005250229
turbine_1,2026-01-22 07:00:00+00:00,48,0.5515442085477393,0.5515442085477393,False,False,0.5477100591715977,8.22,-4.4,2026-01-20 19:00:00+00:00,36.0,2026-01-20 22:00:00,2026-01-21T00:00:00+05:00,274b5ebcef8268870d15c3a3e20370947c104d375c1519a64142b0a1cbf0b628,gfs_seamless,False,0.01,1.5666666666666667,-5.158333333333333,0.5415442085477393
turbine_1,2026-01-22 08:00:00+00:00,48,0.016558224321502706,0.016558224321502706,False,False,0.04026801561945332,3.09,-4.3,2026-01-20 19:00:00+00:00,37.0,2026-01-20 22:00:00,2026-01-21T00:00:00+05:00,274b5ebcef8268870d15c3a3e20370947c104d375c1519a64142b0a1cbf0b628,gfs_seamless,False,0.15666666666666665,5.455000000000001,-4.864999999999999,0.14010844234516395
turbine_1,2026-01-22 09:00:00+00:00,48,0.00845303730223399,0.00845303730223399,False,False,0.009961072664359862,1.27,-4.3,2026-01-20 19:00:00+00:00,38.0,2026-01-20 22:00:00,2026-01-21T00:00:00+05:00,274b5ebcef8268870d15c3a3e20370947c104d375c1519a64142b0a1cbf0b628,gfs_seamless,False,0.32,7.255,-5.523333333333333,0.311546962697766
turbine_1,2026-01-22 10:00:00+00:00,48,0.04169554606030174,0.04169554606030174,False,False,0.08173395445134575,4.36,-4.8,2026-01-20 19:00:00+00:00,39.0,2026-01-20 22:00:00,2026-01-21T00:00:00+05:00,274b5ebcef8268870d15c3a3e20370947c104d375c1519a64142b0a1cbf0b628,gfs_seamless,False,0.3016666666666667,7.071666666666666,-5.7,0.25997112060636496
turbine_1,2026-01-22 11:00:00+00:00,48,0.651585436064563,0.651585436064563,False,False,0.6262566715186803,8.79,-5.7,2026-01-20 19:00:00+00:00,40.0,2026-01-20 22:00:00,2026-01-21T00:00:00+05:00,274b5ebcef8268870d15c3a3e20370947c104d375c1519a64142b0a1cbf0b628,gfs_seamless,False,0.5083333333333333,8.275,-5.016666666666667,0.14325210273122968
turbine_1,2026-01-22 12:00:00+00:00,48,0.6762280329998867,0.6762280329998867,False,False,0.69498998998999,9.31,-6.3,2026-01-20 19:00:00+00:00,41.0,2026-01-20 22:00:00,2026-01-21T00:00:00+05:00,274b5ebcef8268870d15c3a3e20370947c104d375c1519a64142b0a1cbf0b628,gfs_seamless,False,0.4716666666666667,7.96,-4.416666666666667,0.20456136633321997
turbine_1,2026-01-22 13:00:00+00:00,48,0.6439416121225052,0.6439416121225052,False,False,0.69498998998999,9.12,-6.4,2026-01-20 19:00:00+00:00,42.0,2026-01-20 22:00:00,2026-01-21T00:00:00+05:00,274b5ebcef8268870d15c3a3e20370947c104d375c1519a64142b0a1cbf0b628,gfs_seamless,False,0.45166666666666666,7.831666666666667,-5.036666666666666,0.19227494545583856
turbine_1,2026-01-22 14:00:00+00:00,48,0.8707454980779792,0.8707454980779792,False,False,0.8303311258278145,10.11,-7.4,2026-01-20 19:00:00+00:00,43.0,2026-01-20 22:00:00,2026-01-21T00:00:00+05:00,274b5ebcef8268870d15c3a3e20370947c104d375c1519a64142b0a1cbf0b628,gfs_seamless,False,0.7066666666666667,9.031666666666666,-5.858333333333333,0.16407883141131252
turbine_1,2026-01-22 15:00:00+00:00,48,0.9856691627586034,0.9856691627586034,False,False,0.9580719557195572,12.03,-7.3,2026-01-20 19:00:00+00:00,44.0,2026-01-20 22:00:00,2026-01-21T00:00:00+05:00,274b5ebcef8268870d15c3a3e20370947c104d375c1519a64142b0a1cbf0b628,gfs_seamless,False,0.7583333333333333,9.448333333333332,-5.995,0.2273358294252701
turbine_1,2026-01-22 16:00:00+00:00,48,0.9723778230207533,0.9723778230207533,False,False,0.9601641239019879,11.94,-6.6,2026-01-20 19:00:00+00:00,45.0,2026-01-20 22:00:00,2026-01-21T00:00:00+05:00,274b5ebcef8268870d15c3a3e20370947c104d375c1519a64142b0a1cbf0b628,gfs_seamless,False,0.6983333333333333,9.104999999999999,-6.711666666666666,0.27404448968742
turbine_1,2026-01-22 17:00:00+00:00,48,0.9679767984133848,0.9679767984133848,False,False,0.9379226736566186,11.42,-5.9,2026-01-20 19:00:00+00:00,46.0,2026-01-20 22:00:00,2026-01-21T00:00:00+05:00,274b5ebcef8268870d15c3a3e20370947c104d375c1519a64142b0a1cbf0b628,gfs_seamless,False,0.9700000000000001,10.908333333333333,-6.390000000000001,0.0020232015866152864
turbine_1,2026-01-22 18:00:00+00:00,48,0.860520372568373,0.860520372568373,False,False,0.8303311258278145,10.07,-7.2,2026-01-20 19:00:00+00:00,47.0,2026-01-20 22:00:00,2026-01-21T00:00:00+05:00,274b5ebcef8268870d15c3a3e20370947c104d375c1519a64142b0a1cbf0b628,gfs_seamless,False,0.9883333333333333,11.393333333333333,-6.353333333333333,0.1278129607649603
turbine_1,2026-01-22 19:00:00+00:00,48,0.9501828320039277,0.9501828320039277,False,False,0.8930562448304383,10.8,-7.6,2026-01-20 19:00:00+00:00,48.0,2026-01-20 22:00:00,2026-01-21T00:00:00+05:00,274b5ebcef8268870d15c3a3e20370947c104d375c1519a64142b0a1cbf0b628,gfs_seamless,False,0.9899999999999999,11.988333333333335,-5.41,0.039817167996072156
turbine_2,2026-01-20 20:00:00+00:00,24,0.9435678615962297,0.9435678615962297,False,False,0.9253557617942768,11.05,-11.1,2026-01-20 19:00:00+00:00,1.0,2026-01-20 22:00:00,2026-01-21T00:00:00+05:00,23bee7534bfebd964acaf604affd5972b315cf4ff4ca4e354e3a4aa866383725,gfs_seamless,False,0.2966666666666667,7.07,-11.81,0.6469011949295631
turbine_2,2026-01-20 21:00:00+00:00,24,0.9792603444074696,0.9792603444074696,False,False,0.9521731601731601,11.68,-11.0,2026-01-20 19:00:00+00:00,2.0,2026-01-20 22:00:00,2026-01-21T00:00:00+05:00,23bee7534bfebd964acaf604affd5972b315cf4ff4ca4e354e3a4aa866383725,gfs_seamless,False,0.44,7.68,-12.315,0.5392603444074695
turbine_2,2026-01-20 22:00:00+00:00,24,0.9793107128156633,0.9793107128156633,False,False,0.9521731601731601,11.92,-10.8,2026-01-20 19:00:00+00:00,3.0,2026-01-20 22:00:00,2026-01-21T00:00:00+05:00,23bee7534bfebd964acaf604affd5972b315cf4ff4ca4e354e3a4aa866383725,gfs_seamless,False,0.6516666666666667,8.881666666666666,-12.091666666666667,0.32764404614899656
turbine_2,2026-01-20 23:00:00+00:00,24,0.9816497653424526,0.9816497653424526,False,False,0.9572317351598173,12.06,-10.6,2026-01-20 19:00:00+00:00,4.0,2026-01-20 22:00:00,2026-01-21T00:00:00+05:00,23bee7534bfebd964acaf604affd5972b315cf4ff4ca4e354e3a4aa866383725,gfs_seamless,False,0.835,10.095,-11.486666666666666,0.14664976534245266
turbine_2,2026-01-21 00:00:00+00:00,24,0.9752770551999072,0.9752770551999072,False,False,0.9629209270620314,12.68,-9.9,2026-01-20 19:00:00+00:00,5.0,2026-01-20 22:00:00,2026-01-21T00:00:00+05:00,23bee7534bfebd964acaf604affd5972b315cf4ff4ca4e354e3a4aa866383725,gfs_seamless,False,0.945,10.601666666666667,-11.391666666666666,0.0302770551999072
turbine_2,2026-01-21 01:00:00+00:00,24,0.9879748750682863,0.9879748750682863,False,False,0.9629209270620314,12.71,-9.6,2026-01-20 19:00:00+00:00,6.0,2026-01-20 22:00:00,2026-01-21T00:00:00+05:00,23bee7534bfebd964acaf604affd5972b315cf4ff4ca4e354e3a4aa866383725,gfs_seamless,False,0.8866666666666667,11.245,-11.275,0.10130820840161958
turbine_2,2026-01-21 02:00:00+00:00,24,0.9752770551999072,0.9752770551999072,False,False,0.9629209270620314,12.62,-9.8,2026-01-20 19:00:00+00:00,7.0,2026-01-20 22:00:00,2026-01-21T00:00:00+05:00,23bee7534bfebd964acaf604affd5972b315cf4ff4ca4e354e3a4aa866383725,gfs_seamless,False,0.9816666666666666,13.366666666666667,-9.653333333333334,0.006389611466759426
turbine_2,2026-01-21 03:00:00+00:00,24,0.9879748750682863,0.9879748750682863,False,False,0.9629209270620314,12.75,-9.6,2026-01-20 19:00:00+00:00,8.0,2026-01-20 22:00:00,2026-01-21T00:00:00+05:00,23bee7534bfebd964acaf604affd5972b315cf4ff4ca4e354e3a4aa866383725,gfs_seamless,False,0.9866666666666667,12.635,-9.658333333333333,0.0013082084016196038
turbine_2,2026-01-21 04:00:00+00:00,24,0.9307439556286985,0.9307439556286985,False,False,0.9629209270620314,12.78,-7.4,2026-01-20 19:00:00+00:00,9.0,2026-01-20 22:00:00,2026-01-21T00:00:00+05:00,23bee7534bfebd964acaf604affd5972b315cf4ff4ca4e354e3a4aa866383725,gfs_seamless,False,0.9899999999999999,12.593333333333334,-8.845,0.059256044371301386
turbine_2,2026-01-21 05:00:00+00:00,24,0.9932059704630225,0.9932059704630225,False,False,0.9629209270620314,12.71,-5.5,2026-01-20 19:00:00+00:00,10.0,2026-01-20 22:00:00,2026-01-21T00:00:00+05:00,23bee7534bfebd964acaf604affd5972b315cf4ff4ca4e354e3a4aa866383725,gfs_seamless,False,0.9333333333333332,11.121666666666668,-6.405,0.059872637129689266
turbine_2,2026-01-21 06:00:00+00:00,24,0.9930053934696548,0.9930053934696548,False,False,0.9697865853658537,13.35,-4.2,2026-01-20 19:00:00+00:00,11.0,2026-01-20 22:00:00,2026-01-21T00:00:00+05:00,23bee7534bfebd964acaf604affd5972b315cf4ff4ca4e354e3a4aa866383725,gfs_seamless,False,0.9883333333333333,13.011666666666665,-4.031666666666667,0.0046720601363214875
turbine_2,2026-01-21 07:00:00+00:00,24,0.9461971096382409,0.9461971096382409,False,False,0.9610872675250358,13.99,-3.2,2026-01-20 19:00:00+00:00,12.0,2026-01-20 22:00:00,2026-01-21T00:00:00+05:00,23bee7534bfebd964acaf604affd5972b315cf4ff4ca4e354e3a4aa866383725,gfs_seamless,False,0.9899999999999999,13.086666666666666,-1.595,0.043802890361758995
turbine_2,2026-01-21 08:00:00+00:00,24,0.9073920083345078,0.9073920083345078,False,False,0.9600239808153477,14.14,-2.5,2026-01-20 19:00:00+00:00,13.0,2026-01-20 22:00:00,2026-01-21T00:00:00+05:00,23bee7534bfebd964acaf604affd5972b315cf4ff4ca4e354e3a4aa866383725,gfs_seamless,False,0.9899999999999999,12.656666666666666,0.12000000000000001,0.08260799166549204
turbine_2,2026-01-21 09:00:00+00:00,24,0.9788684711576241,0.9788684711576241,False,False,0.9610872675250358,13.87,-2.5,2026-01-20 19:00:00+00:00,14.0,2026-01-20 22:00:00,2026-01-21T00:00:00+05:00,23bee7534bfebd964acaf604affd5972b315cf4ff4ca4e354e3a4aa866383725,gfs_seamless,False,0.9866666666666667,12.186666666666667,1.4866666666666666,0.007798195509042594
turbine_2,2026-01-21 10:00:00+00:00,24,0.9717512390625472,0.9717512390625472,False,False,0.9697865853658537,13.09,-2.9,2026-01-20 19:00:00+00:00,15.0,2026-01-20 22:00:00,2026-01-21T00:00:00+05:00,23bee7534bfebd964acaf604affd5972b315cf4ff4ca4e354e3a4aa866383725,gfs_seamless,False,0.975,11.556666666666667,1.8716666666666668,0.0032487609374527437
turbine_2,2026-01-21 11:00:00+00:00,24,0.9896761839698663,0.9896761839698663,False,False,0.9629209270620314,12.91,-4.8,2026-01-20 19:00:00+00:00,16.0,2026-01-20 22:00:00,2026-01-21T00:00:00+05:00,23bee7534bfebd964acaf604affd5972b315cf4ff4ca4e354e3a4aa866383725,gfs_seamless,False,0.985,11.831666666666665,1.3233333333333333,0.004676183969866354
turbine_2,2026-01-21 12:00:00+00:00,24,0.9194522739923198,0.9194522739923198,False,False,0.9572317351598173,12.15,-6.8,2026-01-20 19:00:00+00:00,17.0,2026-01-20 22:00:00,2026-01-21T00:00:00+05:00,23bee7534bfebd964acaf604affd5972b315cf4ff4ca4e354e3a4aa866383725,gfs_seamless,False,0.9866666666666667,11.775,0.4483333333333333,0.06721439267434692
turbine_2,2026-01-21 13:00:00+00:00,24,0.9887226102057394,0.9887226102057394,False,False,0.9521731601731601,11.76,-7.8,2026-01-20 19:00:00+00:00,18.0,2026-01-20 22:00:00,2026-01-21T00:00:00+05:00,23bee7534bfebd964acaf604affd5972b315cf4ff4ca4e354e3a4aa866383725,gfs_seamless,False,0.2816666666666667,6.234999999999999,-1.4833333333333334,0.7070559435390726
turbine_2,2026-01-21 14:00:00+00:00,24,0.9603159316946228,0.9603159316946228,False,False,0.9253557617942768,11.21,-8.2,2026-01-20 19:00:00+00:00,19.0,2026-01-20 22:00:00,2026-01-21T00:00:00+05:00,23bee7534bfebd964acaf604affd5972b315cf4ff4ca4e354e3a4aa866383725,gfs_seamless,False,0.05333333333333334,4.341666666666666,-3.6133333333333333,0.9069825983612895
turbine_2,2026-01-21 15:00:00+00:00,24,0.9690505196589191,0.9690505196589191,False,False,0.9253557617942768,11.3,-8.4,2026-01-20 19:00:00+00:00,20.0,2026-01-20 22:00:00,2026-01-21T00:00:00+05:00,23bee7534bfebd964acaf604affd5972b315cf4ff4ca4e354e3a4aa866383725,gfs_seamless,False,0.17166666666666666,5.873333333333334,-4.973333333333334,0.7973838529922525
turbine_2,2026-01-21 16:00:00+00:00,24,0.9832726639218751,0.9832726639218751,False,False,0.9521731601731601,11.58,-8.2,2026-01-20 19:00:00+00:00,21.0,2026-01-20 22:00:00,2026-01-21T00:00:00+05:00,23bee7534bfebd964acaf604affd5972b315cf4ff4ca4e354e3a4aa866383725,gfs_seamless,False,0.19999999999999998,6.07,-5.98,0.7832726639218751
turbine_2,2026-01-21 17:00:00+00:00,24,0.9262074194890901,0.9262074194890901,False,False,0.9572317351598173,12.37,-7.7,2026-01-20 19:00:00+00:00,22.0,2026-01-20 22:00:00,2026-01-21T00:00:00+05:00,23bee7534bfebd964acaf604affd5972b315cf4ff4ca4e354e3a4aa866383725,gfs_seamless,False,0.15833333333333333,5.691666666666666,-6.881666666666667,0.7678740861557568
turbine_2,2026-01-21 18:00:00+00:00,24,0.9174514309949756,0.9174514309949756,False,False,0.9697865853658537,13.07,-7.0,2026-01-20 19:00:00+00:00,23.0,2026-01-20 22:00:00,2026-01-21T00:00:00+05:00,23bee7534bfebd964acaf604affd5972b315cf4ff4ca4e354e3a4aa866383725,gfs_seamless,False,0.315,7.145,-6.251666666666666,0.6024514309949756
turbine_2,2026-01-21 19:00:00+00:00,24,0.9174514309949756,0.9174514309949756,False,False,0.9697865853658537,13.09,-7.4,2026-01-20 19:00:00+00:00,24.0,2026-01-20 22:00:00,2026-01-21T00:00:00+05:00,23bee7534bfebd964acaf604affd5972b315cf4ff4ca4e354e3a4aa866383725,gfs_seamless,False,0.4749999999999999,7.721666666666667,-6.146666666666667,0.4424514309949757
turbine_2,2026-01-21 20:00:00+00:00,48,0.9174514309949756,0.9174514309949756,False,False,0.9697865853658537,13.17,-7.7,2026-01-20 19:00:00+00:00,25.0,2026-01-20 22:00:00,2026-01-21T00:00:00+05:00,23bee7534bfebd964acaf604affd5972b315cf4ff4ca4e354e3a4aa866383725,gfs_seamless,False,0.52,7.838333333333334,-6.173333333333333,0.3974514309949756
turbine_2,2026-01-21 21:00:00+00:00,48,0.9908936947381992,0.9908936947381992,False,False,0.9629209270620314,12.54,-8.2,2026-01-20 19:00:00+00:00,26.0,2026-01-20 22:00:00,2026-01-21T00:00:00+05:00,23bee7534bfebd964acaf604affd5972b315cf4ff4ca4e354e3a4aa866383725,gfs_seamless,False,0.385,6.916666666666667,-7.57,0.6058936947381992
turbine_2,2026-01-21 22:00:00+00:00,48,0.955164616914684,0.955164616914684,False,False,0.9572317351598173,12.13,-8.9,2026-01-20 19:00:00+00:00,27.0,2026-01-20 22:00:00,2026-01-21T00:00:00+05:00,23bee7534bfebd964acaf604affd5972b315cf4ff4ca4e354e3a4aa866383725,gfs_seamless,False,0.4283333333333334,7.343333333333334,-7.3933333333333335,0.5268312835813507
turbine_2,2026-01-21 23:00:00+00:00,48,0.984846927493557,0.984846927493557,False,False,0.9253557617942768,11.49,-8.6,2026-01-20 19:00:00+00:00,28.0,2026-01-20 22:00:00,2026-01-21T00:00:00+05:00,23bee7534bfebd964acaf604affd5972b315cf4ff4ca4e354e3a4aa866383725,gfs_seamless,False,0.15166666666666667,5.801666666666667,-7.461666666666667,0.8331802608268903
turbine_2,2026-01-22 00:00:00+00:00,48,0.9604673284653775,0.9604673284653775,False,False,0.9253557617942768,11.29,-9.6,2026-01-20 19:00:00+00:00,29.0,2026-01-20 22:00:00,2026-01-21T00:00:00+05:00,23bee7534bfebd964acaf604affd5972b315cf4ff4ca4e354e3a4aa866383725,gfs_seamless,False,0.29833333333333334,6.976666666666667,-7.631666666666667,0.6621339951320442
turbine_2,2026-01-22 01:00:00+00:00,48,0.9494850064970397,0.9494850064970397,False,False,0.8847668711656442,10.93,-10.1,2026-01-20 19:00:00+00:00,30.0,2026-01-20 22:00:00,2026-01-21T00:00:00+05:00,23bee7534bfebd964acaf604affd5972b315cf4ff4ca4e354e3a4aa866383725,gfs_seamless,False,0.09000000000000001,4.361666666666666,-8.023333333333333,0.8594850064970397
turbine_2,2026-01-22 02:00:00+00:00,48,0.8991156524611268,0.8991156524611268,False,False,0.8245056689342404,10.3,-10.1,2026-01-20 19:00:00+00:00,31.0,2026-01-20 22:00:00,2026-01-21T00:00:00+05:00,23bee7534bfebd964acaf604affd5972b315cf4ff4ca4e354e3a4aa866383725,gfs_seamless,False,0.02666666666666667,3.841666666666667,-8.103333333333333,0.8724489857944602
turbine_2,2026-01-22 03:00:00+00:00,48,0.5782563223807544,0.5782563223807544,False,False,0.615759009009009,8.51,-10.4,2026-01-20 19:00:00+00:00,32.0,2026-01-20 22:00:00,2026-01-21T00:00:00+05:00,23bee7534bfebd964acaf604affd5972b315cf4ff4ca4e354e3a4aa866383725,gfs_seamless,False,0.01,2.123333333333333,-8.733333333333333,0.5682563223807544
turbine_2,2026-01-22 04:00:00+00:00,48,0.7663239884627122,0.7663239884627122,False,False,0.8245056689342404,10.26,-7.3,2026-01-20 19:00:00+00:00,33.0,2026-01-20 22:00:00,2026-01-21T00:00:00+05:00,23bee7534bfebd964acaf604affd5972b315cf4ff4ca4e354e3a4aa866383725,gfs_seamless,False,0.028333333333333335,2.973333333333333,-8.528333333333334,0.7379906551293789
turbine_2,2026-01-22 05:00:00+00:00,48,0.9672075700925209,0.9672075700925209,False,False,0.9521731601731601,11.99,-4.9,2026-01-20 19:00:00+00:00,34.0,2026-01-20 22:00:00,2026-01-21T00:00:00+05:00,23bee7534bfebd964acaf604affd5972b315cf4ff4ca4e354e3a4aa866383725,gfs_seamless,False,0.016666666666666666,2.9966666666666666,-7.890000000000001,0.9505409034258542
turbine_2,2026-01-22 06:00:00+00:00,48,0.8062089697699222,0.8062089697699222,False,False,0.752911143838979,9.86,-3.4,2026-01-20 19:00:00+00:00,35.0,2026-01-20 22:00:00,2026-01-21T00:00:00+05:00,23bee7534bfebd964acaf604affd5972b315cf4ff4ca4e354e3a4aa866383725,gfs_seamless,False,0.01,2.9283333333333332,-6.471666666666667,0.7962089697699222
turbine_2,2026-01-22 07:00:00+00:00,48,0.5177627749461762,0.5177627749461762,False,False,0.5336827956989247,8.22,-4.4,2026-01-20 19:00:00+00:00,36.0,2026-01-20 22:00:00,2026-01-21T00:00:00+05:00,23bee7534bfebd964acaf604affd5972b315cf4ff4ca4e354e3a4aa866383725,gfs_seamless,False,0.008333333333333333,1.6483333333333334,-5.465,0.5094294416128429
turbine_2,2026-01-22 08:00:00+00:00,48,0.014009754090213135,0.014009754090213135,False,False,0.037194926140012845,3.09,-4.3,2026-01-20 19:00:00+00:00,37.0,2026-01-20 22:00:00,2026-01-21T00:00:00+05:00,23bee7534bfebd964acaf604affd5972b315cf4ff4ca4e354e3a4aa866383725,gfs_seamless,False,0.14833333333333334,5.361666666666667,-5.04,0.13432357924312022
turbine_2,2026-01-22 09:00:00+00:00,48,0.007972822678823106,0.007972822678823106,False,False,0.009708818635607321,1.27,-4.3,2026-01-20 19:00:00+00:00,38.0,2026-01-20 22:00:00,2026-01-21T00:00:00+05:00,23bee7534bfebd964acaf604affd5972b315cf4ff4ca4e354e3a4aa866383725,gfs_seamless,False,0.3283333333333333,7.515000000000001,-5.763333333333333,0.3203605106545102
turbine_2,2026-01-22 10:00:00+00:00,48,0.03298053413821149,0.03298053413821149,False,False,0.07911222780569514,4.36,-4.8,2026-01-20 19:00:00+00:00,39.0,2026-01-20 22:00:00,2026-01-21T00:00:00+05:00,23bee7534bfebd964acaf604affd5972b315cf4ff4ca4e354e3a4aa866383725,gfs_seamless,False,0.32166666666666666,7.291666666666667,-5.925,0.28868613252845515
turbine_2,2026-01-22 11:00:00+00:00,48,0.5890516888257066,0.5890516888257066,False,False,0.615759009009009,8.79,-5.7,2026-01-20 19:00:00+00:00,40.0,2026-01-20 22:00:00,2026-01-21T00:00:00+05:00,23bee7534bfebd964acaf604affd5972b315cf4ff4ca4e354e3a4aa866383725,gfs_seamless,False,0.49499999999999994,8.231666666666667,-5.08,0.09405168882570664
turbine_2,2026-01-22 12:00:00+00:00,48,0.6917982642567551,0.6917982642567551,False,False,0.674822695035461,9.31,-6.3,2026-01-20 19:00:00+00:00,41.0,2026-01-20 22:00:00,2026-01-21T00:00:00+05:00,23bee7534bfebd964acaf604affd5972b315cf4ff4ca4e354e3a4aa866383725,gfs_seamless,False,0.5116666666666666,8.196666666666667,-4.4366666666666665,0.18013159759008845
turbine_2,2026-01-22 13:00:00+00:00,48,0.7048817025460412,0.7048817025460412,False,False,0.674822695035461,9.12,-6.4,2026-01-20 19:00:00+00:00,42.0,2026-01-20 22:00:00,2026-01-21T00:00:00+05:00,23bee7534bfebd964acaf604affd5972b315cf4ff4ca4e354e3a4aa866383725,gfs_seamless,False,0.4683333333333333,7.978333333333334,-5.1049999999999995,0.2365483692127079
turbine_2,2026-01-22 14:00:00+00:00,48,0.7655079009206088,0.7655079009206088,False,False,0.8245056689342404,10.11,-7.4,2026-01-20 19:00:00+00:00,43.0,2026-01-20 22:00:00,2026-01-21T00:00:00+05:00,23bee7534bfebd964acaf604affd5972b315cf4ff4ca4e354e3a4aa866383725,gfs_seamless,False,0.7733333333333333,9.531666666666666,-5.785,0.007825432412724487
turbine_2,2026-01-22 15:00:00+00:00,48,0.9212725233557526,0.9212725233557526,False,False,0.9572317351598173,12.03,-7.3,2026-01-20 19:00:00+00:00,44.0,2026-01-20 22:00:00,2026-01-21T00:00:00+05:00,23bee7534bfebd964acaf604affd5972b315cf4ff4ca4e354e3a4aa866383725,gfs_seamless,False,0.8183333333333334,9.866666666666667,-5.8933333333333335,0.10293919002241925
turbine_2,2026-01-22 16:00:00+00:00,48,0.9537362621707746,0.9537362621707746,False,False,0.9521731601731601,11.94,-6.6,2026-01-20 19:00:00+00:00,45.0,2026-01-20 22:00:00,2026-01-21T00:00:00+05:00,23bee7534bfebd964acaf604affd5972b315cf4ff4ca4e354e3a4aa866383725,gfs_seamless,False,0.6983333333333334,9.228333333333333,-6.598333333333334,0.2554029288374412
turbine_2,2026-01-22 17:00:00+00:00,48,0.9633704767622674,0.9633704767622674,False,False,0.9253557617942768,11.42,-5.9,2026-01-20 19:00:00+00:00,46.0,2026-01-20 22:00:00,2026-01-21T00:00:00+05:00,23bee7534bfebd964acaf604affd5972b315cf4ff4ca4e354e3a4aa866383725,gfs_seamless,False,0.965,10.89,-6.261666666666667,0.0016295232377325775
turbine_2,2026-01-22 18:00:00+00:00,48,0.7645813572031193,0.7645813572031193,False,False,0.8245056689342404,10.07,-7.2,2026-01-20 19:00:00+00:00,47.0,2026-01-20 22:00:00,2026-01-21T00:00:00+05:00,23bee7534bfebd964acaf604affd5972b315cf4ff4ca4e354e3a4aa866383725,gfs_seamless,False,0.9783333333333334,11.385,-6.131666666666667,0.21375197613021413
turbine_2,2026-01-22 19:00:00+00:00,48,0.8101040854111536,0.8101040854111536,False,False,0.8847668711656442,10.8,-7.6,2026-01-20 19:00:00+00:00,48.0,2026-01-20 22:00:00,2026-01-21T00:00:00+05:00,23bee7534bfebd964acaf604affd5972b315cf4ff4ca4e354e3a4aa866383725,gfs_seamless,False,0.9816666666666666,12.086666666666666,-5.196666666666666,0.17156258125551294
turbine_1,2026-01-21 20:00:00+00:00,24,1.0001423033241434,0.9983333333333334,True,False,0.9671712538226298,12.54,-7.5,2026-01-21 19:00:00+00:00,1.0,2026-01-21 22:00:00,2026-01-22T00:00:00+05:00,50ee351bfafd15d1c5a873c929b2f3e1a1840b5402dd88c11e035c1da20b7cde,gfs_seamless,False,0.5483333333333333,7.773333333333333,-6.109999999999999,0.45000000000000007
turbine_1,2026-01-21 21:00:00+00:00,24,0.974063790055022,0.974063790055022,False,False,0.9378823529411765,11.28,-8.7,2026-01-21 19:00:00+00:00,2.0,2026-01-21 22:00:00,2026-01-22T00:00:00+05:00,50ee351bfafd15d1c5a873c929b2f3e1a1840b5402dd88c11e035c1da20b7cde,gfs_seamless,False,0.3983333333333334,6.883333333333333,-7.695,0.5757304567216885
turbine_1,2026-01-21 22:00:00+00:00,24,0.6798507527474553,0.6798507527474553,False,False,0.69498998998999,9.18,-10.2,2026-01-21 19:00:00+00:00,3.0,2026-01-21 22:00:00,2026-01-22T00:00:00+05:00,50ee351bfafd15d1c5a873c929b2f3e1a1840b5402dd88c11e035c1da20b7cde,gfs_seamless,False,0.4566666666666667,7.258333333333333,-7.271666666666667,0.2231840860807886
turbine_1,2026-01-21 23:00:00+00:00,24,0.694716988444903,0.694716988444903,False,False,0.69498998998999,9.22,-10.3,2026-01-21 19:00:00+00:00,4.0,2026-01-21 22:00:00,2026-01-22T00:00:00+05:00,50ee351bfafd15d1c5a873c929b2f3e1a1840b5402dd88c11e035c1da20b7cde,gfs_seamless,False,0.27499999999999997,6.576666666666667,-7.32,0.41971698844490307
turbine_1,2026-01-22 00:00:00+00:00,24,0.13984489655484753,0.13984489655484753,False,False,0.2568453937808777,6.13,-10.6,2026-01-21 19:00:00+00:00,5.0,2026-01-21 22:00:00,2026-01-22T00:00:00+05:00,50ee351bfafd15d1c5a873c929b2f3e1a1840b5402dd88c11e035c1da20b7cde,gfs_seamless,False,0.43166666666666664,7.513333333333333,-7.330000000000001,0.2918217701118191
turbine_1,2026-01-22 01:00:00+00:00,24,0.01633095769050407,0.01633095769050407,False,False,0.04026801561945332,3.0,-11.3,2026-01-21 19:00:00+00:00,6.0,2026-01-21 22:00:00,2026-01-22T00:00:00+05:00,50ee351bfafd15d1c5a873c929b2f3e1a1840b5402dd88c11e035c1da20b7cde,gfs_seamless,False,0.09499999999999999,3.5133333333333336,-7.605,0.07866904230949592
turbine_1,2026-01-22 02:00:00+00:00,24,0.03414790984519513,0.03414790984519513,False,False,0.08171147880041366,4.41,-11.3,2026-01-21 19:00:00+00:00,7.0,2026-01-21 22:00:00,2026-01-22T00:00:00+05:00,50ee351bfafd15d1c5a873c929b2f3e1a1840b5402dd88c11e035c1da20b7cde,gfs_seamless,False,0.03333333333333333,3.73,-7.583333333333333,0.0008145765118618004
turbine_1,2026-01-22 03:00:00+00:00,24,0.5309597048350865,0.5309597048350865,False,False,0.5477100591715977,8.26,-9.6,2026-01-21 19:00:00+00:00,8.0,2026-01-21 22:00:00,2026-01-22T00:00:00+05:00,50ee351bfafd15d1c5a873c929b2f3e1a1840b5402dd88c11e035c1da20b7cde,gfs_seamless,False,0.01,2.3249999999999997,-8.450000000000001,0.5209597048350865
turbine_1,2026-01-22 04:00:00+00:00,24,0.9863649369921054,0.9863649369921054,False,False,0.9581862745098039,12.35,-6.1,2026-01-21 19:00:00+00:00,9.0,2026-01-21 22:00:00,2026-01-22T00:00:00+05:00,50ee351bfafd15d1c5a873c929b2f3e1a1840b5402dd88c11e035c1da20b7cde,gfs_seamless,False,0.03333333333333333,3.0583333333333336,-8.133333333333333,0.953031603658772
turbine_1,2026-01-22 05:00:00+00:00,24,0.9903238041063308,0.9903238041063308,False,False,0.9770314253647585,13.21,-4.0,2026-01-21 19:00:00+00:00,10.0,2026-01-21 22:00:00,2026-01-22T00:00:00+05:00,50ee351bfafd15d1c5a873c929b2f3e1a1840b5402dd88c11e035c1da20b7cde,gfs_seamless,False,0.016666666666666666,2.9466666666666668,-7.6066666666666665,0.9736571374396641
turbine_1,2026-01-22 06:00:00+00:00,24,0.9192979171561013,0.9192979171561013,False,False,0.8931226765799256,10.57,-2.6,2026-01-21 19:00:00+00:00,11.0,2026-01-21 22:00:00,2026-01-22T00:00:00+05:00,50ee351bfafd15d1c5a873c929b2f3e1a1840b5402dd88c11e035c1da20b7cde,gfs_seamless,False,0.011666666666666667,2.7983333333333333,-6.238333333333333,0.9076312504894346
turbine_1,2026-01-22 07:00:00+00:00,24,0.5968395272003985,0.5968395272003985,False,False,0.5477100591715977,8.43,-2.9,2026-01-21 19:00:00+00:00,12.0,2026-01-21 22:00:00,2026-01-22T00:00:00+05:00,50ee351bfafd15d1c5a873c929b2f3e1a1840b5402dd88c11e035c1da20b7cde,gfs_seamless,False,0.01,1.5666666666666667,-5.158333333333333,0.5868395272003984
turbine_1,2026-01-22 08:00:00+00:00,24,0.01833004895150455,0.01833004895150455,False,False,0.04026801561945332,3.14,-3.3,2026-01-21 19:00:00+00:00,13.0,2026-01-21 22:00:00,2026-01-22T00:00:00+05:00,50ee351bfafd15d1c5a873c929b2f3e1a1840b5402dd88c11e035c1da20b7cde,gfs_seamless,False,0.15666666666666665,5.455000000000001,-4.864999999999999,0.1383366177151621
turbine_1,2026-01-22 09:00:00+00:00,24,0.05999667096518987,0.05999667096518987,False,False,0.1115932092719556,4.88,-3.6,2026-01-21 19:00:00+00:00,14.0,2026-01-21 22:00:00,2026-01-22T00:00:00+05:00,50ee351bfafd15d1c5a873c929b2f3e1a1840b5402dd88c11e035c1da20b7cde,gfs_seamless,False,0.32,7.255,-5.523333333333333,0.26000332903481016
turbine_1,2026-01-22 10:00:00+00:00,24,0.6947595663580125,0.6947595663580125,False,False,0.6263250968992249,8.98,-4.1,2026-01-21 19:00:00+00:00,15.0,2026-01-21 22:00:00,2026-01-22T00:00:00+05:00,50ee351bfafd15d1c5a873c929b2f3e1a1840b5402dd88c11e035c1da20b7cde,gfs_seamless,False,0.3016666666666667,7.071666666666666,-5.7,0.3930928996913458
turbine_1,2026-01-22 11:00:00+00:00,24,0.8738796493191968,0.8738796493191968,False,False,0.8304850088183422,10.05,-5.7,2026-01-21 19:00:00+00:00,16.0,2026-01-21 22:00:00,2026-01-22T00:00:00+05:00,50ee351bfafd15d1c5a873c929b2f3e1a1840b5402dd88c11e035c1da20b7cde,gfs_seamless,False,0.5083333333333333,8.275,-5.016666666666667,0.3655463159858635
turbine_1,2026-01-22 12:00:00+00:00,24,0.6831372269799038,0.6831372269799038,False,False,0.69498998998999,9.31,-6.5,2026-01-21 19:00:00+00:00,17.0,2026-01-21 22:00:00,2026-01-22T00:00:00+05:00,50ee351bfafd15d1c5a873c929b2f3e1a1840b5402dd88c11e035c1da20b7cde,gfs_seamless,False,0.4716666666666667,7.96,-4.416666666666667,0.21147056031323708
turbine_1,2026-01-22 13:00:00+00:00,24,0.7492637146210018,0.7492637146210018,False,False,0.7643670576735092,9.53,-6.9,2026-01-21 19:00:00+00:00,18.0,2026-01-21 22:00:00,2026-01-22T00:00:00+05:00,50ee351bfafd15d1c5a873c929b2f3e1a1840b5402dd88c11e035c1da20b7cde,gfs_seamless,False,0.45166666666666666,7.831666666666667,-5.036666666666666,0.29759704795433517
turbine_1,2026-01-22 14:00:00+00:00,24,0.6683876195151176,0.6683876195151176,False,False,0.69498998998999,9.26,-6.8,2026-01-21 19:00:00+00:00,19.0,2026-01-21 22:00:00,2026-01-22T00:00:00+05:00,50ee351bfafd15d1c5a873c929b2f3e1a1840b5402dd88c11e035c1da20b7cde,gfs_seamless,False,0.7066666666666667,9.031666666666666,-5.858333333333333,0.03827904715154906
turbine_1,2026-01-22 15:00:00+00:00,24,0.8470485422461824,0.8470485422461824,False,False,0.8931226765799256,10.57,-7.1,2026-01-21 19:00:00+00:00,20.0,2026-01-21 22:00:00,2026-01-22T00:00:00+05:00,50ee351bfafd15d1c5a873c929b2f3e1a1840b5402dd88c11e035c1da20b7cde,gfs_seamless,False,0.7583333333333333,9.448333333333332,-5.995,0.08871520891284912
turbine_1,2026-01-22 16:00:00+00:00,24,0.9504370836191357,0.9504370836191357,False,False,0.9378823529411765,11.43,-6.8,2026-01-21 19:00:00+00:00,21.0,2026-01-21 22:00:00,2026-01-22T00:00:00+05:00,50ee351bfafd15d1c5a873c929b2f3e1a1840b5402dd88c11e035c1da20b7cde,gfs_seamless,False,0.6983333333333333,9.104999999999999,-6.711666666666666,0.25210375028580245
turbine_1,2026-01-22 17:00:00+00:00,24,0.9776772504594361,0.9776772504594361,False,False,0.9581862745098039,12.18,-6.9,2026-01-21 19:00:00+00:00,22.0,2026-01-21 22:00:00,2026-01-22T00:00:00+05:00,50ee351bfafd15d1c5a873c929b2f3e1a1840b5402dd88c11e035c1da20b7cde,gfs_seamless,False,0.9700000000000001,10.908333333333333,-6.390000000000001,0.007677250459436014
turbine_1,2026-01-22 18:00:00+00:00,24,0.9878174714431941,0.9878174714431941,False,False,0.9581862745098039,12.07,-8.7,2026-01-21 19:00:00+00:00,23.0,2026-01-21 22:00:00,2026-01-22T00:00:00+05:00,50ee351bfafd15d1c5a873c929b2f3e1a1840b5402dd88c11e035c1da20b7cde,gfs_seamless,False,0.9883333333333333,11.393333333333333,-6.353333333333333,0.0005158618901391909
turbine_1,2026-01-22 19:00:00+00:00,24,0.9949424190540713,0.9949424190540713,False,False,0.9602693370165746,11.51,-7.8,2026-01-21 19:00:00+00:00,24.0,2026-01-21 22:00:00,2026-01-22T00:00:00+05:00,50ee351bfafd15d1c5a873c929b2f3e1a1840b5402dd88c11e035c1da20b7cde,gfs_seamless,False,0.9899999999999999,11.988333333333335,-5.41,0.004942419054071445
turbine_1,2026-01-22 20:00:00+00:00,48,0.9554649040003198,0.9554649040003198,False,False,0.9378823529411765,11.0,-7.8,2026-01-21 19:00:00+00:00,25.0,2026-01-21 22:00:00,2026-01-22T00:00:00+05:00,50ee351bfafd15d1c5a873c929b2f3e1a1840b5402dd88c11e035c1da20b7cde,gfs_seamless,False,0.9899999999999999,12.641666666666666,-6.09,0.03453509599968008
turbine_1,2026-01-22 21:00:00+00:00,48,0.8238171888325828,0.8238171888325828,False,False,0.7643670576735092,9.63,-8.9,2026-01-21 19:00:00+00:00,26.0,2026-01-21 22:00:00,2026-01-22T00:00:00+05:00,50ee351bfafd15d1c5a873c929b2f3e1a1840b5402dd88c11e035c1da20b7cde,gfs_seamless,False,0.985,11.281666666666666,-5.941666666666666,0.16118281116741717
turbine_1,2026-01-22 22:00:00+00:00,48,0.6008603382765035,0.6008603382765035,False,False,0.5477100591715977,8.48,-8.0,2026-01-21 19:00:00+00:00,27.0,2026-01-21 22:00:00,2026-01-22T00:00:00+05:00,50ee351bfafd15d1c5a873c929b2f3e1a1840b5402dd88c11e035c1da20b7cde,gfs_seamless,False,0.8333333333333334,9.790000000000001,-5.873333333333334,0.23247299505682983
turbine_1,2026-01-22 23:00:00+00:00,48,0.6008603382765035,0.6008603382765035,False,False,0.5477100591715977,8.49,-7.4,2026-01-21 19:00:00+00:00,28.0,2026-01-21 22:00:00,2026-01-22T00:00:00+05:00,50ee351bfafd15d1c5a873c929b2f3e1a1840b5402dd88c11e035c1da20b7cde,gfs_seamless,False,0.4566666666666667,7.803333333333334,-5.78,0.14419367160983682
turbine_1,2026-01-23 00:00:00+00:00,48,0.2604745078543496,0.2604745078543496,False,False,0.32492141162514826,6.71,-6.0,2026-01-21 19:00:00+00:00,29.0,2026-01-21 22:00:00,2026-01-22T00:00:00+05:00,50ee351bfafd15d1c5a873c929b2f3e1a1840b5402dd88c11e035c1da20b7cde,gfs_seamless,False,0.42333333333333334,7.636666666666667,-5.53,0.16285882547898373
turbine_1,2026-01-23 01:00:00+00:00,48,0.039276972474433645,0.039276972474433645,False,False,0.08171147880041366,4.38,-5.7,2026-01-21 19:00:00+00:00,30.0,2026-01-21 22:00:00,2026-01-22T00:00:00+05:00,50ee351bfafd15d1c5a873c929b2f3e1a1840b5402dd88c11e035c1da20b7cde,gfs_seamless,False,0.4566666666666667,7.738333333333333,-4.79,0.4173896941922331
turbine_1,2026-01-23 02:00:00+00:00,48,0.009191686106604775,0.009191686106604775,False,False,0.01604601877081441,2.22,-4.9,2026-01-21 19:00:00+00:00,31.0,2026-01-21 22:00:00,2026-01-22T00:00:00+05:00,50ee351bfafd15d1c5a873c929b2f3e1a1840b5402dd88c11e035c1da20b7cde,gfs_seamless,False,0.3,6.7683333333333335,-4.193333333333333,0.29080831389339523
turbine_1,2026-01-23 03:00:00+00:00,48,0.00828747046123368,0.00828747046123368,False,False,0.011035165923724615,1.68,-5.0,2026-01-21 19:00:00+00:00,32.0,2026-01-21 22:00:00,2026-01-22T00:00:00+05:00,50ee351bfafd15d1c5a873c929b2f3e1a1840b5402dd88c11e035c1da20b7cde,gfs_seamless,False,0.7200000000000001,9.086666666666666,-3.391666666666667,0.7117125295387664
turbine_1,2026-01-23 04:00:00+00:00,48,0.008524205604792811,0.008524205604792811,False,False,0.009961072664359862,1.39,-5.0,2026-01-21 19:00:00+00:00,33.0,2026-01-21 22:00:00,2026-01-22T00:00:00+05:00,50ee351bfafd15d1c5a873c929b2f3e1a1840b5402dd88c11e035c1da20b7cde,gfs_seamless,False,0.8333333333333334,9.776666666666666,-1.8766666666666667,0.8248091277285405
turbine_1,2026-01-23 05:00:00+00:00,48,0.009289921495798515,0.009289921495798515,False,False,0.01604601877081441,2.26,-4.7,2026-01-21 19:00:00+00:00,34.0,2026-01-21 22:00:00,2026-01-22T00:00:00+05:00,50ee351bfafd15d1c5a873c929b2f3e1a1840b5402dd88c11e035c1da20b7cde,gfs_seamless,False,0.9049999999999999,10.296666666666667,-0.6833333333333332,0.8957100785042014
turbine_1,2026-01-23 06:00:00+00:00,48,0.008535362037866054,0.008535362037866054,False,False,0.009989035087719297,0.81,-3.5,2026-01-21 19:00:00+00:00,35.0,2026-01-21 22:00:00,2026-01-22T00:00:00+05:00,50ee351bfafd15d1c5a873c929b2f3e1a1840b5402dd88c11e035c1da20b7cde,gfs_seamless,False,0.5033333333333333,8.123333333333333,0.15833333333333333,0.49479797129546726
turbine_1,2026-01-23 07:00:00+00:00,48,0.009063668424321136,0.009063668424321136,False,False,0.009989035087719297,0.72,-2.6,2026-01-21 19:00:00+00:00,36.0,2026-01-21 22:00:00,2026-01-22T00:00:00+05:00,50ee351bfafd15d1c5a873c929b2f3e1a1840b5402dd88c11e035c1da20b7cde,gfs_seamless,False,0.23333333333333336,6.498333333333334,-0.325,0.22426966490901223
turbine_1,2026-01-23 08:00:00+00:00,48,0.008557226958111267,0.008557226958111267,False,False,0.01604601877081441,2.06,-1.4,2026-01-21 19:00:00+00:00,37.0,2026-01-21 22:00:00,2026-01-22T00:00:00+05:00,50ee351bfafd15d1c5a873c929b2f3e1a1840b5402dd88c11e035c1da20b7cde,gfs_seamless,False,0.125,5.579999999999999,0.42333333333333334,0.11644277304188873
turbine_1,2026-01-23 09:00:00+00:00,48,0.027721637225764893,0.027721637225764893,False,False,0.05819459656809055,3.82,-0.8,2026-01-21 19:00:00+00:00,38.0,2026-01-21 22:00:00,2026-01-22T00:00:00+05:00,50ee351bfafd15d1c5a873c929b2f3e1a1840b5402dd88c11e035c1da20b7cde,gfs_seamless,False,0.17166666666666666,5.945,-0.19333333333333336,0.14394502944090176
turbine_1,2026-01-23 10:00:00+00:00,48,0.06314498746750999,0.06314498746750999,False,False,0.1115932092719556,4.75,-1.1,2026-01-21 19:00:00+00:00,39.0,2026-01-21 22:00:00,2026-01-22T00:00:00+05:00,50ee351bfafd15d1c5a873c929b2f3e1a1840b5402dd88c11e035c1da20b7cde,gfs_seamless,False,0.3016666666666667,6.91,-0.9550000000000001,0.2385216791991567
turbine_1,2026-01-23 11:00:00+00:00,48,0.16419548715311352,0.16419548715311352,False,False,0.19532623532623533,5.79,-2.4,2026-01-21 19:00:00+00:00,40.0,2026-01-21 22:00:00,2026-01-22T00:00:00+05:00,50ee351bfafd15d1c5a873c929b2f3e1a1840b5402dd88c11e035c1da20b7cde,gfs_seamless,False,0.65,8.733333333333333,-1.2366666666666666,0.4858045128468865
turbine_1,2026-01-23 12:00:00+00:00,48,0.6751120987033131,0.6751120987033131,False,False,0.6263250968992249,8.81,-4.3,2026-01-21 19:00:00+00:00,41.0,2026-01-21 22:00:00,2026-01-22T00:00:00+05:00,50ee351bfafd15d1c5a873c929b2f3e1a1840b5402dd88c11e035c1da20b7cde,gfs_seamless,False,0.5233333333333333,8.168333333333333,-1.2916666666666667,0.1517787653699798
turbine_1,2026-01-23 13:00:00+00:00,48,0.4324404818281712,0.4324404818281712,False,False,0.39827977315689983,7.47,-4.4,2026-01-21 19:00:00+00:00,42.0,2026-01-21 22:00:00,2026-01-22T00:00:00+05:00,50ee351bfafd15d1c5a873c929b2f3e1a1840b5402dd88c11e035c1da20b7cde,gfs_seamless,False,0.36333333333333334,7.28,-1.4566666666666668,0.06910714849483784
turbine_1,2026-01-23 14:00:00+00:00,48,0.2769654941965367,0.2769654941965367,False,False,0.32492141162514826,6.94,-4.7,2026-01-21 19:00:00+00:00,43.0,2026-01-21 22:00:00,2026-01-22T00:00:00+05:00,50ee351bfafd15d1c5a873c929b2f3e1a1840b5402dd88c11e035c1da20b7cde,gfs_seamless,False,0.15166666666666667,5.915,-1.5783333333333334,0.12529882752987004
turbine_1,2026-01-23 15:00:00+00:00,48,0.33218669369201076,0.33218669369201076,False,False,0.39827977315689983,7.05,-4.1,2026-01-21 19:00:00+00:00,44.0,2026-01-21 22:00:00,2026-01-22T00:00:00+05:00,50ee351bfafd15d1c5a873c929b2f3e1a1840b5402dd88c11e035c1da20b7cde,gfs_seamless,False,0.07333333333333333,4.4816666666666665,-1.0516666666666667,0.25885336035867745
turbine_1,2026-01-23 16:00:00+00:00,48,0.10347279953376179,0.10347279953376179,False,False,0.14888262910798122,5.44,-4.3,2026-01-21 19:00:00+00:00,45.0,2026-01-21 22:00:00,2026-01-22T00:00:00+05:00,50ee351bfafd15d1c5a873c929b2f3e1a1840b5402dd88c11e035c1da20b7cde,gfs_seamless,False,0.023333333333333334,3.025,-1.5250000000000001,0.08013946620042846
turbine_1,2026-01-23 17:00:00+00:00,48,0.0821071936497575,0.0821071936497575,False,False,0.14888262910798122,5.19,-4.9,2026-01-21 19:00:00+00:00,46.0,2026-01-21 22:00:00,2026-01-22T00:00:00+05:00,50ee351bfafd15d1c5a873c929b2f3e1a1840b5402dd88c11e035c1da20b7cde,gfs_seamless,False,0.03833333333333334,4.1866666666666665,-2.7883333333333336,0.04377386031642417
turbine_1,2026-01-23 18:00:00+00:00,48,0.1181093078643193,0.1181093078643193,False,False,0.19532623532623533,5.71,-4.5,2026-01-21 19:00:00+00:00,47.0,2026-01-21 22:00:00,2026-01-22T00:00:00+05:00,50ee351bfafd15d1c5a873c929b2f3e1a1840b5402dd88c11e035c1da20b7cde,gfs_seamless,False,0.01,1.2133333333333334,-2.57,0.1081093078643193
turbine_1,2026-01-23 19:00:00+00:00,48,0.04065789583442692,0.04065789583442692,False,False,0.1115932092719556,4.52,-6.4,2026-01-21 19:00:00+00:00,48.0,2026-01-21 22:00:00,2026-01-22T00:00:00+05:00,50ee351bfafd15d1c5a873c929b2f3e1a1840b5402dd88c11e035c1da20b7cde,gfs_seamless,False,0.01,2.31,-3.2133333333333334,0.03065789583442692
turbine_2,2026-01-21 20:00:00+00:00,24,0.9270811566865321,0.9270811566865321,False,False,0.9630792682926829,12.54,-7.5,2026-01-21 19:00:00+00:00,1.0,2026-01-21 22:00:00,2026-01-22T00:00:00+05:00,64aeeedc1ba051e6f0f72eca380caffe55f574bba9b641c5b8575279aa6b0048,gfs_seamless,False,0.52,7.838333333333334,-6.173333333333333,0.4070811566865321
turbine_2,2026-01-21 21:00:00+00:00,24,0.9698021098186645,0.9698021098186645,False,False,0.9253202160493827,11.28,-8.7,2026-01-21 19:00:00+00:00,2.0,2026-01-21 22:00:00,2026-01-22T00:00:00+05:00,64aeeedc1ba051e6f0f72eca380caffe55f574bba9b641c5b8575279aa6b0048,gfs_seamless,False,0.385,6.916666666666667,-7.57,0.5848021098186645
turbine_2,2026-01-21 22:00:00+00:00,24,0.6784853323103845,0.6784853323103845,False,False,0.674822695035461,9.18,-10.2,2026-01-21 19:00:00+00:00,3.0,2026-01-21 22:00:00,2026-01-22T00:00:00+05:00,64aeeedc1ba051e6f0f72eca380caffe55f574bba9b641c5b8575279aa6b0048,gfs_seamless,False,0.4283333333333334,7.343333333333334,-7.3933333333333335,0.25015199897705115
turbine_2,2026-01-21 23:00:00+00:00,24,0.6850938142604072,0.6850938142604072,False,False,0.674822695035461,9.22,-10.3,2026-01-21 19:00:00+00:00,4.0,2026-01-21 22:00:00,2026-01-22T00:00:00+05:00,64aeeedc1ba051e6f0f72eca380caffe55f574bba9b641c5b8575279aa6b0048,gfs_seamless,False,0.15166666666666667,5.801666666666667,-7.461666666666667,0.5334271475937404
turbine_2,2026-01-22 00:00:00+00:00,24,0.12364763427016161,0.12364763427016161,False,False,0.2464508493455862,6.13,-10.6,2026-01-21 19:00:00+00:00,5.0,2026-01-21 22:00:00,2026-01-22T00:00:00+05:00,64aeeedc1ba051e6f0f72eca380caffe55f574bba9b641c5b8575279aa6b0048,gfs_seamless,False,0.29833333333333334,6.976666666666667,-7.631666666666667,0.17468569906317172
turbine_2,2026-01-22 01:00:00+00:00,24,0.012272863358185431,0.012272863358185431,False,False,0.037194926140012845,3.0,-11.3,2026-01-21 19:00:00+00:00,6.0,2026-01-21 22:00:00,2026-01-22T00:00:00+05:00,64aeeedc1ba051e6f0f72eca380caffe55f574bba9b641c5b8575279aa6b0048,gfs_seamless,False,0.09000000000000001,4.361666666666666,-8.023333333333333,0.07772713664181458
turbine_2,2026-01-22 02:00:00+00:00,24,0.02489142609942161,0.02489142609942161,False,False,0.0790863453815261,4.41,-11.3,2026-01-21 19:00:00+00:00,7.0,2026-01-21 22:00:00,2026-01-22T00:00:00+05:00,64aeeedc1ba051e6f0f72eca380caffe55f574bba9b641c5b8575279aa6b0048,gfs_seamless,False,0.02666666666666667,3.841666666666667,-8.103333333333333,0.0017752405672450573
turbine_2,2026-01-22 03:00:00+00:00,24,0.4864838423421778,0.4864838423421778,False,False,0.5336827956989247,8.26,-9.6,2026-01-21 19:00:00+00:00,8.0,2026-01-21 22:00:00,2026-01-22T00:00:00+05:00,64aeeedc1ba051e6f0f72eca380caffe55f574bba9b641c5b8575279aa6b0048,gfs_seamless,False,0.01,2.123333333333333,-8.733333333333333,0.4764838423421778
turbine_2,2026-01-22 04:00:00+00:00,24,0.9868942591277734,0.9868942591277734,False,False,0.9572820512820512,12.35,-6.1,2026-01-21 19:00:00+00:00,9.0,2026-01-21 22:00:00,2026-01-22T00:00:00+05:00,64aeeedc1ba051e6f0f72eca380caffe55f574bba9b641c5b8575279aa6b0048,gfs_seamless,False,0.028333333333333335,2.973333333333333,-8.528333333333334,0.9585609257944401
turbine_2,2026-01-22 05:00:00+00:00,24,0.9730279065579964,0.9730279065579964,False,False,0.9699395770392749,13.21,-4.0,2026-01-21 19:00:00+00:00,10.0,2026-01-21 22:00:00,2026-01-22T00:00:00+05:00,64aeeedc1ba051e6f0f72eca380caffe55f574bba9b641c5b8575279aa6b0048,gfs_seamless,False,0.016666666666666666,2.9966666666666666,-7.890000000000001,0.9563612398913297
turbine_2,2026-01-22 06:00:00+00:00,24,0.8982237281671701,0.8982237281671701,False,False,0.8848406862745097,10.57,-2.6,2026-01-21 19:00:00+00:00,11.0,2026-01-21 22:00:00,2026-01-22T00:00:00+05:00,64aeeedc1ba051e6f0f72eca380caffe55f574bba9b641c5b8575279aa6b0048,gfs_seamless,False,0.01,2.9283333333333332,-6.471666666666667,0.8882237281671701
turbine_2,2026-01-22 07:00:00+00:00,24,0.5690828924330189,0.5690828924330189,False,False,0.5336827956989247,8.43,-2.9,2026-01-21 19:00:00+00:00,12.0,2026-01-21 22:00:00,2026-01-22T00:00:00+05:00,64aeeedc1ba051e6f0f72eca380caffe55f574bba9b641c5b8575279aa6b0048,gfs_seamless,False,0.008333333333333333,1.6483333333333334,-5.465,0.5607495590996856
turbine_2,2026-01-22 08:00:00+00:00,24,0.01490760081579011,0.01490760081579011,False,False,0.037194926140012845,3.14,-3.3,2026-01-21 19:00:00+00:00,13.0,2026-01-21 22:00:00,2026-01-22T00:00:00+05:00,64aeeedc1ba051e6f0f72eca380caffe55f574bba9b641c5b8575279aa6b0048,gfs_seamless,False,0.14833333333333334,5.361666666666667,-5.04,0.13342573251754322
turbine_2,2026-01-22 09:00:00+00:00,24,0.053282723012930334,0.053282723012930334,False,False,0.1050591985428051,4.88,-3.6,2026-01-21 19:00:00+00:00,14.0,2026-01-21 22:00:00,2026-01-22T00:00:00+05:00,64aeeedc1ba051e6f0f72eca380caffe55f574bba9b641c5b8575279aa6b0048,gfs_seamless,False,0.3283333333333333,7.515000000000001,-5.763333333333333,0.27505061032040296
turbine_2,2026-01-22 10:00:00+00:00,24,0.6599257355265098,0.6599257355265098,False,False,0.6158074673864148,8.98,-4.1,2026-01-21 19:00:00+00:00,15.0,2026-01-21 22:00:00,2026-01-22T00:00:00+05:00,64aeeedc1ba051e6f0f72eca380caffe55f574bba9b641c5b8575279aa6b0048,gfs_seamless,False,0.32166666666666666,7.291666666666667,-5.925,0.33825906885984314
turbine_2,2026-01-22 11:00:00+00:00,24,0.8377696857704084,0.8377696857704084,False,False,0.8245199275362319,10.05,-5.7,2026-01-21 19:00:00+00:00,16.0,2026-01-21 22:00:00,2026-01-22T00:00:00+05:00,64aeeedc1ba051e6f0f72eca380caffe55f574bba9b641c5b8575279aa6b0048,gfs_seamless,False,0.49499999999999994,8.231666666666667,-5.08,0.3427696857704085
turbine_2,2026-01-22 12:00:00+00:00,24,0.6982571762571382,0.6982571762571382,False,False,0.674822695035461,9.31,-6.5,2026-01-21 19:00:00+00:00,17.0,2026-01-21 22:00:00,2026-01-22T00:00:00+05:00,64aeeedc1ba051e6f0f72eca380caffe55f574bba9b641c5b8575279aa6b0048,gfs_seamless,False,0.5116666666666666,8.196666666666667,-4.4366666666666665,0.18659050959047163
turbine_2,2026-01-22 13:00:00+00:00,24,0.6786676068595159,0.6786676068595159,False,False,0.752911143838979,9.53,-6.9,2026-01-21 19:00:00+00:00,18.0,2026-01-21 22:00:00,2026-01-22T00:00:00+05:00,64aeeedc1ba051e6f0f72eca380caffe55f574bba9b641c5b8575279aa6b0048,gfs_seamless,False,0.4683333333333333,7.978333333333334,-5.1049999999999995,0.21033427352618256
turbine_2,2026-01-22 14:00:00+00:00,24,0.7007281388478517,0.7007281388478517,False,False,0.674822695035461,9.26,-6.8,2026-01-21 19:00:00+00:00,19.0,2026-01-21 22:00:00,2026-01-22T00:00:00+05:00,64aeeedc1ba051e6f0f72eca380caffe55f574bba9b641c5b8575279aa6b0048,gfs_seamless,False,0.7733333333333333,9.531666666666666,-5.785,0.07260519448548164
turbine_2,2026-01-22 15:00:00+00:00,24,0.7986455622862884,0.7986455622862884,False,False,0.8848406862745097,10.57,-7.1,2026-01-21 19:00:00+00:00,20.0,2026-01-21 22:00:00,2026-01-22T00:00:00+05:00,64aeeedc1ba051e6f0f72eca380caffe55f574bba9b641c5b8575279aa6b0048,gfs_seamless,False,0.8183333333333334,9.866666666666667,-5.8933333333333335,0.019687771047045
turbine_2,2026-01-22 16:00:00+00:00,24,0.9307190730756314,0.9307190730756314,False,False,0.9253202160493827,11.43,-6.8,2026-01-21 19:00:00+00:00,21.0,2026-01-21 22:00:00,2026-01-22T00:00:00+05:00,64aeeedc1ba051e6f0f72eca380caffe55f574bba9b641c5b8575279aa6b0048,gfs_seamless,False,0.6983333333333334,9.228333333333333,-6.598333333333334,0.23238573974229804
turbine_2,2026-01-22 17:00:00+00:00,24,0.9103539183884791,0.9103539183884791,False,False,0.9572820512820512,12.18,-6.9,2026-01-21 19:00:00+00:00,22.0,2026-01-21 22:00:00,2026-01-22T00:00:00+05:00,64aeeedc1ba051e6f0f72eca380caffe55f574bba9b641c5b8575279aa6b0048,gfs_seamless,False,0.965,10.89,-6.261666666666667,0.05464608161152085
turbine_2,2026-01-22 18:00:00+00:00,24,0.9926724483290063,0.9926724483290063,False,False,0.9572820512820512,12.07,-8.7,2026-01-21 19:00:00+00:00,23.0,2026-01-21 22:00:00,2026-01-22T00:00:00+05:00,64aeeedc1ba051e6f0f72eca380caffe55f574bba9b641c5b8575279aa6b0048,gfs_seamless,False,0.9783333333333334,11.385,-6.131666666666667,0.014339114995672864
turbine_2,2026-01-22 19:00:00+00:00,24,0.9092736152731502,0.9092736152731502,False,False,0.9522897800776197,11.51,-7.8,2026-01-21 19:00:00+00:00,24.0,2026-01-21 22:00:00,2026-01-22T00:00:00+05:00,64aeeedc1ba051e6f0f72eca380caffe55f574bba9b641c5b8575279aa6b0048,gfs_seamless,False,0.9816666666666666,12.086666666666666,-5.196666666666666,0.07239305139351637
turbine_2,2026-01-22 20:00:00+00:00,48,0.8540124306082808,0.8540124306082808,False,False,0.9253202160493827,11.0,-7.8,2026-01-21 19:00:00+00:00,25.0,2026-01-21 22:00:00,2026-01-22T00:00:00+05:00,64aeeedc1ba051e6f0f72eca380caffe55f574bba9b641c5b8575279aa6b0048,gfs_seamless,False,0.985,12.805,-5.895,0.13098756939171918
turbine_2,2026-01-22 21:00:00+00:00,48,0.7928315639583056,0.7928315639583056,False,False,0.752911143838979,9.63,-8.9,2026-01-21 19:00:00+00:00,26.0,2026-01-21 22:00:00,2026-01-22T00:00:00+05:00,64aeeedc1ba051e6f0f72eca380caffe55f574bba9b641c5b8575279aa6b0048,gfs_seamless,False,0.9816666666666666,11.343333333333334,-5.786666666666666,0.188835102708361
turbine_2,2026-01-22 22:00:00+00:00,48,0.5905973091537184,0.5905973091537184,False,False,0.5336827956989247,8.48,-8.0,2026-01-21 19:00:00+00:00,27.0,2026-01-21 22:00:00,2026-01-22T00:00:00+05:00,64aeeedc1ba051e6f0f72eca380caffe55f574bba9b641c5b8575279aa6b0048,gfs_seamless,False,0.8316666666666667,9.871666666666666,-5.748333333333334,0.24106935751294822
turbine_2,2026-01-22 23:00:00+00:00,48,0.5365759129482918,0.5365759129482918,False,False,0.5336827956989247,8.49,-7.4,2026-01-21 19:00:00+00:00,28.0,2026-01-21 22:00:00,2026-01-22T00:00:00+05:00,64aeeedc1ba051e6f0f72eca380caffe55f574bba9b641c5b8575279aa6b0048,gfs_seamless,False,0.4666666666666666,7.9316666666666675,-5.673333333333333,0.06990924628162515
turbine_2,2026-01-23 00:00:00+00:00,48,0.23871520641015978,0.23871520641015978,False,False,0.31350029036004645,6.71,-6.0,2026-01-21 19:00:00+00:00,29.0,2026-01-21 22:00:00,2026-01-22T00:00:00+05:00,64aeeedc1ba051e6f0f72eca380caffe55f574bba9b641c5b8575279aa6b0048,gfs_seamless,False,0.43333333333333335,7.888333333333333,-5.5,0.19461812692317357
turbine_2,2026-01-23 01:00:00+00:00,48,0.034143964344883614,0.034143964344883614,False,False,0.0790863453815261,4.38,-5.7,2026-01-21 19:00:00+00:00,30.0,2026-01-21 22:00:00,2026-01-22T00:00:00+05:00,64aeeedc1ba051e6f0f72eca380caffe55f574bba9b641c5b8575279aa6b0048,gfs_seamless,False,0.4666666666666666,7.805,-4.778333333333333,0.432522702321783
turbine_2,2026-01-23 02:00:00+00:00,48,0.009681948840958604,0.009681948840958604,False,False,0.01462370242214533,2.22,-4.9,2026-01-21 19:00:00+00:00,31.0,2026-01-21 22:00:00,2026-01-22T00:00:00+05:00,64aeeedc1ba051e6f0f72eca380caffe55f574bba9b641c5b8575279aa6b0048,gfs_seamless,False,0.3116666666666667,6.995,-4.1883333333333335,0.3019847178257081
turbine_2,2026-01-23 03:00:00+00:00,48,0.008612908356586069,0.008612908356586069,False,False,0.01013088376560999,1.68,-5.0,2026-01-21 19:00:00+00:00,32.0,2026-01-21 22:00:00,2026-01-22T00:00:00+05:00,64aeeedc1ba051e6f0f72eca380caffe55f574bba9b641c5b8575279aa6b0048,gfs_seamless,False,0.71,9.043333333333333,-3.4299999999999997,0.701387091643414
turbine_2,2026-01-23 04:00:00+00:00,48,0.008612908356586069,0.008612908356586069,False,False,0.009708818635607321,1.39,-5.0,2026-01-21 19:00:00+00:00,33.0,2026-01-21 22:00:00,2026-01-22T00:00:00+05:00,64aeeedc1ba051e6f0f72eca380caffe55f574bba9b641c5b8575279aa6b0048,gfs_seamless,False,0.8483333333333333,9.941666666666666,-1.7816666666666665,0.8397204249767471
turbine_2,2026-01-23 05:00:00+00:00,48,0.009681948840958604,0.009681948840958604,False,False,0.01462370242214533,2.26,-4.7,2026-01-21 19:00:00+00:00,34.0,2026-01-21 22:00:00,2026-01-22T00:00:00+05:00,64aeeedc1ba051e6f0f72eca380caffe55f574bba9b641c5b8575279aa6b0048,gfs_seamless,False,0.9199999999999999,10.59,-0.6216666666666667,0.9103180511590413
turbine_2,2026-01-23 06:00:00+00:00,48,0.008483608372129853,0.008483608372129853,False,False,0.009931087289433385,0.81,-3.5,2026-01-21 19:00:00+00:00,35.0,2026-01-21 22:00:00,2026-01-22T00:00:00+05:00,64aeeedc1ba051e6f0f72eca380caffe55f574bba9b641c5b8575279aa6b0048,gfs_seamless,False,0.47666666666666674,7.84,0.28833333333333333,0.4681830582945369
turbine_2,2026-01-23 07:00:00+00:00,48,0.008955285339980357,0.008955285339980357,False,False,0.009931087289433385,0.72,-2.6,2026-01-21 19:00:00+00:00,36.0,2026-01-21 22:00:00,2026-01-22T00:00:00+05:00,64aeeedc1ba051e6f0f72eca380caffe55f574bba9b641c5b8575279aa6b0048,gfs_seamless,False,0.25,6.829999999999999,-0.33,0.24104471466001964
turbine_2,2026-01-23 08:00:00+00:00,48,0.00900672591020347,0.00900672591020347,False,False,0.01462370242214533,2.06,-1.4,2026-01-21 19:00:00+00:00,37.0,2026-01-21 22:00:00,2026-01-22T00:00:00+05:00,64aeeedc1ba051e6f0f72eca380caffe55f574bba9b641c5b8575279aa6b0048,gfs_seamless,False,0.12833333333333333,5.815,0.5316666666666666,0.11932660742312985
turbine_2,2026-01-23 09:00:00+00:00,48,0.02201648167530426,0.02201648167530426,False,False,0.055482638888888894,3.82,-0.8,2026-01-21 19:00:00+00:00,38.0,2026-01-21 22:00:00,2026-01-22T00:00:00+05:00,64aeeedc1ba051e6f0f72eca380caffe55f574bba9b641c5b8575279aa6b0048,gfs_seamless,False,0.16833333333333333,6.183333333333334,-0.3416666666666666,0.14631685165802907
turbine_2,2026-01-23 10:00:00+00:00,48,0.06058031206526972,0.06058031206526972,False,False,0.1050591985428051,4.75,-1.1,2026-01-21 19:00:00+00:00,39.0,2026-01-21 22:00:00,2026-01-22T00:00:00+05:00,64aeeedc1ba051e6f0f72eca380caffe55f574bba9b641c5b8575279aa6b0048,gfs_seamless,False,0.315,7.163333333333334,-1.0616666666666668,0.2544196879347303
turbine_2,2026-01-23 11:00:00+00:00,48,0.13807947263827083,0.13807947263827083,False,False,0.1883852502662407,5.79,-2.4,2026-01-21 19:00:00+00:00,40.0,2026-01-21 22:00:00,2026-01-22T00:00:00+05:00,64aeeedc1ba051e6f0f72eca380caffe55f574bba9b641c5b8575279aa6b0048,gfs_seamless,False,0.6533333333333333,8.938333333333333,-1.1983333333333333,0.5152538606950625
turbine_2,2026-01-23 12:00:00+00:00,48,0.5998309079856791,0.5998309079856791,False,False,0.6158074673864148,8.81,-4.3,2026-01-21 19:00:00+00:00,41.0,2026-01-21 22:00:00,2026-01-22T00:00:00+05:00,64aeeedc1ba051e6f0f72eca380caffe55f574bba9b641c5b8575279aa6b0048,gfs_seamless,False,0.5433333333333333,8.253333333333332,-1.2550000000000001,0.05649757465234573
turbine_2,2026-01-23 13:00:00+00:00,48,0.4171254713375035,0.4171254713375035,False,False,0.38779099270536,7.47,-4.4,2026-01-21 19:00:00+00:00,42.0,2026-01-21 22:00:00,2026-01-22T00:00:00+05:00,64aeeedc1ba051e6f0f72eca380caffe55f574bba9b641c5b8575279aa6b0048,gfs_seamless,False,0.3833333333333333,7.496666666666667,-1.505,0.03379213800417019
turbine_2,2026-01-23 14:00:00+00:00,48,0.3050424101097355,0.3050424101097355,False,False,0.31350029036004645,6.94,-4.7,2026-01-21 19:00:00+00:00,43.0,2026-01-21 22:00:00,2026-01-22T00:00:00+05:00,64aeeedc1ba051e6f0f72eca380caffe55f574bba9b641c5b8575279aa6b0048,gfs_seamless,False,0.15333333333333335,6.07,-1.5616666666666668,0.15170907677640214
turbine_2,2026-01-23 15:00:00+00:00,48,0.3181232922792168,0.3181232922792168,False,False,0.38779099270536,7.05,-4.1,2026-01-21 19:00:00+00:00,44.0,2026-01-21 22:00:00,2026-01-22T00:00:00+05:00,64aeeedc1ba051e6f0f72eca380caffe55f574bba9b641c5b8575279aa6b0048,gfs_seamless,False,0.07166666666666667,4.753333333333333,-1.1500000000000001,0.24645662561255016
turbine_2,2026-01-23 16:00:00+00:00,48,0.0978834582838154,0.0978834582838154,False,False,0.14284313725490197,5.44,-4.3,2026-01-21 19:00:00+00:00,45.0,2026-01-21 22:00:00,2026-01-22T00:00:00+05:00,64aeeedc1ba051e6f0f72eca380caffe55f574bba9b641c5b8575279aa6b0048,gfs_seamless,False,0.023333333333333334,2.8816666666666664,-1.6233333333333333,0.07455012495048206
turbine_2,2026-01-23 17:00:00+00:00,48,0.06942118023802907,0.06942118023802907,False,False,0.14284313725490197,5.19,-4.9,2026-01-21 19:00:00+00:00,46.0,2026-01-21 22:00:00,2026-01-22T00:00:00+05:00,64aeeedc1ba051e6f0f72eca380caffe55f574bba9b641c5b8575279aa6b0048,gfs_seamless,False,0.03833333333333334,4.3933333333333335,-2.9516666666666667,0.03108784690469573
turbine_2,2026-01-23 18:00:00+00:00,48,0.12003198437338897,0.12003198437338897,False,False,0.1883852502662407,5.71,-4.5,2026-01-21 19:00:00+00:00,47.0,2026-01-21 22:00:00,2026-01-22T00:00:00+05:00,64aeeedc1ba051e6f0f72eca380caffe55f574bba9b641c5b8575279aa6b0048,gfs_seamless,False,0.01,1.035,-2.75,0.11003198437338897
turbine_2,2026-01-23 19:00:00+00:00,48,0.033415585899406096,0.033415585899406096,False,False,0.1050591985428051,4.52,-6.4,2026-01-21 19:00:00+00:00,48.0,2026-01-21 22:00:00,2026-01-22T00:00:00+05:00,64aeeedc1ba051e6f0f72eca380caffe55f574bba9b641c5b8575279aa6b0048,gfs_seamless,False,0.01,2.3033333333333332,-3.42,0.023415585899406094
turbine_1,2026-01-22 20:00:00+00:00,24,0.9604915617317871,0.9604915617317871,False,False,0.9602693370165746,11.59,-7.1,2026-01-22 19:00:00+00:00,1.0,2026-01-22 22:00:00,2026-01-23T00:00:00+05:00,c69093b72644bd40becbd6d4cec8a0134e74adc006fcce92c53fef5ad0b6405e,gfs_seamless,False,0.9899999999999999,12.641666666666666,-6.09,0.02950843826821281
turbine_1,2026-01-22 21:00:00+00:00,24,0.9768151698800206,0.9768151698800206,False,False,0.9378823529411765,11.21,-7.3,2026-01-22 19:00:00+00:00,2.0,2026-01-22 22:00:00,2026-01-23T00:00:00+05:00,c69093b72644bd40becbd6d4cec8a0134e74adc006fcce92c53fef5ad0b6405e,gfs_seamless,False,0.985,11.281666666666666,-5.941666666666666,0.008184830119979392
turbine_1,2026-01-22 22:00:00+00:00,24,0.9547851017686066,0.9547851017686066,False,False,0.9378823529411765,11.13,-6.6,2026-01-22 19:00:00+00:00,3.0,2026-01-22 22:00:00,2026-01-23T00:00:00+05:00,c69093b72644bd40becbd6d4cec8a0134e74adc006fcce92c53fef5ad0b6405e,gfs_seamless,False,0.8333333333333334,9.790000000000001,-5.873333333333334,0.12145176843527328
turbine_1,2026-01-22 23:00:00+00:00,24,0.6520047111547054,0.6520047111547054,False,False,0.695107125062282,9.02,-5.6,2026-01-22 19:00:00+00:00,4.0,2026-01-22 22:00:00,2026-01-23T00:00:00+05:00,c69093b72644bd40becbd6d4cec8a0134e74adc006fcce92c53fef5ad0b6405e,gfs_seamless,False,0.4566666666666667,7.803333333333334,-5.78,0.19533804448803865
turbine_1,2026-01-23 00:00:00+00:00,24,0.23350510664501092,0.23350510664501092,False,False,0.2568453937808777,6.48,-4.9,2026-01-22 19:00:00+00:00,5.0,2026-01-22 22:00:00,2026-01-23T00:00:00+05:00,c69093b72644bd40becbd6d4cec8a0134e74adc006fcce92c53fef5ad0b6405e,gfs_seamless,False,0.42333333333333334,7.636666666666667,-5.53,0.18982822668832242
turbine_1,2026-01-23 01:00:00+00:00,24,0.09068743096090678,0.09068743096090678,False,False,0.1488899312070044,5.34,-4.5,2026-01-22 19:00:00+00:00,6.0,2026-01-22 22:00:00,2026-01-23T00:00:00+05:00,c69093b72644bd40becbd6d4cec8a0134e74adc006fcce92c53fef5ad0b6405e,gfs_seamless,False,0.4566666666666667,7.738333333333333,-4.79,0.36597923570575996
turbine_1,2026-01-23 02:00:00+00:00,24,0.02678527011025899,0.02678527011025899,False,False,0.05820765027322404,3.93,-4.2,2026-01-22 19:00:00+00:00,7.0,2026-01-22 22:00:00,2026-01-23T00:00:00+05:00,c69093b72644bd40becbd6d4cec8a0134e74adc006fcce92c53fef5ad0b6405e,gfs_seamless,False,0.3,6.7683333333333335,-4.193333333333333,0.273214729889741
turbine_1,2026-01-23 03:00:00+00:00,24,0.008875787902684692,0.008875787902684692,False,False,0.009961072664359862,1.48,-3.9,2026-01-22 19:00:00+00:00,8.0,2026-01-22 22:00:00,2026-01-23T00:00:00+05:00,c69093b72644bd40becbd6d4cec8a0134e74adc006fcce92c53fef5ad0b6405e,gfs_seamless,False,0.7200000000000001,9.086666666666666,-3.391666666666667,0.7111242120973154
turbine_1,2026-01-23 04:00:00+00:00,24,0.00885343762764132,0.00885343762764132,False,False,0.009989035087719297,0.73,-3.3,2026-01-22 19:00:00+00:00,9.0,2026-01-22 22:00:00,2026-01-23T00:00:00+05:00,c69093b72644bd40becbd6d4cec8a0134e74adc006fcce92c53fef5ad0b6405e,gfs_seamless,False,0.8333333333333334,9.776666666666666,-1.8766666666666667,0.824479895705692
turbine_1,2026-01-23 05:00:00+00:00,24,0.00885343762764132,0.00885343762764132,False,False,0.01,0.41,-2.7,2026-01-22 19:00:00+00:00,10.0,2026-01-22 22:00:00,2026-01-23T00:00:00+05:00,c69093b72644bd40becbd6d4cec8a0134e74adc006fcce92c53fef5ad0b6405e,gfs_seamless,False,0.9049999999999999,10.296666666666667,-0.6833333333333332,0.8961465623723586
turbine_1,2026-01-23 06:00:00+00:00,24,0.8739596500694542,0.8739596500694542,False,False,0.8304850088183422,10.17,-1.1,2026-01-22 19:00:00+00:00,11.0,2026-01-22 22:00:00,2026-01-23T00:00:00+05:00,c69093b72644bd40becbd6d4cec8a0134e74adc006fcce92c53fef5ad0b6405e,gfs_seamless,False,0.5033333333333333,8.123333333333333,0.15833333333333333,0.3706263167361209
turbine_1,2026-01-23 07:00:00+00:00,24,0.8151025422458683,0.8151025422458683,False,False,0.7643670576735092,9.8,-0.9,2026-01-22 19:00:00+00:00,12.0,2026-01-22 22:00:00,2026-01-23T00:00:00+05:00,c69093b72644bd40becbd6d4cec8a0134e74adc006fcce92c53fef5ad0b6405e,gfs_seamless,False,0.23333333333333336,6.498333333333334,-0.325,0.5817692089125349
turbine_1,2026-01-23 08:00:00+00:00,24,0.6864058244669898,0.6864058244669898,False,False,0.6263250968992249,8.93,-0.9,2026-01-22 19:00:00+00:00,13.0,2026-01-22 22:00:00,2026-01-23T00:00:00+05:00,c69093b72644bd40becbd6d4cec8a0134e74adc006fcce92c53fef5ad0b6405e,gfs_seamless,False,0.125,5.579999999999999,0.42333333333333334,0.5614058244669898
turbine_1,2026-01-23 09:00:00+00:00,24,0.7076683608417218,0.7076683608417218,False,False,0.695107125062282,9.14,-1.7,2026-01-22 19:00:00+00:00,14.0,2026-01-22 22:00:00,2026-01-23T00:00:00+05:00,c69093b72644bd40becbd6d4cec8a0134e74adc006fcce92c53fef5ad0b6405e,gfs_seamless,False,0.17166666666666666,5.945,-0.19333333333333336,0.5360016941750552
turbine_1,2026-01-23 10:00:00+00:00,24,0.6779725646302985,0.6779725646302985,False,False,0.6263250968992249,8.83,-2.0,2026-01-22 19:00:00+00:00,15.0,2026-01-22 22:00:00,2026-01-23T00:00:00+05:00,c69093b72644bd40becbd6d4cec8a0134e74adc006fcce92c53fef5ad0b6405e,gfs_seamless,False,0.3016666666666667,6.91,-0.9550000000000001,0.37630589796363184
turbine_1,2026-01-23 11:00:00+00:00,24,0.5636642768326781,0.5636642768326781,False,False,0.5476635145784082,8.32,-2.8,2026-01-22 19:00:00+00:00,16.0,2026-01-22 22:00:00,2026-01-23T00:00:00+05:00,c69093b72644bd40becbd6d4cec8a0134e74adc006fcce92c53fef5ad0b6405e,gfs_seamless,False,0.65,8.733333333333333,-1.2366666666666666,0.08633572316732196
turbine_1,2026-01-23 12:00:00+00:00,24,0.5611208792588583,0.5611208792588583,False,False,0.5476635145784082,8.27,-4.1,2026-01-22 19:00:00+00:00,17.0,2026-01-22 22:00:00,2026-01-23T00:00:00+05:00,c69093b72644bd40becbd6d4cec8a0134e74adc006fcce92c53fef5ad0b6405e,gfs_seamless,False,0.5233333333333333,8.168333333333333,-1.2916666666666667,0.03778754592552502
turbine_1,2026-01-23 13:00:00+00:00,24,0.5159709250124478,0.5159709250124478,False,False,0.4755944444444445,7.96,-3.9,2026-01-22 19:00:00+00:00,18.0,2026-01-22 22:00:00,2026-01-23T00:00:00+05:00,c69093b72644bd40becbd6d4cec8a0134e74adc006fcce92c53fef5ad0b6405e,gfs_seamless,False,0.36333333333333334,7.28,-1.4566666666666668,0.15263759167911445
turbine_1,2026-01-23 14:00:00+00:00,24,0.5660017227195041,0.5660017227195041,False,False,0.5476635145784082,8.18,-3.3,2026-01-22 19:00:00+00:00,19.0,2026-01-22 22:00:00,2026-01-23T00:00:00+05:00,c69093b72644bd40becbd6d4cec8a0134e74adc006fcce92c53fef5ad0b6405e,gfs_seamless,False,0.15166666666666667,5.915,-1.5783333333333334,0.41433505605283744
turbine_1,2026-01-23 15:00:00+00:00,24,0.5926187105864674,0.5926187105864674,False,False,0.5476635145784082,8.42,-4.3,2026-01-22 19:00:00+00:00,20.0,2026-01-22 22:00:00,2026-01-23T00:00:00+05:00,c69093b72644bd40becbd6d4cec8a0134e74adc006fcce92c53fef5ad0b6405e,gfs_seamless,False,0.07333333333333333,4.4816666666666665,-1.0516666666666667,0.5192853772531341
turbine_1,2026-01-23 16:00:00+00:00,24,0.49657204607822375,0.49657204607822375,False,False,0.4755944444444445,7.79,-4.1,2026-01-22 19:00:00+00:00,21.0,2026-01-22 22:00:00,2026-01-23T00:00:00+05:00,c69093b72644bd40becbd6d4cec8a0134e74adc006fcce92c53fef5ad0b6405e,gfs_seamless,False,0.023333333333333334,3.025,-1.5250000000000001,0.47323871274489043
turbine_1,2026-01-23 17:00:00+00:00,24,0.22336946919945827,0.22336946919945827,False,False,0.2568453937808777,6.3,-4.6,2026-01-22 19:00:00+00:00,22.0,2026-01-22 22:00:00,2026-01-23T00:00:00+05:00,c69093b72644bd40becbd6d4cec8a0134e74adc006fcce92c53fef5ad0b6405e,gfs_seamless,False,0.03833333333333334,4.1866666666666665,-2.7883333333333336,0.18503613586612494
turbine_1,2026-01-23 18:00:00+00:00,24,0.06246979067796225,0.06246979067796225,False,False,0.1115932092719556,4.88,-4.7,2026-01-22 19:00:00+00:00,23.0,2026-01-22 22:00:00,2026-01-23T00:00:00+05:00,c69093b72644bd40becbd6d4cec8a0134e74adc006fcce92c53fef5ad0b6405e,gfs_seamless,False,0.01,1.2133333333333334,-2.57,0.05246979067796225
turbine_1,2026-01-23 19:00:00+00:00,24,0.008361946817069463,0.008361946817069463,False,False,0.011034397426379608,1.7,-7.0,2026-01-22 19:00:00+00:00,24.0,2026-01-22 22:00:00,2026-01-23T00:00:00+05:00,c69093b72644bd40becbd6d4cec8a0134e74adc006fcce92c53fef5ad0b6405e,gfs_seamless,False,0.01,2.31,-3.2133333333333334,0.0016380531829305375
turbine_1,2026-01-23 20:00:00+00:00,48,0.008940634489814973,0.008940634489814973,False,False,0.009961072664359862,1.17,-8.5,2026-01-22 19:00:00+00:00,25.0,2026-01-22 22:00:00,2026-01-23T00:00:00+05:00,c69093b72644bd40becbd6d4cec8a0134e74adc006fcce92c53fef5ad0b6405e,gfs_seamless,False,0.01,5.341666666666666,-5.05,0.0010593655101850275
turbine_1,2026-01-23 21:00:00+00:00,48,0.01739037513390715,0.01739037513390715,False,False,0.04026063829787234,3.09,-9.3,2026-01-22 19:00:00+00:00,26.0,2026-01-22 22:00:00,2026-01-23T00:00:00+05:00,c69093b72644bd40becbd6d4cec8a0134e74adc006fcce92c53fef5ad0b6405e,gfs_seamless,False,0.01,5.995,-5.328333333333333,0.007390375133907149
turbine_1,2026-01-23 22:00:00+00:00,48,0.32905932560302564,0.32905932560302564,False,False,0.3981436186892443,7.06,-9.2,2026-01-22 19:00:00+00:00,27.0,2026-01-22 22:00:00,2026-01-23T00:00:00+05:00,c69093b72644bd40becbd6d4cec8a0134e74adc006fcce92c53fef5ad0b6405e,gfs_seamless,False,0.01,6.448333333333333,-6.2299999999999995,0.31905932560302563
turbine_1,2026-01-23 23:00:00+00:00,48,0.8004856025779062,0.8004856025779062,False,False,0.695107125062282,9.46,-9.1,2026-01-22 19:00:00+00:00,28.0,2026-01-22 22:00:00,2026-01-23T00:00:00+05:00,c69093b72644bd40becbd6d4cec8a0134e74adc006fcce92c53fef5ad0b6405e,gfs_seamless,False,0.01,6.005,-6.833333333333333,0.7904856025779062
turbine_1,2026-01-24 00:00:00+00:00,48,0.9032744319949764,0.9032744319949764,False,False,0.8304850088183422,10.39,-9.1,2026-01-22 19:00:00+00:00,29.0,2026-01-22 22:00:00,2026-01-23T00:00:00+05:00,c69093b72644bd40becbd6d4cec8a0134e74adc006fcce92c53fef5ad0b6405e,gfs_seamless,False,0.01,6.551666666666667,-7.966666666666666,0.8932744319949764
turbine_1,2026-01-24 01:00:00+00:00,48,0.9925428548941088,0.9925428548941088,False,False,0.9581862745098039,12.22,-9.1,2026-01-22 19:00:00+00:00,30.0,2026-01-22 22:00:00,2026-01-23T00:00:00+05:00,c69093b72644bd40becbd6d4cec8a0134e74adc006fcce92c53fef5ad0b6405e,gfs_seamless,False,0.03333333333333333,7.523333333333333,-8.018333333333333,0.9592095215607754
turbine_1,2026-01-24 02:00:00+00:00,48,0.9928473864548479,0.9928473864548479,False,False,0.9581862745098039,12.4,-9.2,2026-01-22 19:00:00+00:00,31.0,2026-01-22 22:00:00,2026-01-23T00:00:00+05:00,c69093b72644bd40becbd6d4cec8a0134e74adc006fcce92c53fef5ad0b6405e,gfs_seamless,False,0.10833333333333332,10.438333333333333,-7.158333333333334,0.8845140531215147
turbine_1,2026-01-24 03:00:00+00:00,48,0.9987869210474809,0.9983333333333334,True,False,0.9671712538226298,12.75,-8.6,2026-01-22 19:00:00+00:00,32.0,2026-01-22 22:00:00,2026-01-23T00:00:00+05:00,c69093b72644bd40becbd6d4cec8a0134e74adc006fcce92c53fef5ad0b6405e,gfs_seamless,False,0.71,13.125,-6.915,0.28833333333333344
turbine_1,2026-01-24 04:00:00+00:00,48,0.9678555190785555,0.9678555190785555,False,False,0.9681453634085212,14.27,-6.4,2026-01-22 19:00:00+00:00,33.0,2026-01-22 22:00:00,2026-01-23T00:00:00+05:00,c69093b72644bd40becbd6d4cec8a0134e74adc006fcce92c53fef5ad0b6405e,gfs_seamless,False,0.9716666666666667,12.876666666666665,-6.511666666666667,0.0038111475881111856
turbine_1,2026-01-24 05:00:00+00:00,48,0.9981553120154958,0.9981553120154958,False,False,0.961047619047619,14.9,-4.2,2026-01-22 19:00:00+00:00,34.0,2026-01-22 22:00:00,2026-01-23T00:00:00+05:00,c69093b72644bd40becbd6d4cec8a0134e74adc006fcce92c53fef5ad0b6405e,gfs_seamless,False,0.9899999999999999,12.963333333333333,-4.833333333333333,0.008155312015495908
turbine_1,2026-01-24 06:00:00+00:00,48,1.0005714458541681,0.9983333333333334,True,False,0.961047619047619,14.88,-2.9,2026-01-22 19:00:00+00:00,35.0,2026-01-22 22:00:00,2026-01-23T00:00:00+05:00,c69093b72644bd40becbd6d4cec8a0134e74adc006fcce92c53fef5ad0b6405e,gfs_seamless,False,0.9899999999999999,13.76,-1.9416666666666667,0.008333333333333526
turbine_1,2026-01-24 07:00:00+00:00,48,0.9946935063930399,0.9946935063930399,False,False,0.961047619047619,14.95,-2.1,2026-01-22 19:00:00+00:00,36.0,2026-01-22 22:00:00,2026-01-23T00:00:00+05:00,c69093b72644bd40becbd6d4cec8a0134e74adc006fcce92c53fef5ad0b6405e,gfs_seamless,False,0.8533333333333334,14.285000000000002,-1.4800000000000002,0.1413601730597065
turbine_1,2026-01-24 08:00:00+00:00,48,0.9801993538894603,0.9801993538894603,False,False,0.961047619047619,14.77,-1.7,2026-01-22 19:00:00+00:00,37.0,2026-01-22 22:00:00,2026-01-23T00:00:00+05:00,c69093b72644bd40becbd6d4cec8a0134e74adc006fcce92c53fef5ad0b6405e,gfs_seamless,False,0.9899999999999999,14.540000000000001,-0.54,0.009800646110539546
turbine_1,2026-01-24 09:00:00+00:00,48,0.9946935063930399,0.9946935063930399,False,False,0.961047619047619,14.8,-1.8,2026-01-22 19:00:00+00:00,38.0,2026-01-22 22:00:00,2026-01-23T00:00:00+05:00,c69093b72644bd40becbd6d4cec8a0134e74adc006fcce92c53fef5ad0b6405e,gfs_seamless,False,0.9899999999999999,14.606666666666667,-0.36166666666666664,0.004693506393040003
turbine_1,2026-01-24 10:00:00+00:00,48,0.9757068599419862,0.9757068599419862,False,False,0.965644891122278,13.54,-2.5,2026-01-22 19:00:00+00:00,39.0,2026-01-22 22:00:00,2026-01-23T00:00:00+05:00,c69093b72644bd40becbd6d4cec8a0134e74adc006fcce92c53fef5ad0b6405e,gfs_seamless,False,0.9866666666666667,13.791666666666666,0.21,0.010959806724680443
turbine_1,2026-01-24 11:00:00+00:00,48,0.9806814778461568,0.9806814778461568,False,False,0.9602693370165746,11.98,-4.3,2026-01-22 19:00:00+00:00,40.0,2026-01-22 22:00:00,2026-01-23T00:00:00+05:00,c69093b72644bd40becbd6d4cec8a0134e74adc006fcce92c53fef5ad0b6405e,gfs_seamless,False,0.9883333333333333,13.54,0.43,0.0076518554871765065
turbine_1,2026-01-24 12:00:00+00:00,48,0.9525797126039606,0.9525797126039606,False,False,0.9378823529411765,11.22,-6.5,2026-01-22 19:00:00+00:00,41.0,2026-01-22 22:00:00,2026-01-23T00:00:00+05:00,c69093b72644bd40becbd6d4cec8a0134e74adc006fcce92c53fef5ad0b6405e,gfs_seamless,False,0.9899999999999999,14.531666666666666,0.10333333333333333,0.03742028739603931
turbine_1,2026-01-24 13:00:00+00:00,48,0.9558089312458279,0.9558089312458279,False,False,0.8932178217821782,10.96,-7.5,2026-01-22 19:00:00+00:00,42.0,2026-01-22 22:00:00,2026-01-23T00:00:00+05:00,c69093b72644bd40becbd6d4cec8a0134e74adc006fcce92c53fef5ad0b6405e,gfs_seamless,False,0.9899999999999999,13.651666666666666,0.075,0.034191068754171994
turbine_1,2026-01-24 14:00:00+00:00,48,0.9768151698800206,0.9768151698800206,False,False,0.9378823529411765,11.14,-7.8,2026-01-22 19:00:00+00:00,43.0,2026-01-22 22:00:00,2026-01-23T00:00:00+05:00,c69093b72644bd40becbd6d4cec8a0134e74adc006fcce92c53fef5ad0b6405e,gfs_seamless,False,0.9483333333333333,12.034999999999998,-0.165,0.028481836546687345
turbine_1,2026-01-24 15:00:00+00:00,48,0.8857722710182206,0.8857722710182206,False,False,0.8304850088183422,10.48,-7.7,2026-01-22 19:00:00+00:00,44.0,2026-01-22 22:00:00,2026-01-23T00:00:00+05:00,c69093b72644bd40becbd6d4cec8a0134e74adc006fcce92c53fef5ad0b6405e,gfs_seamless,False,0.9700000000000001,10.931666666666667,-1.1316666666666666,0.08422772898177944
turbine_1,2026-01-24 16:00:00+00:00,48,0.9712644371746183,0.9712644371746183,False,False,0.9378823529411765,11.02,-7.7,2026-01-22 19:00:00+00:00,45.0,2026-01-22 22:00:00,2026-01-23T00:00:00+05:00,c69093b72644bd40becbd6d4cec8a0134e74adc006fcce92c53fef5ad0b6405e,gfs_seamless,False,0.9899999999999999,12.658333333333333,-1.2183333333333335,0.01873556282538158
turbine_1,2026-01-24 17:00:00+00:00,48,0.9068251214308635,0.9068251214308635,False,False,0.8932178217821782,10.55,-7.3,2026-01-22 19:00:00+00:00,46.0,2026-01-22 22:00:00,2026-01-23T00:00:00+05:00,c69093b72644bd40becbd6d4cec8a0134e74adc006fcce92c53fef5ad0b6405e,gfs_seamless,False,0.96,11.251666666666667,-1.9283333333333335,0.0531748785691365
turbine_1,2026-01-24 18:00:00+00:00,48,0.8638843387326213,0.8638843387326213,False,False,0.8932178217821782,10.65,-6.9,2026-01-22 19:00:00+00:00,47.0,2026-01-22 22:00:00,2026-01-23T00:00:00+05:00,c69093b72644bd40becbd6d4cec8a0134e74adc006fcce92c53fef5ad0b6405e,gfs_seamless,False,0.9716666666666667,10.41,-3.1983333333333337,0.10778232793404541
turbine_1,2026-01-24 19:00:00+00:00,48,0.8522198513508842,0.8522198513508842,False,False,0.8304850088183422,10.16,-6.2,2026-01-22 19:00:00+00:00,48.0,2026-01-22 22:00:00,2026-01-23T00:00:00+05:00,c69093b72644bd40becbd6d4cec8a0134e74adc006fcce92c53fef5ad0b6405e,gfs_seamless,False,0.9766666666666666,11.616666666666667,-1.9349999999999998,0.12444681531578239
turbine_2,2026-01-22 20:00:00+00:00,24,0.9374235223813675,0.9374235223813675,False,False,0.9522897800776197,11.59,-7.1,2026-01-22 19:00:00+00:00,1.0,2026-01-22 22:00:00,2026-01-23T00:00:00+05:00,7553fed413e30a3b64372ebdf4f1465419035c476bf003a4342b59b88bcb97fd,gfs_seamless,False,0.985,12.805,-5.895,0.047576477618632484
turbine_2,2026-01-22 21:00:00+00:00,24,0.8957968562089335,0.8957968562089335,False,False,0.9253202160493827,11.21,-7.3,2026-01-22 19:00:00+00:00,2.0,2026-01-22 22:00:00,2026-01-23T00:00:00+05:00,7553fed413e30a3b64372ebdf4f1465419035c476bf003a4342b59b88bcb97fd,gfs_seamless,False,0.9816666666666666,11.343333333333334,-5.786666666666666,0.08586981045773312
turbine_2,2026-01-22 22:00:00+00:00,24,0.8677368126348262,0.8677368126348262,False,False,0.9253202160493827,11.13,-6.6,2026-01-22 19:00:00+00:00,3.0,2026-01-22 22:00:00,2026-01-23T00:00:00+05:00,7553fed413e30a3b64372ebdf4f1465419035c476bf003a4342b59b88bcb97fd,gfs_seamless,False,0.8316666666666667,9.871666666666666,-5.748333333333334,0.036070145968159495
turbine_2,2026-01-22 23:00:00+00:00,24,0.6775042882935292,0.6775042882935292,False,False,0.6748559962228518,9.02,-5.6,2026-01-22 19:00:00+00:00,4.0,2026-01-22 22:00:00,2026-01-23T00:00:00+05:00,7553fed413e30a3b64372ebdf4f1465419035c476bf003a4342b59b88bcb97fd,gfs_seamless,False,0.4666666666666666,7.9316666666666675,-5.673333333333333,0.21083762162686254
turbine_2,2026-01-23 00:00:00+00:00,24,0.21387430741800945,0.21387430741800945,False,False,0.2464508493455862,6.48,-4.9,2026-01-22 19:00:00+00:00,5.0,2026-01-22 22:00:00,2026-01-23T00:00:00+05:00,7553fed413e30a3b64372ebdf4f1465419035c476bf003a4342b59b88bcb97fd,gfs_seamless,False,0.43333333333333335,7.888333333333333,-5.5,0.2194590259153239
turbine_2,2026-01-23 01:00:00+00:00,24,0.07950114600068875,0.07950114600068875,False,False,0.14284810126582279,5.34,-4.5,2026-01-22 19:00:00+00:00,6.0,2026-01-22 22:00:00,2026-01-23T00:00:00+05:00,7553fed413e30a3b64372ebdf4f1465419035c476bf003a4342b59b88bcb97fd,gfs_seamless,False,0.4666666666666666,7.805,-4.778333333333333,0.38716552066597787
turbine_2,2026-01-23 02:00:00+00:00,24,0.02046752567607758,0.02046752567607758,False,False,0.05545265348595213,3.93,-4.2,2026-01-22 19:00:00+00:00,7.0,2026-01-22 22:00:00,2026-01-23T00:00:00+05:00,7553fed413e30a3b64372ebdf4f1465419035c476bf003a4342b59b88bcb97fd,gfs_seamless,False,0.3116666666666667,6.995,-4.1883333333333335,0.29119914099058913
turbine_2,2026-01-23 03:00:00+00:00,24,0.007876684720416813,0.007876684720416813,False,False,0.009708818635607321,1.48,-3.9,2026-01-22 19:00:00+00:00,8.0,2026-01-22 22:00:00,2026-01-23T00:00:00+05:00,7553fed413e30a3b64372ebdf4f1465419035c476bf003a4342b59b88bcb97fd,gfs_seamless,False,0.71,9.043333333333333,-3.4299999999999997,0.7021233152795832
turbine_2,2026-01-23 04:00:00+00:00,24,0.008716027838307109,0.008716027838307109,False,False,0.009931087289433385,0.73,-3.3,2026-01-22 19:00:00+00:00,9.0,2026-01-22 22:00:00,2026-01-23T00:00:00+05:00,7553fed413e30a3b64372ebdf4f1465419035c476bf003a4342b59b88bcb97fd,gfs_seamless,False,0.8483333333333333,9.941666666666666,-1.7816666666666665,0.8396173054950261
turbine_2,2026-01-23 05:00:00+00:00,24,0.008827467059885675,0.008827467059885675,False,False,0.01,0.41,-2.7,2026-01-22 19:00:00+00:00,10.0,2026-01-22 22:00:00,2026-01-23T00:00:00+05:00,7553fed413e30a3b64372ebdf4f1465419035c476bf003a4342b59b88bcb97fd,gfs_seamless,False,0.9199999999999999,10.59,-0.6216666666666667,0.9111725329401142
turbine_2,2026-01-23 06:00:00+00:00,24,0.849818296488601,0.849818296488601,False,False,0.8245199275362319,10.17,-1.1,2026-01-22 19:00:00+00:00,11.0,2026-01-22 22:00:00,2026-01-23T00:00:00+05:00,7553fed413e30a3b64372ebdf4f1465419035c476bf003a4342b59b88bcb97fd,gfs_seamless,False,0.47666666666666674,7.84,0.28833333333333333,0.3731516298219342
turbine_2,2026-01-23 07:00:00+00:00,24,0.7895422021877587,0.7895422021877587,False,False,0.7530372001957906,9.8,-0.9,2026-01-22 19:00:00+00:00,12.0,2026-01-22 22:00:00,2026-01-23T00:00:00+05:00,7553fed413e30a3b64372ebdf4f1465419035c476bf003a4342b59b88bcb97fd,gfs_seamless,False,0.25,6.829999999999999,-0.33,0.5395422021877587
turbine_2,2026-01-23 08:00:00+00:00,24,0.6499959721306815,0.6499959721306815,False,False,0.6158074673864148,8.93,-0.9,2026-01-22 19:00:00+00:00,13.0,2026-01-22 22:00:00,2026-01-23T00:00:00+05:00,7553fed413e30a3b64372ebdf4f1465419035c476bf003a4342b59b88bcb97fd,gfs_seamless,False,0.12833333333333333,5.815,0.5316666666666666,0.5216626387973482
turbine_2,2026-01-23 09:00:00+00:00,24,0.6839713361708767,0.6839713361708767,False,False,0.6748559962228518,9.14,-1.7,2026-01-22 19:00:00+00:00,14.0,2026-01-22 22:00:00,2026-01-23T00:00:00+05:00,7553fed413e30a3b64372ebdf4f1465419035c476bf003a4342b59b88bcb97fd,gfs_seamless,False,0.16833333333333333,6.183333333333334,-0.3416666666666666,0.5156380028375434
turbine_2,2026-01-23 10:00:00+00:00,24,0.6077419229462167,0.6077419229462167,False,False,0.6158074673864148,8.83,-2.0,2026-01-22 19:00:00+00:00,15.0,2026-01-22 22:00:00,2026-01-23T00:00:00+05:00,7553fed413e30a3b64372ebdf4f1465419035c476bf003a4342b59b88bcb97fd,gfs_seamless,False,0.315,7.163333333333334,-1.0616666666666668,0.29274192294621665
turbine_2,2026-01-23 11:00:00+00:00,24,0.5491425639674923,0.5491425639674923,False,False,0.5336076732673267,8.32,-2.8,2026-01-22 19:00:00+00:00,16.0,2026-01-22 22:00:00,2026-01-23T00:00:00+05:00,7553fed413e30a3b64372ebdf4f1465419035c476bf003a4342b59b88bcb97fd,gfs_seamless,False,0.6533333333333333,8.938333333333333,-1.1983333333333333,0.10419076936584104
turbine_2,2026-01-23 12:00:00+00:00,24,0.5428662340171855,0.5428662340171855,False,False,0.5336076732673267,8.27,-4.1,2026-01-22 19:00:00+00:00,17.0,2026-01-22 22:00:00,2026-01-23T00:00:00+05:00,7553fed413e30a3b64372ebdf4f1465419035c476bf003a4342b59b88bcb97fd,gfs_seamless,False,0.5433333333333333,8.253333333333332,-1.2550000000000001,0.0004670993161478565
turbine_2,2026-01-23 13:00:00+00:00,24,0.46878478997302253,0.46878478997302253,False,False,0.45984895833333334,7.96,-3.9,2026-01-22 19:00:00+00:00,18.0,2026-01-22 22:00:00,2026-01-23T00:00:00+05:00,7553fed413e30a3b64372ebdf4f1465419035c476bf003a4342b59b88bcb97fd,gfs_seamless,False,0.3833333333333333,7.496666666666667,-1.505,0.08545145663968923
turbine_2,2026-01-23 14:00:00+00:00,24,0.5090423354602303,0.5090423354602303,False,False,0.5336076732673267,8.18,-3.3,2026-01-22 19:00:00+00:00,19.0,2026-01-22 22:00:00,2026-01-23T00:00:00+05:00,7553fed413e30a3b64372ebdf4f1465419035c476bf003a4342b59b88bcb97fd,gfs_seamless,False,0.15333333333333335,6.07,-1.5616666666666668,0.35570900212689693
turbine_2,2026-01-23 15:00:00+00:00,24,0.5571136139047398,0.5571136139047398,False,False,0.5336076732673267,8.42,-4.3,2026-01-22 19:00:00+00:00,20.0,2026-01-22 22:00:00,2026-01-23T00:00:00+05:00,7553fed413e30a3b64372ebdf4f1465419035c476bf003a4342b59b88bcb97fd,gfs_seamless,False,0.07166666666666667,4.753333333333333,-1.1500000000000001,0.48544694723807313
turbine_2,2026-01-23 16:00:00+00:00,24,0.4449120290723323,0.4449120290723323,False,False,0.45984895833333334,7.79,-4.1,2026-01-22 19:00:00+00:00,21.0,2026-01-22 22:00:00,2026-01-23T00:00:00+05:00,7553fed413e30a3b64372ebdf4f1465419035c476bf003a4342b59b88bcb97fd,gfs_seamless,False,0.023333333333333334,2.8816666666666664,-1.6233333333333333,0.421578695738999
turbine_2,2026-01-23 17:00:00+00:00,24,0.2122413097045817,0.2122413097045817,False,False,0.2464508493455862,6.3,-4.6,2026-01-22 19:00:00+00:00,22.0,2026-01-22 22:00:00,2026-01-23T00:00:00+05:00,7553fed413e30a3b64372ebdf4f1465419035c476bf003a4342b59b88bcb97fd,gfs_seamless,False,0.03833333333333334,4.3933333333333335,-2.9516666666666667,0.17390797637124836
turbine_2,2026-01-23 18:00:00+00:00,24,0.05066512952937539,0.05066512952937539,False,False,0.1050591985428051,4.88,-4.7,2026-01-22 19:00:00+00:00,23.0,2026-01-22 22:00:00,2026-01-23T00:00:00+05:00,7553fed413e30a3b64372ebdf4f1465419035c476bf003a4342b59b88bcb97fd,gfs_seamless,False,0.01,1.035,-2.75,0.040665129529375385
turbine_2,2026-01-23 19:00:00+00:00,24,0.008106144038182848,0.008106144038182848,False,False,0.010129589632829374,1.7,-7.0,2026-01-22 19:00:00+00:00,24.0,2026-01-22 22:00:00,2026-01-23T00:00:00+05:00,7553fed413e30a3b64372ebdf4f1465419035c476bf003a4342b59b88bcb97fd,gfs_seamless,False,0.01,2.3033333333333332,-3.42,0.0018938559618171518
turbine_2,2026-01-23 20:00:00+00:00,48,0.008707682182600289,0.008707682182600289,False,False,0.009708818635607321,1.17,-8.5,2026-01-22 19:00:00+00:00,25.0,2026-01-22 22:00:00,2026-01-23T00:00:00+05:00,7553fed413e30a3b64372ebdf4f1465419035c476bf003a4342b59b88bcb97fd,gfs_seamless,False,0.011666666666666667,5.48,-5.323333333333333,0.0029589844840663786
turbine_2,2026-01-23 21:00:00+00:00,48,0.013272773631778943,0.013272773631778943,False,False,0.037194926140012845,3.09,-9.3,2026-01-22 19:00:00+00:00,26.0,2026-01-22 22:00:00,2026-01-23T00:00:00+05:00,7553fed413e30a3b64372ebdf4f1465419035c476bf003a4342b59b88bcb97fd,gfs_seamless,False,0.01,6.383333333333333,-5.5566666666666675,0.003272773631778943
turbine_2,2026-01-23 22:00:00+00:00,48,0.33742853444503884,0.33742853444503884,False,False,0.3876976597090449,7.06,-9.2,2026-01-22 19:00:00+00:00,27.0,2026-01-22 22:00:00,2026-01-23T00:00:00+05:00,7553fed413e30a3b64372ebdf4f1465419035c476bf003a4342b59b88bcb97fd,gfs_seamless,False,0.01,6.233333333333333,-6.586666666666666,0.32742853444503883
turbine_2,2026-01-23 23:00:00+00:00,48,0.7226033327726127,0.7226033327726127,False,False,0.6748559962228518,9.46,-9.1,2026-01-22 19:00:00+00:00,28.0,2026-01-22 22:00:00,2026-01-23T00:00:00+05:00,7553fed413e30a3b64372ebdf4f1465419035c476bf003a4342b59b88bcb97fd,gfs_seamless,False,0.01,6.1000000000000005,-7.0249999999999995,0.7126033327726127
turbine_2,2026-01-24 00:00:00+00:00,48,0.8983343585107632,0.8983343585107632,False,False,0.8245199275362319,10.39,-9.1,2026-01-22 19:00:00+00:00,29.0,2026-01-22 22:00:00,2026-01-23T00:00:00+05:00,7553fed413e30a3b64372ebdf4f1465419035c476bf003a4342b59b88bcb97fd,gfs_seamless,False,0.01,6.398333333333333,-8.345,0.8883343585107631
turbine_2,2026-01-24 01:00:00+00:00,48,0.9931126129922194,0.9931126129922194,False,False,0.9572820512820512,12.22,-9.1,2026-01-22 19:00:00+00:00,30.0,2026-01-22 22:00:00,2026-01-23T00:00:00+05:00,7553fed413e30a3b64372ebdf4f1465419035c476bf003a4342b59b88bcb97fd,gfs_seamless,False,0.018333333333333333,7.079999999999999,-8.366666666666667,0.9747792796588861
turbine_2,2026-01-24 02:00:00+00:00,48,0.9971301908674615,0.995,True,False,0.9572820512820512,12.4,-9.2,2026-01-22 19:00:00+00:00,31.0,2026-01-22 22:00:00,2026-01-23T00:00:00+05:00,7553fed413e30a3b64372ebdf4f1465419035c476bf003a4342b59b88bcb97fd,gfs_seamless,False,0.03666666666666667,10.121666666666668,-7.335,0.9583333333333334
turbine_2,2026-01-24 03:00:00+00:00,48,0.998847813619019,0.995,True,False,0.9630792682926829,12.75,-8.6,2026-01-22 19:00:00+00:00,32.0,2026-01-22 22:00:00,2026-01-23T00:00:00+05:00,7553fed413e30a3b64372ebdf4f1465419035c476bf003a4342b59b88bcb97fd,gfs_seamless,False,0.115,10.616666666666665,-7.091666666666666,0.88
turbine_2,2026-01-24 04:00:00+00:00,48,0.8912868076939077,0.8912868076939077,False,False,0.9600239808153477,14.27,-6.4,2026-01-22 19:00:00+00:00,33.0,2026-01-22 22:00:00,2026-01-23T00:00:00+05:00,7553fed413e30a3b64372ebdf4f1465419035c476bf003a4342b59b88bcb97fd,gfs_seamless,False,0.01,9.415,-6.948333333333333,0.8812868076939077
turbine_2,2026-01-24 05:00:00+00:00,48,0.9704233604051075,0.9704233604051075,False,False,0.9623423423423424,14.9,-4.2,2026-01-22 19:00:00+00:00,34.0,2026-01-22 22:00:00,2026-01-23T00:00:00+05:00,7553fed413e30a3b64372ebdf4f1465419035c476bf003a4342b59b88bcb97fd,gfs_seamless,False,0.44,11.525,-5.56,0.5304233604051074
turbine_2,2026-01-24 06:00:00+00:00,48,0.9414643483763246,0.9414643483763246,False,False,0.9623423423423424,14.88,-2.9,2026-01-22 19:00:00+00:00,35.0,2026-01-22 22:00:00,2026-01-23T00:00:00+05:00,7553fed413e30a3b64372ebdf4f1465419035c476bf003a4342b59b88bcb97fd,gfs_seamless,False,0.98,14.068333333333333,-3.0533333333333332,0.03853565162367534
turbine_2,2026-01-24 07:00:00+00:00,48,0.9743675867114101,0.9743675867114101,False,False,0.9623423423423424,14.95,-2.1,2026-01-22 19:00:00+00:00,36.0,2026-01-22 22:00:00,2026-01-23T00:00:00+05:00,7553fed413e30a3b64372ebdf4f1465419035c476bf003a4342b59b88bcb97fd,gfs_seamless,False,0.6233333333333334,13.891666666666666,-1.9166666666666667,0.3510342533780767
turbine_2,2026-01-24 08:00:00+00:00,48,0.9323972150630744,0.9323972150630744,False,False,0.9623423423423424,14.77,-1.7,2026-01-22 19:00:00+00:00,37.0,2026-01-22 22:00:00,2026-01-23T00:00:00+05:00,7553fed413e30a3b64372ebdf4f1465419035c476bf003a4342b59b88bcb97fd,gfs_seamless,False,0.98,15.525,-0.9,0.0476027849369256
turbine_2,2026-01-24 09:00:00+00:00,48,0.9404298766821398,0.9404298766821398,False,False,0.9623423423423424,14.8,-1.8,2026-01-22 19:00:00+00:00,38.0,2026-01-22 22:00:00,2026-01-23T00:00:00+05:00,7553fed413e30a3b64372ebdf4f1465419035c476bf003a4342b59b88bcb97fd,gfs_seamless,False,0.9816666666666666,14.915,-0.5633333333333334,0.041236789984526734
turbine_2,2026-01-24 10:00:00+00:00,48,0.9888050513419298,0.9888050513419298,False,False,0.9610872675250358,13.54,-2.5,2026-01-22 19:00:00+00:00,39.0,2026-01-22 22:00:00,2026-01-23T00:00:00+05:00,7553fed413e30a3b64372ebdf4f1465419035c476bf003a4342b59b88bcb97fd,gfs_seamless,False,0.9899999999999999,13.868333333333334,0.12333333333333334,0.0011949486580701274
turbine_2,2026-01-24 11:00:00+00:00,48,0.9751123424564234,0.9751123424564234,False,False,0.9522897800776197,11.98,-4.3,2026-01-22 19:00:00+00:00,40.0,2026-01-22 22:00:00,2026-01-23T00:00:00+05:00,7553fed413e30a3b64372ebdf4f1465419035c476bf003a4342b59b88bcb97fd,gfs_seamless,False,0.985,13.511666666666665,0.35000000000000003,0.009887657543576567
turbine_2,2026-01-24 12:00:00+00:00,48,0.8946520603853743,0.8946520603853743,False,False,0.9253202160493827,11.22,-6.5,2026-01-22 19:00:00+00:00,41.0,2026-01-22 22:00:00,2026-01-23T00:00:00+05:00,7553fed413e30a3b64372ebdf4f1465419035c476bf003a4342b59b88bcb97fd,gfs_seamless,False,0.9899999999999999,14.280000000000001,0.18333333333333335,0.09534793961462562
turbine_2,2026-01-24 13:00:00+00:00,48,0.8852992552033127,0.8852992552033127,False,False,0.8849388004895961,10.96,-7.5,2026-01-22 19:00:00+00:00,42.0,2026-01-22 22:00:00,2026-01-23T00:00:00+05:00,7553fed413e30a3b64372ebdf4f1465419035c476bf003a4342b59b88bcb97fd,gfs_seamless,False,0.9899999999999999,13.335,0.22666666666666668,0.10470074479668723
turbine_2,2026-01-24 14:00:00+00:00,48,0.8878903076855297,0.8878903076855297,False,False,0.9253202160493827,11.14,-7.8,2026-01-22 19:00:00+00:00,43.0,2026-01-22 22:00:00,2026-01-23T00:00:00+05:00,7553fed413e30a3b64372ebdf4f1465419035c476bf003a4342b59b88bcb97fd,gfs_seamless,False,0.9899999999999999,13.163333333333334,0.28,0.1021096923144702
turbine_2,2026-01-24 15:00:00+00:00,48,0.808349271445462,0.808349271445462,False,False,0.8245199275362319,10.48,-7.7,2026-01-22 19:00:00+00:00,44.0,2026-01-22 22:00:00,2026-01-23T00:00:00+05:00,7553fed413e30a3b64372ebdf4f1465419035c476bf003a4342b59b88bcb97fd,gfs_seamless,False,0.955,10.811666666666667,-0.8183333333333334,0.14665072855453798
turbine_2,2026-01-24 16:00:00+00:00,48,0.88608214097548,0.88608214097548,False,False,0.9253202160493827,11.02,-7.7,2026-01-22 19:00:00+00:00,45.0,2026-01-22 22:00:00,2026-01-23T00:00:00+05:00,7553fed413e30a3b64372ebdf4f1465419035c476bf003a4342b59b88bcb97fd,gfs_seamless,False,0.9899999999999999,12.585,-0.8866666666666667,0.10391785902451989
turbine_2,2026-01-24 17:00:00+00:00,48,0.8079491046705441,0.8079491046705441,False,False,0.8849388004895961,10.55,-7.3,2026-01-22 19:00:00+00:00,46.0,2026-01-22 22:00:00,2026-01-23T00:00:00+05:00,7553fed413e30a3b64372ebdf4f1465419035c476bf003a4342b59b88bcb97fd,gfs_seamless,False,0.9899999999999999,12.008333333333333,-1.5099999999999998,0.18205089532945573
turbine_2,2026-01-24 18:00:00+00:00,48,0.8150946725482032,0.8150946725482032,False,False,0.8849388004895961,10.65,-6.9,2026-01-22 19:00:00+00:00,47.0,2026-01-22 22:00:00,2026-01-23T00:00:00+05:00,7553fed413e30a3b64372ebdf4f1465419035c476bf003a4342b59b88bcb97fd,gfs_seamless,False,0.9883333333333333,11.221666666666666,-2.4916666666666667,0.17323866078513006
turbine_2,2026-01-24 19:00:00+00:00,48,0.8244309225159291,0.8244309225159291,False,False,0.8245199275362319,10.16,-6.2,2026-01-22 19:00:00+00:00,48.0,2026-01-22 22:00:00,2026-01-23T00:00:00+05:00,7553fed413e30a3b64372ebdf4f1465419035c476bf003a4342b59b88bcb97fd,gfs_seamless,False,0.965,11.410000000000002,-1.6349999999999998,0.14056907748407088
turbine_1,2026-01-23 20:00:00+00:00,24,0.010073957902740634,0.010073957902740634,False,False,0.016040532365396248,2.42,-8.8,2026-01-23 19:00:00+00:00,1.0,2026-01-23 22:00:00,2026-01-24T00:00:00+05:00,405f66dcf83af74516118ddaadc3265be58b8b35391ef53ad176523b44a1d982,gfs_seamless,False,0.01,5.341666666666666,-5.05,7.395790274063348e-05
turbine_1,2026-01-23 21:00:00+00:00,24,0.06809485562123635,0.06809485562123635,False,False,0.1488899312070044,5.32,-8.9,2026-01-23 19:00:00+00:00,2.0,2026-01-23 22:00:00,2026-01-24T00:00:00+05:00,405f66dcf83af74516118ddaadc3265be58b8b35391ef53ad176523b44a1d982,gfs_seamless,False,0.01,5.995,-5.328333333333333,0.05809485562123635
turbine_1,2026-01-23 22:00:00+00:00,24,0.46032906967669796,0.46032906967669796,False,False,0.47549464747139164,7.71,-9.0,2026-01-23 19:00:00+00:00,3.0,2026-01-23 22:00:00,2026-01-24T00:00:00+05:00,405f66dcf83af74516118ddaadc3265be58b8b35391ef53ad176523b44a1d982,gfs_seamless,False,0.01,6.448333333333333,-6.2299999999999995,0.45032906967669795
turbine_1,2026-01-23 23:00:00+00:00,24,0.816239788631299,0.816239788631299,False,False,0.7645687134502924,9.63,-8.9,2026-01-23 19:00:00+00:00,4.0,2026-01-23 22:00:00,2026-01-24T00:00:00+05:00,405f66dcf83af74516118ddaadc3265be58b8b35391ef53ad176523b44a1d982,gfs_seamless,False,0.01,6.005,-6.833333333333333,0.806239788631299
turbine_1,2026-01-24 00:00:00+00:00,24,0.897736013199391,0.897736013199391,False,False,0.830583443416997,10.2,-9.2,2026-01-23 19:00:00+00:00,5.0,2026-01-23 22:00:00,2026-01-24T00:00:00+05:00,405f66dcf83af74516118ddaadc3265be58b8b35391ef53ad176523b44a1d982,gfs_seamless,False,0.01,6.551666666666667,-7.966666666666666,0.887736013199391
turbine_1,2026-01-24 01:00:00+00:00,24,0.9147409049741042,0.9147409049741042,False,False,0.8932178217821782,10.61,-9.4,2026-01-23 19:00:00+00:00,6.0,2026-01-23 22:00:00,2026-01-24T00:00:00+05:00,405f66dcf83af74516118ddaadc3265be58b8b35391ef53ad176523b44a1d982,gfs_seamless,False,0.03333333333333333,7.523333333333333,-8.018333333333333,0.8814075716407709
turbine_1,2026-01-24 02:00:00+00:00,24,0.9865663481894085,0.9865663481894085,False,False,0.9603103448275863,11.76,-9.4,2026-01-23 19:00:00+00:00,7.0,2026-01-23 22:00:00,2026-01-24T00:00:00+05:00,405f66dcf83af74516118ddaadc3265be58b8b35391ef53ad176523b44a1d982,gfs_seamless,False,0.10833333333333332,10.438333333333333,-7.158333333333334,0.8782330148560752
turbine_1,2026-01-24 03:00:00+00:00,24,0.9584333996791299,0.9584333996791299,False,False,0.9672234935163996,12.7,-8.6,2026-01-23 19:00:00+00:00,8.0,2026-01-23 22:00:00,2026-01-24T00:00:00+05:00,405f66dcf83af74516118ddaadc3265be58b8b35391ef53ad176523b44a1d982,gfs_seamless,False,0.71,13.125,-6.915,0.24843339967912992
turbine_1,2026-01-24 04:00:00+00:00,24,0.9900097273608155,0.9900097273608155,False,False,0.9770314253647585,13.1,-6.3,2026-01-23 19:00:00+00:00,9.0,2026-01-23 22:00:00,2026-01-24T00:00:00+05:00,405f66dcf83af74516118ddaadc3265be58b8b35391ef53ad176523b44a1d982,gfs_seamless,False,0.9716666666666667,12.876666666666665,-6.511666666666667,0.018343060694148816
turbine_1,2026-01-24 05:00:00+00:00,24,0.9643324600471694,0.9643324600471694,False,False,0.9681453634085212,14.18,-4.2,2026-01-23 19:00:00+00:00,10.0,2026-01-23 22:00:00,2026-01-24T00:00:00+05:00,405f66dcf83af74516118ddaadc3265be58b8b35391ef53ad176523b44a1d982,gfs_seamless,False,0.9899999999999999,12.963333333333333,-4.833333333333333,0.025667539952830443
turbine_1,2026-01-24 06:00:00+00:00,24,0.9871383991222502,0.9871383991222502,False,False,0.9681453634085212,14.4,-3.0,2026-01-23 19:00:00+00:00,11.0,2026-01-23 22:00:00,2026-01-24T00:00:00+05:00,405f66dcf83af74516118ddaadc3265be58b8b35391ef53ad176523b44a1d982,gfs_seamless,False,0.9899999999999999,13.76,-1.9416666666666667,0.0028616008777496704
turbine_1,2026-01-24 07:00:00+00:00,24,1.0010350004433104,0.9983333333333334,True,False,0.9650781249999999,15.1,-2.2,2026-01-23 19:00:00+00:00,12.0,2026-01-23 22:00:00,2026-01-24T00:00:00+05:00,405f66dcf83af74516118ddaadc3265be58b8b35391ef53ad176523b44a1d982,gfs_seamless,False,0.8533333333333334,14.285000000000002,-1.4800000000000002,0.14500000000000002
turbine_1,2026-01-24 08:00:00+00:00,24,0.9905438755357249,0.9905438755357249,False,False,0.9681453634085212,14.42,-1.9,2026-01-23 19:00:00+00:00,13.0,2026-01-23 22:00:00,2026-01-24T00:00:00+05:00,405f66dcf83af74516118ddaadc3265be58b8b35391ef53ad176523b44a1d982,gfs_seamless,False,0.9899999999999999,14.540000000000001,-0.54,0.0005438755357249914
turbine_1,2026-01-24 09:00:00+00:00,24,0.9548101366786835,0.9548101366786835,False,False,0.9681453634085212,14.14,-2.1,2026-01-23 19:00:00+00:00,14.0,2026-01-23 22:00:00,2026-01-24T00:00:00+05:00,405f66dcf83af74516118ddaadc3265be58b8b35391ef53ad176523b44a1d982,gfs_seamless,False,0.9899999999999999,14.606666666666667,-0.36166666666666664,0.03518986332131635
turbine_1,2026-01-24 10:00:00+00:00,24,0.976013808976537,0.976013808976537,False,False,0.965644891122278,13.83,-2.7,2026-01-23 19:00:00+00:00,15.0,2026-01-23 22:00:00,2026-01-24T00:00:00+05:00,405f66dcf83af74516118ddaadc3265be58b8b35391ef53ad176523b44a1d982,gfs_seamless,False,0.9866666666666667,13.791666666666666,0.21,0.010652857690129691
turbine_1,2026-01-24 11:00:00+00:00,24,0.9964241119410383,0.9964241119410383,False,False,0.9672234935163996,12.88,-4.4,2026-01-23 19:00:00+00:00,16.0,2026-01-23 22:00:00,2026-01-24T00:00:00+05:00,405f66dcf83af74516118ddaadc3265be58b8b35391ef53ad176523b44a1d982,gfs_seamless,False,0.9883333333333333,13.54,0.43,0.008090778607705018
turbine_1,2026-01-24 12:00:00+00:00,24,0.9438480690282844,0.9438480690282844,False,False,0.9380095610604084,11.25,-6.8,2026-01-23 19:00:00+00:00,17.0,2026-01-23 22:00:00,2026-01-24T00:00:00+05:00,405f66dcf83af74516118ddaadc3265be58b8b35391ef53ad176523b44a1d982,gfs_seamless,False,0.9899999999999999,14.531666666666666,0.10333333333333333,0.04615193097171544
turbine_1,2026-01-24 13:00:00+00:00,24,0.9473214674985388,0.9473214674985388,False,False,0.8932178217821782,10.94,-7.8,2026-01-23 19:00:00+00:00,18.0,2026-01-23 22:00:00,2026-01-24T00:00:00+05:00,405f66dcf83af74516118ddaadc3265be58b8b35391ef53ad176523b44a1d982,gfs_seamless,False,0.9899999999999999,13.651666666666666,0.075,0.04267853250146103
turbine_1,2026-01-24 14:00:00+00:00,24,0.9664608396153198,0.9664608396153198,False,False,0.9380095610604084,11.03,-7.6,2026-01-23 19:00:00+00:00,19.0,2026-01-23 22:00:00,2026-01-24T00:00:00+05:00,405f66dcf83af74516118ddaadc3265be58b8b35391ef53ad176523b44a1d982,gfs_seamless,False,0.9483333333333333,12.034999999999998,-0.165,0.01812750628198656
turbine_1,2026-01-24 15:00:00+00:00,24,0.9777414853056959,0.9777414853056959,False,False,0.9581862745098039,12.3,-7.4,2026-01-23 19:00:00+00:00,20.0,2026-01-23 22:00:00,2026-01-24T00:00:00+05:00,405f66dcf83af74516118ddaadc3265be58b8b35391ef53ad176523b44a1d982,gfs_seamless,False,0.9700000000000001,10.931666666666667,-1.1316666666666666,0.00774148530569585
turbine_1,2026-01-24 16:00:00+00:00,24,0.9702997428577368,0.9702997428577368,False,False,0.9581862745098039,12.01,-6.9,2026-01-23 19:00:00+00:00,21.0,2026-01-23 22:00:00,2026-01-24T00:00:00+05:00,405f66dcf83af74516118ddaadc3265be58b8b35391ef53ad176523b44a1d982,gfs_seamless,False,0.9899999999999999,12.658333333333333,-1.2183333333333335,0.01970025714226309
turbine_1,2026-01-24 17:00:00+00:00,24,0.9629731356212636,0.9629731356212636,False,False,0.9603103448275863,11.68,-7.0,2026-01-23 19:00:00+00:00,22.0,2026-01-23 22:00:00,2026-01-24T00:00:00+05:00,405f66dcf83af74516118ddaadc3265be58b8b35391ef53ad176523b44a1d982,gfs_seamless,False,0.96,11.251666666666667,-1.9283333333333335,0.0029731356212636673
turbine_1,2026-01-24 18:00:00+00:00,24,0.8565278833730118,0.8565278833730118,False,False,0.830583443416997,10.12,-6.3,2026-01-23 19:00:00+00:00,23.0,2026-01-23 22:00:00,2026-01-24T00:00:00+05:00,405f66dcf83af74516118ddaadc3265be58b8b35391ef53ad176523b44a1d982,gfs_seamless,False,0.9716666666666667,10.41,-3.1983333333333337,0.1151387832936549
turbine_1,2026-01-24 19:00:00+00:00,24,0.7889757746715048,0.7889757746715048,False,False,0.7645687134502924,9.71,-6.2,2026-01-23 19:00:00+00:00,24.0,2026-01-23 22:00:00,2026-01-24T00:00:00+05:00,405f66dcf83af74516118ddaadc3265be58b8b35391ef53ad176523b44a1d982,gfs_seamless,False,0.9766666666666666,11.616666666666667,-1.9349999999999998,0.18769089199516176
turbine_1,2026-01-24 20:00:00+00:00,48,0.8775304903280609,0.8775304903280609,False,False,0.8932178217821782,10.56,-5.1,2026-01-23 19:00:00+00:00,25.0,2026-01-23 22:00:00,2026-01-24T00:00:00+05:00,405f66dcf83af74516118ddaadc3265be58b8b35391ef53ad176523b44a1d982,gfs_seamless,False,0.6383333333333333,8.868333333333334,-4.931666666666667,0.23919715699472754
turbine_1,2026-01-24 21:00:00+00:00,48,0.9707460163342632,0.9707460163342632,False,False,0.9380095610604084,11.22,-5.2,2026-01-23 19:00:00+00:00,26.0,2026-01-23 22:00:00,2026-01-24T00:00:00+05:00,405f66dcf83af74516118ddaadc3265be58b8b35391ef53ad176523b44a1d982,gfs_seamless,False,0.295,6.371666666666667,-5.845,0.6757460163342632
turbine_1,2026-01-24 22:00:00+00:00,48,0.9845698243780058,0.9845698243780058,False,False,0.9603103448275863,11.65,-5.0,2026-01-23 19:00:00+00:00,27.0,2026-01-23 22:00:00,2026-01-24T00:00:00+05:00,405f66dcf83af74516118ddaadc3265be58b8b35391ef53ad176523b44a1d982,gfs_seamless,False,0.49500000000000005,7.826666666666667,-5.3500000000000005,0.4895698243780057
turbine_1,2026-01-24 23:00:00+00:00,48,0.9845698243780058,0.9845698243780058,False,False,0.9603103448275863,11.66,-5.1,2026-01-23 19:00:00+00:00,28.0,2026-01-23 22:00:00,2026-01-24T00:00:00+05:00,405f66dcf83af74516118ddaadc3265be58b8b35391ef53ad176523b44a1d982,gfs_seamless,False,0.5533333333333333,8.193333333333333,-4.028333333333333,0.43123649104467243
turbine_1,2026-01-25 00:00:00+00:00,48,0.9852466245521379,0.9852466245521379,False,False,0.9581862745098039,12.04,-5.5,2026-01-23 19:00:00+00:00,29.0,2026-01-23 22:00:00,2026-01-24T00:00:00+05:00,405f66dcf83af74516118ddaadc3265be58b8b35391ef53ad176523b44a1d982,gfs_seamless,False,0.13166666666666668,5.253333333333333,-4.141666666666667,0.8535799578854711
turbine_1,2026-01-25 01:00:00+00:00,48,0.9692506285751054,0.9692506285751054,False,False,0.9380095610604084,11.13,-5.6,2026-01-23 19:00:00+00:00,30.0,2026-01-23 22:00:00,2026-01-24T00:00:00+05:00,405f66dcf83af74516118ddaadc3265be58b8b35391ef53ad176523b44a1d982,gfs_seamless,False,0.023333333333333334,3.02,-3.5483333333333333,0.945917295241772
turbine_1,2026-01-25 02:00:00+00:00,48,0.522577014703789,0.522577014703789,False,False,0.5475825471698114,8.06,-6.4,2026-01-23 19:00:00+00:00,31.0,2026-01-23 22:00:00,2026-01-24T00:00:00+05:00,405f66dcf83af74516118ddaadc3265be58b8b35391ef53ad176523b44a1d982,gfs_seamless,False,0.35833333333333334,7.31,-3.59,0.1642436813704557
turbine_1,2026-01-25 03:00:00+00:00,48,0.07927035673972975,0.07927035673972975,False,False,0.1488899312070044,5.19,-7.1,2026-01-23 19:00:00+00:00,32.0,2026-01-23 22:00:00,2026-01-24T00:00:00+05:00,405f66dcf83af74516118ddaadc3265be58b8b35391ef53ad176523b44a1d982,gfs_seamless,False,0.35333333333333333,7.208333333333333,-4.733333333333333,0.27406297659360357
turbine_1,2026-01-25 04:00:00+00:00,48,0.0137764651429351,0.0137764651429351,False,False,0.025270935960591136,2.8,-5.3,2026-01-23 19:00:00+00:00,33.0,2026-01-23 22:00:00,2026-01-24T00:00:00+05:00,405f66dcf83af74516118ddaadc3265be58b8b35391ef53ad176523b44a1d982,gfs_seamless,False,0.14666666666666667,6.0683333333333325,-3.8200000000000003,0.13289020152373157
turbine_1,2026-01-25 05:00:00+00:00,48,0.009746799198585992,0.009746799198585992,False,False,0.016040532365396248,2.42,-4.5,2026-01-23 19:00:00+00:00,34.0,2026-01-23 22:00:00,2026-01-24T00:00:00+05:00,405f66dcf83af74516118ddaadc3265be58b8b35391ef53ad176523b44a1d982,gfs_seamless,False,0.06666666666666667,4.72,-2.5833333333333335,0.05691986746808067
turbine_1,2026-01-25 06:00:00+00:00,48,0.019894815761667267,0.019894815761667267,False,False,0.04024264966347857,3.32,-3.5,2026-01-23 19:00:00+00:00,35.0,2026-01-23 22:00:00,2026-01-24T00:00:00+05:00,405f66dcf83af74516118ddaadc3265be58b8b35391ef53ad176523b44a1d982,gfs_seamless,False,0.008333333333333333,2.625,-0.9700000000000001,0.011561482428333934
turbine_1,2026-01-25 07:00:00+00:00,48,0.020454454422306454,0.020454454422306454,False,False,0.04024264966347857,3.26,-3.0,2026-01-23 19:00:00+00:00,36.0,2026-01-23 22:00:00,2026-01-24T00:00:00+05:00,405f66dcf83af74516118ddaadc3265be58b8b35391ef53ad176523b44a1d982,gfs_seamless,False,0.01,3.098333333333333,0.07833333333333332,0.010454454422306454
turbine_1,2026-01-25 08:00:00+00:00,48,0.00847466837364136,0.00847466837364136,False,False,0.011034397426379608,1.82,-2.9,2026-01-23 19:00:00+00:00,37.0,2026-01-23 22:00:00,2026-01-24T00:00:00+05:00,405f66dcf83af74516118ddaadc3265be58b8b35391ef53ad176523b44a1d982,gfs_seamless,False,0.01,2.6166666666666667,1.23,0.0015253316263586399
turbine_1,2026-01-25 09:00:00+00:00,48,0.014162767823678871,0.014162767823678871,False,False,0.025270935960591136,2.64,-1.7,2026-01-23 19:00:00+00:00,38.0,2026-01-23 22:00:00,2026-01-24T00:00:00+05:00,405f66dcf83af74516118ddaadc3265be58b8b35391ef53ad176523b44a1d982,gfs_seamless,False,0.01,1.8533333333333335,2.435,0.004162767823678871
turbine_1,2026-01-25 10:00:00+00:00,48,0.008427575520481472,0.008427575520481472,False,False,0.009961072664359862,1.08,-1.1,2026-01-23 19:00:00+00:00,39.0,2026-01-23 22:00:00,2026-01-24T00:00:00+05:00,405f66dcf83af74516118ddaadc3265be58b8b35391ef53ad176523b44a1d982,gfs_seamless,False,0.01,2.901666666666667,1.99,0.0015724244795185284
turbine_1,2026-01-25 11:00:00+00:00,48,0.008702116209867359,0.008702116209867359,False,False,0.009989035087719297,0.73,-3.3,2026-01-23 19:00:00+00:00,40.0,2026-01-23 22:00:00,2026-01-24T00:00:00+05:00,405f66dcf83af74516118ddaadc3265be58b8b35391ef53ad176523b44a1d982,gfs_seamless,False,0.01,1.8983333333333334,1.82,0.0012978837901326413
turbine_1,2026-01-25 12:00:00+00:00,48,0.008444616643132674,0.008444616643132674,False,False,0.009961072664359862,1.13,-4.6,2026-01-23 19:00:00+00:00,41.0,2026-01-23 22:00:00,2026-01-24T00:00:00+05:00,405f66dcf83af74516118ddaadc3265be58b8b35391ef53ad176523b44a1d982,gfs_seamless,False,0.01,2.1366666666666667,1.4649999999999999,0.001555383356867326
turbine_1,2026-01-25 13:00:00+00:00,48,0.008444616643132674,0.008444616643132674,False,False,0.01,0.3,-4.0,2026-01-23 19:00:00+00:00,42.0,2026-01-23 22:00:00,2026-01-24T00:00:00+05:00,405f66dcf83af74516118ddaadc3265be58b8b35391ef53ad176523b44a1d982,gfs_seamless,False,0.01,2.1133333333333333,0.25333333333333335,0.001555383356867326
turbine_1,2026-01-25 14:00:00+00:00,48,0.008444616643132674,0.008444616643132674,False,False,0.009961072664359862,1.0,-3.7,2026-01-23 19:00:00+00:00,43.0,2026-01-23 22:00:00,2026-01-24T00:00:00+05:00,405f66dcf83af74516118ddaadc3265be58b8b35391ef53ad176523b44a1d982,gfs_seamless,False,0.03666666666666667,3.361666666666667,-0.44,0.028222050023533993
turbine_1,2026-01-25 15:00:00+00:00,48,0.008444616643132674,0.008444616643132674,False,False,0.009961072664359862,1.0,-3.7,2026-01-23 19:00:00+00:00,44.0,2026-01-23 22:00:00,2026-01-24T00:00:00+05:00,405f66dcf83af74516118ddaadc3265be58b8b35391ef53ad176523b44a1d982,gfs_seamless,False,0.14833333333333334,5.835,-0.7050000000000001,0.13988871669020067
turbine_1,2026-01-25 16:00:00+00:00,48,0.008444616643132674,0.008444616643132674,False,False,0.009961072664359862,1.2,-3.7,2026-01-23 19:00:00+00:00,45.0,2026-01-23 22:00:00,2026-01-24T00:00:00+05:00,405f66dcf83af74516118ddaadc3265be58b8b35391ef53ad176523b44a1d982,gfs_seamless,False,0.20166666666666666,6.1866666666666665,-3.105,0.193222050023534
turbine_1,2026-01-25 17:00:00+00:00,48,0.019848513180181725,0.019848513180181725,False,False,0.04024264966347857,3.34,-4.4,2026-01-23 19:00:00+00:00,46.0,2026-01-23 22:00:00,2026-01-24T00:00:00+05:00,405f66dcf83af74516118ddaadc3265be58b8b35391ef53ad176523b44a1d982,gfs_seamless,False,0.33666666666666667,6.8500000000000005,-4.255,0.31681815348648495
turbine_1,2026-01-25 18:00:00+00:00,48,0.49521313759484714,0.49521313759484714,False,False,0.47549464747139164,7.85,-3.8,2026-01-23 19:00:00+00:00,47.0,2026-01-23 22:00:00,2026-01-24T00:00:00+05:00,405f66dcf83af74516118ddaadc3265be58b8b35391ef53ad176523b44a1d982,gfs_seamless,False,0.61,8.146666666666667,-3.776666666666667,0.11478686240515285
turbine_1,2026-01-25 19:00:00+00:00,48,0.6765588787033783,0.6765588787033783,False,False,0.626359458151911,8.84,-4.3,2026-01-23 19:00:00+00:00,48.0,2026-01-23 22:00:00,2026-01-24T00:00:00+05:00,405f66dcf83af74516118ddaadc3265be58b8b35391ef53ad176523b44a1d982,gfs_seamless,False,0.26833333333333337,6.398333333333333,-3.945,0.4082255453700449
turbine_2,2026-01-23 20:00:00+00:00,24,0.009000316345200689,0.009000316345200689,False,False,0.014619706136560068,2.42,-8.8,2026-01-23 19:00:00+00:00,1.0,2026-01-23 22:00:00,2026-01-24T00:00:00+05:00,84a3adf9831577bca5743f9c80448261ce8937304551f161b047ef41f8cbb6f9,gfs_seamless,False,0.011666666666666667,5.48,-5.323333333333333,0.0026663503214659785
turbine_2,2026-01-23 21:00:00+00:00,24,0.06603462648433346,0.06603462648433346,False,False,0.14284810126582279,5.32,-8.9,2026-01-23 19:00:00+00:00,2.0,2026-01-23 22:00:00,2026-01-24T00:00:00+05:00,84a3adf9831577bca5743f9c80448261ce8937304551f161b047ef41f8cbb6f9,gfs_seamless,False,0.01,6.383333333333333,-5.5566666666666675,0.05603462648433346
turbine_2,2026-01-23 22:00:00+00:00,24,0.41845137173032626,0.41845137173032626,False,False,0.4598530428769018,7.71,-9.0,2026-01-23 19:00:00+00:00,3.0,2026-01-23 22:00:00,2026-01-24T00:00:00+05:00,84a3adf9831577bca5743f9c80448261ce8937304551f161b047ef41f8cbb6f9,gfs_seamless,False,0.01,6.233333333333333,-6.586666666666666,0.40845137173032625
turbine_2,2026-01-23 23:00:00+00:00,24,0.7840991245899753,0.7840991245899753,False,False,0.7532918496827721,9.63,-8.9,2026-01-23 19:00:00+00:00,4.0,2026-01-23 22:00:00,2026-01-24T00:00:00+05:00,84a3adf9831577bca5743f9c80448261ce8937304551f161b047ef41f8cbb6f9,gfs_seamless,False,0.01,6.1000000000000005,-7.0249999999999995,0.7740991245899753
turbine_2,2026-01-24 00:00:00+00:00,24,0.8940437713487552,0.8940437713487552,False,False,0.8245199275362319,10.2,-9.2,2026-01-23 19:00:00+00:00,5.0,2026-01-23 22:00:00,2026-01-24T00:00:00+05:00,84a3adf9831577bca5743f9c80448261ce8937304551f161b047ef41f8cbb6f9,gfs_seamless,False,0.01,6.398333333333333,-8.345,0.8840437713487552
turbine_2,2026-01-24 01:00:00+00:00,24,0.922885874546977,0.922885874546977,False,False,0.884981662591687,10.61,-9.4,2026-01-23 19:00:00+00:00,6.0,2026-01-23 22:00:00,2026-01-24T00:00:00+05:00,84a3adf9831577bca5743f9c80448261ce8937304551f161b047ef41f8cbb6f9,gfs_seamless,False,0.018333333333333333,7.079999999999999,-8.366666666666667,0.9045525412136437
turbine_2,2026-01-24 02:00:00+00:00,24,0.9816694933958032,0.9816694933958032,False,False,0.9522897800776197,11.76,-9.4,2026-01-23 19:00:00+00:00,7.0,2026-01-23 22:00:00,2026-01-24T00:00:00+05:00,84a3adf9831577bca5743f9c80448261ce8937304551f161b047ef41f8cbb6f9,gfs_seamless,False,0.03666666666666667,10.121666666666668,-7.335,0.9450028267291366
turbine_2,2026-01-24 03:00:00+00:00,24,0.9859234842967284,0.9859234842967284,False,False,0.9631237322515213,12.7,-8.6,2026-01-23 19:00:00+00:00,8.0,2026-01-23 22:00:00,2026-01-24T00:00:00+05:00,84a3adf9831577bca5743f9c80448261ce8937304551f161b047ef41f8cbb6f9,gfs_seamless,False,0.115,10.616666666666665,-7.091666666666666,0.8709234842967284
turbine_2,2026-01-24 04:00:00+00:00,24,0.9893679696307112,0.9893679696307112,False,False,0.9699395770392749,13.1,-6.3,2026-01-23 19:00:00+00:00,9.0,2026-01-23 22:00:00,2026-01-24T00:00:00+05:00,84a3adf9831577bca5743f9c80448261ce8937304551f161b047ef41f8cbb6f9,gfs_seamless,False,0.01,9.415,-6.948333333333333,0.9793679696307112
turbine_2,2026-01-24 05:00:00+00:00,24,0.9147410497533629,0.9147410497533629,False,False,0.9600239808153477,14.18,-4.2,2026-01-23 19:00:00+00:00,10.0,2026-01-23 22:00:00,2026-01-24T00:00:00+05:00,84a3adf9831577bca5743f9c80448261ce8937304551f161b047ef41f8cbb6f9,gfs_seamless,False,0.44,11.525,-5.56,0.4747410497533629
turbine_2,2026-01-24 06:00:00+00:00,24,0.9190444632511497,0.9190444632511497,False,False,0.9600239808153477,14.4,-3.0,2026-01-23 19:00:00+00:00,11.0,2026-01-23 22:00:00,2026-01-24T00:00:00+05:00,84a3adf9831577bca5743f9c80448261ce8937304551f161b047ef41f8cbb6f9,gfs_seamless,False,0.98,14.068333333333333,-3.0533333333333332,0.060955536748850236
turbine_2,2026-01-24 07:00:00+00:00,24,0.970462113244276,0.970462113244276,False,False,0.9496153846153847,15.1,-2.2,2026-01-23 19:00:00+00:00,12.0,2026-01-23 22:00:00,2026-01-24T00:00:00+05:00,84a3adf9831577bca5743f9c80448261ce8937304551f161b047ef41f8cbb6f9,gfs_seamless,False,0.6233333333333334,13.891666666666666,-1.9166666666666667,0.3471287799109426
turbine_2,2026-01-24 08:00:00+00:00,24,0.8850212446093194,0.8850212446093194,False,False,0.9600239808153477,14.42,-1.9,2026-01-23 19:00:00+00:00,13.0,2026-01-23 22:00:00,2026-01-24T00:00:00+05:00,84a3adf9831577bca5743f9c80448261ce8937304551f161b047ef41f8cbb6f9,gfs_seamless,False,0.98,15.525,-0.9,0.09497875539068057
turbine_2,2026-01-24 09:00:00+00:00,24,0.8850212446093194,0.8850212446093194,False,False,0.9600239808153477,14.14,-2.1,2026-01-23 19:00:00+00:00,14.0,2026-01-23 22:00:00,2026-01-24T00:00:00+05:00,84a3adf9831577bca5743f9c80448261ce8937304551f161b047ef41f8cbb6f9,gfs_seamless,False,0.9816666666666666,14.915,-0.5633333333333334,0.09664542205734716
turbine_2,2026-01-24 10:00:00+00:00,24,0.9901166599709961,0.9901166599709961,False,False,0.9610872675250358,13.83,-2.7,2026-01-23 19:00:00+00:00,15.0,2026-01-23 22:00:00,2026-01-24T00:00:00+05:00,84a3adf9831577bca5743f9c80448261ce8937304551f161b047ef41f8cbb6f9,gfs_seamless,False,0.9899999999999999,13.868333333333334,0.12333333333333334,0.0001166599709961913
turbine_2,2026-01-24 11:00:00+00:00,24,0.9827426753916922,0.9827426753916922,False,False,0.9631237322515213,12.88,-4.4,2026-01-23 19:00:00+00:00,16.0,2026-01-23 22:00:00,2026-01-24T00:00:00+05:00,84a3adf9831577bca5743f9c80448261ce8937304551f161b047ef41f8cbb6f9,gfs_seamless,False,0.985,13.511666666666665,0.35000000000000003,0.0022573246083077425
turbine_2,2026-01-24 12:00:00+00:00,24,0.9318268359619923,0.9318268359619923,False,False,0.9254464973056197,11.25,-6.8,2026-01-23 19:00:00+00:00,17.0,2026-01-23 22:00:00,2026-01-24T00:00:00+05:00,84a3adf9831577bca5743f9c80448261ce8937304551f161b047ef41f8cbb6f9,gfs_seamless,False,0.9899999999999999,14.280000000000001,0.18333333333333335,0.05817316403800754
turbine_2,2026-01-24 13:00:00+00:00,24,0.8613752152496502,0.8613752152496502,False,False,0.884981662591687,10.94,-7.8,2026-01-23 19:00:00+00:00,18.0,2026-01-23 22:00:00,2026-01-24T00:00:00+05:00,84a3adf9831577bca5743f9c80448261ce8937304551f161b047ef41f8cbb6f9,gfs_seamless,False,0.9899999999999999,13.335,0.22666666666666668,0.12862478475034966
turbine_2,2026-01-24 14:00:00+00:00,24,0.8769079445303775,0.8769079445303775,False,False,0.9254464973056197,11.03,-7.6,2026-01-23 19:00:00+00:00,19.0,2026-01-23 22:00:00,2026-01-24T00:00:00+05:00,84a3adf9831577bca5743f9c80448261ce8937304551f161b047ef41f8cbb6f9,gfs_seamless,False,0.9899999999999999,13.163333333333334,0.28,0.11309205546962242
turbine_2,2026-01-24 15:00:00+00:00,24,0.949899009288355,0.949899009288355,False,False,0.9573236632536974,12.3,-7.4,2026-01-23 19:00:00+00:00,20.0,2026-01-23 22:00:00,2026-01-24T00:00:00+05:00,84a3adf9831577bca5743f9c80448261ce8937304551f161b047ef41f8cbb6f9,gfs_seamless,False,0.955,10.811666666666667,-0.8183333333333334,0.005100990711644937
turbine_2,2026-01-24 16:00:00+00:00,24,0.9581065496233749,0.9581065496233749,False,False,0.9573236632536974,12.01,-6.9,2026-01-23 19:00:00+00:00,21.0,2026-01-23 22:00:00,2026-01-24T00:00:00+05:00,84a3adf9831577bca5743f9c80448261ce8937304551f161b047ef41f8cbb6f9,gfs_seamless,False,0.9899999999999999,12.585,-0.8866666666666667,0.03189345037662494
turbine_2,2026-01-24 17:00:00+00:00,24,0.9486362358939651,0.9486362358939651,False,False,0.9522897800776197,11.68,-7.0,2026-01-23 19:00:00+00:00,22.0,2026-01-23 22:00:00,2026-01-24T00:00:00+05:00,84a3adf9831577bca5743f9c80448261ce8937304551f161b047ef41f8cbb6f9,gfs_seamless,False,0.9899999999999999,12.008333333333333,-1.5099999999999998,0.04136376410603482
turbine_2,2026-01-24 18:00:00+00:00,24,0.8185773598977548,0.8185773598977548,False,False,0.8245199275362319,10.12,-6.3,2026-01-23 19:00:00+00:00,23.0,2026-01-23 22:00:00,2026-01-24T00:00:00+05:00,84a3adf9831577bca5743f9c80448261ce8937304551f161b047ef41f8cbb6f9,gfs_seamless,False,0.9883333333333333,11.221666666666666,-2.4916666666666667,0.16975597343557847
turbine_2,2026-01-24 19:00:00+00:00,24,0.7667815296727871,0.7667815296727871,False,False,0.7532918496827721,9.71,-6.2,2026-01-23 19:00:00+00:00,24.0,2026-01-23 22:00:00,2026-01-24T00:00:00+05:00,84a3adf9831577bca5743f9c80448261ce8937304551f161b047ef41f8cbb6f9,gfs_seamless,False,0.965,11.410000000000002,-1.6349999999999998,0.19821847032721285
turbine_2,2026-01-24 20:00:00+00:00,48,0.8377724317085442,0.8377724317085442,False,False,0.884981662591687,10.56,-5.1,2026-01-23 19:00:00+00:00,25.0,2026-01-23 22:00:00,2026-01-24T00:00:00+05:00,84a3adf9831577bca5743f9c80448261ce8937304551f161b047ef41f8cbb6f9,gfs_seamless,False,0.5499999999999999,8.526666666666666,-4.836666666666667,0.2877724317085443
turbine_2,2026-01-24 21:00:00+00:00,48,0.9235368677048074,0.9235368677048074,False,False,0.9254464973056197,11.22,-5.2,2026-01-23 19:00:00+00:00,26.0,2026-01-23 22:00:00,2026-01-24T00:00:00+05:00,84a3adf9831577bca5743f9c80448261ce8937304551f161b047ef41f8cbb6f9,gfs_seamless,False,0.23833333333333337,6.103333333333333,-5.948333333333333,0.685203534371474
turbine_2,2026-01-24 22:00:00+00:00,48,0.9677405174248489,0.9677405174248489,False,False,0.9522897800776197,11.65,-5.0,2026-01-23 19:00:00+00:00,27.0,2026-01-23 22:00:00,2026-01-24T00:00:00+05:00,84a3adf9831577bca5743f9c80448261ce8937304551f161b047ef41f8cbb6f9,gfs_seamless,False,0.49,8.09,-5.308333333333334,0.4777405174248489
turbine_2,2026-01-24 23:00:00+00:00,48,0.9677405174248489,0.9677405174248489,False,False,0.9522897800776197,11.66,-5.1,2026-01-23 19:00:00+00:00,28.0,2026-01-23 22:00:00,2026-01-24T00:00:00+05:00,84a3adf9831577bca5743f9c80448261ce8937304551f161b047ef41f8cbb6f9,gfs_seamless,False,0.595,8.495,-3.84,0.3727405174248489
turbine_2,2026-01-25 00:00:00+00:00,48,0.972990539847916,0.972990539847916,False,False,0.9573236632536974,12.04,-5.5,2026-01-23 19:00:00+00:00,29.0,2026-01-23 22:00:00,2026-01-24T00:00:00+05:00,84a3adf9831577bca5743f9c80448261ce8937304551f161b047ef41f8cbb6f9,gfs_seamless,False,0.1416666666666667,5.614999999999999,-4.205,0.8313238731812492
turbine_2,2026-01-25 01:00:00+00:00,48,0.9132416499807595,0.9132416499807595,False,False,0.9254464973056197,11.13,-5.6,2026-01-23 19:00:00+00:00,30.0,2026-01-23 22:00:00,2026-01-24T00:00:00+05:00,84a3adf9831577bca5743f9c80448261ce8937304551f161b047ef41f8cbb6f9,gfs_seamless,False,0.023333333333333334,2.9,-3.6616666666666666,0.8899083166474262
turbine_2,2026-01-25 02:00:00+00:00,48,0.4683230564274431,0.4683230564274431,False,False,0.5336196950968274,8.06,-6.4,2026-01-23 19:00:00+00:00,31.0,2026-01-23 22:00:00,2026-01-24T00:00:00+05:00,84a3adf9831577bca5743f9c80448261ce8937304551f161b047ef41f8cbb6f9,gfs_seamless,False,0.37333333333333335,7.510000000000001,-3.716666666666667,0.09498972309410975
turbine_2,2026-01-25 03:00:00+00:00,48,0.07554538944903644,0.07554538944903644,False,False,0.14284810126582279,5.19,-7.1,2026-01-23 19:00:00+00:00,32.0,2026-01-23 22:00:00,2026-01-24T00:00:00+05:00,84a3adf9831577bca5743f9c80448261ce8937304551f161b047ef41f8cbb6f9,gfs_seamless,False,0.37000000000000005,7.4433333333333325,-4.743333333333333,0.2944546105509636
turbine_2,2026-01-25 04:00:00+00:00,48,0.01295952441569565,0.01295952441569565,False,False,0.024030054644808743,2.8,-5.3,2026-01-23 19:00:00+00:00,33.0,2026-01-23 22:00:00,2026-01-24T00:00:00+05:00,84a3adf9831577bca5743f9c80448261ce8937304551f161b047ef41f8cbb6f9,gfs_seamless,False,0.13166666666666668,6.02,-3.9933333333333336,0.11870714225097104
turbine_2,2026-01-25 05:00:00+00:00,48,0.008174987950422307,0.008174987950422307,False,False,0.014619706136560068,2.42,-4.5,2026-01-23 19:00:00+00:00,34.0,2026-01-23 22:00:00,2026-01-24T00:00:00+05:00,84a3adf9831577bca5743f9c80448261ce8937304551f161b047ef41f8cbb6f9,gfs_seamless,False,0.06999999999999999,5.34,-2.8866666666666667,0.06182501204957769
turbine_2,2026-01-25 06:00:00+00:00,48,0.017260650660624852,0.017260650660624852,False,False,0.037194926140012845,3.32,-3.5,2026-01-23 19:00:00+00:00,35.0,2026-01-23 22:00:00,2026-01-24T00:00:00+05:00,84a3adf9831577bca5743f9c80448261ce8937304551f161b047ef41f8cbb6f9,gfs_seamless,False,0.005,3.5549999999999997,-1.1233333333333333,0.012260650660624851
turbine_2,2026-01-25 07:00:00+00:00,48,0.01703119106757559,0.01703119106757559,False,False,0.037194926140012845,3.26,-3.0,2026-01-23 19:00:00+00:00,36.0,2026-01-23 22:00:00,2026-01-24T00:00:00+05:00,84a3adf9831577bca5743f9c80448261ce8937304551f161b047ef41f8cbb6f9,gfs_seamless,False,0.01,3.6383333333333336,-0.12166666666666666,0.007031191067575588
turbine_2,2026-01-25 08:00:00+00:00,48,0.009081837840278389,0.009081837840278389,False,False,0.010129589632829374,1.82,-2.9,2026-01-23 19:00:00+00:00,37.0,2026-01-23 22:00:00,2026-01-24T00:00:00+05:00,84a3adf9831577bca5743f9c80448261ce8937304551f161b047ef41f8cbb6f9,gfs_seamless,False,0.008333333333333333,2.7883333333333336,1.135,0.0007485045069450559
turbine_2,2026-01-25 09:00:00+00:00,48,0.012916232118522707,0.012916232118522707,False,False,0.024030054644808743,2.64,-1.7,2026-01-23 19:00:00+00:00,38.0,2026-01-23 22:00:00,2026-01-24T00:00:00+05:00,84a3adf9831577bca5743f9c80448261ce8937304551f161b047ef41f8cbb6f9,gfs_seamless,False,0.01,1.9483333333333333,2.375,0.0029162321185227068
turbine_2,2026-01-25 10:00:00+00:00,48,0.009025651497696938,0.009025651497696938,False,False,0.009708818635607321,1.08,-1.1,2026-01-23 19:00:00+00:00,39.0,2026-01-23 22:00:00,2026-01-24T00:00:00+05:00,84a3adf9831577bca5743f9c80448261ce8937304551f161b047ef41f8cbb6f9,gfs_seamless,False,0.01,3.3066666666666666,1.7616666666666667,0.0009743485023030619
turbine_2,2026-01-25 11:00:00+00:00,48,0.008991904563419972,0.008991904563419972,False,False,0.009931087289433385,0.73,-3.3,2026-01-23 19:00:00+00:00,40.0,2026-01-23 22:00:00,2026-01-24T00:00:00+05:00,84a3adf9831577bca5743f9c80448261ce8937304551f161b047ef41f8cbb6f9,gfs_seamless,False,0.01,1.8983333333333334,1.67,0.0010080954365800279
turbine_2,2026-01-25 12:00:00+00:00,48,0.007734942154066605,0.007734942154066605,False,False,0.009708818635607321,1.13,-4.6,2026-01-23 19:00:00+00:00,41.0,2026-01-23 22:00:00,2026-01-24T00:00:00+05:00,84a3adf9831577bca5743f9c80448261ce8937304551f161b047ef41f8cbb6f9,gfs_seamless,False,0.01,1.635,1.2366666666666666,0.0022650578459333954
turbine_2,2026-01-25 13:00:00+00:00,48,0.008155763728726007,0.008155763728726007,False,False,0.01,0.3,-4.0,2026-01-23 19:00:00+00:00,42.0,2026-01-23 22:00:00,2026-01-24T00:00:00+05:00,84a3adf9831577bca5743f9c80448261ce8937304551f161b047ef41f8cbb6f9,gfs_seamless,False,0.01,1.9833333333333334,-0.023333333333333334,0.0018442362712739937
turbine_2,2026-01-25 14:00:00+00:00,48,0.008665239426004256,0.008665239426004256,False,False,0.009708818635607321,1.0,-3.7,2026-01-23 19:00:00+00:00,43.0,2026-01-23 22:00:00,2026-01-24T00:00:00+05:00,84a3adf9831577bca5743f9c80448261ce8937304551f161b047ef41f8cbb6f9,gfs_seamless,False,0.03333333333333333,3.5933333333333333,-0.6316666666666667,0.024668093907329075
turbine_2,2026-01-25 15:00:00+00:00,48,0.008665239426004256,0.008665239426004256,False,False,0.009708818635607321,1.0,-3.7,2026-01-23 19:00:00+00:00,44.0,2026-01-23 22:00:00,2026-01-24T00:00:00+05:00,84a3adf9831577bca5743f9c80448261ce8937304551f161b047ef41f8cbb6f9,gfs_seamless,False,0.13333333333333333,5.736666666666667,-0.9716666666666667,0.12466809390732908
turbine_2,2026-01-25 16:00:00+00:00,48,0.008665239426004256,0.008665239426004256,False,False,0.009708818635607321,1.2,-3.7,2026-01-23 19:00:00+00:00,45.0,2026-01-23 22:00:00,2026-01-24T00:00:00+05:00,84a3adf9831577bca5743f9c80448261ce8937304551f161b047ef41f8cbb6f9,gfs_seamless,False,0.215,6.25,-3.3366666666666664,0.20633476057399575
turbine_2,2026-01-25 17:00:00+00:00,48,0.01591105319771443,0.01591105319771443,False,False,0.037194926140012845,3.34,-4.4,2026-01-23 19:00:00+00:00,46.0,2026-01-23 22:00:00,2026-01-24T00:00:00+05:00,84a3adf9831577bca5743f9c80448261ce8937304551f161b047ef41f8cbb6f9,gfs_seamless,False,0.32666666666666666,6.968333333333334,-4.441666666666666,0.31075561346895225
turbine_2,2026-01-25 18:00:00+00:00,48,0.4697266299972598,0.4697266299972598,False,False,0.4598530428769018,7.85,-3.8,2026-01-23 19:00:00+00:00,47.0,2026-01-23 22:00:00,2026-01-24T00:00:00+05:00,84a3adf9831577bca5743f9c80448261ce8937304551f161b047ef41f8cbb6f9,gfs_seamless,False,0.5416666666666666,7.871666666666667,-3.895,0.07194003666940685
turbine_2,2026-01-25 19:00:00+00:00,48,0.5996837464637463,0.5996837464637463,False,False,0.6158580413297394,8.84,-4.3,2026-01-23 19:00:00+00:00,48.0,2026-01-23 22:00:00,2026-01-24T00:00:00+05:00,84a3adf9831577bca5743f9c80448261ce8937304551f161b047ef41f8cbb6f9,gfs_seamless,False,0.22,6.22,-4.068333333333333,0.37968374646374636
turbine_1,2026-01-24 20:00:00+00:00,24,0.8181374645387347,0.8181374645387347,False,False,0.7645687134502924,9.72,-5.6,2026-01-24 19:00:00+00:00,1.0,2026-01-24 22:00:00,2026-01-25T00:00:00+05:00,cc8f303646edc88519d8bce416a503ced36d6a7801c90df4467114f0e19c29f8,gfs_seamless,False,0.6383333333333333,8.868333333333334,-4.931666666666667,0.1798041312054014
turbine_1,2026-01-24 21:00:00+00:00,24,0.8257891287326338,0.8257891287326338,False,False,0.7645687134502924,9.96,-6.2,2026-01-24 19:00:00+00:00,2.0,2026-01-24 22:00:00,2026-01-25T00:00:00+05:00,cc8f303646edc88519d8bce416a503ced36d6a7801c90df4467114f0e19c29f8,gfs_seamless,False,0.295,6.371666666666667,-5.845,0.5307891287326338
turbine_1,2026-01-24 22:00:00+00:00,24,0.8998931093176507,0.8998931093176507,False,False,0.8933127317676143,10.74,-5.6,2026-01-24 19:00:00+00:00,3.0,2026-01-24 22:00:00,2026-01-25T00:00:00+05:00,cc8f303646edc88519d8bce416a503ced36d6a7801c90df4467114f0e19c29f8,gfs_seamless,False,0.49500000000000005,7.826666666666667,-5.3500000000000005,0.4048931093176506
turbine_1,2026-01-24 23:00:00+00:00,24,0.9021676270776644,0.9021676270776644,False,False,0.8933127317676143,10.78,-5.2,2026-01-24 19:00:00+00:00,4.0,2026-01-24 22:00:00,2026-01-25T00:00:00+05:00,cc8f303646edc88519d8bce416a503ced36d6a7801c90df4467114f0e19c29f8,gfs_seamless,False,0.5533333333333333,8.193333333333333,-4.028333333333333,0.34883429374433106
turbine_1,2026-01-25 00:00:00+00:00,24,0.6820633630725075,0.6820633630725075,False,False,0.6951442786069651,9.19,-5.1,2026-01-24 19:00:00+00:00,5.0,2026-01-24 22:00:00,2026-01-25T00:00:00+05:00,cc8f303646edc88519d8bce416a503ced36d6a7801c90df4467114f0e19c29f8,gfs_seamless,False,0.13166666666666668,5.253333333333333,-4.141666666666667,0.5503966964058408
turbine_1,2026-01-25 01:00:00+00:00,24,0.3843824696236893,0.3843824696236893,False,False,0.39811090225563905,7.29,-7.0,2026-01-24 19:00:00+00:00,6.0,2026-01-24 22:00:00,2026-01-25T00:00:00+05:00,cc8f303646edc88519d8bce416a503ced36d6a7801c90df4467114f0e19c29f8,gfs_seamless,False,0.023333333333333334,3.02,-3.5483333333333333,0.361049136290356
turbine_1,2026-01-25 02:00:00+00:00,24,0.027961439232315945,0.027961439232315945,False,False,0.08165806673546612,4.11,-6.4,2026-01-24 19:00:00+00:00,7.0,2026-01-24 22:00:00,2026-01-25T00:00:00+05:00,cc8f303646edc88519d8bce416a503ced36d6a7801c90df4467114f0e19c29f8,gfs_seamless,False,0.35833333333333334,7.31,-3.59,0.3303718941010174
turbine_1,2026-01-25 03:00:00+00:00,24,0.01174912602775173,0.01174912602775173,False,False,0.025270935960591136,2.59,-5.8,2026-01-24 19:00:00+00:00,8.0,2026-01-24 22:00:00,2026-01-25T00:00:00+05:00,cc8f303646edc88519d8bce416a503ced36d6a7801c90df4467114f0e19c29f8,gfs_seamless,False,0.35333333333333333,7.208333333333333,-4.733333333333333,0.3415842073055816
turbine_1,2026-01-25 04:00:00+00:00,24,0.008528814506314868,0.008528814506314868,False,False,0.009961106309420917,1.49,-4.5,2026-01-24 19:00:00+00:00,9.0,2026-01-24 22:00:00,2026-01-25T00:00:00+05:00,cc8f303646edc88519d8bce416a503ced36d6a7801c90df4467114f0e19c29f8,gfs_seamless,False,0.14666666666666667,6.0683333333333325,-3.8200000000000003,0.1381378521603518
turbine_1,2026-01-25 05:00:00+00:00,24,0.008083959533613067,0.008083959533613067,False,False,0.009989035087719297,0.71,-4.0,2026-01-24 19:00:00+00:00,10.0,2026-01-24 22:00:00,2026-01-25T00:00:00+05:00,cc8f303646edc88519d8bce416a503ced36d6a7801c90df4467114f0e19c29f8,gfs_seamless,False,0.06666666666666667,4.72,-2.5833333333333335,0.0585827071330536
turbine_1,2026-01-25 06:00:00+00:00,24,0.00884935983408422,0.00884935983408422,False,False,0.009989035087719297,0.91,-3.0,2026-01-24 19:00:00+00:00,11.0,2026-01-24 22:00:00,2026-01-25T00:00:00+05:00,cc8f303646edc88519d8bce416a503ced36d6a7801c90df4467114f0e19c29f8,gfs_seamless,False,0.008333333333333333,2.625,-0.9700000000000001,0.0005160265007508862
turbine_1,2026-01-25 07:00:00+00:00,24,0.008402756833938187,0.008402756833938187,False,False,0.009989035087719297,0.67,-1.2,2026-01-24 19:00:00+00:00,12.0,2026-01-24 22:00:00,2026-01-25T00:00:00+05:00,cc8f303646edc88519d8bce416a503ced36d6a7801c90df4467114f0e19c29f8,gfs_seamless,False,0.01,3.098333333333333,0.07833333333333332,0.0015972431660618135
turbine_1,2026-01-25 08:00:00+00:00,24,0.008402756833938187,0.008402756833938187,False,False,0.009989035087719297,0.81,-0.9,2026-01-24 19:00:00+00:00,13.0,2026-01-24 22:00:00,2026-01-25T00:00:00+05:00,cc8f303646edc88519d8bce416a503ced36d6a7801c90df4467114f0e19c29f8,gfs_seamless,False,0.01,2.6166666666666667,1.23,0.0015972431660618135
turbine_1,2026-01-25 09:00:00+00:00,24,0.008496440190438662,0.008496440190438662,False,False,0.009989035087719297,0.92,-0.5,2026-01-24 19:00:00+00:00,14.0,2026-01-24 22:00:00,2026-01-25T00:00:00+05:00,cc8f303646edc88519d8bce416a503ced36d6a7801c90df4467114f0e19c29f8,gfs_seamless,False,0.01,1.8533333333333335,2.435,0.001503559809561338
turbine_1,2026-01-25 10:00:00+00:00,24,0.008384909311585713,0.008384909311585713,False,False,0.011034397426379608,1.66,-1.1,2026-01-24 19:00:00+00:00,15.0,2026-01-24 22:00:00,2026-01-25T00:00:00+05:00,cc8f303646edc88519d8bce416a503ced36d6a7801c90df4467114f0e19c29f8,gfs_seamless,False,0.01,2.901666666666667,1.99,0.001615090688414287
turbine_1,2026-01-25 11:00:00+00:00,24,0.030101431302800675,0.030101431302800675,False,False,0.05820765027322404,3.9,-1.8,2026-01-24 19:00:00+00:00,16.0,2026-01-24 22:00:00,2026-01-25T00:00:00+05:00,cc8f303646edc88519d8bce416a503ced36d6a7801c90df4467114f0e19c29f8,gfs_seamless,False,0.01,1.8983333333333334,1.82,0.020101431302800676
turbine_1,2026-01-25 12:00:00+00:00,24,0.020854757625207533,0.020854757625207533,False,False,0.05820765027322404,3.57,-3.7,2026-01-24 19:00:00+00:00,17.0,2026-01-24 22:00:00,2026-01-25T00:00:00+05:00,cc8f303646edc88519d8bce416a503ced36d6a7801c90df4467114f0e19c29f8,gfs_seamless,False,0.01,2.1366666666666667,1.4649999999999999,0.010854757625207533
turbine_1,2026-01-25 13:00:00+00:00,24,0.01669291158104706,0.01669291158104706,False,False,0.025270935960591136,2.95,-3.9,2026-01-24 19:00:00+00:00,18.0,2026-01-24 22:00:00,2026-01-25T00:00:00+05:00,cc8f303646edc88519d8bce416a503ced36d6a7801c90df4467114f0e19c29f8,gfs_seamless,False,0.01,2.1133333333333333,0.25333333333333335,0.006692911581047059
turbine_1,2026-01-25 14:00:00+00:00,24,0.008194459388569367,0.008194459388569367,False,False,0.011034397426379608,1.98,-3.8,2026-01-24 19:00:00+00:00,19.0,2026-01-24 22:00:00,2026-01-25T00:00:00+05:00,cc8f303646edc88519d8bce416a503ced36d6a7801c90df4467114f0e19c29f8,gfs_seamless,False,0.03666666666666667,3.361666666666667,-0.44,0.0284722072780973
turbine_1,2026-01-25 15:00:00+00:00,24,0.008528814506314868,0.008528814506314868,False,False,0.009989035087719297,0.72,-4.3,2026-01-24 19:00:00+00:00,20.0,2026-01-24 22:00:00,2026-01-25T00:00:00+05:00,cc8f303646edc88519d8bce416a503ced36d6a7801c90df4467114f0e19c29f8,gfs_seamless,False,0.14833333333333334,5.835,-0.7050000000000001,0.13980451882701847
turbine_1,2026-01-25 16:00:00+00:00,24,0.02272848138889287,0.02272848138889287,False,False,0.05820765027322404,3.64,-3.1,2026-01-24 19:00:00+00:00,21.0,2026-01-24 22:00:00,2026-01-25T00:00:00+05:00,cc8f303646edc88519d8bce416a503ced36d6a7801c90df4467114f0e19c29f8,gfs_seamless,False,0.20166666666666666,6.1866666666666665,-3.105,0.17893818527777378
turbine_1,2026-01-25 17:00:00+00:00,24,0.2428255505816622,0.2428255505816622,False,False,0.32462060820785354,6.59,-4.6,2026-01-24 19:00:00+00:00,22.0,2026-01-24 22:00:00,2026-01-25T00:00:00+05:00,cc8f303646edc88519d8bce416a503ced36d6a7801c90df4467114f0e19c29f8,gfs_seamless,False,0.33666666666666667,6.8500000000000005,-4.255,0.09384111608500448
turbine_1,2026-01-25 18:00:00+00:00,24,0.4509243643660069,0.4509243643660069,False,False,0.4750055309734513,7.56,-4.2,2026-01-24 19:00:00+00:00,23.0,2026-01-24 22:00:00,2026-01-25T00:00:00+05:00,cc8f303646edc88519d8bce416a503ced36d6a7801c90df4467114f0e19c29f8,gfs_seamless,False,0.61,8.146666666666667,-3.776666666666667,0.15907563563399307
turbine_1,2026-01-25 19:00:00+00:00,24,0.6452149511698312,0.6452149511698312,False,False,0.626359458151911,8.69,-4.5,2026-01-24 19:00:00+00:00,24.0,2026-01-24 22:00:00,2026-01-25T00:00:00+05:00,cc8f303646edc88519d8bce416a503ced36d6a7801c90df4467114f0e19c29f8,gfs_seamless,False,0.26833333333333337,6.398333333333333,-3.945,0.3768816178364978
turbine_1,2026-01-25 20:00:00+00:00,48,0.6763194533220495,0.6763194533220495,False,False,0.626359458151911,8.99,-4.8,2026-01-24 19:00:00+00:00,25.0,2026-01-24 22:00:00,2026-01-25T00:00:00+05:00,cc8f303646edc88519d8bce416a503ced36d6a7801c90df4467114f0e19c29f8,gfs_seamless,False,0.22833333333333336,6.141666666666667,-4.995,0.44798611998871607
turbine_1,2026-01-25 21:00:00+00:00,48,0.6991153527200851,0.6991153527200851,False,False,0.6951442786069651,9.21,-5.6,2026-01-24 19:00:00+00:00,26.0,2026-01-24 22:00:00,2026-01-25T00:00:00+05:00,cc8f303646edc88519d8bce416a503ced36d6a7801c90df4467114f0e19c29f8,gfs_seamless,False,0.295,6.653333333333333,-4.765,0.4041153527200851
turbine_1,2026-01-25 22:00:00+00:00,48,0.8234762487513039,0.8234762487513039,False,False,0.8296306068601583,10.32,-6.0,2026-01-24 19:00:00+00:00,27.0,2026-01-24 22:00:00,2026-01-25T00:00:00+05:00,cc8f303646edc88519d8bce416a503ced36d6a7801c90df4467114f0e19c29f8,gfs_seamless,False,0.30666666666666664,6.5566666666666675,-4.998333333333334,0.5168095820846372
turbine_1,2026-01-25 23:00:00+00:00,48,0.9602550965906099,0.9602550965906099,False,False,0.8933127317676143,10.97,-5.5,2026-01-24 19:00:00+00:00,28.0,2026-01-24 22:00:00,2026-01-25T00:00:00+05:00,cc8f303646edc88519d8bce416a503ced36d6a7801c90df4467114f0e19c29f8,gfs_seamless,False,0.27666666666666667,6.611666666666667,-5.875,0.6835884299239432
turbine_1,2026-01-26 00:00:00+00:00,48,0.9385067512575429,0.9385067512575429,False,False,0.8933127317676143,10.69,-7.3,2026-01-24 19:00:00+00:00,29.0,2026-01-24 22:00:00,2026-01-25T00:00:00+05:00,cc8f303646edc88519d8bce416a503ced36d6a7801c90df4467114f0e19c29f8,gfs_seamless,False,0.6033333333333334,8.241666666666667,-5.4383333333333335,0.3351734179242095
turbine_1,2026-01-26 01:00:00+00:00,48,0.8181027496486605,0.8181027496486605,False,False,0.8933127317676143,10.72,-7.0,2026-01-24 19:00:00+00:00,30.0,2026-01-24 22:00:00,2026-01-25T00:00:00+05:00,cc8f303646edc88519d8bce416a503ced36d6a7801c90df4467114f0e19c29f8,gfs_seamless,False,0.2916666666666667,6.488333333333333,-5.493333333333333,0.5264360829819938
turbine_1,2026-01-26 02:00:00+00:00,48,0.9636576660197758,0.9636576660197758,False,False,0.8933127317676143,10.82,-7.9,2026-01-24 19:00:00+00:00,31.0,2026-01-24 22:00:00,2026-01-25T00:00:00+05:00,cc8f303646edc88519d8bce416a503ced36d6a7801c90df4467114f0e19c29f8,gfs_seamless,False,0.2733333333333334,6.378333333333334,-4.648333333333333,0.6903243326864423
turbine_1,2026-01-26 03:00:00+00:00,48,0.9933687356972289,0.9933687356972289,False,False,0.9603103448275863,11.75,-7.8,2026-01-24 19:00:00+00:00,32.0,2026-01-24 22:00:00,2026-01-25T00:00:00+05:00,cc8f303646edc88519d8bce416a503ced36d6a7801c90df4467114f0e19c29f8,gfs_seamless,False,0.3133333333333333,6.666666666666667,-3.8049999999999997,0.6800354023638957
turbine_1,2026-01-26 04:00:00+00:00,48,0.9874117858460407,0.9874117858460407,False,False,0.9603103448275863,11.72,-5.9,2026-01-24 19:00:00+00:00,33.0,2026-01-24 22:00:00,2026-01-25T00:00:00+05:00,cc8f303646edc88519d8bce416a503ced36d6a7801c90df4467114f0e19c29f8,gfs_seamless,False,0.2383333333333333,6.341666666666666,-3.5766666666666667,0.7490784525127074
turbine_1,2026-01-26 05:00:00+00:00,48,0.972887442482811,0.972887442482811,False,False,0.9380381944444444,11.36,-4.3,2026-01-24 19:00:00+00:00,34.0,2026-01-24 22:00:00,2026-01-25T00:00:00+05:00,cc8f303646edc88519d8bce416a503ced36d6a7801c90df4467114f0e19c29f8,gfs_seamless,False,0.24333333333333332,6.3500000000000005,-1.6216666666666668,0.7295541091494777
turbine_1,2026-01-26 06:00:00+00:00,48,0.9888737955112041,0.9888737955112041,False,False,0.9581681957186543,12.39,-2.6,2026-01-24 19:00:00+00:00,35.0,2026-01-24 22:00:00,2026-01-25T00:00:00+05:00,cc8f303646edc88519d8bce416a503ced36d6a7801c90df4467114f0e19c29f8,gfs_seamless,False,0.4766666666666666,7.658333333333334,1.2366666666666666,0.5122071288445376
turbine_1,2026-01-26 07:00:00+00:00,48,0.9927938539379446,0.9927938539379446,False,False,0.9673371212121211,12.61,-1.6,2026-01-24 19:00:00+00:00,36.0,2026-01-24 22:00:00,2026-01-25T00:00:00+05:00,cc8f303646edc88519d8bce416a503ced36d6a7801c90df4467114f0e19c29f8,gfs_seamless,False,0.7983333333333333,9.691666666666666,2.6533333333333333,0.19446052060461128
turbine_1,2026-01-26 08:00:00+00:00,48,0.957567096254619,0.957567096254619,False,False,0.9673371212121211,12.84,-0.9,2026-01-24 19:00:00+00:00,37.0,2026-01-24 22:00:00,2026-01-25T00:00:00+05:00,cc8f303646edc88519d8bce416a503ced36d6a7801c90df4467114f0e19c29f8,gfs_seamless,False,0.7933333333333333,9.578333333333333,3.655,0.16423376292128566
turbine_1,2026-01-26 09:00:00+00:00,48,0.9409352330706221,0.9409352330706221,False,False,0.9761353467561521,13.02,-0.5,2026-01-24 19:00:00+00:00,38.0,2026-01-24 22:00:00,2026-01-25T00:00:00+05:00,cc8f303646edc88519d8bce416a503ced36d6a7801c90df4467114f0e19c29f8,gfs_seamless,False,0.7600000000000001,9.436666666666667,4.375,0.18093523307062198
turbine_1,2026-01-26 10:00:00+00:00,48,0.9251720104537228,0.9251720104537228,False,False,0.9673371212121211,12.63,-0.7,2026-01-24 19:00:00+00:00,39.0,2026-01-24 22:00:00,2026-01-25T00:00:00+05:00,cc8f303646edc88519d8bce416a503ced36d6a7801c90df4467114f0e19c29f8,gfs_seamless,False,0.6716666666666667,9.006666666666666,4.86,0.253505343787056
turbine_1,2026-01-26 11:00:00+00:00,48,0.9812410275501408,0.9812410275501408,False,False,0.9603103448275863,11.88,-2.3,2026-01-24 19:00:00+00:00,40.0,2026-01-24 22:00:00,2026-01-25T00:00:00+05:00,cc8f303646edc88519d8bce416a503ced36d6a7801c90df4467114f0e19c29f8,gfs_seamless,False,0.6133333333333333,8.663333333333332,4.455,0.36790769421680747
turbine_1,2026-01-26 12:00:00+00:00,48,0.971908158436493,0.971908158436493,False,False,0.9380381944444444,11.3,-4.6,2026-01-24 19:00:00+00:00,41.0,2026-01-24 22:00:00,2026-01-25T00:00:00+05:00,cc8f303646edc88519d8bce416a503ced36d6a7801c90df4467114f0e19c29f8,gfs_seamless,False,0.39999999999999997,7.071666666666666,2.8633333333333333,0.5719081584364931
turbine_1,2026-01-26 13:00:00+00:00,48,0.9659414842009824,0.9659414842009824,False,False,0.9380381944444444,11.19,-5.5,2026-01-24 19:00:00+00:00,42.0,2026-01-24 22:00:00,2026-01-25T00:00:00+05:00,cc8f303646edc88519d8bce416a503ced36d6a7801c90df4467114f0e19c29f8,gfs_seamless,False,0.5,7.585,1.3483333333333334,0.46594148420098236
turbine_1,2026-01-26 14:00:00+00:00,48,0.9859261329755983,0.9859261329755983,False,False,0.9603103448275863,11.68,-5.7,2026-01-24 19:00:00+00:00,43.0,2026-01-24 22:00:00,2026-01-25T00:00:00+05:00,cc8f303646edc88519d8bce416a503ced36d6a7801c90df4467114f0e19c29f8,gfs_seamless,False,0.775,9.248333333333333,1.17,0.21092613297559826
turbine_1,2026-01-26 15:00:00+00:00,48,0.9858743416907547,0.9858743416907547,False,False,0.9603103448275863,11.5,-5.6,2026-01-24 19:00:00+00:00,44.0,2026-01-24 22:00:00,2026-01-25T00:00:00+05:00,cc8f303646edc88519d8bce416a503ced36d6a7801c90df4467114f0e19c29f8,gfs_seamless,False,0.29833333333333334,6.1433333333333335,0.2916666666666667,0.6875410083574214
turbine_1,2026-01-26 16:00:00+00:00,48,0.9859261329755983,0.9859261329755983,False,False,0.9603103448275863,11.55,-5.6,2026-01-24 19:00:00+00:00,45.0,2026-01-24 22:00:00,2026-01-25T00:00:00+05:00,cc8f303646edc88519d8bce416a503ced36d6a7801c90df4467114f0e19c29f8,gfs_seamless,False,0.16833333333333333,4.911666666666666,-1.6600000000000001,0.817592799642265
turbine_1,2026-01-26 17:00:00+00:00,48,0.9696998160612197,0.9696998160612197,False,False,0.9380381944444444,11.11,-5.6,2026-01-24 19:00:00+00:00,46.0,2026-01-24 22:00:00,2026-01-25T00:00:00+05:00,cc8f303646edc88519d8bce416a503ced36d6a7801c90df4467114f0e19c29f8,gfs_seamless,False,0.6983333333333333,8.488333333333333,-0.7216666666666667,0.27136648272788644
turbine_1,2026-01-26 18:00:00+00:00,48,0.9752503425244473,0.9752503425244473,False,False,0.9380381944444444,11.41,-5.6,2026-01-24 19:00:00+00:00,47.0,2026-01-24 22:00:00,2026-01-25T00:00:00+05:00,cc8f303646edc88519d8bce416a503ced36d6a7801c90df4467114f0e19c29f8,gfs_seamless,False,0.9,9.941666666666668,-0.5083333333333333,0.07525034252444729
turbine_1,2026-01-26 19:00:00+00:00,48,0.9752503425244473,0.9752503425244473,False,False,0.9380381944444444,11.4,-5.7,2026-01-24 19:00:00+00:00,48.0,2026-01-24 22:00:00,2026-01-25T00:00:00+05:00,cc8f303646edc88519d8bce416a503ced36d6a7801c90df4467114f0e19c29f8,gfs_seamless,False,0.65,8.461666666666666,-1.2583333333333333,0.3252503425244473
turbine_2,2026-01-24 20:00:00+00:00,24,0.7802348506389144,0.7802348506389144,False,False,0.7532918496827721,9.72,-5.6,2026-01-24 19:00:00+00:00,1.0,2026-01-24 22:00:00,2026-01-25T00:00:00+05:00,d432c4e0c8e19f0f1a52310fe63f99fbb8b8ca538d6692c07519b4334e63dae0,gfs_seamless,False,0.5499999999999999,8.526666666666666,-4.836666666666667,0.23023485063891447
turbine_2,2026-01-24 21:00:00+00:00,24,0.7948344601881289,0.7948344601881289,False,False,0.7532918496827721,9.96,-6.2,2026-01-24 19:00:00+00:00,2.0,2026-01-24 22:00:00,2026-01-25T00:00:00+05:00,d432c4e0c8e19f0f1a52310fe63f99fbb8b8ca538d6692c07519b4334e63dae0,gfs_seamless,False,0.23833333333333337,6.103333333333333,-5.948333333333333,0.5565011268547955
turbine_2,2026-01-24 22:00:00+00:00,24,0.8388779112059791,0.8388779112059791,False,False,0.8841280487804878,10.74,-5.6,2026-01-24 19:00:00+00:00,3.0,2026-01-24 22:00:00,2026-01-25T00:00:00+05:00,d432c4e0c8e19f0f1a52310fe63f99fbb8b8ca538d6692c07519b4334e63dae0,gfs_seamless,False,0.49,8.09,-5.308333333333334,0.3488779112059791
turbine_2,2026-01-24 23:00:00+00:00,24,0.8649995597164658,0.8649995597164658,False,False,0.8841280487804878,10.78,-5.2,2026-01-24 19:00:00+00:00,4.0,2026-01-24 22:00:00,2026-01-25T00:00:00+05:00,d432c4e0c8e19f0f1a52310fe63f99fbb8b8ca538d6692c07519b4334e63dae0,gfs_seamless,False,0.595,8.495,-3.84,0.26999955971646583
turbine_2,2026-01-25 00:00:00+00:00,24,0.7090981002803511,0.7090981002803511,False,False,0.6739665725047082,9.19,-5.1,2026-01-24 19:00:00+00:00,5.0,2026-01-24 22:00:00,2026-01-25T00:00:00+05:00,d432c4e0c8e19f0f1a52310fe63f99fbb8b8ca538d6692c07519b4334e63dae0,gfs_seamless,False,0.1416666666666667,5.614999999999999,-4.205,0.5674314336136844
turbine_2,2026-01-25 01:00:00+00:00,24,0.3531616057959955,0.3531616057959955,False,False,0.387275307473983,7.29,-7.0,2026-01-24 19:00:00+00:00,6.0,2026-01-24 22:00:00,2026-01-25T00:00:00+05:00,d432c4e0c8e19f0f1a52310fe63f99fbb8b8ca538d6692c07519b4334e63dae0,gfs_seamless,False,0.023333333333333334,2.9,-3.6616666666666666,0.32982827246266216
turbine_2,2026-01-25 02:00:00+00:00,24,0.02500851218689778,0.02500851218689778,False,False,0.07905644622578491,4.11,-6.4,2026-01-24 19:00:00+00:00,7.0,2026-01-24 22:00:00,2026-01-25T00:00:00+05:00,d432c4e0c8e19f0f1a52310fe63f99fbb8b8ca538d6692c07519b4334e63dae0,gfs_seamless,False,0.37333333333333335,7.510000000000001,-3.716666666666667,0.3483248211464356
turbine_2,2026-01-25 03:00:00+00:00,24,0.010352101158417809,0.010352101158417809,False,False,0.024030054644808743,2.59,-5.8,2026-01-24 19:00:00+00:00,8.0,2026-01-24 22:00:00,2026-01-25T00:00:00+05:00,d432c4e0c8e19f0f1a52310fe63f99fbb8b8ca538d6692c07519b4334e63dae0,gfs_seamless,False,0.37000000000000005,7.4433333333333325,-4.743333333333333,0.3596478988415822
turbine_2,2026-01-25 04:00:00+00:00,24,0.009007971746832507,0.009007971746832507,False,False,0.00970906068162926,1.49,-4.5,2026-01-24 19:00:00+00:00,9.0,2026-01-24 22:00:00,2026-01-25T00:00:00+05:00,d432c4e0c8e19f0f1a52310fe63f99fbb8b8ca538d6692c07519b4334e63dae0,gfs_seamless,False,0.13166666666666668,6.02,-3.9933333333333336,0.12265869491983418
turbine_2,2026-01-25 05:00:00+00:00,24,0.008037590381455855,0.008037590381455855,False,False,0.009931087289433385,0.71,-4.0,2026-01-24 19:00:00+00:00,10.0,2026-01-24 22:00:00,2026-01-25T00:00:00+05:00,d432c4e0c8e19f0f1a52310fe63f99fbb8b8ca538d6692c07519b4334e63dae0,gfs_seamless,False,0.06999999999999999,5.34,-2.8866666666666667,0.061962409618544136
turbine_2,2026-01-25 06:00:00+00:00,24,0.008921308123700308,0.008921308123700308,False,False,0.009931087289433385,0.91,-3.0,2026-01-24 19:00:00+00:00,11.0,2026-01-24 22:00:00,2026-01-25T00:00:00+05:00,d432c4e0c8e19f0f1a52310fe63f99fbb8b8ca538d6692c07519b4334e63dae0,gfs_seamless,False,0.005,3.5549999999999997,-1.1233333333333333,0.003921308123700308
turbine_2,2026-01-25 07:00:00+00:00,24,0.009083685853255877,0.009083685853255877,False,False,0.009931087289433385,0.67,-1.2,2026-01-24 19:00:00+00:00,12.0,2026-01-24 22:00:00,2026-01-25T00:00:00+05:00,d432c4e0c8e19f0f1a52310fe63f99fbb8b8ca538d6692c07519b4334e63dae0,gfs_seamless,False,0.01,3.6383333333333336,-0.12166666666666666,0.0009163141467441235
turbine_2,2026-01-25 08:00:00+00:00,24,0.009083685853255877,0.009083685853255877,False,False,0.009931087289433385,0.81,-0.9,2026-01-24 19:00:00+00:00,13.0,2026-01-24 22:00:00,2026-01-25T00:00:00+05:00,d432c4e0c8e19f0f1a52310fe63f99fbb8b8ca538d6692c07519b4334e63dae0,gfs_seamless,False,0.008333333333333333,2.7883333333333336,1.135,0.0007503525199225435
turbine_2,2026-01-25 09:00:00+00:00,24,0.009083685853255877,0.009083685853255877,False,False,0.009931087289433385,0.92,-0.5,2026-01-24 19:00:00+00:00,14.0,2026-01-24 22:00:00,2026-01-25T00:00:00+05:00,d432c4e0c8e19f0f1a52310fe63f99fbb8b8ca538d6692c07519b4334e63dae0,gfs_seamless,False,0.01,1.9483333333333333,2.375,0.0009163141467441235
turbine_2,2026-01-25 10:00:00+00:00,24,0.009083685853255877,0.009083685853255877,False,False,0.010129589632829374,1.66,-1.1,2026-01-24 19:00:00+00:00,15.0,2026-01-24 22:00:00,2026-01-25T00:00:00+05:00,d432c4e0c8e19f0f1a52310fe63f99fbb8b8ca538d6692c07519b4334e63dae0,gfs_seamless,False,0.01,3.3066666666666666,1.7616666666666667,0.0009163141467441235
turbine_2,2026-01-25 11:00:00+00:00,24,0.023521510455490426,0.023521510455490426,False,False,0.05545265348595213,3.9,-1.8,2026-01-24 19:00:00+00:00,16.0,2026-01-24 22:00:00,2026-01-25T00:00:00+05:00,d432c4e0c8e19f0f1a52310fe63f99fbb8b8ca538d6692c07519b4334e63dae0,gfs_seamless,False,0.01,1.8983333333333334,1.67,0.013521510455490425
turbine_2,2026-01-25 12:00:00+00:00,24,0.01735946803094432,0.01735946803094432,False,False,0.05545265348595213,3.57,-3.7,2026-01-24 19:00:00+00:00,17.0,2026-01-24 22:00:00,2026-01-25T00:00:00+05:00,d432c4e0c8e19f0f1a52310fe63f99fbb8b8ca538d6692c07519b4334e63dae0,gfs_seamless,False,0.01,1.635,1.2366666666666666,0.007359468030944319
turbine_2,2026-01-25 13:00:00+00:00,24,0.014351413623960644,0.014351413623960644,False,False,0.024030054644808743,2.95,-3.9,2026-01-24 19:00:00+00:00,18.0,2026-01-24 22:00:00,2026-01-25T00:00:00+05:00,d432c4e0c8e19f0f1a52310fe63f99fbb8b8ca538d6692c07519b4334e63dae0,gfs_seamless,False,0.01,1.9833333333333334,-0.023333333333333334,0.004351413623960644
turbine_2,2026-01-25 14:00:00+00:00,24,0.007785884010034206,0.007785884010034206,False,False,0.010129589632829374,1.98,-3.8,2026-01-24 19:00:00+00:00,19.0,2026-01-24 22:00:00,2026-01-25T00:00:00+05:00,d432c4e0c8e19f0f1a52310fe63f99fbb8b8ca538d6692c07519b4334e63dae0,gfs_seamless,False,0.03333333333333333,3.5933333333333333,-0.6316666666666667,0.025547449323299127
turbine_2,2026-01-25 15:00:00+00:00,24,0.008037590381455855,0.008037590381455855,False,False,0.009931087289433385,0.72,-4.3,2026-01-24 19:00:00+00:00,20.0,2026-01-24 22:00:00,2026-01-25T00:00:00+05:00,d432c4e0c8e19f0f1a52310fe63f99fbb8b8ca538d6692c07519b4334e63dae0,gfs_seamless,False,0.13333333333333333,5.736666666666667,-0.9716666666666667,0.12529574295187748
turbine_2,2026-01-25 16:00:00+00:00,24,0.01749674114790151,0.01749674114790151,False,False,0.05545265348595213,3.64,-3.1,2026-01-24 19:00:00+00:00,21.0,2026-01-24 22:00:00,2026-01-25T00:00:00+05:00,d432c4e0c8e19f0f1a52310fe63f99fbb8b8ca538d6692c07519b4334e63dae0,gfs_seamless,False,0.215,6.25,-3.3366666666666664,0.1975032588520985
turbine_2,2026-01-25 17:00:00+00:00,24,0.23884005117411966,0.23884005117411966,False,False,0.31349247685185183,6.59,-4.6,2026-01-24 19:00:00+00:00,22.0,2026-01-24 22:00:00,2026-01-25T00:00:00+05:00,d432c4e0c8e19f0f1a52310fe63f99fbb8b8ca538d6692c07519b4334e63dae0,gfs_seamless,False,0.32666666666666666,6.968333333333334,-4.441666666666666,0.087826615492547
turbine_2,2026-01-25 18:00:00+00:00,24,0.4064331028467248,0.4064331028467248,False,False,0.4598530428769018,7.56,-4.2,2026-01-24 19:00:00+00:00,23.0,2026-01-24 22:00:00,2026-01-25T00:00:00+05:00,d432c4e0c8e19f0f1a52310fe63f99fbb8b8ca538d6692c07519b4334e63dae0,gfs_seamless,False,0.5416666666666666,7.871666666666667,-3.895,0.13523356381994184
turbine_2,2026-01-25 19:00:00+00:00,24,0.6022783042476382,0.6022783042476382,False,False,0.6158580413297394,8.69,-4.5,2026-01-24 19:00:00+00:00,24.0,2026-01-24 22:00:00,2026-01-25T00:00:00+05:00,d432c4e0c8e19f0f1a52310fe63f99fbb8b8ca538d6692c07519b4334e63dae0,gfs_seamless,False,0.22,6.22,-4.068333333333333,0.3822783042476382
turbine_2,2026-01-25 20:00:00+00:00,48,0.6832277729396455,0.6832277729396455,False,False,0.6158580413297394,8.99,-4.8,2026-01-24 19:00:00+00:00,25.0,2026-01-24 22:00:00,2026-01-25T00:00:00+05:00,d432c4e0c8e19f0f1a52310fe63f99fbb8b8ca538d6692c07519b4334e63dae0,gfs_seamless,False,0.18166666666666667,6.051666666666667,-5.185,0.5015611062729789
turbine_2,2026-01-25 21:00:00+00:00,48,0.7275078111414884,0.7275078111414884,False,False,0.6739665725047082,9.21,-5.6,2026-01-24 19:00:00+00:00,26.0,2026-01-24 22:00:00,2026-01-25T00:00:00+05:00,d432c4e0c8e19f0f1a52310fe63f99fbb8b8ca538d6692c07519b4334e63dae0,gfs_seamless,False,0.30666666666666664,6.7749999999999995,-4.895,0.4208411444748218
turbine_2,2026-01-25 22:00:00+00:00,48,0.8453455550653741,0.8453455550653741,False,False,0.8234509271822704,10.32,-6.0,2026-01-24 19:00:00+00:00,27.0,2026-01-24 22:00:00,2026-01-25T00:00:00+05:00,d432c4e0c8e19f0f1a52310fe63f99fbb8b8ca538d6692c07519b4334e63dae0,gfs_seamless,False,0.31833333333333336,6.6933333333333325,-5.056666666666667,0.5270122217320408
turbine_2,2026-01-25 23:00:00+00:00,48,0.9352873824521065,0.9352873824521065,False,False,0.8841280487804878,10.97,-5.5,2026-01-24 19:00:00+00:00,28.0,2026-01-24 22:00:00,2026-01-25T00:00:00+05:00,d432c4e0c8e19f0f1a52310fe63f99fbb8b8ca538d6692c07519b4334e63dae0,gfs_seamless,False,0.22,6.3116666666666665,-6.145,0.7152873824521065
turbine_2,2026-01-26 00:00:00+00:00,48,0.8197519966565676,0.8197519966565676,False,False,0.8841280487804878,10.69,-7.3,2026-01-24 19:00:00+00:00,29.0,2026-01-24 22:00:00,2026-01-25T00:00:00+05:00,d432c4e0c8e19f0f1a52310fe63f99fbb8b8ca538d6692c07519b4334e63dae0,gfs_seamless,False,0.5299999999999999,8.048333333333334,-5.5183333333333335,0.2897519966565677
turbine_2,2026-01-26 01:00:00+00:00,48,0.7349193017971973,0.7349193017971973,False,False,0.8841280487804878,10.72,-7.0,2026-01-24 19:00:00+00:00,30.0,2026-01-24 22:00:00,2026-01-25T00:00:00+05:00,d432c4e0c8e19f0f1a52310fe63f99fbb8b8ca538d6692c07519b4334e63dae0,gfs_seamless,False,0.27,6.421666666666667,-5.614999999999999,0.4649193017971973
turbine_2,2026-01-26 02:00:00+00:00,48,0.9360637773103091,0.9360637773103091,False,False,0.8841280487804878,10.82,-7.9,2026-01-24 19:00:00+00:00,31.0,2026-01-24 22:00:00,2026-01-25T00:00:00+05:00,d432c4e0c8e19f0f1a52310fe63f99fbb8b8ca538d6692c07519b4334e63dae0,gfs_seamless,False,0.20166666666666666,6.165,-4.898333333333333,0.7343971106436424
turbine_2,2026-01-26 03:00:00+00:00,48,0.9395019825933635,0.9395019825933635,False,False,0.9516279069767442,11.75,-7.8,2026-01-24 19:00:00+00:00,32.0,2026-01-24 22:00:00,2026-01-25T00:00:00+05:00,d432c4e0c8e19f0f1a52310fe63f99fbb8b8ca538d6692c07519b4334e63dae0,gfs_seamless,False,0.18666666666666668,6.028333333333333,-4.133333333333334,0.7528353159266968
turbine_2,2026-01-26 04:00:00+00:00,48,0.9517413031269961,0.9517413031269961,False,False,0.9516279069767442,11.72,-5.9,2026-01-24 19:00:00+00:00,33.0,2026-01-24 22:00:00,2026-01-25T00:00:00+05:00,d432c4e0c8e19f0f1a52310fe63f99fbb8b8ca538d6692c07519b4334e63dae0,gfs_seamless,False,0.24,6.4799999999999995,-3.7283333333333335,0.7117413031269961
turbine_2,2026-01-26 05:00:00+00:00,48,0.9786049086955837,0.9786049086955837,False,False,0.9254464973056197,11.36,-4.3,2026-01-24 19:00:00+00:00,34.0,2026-01-24 22:00:00,2026-01-25T00:00:00+05:00,d432c4e0c8e19f0f1a52310fe63f99fbb8b8ca538d6692c07519b4334e63dae0,gfs_seamless,False,0.245,6.473333333333334,-1.8833333333333335,0.7336049086955837
turbine_2,2026-01-26 06:00:00+00:00,48,0.9775845459636977,0.9775845459636977,False,False,0.9573793299261784,12.39,-2.6,2026-01-24 19:00:00+00:00,35.0,2026-01-24 22:00:00,2026-01-25T00:00:00+05:00,d432c4e0c8e19f0f1a52310fe63f99fbb8b8ca538d6692c07519b4334e63dae0,gfs_seamless,False,0.5083333333333333,8.045,1.0999999999999999,0.4692512126303644
turbine_2,2026-01-26 07:00:00+00:00,48,0.9514827230179281,0.9514827230179281,False,False,0.9631781376518219,12.61,-1.6,2026-01-24 19:00:00+00:00,36.0,2026-01-24 22:00:00,2026-01-25T00:00:00+05:00,d432c4e0c8e19f0f1a52310fe63f99fbb8b8ca538d6692c07519b4334e63dae0,gfs_seamless,False,0.8466666666666667,10.23,2.658333333333333,0.10481605635126146
turbine_2,2026-01-26 08:00:00+00:00,48,0.9551606596330626,0.9551606596330626,False,False,0.9631781376518219,12.84,-0.9,2026-01-24 19:00:00+00:00,37.0,2026-01-24 22:00:00,2026-01-25T00:00:00+05:00,d432c4e0c8e19f0f1a52310fe63f99fbb8b8ca538d6692c07519b4334e63dae0,gfs_seamless,False,0.7966666666666667,9.866666666666665,3.6916666666666664,0.15849399296639588
turbine_2,2026-01-26 09:00:00+00:00,48,0.9137353833467339,0.9137353833467339,False,False,0.9700600600600602,13.02,-0.5,2026-01-24 19:00:00+00:00,38.0,2026-01-24 22:00:00,2026-01-25T00:00:00+05:00,d432c4e0c8e19f0f1a52310fe63f99fbb8b8ca538d6692c07519b4334e63dae0,gfs_seamless,False,0.75,9.61,4.468333333333334,0.16373538334673388
turbine_2,2026-01-26 10:00:00+00:00,48,0.9423029560630763,0.9423029560630763,False,False,0.9631781376518219,12.63,-0.7,2026-01-24 19:00:00+00:00,39.0,2026-01-24 22:00:00,2026-01-25T00:00:00+05:00,d432c4e0c8e19f0f1a52310fe63f99fbb8b8ca538d6692c07519b4334e63dae0,gfs_seamless,False,0.7383333333333333,9.523333333333333,4.83,0.20396962272974306
turbine_2,2026-01-26 11:00:00+00:00,48,0.967368871249603,0.967368871249603,False,False,0.9516279069767442,11.88,-2.3,2026-01-24 19:00:00+00:00,40.0,2026-01-24 22:00:00,2026-01-25T00:00:00+05:00,d432c4e0c8e19f0f1a52310fe63f99fbb8b8ca538d6692c07519b4334e63dae0,gfs_seamless,False,0.7016666666666667,9.195,4.571666666666666,0.26570220458293636
turbine_2,2026-01-26 12:00:00+00:00,48,0.9854685326105387,0.9854685326105387,False,False,0.9254464973056197,11.3,-4.6,2026-01-24 19:00:00+00:00,41.0,2026-01-24 22:00:00,2026-01-25T00:00:00+05:00,d432c4e0c8e19f0f1a52310fe63f99fbb8b8ca538d6692c07519b4334e63dae0,gfs_seamless,False,0.48333333333333334,7.989999999999999,3.1199999999999997,0.5021351992772054
turbine_2,2026-01-26 13:00:00+00:00,48,0.9124537740969999,0.9124537740969999,False,False,0.9254464973056197,11.19,-5.5,2026-01-24 19:00:00+00:00,42.0,2026-01-24 22:00:00,2026-01-25T00:00:00+05:00,d432c4e0c8e19f0f1a52310fe63f99fbb8b8ca538d6692c07519b4334e63dae0,gfs_seamless,False,0.62,8.526666666666666,1.5716666666666665,0.2924537740969999
turbine_2,2026-01-26 14:00:00+00:00,48,0.9517413031269961,0.9517413031269961,False,False,0.9516279069767442,11.68,-5.7,2026-01-24 19:00:00+00:00,43.0,2026-01-24 22:00:00,2026-01-25T00:00:00+05:00,d432c4e0c8e19f0f1a52310fe63f99fbb8b8ca538d6692c07519b4334e63dae0,gfs_seamless,False,0.8716666666666667,10.468333333333334,1.3316666666666668,0.08007463646032942
turbine_2,2026-01-26 15:00:00+00:00,48,0.9011681858438457,0.9011681858438457,False,False,0.9516279069767442,11.5,-5.6,2026-01-24 19:00:00+00:00,44.0,2026-01-24 22:00:00,2026-01-25T00:00:00+05:00,d432c4e0c8e19f0f1a52310fe63f99fbb8b8ca538d6692c07519b4334e63dae0,gfs_seamless,False,0.3666666666666667,6.916666666666667,0.67,0.534501519177179
turbine_2,2026-01-26 16:00:00+00:00,48,0.9431771169053216,0.9431771169053216,False,False,0.9516279069767442,11.55,-5.6,2026-01-24 19:00:00+00:00,45.0,2026-01-24 22:00:00,2026-01-25T00:00:00+05:00,d432c4e0c8e19f0f1a52310fe63f99fbb8b8ca538d6692c07519b4334e63dae0,gfs_seamless,False,0.16666666666666666,5.043333333333333,-1.5933333333333335,0.776510450238655
turbine_2,2026-01-26 17:00:00+00:00,48,0.9088152309500298,0.9088152309500298,False,False,0.9254464973056197,11.11,-5.6,2026-01-24 19:00:00+00:00,46.0,2026-01-24 22:00:00,2026-01-25T00:00:00+05:00,d432c4e0c8e19f0f1a52310fe63f99fbb8b8ca538d6692c07519b4334e63dae0,gfs_seamless,False,0.6766666666666666,8.626666666666667,-0.745,0.23214856428336317
turbine_2,2026-01-26 18:00:00+00:00,48,0.9489200211458854,0.9489200211458854,False,False,0.9254464973056197,11.41,-5.6,2026-01-24 19:00:00+00:00,47.0,2026-01-24 22:00:00,2026-01-25T00:00:00+05:00,d432c4e0c8e19f0f1a52310fe63f99fbb8b8ca538d6692c07519b4334e63dae0,gfs_seamless,False,0.9266666666666666,10.450000000000001,-0.09333333333333334,0.022253354479218723
turbine_2,2026-01-26 19:00:00+00:00,48,0.9489200211458854,0.9489200211458854,False,False,0.9254464973056197,11.4,-5.7,2026-01-24 19:00:00+00:00,48.0,2026-01-24 22:00:00,2026-01-25T00:00:00+05:00,d432c4e0c8e19f0f1a52310fe63f99fbb8b8ca538d6692c07519b4334e63dae0,gfs_seamless,False,0.7050000000000001,8.961666666666666,-0.8516666666666666,0.2439200211458853
turbine_1,2026-01-25 20:00:00+00:00,24,0.8194710347836901,0.8194710347836901,False,False,0.7645687134502924,9.81,-4.9,2026-01-25 19:00:00+00:00,1.0,2026-01-25 22:00:00,2026-01-26T00:00:00+05:00,dd8d560a5530703d40f30a8b374d399e4ddcb5122663aec7689cebf46b3c0bec,gfs_seamless,False,0.22833333333333336,6.141666666666667,-4.995,0.5911377014503567
turbine_1,2026-01-25 21:00:00+00:00,24,0.8220921053198558,0.8220921053198558,False,False,0.7645687134502924,9.71,-5.5,2026-01-25 19:00:00+00:00,2.0,2026-01-25 22:00:00,2026-01-26T00:00:00+05:00,dd8d560a5530703d40f30a8b374d399e4ddcb5122663aec7689cebf46b3c0bec,gfs_seamless,False,0.295,6.653333333333333,-4.765,0.5270921053198558
turbine_1,2026-01-25 22:00:00+00:00,24,0.8422038016682644,0.8422038016682644,False,False,0.7645687134502924,9.88,-6.1,2026-01-25 19:00:00+00:00,3.0,2026-01-25 22:00:00,2026-01-26T00:00:00+05:00,dd8d560a5530703d40f30a8b374d399e4ddcb5122663aec7689cebf46b3c0bec,gfs_seamless,False,0.30666666666666664,6.5566666666666675,-4.998333333333334,0.5355371350015977
turbine_1,2026-01-25 23:00:00+00:00,24,0.8398366663622725,0.8398366663622725,False,False,0.8298177426438297,10.31,-5.8,2026-01-25 19:00:00+00:00,4.0,2026-01-25 22:00:00,2026-01-26T00:00:00+05:00,dd8d560a5530703d40f30a8b374d399e4ddcb5122663aec7689cebf46b3c0bec,gfs_seamless,False,0.27666666666666667,6.611666666666667,-5.875,0.5631699996956059
turbine_1,2026-01-26 00:00:00+00:00,24,0.8538951591728862,0.8538951591728862,False,False,0.8933127317676143,10.5,-5.5,2026-01-25 19:00:00+00:00,5.0,2026-01-25 22:00:00,2026-01-26T00:00:00+05:00,dd8d560a5530703d40f30a8b374d399e4ddcb5122663aec7689cebf46b3c0bec,gfs_seamless,False,0.6033333333333334,8.241666666666667,-5.4383333333333335,0.2505618258395528
turbine_1,2026-01-26 01:00:00+00:00,24,0.8557443219155679,0.8557443219155679,False,False,0.8298177426438297,10.48,-4.9,2026-01-25 19:00:00+00:00,6.0,2026-01-25 22:00:00,2026-01-26T00:00:00+05:00,dd8d560a5530703d40f30a8b374d399e4ddcb5122663aec7689cebf46b3c0bec,gfs_seamless,False,0.2916666666666667,6.488333333333333,-5.493333333333333,0.5640776552489013
turbine_1,2026-01-26 02:00:00+00:00,24,0.9224993982580562,0.9224993982580562,False,False,0.9380381944444444,11.46,-6.7,2026-01-25 19:00:00+00:00,7.0,2026-01-25 22:00:00,2026-01-26T00:00:00+05:00,dd8d560a5530703d40f30a8b374d399e4ddcb5122663aec7689cebf46b3c0bec,gfs_seamless,False,0.2733333333333334,6.378333333333334,-4.648333333333333,0.6491660649247228
turbine_1,2026-01-26 03:00:00+00:00,24,0.8970619494215443,0.8970619494215443,False,False,0.9380381944444444,11.2,-7.1,2026-01-25 19:00:00+00:00,8.0,2026-01-25 22:00:00,2026-01-26T00:00:00+05:00,dd8d560a5530703d40f30a8b374d399e4ddcb5122663aec7689cebf46b3c0bec,gfs_seamless,False,0.3133333333333333,6.666666666666667,-3.8049999999999997,0.5837286160882109
turbine_1,2026-01-26 04:00:00+00:00,24,0.9755170711422547,0.9755170711422547,False,False,0.9380381944444444,11.27,-5.2,2026-01-25 19:00:00+00:00,9.0,2026-01-25 22:00:00,2026-01-26T00:00:00+05:00,dd8d560a5530703d40f30a8b374d399e4ddcb5122663aec7689cebf46b3c0bec,gfs_seamless,False,0.2383333333333333,6.341666666666666,-3.5766666666666667,0.7371837378089214
turbine_1,2026-01-26 05:00:00+00:00,24,0.983545621474481,0.983545621474481,False,False,0.9603328741965105,11.76,-3.3,2026-01-25 19:00:00+00:00,10.0,2026-01-25 22:00:00,2026-01-26T00:00:00+05:00,dd8d560a5530703d40f30a8b374d399e4ddcb5122663aec7689cebf46b3c0bec,gfs_seamless,False,0.24333333333333332,6.3500000000000005,-1.6216666666666668,0.7402122881411477
turbine_1,2026-01-26 06:00:00+00:00,24,0.9853304222469889,0.9853304222469889,False,False,0.9581681957186543,12.01,-2.1,2026-01-25 19:00:00+00:00,11.0,2026-01-25 22:00:00,2026-01-26T00:00:00+05:00,dd8d560a5530703d40f30a8b374d399e4ddcb5122663aec7689cebf46b3c0bec,gfs_seamless,False,0.4766666666666666,7.658333333333334,1.2366666666666666,0.5086637555803222
turbine_1,2026-01-26 07:00:00+00:00,24,0.972083458985121,0.972083458985121,False,False,0.9581681957186543,12.47,-1.3,2026-01-25 19:00:00+00:00,12.0,2026-01-25 22:00:00,2026-01-26T00:00:00+05:00,dd8d560a5530703d40f30a8b374d399e4ddcb5122663aec7689cebf46b3c0bec,gfs_seamless,False,0.7983333333333333,9.691666666666666,2.6533333333333333,0.1737501256517877
turbine_1,2026-01-26 08:00:00+00:00,24,0.9651285610866468,0.9651285610866468,False,False,0.9673371212121211,12.59,-0.7,2026-01-25 19:00:00+00:00,13.0,2026-01-25 22:00:00,2026-01-26T00:00:00+05:00,dd8d560a5530703d40f30a8b374d399e4ddcb5122663aec7689cebf46b3c0bec,gfs_seamless,False,0.7933333333333333,9.578333333333333,3.655,0.17179522775331346
turbine_1,2026-01-26 09:00:00+00:00,24,0.9827373047211586,0.9827373047211586,False,False,0.9581681957186543,12.08,-0.5,2026-01-25 19:00:00+00:00,14.0,2026-01-25 22:00:00,2026-01-26T00:00:00+05:00,dd8d560a5530703d40f30a8b374d399e4ddcb5122663aec7689cebf46b3c0bec,gfs_seamless,False,0.7600000000000001,9.436666666666667,4.375,0.2227373047211585
turbine_1,2026-01-26 10:00:00+00:00,24,0.9699574246328385,0.9699574246328385,False,False,0.9380381944444444,11.1,-0.8,2026-01-25 19:00:00+00:00,15.0,2026-01-25 22:00:00,2026-01-26T00:00:00+05:00,dd8d560a5530703d40f30a8b374d399e4ddcb5122663aec7689cebf46b3c0bec,gfs_seamless,False,0.6716666666666667,9.006666666666666,4.86,0.29829075796617177
turbine_1,2026-01-26 11:00:00+00:00,24,0.8488717388373941,0.8488717388373941,False,False,0.8298177426438297,10.01,-2.4,2026-01-25 19:00:00+00:00,16.0,2026-01-25 22:00:00,2026-01-26T00:00:00+05:00,dd8d560a5530703d40f30a8b374d399e4ddcb5122663aec7689cebf46b3c0bec,gfs_seamless,False,0.6133333333333333,8.663333333333332,4.455,0.2355384055040608
turbine_1,2026-01-26 12:00:00+00:00,24,0.7166128283151648,0.7166128283151648,False,False,0.6951442786069651,9.18,-4.6,2026-01-25 19:00:00+00:00,17.0,2026-01-25 22:00:00,2026-01-26T00:00:00+05:00,dd8d560a5530703d40f30a8b374d399e4ddcb5122663aec7689cebf46b3c0bec,gfs_seamless,False,0.39999999999999997,7.071666666666666,2.8633333333333333,0.31661282831516485
turbine_1,2026-01-26 13:00:00+00:00,24,0.6673908654202905,0.6673908654202905,False,False,0.6263768115942029,8.81,-5.6,2026-01-25 19:00:00+00:00,18.0,2026-01-25 22:00:00,2026-01-26T00:00:00+05:00,dd8d560a5530703d40f30a8b374d399e4ddcb5122663aec7689cebf46b3c0bec,gfs_seamless,False,0.5,7.585,1.3483333333333334,0.16739086542029047
turbine_1,2026-01-26 14:00:00+00:00,24,0.6355158015236192,0.6355158015236192,False,False,0.6263768115942029,8.69,-5.7,2026-01-25 19:00:00+00:00,19.0,2026-01-25 22:00:00,2026-01-26T00:00:00+05:00,dd8d560a5530703d40f30a8b374d399e4ddcb5122663aec7689cebf46b3c0bec,gfs_seamless,False,0.775,9.248333333333333,1.17,0.13948419847638083
turbine_1,2026-01-26 15:00:00+00:00,24,0.5176008281101117,0.5176008281101117,False,False,0.5475893207695327,8.05,-6.2,2026-01-25 19:00:00+00:00,20.0,2026-01-25 22:00:00,2026-01-26T00:00:00+05:00,dd8d560a5530703d40f30a8b374d399e4ddcb5122663aec7689cebf46b3c0bec,gfs_seamless,False,0.29833333333333334,6.1433333333333335,0.2916666666666667,0.21926749477677832
turbine_1,2026-01-26 16:00:00+00:00,24,0.4892056961504991,0.4892056961504991,False,False,0.4750276243093922,7.83,-6.5,2026-01-25 19:00:00+00:00,21.0,2026-01-25 22:00:00,2026-01-26T00:00:00+05:00,dd8d560a5530703d40f30a8b374d399e4ddcb5122663aec7689cebf46b3c0bec,gfs_seamless,False,0.16833333333333333,4.911666666666666,-1.6600000000000001,0.32087236281716575
turbine_1,2026-01-26 17:00:00+00:00,24,0.6261776652085274,0.6261776652085274,False,False,0.6263768115942029,8.6,-6.4,2026-01-25 19:00:00+00:00,22.0,2026-01-25 22:00:00,2026-01-26T00:00:00+05:00,dd8d560a5530703d40f30a8b374d399e4ddcb5122663aec7689cebf46b3c0bec,gfs_seamless,False,0.6983333333333333,8.488333333333333,-0.7216666666666667,0.0721556681248059
turbine_1,2026-01-26 18:00:00+00:00,24,0.8498782425191924,0.8498782425191924,False,False,0.7645687134502924,9.98,-5.8,2026-01-25 19:00:00+00:00,23.0,2026-01-25 22:00:00,2026-01-26T00:00:00+05:00,dd8d560a5530703d40f30a8b374d399e4ddcb5122663aec7689cebf46b3c0bec,gfs_seamless,False,0.9,9.941666666666668,-0.5083333333333333,0.050121757480807605
turbine_1,2026-01-26 19:00:00+00:00,24,0.9011579445126353,0.9011579445126353,False,False,0.8933127317676143,10.78,-5.4,2026-01-25 19:00:00+00:00,24.0,2026-01-25 22:00:00,2026-01-26T00:00:00+05:00,dd8d560a5530703d40f30a8b374d399e4ddcb5122663aec7689cebf46b3c0bec,gfs_seamless,False,0.65,8.461666666666666,-1.2583333333333333,0.2511579445126353
turbine_1,2026-01-26 20:00:00+00:00,48,0.9766324533758568,0.9766324533758568,False,False,0.9581681957186543,12.34,-5.8,2026-01-25 19:00:00+00:00,25.0,2026-01-25 22:00:00,2026-01-26T00:00:00+05:00,dd8d560a5530703d40f30a8b374d399e4ddcb5122663aec7689cebf46b3c0bec,gfs_seamless,False,0.6233333333333334,8.306666666666667,-3.1783333333333332,0.3532991200425234
turbine_1,2026-01-26 21:00:00+00:00,48,0.9935669189251981,0.9935669189251981,False,False,0.9581681957186543,12.22,-6.1,2026-01-25 19:00:00+00:00,26.0,2026-01-25 22:00:00,2026-01-26T00:00:00+05:00,dd8d560a5530703d40f30a8b374d399e4ddcb5122663aec7689cebf46b3c0bec,gfs_seamless,False,0.48,7.666666666666667,-3.035,0.5135669189251981
turbine_1,2026-01-26 22:00:00+00:00,48,0.9204130667508642,0.9204130667508642,False,False,0.9603328741965105,11.77,-6.7,2026-01-25 19:00:00+00:00,27.0,2026-01-25 22:00:00,2026-01-26T00:00:00+05:00,dd8d560a5530703d40f30a8b374d399e4ddcb5122663aec7689cebf46b3c0bec,gfs_seamless,False,0.935,10.598333333333333,-1.5200000000000002,0.014586933249135847
turbine_1,2026-01-26 23:00:00+00:00,48,0.9224993982580562,0.9224993982580562,False,False,0.9603328741965105,11.67,-7.0,2026-01-25 19:00:00+00:00,28.0,2026-01-25 22:00:00,2026-01-26T00:00:00+05:00,dd8d560a5530703d40f30a8b374d399e4ddcb5122663aec7689cebf46b3c0bec,gfs_seamless,False,0.6849999999999999,8.873333333333333,-3.8550000000000004,0.23749939825805622
turbine_1,2026-01-27 00:00:00+00:00,48,0.8915905294114471,0.8915905294114471,False,False,0.8298177426438297,10.38,-7.8,2026-01-25 19:00:00+00:00,29.0,2026-01-25 22:00:00,2026-01-26T00:00:00+05:00,dd8d560a5530703d40f30a8b374d399e4ddcb5122663aec7689cebf46b3c0bec,gfs_seamless,False,0.4066666666666667,7.111666666666667,-3.936666666666667,0.48492386274478044
turbine_1,2026-01-27 01:00:00+00:00,48,0.863091826842681,0.863091826842681,False,False,0.8298177426438297,10.02,-8.0,2026-01-25 19:00:00+00:00,30.0,2026-01-25 22:00:00,2026-01-26T00:00:00+05:00,dd8d560a5530703d40f30a8b374d399e4ddcb5122663aec7689cebf46b3c0bec,gfs_seamless,False,0.03166666666666667,3.408333333333333,-3.126666666666667,0.8314251601760144
turbine_1,2026-01-27 02:00:00+00:00,48,0.6299946967013355,0.6299946967013355,False,False,0.6263768115942029,8.68,-7.3,2026-01-25 19:00:00+00:00,31.0,2026-01-25 22:00:00,2026-01-26T00:00:00+05:00,dd8d560a5530703d40f30a8b374d399e4ddcb5122663aec7689cebf46b3c0bec,gfs_seamless,False,0.013333333333333334,2.155,-4.485,0.6166613633680021
turbine_1,2026-01-27 03:00:00+00:00,48,0.597100172538571,0.597100172538571,False,False,0.5475893207695327,8.43,-6.4,2026-01-25 19:00:00+00:00,32.0,2026-01-25 22:00:00,2026-01-26T00:00:00+05:00,dd8d560a5530703d40f30a8b374d399e4ddcb5122663aec7689cebf46b3c0bec,gfs_seamless,False,0.01,0.785,-5.605,0.5871001725385709
turbine_1,2026-01-27 04:00:00+00:00,48,0.5151941667919449,0.5151941667919449,False,False,0.4750276243093922,7.98,-4.5,2026-01-25 19:00:00+00:00,33.0,2026-01-25 22:00:00,2026-01-26T00:00:00+05:00,dd8d560a5530703d40f30a8b374d399e4ddcb5122663aec7689cebf46b3c0bec,gfs_seamless,False,0.01,2.21,-4.653333333333333,0.5051941667919448
turbine_1,2026-01-27 05:00:00+00:00,48,0.30207837459089293,0.30207837459089293,False,False,0.32463126843657814,6.93,-3.6,2026-01-25 19:00:00+00:00,34.0,2026-01-25 22:00:00,2026-01-26T00:00:00+05:00,dd8d560a5530703d40f30a8b374d399e4ddcb5122663aec7689cebf46b3c0bec,gfs_seamless,False,0.01,1.8033333333333335,-2.4783333333333335,0.2920783745908929
turbine_1,2026-01-27 06:00:00+00:00,48,0.0822129009393363,0.0822129009393363,False,False,0.14874375780274657,5.04,-2.9,2026-01-25 19:00:00+00:00,35.0,2026-01-25 22:00:00,2026-01-26T00:00:00+05:00,dd8d560a5530703d40f30a8b374d399e4ddcb5122663aec7689cebf46b3c0bec,gfs_seamless,False,0.01,1.49,0.9933333333333333,0.0722129009393363
turbine_1,2026-01-27 07:00:00+00:00,48,0.0657189565592519,0.0657189565592519,False,False,0.11154924983692106,4.81,-1.7,2026-01-25 19:00:00+00:00,36.0,2026-01-25 22:00:00,2026-01-26T00:00:00+05:00,dd8d560a5530703d40f30a8b374d399e4ddcb5122663aec7689cebf46b3c0bec,gfs_seamless,False,0.01,2.0883333333333334,1.6083333333333334,0.0557189565592519
turbine_1,2026-01-27 08:00:00+00:00,48,0.06345143673484246,0.06345143673484246,False,False,0.11154924983692106,4.61,-0.8,2026-01-25 19:00:00+00:00,37.0,2026-01-25 22:00:00,2026-01-26T00:00:00+05:00,dd8d560a5530703d40f30a8b374d399e4ddcb5122663aec7689cebf46b3c0bec,gfs_seamless,False,0.01,1.5899999999999999,3.0283333333333338,0.05345143673484246
turbine_1,2026-01-27 09:00:00+00:00,48,0.07501190698840424,0.07501190698840424,False,False,0.11154924983692106,4.78,-0.4,2026-01-25 19:00:00+00:00,38.0,2026-01-25 22:00:00,2026-01-26T00:00:00+05:00,dd8d560a5530703d40f30a8b374d399e4ddcb5122663aec7689cebf46b3c0bec,gfs_seamless,False,0.01,1.0066666666666666,4.2716666666666665,0.06501190698840424
turbine_1,2026-01-27 10:00:00+00:00,48,0.11709915353637879,0.11709915353637879,False,False,0.14874375780274657,5.46,-1.0,2026-01-25 19:00:00+00:00,39.0,2026-01-25 22:00:00,2026-01-26T00:00:00+05:00,dd8d560a5530703d40f30a8b374d399e4ddcb5122663aec7689cebf46b3c0bec,gfs_seamless,False,0.01,1.085,4.488333333333333,0.10709915353637879
turbine_1,2026-01-27 11:00:00+00:00,48,0.19746422134754593,0.19746422134754593,False,False,0.25628649898814687,6.05,-2.4,2026-01-25 19:00:00+00:00,40.0,2026-01-25 22:00:00,2026-01-26T00:00:00+05:00,dd8d560a5530703d40f30a8b374d399e4ddcb5122663aec7689cebf46b3c0bec,gfs_seamless,False,0.01,0.9383333333333335,3.5533333333333332,0.18746422134754592
turbine_1,2026-01-27 12:00:00+00:00,48,0.1389268403308247,0.1389268403308247,False,False,0.19502446982055466,5.89,-3.6,2026-01-25 19:00:00+00:00,41.0,2026-01-25 22:00:00,2026-01-26T00:00:00+05:00,dd8d560a5530703d40f30a8b374d399e4ddcb5122663aec7689cebf46b3c0bec,gfs_seamless,False,0.01,0.685,2.6799999999999997,0.1289268403308247
turbine_1,2026-01-27 13:00:00+00:00,48,0.14951175869964012,0.14951175869964012,False,False,0.19502446982055466,5.79,-3.9,2026-01-25 19:00:00+00:00,42.0,2026-01-25 22:00:00,2026-01-26T00:00:00+05:00,dd8d560a5530703d40f30a8b374d399e4ddcb5122663aec7689cebf46b3c0bec,gfs_seamless,False,0.01,0.555,2.1033333333333335,0.1395117586996401
turbine_1,2026-01-27 14:00:00+00:00,48,0.09332097187419018,0.09332097187419018,False,False,0.14874375780274657,5.26,-4.2,2026-01-25 19:00:00+00:00,43.0,2026-01-25 22:00:00,2026-01-26T00:00:00+05:00,dd8d560a5530703d40f30a8b374d399e4ddcb5122663aec7689cebf46b3c0bec,gfs_seamless,False,0.01,1.3499999999999999,1.2616666666666667,0.08332097187419019
turbine_1,2026-01-27 15:00:00+00:00,48,0.08499277980937876,0.08499277980937876,False,False,0.14874375780274657,5.15,-4.5,2026-01-25 19:00:00+00:00,44.0,2026-01-25 22:00:00,2026-01-26T00:00:00+05:00,dd8d560a5530703d40f30a8b374d399e4ddcb5122663aec7689cebf46b3c0bec,gfs_seamless,False,0.016666666666666666,4.111666666666667,1.1166666666666667,0.0683261131427121
turbine_1,2026-01-27 16:00:00+00:00,48,0.07849399338036751,0.07849399338036751,False,False,0.14874375780274657,5.11,-4.2,2026-01-25 19:00:00+00:00,45.0,2026-01-25 22:00:00,2026-01-26T00:00:00+05:00,dd8d560a5530703d40f30a8b374d399e4ddcb5122663aec7689cebf46b3c0bec,gfs_seamless,False,0.008333333333333333,3.24,0.9233333333333333,0.07016066004703418
turbine_1,2026-01-27 17:00:00+00:00,48,0.11402974592700617,0.11402974592700617,False,False,0.19502446982055466,5.54,-3.9,2026-01-25 19:00:00+00:00,46.0,2026-01-25 22:00:00,2026-01-26T00:00:00+05:00,dd8d560a5530703d40f30a8b374d399e4ddcb5122663aec7689cebf46b3c0bec,gfs_seamless,False,0.01,3.185,0.2866666666666667,0.10402974592700617
turbine_1,2026-01-27 18:00:00+00:00,48,0.05922130678823684,0.05922130678823684,False,False,0.11154924983692106,4.9,-3.9,2026-01-25 19:00:00+00:00,47.0,2026-01-25 22:00:00,2026-01-26T00:00:00+05:00,dd8d560a5530703d40f30a8b374d399e4ddcb5122663aec7689cebf46b3c0bec,gfs_seamless,False,0.01,1.2416666666666667,0.19333333333333336,0.049221306788236836
turbine_1,2026-01-27 19:00:00+00:00,48,0.05412673976026706,0.05412673976026706,False,False,0.11154924983692106,4.79,-4.3,2026-01-25 19:00:00+00:00,48.0,2026-01-25 22:00:00,2026-01-26T00:00:00+05:00,dd8d560a5530703d40f30a8b374d399e4ddcb5122663aec7689cebf46b3c0bec,gfs_seamless,False,0.01,1.2983333333333333,0.09666666666666668,0.044126739760267056
turbine_2,2026-01-25 20:00:00+00:00,24,0.7985261139607922,0.7985261139607922,False,False,0.7532918496827721,9.81,-4.9,2026-01-25 19:00:00+00:00,1.0,2026-01-25 22:00:00,2026-01-26T00:00:00+05:00,8cc8ba66484222878a41f30ed8f35bda10912d161489483d2f61938506d1f71a,gfs_seamless,False,0.18166666666666667,6.051666666666667,-5.185,0.6168594472941256
turbine_2,2026-01-25 21:00:00+00:00,24,0.7897389291315379,0.7897389291315379,False,False,0.7532918496827721,9.71,-5.5,2026-01-25 19:00:00+00:00,2.0,2026-01-25 22:00:00,2026-01-26T00:00:00+05:00,8cc8ba66484222878a41f30ed8f35bda10912d161489483d2f61938506d1f71a,gfs_seamless,False,0.30666666666666664,6.7749999999999995,-4.895,0.4830722624648712
turbine_2,2026-01-25 22:00:00+00:00,24,0.8054441499417213,0.8054441499417213,False,False,0.7532918496827721,9.88,-6.1,2026-01-25 19:00:00+00:00,3.0,2026-01-25 22:00:00,2026-01-26T00:00:00+05:00,8cc8ba66484222878a41f30ed8f35bda10912d161489483d2f61938506d1f71a,gfs_seamless,False,0.31833333333333336,6.6933333333333325,-5.056666666666667,0.48711081660838795
turbine_2,2026-01-25 23:00:00+00:00,24,0.8677644496449548,0.8677644496449548,False,False,0.8234509271822704,10.31,-5.8,2026-01-25 19:00:00+00:00,4.0,2026-01-25 22:00:00,2026-01-26T00:00:00+05:00,8cc8ba66484222878a41f30ed8f35bda10912d161489483d2f61938506d1f71a,gfs_seamless,False,0.22,6.3116666666666665,-6.145,0.6477644496449548
turbine_2,2026-01-26 00:00:00+00:00,24,0.831918525658087,0.831918525658087,False,False,0.8841280487804878,10.5,-5.5,2026-01-25 19:00:00+00:00,5.0,2026-01-25 22:00:00,2026-01-26T00:00:00+05:00,8cc8ba66484222878a41f30ed8f35bda10912d161489483d2f61938506d1f71a,gfs_seamless,False,0.5299999999999999,8.048333333333334,-5.5183333333333335,0.3019185256580871
turbine_2,2026-01-26 01:00:00+00:00,24,0.8256345708740215,0.8256345708740215,False,False,0.8234509271822704,10.48,-4.9,2026-01-25 19:00:00+00:00,6.0,2026-01-25 22:00:00,2026-01-26T00:00:00+05:00,8cc8ba66484222878a41f30ed8f35bda10912d161489483d2f61938506d1f71a,gfs_seamless,False,0.27,6.421666666666667,-5.614999999999999,0.5556345708740215
turbine_2,2026-01-26 02:00:00+00:00,24,0.8633987705155781,0.8633987705155781,False,False,0.9255645161290322,11.46,-6.7,2026-01-25 19:00:00+00:00,7.0,2026-01-25 22:00:00,2026-01-26T00:00:00+05:00,8cc8ba66484222878a41f30ed8f35bda10912d161489483d2f61938506d1f71a,gfs_seamless,False,0.20166666666666666,6.165,-4.898333333333333,0.6617321038489115
turbine_2,2026-01-26 03:00:00+00:00,24,0.9185801371625228,0.9185801371625228,False,False,0.9255645161290322,11.2,-7.1,2026-01-25 19:00:00+00:00,8.0,2026-01-25 22:00:00,2026-01-26T00:00:00+05:00,8cc8ba66484222878a41f30ed8f35bda10912d161489483d2f61938506d1f71a,gfs_seamless,False,0.18666666666666668,6.028333333333333,-4.133333333333334,0.7319134704958562
turbine_2,2026-01-26 04:00:00+00:00,24,0.9615205697328997,0.9615205697328997,False,False,0.9255645161290322,11.27,-5.2,2026-01-25 19:00:00+00:00,9.0,2026-01-25 22:00:00,2026-01-26T00:00:00+05:00,8cc8ba66484222878a41f30ed8f35bda10912d161489483d2f61938506d1f71a,gfs_seamless,False,0.24,6.4799999999999995,-3.7283333333333335,0.7215205697328997
turbine_2,2026-01-26 05:00:00+00:00,24,0.9735511553871822,0.9735511553871822,False,False,0.9516279069767442,11.76,-3.3,2026-01-25 19:00:00+00:00,10.0,2026-01-25 22:00:00,2026-01-26T00:00:00+05:00,8cc8ba66484222878a41f30ed8f35bda10912d161489483d2f61938506d1f71a,gfs_seamless,False,0.245,6.473333333333334,-1.8833333333333335,0.7285511553871822
turbine_2,2026-01-26 06:00:00+00:00,24,0.9720304619178032,0.9720304619178032,False,False,0.9573793299261784,12.01,-2.1,2026-01-25 19:00:00+00:00,11.0,2026-01-25 22:00:00,2026-01-26T00:00:00+05:00,8cc8ba66484222878a41f30ed8f35bda10912d161489483d2f61938506d1f71a,gfs_seamless,False,0.5083333333333333,8.045,1.0999999999999999,0.4636971285844699
turbine_2,2026-01-26 07:00:00+00:00,24,0.9639226448755565,0.9639226448755565,False,False,0.9573793299261784,12.47,-1.3,2026-01-25 19:00:00+00:00,12.0,2026-01-25 22:00:00,2026-01-26T00:00:00+05:00,8cc8ba66484222878a41f30ed8f35bda10912d161489483d2f61938506d1f71a,gfs_seamless,False,0.8466666666666667,10.23,2.658333333333333,0.11725597820888978
turbine_2,2026-01-26 08:00:00+00:00,24,0.9511847312786462,0.9511847312786462,False,False,0.9631781376518219,12.59,-0.7,2026-01-25 19:00:00+00:00,13.0,2026-01-25 22:00:00,2026-01-26T00:00:00+05:00,8cc8ba66484222878a41f30ed8f35bda10912d161489483d2f61938506d1f71a,gfs_seamless,False,0.7966666666666667,9.866666666666665,3.6916666666666664,0.15451806461197948
turbine_2,2026-01-26 09:00:00+00:00,24,0.9669451653200147,0.9669451653200147,False,False,0.9573793299261784,12.08,-0.5,2026-01-25 19:00:00+00:00,14.0,2026-01-25 22:00:00,2026-01-26T00:00:00+05:00,8cc8ba66484222878a41f30ed8f35bda10912d161489483d2f61938506d1f71a,gfs_seamless,False,0.75,9.61,4.468333333333334,0.21694516532001473
turbine_2,2026-01-26 10:00:00+00:00,24,0.937535741962398,0.937535741962398,False,False,0.9255645161290322,11.1,-0.8,2026-01-25 19:00:00+00:00,15.0,2026-01-25 22:00:00,2026-01-26T00:00:00+05:00,8cc8ba66484222878a41f30ed8f35bda10912d161489483d2f61938506d1f71a,gfs_seamless,False,0.7383333333333333,9.523333333333333,4.83,0.1992024086290647
turbine_2,2026-01-26 11:00:00+00:00,24,0.8264968477914197,0.8264968477914197,False,False,0.8234509271822704,10.01,-2.4,2026-01-25 19:00:00+00:00,16.0,2026-01-25 22:00:00,2026-01-26T00:00:00+05:00,8cc8ba66484222878a41f30ed8f35bda10912d161489483d2f61938506d1f71a,gfs_seamless,False,0.7016666666666667,9.195,4.571666666666666,0.12483018112475308
turbine_2,2026-01-26 12:00:00+00:00,24,0.7126740249873142,0.7126740249873142,False,False,0.6739665725047082,9.18,-4.6,2026-01-25 19:00:00+00:00,17.0,2026-01-25 22:00:00,2026-01-26T00:00:00+05:00,8cc8ba66484222878a41f30ed8f35bda10912d161489483d2f61938506d1f71a,gfs_seamless,False,0.48333333333333334,7.989999999999999,3.1199999999999997,0.2293406916539809
turbine_2,2026-01-26 13:00:00+00:00,24,0.5894184770868326,0.5894184770868326,False,False,0.6157694033198744,8.81,-5.6,2026-01-25 19:00:00+00:00,18.0,2026-01-25 22:00:00,2026-01-26T00:00:00+05:00,8cc8ba66484222878a41f30ed8f35bda10912d161489483d2f61938506d1f71a,gfs_seamless,False,0.62,8.526666666666666,1.5716666666666665,0.030581522913167403
turbine_2,2026-01-26 14:00:00+00:00,24,0.579230450783816,0.579230450783816,False,False,0.6157694033198744,8.69,-5.7,2026-01-25 19:00:00+00:00,19.0,2026-01-25 22:00:00,2026-01-26T00:00:00+05:00,8cc8ba66484222878a41f30ed8f35bda10912d161489483d2f61938506d1f71a,gfs_seamless,False,0.8716666666666667,10.468333333333334,1.3316666666666668,0.29243621588285074
turbine_2,2026-01-26 15:00:00+00:00,24,0.47280298959856004,0.47280298959856004,False,False,0.5336415947390054,8.05,-6.2,2026-01-25 19:00:00+00:00,20.0,2026-01-25 22:00:00,2026-01-26T00:00:00+05:00,8cc8ba66484222878a41f30ed8f35bda10912d161489483d2f61938506d1f71a,gfs_seamless,False,0.3666666666666667,6.916666666666667,0.67,0.10613632293189335
turbine_2,2026-01-26 16:00:00+00:00,24,0.44268243540160296,0.44268243540160296,False,False,0.45976338514680487,7.83,-6.5,2026-01-25 19:00:00+00:00,21.0,2026-01-25 22:00:00,2026-01-26T00:00:00+05:00,8cc8ba66484222878a41f30ed8f35bda10912d161489483d2f61938506d1f71a,gfs_seamless,False,0.16666666666666666,5.043333333333333,-1.5933333333333335,0.2760157687349363
turbine_2,2026-01-26 17:00:00+00:00,24,0.562275705717144,0.562275705717144,False,False,0.6157694033198744,8.6,-6.4,2026-01-25 19:00:00+00:00,22.0,2026-01-25 22:00:00,2026-01-26T00:00:00+05:00,8cc8ba66484222878a41f30ed8f35bda10912d161489483d2f61938506d1f71a,gfs_seamless,False,0.6766666666666666,8.626666666666667,-0.745,0.11439096094952261
turbine_2,2026-01-26 18:00:00+00:00,24,0.8175459266379945,0.8175459266379945,False,False,0.7532918496827721,9.98,-5.8,2026-01-25 19:00:00+00:00,23.0,2026-01-25 22:00:00,2026-01-26T00:00:00+05:00,8cc8ba66484222878a41f30ed8f35bda10912d161489483d2f61938506d1f71a,gfs_seamless,False,0.9266666666666666,10.450000000000001,-0.09333333333333334,0.10912074002867211
turbine_2,2026-01-26 19:00:00+00:00,24,0.8725743739988965,0.8725743739988965,False,False,0.8841280487804878,10.78,-5.4,2026-01-25 19:00:00+00:00,24.0,2026-01-25 22:00:00,2026-01-26T00:00:00+05:00,8cc8ba66484222878a41f30ed8f35bda10912d161489483d2f61938506d1f71a,gfs_seamless,False,0.7050000000000001,8.961666666666666,-0.8516666666666666,0.1675743739988964
turbine_2,2026-01-26 20:00:00+00:00,48,0.9720860936140227,0.9720860936140227,False,False,0.9573793299261784,12.34,-5.8,2026-01-25 19:00:00+00:00,25.0,2026-01-25 22:00:00,2026-01-26T00:00:00+05:00,8cc8ba66484222878a41f30ed8f35bda10912d161489483d2f61938506d1f71a,gfs_seamless,False,0.6266666666666666,8.581666666666667,-2.7216666666666662,0.34541942694735606
turbine_2,2026-01-26 21:00:00+00:00,48,0.9829818019597198,0.9829818019597198,False,False,0.9573793299261784,12.22,-6.1,2026-01-25 19:00:00+00:00,26.0,2026-01-25 22:00:00,2026-01-26T00:00:00+05:00,8cc8ba66484222878a41f30ed8f35bda10912d161489483d2f61938506d1f71a,gfs_seamless,False,0.49,7.836666666666667,-2.8833333333333333,0.49298180195971986
turbine_2,2026-01-26 22:00:00+00:00,48,0.9134029157652624,0.9134029157652624,False,False,0.9516279069767442,11.77,-6.7,2026-01-25 19:00:00+00:00,27.0,2026-01-25 22:00:00,2026-01-26T00:00:00+05:00,8cc8ba66484222878a41f30ed8f35bda10912d161489483d2f61938506d1f71a,gfs_seamless,False,0.935,11.051666666666668,-1.6116666666666666,0.021597084234737607
turbine_2,2026-01-26 23:00:00+00:00,48,0.9134029157652624,0.9134029157652624,False,False,0.9516279069767442,11.67,-7.0,2026-01-25 19:00:00+00:00,28.0,2026-01-25 22:00:00,2026-01-26T00:00:00+05:00,8cc8ba66484222878a41f30ed8f35bda10912d161489483d2f61938506d1f71a,gfs_seamless,False,0.6733333333333333,8.993333333333334,-3.5933333333333333,0.2400695824319291
turbine_2,2026-01-27 00:00:00+00:00,48,0.7824027650125125,0.7824027650125125,False,False,0.8234509271822704,10.38,-7.8,2026-01-25 19:00:00+00:00,29.0,2026-01-25 22:00:00,2026-01-26T00:00:00+05:00,8cc8ba66484222878a41f30ed8f35bda10912d161489483d2f61938506d1f71a,gfs_seamless,False,0.28833333333333333,6.376666666666666,-4.118333333333333,0.49406943167917916
turbine_2,2026-01-27 01:00:00+00:00,48,0.8454660125748049,0.8454660125748049,False,False,0.8234509271822704,10.02,-8.0,2026-01-25 19:00:00+00:00,30.0,2026-01-25 22:00:00,2026-01-26T00:00:00+05:00,8cc8ba66484222878a41f30ed8f35bda10912d161489483d2f61938506d1f71a,gfs_seamless,False,0.028333333333333332,3.6799999999999997,-3.2583333333333333,0.8171326792414716
turbine_2,2026-01-27 02:00:00+00:00,48,0.5651175302923065,0.5651175302923065,False,False,0.6157694033198744,8.68,-7.3,2026-01-25 19:00:00+00:00,31.0,2026-01-25 22:00:00,2026-01-26T00:00:00+05:00,8cc8ba66484222878a41f30ed8f35bda10912d161489483d2f61938506d1f71a,gfs_seamless,False,0.013333333333333334,2.2600000000000002,-4.535,0.5517841969589732
turbine_2,2026-01-27 03:00:00+00:00,48,0.529674831441271,0.529674831441271,False,False,0.5336415947390054,8.43,-6.4,2026-01-25 19:00:00+00:00,32.0,2026-01-25 22:00:00,2026-01-26T00:00:00+05:00,8cc8ba66484222878a41f30ed8f35bda10912d161489483d2f61938506d1f71a,gfs_seamless,False,0.01,0.815,-5.796666666666667,0.519674831441271
turbine_2,2026-01-27 04:00:00+00:00,48,0.4738021208730124,0.4738021208730124,False,False,0.45976338514680487,7.98,-4.5,2026-01-25 19:00:00+00:00,33.0,2026-01-25 22:00:00,2026-01-26T00:00:00+05:00,8cc8ba66484222878a41f30ed8f35bda10912d161489483d2f61938506d1f71a,gfs_seamless,False,0.008333333333333333,1.7933333333333337,-5.44,0.465468787539679
turbine_2,2026-01-27 05:00:00+00:00,48,0.3059474616236273,0.3059474616236273,False,False,0.3135039028620989,6.93,-3.6,2026-01-25 19:00:00+00:00,34.0,2026-01-25 22:00:00,2026-01-26T00:00:00+05:00,8cc8ba66484222878a41f30ed8f35bda10912d161489483d2f61938506d1f71a,gfs_seamless,False,0.01,1.79,-2.9250000000000003,0.2959474616236273
turbine_2,2026-01-27 06:00:00+00:00,48,0.07233458932704198,0.07233458932704198,False,False,0.14266395908543922,5.04,-2.9,2026-01-25 19:00:00+00:00,35.0,2026-01-25 22:00:00,2026-01-26T00:00:00+05:00,8cc8ba66484222878a41f30ed8f35bda10912d161489483d2f61938506d1f71a,gfs_seamless,False,0.01,1.3966666666666665,1.0083333333333333,0.06233458932704198
turbine_2,2026-01-27 07:00:00+00:00,48,0.05881817299903378,0.05881817299903378,False,False,0.10502881407340006,4.81,-1.7,2026-01-25 19:00:00+00:00,36.0,2026-01-25 22:00:00,2026-01-26T00:00:00+05:00,8cc8ba66484222878a41f30ed8f35bda10912d161489483d2f61938506d1f71a,gfs_seamless,False,0.01,1.8933333333333333,1.4316666666666666,0.04881817299903378
turbine_2,2026-01-27 08:00:00+00:00,48,0.05446164709444373,0.05446164709444373,False,False,0.10502881407340006,4.61,-0.8,2026-01-25 19:00:00+00:00,37.0,2026-01-25 22:00:00,2026-01-26T00:00:00+05:00,8cc8ba66484222878a41f30ed8f35bda10912d161489483d2f61938506d1f71a,gfs_seamless,False,0.01,1.5966666666666667,2.9333333333333336,0.04446164709444373
turbine_2,2026-01-27 09:00:00+00:00,48,0.06347451173008818,0.06347451173008818,False,False,0.10502881407340006,4.78,-0.4,2026-01-25 19:00:00+00:00,38.0,2026-01-25 22:00:00,2026-01-26T00:00:00+05:00,8cc8ba66484222878a41f30ed8f35bda10912d161489483d2f61938506d1f71a,gfs_seamless,False,0.01,0.915,4.406666666666666,0.05347451173008818
turbine_2,2026-01-27 10:00:00+00:00,48,0.1185438340251946,0.1185438340251946,False,False,0.14266395908543922,5.46,-1.0,2026-01-25 19:00:00+00:00,39.0,2026-01-25 22:00:00,2026-01-26T00:00:00+05:00,8cc8ba66484222878a41f30ed8f35bda10912d161489483d2f61938506d1f71a,gfs_seamless,False,0.01,0.89,4.8999999999999995,0.1085438340251946
turbine_2,2026-01-27 11:00:00+00:00,48,0.16899511579791304,0.16899511579791304,False,False,0.24539662797125483,6.05,-2.4,2026-01-25 19:00:00+00:00,40.0,2026-01-25 22:00:00,2026-01-26T00:00:00+05:00,8cc8ba66484222878a41f30ed8f35bda10912d161489483d2f61938506d1f71a,gfs_seamless,False,0.01,0.945,3.795,0.15899511579791303
turbine_2,2026-01-27 12:00:00+00:00,48,0.13925076811643117,0.13925076811643117,False,False,0.18822717622080679,5.89,-3.6,2026-01-25 19:00:00+00:00,41.0,2026-01-25 22:00:00,2026-01-26T00:00:00+05:00,8cc8ba66484222878a41f30ed8f35bda10912d161489483d2f61938506d1f71a,gfs_seamless,False,0.01,0.73,2.7883333333333336,0.12925076811643116
turbine_2,2026-01-27 13:00:00+00:00,48,0.1285858501370908,0.1285858501370908,False,False,0.18822717622080679,5.79,-3.9,2026-01-25 19:00:00+00:00,42.0,2026-01-25 22:00:00,2026-01-26T00:00:00+05:00,8cc8ba66484222878a41f30ed8f35bda10912d161489483d2f61938506d1f71a,gfs_seamless,False,0.01,0.6749999999999999,2.098333333333333,0.11858585013709082
turbine_2,2026-01-27 14:00:00+00:00,48,0.07043172957103953,0.07043172957103953,False,False,0.14266395908543922,5.26,-4.2,2026-01-25 19:00:00+00:00,43.0,2026-01-25 22:00:00,2026-01-26T00:00:00+05:00,8cc8ba66484222878a41f30ed8f35bda10912d161489483d2f61938506d1f71a,gfs_seamless,False,0.01,1.4799999999999998,1.1816666666666666,0.06043172957103953
turbine_2,2026-01-27 15:00:00+00:00,48,0.06930929117105442,0.06930929117105442,False,False,0.14266395908543922,5.15,-4.5,2026-01-25 19:00:00+00:00,44.0,2026-01-25 22:00:00,2026-01-26T00:00:00+05:00,8cc8ba66484222878a41f30ed8f35bda10912d161489483d2f61938506d1f71a,gfs_seamless,False,0.013333333333333334,4.295,0.9833333333333334,0.05597595783772108
turbine_2,2026-01-27 16:00:00+00:00,48,0.06556848760226358,0.06556848760226358,False,False,0.14266395908543922,5.11,-4.2,2026-01-25 19:00:00+00:00,45.0,2026-01-25 22:00:00,2026-01-26T00:00:00+05:00,8cc8ba66484222878a41f30ed8f35bda10912d161489483d2f61938506d1f71a,gfs_seamless,False,0.006666666666666667,2.7883333333333336,0.7016666666666667,0.05890182093559691
turbine_2,2026-01-27 17:00:00+00:00,48,0.09959124308675586,0.09959124308675586,False,False,0.18822717622080679,5.54,-3.9,2026-01-25 19:00:00+00:00,46.0,2026-01-25 22:00:00,2026-01-26T00:00:00+05:00,8cc8ba66484222878a41f30ed8f35bda10912d161489483d2f61938506d1f71a,gfs_seamless,False,0.008333333333333333,3.1166666666666667,0.21,0.09125790975342253
turbine_2,2026-01-27 18:00:00+00:00,48,0.053067747763239324,0.053067747763239324,False,False,0.10502881407340006,4.9,-3.9,2026-01-25 19:00:00+00:00,47.0,2026-01-25 22:00:00,2026-01-26T00:00:00+05:00,8cc8ba66484222878a41f30ed8f35bda10912d161489483d2f61938506d1f71a,gfs_seamless,False,0.01,1.2783333333333333,0.03833333333333333,0.04306774776323932
turbine_2,2026-01-27 19:00:00+00:00,48,0.045852950938669236,0.045852950938669236,False,False,0.10502881407340006,4.79,-4.3,2026-01-25 19:00:00+00:00,48.0,2026-01-25 22:00:00,2026-01-26T00:00:00+05:00,8cc8ba66484222878a41f30ed8f35bda10912d161489483d2f61938506d1f71a,gfs_seamless,False,0.01,1.2416666666666667,-0.115,0.035852950938669234
turbine_1,2026-01-26 20:00:00+00:00,24,0.9665249647753423,0.9665249647753423,False,False,0.9380381944444444,11.31,-5.2,2026-01-26 19:00:00+00:00,1.0,2026-01-26 22:00:00,2026-01-27T00:00:00+05:00,46649115b2093bc9a5f8ce6c2f97b473e886494ef27e693b4c4c18cc1cdf114d,gfs_seamless,False,0.6233333333333334,8.306666666666667,-3.1783333333333332,0.3431916314420089
turbine_1,2026-01-26 21:00:00+00:00,24,0.9912343626996588,0.9912343626996588,False,False,0.9603328741965105,11.59,-6.0,2026-01-26 19:00:00+00:00,2.0,2026-01-26 22:00:00,2026-01-27T00:00:00+05:00,46649115b2093bc9a5f8ce6c2f97b473e886494ef27e693b4c4c18cc1cdf114d,gfs_seamless,False,0.48,7.666666666666667,-3.035,0.5112343626996588
turbine_1,2026-01-26 22:00:00+00:00,24,0.9464193297293566,0.9464193297293566,False,False,0.9380381944444444,11.32,-6.6,2026-01-26 19:00:00+00:00,3.0,2026-01-26 22:00:00,2026-01-27T00:00:00+05:00,46649115b2093bc9a5f8ce6c2f97b473e886494ef27e693b4c4c18cc1cdf114d,gfs_seamless,False,0.935,10.598333333333333,-1.5200000000000002,0.011419329729356553
turbine_1,2026-01-26 23:00:00+00:00,24,0.8690289955231955,0.8690289955231955,False,False,0.8298177426438297,10.25,-7.4,2026-01-26 19:00:00+00:00,4.0,2026-01-26 22:00:00,2026-01-27T00:00:00+05:00,46649115b2093bc9a5f8ce6c2f97b473e886494ef27e693b4c4c18cc1cdf114d,gfs_seamless,False,0.6849999999999999,8.873333333333333,-3.8550000000000004,0.18402899552319552
turbine_1,2026-01-27 00:00:00+00:00,24,0.712957194836451,0.712957194836451,False,False,0.695324418028727,9.38,-7.8,2026-01-26 19:00:00+00:00,5.0,2026-01-26 22:00:00,2026-01-27T00:00:00+05:00,46649115b2093bc9a5f8ce6c2f97b473e886494ef27e693b4c4c18cc1cdf114d,gfs_seamless,False,0.4066666666666667,7.111666666666667,-3.936666666666667,0.30629052816978436
turbine_1,2026-01-27 01:00:00+00:00,24,0.5805617122074375,0.5805617122074375,False,False,0.6263579353593826,8.84,-7.2,2026-01-26 19:00:00+00:00,6.0,2026-01-26 22:00:00,2026-01-27T00:00:00+05:00,46649115b2093bc9a5f8ce6c2f97b473e886494ef27e693b4c4c18cc1cdf114d,gfs_seamless,False,0.03166666666666667,3.408333333333333,-3.126666666666667,0.5488950455407708
turbine_1,2026-01-27 02:00:00+00:00,24,0.5572377292085182,0.5572377292085182,False,False,0.5479049295774648,8.23,-6.6,2026-01-26 19:00:00+00:00,7.0,2026-01-26 22:00:00,2026-01-27T00:00:00+05:00,46649115b2093bc9a5f8ce6c2f97b473e886494ef27e693b4c4c18cc1cdf114d,gfs_seamless,False,0.013333333333333334,2.155,-4.485,0.5439043958751849
turbine_1,2026-01-27 03:00:00+00:00,24,0.4482071912354483,0.4482071912354483,False,False,0.4750569643513414,7.76,-5.3,2026-01-26 19:00:00+00:00,8.0,2026-01-26 22:00:00,2026-01-27T00:00:00+05:00,46649115b2093bc9a5f8ce6c2f97b473e886494ef27e693b4c4c18cc1cdf114d,gfs_seamless,False,0.01,0.785,-5.605,0.43820719123544827
turbine_1,2026-01-27 04:00:00+00:00,24,0.39909996821716814,0.39909996821716814,False,False,0.3980334270540456,7.38,-3.7,2026-01-26 19:00:00+00:00,9.0,2026-01-26 22:00:00,2026-01-27T00:00:00+05:00,46649115b2093bc9a5f8ce6c2f97b473e886494ef27e693b4c4c18cc1cdf114d,gfs_seamless,False,0.01,2.21,-4.653333333333333,0.38909996821716814
turbine_1,2026-01-27 05:00:00+00:00,24,0.3067860985850898,0.3067860985850898,False,False,0.324537037037037,6.71,-2.4,2026-01-26 19:00:00+00:00,10.0,2026-01-26 22:00:00,2026-01-27T00:00:00+05:00,46649115b2093bc9a5f8ce6c2f97b473e886494ef27e693b4c4c18cc1cdf114d,gfs_seamless,False,0.01,1.8033333333333335,-2.4783333333333335,0.2967860985850898
turbine_1,2026-01-27 06:00:00+00:00,24,0.1203704345889223,0.1203704345889223,False,False,0.14874375780274657,5.47,-1.5,2026-01-26 19:00:00+00:00,11.0,2026-01-26 22:00:00,2026-01-27T00:00:00+05:00,46649115b2093bc9a5f8ce6c2f97b473e886494ef27e693b4c4c18cc1cdf114d,gfs_seamless,False,0.01,1.49,0.9933333333333333,0.1103704345889223
turbine_1,2026-01-27 07:00:00+00:00,24,0.08538478123709971,0.08538478123709971,False,False,0.14874375780274657,5.06,-1.1,2026-01-26 19:00:00+00:00,12.0,2026-01-26 22:00:00,2026-01-27T00:00:00+05:00,46649115b2093bc9a5f8ce6c2f97b473e886494ef27e693b4c4c18cc1cdf114d,gfs_seamless,False,0.01,2.0883333333333334,1.6083333333333334,0.07538478123709971
turbine_1,2026-01-27 08:00:00+00:00,24,0.08864286558729184,0.08864286558729184,False,False,0.14874375780274657,5.0,-0.7,2026-01-26 19:00:00+00:00,13.0,2026-01-26 22:00:00,2026-01-27T00:00:00+05:00,46649115b2093bc9a5f8ce6c2f97b473e886494ef27e693b4c4c18cc1cdf114d,gfs_seamless,False,0.01,1.5899999999999999,3.0283333333333338,0.07864286558729185
turbine_1,2026-01-27 09:00:00+00:00,24,0.0760402752030612,0.0760402752030612,False,False,0.11160475724991854,4.83,-0.5,2026-01-26 19:00:00+00:00,14.0,2026-01-26 22:00:00,2026-01-27T00:00:00+05:00,46649115b2093bc9a5f8ce6c2f97b473e886494ef27e693b4c4c18cc1cdf114d,gfs_seamless,False,0.01,1.0066666666666666,4.2716666666666665,0.0660402752030612
turbine_1,2026-01-27 10:00:00+00:00,24,0.08955346428064624,0.08955346428064624,False,False,0.11160475724991854,4.97,-0.8,2026-01-26 19:00:00+00:00,15.0,2026-01-26 22:00:00,2026-01-27T00:00:00+05:00,46649115b2093bc9a5f8ce6c2f97b473e886494ef27e693b4c4c18cc1cdf114d,gfs_seamless,False,0.01,1.085,4.488333333333333,0.07955346428064625
turbine_1,2026-01-27 11:00:00+00:00,24,0.07014380905959079,0.07014380905959079,False,False,0.11160475724991854,4.83,-1.7,2026-01-26 19:00:00+00:00,16.0,2026-01-26 22:00:00,2026-01-27T00:00:00+05:00,46649115b2093bc9a5f8ce6c2f97b473e886494ef27e693b4c4c18cc1cdf114d,gfs_seamless,False,0.01,0.9383333333333335,3.5533333333333332,0.06014380905959079
turbine_1,2026-01-27 12:00:00+00:00,24,0.07760336433533296,0.07760336433533296,False,False,0.14874375780274657,5.04,-2.8,2026-01-26 19:00:00+00:00,17.0,2026-01-26 22:00:00,2026-01-27T00:00:00+05:00,46649115b2093bc9a5f8ce6c2f97b473e886494ef27e693b4c4c18cc1cdf114d,gfs_seamless,False,0.01,0.685,2.6799999999999997,0.06760336433533297
turbine_1,2026-01-27 13:00:00+00:00,24,0.0485510401676005,0.0485510401676005,False,False,0.11160475724991854,4.72,-3.5,2026-01-26 19:00:00+00:00,18.0,2026-01-26 22:00:00,2026-01-27T00:00:00+05:00,46649115b2093bc9a5f8ce6c2f97b473e886494ef27e693b4c4c18cc1cdf114d,gfs_seamless,False,0.01,0.555,2.1033333333333335,0.0385510401676005
turbine_1,2026-01-27 14:00:00+00:00,24,0.03737299998404944,0.03737299998404944,False,False,0.08165806673546612,4.18,-3.7,2026-01-26 19:00:00+00:00,19.0,2026-01-26 22:00:00,2026-01-27T00:00:00+05:00,46649115b2093bc9a5f8ce6c2f97b473e886494ef27e693b4c4c18cc1cdf114d,gfs_seamless,False,0.01,1.3499999999999999,1.2616666666666667,0.02737299998404944
turbine_1,2026-01-27 15:00:00+00:00,24,0.026779057711664365,0.026779057711664365,False,False,0.05820765027322404,3.91,-3.5,2026-01-26 19:00:00+00:00,20.0,2026-01-26 22:00:00,2026-01-27T00:00:00+05:00,46649115b2093bc9a5f8ce6c2f97b473e886494ef27e693b4c4c18cc1cdf114d,gfs_seamless,False,0.016666666666666666,4.111666666666667,1.1166666666666667,0.010112391044997698
turbine_1,2026-01-27 16:00:00+00:00,24,0.020610219602667238,0.020610219602667238,False,False,0.05820765027322404,3.7,-3.4,2026-01-26 19:00:00+00:00,21.0,2026-01-26 22:00:00,2026-01-27T00:00:00+05:00,46649115b2093bc9a5f8ce6c2f97b473e886494ef27e693b4c4c18cc1cdf114d,gfs_seamless,False,0.008333333333333333,3.24,0.9233333333333333,0.012276886269333905
turbine_1,2026-01-27 17:00:00+00:00,24,0.018726381376230977,0.018726381376230977,False,False,0.04018891242937853,3.4,-3.3,2026-01-26 19:00:00+00:00,22.0,2026-01-26 22:00:00,2026-01-27T00:00:00+05:00,46649115b2093bc9a5f8ce6c2f97b473e886494ef27e693b4c4c18cc1cdf114d,gfs_seamless,False,0.01,3.185,0.2866666666666667,0.008726381376230977
turbine_1,2026-01-27 18:00:00+00:00,24,0.03769507571086566,0.03769507571086566,False,False,0.08165806673546612,4.24,-3.7,2026-01-26 19:00:00+00:00,23.0,2026-01-26 22:00:00,2026-01-27T00:00:00+05:00,46649115b2093bc9a5f8ce6c2f97b473e886494ef27e693b4c4c18cc1cdf114d,gfs_seamless,False,0.01,1.2416666666666667,0.19333333333333336,0.027695075710865658
turbine_1,2026-01-27 19:00:00+00:00,24,0.020579681830807394,0.020579681830807394,False,False,0.05820765027322404,3.67,-4.1,2026-01-26 19:00:00+00:00,24.0,2026-01-26 22:00:00,2026-01-27T00:00:00+05:00,46649115b2093bc9a5f8ce6c2f97b473e886494ef27e693b4c4c18cc1cdf114d,gfs_seamless,False,0.01,1.2983333333333333,0.09666666666666668,0.010579681830807394
turbine_1,2026-01-27 20:00:00+00:00,48,0.043429395893965377,0.043429395893965377,False,False,0.08165806673546612,4.34,-4.7,2026-01-26 19:00:00+00:00,25.0,2026-01-26 22:00:00,2026-01-27T00:00:00+05:00,46649115b2093bc9a5f8ce6c2f97b473e886494ef27e693b4c4c18cc1cdf114d,gfs_seamless,False,0.01,1.2616666666666667,-0.315,0.033429395893965375
turbine_1,2026-01-27 21:00:00+00:00,48,0.020066609939887996,0.020066609939887996,False,False,0.05820765027322404,3.51,-4.9,2026-01-26 19:00:00+00:00,26.0,2026-01-26 22:00:00,2026-01-27T00:00:00+05:00,46649115b2093bc9a5f8ce6c2f97b473e886494ef27e693b4c4c18cc1cdf114d,gfs_seamless,False,0.01,0.5783333333333333,-0.5966666666666667,0.010066609939887996
turbine_1,2026-01-27 22:00:00+00:00,48,0.008633313845907901,0.008633313845907901,False,False,0.016024132730015083,2.04,-4.7,2026-01-26 19:00:00+00:00,27.0,2026-01-26 22:00:00,2026-01-27T00:00:00+05:00,46649115b2093bc9a5f8ce6c2f97b473e886494ef27e693b4c4c18cc1cdf114d,gfs_seamless,False,0.01,1.0316666666666665,-0.4816666666666667,0.001366686154092099
turbine_1,2026-01-27 23:00:00+00:00,48,0.008658080203680934,0.008658080203680934,False,False,0.009961106309420917,1.03,-4.6,2026-01-26 19:00:00+00:00,28.0,2026-01-26 22:00:00,2026-01-27T00:00:00+05:00,46649115b2093bc9a5f8ce6c2f97b473e886494ef27e693b4c4c18cc1cdf114d,gfs_seamless,False,0.01,0.7966666666666667,-0.9633333333333334,0.0013419197963190667
turbine_1,2026-01-28 00:00:00+00:00,48,0.008658080203680934,0.008658080203680934,False,False,0.009989035087719297,0.92,-4.1,2026-01-26 19:00:00+00:00,29.0,2026-01-26 22:00:00,2026-01-27T00:00:00+05:00,46649115b2093bc9a5f8ce6c2f97b473e886494ef27e693b4c4c18cc1cdf114d,gfs_seamless,False,0.01,1.1966666666666665,-1.3716666666666668,0.0013419197963190667
turbine_1,2026-01-28 01:00:00+00:00,48,0.007013973158155945,0.007013973158155945,False,False,0.009961106309420917,1.21,-3.8,2026-01-26 19:00:00+00:00,30.0,2026-01-26 22:00:00,2026-01-27T00:00:00+05:00,46649115b2093bc9a5f8ce6c2f97b473e886494ef27e693b4c4c18cc1cdf114d,gfs_seamless,False,0.01,2.478333333333333,-0.6983333333333333,0.0029860268418440555
turbine_1,2026-01-28 02:00:00+00:00,48,0.015404119285846753,0.015404119285846753,False,False,0.02522429600523903,2.89,-3.7,2026-01-26 19:00:00+00:00,31.0,2026-01-26 22:00:00,2026-01-27T00:00:00+05:00,46649115b2093bc9a5f8ce6c2f97b473e886494ef27e693b4c4c18cc1cdf114d,gfs_seamless,False,0.03666666666666667,4.235,-0.34,0.021262547380819913
turbine_1,2026-01-28 03:00:00+00:00,48,0.01868309027410425,0.01868309027410425,False,False,0.04018891242937853,3.24,-2.9,2026-01-26 19:00:00+00:00,32.0,2026-01-26 22:00:00,2026-01-27T00:00:00+05:00,46649115b2093bc9a5f8ce6c2f97b473e886494ef27e693b4c4c18cc1cdf114d,gfs_seamless,False,0.04,3.9916666666666667,-0.5966666666666667,0.02131690972589575
turbine_1,2026-01-28 04:00:00+00:00,48,0.01773994488248723,0.01773994488248723,False,False,0.04018891242937853,3.13,-1.8,2026-01-26 19:00:00+00:00,33.0,2026-01-26 22:00:00,2026-01-27T00:00:00+05:00,46649115b2093bc9a5f8ce6c2f97b473e886494ef27e693b4c4c18cc1cdf114d,gfs_seamless,False,0.01,1.5250000000000001,-0.8083333333333335,0.0077399448824872295
turbine_1,2026-01-28 05:00:00+00:00,48,0.018329753702648905,0.018329753702648905,False,False,0.04018891242937853,3.09,-0.5,2026-01-26 19:00:00+00:00,34.0,2026-01-26 22:00:00,2026-01-27T00:00:00+05:00,46649115b2093bc9a5f8ce6c2f97b473e886494ef27e693b4c4c18cc1cdf114d,gfs_seamless,False,0.01,0.81,-0.7283333333333334,0.008329753702648905
turbine_1,2026-01-28 06:00:00+00:00,48,0.008329792326952452,0.008329792326952452,False,False,0.009989035087719297,0.99,-0.6,2026-01-26 19:00:00+00:00,35.0,2026-01-26 22:00:00,2026-01-27T00:00:00+05:00,46649115b2093bc9a5f8ce6c2f97b473e886494ef27e693b4c4c18cc1cdf114d,gfs_seamless,False,0.01,1.0333333333333334,0.11666666666666665,0.0016702076730475482
turbine_1,2026-01-28 07:00:00+00:00,48,0.00876463366804164,0.00876463366804164,False,False,0.009961106309420917,1.12,-0.5,2026-01-26 19:00:00+00:00,36.0,2026-01-26 22:00:00,2026-01-27T00:00:00+05:00,46649115b2093bc9a5f8ce6c2f97b473e886494ef27e693b4c4c18cc1cdf114d,gfs_seamless,False,0.01,1.1816666666666666,1.3,0.00123536633195836
turbine_1,2026-01-28 08:00:00+00:00,48,0.012267631442419148,0.012267631442419148,False,False,0.02522429600523903,2.51,0.1,2026-01-26 19:00:00+00:00,37.0,2026-01-26 22:00:00,2026-01-27T00:00:00+05:00,46649115b2093bc9a5f8ce6c2f97b473e886494ef27e693b4c4c18cc1cdf114d,gfs_seamless,False,0.01,2.37,0.41,0.0022676314424191473
turbine_1,2026-01-28 09:00:00+00:00,48,0.022392448438853706,0.022392448438853706,False,False,0.04018891242937853,3.41,0.1,2026-01-26 19:00:00+00:00,38.0,2026-01-26 22:00:00,2026-01-27T00:00:00+05:00,46649115b2093bc9a5f8ce6c2f97b473e886494ef27e693b4c4c18cc1cdf114d,gfs_seamless,False,0.01,1.7149999999999999,1.0716666666666665,0.012392448438853705
turbine_1,2026-01-28 10:00:00+00:00,48,0.06723304973364425,0.06723304973364425,False,False,0.11160475724991854,4.73,-0.8,2026-01-26 19:00:00+00:00,39.0,2026-01-26 22:00:00,2026-01-27T00:00:00+05:00,46649115b2093bc9a5f8ce6c2f97b473e886494ef27e693b4c4c18cc1cdf114d,gfs_seamless,False,0.01,4.428333333333334,0.04833333333333332,0.057233049733644244
turbine_1,2026-01-28 11:00:00+00:00,48,0.16565585437394656,0.16565585437394656,False,False,0.19502446982055466,5.8,-2.1,2026-01-26 19:00:00+00:00,40.0,2026-01-26 22:00:00,2026-01-27T00:00:00+05:00,46649115b2093bc9a5f8ce6c2f97b473e886494ef27e693b4c4c18cc1cdf114d,gfs_seamless,False,0.01,5.96,-0.42166666666666663,0.15565585437394655
turbine_1,2026-01-28 12:00:00+00:00,48,0.31762042833794035,0.31762042833794035,False,False,0.324537037037037,6.82,-2.6,2026-01-26 19:00:00+00:00,41.0,2026-01-26 22:00:00,2026-01-27T00:00:00+05:00,46649115b2093bc9a5f8ce6c2f97b473e886494ef27e693b4c4c18cc1cdf114d,gfs_seamless,False,0.07833333333333334,6.066666666666666,-0.2733333333333334,0.23928709500460701
turbine_1,2026-01-28 13:00:00+00:00,48,0.6029023612810747,0.6029023612810747,False,False,0.5479049295774648,8.49,-2.7,2026-01-26 19:00:00+00:00,42.0,2026-01-26 22:00:00,2026-01-27T00:00:00+05:00,46649115b2093bc9a5f8ce6c2f97b473e886494ef27e693b4c4c18cc1cdf114d,gfs_seamless,False,0.17166666666666666,6.13,-0.7783333333333333,0.431235694614408
turbine_1,2026-01-28 14:00:00+00:00,48,0.7966798767268679,0.7966798767268679,False,False,0.695324418028727,9.49,-3.4,2026-01-26 19:00:00+00:00,43.0,2026-01-26 22:00:00,2026-01-27T00:00:00+05:00,46649115b2093bc9a5f8ce6c2f97b473e886494ef27e693b4c4c18cc1cdf114d,gfs_seamless,False,0.49500000000000005,8.16,-1.0433333333333332,0.30167987672686786
turbine_1,2026-01-28 15:00:00+00:00,48,0.9373876317743919,0.9373876317743919,False,False,0.8933127317676143,10.6,-3.5,2026-01-26 19:00:00+00:00,44.0,2026-01-26 22:00:00,2026-01-27T00:00:00+05:00,46649115b2093bc9a5f8ce6c2f97b473e886494ef27e693b4c4c18cc1cdf114d,gfs_seamless,False,0.7183333333333333,9.228333333333333,-0.93,0.21905429844105861
turbine_1,2026-01-28 16:00:00+00:00,48,0.9013516319003456,0.9013516319003456,False,False,0.8298177426438297,10.31,-3.4,2026-01-26 19:00:00+00:00,45.0,2026-01-26 22:00:00,2026-01-27T00:00:00+05:00,46649115b2093bc9a5f8ce6c2f97b473e886494ef27e693b4c4c18cc1cdf114d,gfs_seamless,False,0.4583333333333333,7.648333333333333,-0.995,0.4430182985670123
turbine_1,2026-01-28 17:00:00+00:00,48,0.9623415712869655,0.9623415712869655,False,False,0.9380381944444444,11.09,-4.1,2026-01-26 19:00:00+00:00,46.0,2026-01-26 22:00:00,2026-01-27T00:00:00+05:00,46649115b2093bc9a5f8ce6c2f97b473e886494ef27e693b4c4c18cc1cdf114d,gfs_seamless,False,0.3183333333333333,6.848333333333334,-1.7916666666666667,0.6440082379536323
turbine_1,2026-01-28 18:00:00+00:00,48,0.9466967694040598,0.9466967694040598,False,False,0.8933127317676143,10.86,-4.5,2026-01-26 19:00:00+00:00,47.0,2026-01-26 22:00:00,2026-01-27T00:00:00+05:00,46649115b2093bc9a5f8ce6c2f97b473e886494ef27e693b4c4c18cc1cdf114d,gfs_seamless,False,0.2283333333333333,6.05,-2.38,0.7183634360707265
turbine_1,2026-01-28 19:00:00+00:00,48,0.8209328259241182,0.8209328259241182,False,False,0.8298177426438297,10.25,-5.2,2026-01-26 19:00:00+00:00,48.0,2026-01-26 22:00:00,2026-01-27T00:00:00+05:00,46649115b2093bc9a5f8ce6c2f97b473e886494ef27e693b4c4c18cc1cdf114d,gfs_seamless,False,0.27166666666666667,6.596666666666667,-2.191666666666667,0.5492661592574515
turbine_2,2026-01-26 20:00:00+00:00,24,0.9564784513056693,0.9564784513056693,False,False,0.9255645161290322,11.31,-5.2,2026-01-26 19:00:00+00:00,1.0,2026-01-26 22:00:00,2026-01-27T00:00:00+05:00,67eb78dc3e44b7937e50a6ba9d40836b027576577bdc9b2ee93ccac3cb3c615d,gfs_seamless,False,0.6266666666666666,8.581666666666667,-2.7216666666666662,0.32981178463900274
turbine_2,2026-01-26 21:00:00+00:00,24,0.9702632675340666,0.9702632675340666,False,False,0.9516279069767442,11.59,-6.0,2026-01-26 19:00:00+00:00,2.0,2026-01-26 22:00:00,2026-01-27T00:00:00+05:00,67eb78dc3e44b7937e50a6ba9d40836b027576577bdc9b2ee93ccac3cb3c615d,gfs_seamless,False,0.49,7.836666666666667,-2.8833333333333333,0.48026326753406656
turbine_2,2026-01-26 22:00:00+00:00,24,0.8790128754632749,0.8790128754632749,False,False,0.9255645161290322,11.32,-6.6,2026-01-26 19:00:00+00:00,3.0,2026-01-26 22:00:00,2026-01-27T00:00:00+05:00,67eb78dc3e44b7937e50a6ba9d40836b027576577bdc9b2ee93ccac3cb3c615d,gfs_seamless,False,0.935,11.051666666666668,-1.6116666666666666,0.055987124536725164
turbine_2,2026-01-26 23:00:00+00:00,24,0.7556653109069752,0.7556653109069752,False,False,0.8235475868290483,10.25,-7.4,2026-01-26 19:00:00+00:00,4.0,2026-01-26 22:00:00,2026-01-27T00:00:00+05:00,67eb78dc3e44b7937e50a6ba9d40836b027576577bdc9b2ee93ccac3cb3c615d,gfs_seamless,False,0.6733333333333333,8.993333333333334,-3.5933333333333333,0.08233197757364186
turbine_2,2026-01-27 00:00:00+00:00,24,0.6237174650066233,0.6237174650066233,False,False,0.6740056417489422,9.38,-7.8,2026-01-26 19:00:00+00:00,5.0,2026-01-26 22:00:00,2026-01-27T00:00:00+05:00,67eb78dc3e44b7937e50a6ba9d40836b027576577bdc9b2ee93ccac3cb3c615d,gfs_seamless,False,0.28833333333333333,6.376666666666666,-4.118333333333333,0.33538413167328995
turbine_2,2026-01-27 01:00:00+00:00,24,0.5849375378820717,0.5849375378820717,False,False,0.6158568232662193,8.84,-7.2,2026-01-26 19:00:00+00:00,6.0,2026-01-26 22:00:00,2026-01-27T00:00:00+05:00,67eb78dc3e44b7937e50a6ba9d40836b027576577bdc9b2ee93ccac3cb3c615d,gfs_seamless,False,0.028333333333333332,3.6799999999999997,-3.2583333333333333,0.5566042045487384
turbine_2,2026-01-27 02:00:00+00:00,24,0.504048554875937,0.504048554875937,False,False,0.5336059860598605,8.23,-6.6,2026-01-26 19:00:00+00:00,7.0,2026-01-26 22:00:00,2026-01-27T00:00:00+05:00,67eb78dc3e44b7937e50a6ba9d40836b027576577bdc9b2ee93ccac3cb3c615d,gfs_seamless,False,0.013333333333333334,2.2600000000000002,-4.535,0.4907152215426037
turbine_2,2026-01-27 03:00:00+00:00,24,0.4173703266277617,0.4173703266277617,False,False,0.45987245777318164,7.76,-5.3,2026-01-26 19:00:00+00:00,8.0,2026-01-26 22:00:00,2026-01-27T00:00:00+05:00,67eb78dc3e44b7937e50a6ba9d40836b027576577bdc9b2ee93ccac3cb3c615d,gfs_seamless,False,0.01,0.815,-5.796666666666667,0.4073703266277617
turbine_2,2026-01-27 04:00:00+00:00,24,0.38191271970851504,0.38191271970851504,False,False,0.3872589792060492,7.38,-3.7,2026-01-26 19:00:00+00:00,9.0,2026-01-26 22:00:00,2026-01-27T00:00:00+05:00,67eb78dc3e44b7937e50a6ba9d40836b027576577bdc9b2ee93ccac3cb3c615d,gfs_seamless,False,0.008333333333333333,1.7933333333333337,-5.44,0.3735793863751817
turbine_2,2026-01-27 05:00:00+00:00,24,0.2700269895008875,0.2700269895008875,False,False,0.31354815455594,6.71,-2.4,2026-01-26 19:00:00+00:00,10.0,2026-01-26 22:00:00,2026-01-27T00:00:00+05:00,67eb78dc3e44b7937e50a6ba9d40836b027576577bdc9b2ee93ccac3cb3c615d,gfs_seamless,False,0.01,1.79,-2.9250000000000003,0.2600269895008875
turbine_2,2026-01-27 06:00:00+00:00,24,0.10965318968706318,0.10965318968706318,False,False,0.14268560264502556,5.47,-1.5,2026-01-26 19:00:00+00:00,11.0,2026-01-26 22:00:00,2026-01-27T00:00:00+05:00,67eb78dc3e44b7937e50a6ba9d40836b027576577bdc9b2ee93ccac3cb3c615d,gfs_seamless,False,0.01,1.3966666666666665,1.0083333333333333,0.09965318968706319
turbine_2,2026-01-27 07:00:00+00:00,24,0.07757783437375534,0.07757783437375534,False,False,0.14268560264502556,5.06,-1.1,2026-01-26 19:00:00+00:00,12.0,2026-01-26 22:00:00,2026-01-27T00:00:00+05:00,67eb78dc3e44b7937e50a6ba9d40836b027576577bdc9b2ee93ccac3cb3c615d,gfs_seamless,False,0.01,1.8933333333333333,1.4316666666666666,0.06757783437375535
turbine_2,2026-01-27 08:00:00+00:00,24,0.07033181867716165,0.07033181867716165,False,False,0.14268560264502556,5.0,-0.7,2026-01-26 19:00:00+00:00,13.0,2026-01-26 22:00:00,2026-01-27T00:00:00+05:00,67eb78dc3e44b7937e50a6ba9d40836b027576577bdc9b2ee93ccac3cb3c615d,gfs_seamless,False,0.01,1.5966666666666667,2.9333333333333336,0.06033181867716165
turbine_2,2026-01-27 09:00:00+00:00,24,0.06761269331854283,0.06761269331854283,False,False,0.10502881407340006,4.83,-0.5,2026-01-26 19:00:00+00:00,14.0,2026-01-26 22:00:00,2026-01-27T00:00:00+05:00,67eb78dc3e44b7937e50a6ba9d40836b027576577bdc9b2ee93ccac3cb3c615d,gfs_seamless,False,0.01,0.915,4.406666666666666,0.05761269331854283
turbine_2,2026-01-27 10:00:00+00:00,24,0.07033181867716165,0.07033181867716165,False,False,0.10502881407340006,4.97,-0.8,2026-01-26 19:00:00+00:00,15.0,2026-01-26 22:00:00,2026-01-27T00:00:00+05:00,67eb78dc3e44b7937e50a6ba9d40836b027576577bdc9b2ee93ccac3cb3c615d,gfs_seamless,False,0.01,0.89,4.8999999999999995,0.06033181867716165
turbine_2,2026-01-27 11:00:00+00:00,24,0.06158263004178779,0.06158263004178779,False,False,0.10502881407340006,4.83,-1.7,2026-01-26 19:00:00+00:00,16.0,2026-01-26 22:00:00,2026-01-27T00:00:00+05:00,67eb78dc3e44b7937e50a6ba9d40836b027576577bdc9b2ee93ccac3cb3c615d,gfs_seamless,False,0.01,0.945,3.795,0.051582630041787786
turbine_2,2026-01-27 12:00:00+00:00,24,0.07069770041992346,0.07069770041992346,False,False,0.14268560264502556,5.04,-2.8,2026-01-26 19:00:00+00:00,17.0,2026-01-26 22:00:00,2026-01-27T00:00:00+05:00,67eb78dc3e44b7937e50a6ba9d40836b027576577bdc9b2ee93ccac3cb3c615d,gfs_seamless,False,0.01,0.73,2.7883333333333336,0.06069770041992346
turbine_2,2026-01-27 13:00:00+00:00,24,0.04696493476937982,0.04696493476937982,False,False,0.10502881407340006,4.72,-3.5,2026-01-26 19:00:00+00:00,18.0,2026-01-26 22:00:00,2026-01-27T00:00:00+05:00,67eb78dc3e44b7937e50a6ba9d40836b027576577bdc9b2ee93ccac3cb3c615d,gfs_seamless,False,0.01,0.6749999999999999,2.098333333333333,0.036964934769379815
turbine_2,2026-01-27 14:00:00+00:00,24,0.028370536943513523,0.028370536943513523,False,False,0.07905644622578491,4.18,-3.7,2026-01-26 19:00:00+00:00,19.0,2026-01-26 22:00:00,2026-01-27T00:00:00+05:00,67eb78dc3e44b7937e50a6ba9d40836b027576577bdc9b2ee93ccac3cb3c615d,gfs_seamless,False,0.01,1.4799999999999998,1.1816666666666666,0.018370536943513524
turbine_2,2026-01-27 15:00:00+00:00,24,0.019941282494172784,0.019941282494172784,False,False,0.055330221300138316,3.91,-3.5,2026-01-26 19:00:00+00:00,20.0,2026-01-26 22:00:00,2026-01-27T00:00:00+05:00,67eb78dc3e44b7937e50a6ba9d40836b027576577bdc9b2ee93ccac3cb3c615d,gfs_seamless,False,0.013333333333333334,4.295,0.9833333333333334,0.0066079491608394495
turbine_2,2026-01-27 16:00:00+00:00,24,0.01649438714762378,0.01649438714762378,False,False,0.055330221300138316,3.7,-3.4,2026-01-26 19:00:00+00:00,21.0,2026-01-26 22:00:00,2026-01-27T00:00:00+05:00,67eb78dc3e44b7937e50a6ba9d40836b027576577bdc9b2ee93ccac3cb3c615d,gfs_seamless,False,0.006666666666666667,2.7883333333333336,0.7016666666666667,0.009827720480957113
turbine_2,2026-01-27 17:00:00+00:00,24,0.0162453522679337,0.0162453522679337,False,False,0.03716875200513314,3.4,-3.3,2026-01-26 19:00:00+00:00,22.0,2026-01-26 22:00:00,2026-01-27T00:00:00+05:00,67eb78dc3e44b7937e50a6ba9d40836b027576577bdc9b2ee93ccac3cb3c615d,gfs_seamless,False,0.008333333333333333,3.1166666666666667,0.21,0.007912018934600367
turbine_2,2026-01-27 18:00:00+00:00,24,0.028370536943513523,0.028370536943513523,False,False,0.07905644622578491,4.24,-3.7,2026-01-26 19:00:00+00:00,23.0,2026-01-26 22:00:00,2026-01-27T00:00:00+05:00,67eb78dc3e44b7937e50a6ba9d40836b027576577bdc9b2ee93ccac3cb3c615d,gfs_seamless,False,0.01,1.2783333333333333,0.03833333333333333,0.018370536943513524
turbine_2,2026-01-27 19:00:00+00:00,24,0.01587170134480275,0.01587170134480275,False,False,0.055330221300138316,3.67,-4.1,2026-01-26 19:00:00+00:00,24.0,2026-01-26 22:00:00,2026-01-27T00:00:00+05:00,67eb78dc3e44b7937e50a6ba9d40836b027576577bdc9b2ee93ccac3cb3c615d,gfs_seamless,False,0.01,1.2416666666666667,-0.115,0.005871701344802751
turbine_2,2026-01-27 20:00:00+00:00,48,0.03282205048848144,0.03282205048848144,False,False,0.07905644622578491,4.34,-4.7,2026-01-26 19:00:00+00:00,25.0,2026-01-26 22:00:00,2026-01-27T00:00:00+05:00,67eb78dc3e44b7937e50a6ba9d40836b027576577bdc9b2ee93ccac3cb3c615d,gfs_seamless,False,0.01,1.3766666666666667,-0.5333333333333333,0.02282205048848144
turbine_2,2026-01-27 21:00:00+00:00,48,0.01620001525389043,0.01620001525389043,False,False,0.055330221300138316,3.51,-4.9,2026-01-26 19:00:00+00:00,26.0,2026-01-26 22:00:00,2026-01-27T00:00:00+05:00,67eb78dc3e44b7937e50a6ba9d40836b027576577bdc9b2ee93ccac3cb3c615d,gfs_seamless,False,0.01,0.8850000000000001,-0.8233333333333334,0.006200015253890431
turbine_2,2026-01-27 22:00:00+00:00,48,0.008503058390278363,0.008503058390278363,False,False,0.014615716753022453,2.04,-4.7,2026-01-26 19:00:00+00:00,27.0,2026-01-26 22:00:00,2026-01-27T00:00:00+05:00,67eb78dc3e44b7937e50a6ba9d40836b027576577bdc9b2ee93ccac3cb3c615d,gfs_seamless,False,0.01,0.9400000000000001,-0.715,0.0014969416097216377
turbine_2,2026-01-27 23:00:00+00:00,48,0.008627052870519895,0.008627052870519895,False,False,0.00970906068162926,1.03,-4.6,2026-01-26 19:00:00+00:00,28.0,2026-01-26 22:00:00,2026-01-27T00:00:00+05:00,67eb78dc3e44b7937e50a6ba9d40836b027576577bdc9b2ee93ccac3cb3c615d,gfs_seamless,False,0.01,0.86,-1.2833333333333334,0.0013729471294801048
turbine_2,2026-01-28 00:00:00+00:00,48,0.008774492319500154,0.008774492319500154,False,False,0.009931087289433385,0.92,-4.1,2026-01-26 19:00:00+00:00,29.0,2026-01-26 22:00:00,2026-01-27T00:00:00+05:00,67eb78dc3e44b7937e50a6ba9d40836b027576577bdc9b2ee93ccac3cb3c615d,gfs_seamless,False,0.01,1.14,-1.6866666666666668,0.0012255076804998464
turbine_2,2026-01-28 01:00:00+00:00,48,0.008356562939390917,0.008356562939390917,False,False,0.00970906068162926,1.21,-3.8,2026-01-26 19:00:00+00:00,30.0,2026-01-26 22:00:00,2026-01-27T00:00:00+05:00,67eb78dc3e44b7937e50a6ba9d40836b027576577bdc9b2ee93ccac3cb3c615d,gfs_seamless,False,0.008333333333333333,2.6983333333333337,-1.0133333333333334,2.3229606057583937e-05
turbine_2,2026-01-28 02:00:00+00:00,48,0.01366286647713519,0.01366286647713519,False,False,0.024015151515151517,2.89,-3.7,2026-01-26 19:00:00+00:00,31.0,2026-01-26 22:00:00,2026-01-27T00:00:00+05:00,67eb78dc3e44b7937e50a6ba9d40836b027576577bdc9b2ee93ccac3cb3c615d,gfs_seamless,False,0.03,4.833333333333333,-0.6016666666666667,0.01633713352286481
turbine_2,2026-01-28 03:00:00+00:00,48,0.01628864649369139,0.01628864649369139,False,False,0.03716875200513314,3.24,-2.9,2026-01-26 19:00:00+00:00,32.0,2026-01-26 22:00:00,2026-01-27T00:00:00+05:00,67eb78dc3e44b7937e50a6ba9d40836b027576577bdc9b2ee93ccac3cb3c615d,gfs_seamless,False,0.03166666666666667,3.4950000000000006,-0.8366666666666666,0.015378020172975279
turbine_2,2026-01-28 04:00:00+00:00,48,0.015758934564210236,0.015758934564210236,False,False,0.03716875200513314,3.13,-1.8,2026-01-26 19:00:00+00:00,33.0,2026-01-26 22:00:00,2026-01-27T00:00:00+05:00,67eb78dc3e44b7937e50a6ba9d40836b027576577bdc9b2ee93ccac3cb3c615d,gfs_seamless,False,0.01,1.24,-1.2383333333333333,0.005758934564210236
turbine_2,2026-01-28 05:00:00+00:00,48,0.015747250178995743,0.015747250178995743,False,False,0.03716875200513314,3.09,-0.5,2026-01-26 19:00:00+00:00,34.0,2026-01-26 22:00:00,2026-01-27T00:00:00+05:00,67eb78dc3e44b7937e50a6ba9d40836b027576577bdc9b2ee93ccac3cb3c615d,gfs_seamless,False,0.01,0.9483333333333333,-0.9700000000000001,0.0057472501789957425
turbine_2,2026-01-28 06:00:00+00:00,48,0.009300888490844181,0.009300888490844181,False,False,0.009931087289433385,0.99,-0.6,2026-01-26 19:00:00+00:00,35.0,2026-01-26 22:00:00,2026-01-27T00:00:00+05:00,67eb78dc3e44b7937e50a6ba9d40836b027576577bdc9b2ee93ccac3cb3c615d,gfs_seamless,False,0.01,1.025,0.235,0.0006991115091558187
turbine_2,2026-01-28 07:00:00+00:00,48,0.009300888490844181,0.009300888490844181,False,False,0.00970906068162926,1.12,-0.5,2026-01-26 19:00:00+00:00,36.0,2026-01-26 22:00:00,2026-01-27T00:00:00+05:00,67eb78dc3e44b7937e50a6ba9d40836b027576577bdc9b2ee93ccac3cb3c615d,gfs_seamless,False,0.01,1.1816666666666666,1.145,0.0006991115091558187
turbine_2,2026-01-28 08:00:00+00:00,48,0.01133596070267546,0.01133596070267546,False,False,0.024015151515151517,2.51,0.1,2026-01-26 19:00:00+00:00,37.0,2026-01-26 22:00:00,2026-01-27T00:00:00+05:00,67eb78dc3e44b7937e50a6ba9d40836b027576577bdc9b2ee93ccac3cb3c615d,gfs_seamless,False,0.01,2.3866666666666667,0.05833333333333333,0.00133596070267546
turbine_2,2026-01-28 09:00:00+00:00,48,0.01831714610093356,0.01831714610093356,False,False,0.03716875200513314,3.41,0.1,2026-01-26 19:00:00+00:00,38.0,2026-01-26 22:00:00,2026-01-27T00:00:00+05:00,67eb78dc3e44b7937e50a6ba9d40836b027576577bdc9b2ee93ccac3cb3c615d,gfs_seamless,False,0.01,1.6199999999999999,1.2533333333333334,0.00831714610093356
turbine_2,2026-01-28 10:00:00+00:00,48,0.06029155344922903,0.06029155344922903,False,False,0.10502881407340006,4.73,-0.8,2026-01-26 19:00:00+00:00,39.0,2026-01-26 22:00:00,2026-01-27T00:00:00+05:00,67eb78dc3e44b7937e50a6ba9d40836b027576577bdc9b2ee93ccac3cb3c615d,gfs_seamless,False,0.051666666666666666,4.816666666666666,0.3983333333333334,0.00862488678256236
turbine_2,2026-01-28 11:00:00+00:00,48,0.14007872214510406,0.14007872214510406,False,False,0.18822717622080679,5.8,-2.1,2026-01-26 19:00:00+00:00,40.0,2026-01-26 22:00:00,2026-01-27T00:00:00+05:00,67eb78dc3e44b7937e50a6ba9d40836b027576577bdc9b2ee93ccac3cb3c615d,gfs_seamless,False,0.125,5.895,-0.36000000000000004,0.015078722145104057
turbine_2,2026-01-28 12:00:00+00:00,48,0.300823557374675,0.300823557374675,False,False,0.31354815455594,6.82,-2.6,2026-01-26 19:00:00+00:00,41.0,2026-01-26 22:00:00,2026-01-27T00:00:00+05:00,67eb78dc3e44b7937e50a6ba9d40836b027576577bdc9b2ee93ccac3cb3c615d,gfs_seamless,False,0.20833333333333334,6.616666666666667,-0.465,0.09249022404134163
turbine_2,2026-01-28 13:00:00+00:00,48,0.5939252704110295,0.5939252704110295,False,False,0.5336059860598605,8.49,-2.7,2026-01-26 19:00:00+00:00,42.0,2026-01-26 22:00:00,2026-01-27T00:00:00+05:00,67eb78dc3e44b7937e50a6ba9d40836b027576577bdc9b2ee93ccac3cb3c615d,gfs_seamless,False,0.14833333333333334,5.913333333333334,-0.9349999999999999,0.4455919370776962
turbine_2,2026-01-28 14:00:00+00:00,48,0.7332305952623318,0.7332305952623318,False,False,0.6740056417489422,9.49,-3.4,2026-01-26 19:00:00+00:00,43.0,2026-01-26 22:00:00,2026-01-27T00:00:00+05:00,67eb78dc3e44b7937e50a6ba9d40836b027576577bdc9b2ee93ccac3cb3c615d,gfs_seamless,False,0.47833333333333333,8.108333333333333,-1.2249999999999999,0.2548972619289985
turbine_2,2026-01-28 15:00:00+00:00,48,0.880876184685353,0.880876184685353,False,False,0.8841280487804878,10.6,-3.5,2026-01-26 19:00:00+00:00,44.0,2026-01-26 22:00:00,2026-01-27T00:00:00+05:00,67eb78dc3e44b7937e50a6ba9d40836b027576577bdc9b2ee93ccac3cb3c615d,gfs_seamless,False,0.7033333333333333,9.365,-0.6933333333333334,0.17754285135201975
turbine_2,2026-01-28 16:00:00+00:00,48,0.89326007437386,0.89326007437386,False,False,0.8235475868290483,10.31,-3.4,2026-01-26 19:00:00+00:00,45.0,2026-01-26 22:00:00,2026-01-27T00:00:00+05:00,67eb78dc3e44b7937e50a6ba9d40836b027576577bdc9b2ee93ccac3cb3c615d,gfs_seamless,False,0.49333333333333335,8.113333333333333,-1.005,0.39992674104052667
turbine_2,2026-01-28 17:00:00+00:00,48,0.919860887362852,0.919860887362852,False,False,0.9255645161290322,11.09,-4.1,2026-01-26 19:00:00+00:00,46.0,2026-01-26 22:00:00,2026-01-27T00:00:00+05:00,67eb78dc3e44b7937e50a6ba9d40836b027576577bdc9b2ee93ccac3cb3c615d,gfs_seamless,False,0.34,7.216666666666666,-2.0366666666666666,0.5798608873628519
turbine_2,2026-01-28 18:00:00+00:00,48,0.8961996460014644,0.8961996460014644,False,False,0.8841280487804878,10.86,-4.5,2026-01-26 19:00:00+00:00,47.0,2026-01-26 22:00:00,2026-01-27T00:00:00+05:00,67eb78dc3e44b7937e50a6ba9d40836b027576577bdc9b2ee93ccac3cb3c615d,gfs_seamless,False,0.20333333333333334,6.206666666666667,-2.4466666666666668,0.692866312668131
turbine_2,2026-01-28 19:00:00+00:00,48,0.8833274799351543,0.8833274799351543,False,False,0.8235475868290483,10.25,-5.2,2026-01-26 19:00:00+00:00,48.0,2026-01-26 22:00:00,2026-01-27T00:00:00+05:00,67eb78dc3e44b7937e50a6ba9d40836b027576577bdc9b2ee93ccac3cb3c615d,gfs_seamless,False,0.26499999999999996,6.696666666666666,-2.3133333333333335,0.6183274799351544
turbine_1,2026-01-27 20:00:00+00:00,24,0.017312138403162182,0.017312138403162182,False,False,0.04011439633931715,3.06,-4.2,2026-01-27 19:00:00+00:00,1.0,2026-01-27 22:00:00,2026-01-28T00:00:00+05:00,803a078988e8d288be8b821e37aa51084368cad897176bb99acac144d8516fb3,gfs_seamless,False,0.01,1.2616666666666667,-0.315,0.007312138403162182
turbine_1,2026-01-27 21:00:00+00:00,24,0.009642378813289852,0.009642378813289852,False,False,0.01601083032490975,2.25,-3.9,2026-01-27 19:00:00+00:00,2.0,2026-01-27 22:00:00,2026-01-28T00:00:00+05:00,803a078988e8d288be8b821e37aa51084368cad897176bb99acac144d8516fb3,gfs_seamless,False,0.01,0.5783333333333333,-0.5966666666666667,0.000357621186710148
turbine_1,2026-01-27 22:00:00+00:00,24,0.008969587587873196,0.008969587587873196,False,False,0.01601083032490975,2.21,-4.0,2026-01-27 19:00:00+00:00,3.0,2026-01-27 22:00:00,2026-01-28T00:00:00+05:00,803a078988e8d288be8b821e37aa51084368cad897176bb99acac144d8516fb3,gfs_seamless,False,0.01,1.0316666666666665,-0.4816666666666667,0.0010304124121268046
turbine_1,2026-01-27 23:00:00+00:00,24,0.008208621556841765,0.008208621556841765,False,False,0.009961240310077519,1.42,-3.9,2026-01-27 19:00:00+00:00,4.0,2026-01-27 22:00:00,2026-01-28T00:00:00+05:00,803a078988e8d288be8b821e37aa51084368cad897176bb99acac144d8516fb3,gfs_seamless,False,0.01,0.7966666666666667,-0.9633333333333334,0.0017913784431582355
turbine_1,2026-01-28 00:00:00+00:00,24,0.008431534111633273,0.008431534111633273,False,False,0.009961240310077519,1.02,-3.4,2026-01-27 19:00:00+00:00,5.0,2026-01-27 22:00:00,2026-01-28T00:00:00+05:00,803a078988e8d288be8b821e37aa51084368cad897176bb99acac144d8516fb3,gfs_seamless,False,0.01,1.1966666666666665,-1.3716666666666668,0.0015684658883667272
turbine_1,2026-01-28 01:00:00+00:00,24,0.01194086926816221,0.01194086926816221,False,False,0.02522429600523903,2.5,-3.1,2026-01-27 19:00:00+00:00,6.0,2026-01-27 22:00:00,2026-01-28T00:00:00+05:00,803a078988e8d288be8b821e37aa51084368cad897176bb99acac144d8516fb3,gfs_seamless,False,0.01,2.478333333333333,-0.6983333333333333,0.001940869268162209
turbine_1,2026-01-28 02:00:00+00:00,24,0.02173038194336909,0.02173038194336909,False,False,0.05820765027322404,3.67,-3.3,2026-01-27 19:00:00+00:00,7.0,2026-01-27 22:00:00,2026-01-28T00:00:00+05:00,803a078988e8d288be8b821e37aa51084368cad897176bb99acac144d8516fb3,gfs_seamless,False,0.03666666666666667,4.235,-0.34,0.014936284723297576
turbine_1,2026-01-28 03:00:00+00:00,24,0.027268475317772302,0.027268475317772302,False,False,0.05820765027322404,3.83,-2.5,2026-01-27 19:00:00+00:00,8.0,2026-01-27 22:00:00,2026-01-28T00:00:00+05:00,803a078988e8d288be8b821e37aa51084368cad897176bb99acac144d8516fb3,gfs_seamless,False,0.04,3.9916666666666667,-0.5966666666666667,0.012731524682227699
turbine_1,2026-01-28 04:00:00+00:00,24,0.018595390256493954,0.018595390256493954,False,False,0.04011439633931715,3.04,-1.9,2026-01-27 19:00:00+00:00,9.0,2026-01-27 22:00:00,2026-01-28T00:00:00+05:00,803a078988e8d288be8b821e37aa51084368cad897176bb99acac144d8516fb3,gfs_seamless,False,0.01,1.5250000000000001,-0.8083333333333335,0.008595390256493954
turbine_1,2026-01-28 05:00:00+00:00,24,0.011532442362798778,0.011532442362798778,False,False,0.01601083032490975,2.38,-1.5,2026-01-27 19:00:00+00:00,10.0,2026-01-27 22:00:00,2026-01-28T00:00:00+05:00,803a078988e8d288be8b821e37aa51084368cad897176bb99acac144d8516fb3,gfs_seamless,False,0.01,0.81,-0.7283333333333334,0.0015324423627987773
turbine_1,2026-01-28 06:00:00+00:00,24,0.01004055312277077,0.01004055312277077,False,False,0.01601083032490975,2.15,-0.6,2026-01-27 19:00:00+00:00,11.0,2026-01-27 22:00:00,2026-01-28T00:00:00+05:00,803a078988e8d288be8b821e37aa51084368cad897176bb99acac144d8516fb3,gfs_seamless,False,0.01,1.0333333333333334,0.11666666666666665,4.055312277076971e-05
turbine_1,2026-01-28 07:00:00+00:00,24,0.00913697170791715,0.00913697170791715,False,False,0.011031334813718234,1.66,-0.1,2026-01-27 19:00:00+00:00,12.0,2026-01-27 22:00:00,2026-01-28T00:00:00+05:00,803a078988e8d288be8b821e37aa51084368cad897176bb99acac144d8516fb3,gfs_seamless,False,0.01,1.1816666666666666,1.3,0.000863028292082851
turbine_1,2026-01-28 08:00:00+00:00,24,0.008238000533684947,0.008238000533684947,False,False,0.009989106753812637,0.61,-0.0,2026-01-27 19:00:00+00:00,13.0,2026-01-27 22:00:00,2026-01-28T00:00:00+05:00,803a078988e8d288be8b821e37aa51084368cad897176bb99acac144d8516fb3,gfs_seamless,False,0.01,2.37,0.41,0.0017619994663150527
turbine_1,2026-01-28 09:00:00+00:00,24,0.009275634558905855,0.009275634558905855,False,False,0.009989106753812637,0.81,0.3,2026-01-27 19:00:00+00:00,14.0,2026-01-27 22:00:00,2026-01-28T00:00:00+05:00,803a078988e8d288be8b821e37aa51084368cad897176bb99acac144d8516fb3,gfs_seamless,False,0.01,1.7149999999999999,1.0716666666666665,0.000724365441094145
turbine_1,2026-01-28 10:00:00+00:00,24,0.01051854448137277,0.01051854448137277,False,False,0.01601083032490975,2.15,0.4,2026-01-27 19:00:00+00:00,15.0,2026-01-27 22:00:00,2026-01-28T00:00:00+05:00,803a078988e8d288be8b821e37aa51084368cad897176bb99acac144d8516fb3,gfs_seamless,False,0.01,4.428333333333334,0.04833333333333332,0.000518544481372769
turbine_1,2026-01-28 11:00:00+00:00,24,0.044778228023131174,0.044778228023131174,False,False,0.08159106529209621,4.27,-0.8,2026-01-27 19:00:00+00:00,16.0,2026-01-27 22:00:00,2026-01-28T00:00:00+05:00,803a078988e8d288be8b821e37aa51084368cad897176bb99acac144d8516fb3,gfs_seamless,False,0.01,5.96,-0.42166666666666663,0.03477822802313117
turbine_1,2026-01-28 12:00:00+00:00,24,0.3042468821651449,0.3042468821651449,False,False,0.324537037037037,6.69,-2.0,2026-01-27 19:00:00+00:00,17.0,2026-01-27 22:00:00,2026-01-28T00:00:00+05:00,803a078988e8d288be8b821e37aa51084368cad897176bb99acac144d8516fb3,gfs_seamless,False,0.07833333333333334,6.066666666666666,-0.2733333333333334,0.22591354883181156
turbine_1,2026-01-28 13:00:00+00:00,24,0.4558404555431865,0.4558404555431865,False,False,0.47506240822320117,7.56,-3.1,2026-01-27 19:00:00+00:00,18.0,2026-01-27 22:00:00,2026-01-28T00:00:00+05:00,803a078988e8d288be8b821e37aa51084368cad897176bb99acac144d8516fb3,gfs_seamless,False,0.17166666666666666,6.13,-0.7783333333333333,0.2841737888765198
turbine_1,2026-01-28 14:00:00+00:00,24,0.6787134110389492,0.6787134110389492,False,False,0.6264426782273603,8.77,-3.2,2026-01-27 19:00:00+00:00,19.0,2026-01-27 22:00:00,2026-01-28T00:00:00+05:00,803a078988e8d288be8b821e37aa51084368cad897176bb99acac144d8516fb3,gfs_seamless,False,0.49500000000000005,8.16,-1.0433333333333332,0.18371341103894917
turbine_1,2026-01-28 15:00:00+00:00,24,0.716055562558198,0.716055562558198,False,False,0.695324418028727,9.12,-3.1,2026-01-27 19:00:00+00:00,20.0,2026-01-27 22:00:00,2026-01-28T00:00:00+05:00,803a078988e8d288be8b821e37aa51084368cad897176bb99acac144d8516fb3,gfs_seamless,False,0.7183333333333333,9.228333333333333,-0.93,0.002277770775135246
turbine_1,2026-01-28 16:00:00+00:00,24,0.796957043921959,0.796957043921959,False,False,0.695324418028727,9.48,-3.3,2026-01-27 19:00:00+00:00,21.0,2026-01-27 22:00:00,2026-01-28T00:00:00+05:00,803a078988e8d288be8b821e37aa51084368cad897176bb99acac144d8516fb3,gfs_seamless,False,0.4583333333333333,7.648333333333333,-0.995,0.33862371058862567
turbine_1,2026-01-28 17:00:00+00:00,24,0.7804546687817531,0.7804546687817531,False,False,0.7648568655992237,9.53,-3.6,2026-01-27 19:00:00+00:00,22.0,2026-01-27 22:00:00,2026-01-28T00:00:00+05:00,803a078988e8d288be8b821e37aa51084368cad897176bb99acac144d8516fb3,gfs_seamless,False,0.3183333333333333,6.848333333333334,-1.7916666666666667,0.46212133544841977
turbine_1,2026-01-28 18:00:00+00:00,24,0.6850913413092975,0.6850913413092975,False,False,0.6264426782273603,8.91,-4.1,2026-01-27 19:00:00+00:00,23.0,2026-01-27 22:00:00,2026-01-28T00:00:00+05:00,803a078988e8d288be8b821e37aa51084368cad897176bb99acac144d8516fb3,gfs_seamless,False,0.2283333333333333,6.05,-2.38,0.4567580079759642
turbine_1,2026-01-28 19:00:00+00:00,24,0.6419350750797483,0.6419350750797483,False,False,0.6264426782273603,8.7,-4.5,2026-01-27 19:00:00+00:00,24.0,2026-01-27 22:00:00,2026-01-28T00:00:00+05:00,803a078988e8d288be8b821e37aa51084368cad897176bb99acac144d8516fb3,gfs_seamless,False,0.27166666666666667,6.596666666666667,-2.191666666666667,0.3702684084130817
turbine_1,2026-01-28 20:00:00+00:00,48,0.8476601737112689,0.8476601737112689,False,False,0.7648568655992237,9.93,-5.6,2026-01-27 19:00:00+00:00,25.0,2026-01-27 22:00:00,2026-01-28T00:00:00+05:00,803a078988e8d288be8b821e37aa51084368cad897176bb99acac144d8516fb3,gfs_seamless,False,0.13999999999999999,5.653333333333333,-1.3683333333333334,0.7076601737112689
turbine_1,2026-01-28 21:00:00+00:00,48,0.7860377621799545,0.7860377621799545,False,False,0.695324418028727,9.48,-5.7,2026-01-27 19:00:00+00:00,26.0,2026-01-27 22:00:00,2026-01-28T00:00:00+05:00,803a078988e8d288be8b821e37aa51084368cad897176bb99acac144d8516fb3,gfs_seamless,False,0.19999999999999998,6.303333333333334,-0.7666666666666666,0.5860377621799545
turbine_1,2026-01-28 22:00:00+00:00,48,0.6654642411096974,0.6654642411096974,False,False,0.695324418028727,9.13,-5.9,2026-01-27 19:00:00+00:00,27.0,2026-01-27 22:00:00,2026-01-28T00:00:00+05:00,803a078988e8d288be8b821e37aa51084368cad897176bb99acac144d8516fb3,gfs_seamless,False,0.23666666666666666,6.3,-1.7716666666666667,0.4287975744430307
turbine_1,2026-01-28 23:00:00+00:00,48,0.8100878936444188,0.8100878936444188,False,False,0.7648568655992237,9.67,-5.6,2026-01-27 19:00:00+00:00,28.0,2026-01-27 22:00:00,2026-01-28T00:00:00+05:00,803a078988e8d288be8b821e37aa51084368cad897176bb99acac144d8516fb3,gfs_seamless,False,0.17,5.971666666666667,-1.6199999999999999,0.6400878936444188
turbine_1,2026-01-29 00:00:00+00:00,48,0.5968862849206124,0.5968862849206124,False,False,0.5481128024980484,8.44,-5.9,2026-01-27 19:00:00+00:00,29.0,2026-01-27 22:00:00,2026-01-28T00:00:00+05:00,803a078988e8d288be8b821e37aa51084368cad897176bb99acac144d8516fb3,gfs_seamless,False,0.043333333333333335,4.123333333333334,-2.4833333333333334,0.553552951587279
turbine_1,2026-01-29 01:00:00+00:00,48,0.5496406870274707,0.5496406870274707,False,False,0.5481128024980484,8.28,-6.0,2026-01-27 19:00:00+00:00,30.0,2026-01-27 22:00:00,2026-01-28T00:00:00+05:00,803a078988e8d288be8b821e37aa51084368cad897176bb99acac144d8516fb3,gfs_seamless,False,0.015,3.356666666666667,-2.335,0.5346406870274707
turbine_1,2026-01-29 02:00:00+00:00,48,0.6502884068479223,0.6502884068479223,False,False,0.6264426782273603,8.9,-5.6,2026-01-27 19:00:00+00:00,31.0,2026-01-27 22:00:00,2026-01-28T00:00:00+05:00,803a078988e8d288be8b821e37aa51084368cad897176bb99acac144d8516fb3,gfs_seamless,False,0.011666666666666667,2.4583333333333335,-2.1233333333333335,0.6386217401812556
turbine_1,2026-01-29 03:00:00+00:00,48,0.7203006764814133,0.7203006764814133,False,False,0.695324418028727,9.12,-4.7,2026-01-27 19:00:00+00:00,32.0,2026-01-27 22:00:00,2026-01-28T00:00:00+05:00,803a078988e8d288be8b821e37aa51084368cad897176bb99acac144d8516fb3,gfs_seamless,False,0.01,1.64,-2.4366666666666665,0.7103006764814133
turbine_1,2026-01-29 04:00:00+00:00,48,0.7382751080631923,0.7382751080631923,False,False,0.695324418028727,9.31,-2.2,2026-01-27 19:00:00+00:00,33.0,2026-01-27 22:00:00,2026-01-28T00:00:00+05:00,803a078988e8d288be8b821e37aa51084368cad897176bb99acac144d8516fb3,gfs_seamless,False,0.024999999999999998,3.955,-1.3033333333333335,0.7132751080631923
turbine_1,2026-01-29 05:00:00+00:00,48,0.8262421764623539,0.8262421764623539,False,False,0.7648568655992237,9.79,-0.4,2026-01-27 19:00:00+00:00,34.0,2026-01-27 22:00:00,2026-01-28T00:00:00+05:00,803a078988e8d288be8b821e37aa51084368cad897176bb99acac144d8516fb3,gfs_seamless,False,0.03833333333333334,4.206666666666667,-0.11166666666666668,0.7879088431290205
turbine_1,2026-01-29 06:00:00+00:00,48,0.8779099621470698,0.8779099621470698,False,False,0.8298177426438297,10.42,0.7,2026-01-27 19:00:00+00:00,35.0,2026-01-27 22:00:00,2026-01-28T00:00:00+05:00,803a078988e8d288be8b821e37aa51084368cad897176bb99acac144d8516fb3,gfs_seamless,False,0.016666666666666666,2.6733333333333333,1.4000000000000001,0.8612432954804031
turbine_1,2026-01-29 07:00:00+00:00,48,0.9005767980965224,0.9005767980965224,False,False,0.8298177426438297,10.35,1.4,2026-01-27 19:00:00+00:00,36.0,2026-01-27 22:00:00,2026-01-28T00:00:00+05:00,803a078988e8d288be8b821e37aa51084368cad897176bb99acac144d8516fb3,gfs_seamless,False,0.2133333333333333,4.66,3.0766666666666667,0.6872434647631891
turbine_1,2026-01-29 08:00:00+00:00,48,0.8383571342431391,0.8383571342431391,False,False,0.7648568655992237,9.9,1.8,2026-01-27 19:00:00+00:00,37.0,2026-01-27 22:00:00,2026-01-28T00:00:00+05:00,803a078988e8d288be8b821e37aa51084368cad897176bb99acac144d8516fb3,gfs_seamless,False,0.655,8.746666666666668,4.001666666666666,0.18335713424313904
turbine_1,2026-01-29 09:00:00+00:00,48,0.7829602787626458,0.7829602787626458,False,False,0.695324418028727,9.47,2.0,2026-01-27 19:00:00+00:00,38.0,2026-01-27 22:00:00,2026-01-28T00:00:00+05:00,803a078988e8d288be8b821e37aa51084368cad897176bb99acac144d8516fb3,gfs_seamless,False,0.8666666666666667,10.14,4.491666666666666,0.08370638790402085
turbine_1,2026-01-29 10:00:00+00:00,48,0.7459574388822159,0.7459574388822159,False,False,0.695324418028727,9.36,1.7,2026-01-27 19:00:00+00:00,39.0,2026-01-27 22:00:00,2026-01-28T00:00:00+05:00,803a078988e8d288be8b821e37aa51084368cad897176bb99acac144d8516fb3,gfs_seamless,False,0.8333333333333334,10.015,4.798333333333333,0.08737589445111749
turbine_1,2026-01-29 11:00:00+00:00,48,0.6773950199389608,0.6773950199389608,False,False,0.6264426782273603,8.81,0.6,2026-01-27 19:00:00+00:00,40.0,2026-01-27 22:00:00,2026-01-28T00:00:00+05:00,803a078988e8d288be8b821e37aa51084368cad897176bb99acac144d8516fb3,gfs_seamless,False,0.9366666666666666,10.741666666666667,4.265,0.25927164672770586
turbine_1,2026-01-29 12:00:00+00:00,48,0.7254693474453336,0.7254693474453336,False,False,0.695324418028727,9.21,-1.5,2026-01-27 19:00:00+00:00,41.0,2026-01-27 22:00:00,2026-01-28T00:00:00+05:00,803a078988e8d288be8b821e37aa51084368cad897176bb99acac144d8516fb3,gfs_seamless,False,0.9583333333333334,10.921666666666667,3.421666666666667,0.23286398588799972
turbine_1,2026-01-29 13:00:00+00:00,48,0.7419266029592528,0.7419266029592528,False,False,0.695324418028727,9.4,-2.3,2026-01-27 19:00:00+00:00,42.0,2026-01-27 22:00:00,2026-01-28T00:00:00+05:00,803a078988e8d288be8b821e37aa51084368cad897176bb99acac144d8516fb3,gfs_seamless,False,0.8883333333333333,10.283333333333333,2.631666666666667,0.14640673037408047
turbine_1,2026-01-29 14:00:00+00:00,48,0.8790754195331699,0.8790754195331699,False,False,0.8298177426438297,10.2,-2.7,2026-01-27 19:00:00+00:00,43.0,2026-01-27 22:00:00,2026-01-28T00:00:00+05:00,803a078988e8d288be8b821e37aa51084368cad897176bb99acac144d8516fb3,gfs_seamless,False,0.9116666666666666,10.553333333333333,2.236666666666667,0.032591247133496704
turbine_1,2026-01-29 15:00:00+00:00,48,0.9041145658059628,0.9041145658059628,False,False,0.8298177426438297,10.38,-2.9,2026-01-27 19:00:00+00:00,44.0,2026-01-27 22:00:00,2026-01-28T00:00:00+05:00,803a078988e8d288be8b821e37aa51084368cad897176bb99acac144d8516fb3,gfs_seamless,False,0.9816666666666666,11.225,2.0500000000000003,0.07755210086070374
turbine_1,2026-01-29 16:00:00+00:00,48,0.9779205469766147,0.9779205469766147,False,False,0.9380381944444444,11.36,-2.9,2026-01-27 19:00:00+00:00,45.0,2026-01-27 22:00:00,2026-01-28T00:00:00+05:00,803a078988e8d288be8b821e37aa51084368cad897176bb99acac144d8516fb3,gfs_seamless,False,0.9899999999999999,12.216666666666667,1.2433333333333334,0.0120794530233852
turbine_1,2026-01-29 17:00:00+00:00,48,0.9841347427234811,0.9841347427234811,False,False,0.9603328741965105,11.55,-3.1,2026-01-27 19:00:00+00:00,46.0,2026-01-27 22:00:00,2026-01-28T00:00:00+05:00,803a078988e8d288be8b821e37aa51084368cad897176bb99acac144d8516fb3,gfs_seamless,False,0.9899999999999999,12.343333333333334,0.8366666666666668,0.005865257276518765
turbine_1,2026-01-29 18:00:00+00:00,48,0.9913333852753947,0.9913333852753947,False,False,0.9603328741965105,11.66,-3.5,2026-01-27 19:00:00+00:00,47.0,2026-01-27 22:00:00,2026-01-28T00:00:00+05:00,803a078988e8d288be8b821e37aa51084368cad897176bb99acac144d8516fb3,gfs_seamless,False,0.9899999999999999,12.038333333333334,0.5566666666666666,0.0013333852753948383
turbine_1,2026-01-29 19:00:00+00:00,48,0.9802603045954157,0.9802603045954157,False,False,0.9603328741965105,11.83,-3.7,2026-01-27 19:00:00+00:00,48.0,2026-01-27 22:00:00,2026-01-28T00:00:00+05:00,803a078988e8d288be8b821e37aa51084368cad897176bb99acac144d8516fb3,gfs_seamless,False,0.8466666666666667,10.046666666666667,0.25833333333333336,0.133593637928749
turbine_2,2026-01-27 20:00:00+00:00,24,0.014797283606875976,0.014797283606875976,False,False,0.037141025641025636,3.06,-4.2,2026-01-27 19:00:00+00:00,1.0,2026-01-27 22:00:00,2026-01-28T00:00:00+05:00,606d5477f7dbd8112ee927bbc352390d2e1b1e1af15f8d818b294129c2c2db6c,gfs_seamless,False,0.01,1.3766666666666667,-0.5333333333333333,0.004797283606875976
turbine_2,2026-01-27 21:00:00+00:00,24,0.008482438497559322,0.008482438497559322,False,False,0.014614610296232384,2.25,-3.9,2026-01-27 19:00:00+00:00,2.0,2026-01-27 22:00:00,2026-01-28T00:00:00+05:00,606d5477f7dbd8112ee927bbc352390d2e1b1e1af15f8d818b294129c2c2db6c,gfs_seamless,False,0.01,0.8850000000000001,-0.8233333333333334,0.0015175615024406782
turbine_2,2026-01-27 22:00:00+00:00,24,0.008482438497559322,0.008482438497559322,False,False,0.014614610296232384,2.21,-4.0,2026-01-27 19:00:00+00:00,3.0,2026-01-27 22:00:00,2026-01-28T00:00:00+05:00,606d5477f7dbd8112ee927bbc352390d2e1b1e1af15f8d818b294129c2c2db6c,gfs_seamless,False,0.01,0.9400000000000001,-0.715,0.0015175615024406782
turbine_2,2026-01-27 23:00:00+00:00,24,0.008365599762956451,0.008365599762956451,False,False,0.009709543568464731,1.42,-3.9,2026-01-27 19:00:00+00:00,4.0,2026-01-27 22:00:00,2026-01-28T00:00:00+05:00,606d5477f7dbd8112ee927bbc352390d2e1b1e1af15f8d818b294129c2c2db6c,gfs_seamless,False,0.01,0.86,-1.2833333333333334,0.0016344002370435491
turbine_2,2026-01-28 00:00:00+00:00,24,0.008520188225111986,0.008520188225111986,False,False,0.009709543568464731,1.02,-3.4,2026-01-27 19:00:00+00:00,5.0,2026-01-27 22:00:00,2026-01-28T00:00:00+05:00,606d5477f7dbd8112ee927bbc352390d2e1b1e1af15f8d818b294129c2c2db6c,gfs_seamless,False,0.01,1.14,-1.6866666666666668,0.0014798117748880141
turbine_2,2026-01-28 01:00:00+00:00,24,0.010449980607286502,0.010449980607286502,False,False,0.023999394489857707,2.5,-3.1,2026-01-27 19:00:00+00:00,6.0,2026-01-27 22:00:00,2026-01-28T00:00:00+05:00,606d5477f7dbd8112ee927bbc352390d2e1b1e1af15f8d818b294129c2c2db6c,gfs_seamless,False,0.008333333333333333,2.6983333333333337,-1.0133333333333334,0.0021166472739531685
turbine_2,2026-01-28 02:00:00+00:00,24,0.01741122838469614,0.01741122838469614,False,False,0.05530224525043178,3.67,-3.3,2026-01-27 19:00:00+00:00,7.0,2026-01-27 22:00:00,2026-01-28T00:00:00+05:00,606d5477f7dbd8112ee927bbc352390d2e1b1e1af15f8d818b294129c2c2db6c,gfs_seamless,False,0.03,4.833333333333333,-0.6016666666666667,0.012588771615303859
turbine_2,2026-01-28 03:00:00+00:00,24,0.023476476398286712,0.023476476398286712,False,False,0.05530224525043178,3.83,-2.5,2026-01-27 19:00:00+00:00,8.0,2026-01-27 22:00:00,2026-01-28T00:00:00+05:00,606d5477f7dbd8112ee927bbc352390d2e1b1e1af15f8d818b294129c2c2db6c,gfs_seamless,False,0.03166666666666667,3.4950000000000006,-0.8366666666666666,0.008190190268379957
turbine_2,2026-01-28 04:00:00+00:00,24,0.015410611599310549,0.015410611599310549,False,False,0.037141025641025636,3.04,-1.9,2026-01-27 19:00:00+00:00,9.0,2026-01-27 22:00:00,2026-01-28T00:00:00+05:00,606d5477f7dbd8112ee927bbc352390d2e1b1e1af15f8d818b294129c2c2db6c,gfs_seamless,False,0.01,1.24,-1.2383333333333333,0.005410611599310548
turbine_2,2026-01-28 05:00:00+00:00,24,0.011020936958578371,0.011020936958578371,False,False,0.014614610296232384,2.38,-1.5,2026-01-27 19:00:00+00:00,10.0,2026-01-27 22:00:00,2026-01-28T00:00:00+05:00,606d5477f7dbd8112ee927bbc352390d2e1b1e1af15f8d818b294129c2c2db6c,gfs_seamless,False,0.01,0.9483333333333333,-0.9700000000000001,0.0010209369585783713
turbine_2,2026-01-28 06:00:00+00:00,24,0.009194925788580723,0.009194925788580723,False,False,0.014614610296232384,2.15,-0.6,2026-01-27 19:00:00+00:00,11.0,2026-01-27 22:00:00,2026-01-28T00:00:00+05:00,606d5477f7dbd8112ee927bbc352390d2e1b1e1af15f8d818b294129c2c2db6c,gfs_seamless,False,0.01,1.025,0.235,0.0008050742114192773
turbine_2,2026-01-28 07:00:00+00:00,24,0.009246637629581786,0.009246637629581786,False,False,0.010127654497733238,1.66,-0.1,2026-01-27 19:00:00+00:00,12.0,2026-01-27 22:00:00,2026-01-28T00:00:00+05:00,606d5477f7dbd8112ee927bbc352390d2e1b1e1af15f8d818b294129c2c2db6c,gfs_seamless,False,0.01,1.1816666666666666,1.145,0.0007533623704182139
turbine_2,2026-01-28 08:00:00+00:00,24,0.010255083015587873,0.010255083015587873,False,False,0.009931714719271624,0.61,-0.0,2026-01-27 19:00:00+00:00,13.0,2026-01-27 22:00:00,2026-01-28T00:00:00+05:00,606d5477f7dbd8112ee927bbc352390d2e1b1e1af15f8d818b294129c2c2db6c,gfs_seamless,False,0.01,2.3866666666666667,0.05833333333333333,0.0002550830155878727
turbine_2,2026-01-28 09:00:00+00:00,24,0.009358779747557487,0.009358779747557487,False,False,0.009931714719271624,0.81,0.3,2026-01-27 19:00:00+00:00,14.0,2026-01-27 22:00:00,2026-01-28T00:00:00+05:00,606d5477f7dbd8112ee927bbc352390d2e1b1e1af15f8d818b294129c2c2db6c,gfs_seamless,False,0.01,1.6199999999999999,1.2533333333333334,0.0006412202524425127
turbine_2,2026-01-28 10:00:00+00:00,24,0.009576343460796614,0.009576343460796614,False,False,0.014614610296232384,2.15,0.4,2026-01-27 19:00:00+00:00,15.0,2026-01-27 22:00:00,2026-01-28T00:00:00+05:00,606d5477f7dbd8112ee927bbc352390d2e1b1e1af15f8d818b294129c2c2db6c,gfs_seamless,False,0.051666666666666666,4.816666666666666,0.3983333333333334,0.042090323205870056
turbine_2,2026-01-28 11:00:00+00:00,24,0.039584890924546166,0.039584890924546166,False,False,0.07899065732399065,4.27,-0.8,2026-01-27 19:00:00+00:00,16.0,2026-01-27 22:00:00,2026-01-28T00:00:00+05:00,606d5477f7dbd8112ee927bbc352390d2e1b1e1af15f8d818b294129c2c2db6c,gfs_seamless,False,0.125,5.895,-0.36000000000000004,0.08541510907545383
turbine_2,2026-01-28 12:00:00+00:00,24,0.2778281410474818,0.2778281410474818,False,False,0.31354815455594,6.69,-2.0,2026-01-27 19:00:00+00:00,17.0,2026-01-27 22:00:00,2026-01-28T00:00:00+05:00,606d5477f7dbd8112ee927bbc352390d2e1b1e1af15f8d818b294129c2c2db6c,gfs_seamless,False,0.20833333333333334,6.616666666666667,-0.465,0.06949480771414848
turbine_2,2026-01-28 13:00:00+00:00,24,0.40679714987006155,0.40679714987006155,False,False,0.45990358126721764,7.56,-3.1,2026-01-27 19:00:00+00:00,18.0,2026-01-27 22:00:00,2026-01-28T00:00:00+05:00,606d5477f7dbd8112ee927bbc352390d2e1b1e1af15f8d818b294129c2c2db6c,gfs_seamless,False,0.14833333333333334,5.913333333333334,-0.9349999999999999,0.25846381653672823
turbine_2,2026-01-28 14:00:00+00:00,24,0.6277384516927572,0.6277384516927572,False,False,0.6160672905525847,8.77,-3.2,2026-01-27 19:00:00+00:00,19.0,2026-01-27 22:00:00,2026-01-28T00:00:00+05:00,606d5477f7dbd8112ee927bbc352390d2e1b1e1af15f8d818b294129c2c2db6c,gfs_seamless,False,0.47833333333333333,8.108333333333333,-1.2249999999999999,0.14940511835942388
turbine_2,2026-01-28 15:00:00+00:00,24,0.6788077148100345,0.6788077148100345,False,False,0.6740056417489422,9.12,-3.1,2026-01-27 19:00:00+00:00,20.0,2026-01-27 22:00:00,2026-01-28T00:00:00+05:00,606d5477f7dbd8112ee927bbc352390d2e1b1e1af15f8d818b294129c2c2db6c,gfs_seamless,False,0.7033333333333333,9.365,-0.6933333333333334,0.02452561852329871
turbine_2,2026-01-28 16:00:00+00:00,24,0.7485707605637009,0.7485707605637009,False,False,0.6740056417489422,9.48,-3.3,2026-01-27 19:00:00+00:00,21.0,2026-01-27 22:00:00,2026-01-28T00:00:00+05:00,606d5477f7dbd8112ee927bbc352390d2e1b1e1af15f8d818b294129c2c2db6c,gfs_seamless,False,0.49333333333333335,8.113333333333333,-1.005,0.2552374272303675
turbine_2,2026-01-28 17:00:00+00:00,24,0.7368434289951202,0.7368434289951202,False,False,0.7533284742468416,9.53,-3.6,2026-01-27 19:00:00+00:00,22.0,2026-01-27 22:00:00,2026-01-28T00:00:00+05:00,606d5477f7dbd8112ee927bbc352390d2e1b1e1af15f8d818b294129c2c2db6c,gfs_seamless,False,0.34,7.216666666666666,-2.0366666666666666,0.3968434289951202
turbine_2,2026-01-28 18:00:00+00:00,24,0.6329306948014071,0.6329306948014071,False,False,0.6160672905525847,8.91,-4.1,2026-01-27 19:00:00+00:00,23.0,2026-01-27 22:00:00,2026-01-28T00:00:00+05:00,606d5477f7dbd8112ee927bbc352390d2e1b1e1af15f8d818b294129c2c2db6c,gfs_seamless,False,0.20333333333333334,6.206666666666667,-2.4466666666666668,0.4295973614680737
turbine_2,2026-01-28 19:00:00+00:00,24,0.5975802662092675,0.5975802662092675,False,False,0.6160672905525847,8.7,-4.5,2026-01-27 19:00:00+00:00,24.0,2026-01-27 22:00:00,2026-01-28T00:00:00+05:00,606d5477f7dbd8112ee927bbc352390d2e1b1e1af15f8d818b294129c2c2db6c,gfs_seamless,False,0.26499999999999996,6.696666666666666,-2.3133333333333335,0.33258026620926756
turbine_2,2026-01-28 20:00:00+00:00,48,0.8169151837938236,0.8169151837938236,False,False,0.7533284742468416,9.93,-5.6,2026-01-27 19:00:00+00:00,25.0,2026-01-27 22:00:00,2026-01-28T00:00:00+05:00,606d5477f7dbd8112ee927bbc352390d2e1b1e1af15f8d818b294129c2c2db6c,gfs_seamless,False,0.14,5.698333333333333,-2.361666666666667,0.6769151837938235
turbine_2,2026-01-28 21:00:00+00:00,48,0.7144063318918232,0.7144063318918232,False,False,0.6740056417489422,9.48,-5.7,2026-01-27 19:00:00+00:00,26.0,2026-01-27 22:00:00,2026-01-28T00:00:00+05:00,606d5477f7dbd8112ee927bbc352390d2e1b1e1af15f8d818b294129c2c2db6c,gfs_seamless,False,0.19499999999999998,6.260000000000001,-1.335,0.5194063318918233
turbine_2,2026-01-28 22:00:00+00:00,48,0.7036661084372006,0.7036661084372006,False,False,0.6740056417489422,9.13,-5.9,2026-01-27 19:00:00+00:00,27.0,2026-01-27 22:00:00,2026-01-28T00:00:00+05:00,606d5477f7dbd8112ee927bbc352390d2e1b1e1af15f8d818b294129c2c2db6c,gfs_seamless,False,0.20833333333333334,6.138333333333333,-1.1166666666666667,0.4953327751038672
turbine_2,2026-01-28 23:00:00+00:00,48,0.7843323119040276,0.7843323119040276,False,False,0.7533284742468416,9.67,-5.6,2026-01-27 19:00:00+00:00,28.0,2026-01-27 22:00:00,2026-01-28T00:00:00+05:00,606d5477f7dbd8112ee927bbc352390d2e1b1e1af15f8d818b294129c2c2db6c,gfs_seamless,False,0.15666666666666665,5.84,-1.8816666666666666,0.627665645237361
turbine_2,2026-01-29 00:00:00+00:00,48,0.5384848658371459,0.5384848658371459,False,False,0.5336059860598605,8.44,-5.9,2026-01-27 19:00:00+00:00,29.0,2026-01-27 22:00:00,2026-01-28T00:00:00+05:00,606d5477f7dbd8112ee927bbc352390d2e1b1e1af15f8d818b294129c2c2db6c,gfs_seamless,False,0.03,3.685,-2.811666666666667,0.5084848658371459
turbine_2,2026-01-29 01:00:00+00:00,48,0.5231540801536918,0.5231540801536918,False,False,0.5336059860598605,8.28,-6.0,2026-01-27 19:00:00+00:00,30.0,2026-01-27 22:00:00,2026-01-28T00:00:00+05:00,606d5477f7dbd8112ee927bbc352390d2e1b1e1af15f8d818b294129c2c2db6c,gfs_seamless,False,0.01,3.078333333333333,-2.566666666666667,0.5131540801536918
turbine_2,2026-01-29 02:00:00+00:00,48,0.6292899592079748,0.6292899592079748,False,False,0.6160672905525847,8.9,-5.6,2026-01-27 19:00:00+00:00,31.0,2026-01-27 22:00:00,2026-01-28T00:00:00+05:00,606d5477f7dbd8112ee927bbc352390d2e1b1e1af15f8d818b294129c2c2db6c,gfs_seamless,False,0.011666666666666667,2.435,-2.188333333333333,0.6176232925413081
turbine_2,2026-01-29 03:00:00+00:00,48,0.6739676035938121,0.6739676035938121,False,False,0.6740056417489422,9.12,-4.7,2026-01-27 19:00:00+00:00,32.0,2026-01-27 22:00:00,2026-01-28T00:00:00+05:00,606d5477f7dbd8112ee927bbc352390d2e1b1e1af15f8d818b294129c2c2db6c,gfs_seamless,False,0.01,1.5633333333333332,-2.735,0.6639676035938121
turbine_2,2026-01-29 04:00:00+00:00,48,0.6461660020647562,0.6461660020647562,False,False,0.6740056417489422,9.31,-2.2,2026-01-27 19:00:00+00:00,33.0,2026-01-27 22:00:00,2026-01-28T00:00:00+05:00,606d5477f7dbd8112ee927bbc352390d2e1b1e1af15f8d818b294129c2c2db6c,gfs_seamless,False,0.02,3.775,-1.4183333333333332,0.6261660020647561
turbine_2,2026-01-29 05:00:00+00:00,48,0.7863788454135953,0.7863788454135953,False,False,0.7533284742468416,9.79,-0.4,2026-01-27 19:00:00+00:00,34.0,2026-01-27 22:00:00,2026-01-28T00:00:00+05:00,606d5477f7dbd8112ee927bbc352390d2e1b1e1af15f8d818b294129c2c2db6c,gfs_seamless,False,0.04,4.233333333333333,-0.22833333333333336,0.7463788454135952
turbine_2,2026-01-29 06:00:00+00:00,48,0.8663656287193825,0.8663656287193825,False,False,0.823686936936937,10.42,0.7,2026-01-27 19:00:00+00:00,35.0,2026-01-27 22:00:00,2026-01-28T00:00:00+05:00,606d5477f7dbd8112ee927bbc352390d2e1b1e1af15f8d818b294129c2c2db6c,gfs_seamless,False,0.011666666666666667,2.686666666666667,1.155,0.8546989620527158
turbine_2,2026-01-29 07:00:00+00:00,48,0.8774349869200339,0.8774349869200339,False,False,0.823686936936937,10.35,1.4,2026-01-27 19:00:00+00:00,36.0,2026-01-27 22:00:00,2026-01-28T00:00:00+05:00,606d5477f7dbd8112ee927bbc352390d2e1b1e1af15f8d818b294129c2c2db6c,gfs_seamless,False,0.20166666666666666,4.823333333333333,2.8716666666666666,0.6757683202533672
turbine_2,2026-01-29 08:00:00+00:00,48,0.7995183785932584,0.7995183785932584,False,False,0.7533284742468416,9.9,1.8,2026-01-27 19:00:00+00:00,37.0,2026-01-27 22:00:00,2026-01-28T00:00:00+05:00,606d5477f7dbd8112ee927bbc352390d2e1b1e1af15f8d818b294129c2c2db6c,gfs_seamless,False,0.725,9.346666666666666,3.8049999999999997,0.07451837859325838
turbine_2,2026-01-29 09:00:00+00:00,48,0.7362587086148621,0.7362587086148621,False,False,0.6740056417489422,9.47,2.0,2026-01-27 19:00:00+00:00,38.0,2026-01-27 22:00:00,2026-01-28T00:00:00+05:00,606d5477f7dbd8112ee927bbc352390d2e1b1e1af15f8d818b294129c2c2db6c,gfs_seamless,False,0.8516666666666667,10.185,4.45,0.1154079580518046
turbine_2,2026-01-29 10:00:00+00:00,48,0.6796791589635065,0.6796791589635065,False,False,0.6740056417489422,9.36,1.7,2026-01-27 19:00:00+00:00,39.0,2026-01-27 22:00:00,2026-01-28T00:00:00+05:00,606d5477f7dbd8112ee927bbc352390d2e1b1e1af15f8d818b294129c2c2db6c,gfs_seamless,False,0.8766666666666666,10.28,4.715,0.1969875077031601
turbine_2,2026-01-29 11:00:00+00:00,48,0.634628484079642,0.634628484079642,False,False,0.6160672905525847,8.81,0.6,2026-01-27 19:00:00+00:00,40.0,2026-01-27 22:00:00,2026-01-28T00:00:00+05:00,606d5477f7dbd8112ee927bbc352390d2e1b1e1af15f8d818b294129c2c2db6c,gfs_seamless,False,0.9616666666666666,11.01,4.386666666666667,0.32703818258702455
turbine_2,2026-01-29 12:00:00+00:00,48,0.7044664482303628,0.7044664482303628,False,False,0.6740056417489422,9.21,-1.5,2026-01-27 19:00:00+00:00,41.0,2026-01-27 22:00:00,2026-01-28T00:00:00+05:00,606d5477f7dbd8112ee927bbc352390d2e1b1e1af15f8d818b294129c2c2db6c,gfs_seamless,False,0.9700000000000001,10.94,3.595,0.26553355176963733
turbine_2,2026-01-29 13:00:00+00:00,48,0.7167437913067839,0.7167437913067839,False,False,0.6740056417489422,9.4,-2.3,2026-01-27 19:00:00+00:00,42.0,2026-01-27 22:00:00,2026-01-28T00:00:00+05:00,606d5477f7dbd8112ee927bbc352390d2e1b1e1af15f8d818b294129c2c2db6c,gfs_seamless,False,0.9183333333333333,10.563333333333334,2.9433333333333334,0.20158954202654944
turbine_2,2026-01-29 14:00:00+00:00,48,0.8532994564051842,0.8532994564051842,False,False,0.823686936936937,10.2,-2.7,2026-01-27 19:00:00+00:00,43.0,2026-01-27 22:00:00,2026-01-28T00:00:00+05:00,606d5477f7dbd8112ee927bbc352390d2e1b1e1af15f8d818b294129c2c2db6c,gfs_seamless,False,0.9333333333333332,10.853333333333333,2.4899999999999998,0.080033876928149
turbine_2,2026-01-29 15:00:00+00:00,48,0.8816360888142585,0.8816360888142585,False,False,0.823686936936937,10.38,-2.9,2026-01-27 19:00:00+00:00,44.0,2026-01-27 22:00:00,2026-01-28T00:00:00+05:00,606d5477f7dbd8112ee927bbc352390d2e1b1e1af15f8d818b294129c2c2db6c,gfs_seamless,False,0.9833333333333334,11.108333333333334,2.2516666666666665,0.10169724451907491
turbine_2,2026-01-29 16:00:00+00:00,48,0.9509070567060757,0.9509070567060757,False,False,0.9255753739930955,11.36,-2.9,2026-01-27 19:00:00+00:00,45.0,2026-01-27 22:00:00,2026-01-28T00:00:00+05:00,606d5477f7dbd8112ee927bbc352390d2e1b1e1af15f8d818b294129c2c2db6c,gfs_seamless,False,0.9899999999999999,12.555,1.3833333333333335,0.03909294329392421
turbine_2,2026-01-29 17:00:00+00:00,48,0.9556862025843739,0.9556862025843739,False,False,0.9516279069767442,11.55,-3.1,2026-01-27 19:00:00+00:00,46.0,2026-01-27 22:00:00,2026-01-28T00:00:00+05:00,606d5477f7dbd8112ee927bbc352390d2e1b1e1af15f8d818b294129c2c2db6c,gfs_seamless,False,0.9899999999999999,12.549999999999999,0.8783333333333333,0.03431379741562601
turbine_2,2026-01-29 18:00:00+00:00,48,0.9774099014212927,0.9774099014212927,False,False,0.9516279069767442,11.66,-3.5,2026-01-27 19:00:00+00:00,47.0,2026-01-27 22:00:00,2026-01-28T00:00:00+05:00,606d5477f7dbd8112ee927bbc352390d2e1b1e1af15f8d818b294129c2c2db6c,gfs_seamless,False,0.9899999999999999,11.961666666666666,0.7733333333333333,0.012590098578707187
turbine_2,2026-01-29 19:00:00+00:00,48,0.9760958677956092,0.9760958677956092,False,False,0.9516279069767442,11.83,-3.7,2026-01-27 19:00:00+00:00,48.0,2026-01-27 22:00:00,2026-01-28T00:00:00+05:00,606d5477f7dbd8112ee927bbc352390d2e1b1e1af15f8d818b294129c2c2db6c,gfs_seamless,False,0.8383333333333334,10.058333333333334,0.515,0.13776253446227582
turbine_1,2026-01-28 20:00:00+00:00,24,0.6816414768354961,0.6816414768354961,False,False,0.6264426782273603,8.9,-4.7,2026-01-28 19:00:00+00:00,1.0,2026-01-28 22:00:00,2026-01-29T00:00:00+05:00,ae9c9939fa6bd5a24cc0a42bd1bcee786e2ca71e673f47ae871acb8e21bd607a,gfs_seamless,False,0.13999999999999999,5.653333333333333,-1.3683333333333334,0.5416414768354961
turbine_1,2026-01-28 21:00:00+00:00,24,0.5190101175277897,0.5190101175277897,False,False,0.5480506822612086,8.1,-4.8,2026-01-28 19:00:00+00:00,2.0,2026-01-28 22:00:00,2026-01-29T00:00:00+05:00,ae9c9939fa6bd5a24cc0a42bd1bcee786e2ca71e673f47ae871acb8e21bd607a,gfs_seamless,False,0.19999999999999998,6.303333333333334,-0.7666666666666666,0.31901011752778974
turbine_1,2026-01-28 22:00:00+00:00,24,0.5886144042928346,0.5886144042928346,False,False,0.5480506822612086,8.41,-5.0,2026-01-28 19:00:00+00:00,3.0,2026-01-28 22:00:00,2026-01-29T00:00:00+05:00,ae9c9939fa6bd5a24cc0a42bd1bcee786e2ca71e673f47ae871acb8e21bd607a,gfs_seamless,False,0.23666666666666666,6.3,-1.7716666666666667,0.35194773762616793
turbine_1,2026-01-28 23:00:00+00:00,24,0.496680290227116,0.496680290227116,False,False,0.5480506822612086,8.08,-5.3,2026-01-28 19:00:00+00:00,4.0,2026-01-28 22:00:00,2026-01-29T00:00:00+05:00,ae9c9939fa6bd5a24cc0a42bd1bcee786e2ca71e673f47ae871acb8e21bd607a,gfs_seamless,False,0.17,5.971666666666667,-1.6199999999999999,0.326680290227116
turbine_1,2026-01-29 00:00:00+00:00,24,0.34641442722700433,0.34641442722700433,False,False,0.39804151061173537,7.16,-5.5,2026-01-28 19:00:00+00:00,5.0,2026-01-28 22:00:00,2026-01-29T00:00:00+05:00,ae9c9939fa6bd5a24cc0a42bd1bcee786e2ca71e673f47ae871acb8e21bd607a,gfs_seamless,False,0.043333333333333335,4.123333333333334,-2.4833333333333334,0.303081093893671
turbine_1,2026-01-29 01:00:00+00:00,24,0.40326627392658404,0.40326627392658404,False,False,0.39804151061173537,7.42,-5.5,2026-01-28 19:00:00+00:00,6.0,2026-01-28 22:00:00,2026-01-29T00:00:00+05:00,ae9c9939fa6bd5a24cc0a42bd1bcee786e2ca71e673f47ae871acb8e21bd607a,gfs_seamless,False,0.015,3.356666666666667,-2.335,0.388266273926584
turbine_1,2026-01-29 02:00:00+00:00,24,0.5573125651545382,0.5573125651545382,False,False,0.5480506822612086,8.24,-5.6,2026-01-28 19:00:00+00:00,7.0,2026-01-28 22:00:00,2026-01-29T00:00:00+05:00,ae9c9939fa6bd5a24cc0a42bd1bcee786e2ca71e673f47ae871acb8e21bd607a,gfs_seamless,False,0.011666666666666667,2.4583333333333335,-2.1233333333333335,0.5456458984878715
turbine_1,2026-01-29 03:00:00+00:00,24,0.5179310565249979,0.5179310565249979,False,False,0.5480506822612086,8.07,-4.7,2026-01-28 19:00:00+00:00,8.0,2026-01-28 22:00:00,2026-01-29T00:00:00+05:00,ae9c9939fa6bd5a24cc0a42bd1bcee786e2ca71e673f47ae871acb8e21bd607a,gfs_seamless,False,0.01,1.64,-2.4366666666666665,0.5079310565249979
turbine_1,2026-01-29 04:00:00+00:00,24,0.5556899833962977,0.5556899833962977,False,False,0.5480506822612086,8.19,-2.5,2026-01-28 19:00:00+00:00,9.0,2026-01-28 22:00:00,2026-01-29T00:00:00+05:00,ae9c9939fa6bd5a24cc0a42bd1bcee786e2ca71e673f47ae871acb8e21bd607a,gfs_seamless,False,0.024999999999999998,3.955,-1.3033333333333335,0.5306899833962977
turbine_1,2026-01-29 05:00:00+00:00,24,0.5965678957585291,0.5965678957585291,False,False,0.5480506822612086,8.36,-0.4,2026-01-28 19:00:00+00:00,10.0,2026-01-28 22:00:00,2026-01-29T00:00:00+05:00,ae9c9939fa6bd5a24cc0a42bd1bcee786e2ca71e673f47ae871acb8e21bd607a,gfs_seamless,False,0.03833333333333334,4.206666666666667,-0.11166666666666668,0.5582345624251958
turbine_1,2026-01-29 06:00:00+00:00,24,0.7470363868583174,0.7470363868583174,False,False,0.6953585558852622,9.38,0.1,2026-01-28 19:00:00+00:00,11.0,2026-01-28 22:00:00,2026-01-29T00:00:00+05:00,ae9c9939fa6bd5a24cc0a42bd1bcee786e2ca71e673f47ae871acb8e21bd607a,gfs_seamless,False,0.016666666666666666,2.6733333333333333,1.4000000000000001,0.7303697201916507
turbine_1,2026-01-29 07:00:00+00:00,24,0.8368802520482406,0.8368802520482406,False,False,0.7648568655992237,9.84,1.0,2026-01-28 19:00:00+00:00,12.0,2026-01-28 22:00:00,2026-01-29T00:00:00+05:00,ae9c9939fa6bd5a24cc0a42bd1bcee786e2ca71e673f47ae871acb8e21bd607a,gfs_seamless,False,0.2133333333333333,4.66,3.0766666666666667,0.6235469187149073
turbine_1,2026-01-29 08:00:00+00:00,24,0.8810469668079827,0.8810469668079827,False,False,0.8298177426438297,10.25,1.5,2026-01-28 19:00:00+00:00,13.0,2026-01-28 22:00:00,2026-01-29T00:00:00+05:00,ae9c9939fa6bd5a24cc0a42bd1bcee786e2ca71e673f47ae871acb8e21bd607a,gfs_seamless,False,0.655,8.746666666666668,4.001666666666666,0.22604696680798264
turbine_1,2026-01-29 09:00:00+00:00,24,0.8807411104793158,0.8807411104793158,False,False,0.8298177426438297,10.16,1.8,2026-01-28 19:00:00+00:00,14.0,2026-01-28 22:00:00,2026-01-29T00:00:00+05:00,ae9c9939fa6bd5a24cc0a42bd1bcee786e2ca71e673f47ae871acb8e21bd607a,gfs_seamless,False,0.8666666666666667,10.14,4.491666666666666,0.014074443812649107
turbine_1,2026-01-29 10:00:00+00:00,24,0.8729959448427427,0.8729959448427427,False,False,0.8298177426438297,10.43,1.6,2026-01-28 19:00:00+00:00,15.0,2026-01-28 22:00:00,2026-01-29T00:00:00+05:00,ae9c9939fa6bd5a24cc0a42bd1bcee786e2ca71e673f47ae871acb8e21bd607a,gfs_seamless,False,0.8333333333333334,10.015,4.798333333333333,0.03966261150940931
turbine_1,2026-01-29 11:00:00+00:00,24,0.9408755435478929,0.9408755435478929,False,False,0.8933641975308642,10.83,0.5,2026-01-28 19:00:00+00:00,16.0,2026-01-28 22:00:00,2026-01-29T00:00:00+05:00,ae9c9939fa6bd5a24cc0a42bd1bcee786e2ca71e673f47ae871acb8e21bd607a,gfs_seamless,False,0.9366666666666666,10.741666666666667,4.265,0.004208876881226287
turbine_1,2026-01-29 12:00:00+00:00,24,0.94542573319334,0.94542573319334,False,False,0.8933641975308642,10.99,-1.3,2026-01-28 19:00:00+00:00,17.0,2026-01-28 22:00:00,2026-01-29T00:00:00+05:00,ae9c9939fa6bd5a24cc0a42bd1bcee786e2ca71e673f47ae871acb8e21bd607a,gfs_seamless,False,0.9583333333333334,10.921666666666667,3.421666666666667,0.01290760013999337
turbine_1,2026-01-29 13:00:00+00:00,24,0.9401208656341283,0.9401208656341283,False,False,0.8933641975308642,10.91,-2.1,2026-01-28 19:00:00+00:00,18.0,2026-01-28 22:00:00,2026-01-29T00:00:00+05:00,ae9c9939fa6bd5a24cc0a42bd1bcee786e2ca71e673f47ae871acb8e21bd607a,gfs_seamless,False,0.8883333333333333,10.283333333333333,2.631666666666667,0.051787532300795025
turbine_1,2026-01-29 14:00:00+00:00,24,0.9787939908864838,0.9787939908864838,False,False,0.9380381944444444,11.4,-2.3,2026-01-28 19:00:00+00:00,19.0,2026-01-28 22:00:00,2026-01-29T00:00:00+05:00,ae9c9939fa6bd5a24cc0a42bd1bcee786e2ca71e673f47ae871acb8e21bd607a,gfs_seamless,False,0.9116666666666666,10.553333333333333,2.236666666666667,0.06712732421981715
turbine_1,2026-01-29 15:00:00+00:00,24,0.9835435804031653,0.9835435804031653,False,False,0.9380381944444444,11.45,-2.3,2026-01-28 19:00:00+00:00,20.0,2026-01-28 22:00:00,2026-01-29T00:00:00+05:00,ae9c9939fa6bd5a24cc0a42bd1bcee786e2ca71e673f47ae871acb8e21bd607a,gfs_seamless,False,0.9816666666666666,11.225,2.0500000000000003,0.0018769137364986754
turbine_1,2026-01-29 16:00:00+00:00,24,0.9928249916887457,0.9928249916887457,False,False,0.9761353467561521,13.02,-2.6,2026-01-28 19:00:00+00:00,21.0,2026-01-28 22:00:00,2026-01-29T00:00:00+05:00,ae9c9939fa6bd5a24cc0a42bd1bcee786e2ca71e673f47ae871acb8e21bd607a,gfs_seamless,False,0.9899999999999999,12.216666666666667,1.2433333333333334,0.002824991688745837
turbine_1,2026-01-29 17:00:00+00:00,24,0.9906551924533069,0.9906551924533069,False,False,0.9673371212121211,12.92,-2.8,2026-01-28 19:00:00+00:00,22.0,2026-01-28 22:00:00,2026-01-29T00:00:00+05:00,ae9c9939fa6bd5a24cc0a42bd1bcee786e2ca71e673f47ae871acb8e21bd607a,gfs_seamless,False,0.9899999999999999,12.343333333333334,0.8366666666666668,0.0006551924533070297
turbine_1,2026-01-29 18:00:00+00:00,24,0.9936968350551402,0.9936968350551402,False,False,0.9761353467561521,13.21,-3.5,2026-01-28 19:00:00+00:00,23.0,2026-01-28 22:00:00,2026-01-29T00:00:00+05:00,ae9c9939fa6bd5a24cc0a42bd1bcee786e2ca71e673f47ae871acb8e21bd607a,gfs_seamless,False,0.9899999999999999,12.038333333333334,0.5566666666666666,0.0036968350551402906
turbine_1,2026-01-29 19:00:00+00:00,24,0.9821889487058949,0.9821889487058949,False,False,0.9761353467561521,13.11,-3.7,2026-01-28 19:00:00+00:00,24.0,2026-01-28 22:00:00,2026-01-29T00:00:00+05:00,ae9c9939fa6bd5a24cc0a42bd1bcee786e2ca71e673f47ae871acb8e21bd607a,gfs_seamless,False,0.8466666666666667,10.046666666666667,0.25833333333333336,0.13552228203922823
turbine_1,2026-01-29 20:00:00+00:00,48,0.9907529179150163,0.9907529179150163,False,False,0.9581681957186543,12.23,-3.8,2026-01-28 19:00:00+00:00,25.0,2026-01-28 22:00:00,2026-01-29T00:00:00+05:00,ae9c9939fa6bd5a24cc0a42bd1bcee786e2ca71e673f47ae871acb8e21bd607a,gfs_seamless,False,0.6749999999999999,8.726666666666667,0.03666666666666666,0.31575291791501636
turbine_1,2026-01-29 21:00:00+00:00,48,0.9911057637084134,0.9911057637084134,False,False,0.9673371212121211,12.85,-3.8,2026-01-28 19:00:00+00:00,26.0,2026-01-28 22:00:00,2026-01-29T00:00:00+05:00,ae9c9939fa6bd5a24cc0a42bd1bcee786e2ca71e673f47ae871acb8e21bd607a,gfs_seamless,False,0.6966666666666667,8.841666666666667,-0.28,0.29443909704174676
turbine_1,2026-01-29 22:00:00+00:00,48,0.958656055167158,0.958656055167158,False,False,0.9673371212121211,12.63,-4.0,2026-01-28 19:00:00+00:00,27.0,2026-01-28 22:00:00,2026-01-29T00:00:00+05:00,ae9c9939fa6bd5a24cc0a42bd1bcee786e2ca71e673f47ae871acb8e21bd607a,gfs_seamless,False,0.4666666666666666,7.726666666666667,-0.7733333333333333,0.4919893885004914
turbine_1,2026-01-29 23:00:00+00:00,48,0.9898408813442915,0.9898408813442915,False,False,0.9661001642036123,13.56,-4.1,2026-01-28 19:00:00+00:00,28.0,2026-01-28 22:00:00,2026-01-29T00:00:00+05:00,ae9c9939fa6bd5a24cc0a42bd1bcee786e2ca71e673f47ae871acb8e21bd607a,gfs_seamless,False,0.40166666666666667,7.323333333333333,-1.29,0.5881742146776248
turbine_1,2026-01-30 00:00:00+00:00,48,0.9773196677478648,0.9773196677478648,False,False,0.9581681957186543,12.13,-3.8,2026-01-28 19:00:00+00:00,29.0,2026-01-28 22:00:00,2026-01-29T00:00:00+05:00,ae9c9939fa6bd5a24cc0a42bd1bcee786e2ca71e673f47ae871acb8e21bd607a,gfs_seamless,False,0.7016666666666667,8.89,-1.1733333333333333,0.27565300108119817
turbine_1,2026-01-30 01:00:00+00:00,48,0.9939855743884747,0.9939855743884747,False,False,0.9673371212121211,12.79,-3.9,2026-01-28 19:00:00+00:00,30.0,2026-01-28 22:00:00,2026-01-29T00:00:00+05:00,ae9c9939fa6bd5a24cc0a42bd1bcee786e2ca71e673f47ae871acb8e21bd607a,gfs_seamless,False,0.7133333333333334,9.02,-1.335,0.2806522410551413
turbine_1,2026-01-30 02:00:00+00:00,48,0.9880097644197008,0.9880097644197008,False,False,0.9661001642036123,13.69,-4.0,2026-01-28 19:00:00+00:00,31.0,2026-01-28 22:00:00,2026-01-29T00:00:00+05:00,ae9c9939fa6bd5a24cc0a42bd1bcee786e2ca71e673f47ae871acb8e21bd607a,gfs_seamless,False,0.5516666666666666,7.881666666666667,-1.5416666666666667,0.43634309775303415
turbine_1,2026-01-30 03:00:00+00:00,48,0.9893852897800383,0.9893852897800383,False,False,0.9672885572139301,14.0,-3.6,2026-01-28 19:00:00+00:00,32.0,2026-01-28 22:00:00,2026-01-29T00:00:00+05:00,ae9c9939fa6bd5a24cc0a42bd1bcee786e2ca71e673f47ae871acb8e21bd607a,gfs_seamless,False,0.5716666666666667,8.131666666666666,-1.6666666666666667,0.4177186231133716
turbine_1,2026-01-30 04:00:00+00:00,48,0.9674582553148853,0.9674582553148853,False,False,0.9661001642036123,13.77,-1.9,2026-01-28 19:00:00+00:00,33.0,2026-01-28 22:00:00,2026-01-29T00:00:00+05:00,ae9c9939fa6bd5a24cc0a42bd1bcee786e2ca71e673f47ae871acb8e21bd607a,gfs_seamless,False,0.7983333333333333,9.643333333333333,-1.19,0.16912492198155193
turbine_1,2026-01-30 05:00:00+00:00,48,0.9462875897905174,0.9462875897905174,False,False,0.9618518518518518,14.81,-0.4,2026-01-28 19:00:00+00:00,34.0,2026-01-28 22:00:00,2026-01-29T00:00:00+05:00,ae9c9939fa6bd5a24cc0a42bd1bcee786e2ca71e673f47ae871acb8e21bd607a,gfs_seamless,False,0.9416666666666668,10.716666666666667,-0.5933333333333334,0.004620923123850651
turbine_1,2026-01-30 06:00:00+00:00,48,0.9837038091914848,0.9837038091914848,False,False,0.9891975308641974,15.95,0.4,2026-01-28 19:00:00+00:00,35.0,2026-01-28 22:00:00,2026-01-29T00:00:00+05:00,ae9c9939fa6bd5a24cc0a42bd1bcee786e2ca71e673f47ae871acb8e21bd607a,gfs_seamless,False,0.96,11.553333333333333,0.6366666666666667,0.023703809191484848
turbine_1,2026-01-30 07:00:00+00:00,48,0.987698483570906,0.987698483570906,False,False,0.9894999999999999,16.61,1.5,2026-01-28 19:00:00+00:00,36.0,2026-01-28 22:00:00,2026-01-29T00:00:00+05:00,ae9c9939fa6bd5a24cc0a42bd1bcee786e2ca71e673f47ae871acb8e21bd607a,gfs_seamless,False,0.975,11.766666666666666,1.8766666666666667,0.012698483570905972
turbine_1,2026-01-30 08:00:00+00:00,48,0.9814083982548234,0.9814083982548234,False,False,0.9515384615384614,16.48,2.4,2026-01-28 19:00:00+00:00,37.0,2026-01-28 22:00:00,2026-01-29T00:00:00+05:00,ae9c9939fa6bd5a24cc0a42bd1bcee786e2ca71e673f47ae871acb8e21bd607a,gfs_seamless,False,0.9833333333333334,12.433333333333332,3.0666666666666664,0.0019249350785099928
turbine_1,2026-01-30 09:00:00+00:00,48,0.9821043598960827,0.9821043598960827,False,False,0.9515384615384614,16.06,2.8,2026-01-28 19:00:00+00:00,38.0,2026-01-28 22:00:00,2026-01-29T00:00:00+05:00,ae9c9939fa6bd5a24cc0a42bd1bcee786e2ca71e673f47ae871acb8e21bd607a,gfs_seamless,False,0.945,11.431666666666667,4.58,0.03710435989608274
turbine_1,2026-01-30 10:00:00+00:00,48,0.9850696735524331,0.9850696735524331,False,False,0.9650781249999999,15.1,2.4,2026-01-28 19:00:00+00:00,39.0,2026-01-28 22:00:00,2026-01-29T00:00:00+05:00,ae9c9939fa6bd5a24cc0a42bd1bcee786e2ca71e673f47ae871acb8e21bd607a,gfs_seamless,False,0.9633333333333334,11.25,5.576666666666667,0.02173634021909976
turbine_1,2026-01-30 11:00:00+00:00,48,0.9941128813476892,0.9941128813476892,False,False,0.9672885572139301,14.02,1.1,2026-01-28 19:00:00+00:00,40.0,2026-01-28 22:00:00,2026-01-29T00:00:00+05:00,ae9c9939fa6bd5a24cc0a42bd1bcee786e2ca71e673f47ae871acb8e21bd607a,gfs_seamless,False,0.93,11.008333333333333,5.508333333333333,0.06411288134768911
turbine_1,2026-01-30 12:00:00+00:00,48,0.9481852562770706,0.9481852562770706,False,False,0.9761353467561521,13.38,-0.8,2026-01-28 19:00:00+00:00,41.0,2026-01-28 22:00:00,2026-01-29T00:00:00+05:00,ae9c9939fa6bd5a24cc0a42bd1bcee786e2ca71e673f47ae871acb8e21bd607a,gfs_seamless,False,0.9616666666666666,11.281666666666666,4.286666666666666,0.013481410389595938
turbine_1,2026-01-30 13:00:00+00:00,48,0.9824189062064775,0.9824189062064775,False,False,0.9673371212121211,12.87,-1.5,2026-01-28 19:00:00+00:00,42.0,2026-01-28 22:00:00,2026-01-29T00:00:00+05:00,ae9c9939fa6bd5a24cc0a42bd1bcee786e2ca71e673f47ae871acb8e21bd607a,gfs_seamless,False,0.7466666666666667,9.478333333333333,3.0883333333333334,0.23575223953981084
turbine_1,2026-01-30 14:00:00+00:00,48,0.955018219365569,0.955018219365569,False,False,0.9673371212121211,12.62,-1.8,2026-01-28 19:00:00+00:00,43.0,2026-01-28 22:00:00,2026-01-29T00:00:00+05:00,ae9c9939fa6bd5a24cc0a42bd1bcee786e2ca71e673f47ae871acb8e21bd607a,gfs_seamless,False,0.75,9.25,2.1766666666666667,0.20501821936556897
turbine_1,2026-01-30 15:00:00+00:00,48,0.9701907493915133,0.9701907493915133,False,False,0.9380381944444444,11.24,-2.0,2026-01-28 19:00:00+00:00,44.0,2026-01-28 22:00:00,2026-01-29T00:00:00+05:00,ae9c9939fa6bd5a24cc0a42bd1bcee786e2ca71e673f47ae871acb8e21bd607a,gfs_seamless,False,0.5399999999999999,8.048333333333334,1.7933333333333332,0.43019074939151336
turbine_1,2026-01-30 16:00:00+00:00,48,0.9700576852208097,0.9700576852208097,False,False,0.9380381944444444,11.14,-2.0,2026-01-28 19:00:00+00:00,45.0,2026-01-28 22:00:00,2026-01-29T00:00:00+05:00,ae9c9939fa6bd5a24cc0a42bd1bcee786e2ca71e673f47ae871acb8e21bd607a,gfs_seamless,False,0.46166666666666667,7.3933333333333335,0.4816666666666667,0.508391018554143
turbine_1,2026-01-30 17:00:00+00:00,48,0.9835435804031653,0.9835435804031653,False,False,0.9603328741965105,11.64,-2.3,2026-01-28 19:00:00+00:00,46.0,2026-01-28 22:00:00,2026-01-29T00:00:00+05:00,ae9c9939fa6bd5a24cc0a42bd1bcee786e2ca71e673f47ae871acb8e21bd607a,gfs_seamless,False,0.29,6.62,-0.7516666666666666,0.6935435804031653
turbine_1,2026-01-30 18:00:00+00:00,48,0.987631119986663,0.987631119986663,False,False,0.9603328741965105,11.99,-3.0,2026-01-28 19:00:00+00:00,47.0,2026-01-28 22:00:00,2026-01-29T00:00:00+05:00,ae9c9939fa6bd5a24cc0a42bd1bcee786e2ca71e673f47ae871acb8e21bd607a,gfs_seamless,False,0.155,5.596666666666667,-1.3866666666666667,0.832631119986663
turbine_1,2026-01-30 19:00:00+00:00,48,0.9805512957272867,0.9805512957272867,False,False,0.9581681957186543,12.31,-3.2,2026-01-28 19:00:00+00:00,48.0,2026-01-28 22:00:00,2026-01-29T00:00:00+05:00,ae9c9939fa6bd5a24cc0a42bd1bcee786e2ca71e673f47ae871acb8e21bd607a,gfs_seamless,False,0.13833333333333334,5.5633333333333335,-1.4933333333333334,0.8422179623939534
turbine_2,2026-01-28 20:00:00+00:00,24,0.635374386557199,0.635374386557199,False,False,0.6160672905525847,8.9,-4.7,2026-01-28 19:00:00+00:00,1.0,2026-01-28 22:00:00,2026-01-29T00:00:00+05:00,7989ec0ac92fafa383a10b822c1a1329e46ecc15b7b9b0728faca9c1350b6608,gfs_seamless,False,0.14,5.698333333333333,-2.361666666666667,0.495374386557199
turbine_2,2026-01-28 21:00:00+00:00,24,0.4998215857723455,0.4998215857723455,False,False,0.5334887525562373,8.1,-4.8,2026-01-28 19:00:00+00:00,2.0,2026-01-28 22:00:00,2026-01-29T00:00:00+05:00,7989ec0ac92fafa383a10b822c1a1329e46ecc15b7b9b0728faca9c1350b6608,gfs_seamless,False,0.19499999999999998,6.260000000000001,-1.335,0.3048215857723455
turbine_2,2026-01-28 22:00:00+00:00,24,0.562734883511404,0.562734883511404,False,False,0.5334887525562373,8.41,-5.0,2026-01-28 19:00:00+00:00,3.0,2026-01-28 22:00:00,2026-01-29T00:00:00+05:00,7989ec0ac92fafa383a10b822c1a1329e46ecc15b7b9b0728faca9c1350b6608,gfs_seamless,False,0.20833333333333334,6.138333333333333,-1.1166666666666667,0.3544015501780706
turbine_2,2026-01-28 23:00:00+00:00,24,0.46040286688457105,0.46040286688457105,False,False,0.5334887525562373,8.08,-5.3,2026-01-28 19:00:00+00:00,4.0,2026-01-28 22:00:00,2026-01-29T00:00:00+05:00,7989ec0ac92fafa383a10b822c1a1329e46ecc15b7b9b0728faca9c1350b6608,gfs_seamless,False,0.15666666666666665,5.84,-1.8816666666666666,0.3037362002179044
turbine_2,2026-01-29 00:00:00+00:00,24,0.30143576836518915,0.30143576836518915,False,False,0.38721435316336167,7.16,-5.5,2026-01-28 19:00:00+00:00,5.0,2026-01-28 22:00:00,2026-01-29T00:00:00+05:00,7989ec0ac92fafa383a10b822c1a1329e46ecc15b7b9b0728faca9c1350b6608,gfs_seamless,False,0.03,3.685,-2.811666666666667,0.2714357683651891
turbine_2,2026-01-29 01:00:00+00:00,24,0.3727659554487207,0.3727659554487207,False,False,0.38721435316336167,7.42,-5.5,2026-01-28 19:00:00+00:00,6.0,2026-01-28 22:00:00,2026-01-29T00:00:00+05:00,7989ec0ac92fafa383a10b822c1a1329e46ecc15b7b9b0728faca9c1350b6608,gfs_seamless,False,0.01,3.078333333333333,-2.566666666666667,0.3627659554487207
turbine_2,2026-01-29 02:00:00+00:00,24,0.48755650616950447,0.48755650616950447,False,False,0.5334887525562373,8.24,-5.6,2026-01-28 19:00:00+00:00,7.0,2026-01-28 22:00:00,2026-01-29T00:00:00+05:00,7989ec0ac92fafa383a10b822c1a1329e46ecc15b7b9b0728faca9c1350b6608,gfs_seamless,False,0.011666666666666667,2.435,-2.188333333333333,0.4758898395028378
turbine_2,2026-01-29 03:00:00+00:00,24,0.4998215857723455,0.4998215857723455,False,False,0.5334887525562373,8.07,-4.7,2026-01-28 19:00:00+00:00,8.0,2026-01-28 22:00:00,2026-01-29T00:00:00+05:00,7989ec0ac92fafa383a10b822c1a1329e46ecc15b7b9b0728faca9c1350b6608,gfs_seamless,False,0.01,1.5633333333333332,-2.735,0.48982158577234547
turbine_2,2026-01-29 04:00:00+00:00,24,0.5180998692365838,0.5180998692365838,False,False,0.5334887525562373,8.19,-2.5,2026-01-28 19:00:00+00:00,9.0,2026-01-28 22:00:00,2026-01-29T00:00:00+05:00,7989ec0ac92fafa383a10b822c1a1329e46ecc15b7b9b0728faca9c1350b6608,gfs_seamless,False,0.02,3.775,-1.4183333333333332,0.4980998692365838
turbine_2,2026-01-29 05:00:00+00:00,24,0.5649572981529692,0.5649572981529692,False,False,0.5334887525562373,8.36,-0.4,2026-01-28 19:00:00+00:00,10.0,2026-01-28 22:00:00,2026-01-29T00:00:00+05:00,7989ec0ac92fafa383a10b822c1a1329e46ecc15b7b9b0728faca9c1350b6608,gfs_seamless,False,0.04,4.233333333333333,-0.22833333333333336,0.5249572981529692
turbine_2,2026-01-29 06:00:00+00:00,24,0.7261018888297249,0.7261018888297249,False,False,0.6740469483568075,9.38,0.1,2026-01-28 19:00:00+00:00,11.0,2026-01-28 22:00:00,2026-01-29T00:00:00+05:00,7989ec0ac92fafa383a10b822c1a1329e46ecc15b7b9b0728faca9c1350b6608,gfs_seamless,False,0.011666666666666667,2.686666666666667,1.155,0.7144352221630582
turbine_2,2026-01-29 07:00:00+00:00,24,0.8011927441054989,0.8011927441054989,False,False,0.7533284742468416,9.84,1.0,2026-01-28 19:00:00+00:00,12.0,2026-01-28 22:00:00,2026-01-29T00:00:00+05:00,7989ec0ac92fafa383a10b822c1a1329e46ecc15b7b9b0728faca9c1350b6608,gfs_seamless,False,0.20166666666666666,4.823333333333333,2.8716666666666666,0.5995260774388322
turbine_2,2026-01-29 08:00:00+00:00,24,0.8544057844648526,0.8544057844648526,False,False,0.823686936936937,10.25,1.5,2026-01-28 19:00:00+00:00,13.0,2026-01-28 22:00:00,2026-01-29T00:00:00+05:00,7989ec0ac92fafa383a10b822c1a1329e46ecc15b7b9b0728faca9c1350b6608,gfs_seamless,False,0.725,9.346666666666666,3.8049999999999997,0.12940578446485262
turbine_2,2026-01-29 09:00:00+00:00,24,0.8373543432639102,0.8373543432639102,False,False,0.823686936936937,10.16,1.8,2026-01-28 19:00:00+00:00,14.0,2026-01-28 22:00:00,2026-01-29T00:00:00+05:00,7989ec0ac92fafa383a10b822c1a1329e46ecc15b7b9b0728faca9c1350b6608,gfs_seamless,False,0.8516666666666667,10.185,4.45,0.014312323402756455
turbine_2,2026-01-29 10:00:00+00:00,24,0.8819262186384931,0.8819262186384931,False,False,0.823686936936937,10.43,1.6,2026-01-28 19:00:00+00:00,15.0,2026-01-28 22:00:00,2026-01-29T00:00:00+05:00,7989ec0ac92fafa383a10b822c1a1329e46ecc15b7b9b0728faca9c1350b6608,gfs_seamless,False,0.8766666666666666,10.28,4.715,0.005259551971826482
turbine_2,2026-01-29 11:00:00+00:00,24,0.9333467538091162,0.9333467538091162,False,False,0.8841280487804878,10.83,0.5,2026-01-28 19:00:00+00:00,16.0,2026-01-28 22:00:00,2026-01-29T00:00:00+05:00,7989ec0ac92fafa383a10b822c1a1329e46ecc15b7b9b0728faca9c1350b6608,gfs_seamless,False,0.9616666666666666,11.01,4.386666666666667,0.02831991285755031
turbine_2,2026-01-29 12:00:00+00:00,24,0.940953272842613,0.940953272842613,False,False,0.8841280487804878,10.99,-1.3,2026-01-28 19:00:00+00:00,17.0,2026-01-28 22:00:00,2026-01-29T00:00:00+05:00,7989ec0ac92fafa383a10b822c1a1329e46ecc15b7b9b0728faca9c1350b6608,gfs_seamless,False,0.9700000000000001,10.94,3.595,0.029046727157387098
turbine_2,2026-01-29 13:00:00+00:00,24,0.9256413154237949,0.9256413154237949,False,False,0.8841280487804878,10.91,-2.1,2026-01-28 19:00:00+00:00,18.0,2026-01-28 22:00:00,2026-01-29T00:00:00+05:00,7989ec0ac92fafa383a10b822c1a1329e46ecc15b7b9b0728faca9c1350b6608,gfs_seamless,False,0.9183333333333333,10.563333333333334,2.9433333333333334,0.007307982090461573
turbine_2,2026-01-29 14:00:00+00:00,24,0.9480755719832348,0.9480755719832348,False,False,0.9255753739930955,11.4,-2.3,2026-01-28 19:00:00+00:00,19.0,2026-01-28 22:00:00,2026-01-29T00:00:00+05:00,7989ec0ac92fafa383a10b822c1a1329e46ecc15b7b9b0728faca9c1350b6608,gfs_seamless,False,0.9333333333333332,10.853333333333333,2.4899999999999998,0.01474223864990154
turbine_2,2026-01-29 15:00:00+00:00,24,0.9490682661604891,0.9490682661604891,False,False,0.9255753739930955,11.45,-2.3,2026-01-28 19:00:00+00:00,20.0,2026-01-28 22:00:00,2026-01-29T00:00:00+05:00,7989ec0ac92fafa383a10b822c1a1329e46ecc15b7b9b0728faca9c1350b6608,gfs_seamless,False,0.9833333333333334,11.108333333333334,2.2516666666666665,0.03426506717284428
turbine_2,2026-01-29 16:00:00+00:00,24,0.9815785981498404,0.9815785981498404,False,False,0.9700600600600602,13.02,-2.6,2026-01-28 19:00:00+00:00,21.0,2026-01-28 22:00:00,2026-01-29T00:00:00+05:00,7989ec0ac92fafa383a10b822c1a1329e46ecc15b7b9b0728faca9c1350b6608,gfs_seamless,False,0.9899999999999999,12.555,1.3833333333333335,0.008421401850159493
turbine_2,2026-01-29 17:00:00+00:00,24,0.9815785981498404,0.9815785981498404,False,False,0.9631781376518219,12.92,-2.8,2026-01-28 19:00:00+00:00,22.0,2026-01-28 22:00:00,2026-01-29T00:00:00+05:00,7989ec0ac92fafa383a10b822c1a1329e46ecc15b7b9b0728faca9c1350b6608,gfs_seamless,False,0.9899999999999999,12.549999999999999,0.8783333333333333,0.008421401850159493
turbine_2,2026-01-29 18:00:00+00:00,24,0.9893565862986922,0.9893565862986922,False,False,0.9700600600600602,13.21,-3.5,2026-01-28 19:00:00+00:00,23.0,2026-01-28 22:00:00,2026-01-29T00:00:00+05:00,7989ec0ac92fafa383a10b822c1a1329e46ecc15b7b9b0728faca9c1350b6608,gfs_seamless,False,0.9899999999999999,11.961666666666666,0.7733333333333333,0.0006434137013077157
turbine_2,2026-01-29 19:00:00+00:00,24,0.9934155228016278,0.9934155228016278,False,False,0.9700600600600602,13.11,-3.7,2026-01-28 19:00:00+00:00,24.0,2026-01-28 22:00:00,2026-01-29T00:00:00+05:00,7989ec0ac92fafa383a10b822c1a1329e46ecc15b7b9b0728faca9c1350b6608,gfs_seamless,False,0.8383333333333334,10.058333333333334,0.515,0.15508218946829444
turbine_2,2026-01-29 20:00:00+00:00,48,0.9796237402358619,0.9796237402358619,False,False,0.9573793299261784,12.23,-3.8,2026-01-28 19:00:00+00:00,25.0,2026-01-28 22:00:00,2026-01-29T00:00:00+05:00,7989ec0ac92fafa383a10b822c1a1329e46ecc15b7b9b0728faca9c1350b6608,gfs_seamless,False,0.6833333333333332,8.998333333333333,0.25333333333333335,0.2962904069025286
turbine_2,2026-01-29 21:00:00+00:00,48,0.9925632671319441,0.9925632671319441,False,False,0.9631781376518219,12.85,-3.8,2026-01-28 19:00:00+00:00,26.0,2026-01-28 22:00:00,2026-01-29T00:00:00+05:00,7989ec0ac92fafa383a10b822c1a1329e46ecc15b7b9b0728faca9c1350b6608,gfs_seamless,False,0.665,8.856666666666667,-0.06666666666666667,0.32756326713194406
turbine_2,2026-01-29 22:00:00+00:00,48,0.9742223062227745,0.9742223062227745,False,False,0.9631781376518219,12.63,-4.0,2026-01-28 19:00:00+00:00,27.0,2026-01-28 22:00:00,2026-01-29T00:00:00+05:00,7989ec0ac92fafa383a10b822c1a1329e46ecc15b7b9b0728faca9c1350b6608,gfs_seamless,False,0.5016666666666666,8.158333333333333,-0.735,0.4725556395561079
turbine_2,2026-01-29 23:00:00+00:00,48,0.9858679077201644,0.9858679077201644,False,False,0.9598799435028249,13.56,-4.1,2026-01-28 19:00:00+00:00,28.0,2026-01-28 22:00:00,2026-01-29T00:00:00+05:00,7989ec0ac92fafa383a10b822c1a1329e46ecc15b7b9b0728faca9c1350b6608,gfs_seamless,False,0.4166666666666667,7.449999999999999,-1.3166666666666667,0.5692012410534977
turbine_2,2026-01-30 00:00:00+00:00,48,0.9413577758107786,0.9413577758107786,False,False,0.9573793299261784,12.13,-3.8,2026-01-28 19:00:00+00:00,29.0,2026-01-28 22:00:00,2026-01-29T00:00:00+05:00,7989ec0ac92fafa383a10b822c1a1329e46ecc15b7b9b0728faca9c1350b6608,gfs_seamless,False,0.7599999999999999,9.276666666666666,-1.14,0.18135777581077872
turbine_2,2026-01-30 01:00:00+00:00,48,0.9869889359444882,0.9869889359444882,False,False,0.9631781376518219,12.79,-3.9,2026-01-28 19:00:00+00:00,30.0,2026-01-28 22:00:00,2026-01-29T00:00:00+05:00,7989ec0ac92fafa383a10b822c1a1329e46ecc15b7b9b0728faca9c1350b6608,gfs_seamless,False,0.685,9.02,-1.1616666666666668,0.30198893594448817
turbine_2,2026-01-30 02:00:00+00:00,48,0.9845100120797238,0.9845100120797238,False,False,0.9598799435028249,13.69,-4.0,2026-01-28 19:00:00+00:00,31.0,2026-01-28 22:00:00,2026-01-29T00:00:00+05:00,7989ec0ac92fafa383a10b822c1a1329e46ecc15b7b9b0728faca9c1350b6608,gfs_seamless,False,0.49500000000000005,7.645,-1.5633333333333335,0.4895100120797237
turbine_2,2026-01-30 03:00:00+00:00,48,0.9684847350891905,0.9684847350891905,False,False,0.9603782505910166,14.0,-3.6,2026-01-28 19:00:00+00:00,32.0,2026-01-28 22:00:00,2026-01-29T00:00:00+05:00,7989ec0ac92fafa383a10b822c1a1329e46ecc15b7b9b0728faca9c1350b6608,gfs_seamless,False,0.5233333333333333,8.061666666666667,-1.4783333333333335,0.4451514017558572
turbine_2,2026-01-30 04:00:00+00:00,48,0.9574413672497479,0.9574413672497479,False,False,0.9598799435028249,13.77,-1.9,2026-01-28 19:00:00+00:00,33.0,2026-01-28 22:00:00,2026-01-29T00:00:00+05:00,7989ec0ac92fafa383a10b822c1a1329e46ecc15b7b9b0728faca9c1350b6608,gfs_seamless,False,0.7983333333333333,9.743333333333334,-1.2216666666666667,0.1591080339164146
turbine_2,2026-01-30 05:00:00+00:00,48,0.8548948830761554,0.8548948830761554,False,False,0.962514880952381,14.81,-0.4,2026-01-28 19:00:00+00:00,34.0,2026-01-28 22:00:00,2026-01-29T00:00:00+05:00,7989ec0ac92fafa383a10b822c1a1329e46ecc15b7b9b0728faca9c1350b6608,gfs_seamless,False,0.9466666666666667,10.961666666666666,-0.42166666666666663,0.0917717835905113
turbine_2,2026-01-30 06:00:00+00:00,48,0.914292573171983,0.914292573171983,False,False,0.9347222222222222,15.95,0.4,2026-01-28 19:00:00+00:00,35.0,2026-01-28 22:00:00,2026-01-29T00:00:00+05:00,7989ec0ac92fafa383a10b822c1a1329e46ecc15b7b9b0728faca9c1350b6608,gfs_seamless,False,0.9716666666666667,11.950000000000001,0.6866666666666666,0.0573740934946837
turbine_2,2026-01-30 07:00:00+00:00,48,0.9130416363524216,0.9130416363524216,False,False,0.972962962962963,16.61,1.5,2026-01-28 19:00:00+00:00,36.0,2026-01-28 22:00:00,2026-01-29T00:00:00+05:00,7989ec0ac92fafa383a10b822c1a1329e46ecc15b7b9b0728faca9c1350b6608,gfs_seamless,False,0.9766666666666666,12.081666666666665,1.9816666666666667,0.06362503031424493
turbine_2,2026-01-30 08:00:00+00:00,48,0.9421049161448497,0.9421049161448497,False,False,0.9726666666666667,16.48,2.4,2026-01-28 19:00:00+00:00,37.0,2026-01-28 22:00:00,2026-01-29T00:00:00+05:00,7989ec0ac92fafa383a10b822c1a1329e46ecc15b7b9b0728faca9c1350b6608,gfs_seamless,False,0.985,12.506666666666668,3.1283333333333334,0.042895083855150284
turbine_2,2026-01-30 09:00:00+00:00,48,0.9488544777503123,0.9488544777503123,False,False,0.9726666666666667,16.06,2.8,2026-01-28 19:00:00+00:00,38.0,2026-01-28 22:00:00,2026-01-29T00:00:00+05:00,7989ec0ac92fafa383a10b822c1a1329e46ecc15b7b9b0728faca9c1350b6608,gfs_seamless,False,0.9733333333333333,11.816666666666665,4.69,0.024478855583020986
turbine_2,2026-01-30 10:00:00+00:00,48,0.9412757217912551,0.9412757217912551,False,False,0.9496153846153847,15.1,2.4,2026-01-28 19:00:00+00:00,39.0,2026-01-28 22:00:00,2026-01-29T00:00:00+05:00,7989ec0ac92fafa383a10b822c1a1329e46ecc15b7b9b0728faca9c1350b6608,gfs_seamless,False,0.9666666666666667,11.508333333333333,5.71,0.025390944875411603
turbine_2,2026-01-30 11:00:00+00:00,48,1.0032156256521259,0.995,True,False,0.9603782505910166,14.02,1.1,2026-01-28 19:00:00+00:00,40.0,2026-01-28 22:00:00,2026-01-29T00:00:00+05:00,7989ec0ac92fafa383a10b822c1a1329e46ecc15b7b9b0728faca9c1350b6608,gfs_seamless,False,0.9683333333333333,11.703333333333333,5.551666666666667,0.026666666666666727
turbine_2,2026-01-30 12:00:00+00:00,48,0.9454221524696234,0.9454221524696234,False,False,0.9700600600600602,13.38,-0.8,2026-01-28 19:00:00+00:00,41.0,2026-01-28 22:00:00,2026-01-29T00:00:00+05:00,7989ec0ac92fafa383a10b822c1a1329e46ecc15b7b9b0728faca9c1350b6608,gfs_seamless,False,0.985,11.530000000000001,4.435,0.03957784753037663
turbine_2,2026-01-30 13:00:00+00:00,48,0.9691261696752236,0.9691261696752236,False,False,0.9631781376518219,12.87,-1.5,2026-01-28 19:00:00+00:00,42.0,2026-01-28 22:00:00,2026-01-29T00:00:00+05:00,7989ec0ac92fafa383a10b822c1a1329e46ecc15b7b9b0728faca9c1350b6608,gfs_seamless,False,0.7883333333333334,9.891666666666667,3.315,0.18079283634189014
turbine_2,2026-01-30 14:00:00+00:00,48,0.971175798238016,0.971175798238016,False,False,0.9631781376518219,12.62,-1.8,2026-01-28 19:00:00+00:00,43.0,2026-01-28 22:00:00,2026-01-29T00:00:00+05:00,7989ec0ac92fafa383a10b822c1a1329e46ecc15b7b9b0728faca9c1350b6608,gfs_seamless,False,0.82,9.87,2.4116666666666666,0.15117579823801608
turbine_2,2026-01-30 15:00:00+00:00,48,0.934222460700804,0.934222460700804,False,False,0.9255753739930955,11.24,-2.0,2026-01-28 19:00:00+00:00,44.0,2026-01-28 22:00:00,2026-01-29T00:00:00+05:00,7989ec0ac92fafa383a10b822c1a1329e46ecc15b7b9b0728faca9c1350b6608,gfs_seamless,False,0.6033333333333334,8.536666666666667,2.0966666666666667,0.33088912736747056
turbine_2,2026-01-30 16:00:00+00:00,48,0.9274249518950055,0.9274249518950055,False,False,0.9255753739930955,11.14,-2.0,2026-01-28 19:00:00+00:00,45.0,2026-01-28 22:00:00,2026-01-29T00:00:00+05:00,7989ec0ac92fafa383a10b822c1a1329e46ecc15b7b9b0728faca9c1350b6608,gfs_seamless,False,0.5783333333333333,8.205,0.9666666666666667,0.34909161856167226
turbine_2,2026-01-30 17:00:00+00:00,48,0.9626701461055365,0.9626701461055365,False,False,0.9516279069767442,11.64,-2.3,2026-01-28 19:00:00+00:00,46.0,2026-01-28 22:00:00,2026-01-29T00:00:00+05:00,7989ec0ac92fafa383a10b822c1a1329e46ecc15b7b9b0728faca9c1350b6608,gfs_seamless,False,0.26333333333333336,6.493333333333333,-0.6216666666666667,0.699336812772203
turbine_2,2026-01-30 18:00:00+00:00,48,0.9682949328596427,0.9682949328596427,False,False,0.9516279069767442,11.99,-3.0,2026-01-28 19:00:00+00:00,47.0,2026-01-28 22:00:00,2026-01-29T00:00:00+05:00,7989ec0ac92fafa383a10b822c1a1329e46ecc15b7b9b0728faca9c1350b6608,gfs_seamless,False,0.145,5.523333333333333,-1.4749999999999999,0.8232949328596427
turbine_2,2026-01-30 19:00:00+00:00,48,0.9810709166982727,0.9810709166982727,False,False,0.9573793299261784,12.31,-3.2,2026-01-28 19:00:00+00:00,48.0,2026-01-28 22:00:00,2026-01-29T00:00:00+05:00,7989ec0ac92fafa383a10b822c1a1329e46ecc15b7b9b0728faca9c1350b6608,gfs_seamless,False,0.15333333333333335,5.6933333333333325,-1.3316666666666668,0.8277375833649394
