turbine_id,valid_time,wind_speed_10m_previous_day1,wind_speed_10m_previous_day2,wind_speed_100m_previous_day1,wind_speed_100m_previous_day2,temperature_2m_previous_day1,temperature_2m_previous_day2
turbine_1,2025-12-31 00:00:00+00:00,1.64,2.06,2.75,4.57,0.4,0.5
turbine_1,2025-12-31 01:00:00+00:00,1.93,1.57,2.2,3.93,0.7,1.0
turbine_1,2025-12-31 02:00:00+00:00,1.9,1.36,1.75,2.9,0.4,1.2
turbine_1,2025-12-31 03:00:00+00:00,1.6,1.14,1.1,2.62,2.0,1.4
turbine_1,2025-12-31 04:00:00+00:00,1.32,1.0,1.99,2.6,3.6,3.0
turbine_1,2025-12-31 05:00:00+00:00,1.33,1.36,3.61,3.31,4.4,4.1
turbine_1,2025-12-31 06:00:00+00:00,1.7,0.81,3.26,2.67,6.5,4.1
turbine_1,2025-12-31 07:00:00+00:00,3.33,0.82,5.48,3.21,6.3,4.5
turbine_1,2025-12-31 08:00:00+00:00,3.58,1.49,5.78,3.8,6.1,5.4
turbine_1,2025-12-31 09:00:00+00:00,4.13,1.57,6.02,3.98,6.2,5.5
turbine_1,2025-12-31 10:00:00+00:00,4.48,1.49,7.08,3.61,4.9,4.9
turbine_1,2025-12-31 11:00:00+00:00,3.93,2.01,8.13,3.81,3.7,3.1
turbine_1,2025-12-31 12:00:00+00:00,4.15,3.18,9.01,7.43,3.2,1.8
turbine_1,2025-12-31 13:00:00+00:00,4.05,3.45,9.18,7.95,3.1,1.8
turbine_1,2025-12-31 14:00:00+00:00,4.35,3.23,9.72,8.05,3.1,2.1
turbine_1,2025-12-31 15:00:00+00:00,3.67,2.91,8.81,7.56,2.2,1.7
turbine_1,2025-12-31 16:00:00+00:00,3.71,2.7,8.71,6.55,1.8,1.3
turbine_1,2025-12-31 17:00:00+00:00,3.01,1.6,8.27,5.09,1.4,1.0
turbine_1,2025-12-31 18:00:00+00:00,1.91,1.35,6.07,4.52,3.0,2.2
turbine_1,2025-12-31 19:00:00+00:00,0.51,1.46,3.92,3.83,2.5,2.5
turbine_1,2025-12-31 20:00:00+00:00,1.8,1.12,0.76,2.83,1.8,3.1
turbine_1,2025-12-31 21:00:00+00:00,2.48,2.28,0.98,1.3,1.6,3.5
turbine_1,2025-12-31 22:00:00+00:00,2.94,2.77,1.86,0.22,2.1,3.5
turbine_1,2025-12-31 23:00:00+00:00,3.71,3.16,3.26,1.32,2.7,3.0
turbine_1,2026-01-01 00:00:00+00:00,7.53,4.37,13.47,4.9,2.1,2.1
turbine_1,2026-01-01 01:00:00+00:00,7.21,6.31,12.82,9.49,1.6,1.8
turbine_1,2026-01-01 02:00:00+00:00,6.86,5.15,12.15,10.32,1.5,1.6
turbine_1,2026-01-01 03:00:00+00:00,6.13,4.84,11.06,9.27,1.2,1.5
turbine_1,2026-01-01 04:00:00+00:00,5.1,4.87,9.49,8.84,1.1,1.4
turbine_1,2026-01-01 05:00:00+00:00,5.1,4.3,8.3,8.05,1.4,1.5
turbine_1,2026-01-01 06:00:00+00:00,4.16,3.62,6.49,6.91,1.5,2.0
turbine_1,2026-01-01 07:00:00+00:00,2.91,3.29,4.74,5.95,1.9,2.1
turbine_1,2026-01-01 08:00:00+00:00,1.61,2.75,2.82,4.65,2.4,2.1
turbine_1,2026-01-01 09:00:00+00:00,0.5,1.58,0.67,3.1,2.5,2.1
turbine_1,2026-01-01 10:00:00+00:00,1.84,0.51,1.21,1.75,2.5,2.1
turbine_1,2026-01-01 11:00:00+00:00,3.25,0.81,3.31,0.81,2.0,2.2
turbine_1,2026-01-01 12:00:00+00:00,4.66,1.97,5.95,1.35,1.3,1.7
turbine_1,2026-01-01 13:00:00+00:00,5.06,2.55,7.69,2.58,1.0,1.1
turbine_1,2026-01-01 14:00:00+00:00,5.1,2.94,8.77,3.89,0.6,0.8
turbine_1,2026-01-01 15:00:00+00:00,4.92,3.36,9.39,4.65,0.6,1.2
turbine_1,2026-01-01 16:00:00+00:00,4.34,3.41,8.55,4.92,0.6,1.3
turbine_1,2026-01-01 17:00:00+00:00,4.02,3.06,8.39,4.84,0.4,1.1
turbine_1,2026-01-01 18:00:00+00:00,3.05,2.62,7.42,6.13,-0.1,-0.3
turbine_1,2026-01-01 19:00:00+00:00,2.69,2.75,7.11,5.83,-0.3,-0.5
turbine_1,2026-01-01 20:00:00+00:00,2.33,2.64,6.66,5.14,-0.4,-0.3
turbine_1,2026-01-01 21:00:00+00:00,2.34,2.98,6.44,5.2,-0.5,-0.3
turbine_1,2026-01-01 22:00:00+00:00,2.55,3.24,6.3,5.82,-0.8,-0.3
turbine_1,2026-01-01 23:00:00+00:00,2.62,3.47,6.5,6.4,-0.9,-0.5
turbine_1,2026-01-02 00:00:00+00:00,1.28,2.6,5.59,5.72,-1.1,-0.6
turbine_1,2026-01-02 01:00:00+00:00,1.34,2.77,5.19,6.08,-1.0,-0.8
turbine_1,2026-01-02 02:00:00+00:00,1.52,3.02,5.02,6.67,-0.9,-1.1
turbine_1,2026-01-02 03:00:00+00:00,1.79,3.22,5.2,7.34,-0.6,-0.8
turbine_1,2026-01-02 04:00:00+00:00,3.09,4.38,5.63,7.16,0.5,0.4
turbine_1,2026-01-02 05:00:00+00:00,4.72,5.69,6.8,8.54,1.6,1.6
turbine_1,2026-01-02 06:00:00+00:00,5.85,6.3,8.5,9.26,2.4,2.6
turbine_1,2026-01-02 07:00:00+00:00,5.94,6.3,8.68,9.44,3.3,3.1
turbine_1,2026-01-02 08:00:00+00:00,5.53,5.92,8.23,9.26,3.6,3.6
turbine_1,2026-01-02 09:00:00+00:00,4.9,5.32,7.78,8.64,3.5,3.8
turbine_1,2026-01-02 10:00:00+00:00,4.19,4.53,6.98,7.84,3.1,3.3
turbine_1,2026-01-02 11:00:00+00:00,3.64,3.88,6.62,7.27,2.1,2.3
turbine_1,2026-01-02 12:00:00+00:00,2.82,3.14,6.23,6.9,2.0,1.5
turbine_1,2026-01-02 13:00:00+00:00,2.77,3.05,6.53,7.07,1.7,1.0
turbine_1,2026-01-02 14:00:00+00:00,3.04,3.35,7.02,7.29,1.6,0.6
turbine_1,2026-01-02 15:00:00+00:00,3.67,3.36,7.69,7.78,1.5,0.5
turbine_1,2026-01-02 16:00:00+00:00,3.68,3.31,8.45,8.01,0.7,0.4
turbine_1,2026-01-02 17:00:00+00:00,3.58,3.68,8.77,8.72,0.5,0.3
turbine_1,2026-01-02 18:00:00+00:00,3.94,3.53,9.62,8.81,0.2,0.1
turbine_1,2026-01-02 19:00:00+00:00,4.02,3.44,9.88,9.35,0.2,-0.2
turbine_1,2026-01-02 20:00:00+00:00,4.05,3.27,9.78,9.35,-0.3,-0.5
turbine_1,2026-01-02 21:00:00+00:00,3.85,3.27,9.8,9.39,-0.8,-0.5
turbine_1,2026-01-02 22:00:00+00:00,3.58,3.4,9.54,9.58,-0.9,-0.7
turbine_1,2026-01-02 23:00:00+00:00,3.76,3.44,9.75,9.66,-1.0,-0.7
turbine_1,2026-01-03 00:00:00+00:00,3.45,3.64,9.54,10.06,-1.0,-0.9
turbine_1,2026-01-03 01:00:00+00:00,3.23,2.97,9.3,8.97,-1.1,-1.1
turbine_1,2026-01-03 02:00:00+00:00,3.29,3.26,9.66,9.17,-1.1,-1.2
turbine_1,2026-01-03 03:00:00+00:00,3.38,3.26,9.88,9.08,-0.6,-0.8
turbine_1,2026-01-03 04:00:00+00:00,4.48,4.16,9.84,8.81,1.5,1.2
turbine_1,2026-01-03 05:00:00+00:00,5.77,5.19,10.24,8.68,3.7,3.1
turbine_1,2026-01-03 06:00:00+00:00,6.57,6.19,10.65,9.81,5.2,4.7
turbine_1,2026-01-03 07:00:00+00:00,6.91,6.09,11.03,9.73,6.4,5.9
turbine_1,2026-01-03 08:00:00+00:00,6.35,6.3,10.7,9.84,7.3,6.5
turbine_1,2026-01-03 09:00:00+00:00,6.09,6.13,10.56,9.85,7.5,6.4
turbine_1,2026-01-03 10:00:00+00:00,6.49,5.52,11.05,9.44,6.4,5.5
turbine_1,2026-01-03 11:00:00+00:00,6.13,4.79,11.85,9.48,4.5,3.5
turbine_1,2026-01-03 12:00:00+00:00,4.72,4.66,10.67,10.47,3.0,2.6
turbine_1,2026-01-03 13:00:00+00:00,4.56,3.89,11.0,10.11,2.4,2.3
turbine_1,2026-01-03 14:00:00+00:00,4.16,4.05,10.42,10.38,2.1,2.0
turbine_1,2026-01-03 15:00:00+00:00,4.39,3.89,10.47,10.39,1.8,1.6
turbine_1,2026-01-03 16:00:00+00:00,4.03,3.94,10.43,10.42,1.8,1.3
turbine_1,2026-01-03 17:00:00+00:00,3.77,3.94,9.97,10.55,2.1,1.1
turbine_1,2026-01-03 18:00:00+00:00,3.4,4.38,9.98,10.47,1.6,1.6
turbine_1,2026-01-03 19:00:00+00:00,3.09,4.22,9.48,10.98,1.2,1.4
turbine_1,2026-01-03 20:00:00+00:00,2.92,4.15,9.32,11.03,0.7,1.8
turbine_1,2026-01-03 21:00:00+00:00,2.92,3.86,9.48,11.05,0.4,1.8
turbine_1,2026-01-03 22:00:00+00:00,3.23,4.48,9.7,11.61,0.4,1.4
turbine_1,2026-01-03 23:00:00+00:00,3.45,4.92,9.97,11.41,0.2,1.1
turbine_1,2026-01-04 00:00:00+00:00,3.27,4.88,10.06,12.27,-0.5,0.5
turbine_1,2026-01-04 01:00:00+00:00,3.18,4.16,10.2,11.9,-0.8,0.5
turbine_1,2026-01-04 02:00:00+00:00,2.69,3.69,9.53,11.55,-1.4,0.0
turbine_1,2026-01-04 03:00:00+00:00,2.21,3.62,8.62,10.87,-0.9,0.3
turbine_1,2026-01-04 04:00:00+00:00,1.75,2.42,6.6,8.63,1.1,1.9
turbine_1,2026-01-04 05:00:00+00:00,0.98,0.57,5.04,6.67,2.7,2.6
turbine_1,2026-01-04 06:00:00+00:00,1.26,0.71,4.69,4.83,3.9,3.9
turbine_1,2026-01-04 07:00:00+00:00,0.2,1.32,3.71,2.9,4.7,5.0
turbine_1,2026-01-04 08:00:00+00:00,1.68,3.18,2.24,1.55,5.5,6.0
turbine_1,2026-01-04 09:00:00+00:00,3.11,3.72,0.86,0.67,5.9,6.2
turbine_1,2026-01-04 10:00:00+00:00,3.5,3.62,1.33,2.69,5.3,5.9
turbine_1,2026-01-04 11:00:00+00:00,3.14,3.44,2.06,3.26,3.8,4.5
turbine_1,2026-01-04 12:00:00+00:00,4.02,3.74,4.81,4.87,2.8,3.2
turbine_1,2026-01-04 13:00:00+00:00,4.4,3.97,6.49,6.57,2.4,3.0
turbine_1,2026-01-04 14:00:00+00:00,4.62,4.53,6.8,7.65,2.6,2.9
turbine_1,2026-01-04 15:00:00+00:00,4.06,4.67,6.76,7.79,2.6,2.5
turbine_1,2026-01-04 16:00:00+00:00,4.1,5.04,6.95,8.32,2.2,2.1
turbine_1,2026-01-04 17:00:00+00:00,4.05,5.04,7.24,8.81,1.6,1.4
turbine_1,2026-01-04 18:00:00+00:00,3.26,4.11,6.4,7.96,1.5,1.1
turbine_1,2026-01-04 19:00:00+00:00,3.0,3.61,5.82,7.2,1.2,1.1
turbine_1,2026-01-04 20:00:00+00:00,3.0,3.42,5.9,6.67,0.8,1.0
turbine_1,2026-01-04 21:00:00+00:00,2.83,3.16,5.25,6.17,0.5,1.1
turbine_1,2026-01-04 22:00:00+00:00,2.14,3.08,4.2,5.87,0.5,1.3
turbine_1,2026-01-04 23:00:00+00:00,2.06,3.19,3.54,5.6,0.3,0.7
turbine_1,2026-01-05 00:00:00+00:00,1.39,3.54,2.48,4.4,-0.2,0.6
turbine_1,2026-01-05 01:00:00+00:00,0.6,3.06,1.43,3.56,-0.4,0.8
turbine_1,2026-01-05 02:00:00+00:00,0.98,1.56,1.39,1.08,-0.0,0.5
turbine_1,2026-01-05 03:00:00+00:00,1.75,1.0,2.4,0.81,0.7,0.7
turbine_1,2026-01-05 04:00:00+00:00,2.06,0.71,3.69,1.8,0.8,1.0
turbine_1,2026-01-05 05:00:00+00:00,2.39,0.98,4.31,3.0,1.0,1.2
turbine_1,2026-01-05 06:00:00+00:00,2.39,1.03,4.49,2.4,1.7,1.6
turbine_1,2026-01-05 07:00:00+00:00,2.8,1.84,4.52,3.08,1.7,1.6
turbine_1,2026-01-05 08:00:00+00:00,2.64,1.75,4.3,3.2,1.9,1.4
turbine_1,2026-01-05 09:00:00+00:00,2.47,1.2,4.05,2.81,2.2,1.7
turbine_1,2026-01-05 10:00:00+00:00,2.42,0.81,3.81,2.4,2.2,2.2
turbine_1,2026-01-05 11:00:00+00:00,2.59,0.82,4.03,2.3,1.9,2.3
turbine_1,2026-01-05 12:00:00+00:00,3.0,2.79,4.85,3.64,2.0,1.3
turbine_1,2026-01-05 13:00:00+00:00,4.31,3.55,6.61,5.0,1.7,1.2
turbine_1,2026-01-05 14:00:00+00:00,5.3,4.21,8.14,6.31,0.9,0.8
turbine_1,2026-01-05 15:00:00+00:00,6.45,4.7,9.53,7.25,0.3,0.6
turbine_1,2026-01-05 16:00:00+00:00,5.55,4.97,9.98,8.18,-0.2,-0.0
turbine_1,2026-01-05 17:00:00+00:00,5.48,4.05,10.87,9.08,-0.5,-0.7
turbine_1,2026-01-05 18:00:00+00:00,4.39,3.96,10.74,10.03,-0.7,-0.6
turbine_1,2026-01-05 19:00:00+00:00,4.57,4.16,11.05,10.33,-0.8,-0.7
turbine_1,2026-01-05 20:00:00+00:00,4.74,4.48,11.36,10.91,-1.1,-0.9
turbine_1,2026-01-05 21:00:00+00:00,4.59,5.24,11.67,11.99,-1.1,-1.0
turbine_1,2026-01-05 22:00:00+00:00,4.66,5.5,12.13,12.52,-1.2,-1.2
turbine_1,2026-01-05 23:00:00+00:00,5.11,5.39,12.75,12.7,-1.3,-1.2
turbine_1,2026-01-06 00:00:00+00:00,5.31,5.82,13.1,13.1,-1.5,-1.5
turbine_1,2026-01-06 01:00:00+00:00,5.7,5.46,13.64,13.02,-1.6,-1.4
turbine_1,2026-01-06 02:00:00+00:00,5.54,5.77,13.69,13.31,-1.7,-1.7
turbine_1,2026-01-06 03:00:00+00:00,5.32,5.91,13.6,13.56,-1.5,-1.6
turbine_1,2026-01-06 04:00:00+00:00,6.14,6.44,13.96,13.57,-0.0,0.1
turbine_1,2026-01-06 05:00:00+00:00,7.81,7.6,14.82,14.54,2.0,2.3
turbine_1,2026-01-06 06:00:00+00:00,8.32,7.57,15.08,14.24,3.2,3.6
turbine_1,2026-01-06 07:00:00+00:00,8.14,7.54,14.84,14.2,3.8,4.3
turbine_1,2026-01-06 08:00:00+00:00,8.04,7.45,15.28,13.98,4.0,4.5
turbine_1,2026-01-06 09:00:00+00:00,7.16,7.38,15.11,13.7,4.2,4.5
turbine_1,2026-01-06 10:00:00+00:00,6.55,7.24,14.36,13.41,3.7,3.8
turbine_1,2026-01-06 11:00:00+00:00,6.14,6.36,13.61,12.98,1.8,2.0
turbine_1,2026-01-06 12:00:00+00:00,5.2,5.19,12.85,12.61,0.3,0.6
turbine_1,2026-01-06 13:00:00+00:00,4.63,4.81,12.22,12.22,-0.1,0.2
turbine_1,2026-01-06 14:00:00+00:00,4.18,4.65,11.67,12.03,-0.4,-0.1
turbine_1,2026-01-06 15:00:00+00:00,3.42,4.3,11.05,11.59,-0.8,-0.3
turbine_1,2026-01-06 16:00:00+00:00,2.85,3.94,10.11,11.36,-1.0,-0.5
turbine_1,2026-01-06 17:00:00+00:00,2.18,3.49,8.95,10.38,-1.3,-0.7
turbine_1,2026-01-06 18:00:00+00:00,2.0,2.46,6.74,8.5,-1.4,-1.2
turbine_1,2026-01-06 19:00:00+00:00,2.12,2.28,5.75,7.75,-1.3,-1.2
turbine_1,2026-01-06 20:00:00+00:00,1.89,2.33,4.82,7.26,-1.3,-1.3
turbine_1,2026-01-06 21:00:00+00:00,1.77,2.34,4.0,6.9,-1.5,-1.4
turbine_1,2026-01-06 22:00:00+00:00,1.91,2.21,3.8,6.21,-1.5,-1.3
turbine_1,2026-01-06 23:00:00+00:00,1.84,1.94,3.82,5.43,-1.7,-1.2
turbine_1,2026-01-07 00:00:00+00:00,0.82,2.24,4.55,5.58,-1.6,-1.7
turbine_1,2026-01-07 01:00:00+00:00,1.84,2.41,5.85,5.98,-1.6,-1.8
turbine_1,2026-01-07 02:00:00+00:00,2.68,2.8,6.87,6.93,-2.1,-2.0
turbine_1,2026-01-07 03:00:00+00:00,3.36,2.91,7.59,7.97,-1.8,-2.1
turbine_1,2026-01-07 04:00:00+00:00,3.81,3.55,7.54,7.88,-0.7,-0.9
turbine_1,2026-01-07 05:00:00+00:00,4.69,4.38,7.73,7.88,-0.1,0.3
turbine_1,2026-01-07 06:00:00+00:00,4.72,4.36,7.43,6.89,0.9,1.3
turbine_1,2026-01-07 07:00:00+00:00,4.41,4.13,6.67,6.56,2.2,2.5
turbine_1,2026-01-07 08:00:00+00:00,4.72,5.06,6.46,6.71,3.1,2.8
turbine_1,2026-01-07 09:00:00+00:00,5.2,4.92,6.58,6.74,3.2,2.8
turbine_1,2026-01-07 10:00:00+00:00,5.38,4.41,6.49,6.66,2.6,2.4
turbine_1,2026-01-07 11:00:00+00:00,4.94,5.16,6.62,7.36,0.8,0.4
turbine_1,2026-01-07 12:00:00+00:00,3.68,3.98,6.57,7.58,-0.7,-1.2
turbine_1,2026-01-07 13:00:00+00:00,3.08,3.49,6.22,7.92,-1.2,-1.4
turbine_1,2026-01-07 14:00:00+00:00,3.31,3.62,6.4,8.45,-1.8,-1.7
turbine_1,2026-01-07 15:00:00+00:00,3.77,3.58,6.89,9.0,-2.3,-1.9
turbine_1,2026-01-07 16:00:00+00:00,3.58,4.33,7.03,9.72,-2.4,-2.2
turbine_1,2026-01-07 17:00:00+00:00,3.64,4.39,7.29,9.88,-2.8,-2.3
turbine_1,2026-01-07 18:00:00+00:00,3.8,3.58,7.78,9.08,-3.4,-2.6
turbine_1,2026-01-07 19:00:00+00:00,3.45,3.44,7.51,9.18,-3.4,-2.8
turbine_1,2026-01-07 20:00:00+00:00,3.04,3.41,7.25,9.08,-3.2,-2.9
turbine_1,2026-01-07 21:00:00+00:00,3.45,3.64,7.24,8.99,-3.3,-3.3
turbine_1,2026-01-07 22:00:00+00:00,3.58,3.8,7.29,9.12,-3.8,-3.5
turbine_1,2026-01-07 23:00:00+00:00,2.98,3.94,6.85,9.13,-4.1,-3.7
turbine_1,2026-01-08 00:00:00+00:00,3.42,3.35,7.7,8.1,-4.2,-3.9
turbine_1,2026-01-08 01:00:00+00:00,3.89,3.84,7.84,8.37,-4.8,-4.2
turbine_1,2026-01-08 02:00:00+00:00,3.41,5.33,7.56,9.59,-4.6,-4.9
turbine_1,2026-01-08 03:00:00+00:00,3.62,3.76,7.71,9.0,-4.4,-3.9
turbine_1,2026-01-08 04:00:00+00:00,4.7,6.37,7.47,9.98,-2.3,-2.8
turbine_1,2026-01-08 05:00:00+00:00,6.32,6.5,8.42,10.52,-0.7,-0.5
turbine_1,2026-01-08 06:00:00+00:00,6.21,7.13,8.6,9.42,0.8,-0.0
turbine_1,2026-01-08 07:00:00+00:00,6.0,7.04,9.05,9.89,1.9,1.8
turbine_1,2026-01-08 08:00:00+00:00,5.19,6.58,8.42,9.98,2.5,2.5
turbine_1,2026-01-08 09:00:00+00:00,6.02,6.66,8.82,10.02,2.5,2.5
turbine_1,2026-01-08 10:00:00+00:00,6.52,6.44,8.8,9.81,1.6,2.0
turbine_1,2026-01-08 11:00:00+00:00,6.06,6.34,8.97,10.24,-0.0,0.4
turbine_1,2026-01-08 12:00:00+00:00,5.3,5.27,9.57,9.78,-1.3,-1.2
turbine_1,2026-01-08 13:00:00+00:00,4.1,5.19,9.32,10.39,-1.6,-1.8
turbine_1,2026-01-08 14:00:00+00:00,4.2,5.49,9.72,11.03,-1.9,-2.0
turbine_1,2026-01-08 15:00:00+00:00,4.94,5.78,10.44,11.64,-1.9,-2.0
turbine_1,2026-01-08 16:00:00+00:00,5.27,5.75,10.89,12.04,-1.8,-1.9
turbine_1,2026-01-08 17:00:00+00:00,5.19,5.88,11.1,12.28,-1.8,-2.1
turbine_1,2026-01-08 18:00:00+00:00,5.24,5.61,11.25,12.23,-2.0,-2.5
turbine_1,2026-01-08 19:00:00+00:00,5.41,5.51,11.47,12.73,-2.1,-2.6
turbine_1,2026-01-08 20:00:00+00:00,5.16,5.32,11.7,12.69,-2.2,-2.8
turbine_1,2026-01-08 21:00:00+00:00,4.84,5.28,11.71,13.05,-2.2,-2.8
turbine_1,2026-01-08 22:00:00+00:00,4.72,5.24,11.87,13.19,-2.3,-2.9
turbine_1,2026-01-08 23:00:00+00:00,4.91,5.28,11.87,13.24,-2.4,-3.0
turbine_1,2026-01-09 00:00:00+00:00,4.6,4.94,11.68,12.71,-2.4,-3.3
turbine_1,2026-01-09 01:00:00+00:00,4.56,4.92,11.32,12.78,-2.7,-3.3
turbine_1,2026-01-09 02:00:00+00:00,4.4,4.65,11.16,12.73,-2.9,-3.4
turbine_1,2026-01-09 03:00:00+00:00,4.0,4.61,10.88,12.73,-2.4,-2.9
turbine_1,2026-01-09 04:00:00+00:00,4.53,5.64,9.9,12.42,-0.8,-0.8
turbine_1,2026-01-09 05:00:00+00:00,5.45,6.88,9.53,11.95,0.8,1.7
turbine_1,2026-01-09 06:00:00+00:00,6.24,7.0,9.84,11.27,2.5,2.5
turbine_1,2026-01-09 07:00:00+00:00,6.87,7.03,10.34,10.96,3.7,3.9
turbine_1,2026-01-09 08:00:00+00:00,6.87,7.22,10.06,10.55,4.2,4.4
turbine_1,2026-01-09 09:00:00+00:00,6.72,6.86,9.75,9.66,3.8,3.8
turbine_1,2026-01-09 10:00:00+00:00,6.01,5.45,9.27,8.59,2.6,2.4
turbine_1,2026-01-09 11:00:00+00:00,5.22,4.38,9.22,8.14,0.6,0.4
turbine_1,2026-01-09 12:00:00+00:00,3.83,3.44,9.71,8.33,-1.1,-1.5
turbine_1,2026-01-09 13:00:00+00:00,3.58,3.26,9.48,8.05,-1.5,-1.7
turbine_1,2026-01-09 14:00:00+00:00,3.58,3.4,9.44,7.87,-1.8,-1.9
turbine_1,2026-01-09 15:00:00+00:00,3.58,3.22,9.66,7.69,-2.0,-2.2
turbine_1,2026-01-09 16:00:00+00:00,3.72,3.45,10.02,8.1,-2.1,-2.3
turbine_1,2026-01-09 17:00:00+00:00,3.88,3.5,10.16,8.59,-2.2,-2.3
turbine_1,2026-01-09 18:00:00+00:00,4.08,3.83,10.74,9.66,-2.2,-2.3
turbine_1,2026-01-09 19:00:00+00:00,4.06,4.02,10.89,10.3,-2.3,-2.2
turbine_1,2026-01-09 20:00:00+00:00,4.26,4.22,11.1,10.89,-2.5,-2.3
turbine_1,2026-01-09 21:00:00+00:00,3.98,4.48,11.25,11.08,-2.6,-2.4
turbine_1,2026-01-09 22:00:00+00:00,4.47,4.75,11.52,11.39,-2.7,-2.6
turbine_1,2026-01-09 23:00:00+00:00,4.97,4.84,11.46,11.41,-3.0,-2.7
turbine_1,2026-01-10 00:00:00+00:00,3.67,4.92,11.09,11.63,-3.2,-2.7
turbine_1,2026-01-10 01:00:00+00:00,3.62,5.14,11.14,11.54,-3.4,-2.9
turbine_1,2026-01-10 02:00:00+00:00,3.23,5.14,10.6,11.58,-3.6,-3.2
turbine_1,2026-01-10 03:00:00+00:00,3.1,4.72,10.38,11.41,-3.1,-2.9
turbine_1,2026-01-10 04:00:00+00:00,3.71,4.92,9.93,11.28,-0.8,-0.9
turbine_1,2026-01-10 05:00:00+00:00,5.13,5.83,10.07,11.32,1.5,1.5
turbine_1,2026-01-10 06:00:00+00:00,6.0,6.45,10.56,10.82,3.5,3.2
turbine_1,2026-01-10 07:00:00+00:00,6.61,6.65,10.65,10.73,4.7,4.5
turbine_1,2026-01-10 08:00:00+00:00,6.47,6.67,10.51,10.51,5.4,4.9
turbine_1,2026-01-10 09:00:00+00:00,6.48,6.54,10.42,10.29,5.1,4.8
turbine_1,2026-01-10 10:00:00+00:00,6.04,6.12,10.17,10.03,4.0,3.7
turbine_1,2026-01-10 11:00:00+00:00,5.77,5.47,10.61,9.79,2.0,1.7
turbine_1,2026-01-10 12:00:00+00:00,4.69,4.43,10.87,10.02,0.4,0.0
turbine_1,2026-01-10 13:00:00+00:00,4.74,4.29,11.19,10.11,0.1,-0.1
turbine_1,2026-01-10 14:00:00+00:00,4.72,4.52,11.05,10.6,-0.3,-0.1
turbine_1,2026-01-10 15:00:00+00:00,4.48,4.58,11.14,11.01,-0.4,-0.7
turbine_1,2026-01-10 16:00:00+00:00,4.44,4.48,11.81,11.05,-0.6,-1.0
turbine_1,2026-01-10 17:00:00+00:00,4.85,4.52,11.91,11.45,-0.7,-1.0
turbine_1,2026-01-10 18:00:00+00:00,5.35,4.63,12.44,11.68,-0.8,-1.0
turbine_1,2026-01-10 19:00:00+00:00,5.37,5.05,13.24,12.21,-0.8,-1.1
turbine_1,2026-01-10 20:00:00+00:00,5.66,5.11,13.3,12.75,-0.9,-1.0
turbine_1,2026-01-10 21:00:00+00:00,5.66,5.61,13.09,12.84,-1.4,-1.2
turbine_1,2026-01-10 22:00:00+00:00,5.78,5.75,13.28,13.19,-1.6,-1.3
turbine_1,2026-01-10 23:00:00+00:00,5.1,5.69,13.61,13.38,-1.3,-1.5
turbine_1,2026-01-11 00:00:00+00:00,4.85,5.46,13.78,14.18,-1.2,-1.2
turbine_1,2026-01-11 01:00:00+00:00,5.64,6.26,14.24,14.71,-1.6,-1.1
turbine_1,2026-01-11 02:00:00+00:00,5.66,6.36,14.72,14.9,-1.6,-1.2
turbine_1,2026-01-11 03:00:00+00:00,5.32,6.05,14.25,14.82,-0.6,-0.7
turbine_1,2026-01-11 04:00:00+00:00,6.52,7.02,14.48,14.9,0.9,0.8
turbine_1,2026-01-11 05:00:00+00:00,7.32,7.49,14.09,14.28,3.3,2.7
turbine_1,2026-01-11 06:00:00+00:00,8.43,8.14,14.4,13.83,4.2,4.7
turbine_1,2026-01-11 07:00:00+00:00,8.47,8.24,14.73,13.7,6.4,6.3
turbine_1,2026-01-11 08:00:00+00:00,8.35,8.35,13.78,13.69,6.9,7.1
turbine_1,2026-01-11 09:00:00+00:00,7.96,8.0,13.11,12.94,6.7,5.7
turbine_1,2026-01-11 10:00:00+00:00,7.3,7.43,12.58,12.61,5.9,5.0
turbine_1,2026-01-11 11:00:00+00:00,6.49,6.41,12.7,12.67,4.3,4.1
turbine_1,2026-01-11 12:00:00+00:00,5.02,6.09,11.9,12.89,3.6,2.9
turbine_1,2026-01-11 13:00:00+00:00,5.6,5.41,12.04,11.96,2.7,2.9
turbine_1,2026-01-11 14:00:00+00:00,5.35,5.61,12.04,12.12,2.3,2.4
turbine_1,2026-01-11 15:00:00+00:00,4.36,5.11,12.43,12.85,1.7,1.6
turbine_1,2026-01-11 16:00:00+00:00,3.3,4.94,11.72,12.62,1.0,1.3
turbine_1,2026-01-11 17:00:00+00:00,1.25,4.41,8.94,12.26,-0.1,0.8
turbine_1,2026-01-11 18:00:00+00:00,1.99,2.76,6.8,10.64,-0.4,-0.1
turbine_1,2026-01-11 19:00:00+00:00,2.75,1.13,6.16,8.81,0.2,-0.8
turbine_1,2026-01-11 20:00:00+00:00,2.15,1.87,5.57,7.74,0.1,-0.6
turbine_1,2026-01-11 21:00:00+00:00,1.3,2.38,4.06,6.62,-0.0,-0.6
turbine_1,2026-01-11 22:00:00+00:00,0.45,2.57,3.47,6.14,-0.5,-0.6
turbine_1,2026-01-11 23:00:00+00:00,0.22,2.4,2.26,5.46,-0.8,-0.0
turbine_1,2026-01-12 00:00:00+00:00,1.9,1.34,1.3,3.98,1.1,0.0
turbine_1,2026-01-12 01:00:00+00:00,1.35,0.28,0.71,2.53,1.2,-0.8
turbine_1,2026-01-12 02:00:00+00:00,1.2,1.06,0.6,1.4,0.5,-0.5
turbine_1,2026-01-12 03:00:00+00:00,2.64,1.64,1.27,0.72,1.9,0.9
turbine_1,2026-01-12 04:00:00+00:00,2.31,1.56,3.03,0.72,3.3,3.6
turbine_1,2026-01-12 05:00:00+00:00,3.18,1.84,3.49,1.22,4.6,5.1
turbine_1,2026-01-12 06:00:00+00:00,2.5,2.91,0.61,2.35,6.4,5.9
turbine_1,2026-01-12 07:00:00+00:00,3.54,4.33,3.01,4.9,7.1,6.9
turbine_1,2026-01-12 08:00:00+00:00,3.41,5.47,3.7,7.17,8.0,8.1
turbine_1,2026-01-12 09:00:00+00:00,2.9,5.38,3.91,8.3,8.1,8.5
turbine_1,2026-01-12 10:00:00+00:00,2.32,6.36,3.42,10.81,7.4,8.7
turbine_1,2026-01-12 11:00:00+00:00,2.95,5.58,3.51,9.56,6.6,7.2
turbine_1,2026-01-12 12:00:00+00:00,4.24,4.2,8.61,6.95,5.9,6.3
turbine_1,2026-01-12 13:00:00+00:00,4.1,3.76,6.71,5.6,5.3,5.9
turbine_1,2026-01-12 14:00:00+00:00,3.65,3.36,6.02,4.44,4.9,5.5
turbine_1,2026-01-12 15:00:00+00:00,3.9,3.67,4.64,5.2,5.0,5.8
turbine_1,2026-01-12 16:00:00+00:00,3.81,3.07,3.98,4.33,5.1,6.0
turbine_1,2026-01-12 17:00:00+00:00,1.7,4.96,1.3,5.75,3.6,5.3
turbine_1,2026-01-12 18:00:00+00:00,1.53,1.87,0.41,1.08,3.3,5.6
turbine_1,2026-01-12 19:00:00+00:00,1.41,2.01,0.95,1.22,2.7,4.2
turbine_1,2026-01-12 20:00:00+00:00,2.67,2.6,2.47,1.42,3.7,4.7
turbine_1,2026-01-12 21:00:00+00:00,1.43,2.32,0.28,1.8,2.2,5.6
turbine_1,2026-01-12 22:00:00+00:00,1.27,1.12,2.6,5.01,2.2,5.1
turbine_1,2026-01-12 23:00:00+00:00,2.21,2.09,5.13,7.04,2.0,3.3
turbine_1,2026-01-13 00:00:00+00:00,1.02,1.53,0.4,3.71,1.2,3.5
turbine_1,2026-01-13 01:00:00+00:00,1.3,0.6,1.53,1.24,1.2,2.8
turbine_1,2026-01-13 02:00:00+00:00,1.61,0.95,3.24,2.66,1.4,1.7
turbine_1,2026-01-13 03:00:00+00:00,2.61,2.0,5.0,4.08,2.1,2.4
turbine_1,2026-01-13 04:00:00+00:00,2.79,2.33,6.57,4.68,3.7,4.2
turbine_1,2026-01-13 05:00:00+00:00,4.62,3.27,7.79,5.28,4.4,5.6
turbine_1,2026-01-13 06:00:00+00:00,5.28,5.59,8.76,8.64,6.0,5.7
turbine_1,2026-01-13 07:00:00+00:00,6.35,6.76,9.3,9.68,6.8,6.4
turbine_1,2026-01-13 08:00:00+00:00,6.81,7.26,10.01,10.53,7.2,7.0
turbine_1,2026-01-13 09:00:00+00:00,7.79,7.82,10.92,11.2,6.9,6.9
turbine_1,2026-01-13 10:00:00+00:00,8.04,8.08,11.94,11.63,5.9,6.1
turbine_1,2026-01-13 11:00:00+00:00,8.18,8.18,13.46,13.55,4.4,4.7
turbine_1,2026-01-13 12:00:00+00:00,7.02,7.29,15.08,15.05,3.7,3.6
turbine_1,2026-01-13 13:00:00+00:00,6.2,6.41,14.68,15.08,3.1,3.0
turbine_1,2026-01-13 14:00:00+00:00,5.5,5.69,13.85,14.41,2.4,2.4
turbine_1,2026-01-13 15:00:00+00:00,5.41,5.25,13.16,13.57,1.8,1.8
turbine_1,2026-01-13 16:00:00+00:00,5.01,5.13,11.72,12.57,1.2,1.2
turbine_1,2026-01-13 17:00:00+00:00,4.52,5.01,10.66,11.51,0.6,0.7
turbine_1,2026-01-13 18:00:00+00:00,4.07,4.61,10.43,10.83,0.4,0.4
turbine_1,2026-01-13 19:00:00+00:00,4.12,4.29,10.44,10.57,0.2,0.1
turbine_1,2026-01-13 20:00:00+00:00,3.81,4.07,10.47,10.26,0.1,0.1
turbine_1,2026-01-13 21:00:00+00:00,4.07,4.07,10.84,10.21,0.2,0.2
turbine_1,2026-01-13 22:00:00+00:00,3.74,3.94,10.24,10.22,-0.0,0.1
turbine_1,2026-01-13 23:00:00+00:00,3.67,3.94,10.25,9.98,-0.1,-0.3
turbine_1,2026-01-14 00:00:00+00:00,3.35,3.64,10.16,9.98,-0.0,-0.4
turbine_1,2026-01-14 01:00:00+00:00,3.09,3.47,9.89,9.67,-0.3,-0.3
turbine_1,2026-01-14 02:00:00+00:00,3.55,3.5,9.98,9.18,-0.7,-0.6
turbine_1,2026-01-14 03:00:00+00:00,3.38,3.55,9.21,8.6,-0.5,-0.3
turbine_1,2026-01-14 04:00:00+00:00,4.04,4.1,8.37,7.75,0.8,0.9
turbine_1,2026-01-14 05:00:00+00:00,4.31,4.6,7.74,7.42,2.1,1.8
turbine_1,2026-01-14 06:00:00+00:00,3.26,4.38,5.74,6.98,3.0,3.1
turbine_1,2026-01-14 07:00:00+00:00,2.2,3.48,4.4,5.57,3.8,4.1
turbine_1,2026-01-14 08:00:00+00:00,1.17,2.27,3.23,3.96,4.2,4.6
turbine_1,2026-01-14 09:00:00+00:00,0.41,1.58,2.04,2.42,4.5,4.9
turbine_1,2026-01-14 10:00:00+00:00,0.73,0.94,1.2,1.46,4.5,4.6
turbine_1,2026-01-14 11:00:00+00:00,0.95,0.54,0.36,0.71,2.8,2.7
turbine_1,2026-01-14 12:00:00+00:00,1.63,0.5,1.17,0.14,1.8,0.8
turbine_1,2026-01-14 13:00:00+00:00,2.38,1.44,2.9,0.71,1.8,1.0
turbine_1,2026-01-14 14:00:00+00:00,2.9,1.91,5.15,1.36,1.4,1.0
turbine_1,2026-01-14 15:00:00+00:00,3.47,2.27,6.86,2.46,1.1,0.8
turbine_1,2026-01-14 16:00:00+00:00,3.83,2.58,7.55,4.39,0.4,0.5
turbine_1,2026-01-14 17:00:00+00:00,3.44,2.27,7.57,5.11,-0.6,0.2
turbine_1,2026-01-14 18:00:00+00:00,3.54,2.53,7.74,5.54,-1.1,-0.7
turbine_1,2026-01-14 19:00:00+00:00,2.79,2.98,6.39,6.32,-1.7,-1.4
turbine_1,2026-01-14 20:00:00+00:00,2.21,2.33,5.35,5.51,-2.4,-1.9
turbine_1,2026-01-14 21:00:00+00:00,1.84,1.94,4.59,4.62,-2.7,-2.3
turbine_1,2026-01-14 22:00:00+00:00,1.3,1.71,3.59,3.72,-2.9,-2.8
turbine_1,2026-01-14 23:00:00+00:00,1.43,2.0,3.83,3.71,-3.2,-3.3
turbine_1,2026-01-15 00:00:00+00:00,1.26,1.94,3.36,4.3,-2.9,-4.0
turbine_1,2026-01-15 01:00:00+00:00,1.82,1.84,2.97,4.02,-2.7,-3.8
turbine_1,2026-01-15 02:00:00+00:00,0.22,1.58,0.58,3.61,-2.6,-3.7
turbine_1,2026-01-15 03:00:00+00:00,1.88,0.67,1.03,2.09,-1.8,-3.2
turbine_1,2026-01-15 04:00:00+00:00,3.38,1.2,3.18,0.91,-1.9,-2.7
turbine_1,2026-01-15 05:00:00+00:00,3.47,3.05,2.69,2.62,-0.7,-1.6
turbine_1,2026-01-15 06:00:00+00:00,3.86,5.3,3.4,5.16,-0.8,-0.1
turbine_1,2026-01-15 07:00:00+00:00,5.55,5.41,5.69,4.86,-0.8,0.7
turbine_1,2026-01-15 08:00:00+00:00,6.07,5.28,7.09,6.39,0.8,0.3
turbine_1,2026-01-15 09:00:00+00:00,7.04,4.52,8.19,4.97,0.7,1.7
turbine_1,2026-01-15 10:00:00+00:00,7.02,3.76,9.0,5.1,0.7,0.7
turbine_1,2026-01-15 11:00:00+00:00,6.08,3.55,9.11,5.5,-0.2,0.8
turbine_1,2026-01-15 12:00:00+00:00,4.18,5.19,7.93,8.81,-1.4,-0.7
turbine_1,2026-01-15 13:00:00+00:00,5.11,5.03,9.09,9.96,-0.7,-0.6
turbine_1,2026-01-15 14:00:00+00:00,6.13,4.0,10.25,6.37,-1.0,-1.1
turbine_1,2026-01-15 15:00:00+00:00,6.09,0.32,10.57,3.04,-1.4,-1.3
turbine_1,2026-01-15 16:00:00+00:00,4.61,0.63,8.08,1.21,-1.4,-1.2
turbine_1,2026-01-15 17:00:00+00:00,4.19,0.85,7.39,1.88,-1.7,-1.8
turbine_1,2026-01-15 18:00:00+00:00,4.28,2.33,7.31,4.26,-1.5,-1.8
turbine_1,2026-01-15 19:00:00+00:00,3.54,0.86,6.55,1.17,-1.6,-2.0
turbine_1,2026-01-15 20:00:00+00:00,1.39,1.68,3.77,1.55,-1.6,-2.0
turbine_1,2026-01-15 21:00:00+00:00,0.81,1.77,1.22,2.14,-1.7,-2.0
turbine_1,2026-01-15 22:00:00+00:00,2.01,2.73,1.61,3.52,-1.6,-1.7
turbine_1,2026-01-15 23:00:00+00:00,3.04,4.22,3.41,6.5,-1.6,-2.4
turbine_1,2026-01-16 00:00:00+00:00,0.1,2.55,0.98,4.46,-1.6,-1.5
turbine_1,2026-01-16 01:00:00+00:00,0.36,3.06,0.94,6.1,-1.5,-1.5
turbine_1,2026-01-16 02:00:00+00:00,0.85,4.48,0.78,7.49,-1.4,-1.4
turbine_1,2026-01-16 03:00:00+00:00,1.25,4.76,0.61,8.08,-1.6,-1.7
turbine_1,2026-01-16 04:00:00+00:00,3.21,5.59,4.05,9.75,-1.4,-1.8
turbine_1,2026-01-16 05:00:00+00:00,3.93,5.69,6.26,9.66,-2.0,-2.1
turbine_1,2026-01-16 06:00:00+00:00,3.8,6.74,6.55,11.27,-1.1,-2.5
turbine_1,2026-01-16 07:00:00+00:00,5.04,6.26,7.78,10.45,-1.0,-2.3
turbine_1,2026-01-16 08:00:00+00:00,5.48,6.75,8.67,11.13,-1.8,-2.5
turbine_1,2026-01-16 09:00:00+00:00,5.32,6.94,8.35,11.52,-2.0,-3.0
turbine_1,2026-01-16 10:00:00+00:00,5.8,7.94,9.6,13.12,-2.9,-4.0
turbine_1,2026-01-16 11:00:00+00:00,6.14,7.12,10.01,13.16,-3.8,-4.8
turbine_1,2026-01-16 12:00:00+00:00,6.26,7.49,11.68,14.24,-5.4,-6.1
turbine_1,2026-01-16 13:00:00+00:00,6.59,7.41,12.13,14.78,-6.1,-6.7
turbine_1,2026-01-16 14:00:00+00:00,6.2,7.28,11.81,15.23,-6.6,-7.1
turbine_1,2026-01-16 15:00:00+00:00,6.32,7.35,12.24,14.88,-7.4,-8.3
turbine_1,2026-01-16 16:00:00+00:00,7.13,7.4,13.88,14.96,-8.5,-9.6
turbine_1,2026-01-16 17:00:00+00:00,7.24,7.08,13.92,14.24,-9.3,-9.8
turbine_1,2026-01-16 18:00:00+00:00,7.97,8.08,15.47,16.18,-10.2,-11.3
turbine_1,2026-01-16 19:00:00+00:00,7.91,9.1,15.54,16.69,-11.0,-12.1
turbine_1,2026-01-16 20:00:00+00:00,8.16,9.25,15.85,17.48,-12.1,-12.5
turbine_1,2026-01-16 21:00:00+00:00,8.83,8.82,16.85,17.2,-12.9,-13.2
turbine_1,2026-01-16 22:00:00+00:00,9.49,8.92,18.09,16.76,-13.9,-14.1
turbine_1,2026-01-16 23:00:00+00:00,9.11,8.42,17.27,16.03,-14.1,-14.7
turbine_1,2026-01-17 00:00:00+00:00,9.39,10.14,17.2,18.75,-14.9,-15.6
turbine_1,2026-01-17 01:00:00+00:00,8.32,9.22,15.55,17.25,-15.0,-15.7
turbine_1,2026-01-17 02:00:00+00:00,8.71,8.95,15.79,16.42,-15.7,-16.0
turbine_1,2026-01-17 03:00:00+00:00,8.45,9.19,15.0,17.16,-15.3,-16.0
turbine_1,2026-01-17 04:00:00+00:00,8.8,8.62,15.69,15.26,-15.2,-15.6
turbine_1,2026-01-17 05:00:00+00:00,8.1,8.27,14.32,13.89,-14.4,-15.2
turbine_1,2026-01-17 06:00:00+00:00,6.95,7.68,12.08,13.24,-14.3,-13.2
turbine_1,2026-01-17 07:00:00+00:00,6.54,7.18,10.69,12.15,-13.5,-12.7
turbine_1,2026-01-17 08:00:00+00:00,5.54,6.99,8.85,11.15,-12.8,-12.2
turbine_1,2026-01-17 09:00:00+00:00,5.15,6.48,7.69,10.11,-12.4,-11.9
turbine_1,2026-01-17 10:00:00+00:00,4.44,5.79,6.57,8.72,-12.3,-12.0
turbine_1,2026-01-17 11:00:00+00:00,3.92,4.72,5.69,7.24,-12.6,-12.5
turbine_1,2026-01-17 12:00:00+00:00,2.78,3.0,5.03,5.66,-13.0,-13.2
turbine_1,2026-01-17 13:00:00+00:00,2.51,2.42,4.9,4.82,-13.4,-13.2
turbine_1,2026-01-17 14:00:00+00:00,2.38,2.52,4.57,4.48,-13.2,-13.2
turbine_1,2026-01-17 15:00:00+00:00,1.97,1.53,4.03,3.4,-13.7,-13.2
turbine_1,2026-01-17 16:00:00+00:00,1.56,0.14,4.16,1.84,-14.5,-13.2
turbine_1,2026-01-17 17:00:00+00:00,0.63,1.4,3.16,1.7,-14.9,-13.6
turbine_1,2026-01-17 18:00:00+00:00,0.64,0.81,1.5,1.3,-14.4,-13.8
turbine_1,2026-01-17 19:00:00+00:00,0.63,0.42,0.98,0.41,-14.6,-13.8
turbine_1,2026-01-17 20:00:00+00:00,0.85,0.63,0.63,0.4,-14.0,-13.6
turbine_1,2026-01-17 21:00:00+00:00,0.76,0.92,0.41,0.4,-14.1,-13.5
turbine_1,2026-01-17 22:00:00+00:00,0.92,0.81,0.71,0.85,-14.3,-13.8
turbine_1,2026-01-17 23:00:00+00:00,1.03,0.81,0.81,0.8,-14.6,-13.7
turbine_1,2026-01-18 00:00:00+00:00,1.61,1.96,2.38,2.59,-11.2,-13.7
turbine_1,2026-01-18 01:00:00+00:00,2.16,2.66,3.53,3.98,-10.8,-12.6
turbine_1,2026-01-18 02:00:00+00:00,3.16,3.31,5.28,5.82,-10.8,-13.4
turbine_1,2026-01-18 03:00:00+00:00,4.19,4.03,6.49,7.29,-10.4,-12.9
turbine_1,2026-01-18 04:00:00+00:00,5.08,5.52,7.33,8.33,-9.4,-11.0
turbine_1,2026-01-18 05:00:00+00:00,5.52,6.49,8.02,9.13,-8.4,-10.1
turbine_1,2026-01-18 06:00:00+00:00,6.46,7.3,8.69,10.02,-8.3,-10.0
turbine_1,2026-01-18 07:00:00+00:00,6.74,7.32,8.97,10.06,-7.4,-9.2
turbine_1,2026-01-18 08:00:00+00:00,6.34,6.8,8.69,9.39,-6.7,-8.7
turbine_1,2026-01-18 09:00:00+00:00,5.83,6.24,8.29,8.9,-6.4,-8.5
turbine_1,2026-01-18 10:00:00+00:00,5.61,5.74,8.05,8.45,-6.4,-8.7
turbine_1,2026-01-18 11:00:00+00:00,5.39,5.5,7.92,8.7,-7.0,-10.1
turbine_1,2026-01-18 12:00:00+00:00,5.22,4.52,8.32,8.9,-8.0,-11.5
turbine_1,2026-01-18 13:00:00+00:00,4.44,3.94,8.16,8.9,-8.0,-11.5
turbine_1,2026-01-18 14:00:00+00:00,4.17,3.67,8.11,8.99,-8.4,-12.1
turbine_1,2026-01-18 15:00:00+00:00,3.83,3.31,7.53,9.18,-8.9,-12.8
turbine_1,2026-01-18 16:00:00+00:00,3.85,3.22,7.51,9.27,-8.9,-12.9
turbine_1,2026-01-18 17:00:00+00:00,3.72,3.49,7.52,9.55,-9.1,-12.9
turbine_1,2026-01-18 18:00:00+00:00,4.17,4.13,8.46,9.78,-9.3,-11.9
turbine_1,2026-01-18 19:00:00+00:00,4.27,4.41,8.92,10.41,-9.5,-12.1
turbine_1,2026-01-18 20:00:00+00:00,4.6,4.83,9.52,11.13,-9.6,-12.1
turbine_1,2026-01-18 21:00:00+00:00,4.88,5.05,10.44,11.85,-9.5,-11.9
turbine_1,2026-01-18 22:00:00+00:00,4.91,5.13,11.22,12.15,-10.0,-12.0
turbine_1,2026-01-18 23:00:00+00:00,4.8,5.05,11.52,12.15,-10.2,-12.0
turbine_1,2026-01-19 00:00:00+00:00,4.85,4.89,11.49,11.39,-11.5,-9.6
turbine_1,2026-01-19 01:00:00+00:00,4.8,4.61,11.58,11.25,-11.5,-9.7
turbine_1,2026-01-19 02:00:00+00:00,4.8,4.61,11.68,11.03,-11.5,-9.9
turbine_1,2026-01-19 03:00:00+00:00,4.72,4.53,11.37,10.77,-10.9,-9.4
turbine_1,2026-01-19 04:00:00+00:00,5.48,5.55,10.88,10.48,-8.9,-7.2
turbine_1,2026-01-19 05:00:00+00:00,6.61,6.44,11.08,10.92,-6.8,-5.1
turbine_1,2026-01-19 06:00:00+00:00,7.5,6.92,12.13,10.69,-4.9,-3.9
turbine_1,2026-01-19 07:00:00+00:00,8.04,7.48,12.71,11.09,-3.7,-2.8
turbine_1,2026-01-19 08:00:00+00:00,7.96,7.44,12.34,11.05,-3.0,-2.1
turbine_1,2026-01-19 09:00:00+00:00,7.58,7.0,11.76,10.69,-2.9,-1.7
turbine_1,2026-01-19 10:00:00+00:00,6.9,6.7,11.13,10.24,-3.6,-2.1
turbine_1,2026-01-19 11:00:00+00:00,5.94,5.94,10.74,9.96,-5.2,-3.8
turbine_1,2026-01-19 12:00:00+00:00,3.98,4.61,10.19,9.74,-7.0,-5.3
turbine_1,2026-01-19 13:00:00+00:00,2.57,3.26,9.23,8.78,-8.1,-6.0
turbine_1,2026-01-19 14:00:00+00:00,2.72,2.69,8.82,8.1,-8.3,-6.5
turbine_1,2026-01-19 15:00:00+00:00,2.82,2.91,8.86,8.14,-8.2,-6.7
turbine_1,2026-01-19 16:00:00+00:00,2.82,2.91,9.17,8.14,-8.1,-6.6
turbine_1,2026-01-19 17:00:00+00:00,2.82,2.97,9.48,8.36,-8.1,-6.5
turbine_1,2026-01-19 18:00:00+00:00,2.57,3.36,8.86,9.44,-7.4,-6.4
turbine_1,2026-01-19 19:00:00+00:00,2.67,3.89,8.81,9.63,-7.7,-6.4
turbine_1,2026-01-19 20:00:00+00:00,2.91,4.02,9.35,9.8,-7.8,-6.5
turbine_1,2026-01-19 21:00:00+00:00,3.07,4.17,9.66,9.85,-8.1,-6.6
turbine_1,2026-01-19 22:00:00+00:00,3.27,4.11,9.58,9.89,-8.3,-7.2
turbine_1,2026-01-19 23:00:00+00:00,3.85,3.89,9.71,9.75,-8.4,-7.6
turbine_1,2026-01-20 00:00:00+00:00,3.05,3.2,9.75,9.84,-10.5,-9.4
turbine_1,2026-01-20 01:00:00+00:00,2.45,3.07,9.17,9.66,-11.6,-9.5
turbine_1,2026-01-20 02:00:00+00:00,2.26,2.75,8.27,9.31,-11.1,-9.9
turbine_1,2026-01-20 03:00:00+00:00,2.18,2.44,7.61,8.5,-10.0,-9.1
turbine_1,2026-01-20 04:00:00+00:00,2.58,2.72,6.93,7.08,-8.6,-7.1
turbine_1,2026-01-20 05:00:00+00:00,1.77,3.26,4.93,6.18,-7.9,-5.9
turbine_1,2026-01-20 06:00:00+00:00,0.58,4.04,2.1,6.08,-6.5,-4.9
turbine_1,2026-01-20 07:00:00+00:00,1.57,3.71,1.55,5.89,-5.4,-4.4
turbine_1,2026-01-20 08:00:00+00:00,1.68,2.56,0.51,4.59,-4.3,-3.7
turbine_1,2026-01-20 09:00:00+00:00,1.8,1.39,0.36,3.44,-4.0,-3.4
turbine_1,2026-01-20 10:00:00+00:00,1.75,1.1,0.94,0.94,-4.2,-3.6
turbine_1,2026-01-20 11:00:00+00:00,1.06,2.8,0.73,2.34,-6.8,-4.2
turbine_1,2026-01-20 12:00:00+00:00,1.51,2.36,0.45,1.26,-9.0,-6.1
turbine_1,2026-01-20 13:00:00+00:00,1.99,2.11,0.45,0.78,-9.8,-5.3
turbine_1,2026-01-20 14:00:00+00:00,1.97,1.2,1.53,0.61,-10.1,-5.1
turbine_1,2026-01-20 15:00:00+00:00,2.05,1.02,3.13,1.1,-10.3,-6.7
turbine_1,2026-01-20 16:00:00+00:00,2.42,1.44,5.24,1.72,-10.6,-7.5
turbine_1,2026-01-20 17:00:00+00:00,2.66,1.63,6.99,2.19,-10.6,-7.7
turbine_1,2026-01-20 18:00:00+00:00,3.11,2.6,9.22,6.07,-10.7,-8.0
turbine_1,2026-01-20 19:00:00+00:00,3.69,3.21,10.69,8.28,-11.0,-8.1
turbine_1,2026-01-20 20:00:00+00:00,3.89,3.69,11.05,10.02,-11.1,-8.4
turbine_1,2026-01-20 21:00:00+00:00,3.9,4.49,11.68,10.73,-11.0,-8.5
turbine_1,2026-01-20 22:00:00+00:00,3.85,4.83,11.92,11.64,-10.8,-8.7
turbine_1,2026-01-20 23:00:00+00:00,4.11,4.83,12.06,12.59,-10.6,-8.8
turbine_1,2026-01-21 00:00:00+00:00,4.56,4.29,12.68,12.5,-9.9,-10.5
turbine_1,2026-01-21 01:00:00+00:00,4.74,4.3,12.71,12.69,-9.6,-10.4
turbine_1,2026-01-21 02:00:00+00:00,4.74,4.39,12.62,12.78,-9.8,-10.4
turbine_1,2026-01-21 03:00:00+00:00,4.48,4.65,12.75,12.55,-9.6,-9.6
turbine_1,2026-01-21 04:00:00+00:00,5.39,5.8,12.78,12.64,-7.4,-7.7
turbine_1,2026-01-21 05:00:00+00:00,6.78,6.92,12.71,12.88,-5.5,-5.8
turbine_1,2026-01-21 06:00:00+00:00,7.9,8.0,13.35,13.24,-4.2,-4.6
turbine_1,2026-01-21 07:00:00+00:00,8.58,8.08,13.99,13.5,-3.2,-3.4
turbine_1,2026-01-21 08:00:00+00:00,8.68,7.88,14.14,12.81,-2.5,-2.8
turbine_1,2026-01-21 09:00:00+00:00,8.49,7.24,13.87,11.97,-2.5,-2.6
turbine_1,2026-01-21 10:00:00+00:00,7.13,6.6,13.09,11.82,-2.9,-3.1
turbine_1,2026-01-21 11:00:00+00:00,6.14,5.47,12.91,11.71,-4.8,-4.8
turbine_1,2026-01-21 12:00:00+00:00,4.39,4.92,12.15,12.21,-6.8,-6.7
turbine_1,2026-01-21 13:00:00+00:00,3.38,3.51,11.76,11.46,-7.8,-7.6
turbine_1,2026-01-21 14:00:00+00:00,3.13,3.45,11.21,12.09,-8.2,-8.1
turbine_1,2026-01-21 15:00:00+00:00,3.11,3.64,11.3,12.38,-8.4,-7.9
turbine_1,2026-01-21 16:00:00+00:00,3.26,3.57,11.58,12.42,-8.2,-7.8
turbine_1,2026-01-21 17:00:00+00:00,3.47,4.0,12.37,12.67,-7.7,-7.8
turbine_1,2026-01-21 18:00:00+00:00,3.86,3.71,13.07,13.04,-7.0,-7.6
turbine_1,2026-01-21 19:00:00+00:00,3.35,3.57,13.09,12.97,-7.4,-7.7
turbine_1,2026-01-21 20:00:00+00:00,3.44,3.61,12.54,13.17,-7.5,-7.7
turbine_1,2026-01-21 21:00:00+00:00,2.14,3.27,11.28,12.54,-8.7,-8.2
turbine_1,2026-01-21 22:00:00+00:00,1.24,2.85,9.18,12.13,-10.2,-8.9
turbine_1,2026-01-21 23:00:00+00:00,2.42,2.75,9.22,11.49,-10.3,-8.6
turbine_1,2026-01-22 00:00:00+00:00,1.56,2.02,6.13,11.29,-10.6,-9.6
turbine_1,2026-01-22 01:00:00+00:00,1.99,2.24,3.0,10.93,-11.3,-10.1
turbine_1,2026-01-22 02:00:00+00:00,1.72,1.6,4.41,10.3,-11.3,-10.1
turbine_1,2026-01-22 03:00:00+00:00,3.48,1.22,8.26,8.51,-9.6,-10.4
turbine_1,2026-01-22 04:00:00+00:00,5.64,4.07,12.35,10.26,-6.1,-7.3
turbine_1,2026-01-22 05:00:00+00:00,6.95,6.14,13.21,11.99,-4.0,-4.9
turbine_1,2026-01-22 06:00:00+00:00,5.59,6.04,10.57,9.86,-2.6,-3.4
turbine_1,2026-01-22 07:00:00+00:00,5.11,4.92,8.43,8.22,-2.9,-4.4
turbine_1,2026-01-22 08:00:00+00:00,2.67,2.1,3.14,3.09,-3.3,-4.3
turbine_1,2026-01-22 09:00:00+00:00,3.68,1.14,4.88,1.27,-3.6,-4.3
turbine_1,2026-01-22 10:00:00+00:00,5.57,3.26,8.98,4.36,-4.1,-4.8
turbine_1,2026-01-22 11:00:00+00:00,5.52,4.94,10.05,8.79,-5.7,-5.7
turbine_1,2026-01-22 12:00:00+00:00,4.5,4.74,9.31,9.31,-6.5,-6.3
turbine_1,2026-01-22 13:00:00+00:00,5.17,4.47,9.53,9.12,-6.9,-6.4
turbine_1,2026-01-22 14:00:00+00:00,4.95,5.6,9.26,10.11,-6.8,-7.4
turbine_1,2026-01-22 15:00:00+00:00,5.66,7.03,10.57,12.03,-7.1,-7.3
turbine_1,2026-01-22 16:00:00+00:00,5.97,7.08,11.43,11.94,-6.8,-6.6
turbine_1,2026-01-22 17:00:00+00:00,6.59,5.95,12.18,11.42,-6.9,-5.9
turbine_1,2026-01-22 18:00:00+00:00,6.28,4.89,12.07,10.07,-8.7,-7.2
turbine_1,2026-01-22 19:00:00+00:00,5.78,5.66,11.51,10.8,-7.8,-7.6
turbine_1,2026-01-22 20:00:00+00:00,6.65,5.8,11.59,11.0,-7.1,-7.8
turbine_1,2026-01-22 21:00:00+00:00,6.4,4.55,11.21,9.63,-7.3,-8.9
turbine_1,2026-01-22 22:00:00+00:00,6.18,4.59,11.13,8.48,-6.6,-8.0
turbine_1,2026-01-22 23:00:00+00:00,4.88,5.05,9.02,8.49,-5.6,-7.4
turbine_1,2026-01-23 00:00:00+00:00,3.78,4.25,6.48,6.71,-4.9,-6.0
turbine_1,2026-01-23 01:00:00+00:00,3.44,2.25,5.34,4.38,-4.5,-5.7
turbine_1,2026-01-23 02:00:00+00:00,2.91,1.12,3.93,2.22,-4.2,-4.9
turbine_1,2026-01-23 03:00:00+00:00,1.5,1.3,1.48,1.68,-3.9,-5.0
turbine_1,2026-01-23 04:00:00+00:00,1.48,0.85,0.73,1.39,-3.3,-5.0
turbine_1,2026-01-23 05:00:00+00:00,1.99,1.12,0.41,2.26,-2.7,-4.7
turbine_1,2026-01-23 06:00:00+00:00,7.62,1.58,10.17,0.81,-1.1,-3.5
turbine_1,2026-01-23 07:00:00+00:00,6.73,2.25,9.8,0.72,-0.9,-2.6
turbine_1,2026-01-23 08:00:00+00:00,6.12,2.75,8.93,2.06,-0.9,-1.4
turbine_1,2026-01-23 09:00:00+00:00,5.44,3.69,9.14,3.82,-1.7,-0.8
turbine_1,2026-01-23 10:00:00+00:00,4.53,3.22,8.83,4.75,-2.0,-1.1
turbine_1,2026-01-23 11:00:00+00:00,3.78,3.54,8.32,5.79,-2.8,-2.4
turbine_1,2026-01-23 12:00:00+00:00,4.08,4.24,8.27,8.81,-4.1,-4.3
turbine_1,2026-01-23 13:00:00+00:00,3.88,3.4,7.96,7.47,-3.9,-4.4
turbine_1,2026-01-23 14:00:00+00:00,4.46,3.47,8.18,6.94,-3.3,-4.7
turbine_1,2026-01-23 15:00:00+00:00,3.58,3.72,8.42,7.05,-4.3,-4.1
turbine_1,2026-01-23 16:00:00+00:00,3.19,2.22,7.79,5.44,-4.1,-4.3
turbine_1,2026-01-23 17:00:00+00:00,3.16,2.3,6.3,5.19,-4.6,-4.9
turbine_1,2026-01-23 18:00:00+00:00,2.38,3.35,4.88,5.71,-4.7,-4.5
turbine_1,2026-01-23 19:00:00+00:00,1.52,2.3,1.7,4.52,-7.0,-6.4
turbine_1,2026-01-23 20:00:00+00:00,2.39,2.51,2.42,1.17,-8.8,-8.5
turbine_1,2026-01-23 21:00:00+00:00,3.09,2.66,5.32,3.09,-8.9,-9.3
turbine_1,2026-01-23 22:00:00+00:00,3.2,3.3,7.71,7.06,-9.0,-9.2
turbine_1,2026-01-23 23:00:00+00:00,3.5,3.62,9.63,9.46,-8.9,-9.1
turbine_1,2026-01-24 00:00:00+00:00,3.62,3.73,10.2,10.39,-9.2,-9.1
turbine_1,2026-01-24 01:00:00+00:00,3.88,4.37,10.61,12.22,-9.4,-9.1
turbine_1,2026-01-24 02:00:00+00:00,4.15,4.1,11.76,12.4,-9.4,-9.2
turbine_1,2026-01-24 03:00:00+00:00,4.39,4.78,12.7,12.75,-8.6,-8.6
turbine_1,2026-01-24 04:00:00+00:00,5.31,5.95,13.1,14.27,-6.3,-6.4
turbine_1,2026-01-24 05:00:00+00:00,6.48,6.77,14.18,14.9,-4.2,-4.2
turbine_1,2026-01-24 06:00:00+00:00,6.78,7.02,14.4,14.88,-3.0,-2.9
turbine_1,2026-01-24 07:00:00+00:00,7.28,6.96,15.1,14.95,-2.2,-2.1
turbine_1,2026-01-24 08:00:00+00:00,6.9,6.86,14.42,14.77,-1.9,-1.7
turbine_1,2026-01-24 09:00:00+00:00,6.55,6.74,14.14,14.8,-2.1,-1.8
turbine_1,2026-01-24 10:00:00+00:00,6.17,6.01,13.83,13.54,-2.7,-2.5
turbine_1,2026-01-24 11:00:00+00:00,5.2,4.79,12.88,11.98,-4.4,-4.3
turbine_1,2026-01-24 12:00:00+00:00,4.2,4.2,11.25,11.22,-6.8,-6.5
turbine_1,2026-01-24 13:00:00+00:00,4.2,3.7,10.94,10.96,-7.8,-7.5
turbine_1,2026-01-24 14:00:00+00:00,4.03,3.7,11.03,11.14,-7.6,-7.8
turbine_1,2026-01-24 15:00:00+00:00,4.5,3.4,12.3,10.48,-7.4,-7.7
turbine_1,2026-01-24 16:00:00+00:00,4.12,3.82,12.01,11.02,-6.9,-7.7
turbine_1,2026-01-24 17:00:00+00:00,4.28,3.2,11.68,10.55,-7.0,-7.3
turbine_1,2026-01-24 18:00:00+00:00,3.65,3.31,10.12,10.65,-6.3,-6.9
turbine_1,2026-01-24 19:00:00+00:00,3.24,2.91,9.71,10.16,-6.2,-6.2
turbine_1,2026-01-24 20:00:00+00:00,3.31,3.42,9.72,10.56,-5.6,-5.1
turbine_1,2026-01-24 21:00:00+00:00,2.86,3.61,9.96,11.22,-6.2,-5.2
turbine_1,2026-01-24 22:00:00+00:00,3.67,4.16,10.74,11.65,-5.6,-5.0
turbine_1,2026-01-24 23:00:00+00:00,3.52,4.16,10.78,11.66,-5.2,-5.1
turbine_1,2026-01-25 00:00:00+00:00,1.79,3.85,9.19,12.04,-5.1,-5.5
turbine_1,2026-01-25 01:00:00+00:00,1.3,3.0,7.29,11.13,-7.0,-5.6
turbine_1,2026-01-25 02:00:00+00:00,0.94,1.42,4.11,8.06,-6.4,-6.4
turbine_1,2026-01-25 03:00:00+00:00,0.9,1.3,2.59,5.19,-5.8,-7.1
turbine_1,2026-01-25 04:00:00+00:00,1.26,0.28,1.49,2.8,-4.5,-5.3
turbine_1,2026-01-25 05:00:00+00:00,1.06,0.91,0.71,2.42,-4.0,-4.5
turbine_1,2026-01-25 06:00:00+00:00,1.7,2.19,0.91,3.32,-3.0,-3.5
turbine_1,2026-01-25 07:00:00+00:00,1.1,2.56,0.67,3.26,-1.2,-3.0
turbine_1,2026-01-25 08:00:00+00:00,1.22,0.81,0.81,1.82,-0.9,-2.9
turbine_1,2026-01-25 09:00:00+00:00,1.24,1.77,0.92,2.64,-0.5,-1.7
turbine_1,2026-01-25 10:00:00+00:00,1.71,0.82,1.66,1.08,-1.1,-1.1
turbine_1,2026-01-25 11:00:00+00:00,2.26,1.25,3.9,0.73,-1.8,-3.3
turbine_1,2026-01-25 12:00:00+00:00,1.71,1.75,3.57,1.13,-3.7,-4.6
turbine_1,2026-01-25 13:00:00+00:00,1.3,1.5,2.95,0.3,-3.9,-4.0
turbine_1,2026-01-25 14:00:00+00:00,1.97,1.61,1.98,1.0,-3.8,-3.7
turbine_1,2026-01-25 15:00:00+00:00,2.2,1.49,0.72,1.0,-4.3,-3.7
turbine_1,2026-01-25 16:00:00+00:00,2.44,1.28,3.64,1.2,-3.1,-3.7
turbine_1,2026-01-25 17:00:00+00:00,2.83,1.63,6.59,3.34,-4.6,-4.4
turbine_1,2026-01-25 18:00:00+00:00,3.06,3.28,7.56,7.85,-4.2,-3.8
turbine_1,2026-01-25 19:00:00+00:00,3.42,3.49,8.69,8.84,-4.5,-4.3
turbine_1,2026-01-25 20:00:00+00:00,3.86,3.45,9.81,8.99,-4.9,-4.8
turbine_1,2026-01-25 21:00:00+00:00,3.62,3.4,9.71,9.21,-5.5,-5.6
turbine_1,2026-01-25 22:00:00+00:00,4.12,4.46,9.88,10.32,-6.1,-6.0
turbine_1,2026-01-25 23:00:00+00:00,4.46,5.11,10.31,10.97,-5.8,-5.5
turbine_1,2026-01-26 00:00:00+00:00,4.46,4.33,10.5,10.69,-5.5,-7.3
turbine_1,2026-01-26 01:00:00+00:00,3.76,4.2,10.48,10.72,-4.9,-7.0
turbine_1,2026-01-26 02:00:00+00:00,4.03,3.49,11.46,10.82,-6.7,-7.9
turbine_1,2026-01-26 03:00:00+00:00,4.11,4.53,11.2,11.75,-7.1,-7.8
turbine_1,2026-01-26 04:00:00+00:00,4.88,5.42,11.27,11.72,-5.2,-5.9
turbine_1,2026-01-26 05:00:00+00:00,5.97,6.4,11.76,11.36,-3.3,-4.3
turbine_1,2026-01-26 06:00:00+00:00,6.9,7.56,12.01,12.39,-2.1,-2.6
turbine_1,2026-01-26 07:00:00+00:00,7.25,7.94,12.47,12.61,-1.3,-1.6
turbine_1,2026-01-26 08:00:00+00:00,7.44,7.88,12.59,12.84,-0.7,-0.9
turbine_1,2026-01-26 09:00:00+00:00,6.8,7.63,12.08,13.02,-0.5,-0.5
turbine_1,2026-01-26 10:00:00+00:00,5.88,6.86,11.1,12.63,-0.8,-0.7
turbine_1,2026-01-26 11:00:00+00:00,4.8,5.69,10.01,11.88,-2.4,-2.3
turbine_1,2026-01-26 12:00:00+00:00,2.75,4.05,9.18,11.3,-4.6,-4.6
turbine_1,2026-01-26 13:00:00+00:00,2.24,3.45,8.81,11.19,-5.6,-5.5
turbine_1,2026-01-26 14:00:00+00:00,2.55,3.57,8.69,11.68,-5.7,-5.7
turbine_1,2026-01-26 15:00:00+00:00,2.55,3.59,8.05,11.5,-6.2,-5.6
turbine_1,2026-01-26 16:00:00+00:00,2.51,3.61,7.83,11.55,-6.5,-5.6
turbine_1,2026-01-26 17:00:00+00:00,2.88,3.1,8.6,11.11,-6.4,-5.6
turbine_1,2026-01-26 18:00:00+00:00,3.11,3.62,9.98,11.41,-5.8,-5.6
turbine_1,2026-01-26 19:00:00+00:00,3.41,3.86,10.78,11.4,-5.4,-5.7
turbine_1,2026-01-26 20:00:00+00:00,3.57,3.98,11.31,12.34,-5.2,-5.8
turbine_1,2026-01-26 21:00:00+00:00,3.47,3.74,11.59,12.22,-6.0,-6.1
turbine_1,2026-01-26 22:00:00+00:00,3.16,3.96,11.32,11.77,-6.6,-6.7
turbine_1,2026-01-26 23:00:00+00:00,2.84,3.83,10.25,11.67,-7.4,-7.0
turbine_1,2026-01-27 00:00:00+00:00,2.42,3.01,9.38,10.38,-7.8,-7.8
turbine_1,2026-01-27 01:00:00+00:00,2.4,2.65,8.84,10.02,-7.2,-8.0
turbine_1,2026-01-27 02:00:00+00:00,2.5,2.28,8.23,8.68,-6.6,-7.3
turbine_1,2026-01-27 03:00:00+00:00,2.5,2.66,7.76,8.43,-5.3,-6.4
turbine_1,2026-01-27 04:00:00+00:00,3.05,3.28,7.38,7.98,-3.7,-4.5
turbine_1,2026-01-27 05:00:00+00:00,3.36,3.52,6.71,6.93,-2.4,-3.6
turbine_1,2026-01-27 06:00:00+00:00,2.72,2.73,5.47,5.04,-1.5,-2.9
turbine_1,2026-01-27 07:00:00+00:00,2.66,2.6,5.06,4.81,-1.1,-1.7
turbine_1,2026-01-27 08:00:00+00:00,2.73,2.55,5.0,4.61,-0.7,-0.8
turbine_1,2026-01-27 09:00:00+00:00,2.64,2.82,4.83,4.78,-0.5,-0.4
turbine_1,2026-01-27 10:00:00+00:00,2.28,3.0,4.97,5.46,-0.8,-1.0
turbine_1,2026-01-27 11:00:00+00:00,2.09,3.26,4.83,6.05,-1.7,-2.4
turbine_1,2026-01-27 12:00:00+00:00,2.2,2.98,5.04,5.89,-2.8,-3.6
turbine_1,2026-01-27 13:00:00+00:00,1.71,2.42,4.72,5.79,-3.5,-3.9
turbine_1,2026-01-27 14:00:00+00:00,1.48,1.9,4.18,5.26,-3.7,-4.2
turbine_1,2026-01-27 15:00:00+00:00,1.61,1.87,3.91,5.15,-3.5,-4.5
turbine_1,2026-01-27 16:00:00+00:00,1.43,1.7,3.7,5.11,-3.4,-4.2
turbine_1,2026-01-27 17:00:00+00:00,1.3,2.11,3.4,5.54,-3.3,-3.9
turbine_1,2026-01-27 18:00:00+00:00,1.68,1.9,4.24,4.9,-3.7,-3.9
turbine_1,2026-01-27 19:00:00+00:00,1.44,1.77,3.67,4.79,-4.1,-4.3
turbine_1,2026-01-27 20:00:00+00:00,1.14,1.2,3.06,4.34,-4.2,-4.7
turbine_1,2026-01-27 21:00:00+00:00,1.08,1.49,2.25,3.51,-3.9,-4.9
turbine_1,2026-01-27 22:00:00+00:00,1.17,1.2,2.21,2.04,-4.0,-4.7
turbine_1,2026-01-27 23:00:00+00:00,1.61,1.52,1.42,1.03,-3.9,-4.6
turbine_1,2026-01-28 00:00:00+00:00,1.62,1.61,1.02,0.92,-3.4,-4.1
turbine_1,2026-01-28 01:00:00+00:00,2.14,2.2,2.5,1.21,-3.1,-3.8
turbine_1,2026-01-28 02:00:00+00:00,2.06,2.34,3.67,2.89,-3.3,-3.7
turbine_1,2026-01-28 03:00:00+00:00,2.13,2.33,3.83,3.24,-2.5,-2.9
turbine_1,2026-01-28 04:00:00+00:00,2.92,2.72,3.04,3.13,-1.9,-1.8
turbine_1,2026-01-28 05:00:00+00:00,2.75,3.44,2.38,3.09,-1.5,-0.5
turbine_1,2026-01-28 06:00:00+00:00,2.28,1.8,2.15,0.99,-0.6,-0.6
turbine_1,2026-01-28 07:00:00+00:00,1.92,0.61,1.66,1.12,-0.1,-0.5
turbine_1,2026-01-28 08:00:00+00:00,1.22,1.04,0.61,2.51,-0.0,0.1
turbine_1,2026-01-28 09:00:00+00:00,0.22,2.47,0.81,3.41,0.3,0.1
turbine_1,2026-01-28 10:00:00+00:00,1.41,3.04,2.15,4.73,0.4,-0.8
turbine_1,2026-01-28 11:00:00+00:00,2.73,3.35,4.27,5.8,-0.8,-2.1
turbine_1,2026-01-28 12:00:00+00:00,3.76,3.71,6.69,6.82,-2.0,-2.6
turbine_1,2026-01-28 13:00:00+00:00,3.32,3.49,7.56,8.49,-3.1,-2.7
turbine_1,2026-01-28 14:00:00+00:00,3.93,3.9,8.77,9.49,-3.2,-3.4
turbine_1,2026-01-28 15:00:00+00:00,4.74,4.79,9.12,10.6,-3.1,-3.5
turbine_1,2026-01-28 16:00:00+00:00,4.65,4.7,9.48,10.31,-3.3,-3.4
turbine_1,2026-01-28 17:00:00+00:00,3.8,4.68,9.53,11.09,-3.6,-4.1
turbine_1,2026-01-28 18:00:00+00:00,2.77,3.83,8.91,10.86,-4.1,-4.5
turbine_1,2026-01-28 19:00:00+00:00,2.97,3.01,8.7,10.25,-4.5,-5.2
turbine_1,2026-01-28 20:00:00+00:00,3.08,2.96,8.9,9.93,-4.7,-5.6
turbine_1,2026-01-28 21:00:00+00:00,2.53,2.83,8.1,9.48,-4.8,-5.7
turbine_1,2026-01-28 22:00:00+00:00,2.62,2.63,8.41,9.13,-5.0,-5.9
turbine_1,2026-01-28 23:00:00+00:00,2.53,3.37,8.08,9.67,-5.3,-5.6
turbine_1,2026-01-29 00:00:00+00:00,2.33,2.31,7.16,8.44,-5.5,-5.9
turbine_1,2026-01-29 01:00:00+00:00,2.43,2.7,7.42,8.28,-5.5,-6.0
turbine_1,2026-01-29 02:00:00+00:00,2.5,3.13,8.24,8.9,-5.6,-5.6
turbine_1,2026-01-29 03:00:00+00:00,2.5,3.13,8.07,9.12,-4.7,-4.7
turbine_1,2026-01-29 04:00:00+00:00,3.98,3.72,8.19,9.31,-2.5,-2.2
turbine_1,2026-01-29 05:00:00+00:00,4.14,5.08,8.36,9.79,-0.4,-0.4
turbine_1,2026-01-29 06:00:00+00:00,5.87,5.8,9.38,10.42,0.1,0.7
turbine_1,2026-01-29 07:00:00+00:00,5.88,6.05,9.84,10.35,1.0,1.4
turbine_1,2026-01-29 08:00:00+00:00,6.16,5.92,10.25,9.9,1.5,1.8
turbine_1,2026-01-29 09:00:00+00:00,5.91,5.61,10.16,9.47,1.8,2.0
turbine_1,2026-01-29 10:00:00+00:00,5.58,5.16,10.43,9.36,1.6,1.7
turbine_1,2026-01-29 11:00:00+00:00,5.01,4.74,10.83,8.81,0.5,0.6
turbine_1,2026-01-29 12:00:00+00:00,4.16,3.71,10.99,9.21,-1.3,-1.5
turbine_1,2026-01-29 13:00:00+00:00,4.16,3.42,10.91,9.4,-2.1,-2.3
turbine_1,2026-01-29 14:00:00+00:00,4.68,3.61,11.4,10.2,-2.3,-2.7
turbine_1,2026-01-29 15:00:00+00:00,5.04,3.83,11.45,10.38,-2.3,-2.9
turbine_1,2026-01-29 16:00:00+00:00,5.28,4.14,13.02,11.36,-2.6,-2.9
turbine_1,2026-01-29 17:00:00+00:00,4.93,4.26,12.92,11.55,-2.8,-3.1
turbine_1,2026-01-29 18:00:00+00:00,4.61,4.18,13.21,11.66,-3.5,-3.5
turbine_1,2026-01-29 19:00:00+00:00,4.62,4.3,13.11,11.83,-3.7,-3.7
turbine_1,2026-01-29 20:00:00+00:00,4.7,4.47,13.57,12.23,-3.8,-3.8
turbine_1,2026-01-29 21:00:00+00:00,4.8,4.9,13.57,12.85,-3.9,-3.8
turbine_1,2026-01-29 22:00:00+00:00,4.63,5.0,13.06,12.63,-4.0,-4.0
turbine_1,2026-01-29 23:00:00+00:00,4.71,5.57,12.44,13.56,-4.2,-4.1
turbine_1,2026-01-30 00:00:00+00:00,5.0,4.68,13.07,12.13,-4.4,-3.8
turbine_1,2026-01-30 01:00:00+00:00,5.1,5.1,13.87,12.79,-4.6,-3.9
turbine_1,2026-01-30 02:00:00+00:00,5.19,5.57,14.13,13.69,-4.7,-4.0
turbine_1,2026-01-30 03:00:00+00:00,5.39,5.63,14.22,14.0,-4.1,-3.6
turbine_1,2026-01-30 04:00:00+00:00,6.43,6.0,14.53,13.77,-2.2,-1.9
turbine_1,2026-01-30 05:00:00+00:00,7.34,7.07,15.22,14.81,-0.4,-0.4
turbine_1,2026-01-30 06:00:00+00:00,8.51,8.19,16.36,15.95,0.4,0.4
turbine_1,2026-01-30 07:00:00+00:00,8.95,8.33,16.74,16.61,1.3,1.5
turbine_1,2026-01-30 08:00:00+00:00,8.15,7.66,16.32,16.48,2.3,2.4
turbine_1,2026-01-30 09:00:00+00:00,7.76,7.35,15.88,16.06,2.5,2.8
turbine_1,2026-01-30 10:00:00+00:00,7.24,6.67,14.69,15.1,2.2,2.4
turbine_1,2026-01-30 11:00:00+00:00,6.41,6.33,13.11,14.02,0.8,1.1
turbine_1,2026-01-30 12:00:00+00:00,5.15,5.57,12.57,13.38,-1.4,-0.8
turbine_1,2026-01-30 13:00:00+00:00,4.26,4.61,12.44,12.87,-2.2,-1.5
turbine_1,2026-01-30 14:00:00+00:00,3.73,3.96,12.07,12.62,-2.4,-1.8
turbine_1,2026-01-30 15:00:00+00:00,3.34,3.37,11.48,11.24,-2.6,-2.0
turbine_1,2026-01-30 16:00:00+00:00,3.13,3.18,10.74,11.14,-3.0,-2.0
turbine_1,2026-01-30 17:00:00+00:00,3.31,3.13,11.27,11.64,-3.2,-2.3
turbine_1,2026-01-30 18:00:00+00:00,3.2,3.32,11.23,11.99,-3.4,-3.0
turbine_1,2026-01-30 19:00:00+00:00,3.31,3.55,11.54,12.31,-3.5,-3.2
turbine_1,2026-01-30 20:00:00+00:00,2.96,3.71,11.37,12.73,-3.8,-3.3
turbine_1,2026-01-30 21:00:00+00:00,3.18,3.79,11.59,12.78,-4.2,-3.4
turbine_1,2026-01-30 22:00:00+00:00,3.1,4.35,11.73,12.63,-4.5,-3.5
turbine_1,2026-01-30 23:00:00+00:00,3.98,4.85,13.38,13.87,-4.5,-3.6
turbine_1,2026-01-31 00:00:00+00:00,4.81,5.15,14.4,14.19,-2.4,-4.2
turbine_1,2026-01-31 01:00:00+00:00,5.25,5.35,14.58,15.4,-2.6,-4.0
turbine_1,2026-01-31 02:00:00+00:00,5.41,5.5,14.72,15.21,-2.7,-4.1
turbine_1,2026-01-31 03:00:00+00:00,5.61,5.41,14.63,14.8,-2.3,-3.8
turbine_1,2026-01-31 04:00:00+00:00,6.26,6.0,14.81,14.49,-0.4,-2.2
turbine_1,2026-01-31 05:00:00+00:00,7.2,7.42,15.8,15.26,1.4,-0.4
turbine_1,2026-01-31 06:00:00+00:00,7.75,8.14,15.86,16.51,4.0,1.0
turbine_1,2026-01-31 07:00:00+00:00,8.19,8.45,16.23,16.2,5.1,2.3
turbine_1,2026-01-31 08:00:00+00:00,8.32,8.1,16.12,16.18,6.0,3.1
turbine_1,2026-01-31 09:00:00+00:00,7.95,7.29,14.3,15.36,6.0,3.6
turbine_1,2026-01-31 10:00:00+00:00,7.29,7.34,12.63,13.46,5.6,3.0
turbine_1,2026-01-31 11:00:00+00:00,6.31,6.4,11.23,11.81,3.9,1.5
turbine_1,2026-01-31 12:00:00+00:00,4.79,4.79,10.16,11.41,2.0,-0.6
turbine_1,2026-01-31 13:00:00+00:00,2.94,3.62,9.67,10.91,0.9,-1.4
turbine_1,2026-01-31 14:00:00+00:00,2.22,2.64,8.32,9.97,0.4,-1.9
turbine_1,2026-01-31 15:00:00+00:00,2.12,2.69,7.15,10.02,-0.0,-1.8
turbine_1,2026-01-31 16:00:00+00:00,1.87,2.21,5.82,8.86,-0.4,-1.9
turbine_1,2026-01-31 17:00:00+00:00,1.57,2.67,4.88,9.23,-1.2,-1.6
turbine_1,2026-01-31 18:00:00+00:00,1.28,2.11,3.61,6.68,-1.8,-1.9
turbine_1,2026-01-31 19:00:00+00:00,1.39,2.3,3.95,6.96,-1.8,-1.8
turbine_1,2026-01-31 20:00:00+00:00,1.96,2.98,4.77,8.04,-1.2,-1.8
turbine_1,2026-01-31 21:00:00+00:00,2.6,3.64,6.18,9.34,-0.6,-1.9
turbine_1,2026-01-31 22:00:00+00:00,3.41,3.96,8.26,10.02,-0.6,-2.0
turbine_1,2026-01-31 23:00:00+00:00,4.22,3.85,10.38,10.38,-1.0,-2.6
turbine_1,2026-02-01 00:00:00+00:00,4.12,3.36,10.78,10.2,-1.6,-1.3
turbine_1,2026-02-01 01:00:00+00:00,5.47,3.49,11.73,10.47,-1.8,-1.4
turbine_1,2026-02-01 02:00:00+00:00,4.78,4.17,11.44,10.63,-2.6,-1.4
turbine_1,2026-02-01 03:00:00+00:00,3.47,4.44,9.78,11.05,-2.4,-1.0
turbine_1,2026-02-01 04:00:00+00:00,5.41,5.02,11.36,10.31,-0.4,0.4
turbine_1,2026-02-01 05:00:00+00:00,5.96,6.14,10.96,10.82,3.0,2.1
turbine_1,2026-02-01 06:00:00+00:00,6.48,6.55,10.6,11.81,3.8,4.6
turbine_1,2026-02-01 07:00:00+00:00,6.63,6.93,11.14,11.72,5.1,5.2
turbine_1,2026-02-01 08:00:00+00:00,6.91,6.93,10.87,11.24,5.9,5.9
turbine_1,2026-02-01 09:00:00+00:00,6.44,6.8,10.26,11.05,5.9,6.0
turbine_1,2026-02-01 10:00:00+00:00,6.07,6.6,10.18,10.7,5.0,5.6
turbine_1,2026-02-01 11:00:00+00:00,5.59,6.44,10.38,10.73,3.3,4.2
turbine_1,2026-02-01 12:00:00+00:00,4.13,5.33,9.26,10.79,1.7,2.2
turbine_1,2026-02-01 13:00:00+00:00,4.16,4.08,9.75,10.25,1.2,1.0
turbine_1,2026-02-01 14:00:00+00:00,3.89,3.58,9.39,10.11,1.2,0.7
turbine_1,2026-02-01 15:00:00+00:00,4.1,3.49,9.48,10.38,0.9,0.5
turbine_1,2026-02-01 16:00:00+00:00,4.11,3.81,9.45,10.91,1.1,0.3
turbine_1,2026-02-01 17:00:00+00:00,3.94,3.92,9.79,11.0,0.3,0.4
turbine_1,2026-02-01 18:00:00+00:00,3.85,3.64,9.97,10.69,0.3,0.1
turbine_1,2026-02-01 19:00:00+00:00,4.39,3.73,10.42,11.0,-0.0,0.1
turbine_1,2026-02-01 20:00:00+00:00,4.57,4.05,11.05,11.23,-0.2,-0.1
turbine_1,2026-02-01 21:00:00+00:00,4.99,4.31,11.36,11.27,-0.4,-0.6
turbine_1,2026-02-01 22:00:00+00:00,5.25,4.35,11.72,11.54,-0.5,-1.0
turbine_1,2026-02-01 23:00:00+00:00,5.46,4.3,12.03,11.9,-0.6,-1.2
turbine_1,2026-02-02 00:00:00+00:00,5.59,4.38,12.43,11.68,-0.6,-1.8
turbine_1,2026-02-02 01:00:00+00:00,5.69,4.7,12.71,11.9,-0.7,-1.9
turbine_1,2026-02-02 02:00:00+00:00,5.63,4.61,12.89,12.12,-1.1,-2.0
turbine_1,2026-02-02 03:00:00+00:00,5.92,4.7,13.78,12.34,0.1,-0.9
turbine_1,2026-02-02 04:00:00+00:00,6.31,6.19,13.43,12.27,2.1,1.7
turbine_1,2026-02-02 05:00:00+00:00,7.91,7.66,14.32,13.6,4.1,3.9
turbine_1,2026-02-02 06:00:00+00:00,7.84,7.8,13.87,13.91,6.4,5.4
turbine_1,2026-02-02 07:00:00+00:00,8.72,8.24,14.59,14.18,7.5,6.8
turbine_1,2026-02-02 08:00:00+00:00,8.68,9.02,14.79,14.72,8.0,7.3
turbine_1,2026-02-02 09:00:00+00:00,8.68,8.8,14.52,14.58,7.9,7.3
turbine_1,2026-02-02 10:00:00+00:00,7.98,8.25,13.15,14.19,7.0,6.2
turbine_1,2026-02-02 11:00:00+00:00,6.32,7.07,11.29,13.51,5.1,4.6
turbine_1,2026-02-02 12:00:00+00:00,3.76,3.64,10.2,10.16,2.4,2.4
turbine_1,2026-02-02 13:00:00+00:00,1.82,2.01,8.36,8.01,1.8,1.2
turbine_1,2026-02-02 14:00:00+00:00,2.42,2.28,7.47,6.84,2.0,1.0
turbine_1,2026-02-02 15:00:00+00:00,2.24,2.56,6.85,6.99,2.2,1.1
turbine_1,2026-02-02 16:00:00+00:00,2.86,2.88,7.13,6.99,1.9,1.3
turbine_1,2026-02-02 17:00:00+00:00,3.01,3.1,7.24,7.3,1.3,1.3
turbine_1,2026-02-02 18:00:00+00:00,2.28,2.82,6.95,6.32,0.3,1.8
turbine_1,2026-02-02 19:00:00+00:00,3.01,3.32,7.49,7.67,0.9,1.9
turbine_1,2026-02-02 20:00:00+00:00,3.98,3.67,8.89,9.44,1.2,2.0
turbine_1,2026-02-02 21:00:00+00:00,3.89,4.11,10.23,11.0,1.3,1.8
turbine_1,2026-02-02 22:00:00+00:00,3.94,3.67,11.14,10.8,0.9,1.2
turbine_1,2026-02-02 23:00:00+00:00,4.25,4.48,12.04,11.64,0.2,0.8
turbine_1,2026-02-03 00:00:00+00:00,3.64,4.74,10.53,11.68,-0.3,0.3
turbine_1,2026-02-03 01:00:00+00:00,2.56,4.64,9.35,11.46,-0.9,-0.4
turbine_1,2026-02-03 02:00:00+00:00,2.05,4.19,8.1,10.61,-1.4,-0.9
turbine_1,2026-02-03 03:00:00+00:00,2.24,3.4,7.38,9.32,-0.6,-0.2
turbine_1,2026-02-03 04:00:00+00:00,3.1,3.61,6.74,7.96,1.8,1.6
turbine_1,2026-02-03 05:00:00+00:00,3.0,3.83,6.2,7.38,4.0,3.5
turbine_1,2026-02-03 06:00:00+00:00,2.95,4.66,7.16,8.32,5.0,5.5
turbine_1,2026-02-03 07:00:00+00:00,2.75,4.08,6.39,7.62,6.6,7.0
turbine_1,2026-02-03 08:00:00+00:00,2.61,3.42,5.8,6.71,7.1,7.6
turbine_1,2026-02-03 09:00:00+00:00,1.97,2.58,4.96,5.97,7.2,7.8
turbine_1,2026-02-03 10:00:00+00:00,0.78,1.53,3.61,4.98,6.8,7.7
turbine_1,2026-02-03 11:00:00+00:00,0.89,1.35,2.14,4.56,5.3,6.2
turbine_1,2026-02-03 12:00:00+00:00,3.12,1.06,2.28,1.5,4.7,3.4
turbine_1,2026-02-03 13:00:00+00:00,3.96,2.04,4.27,1.35,4.7,3.5
turbine_1,2026-02-03 14:00:00+00:00,4.11,2.15,6.8,1.12,4.3,3.3
turbine_1,2026-02-03 15:00:00+00:00,4.31,2.48,7.62,1.48,4.5,3.6
turbine_1,2026-02-03 16:00:00+00:00,4.86,2.76,8.13,2.46,4.3,3.6
turbine_1,2026-02-03 17:00:00+00:00,4.88,2.48,8.2,2.67,3.8,3.6
turbine_1,2026-02-03 18:00:00+00:00,3.82,3.13,7.06,4.24,2.9,3.6
turbine_1,2026-02-03 19:00:00+00:00,3.61,3.62,6.64,5.02,3.3,3.1
turbine_1,2026-02-03 20:00:00+00:00,3.38,2.69,5.7,4.28,4.0,3.0
turbine_1,2026-02-03 21:00:00+00:00,2.7,2.73,5.07,4.3,4.1,2.9
turbine_1,2026-02-03 22:00:00+00:00,3.05,3.22,5.63,5.68,3.9,2.8
turbine_1,2026-02-03 23:00:00+00:00,3.42,3.05,5.92,5.46,3.7,2.7
turbine_1,2026-02-04 00:00:00+00:00,5.16,3.55,8.64,6.11,2.8,1.6
turbine_1,2026-02-04 01:00:00+00:00,3.83,3.96,6.95,6.98,2.7,1.6
turbine_1,2026-02-04 02:00:00+00:00,3.32,4.8,5.24,7.42,2.8,1.3
turbine_1,2026-02-04 03:00:00+00:00,2.47,5.19,4.08,7.5,3.2,1.2
turbine_1,2026-02-04 04:00:00+00:00,2.47,5.5,3.73,7.72,3.6,1.4
turbine_1,2026-02-04 05:00:00+00:00,2.6,4.88,2.11,7.53,3.5,2.0
turbine_1,2026-02-04 06:00:00+00:00,1.91,3.96,3.05,6.16,3.5,3.6
turbine_1,2026-02-04 07:00:00+00:00,2.08,3.55,2.56,5.1,3.7,3.9
turbine_1,2026-02-04 08:00:00+00:00,2.22,3.55,2.19,4.83,4.1,3.9
turbine_1,2026-02-04 09:00:00+00:00,1.97,3.69,1.92,5.23,4.9,4.7
turbine_1,2026-02-04 10:00:00+00:00,2.1,3.58,1.8,5.42,5.4,5.3
turbine_1,2026-02-04 11:00:00+00:00,1.56,3.28,0.63,5.08,5.5,4.8
turbine_1,2026-02-04 12:00:00+00:00,2.47,1.9,5.46,2.92,4.4,4.3
turbine_1,2026-02-04 13:00:00+00:00,3.8,2.39,9.1,5.68,2.2,2.9
turbine_1,2026-02-04 14:00:00+00:00,4.78,2.52,10.37,6.69,1.8,2.3
turbine_1,2026-02-04 15:00:00+00:00,5.42,3.45,10.76,7.94,1.2,1.9
turbine_1,2026-02-04 16:00:00+00:00,5.41,4.79,11.19,9.55,0.8,1.2
turbine_1,2026-02-04 17:00:00+00:00,5.64,4.97,11.82,10.49,0.8,0.8
turbine_1,2026-02-04 18:00:00+00:00,5.69,5.99,12.31,10.6,0.7,0.4
turbine_1,2026-02-04 19:00:00+00:00,5.63,5.55,13.03,11.67,0.6,0.5
turbine_1,2026-02-04 20:00:00+00:00,5.85,6.13,14.18,12.71,0.5,0.5
turbine_1,2026-02-04 21:00:00+00:00,6.39,6.13,14.95,13.6,0.3,0.6
turbine_1,2026-02-04 22:00:00+00:00,6.51,6.39,15.35,14.32,0.2,0.4
turbine_1,2026-02-04 23:00:00+00:00,6.87,6.45,15.95,14.64,0.3,0.3
turbine_1,2026-02-05 00:00:00+00:00,6.79,6.55,16.05,15.34,0.2,0.3
turbine_1,2026-02-05 01:00:00+00:00,7.09,6.69,16.64,15.97,0.3,0.3
turbine_1,2026-02-05 02:00:00+00:00,6.73,7.28,16.97,16.66,0.4,0.2
turbine_1,2026-02-05 03:00:00+00:00,6.77,7.69,16.54,17.08,1.4,1.1
turbine_1,2026-02-05 04:00:00+00:00,7.53,8.02,15.92,16.9,3.3,2.9
turbine_1,2026-02-05 05:00:00+00:00,7.78,7.94,15.33,17.05,4.4,4.2
turbine_1,2026-02-05 06:00:00+00:00,8.1,9.08,15.6,17.45,4.9,5.3
turbine_1,2026-02-05 07:00:00+00:00,7.68,9.2,15.28,17.73,5.4,6.0
turbine_1,2026-02-05 08:00:00+00:00,7.47,9.01,15.12,16.99,5.8,6.4
turbine_1,2026-02-05 09:00:00+00:00,7.38,8.22,15.14,16.28,6.1,6.6
turbine_1,2026-02-05 10:00:00+00:00,6.84,7.84,14.5,16.02,5.9,6.3
turbine_1,2026-02-05 11:00:00+00:00,6.36,6.89,13.48,14.87,4.7,5.2
turbine_1,2026-02-05 12:00:00+00:00,5.69,6.36,12.02,13.52,3.0,3.4
turbine_1,2026-02-05 13:00:00+00:00,4.88,5.91,11.77,12.7,2.1,2.8
turbine_1,2026-02-05 14:00:00+00:00,4.83,6.01,12.15,12.74,1.8,2.8
turbine_1,2026-02-05 15:00:00+00:00,4.3,5.6,11.5,12.41,1.7,2.4
turbine_1,2026-02-05 16:00:00+00:00,4.34,4.71,11.68,12.11,1.7,2.3
turbine_1,2026-02-05 17:00:00+00:00,4.0,3.92,11.18,11.36,1.9,2.0
turbine_1,2026-02-05 18:00:00+00:00,3.81,3.83,10.68,11.14,1.8,1.9
turbine_1,2026-02-05 19:00:00+00:00,3.57,3.64,10.57,10.87,1.7,1.7
turbine_1,2026-02-05 20:00:00+00:00,3.47,3.4,10.27,10.07,1.9,1.6
turbine_1,2026-02-05 21:00:00+00:00,3.13,2.91,10.2,9.26,1.7,1.7
turbine_1,2026-02-05 22:00:00+00:00,2.97,2.46,10.51,8.45,1.4,1.4
turbine_1,2026-02-05 23:00:00+00:00,2.55,1.97,9.71,7.22,1.2,1.1
turbine_1,2026-02-06 00:00:00+00:00,2.57,1.8,9.02,5.74,0.9,1.7
turbine_1,2026-02-06 01:00:00+00:00,2.12,1.7,7.88,3.91,1.0,1.9
turbine_1,2026-02-06 02:00:00+00:00,1.87,1.7,6.24,2.31,1.0,2.0
turbine_1,2026-02-06 03:00:00+00:00,1.28,2.2,4.46,0.92,1.9,3.3
turbine_1,2026-02-06 04:00:00+00:00,0.22,2.33,3.18,0.82,3.5,4.6
turbine_1,2026-02-06 05:00:00+00:00,2.73,2.12,1.44,0.22,4.3,5.9
turbine_1,2026-02-06 06:00:00+00:00,5.73,3.2,5.61,2.72,6.6,6.1
turbine_1,2026-02-06 07:00:00+00:00,7.21,3.41,8.9,4.6,7.7,5.7
turbine_1,2026-02-06 08:00:00+00:00,8.26,4.98,14.07,7.96,4.7,6.2
turbine_1,2026-02-06 09:00:00+00:00,8.21,8.71,14.08,13.66,3.9,5.6
turbine_1,2026-02-06 10:00:00+00:00,9.15,9.33,14.2,15.59,3.4,4.7
turbine_1,2026-02-06 11:00:00+00:00,8.82,8.79,15.65,14.84,3.4,3.7
turbine_1,2026-02-06 12:00:00+00:00,9.47,9.65,16.9,16.25,2.7,2.8
turbine_1,2026-02-06 13:00:00+00:00,9.7,9.33,16.69,15.62,2.3,2.7
turbine_1,2026-02-06 14:00:00+00:00,9.23,7.98,15.76,14.55,2.2,2.9
turbine_1,2026-02-06 15:00:00+00:00,8.83,7.5,15.41,13.53,2.2,2.9
turbine_1,2026-02-06 16:00:00+00:00,8.34,8.02,14.82,13.28,2.1,2.3
turbine_1,2026-02-06 17:00:00+00:00,7.38,7.57,12.73,13.14,1.9,1.7
turbine_1,2026-02-06 18:00:00+00:00,7.03,7.24,12.81,12.33,1.4,1.5
turbine_1,2026-02-06 19:00:00+00:00,6.9,7.25,12.46,12.76,1.0,1.7
turbine_1,2026-02-06 20:00:00+00:00,5.82,7.16,10.83,12.84,1.1,1.4
turbine_1,2026-02-06 21:00:00+00:00,4.1,5.16,8.41,10.57,0.9,1.3
turbine_1,2026-02-06 22:00:00+00:00,2.81,3.31,6.3,7.67,0.4,1.2
turbine_1,2026-02-06 23:00:00+00:00,1.97,2.33,4.4,5.18,0.1,1.0
turbine_1,2026-02-07 00:00:00+00:00,1.79,3.14,4.02,5.43,0.1,0.5
turbine_1,2026-02-07 01:00:00+00:00,1.57,1.63,2.78,3.26,0.3,0.3
turbine_1,2026-02-07 02:00:00+00:00,0.86,0.2,0.64,0.8,0.1,0.4
turbine_1,2026-02-07 03:00:00+00:00,2.28,2.15,2.64,2.12,0.7,0.7
turbine_1,2026-02-07 04:00:00+00:00,4.58,4.92,4.92,5.48,1.7,1.1
turbine_1,2026-02-07 05:00:00+00:00,6.36,6.85,8.7,8.36,2.8,1.9
turbine_1,2026-02-07 06:00:00+00:00,6.27,6.72,9.96,11.38,4.0,3.8
turbine_1,2026-02-07 07:00:00+00:00,5.52,6.0,8.98,10.12,4.4,3.9
turbine_1,2026-02-07 08:00:00+00:00,4.69,5.02,7.73,8.86,4.3,4.0
turbine_1,2026-02-07 09:00:00+00:00,3.06,3.99,5.7,7.79,4.8,4.7
turbine_1,2026-02-07 10:00:00+00:00,2.62,3.4,4.88,6.84,4.9,5.0
turbine_1,2026-02-07 11:00:00+00:00,2.69,3.67,4.44,6.43,4.4,4.5
turbine_1,2026-02-07 12:00:00+00:00,2.53,3.47,2.59,5.13,3.0,2.8
turbine_1,2026-02-07 13:00:00+00:00,3.26,1.94,5.12,3.33,1.2,2.1
turbine_1,2026-02-07 14:00:00+00:00,3.85,1.22,5.01,1.7,1.3,1.9
turbine_1,2026-02-07 15:00:00+00:00,4.62,3.0,5.79,4.62,0.9,1.4
turbine_1,2026-02-07 16:00:00+00:00,4.83,3.13,6.94,4.59,0.6,0.9
turbine_1,2026-02-07 17:00:00+00:00,5.14,3.67,8.46,4.9,0.5,0.9
turbine_1,2026-02-07 18:00:00+00:00,7.09,3.49,11.57,5.53,0.3,0.5
turbine_1,2026-02-07 19:00:00+00:00,8.0,3.93,13.82,6.58,0.5,0.2
turbine_1,2026-02-07 20:00:00+00:00,8.0,4.46,14.04,7.74,0.4,0.3
turbine_1,2026-02-07 21:00:00+00:00,7.69,5.43,13.51,9.34,0.1,0.5
turbine_1,2026-02-07 22:00:00+00:00,6.72,5.66,11.9,9.46,-0.1,0.2
turbine_1,2026-02-07 23:00:00+00:00,6.62,5.29,10.57,9.27,-0.9,0.5
turbine_1,2026-02-08 00:00:00+00:00,6.51,5.1,9.87,9.47,-1.2,0.1
turbine_1,2026-02-08 01:00:00+00:00,4.75,4.47,8.46,8.32,-1.3,-0.5
turbine_1,2026-02-08 02:00:00+00:00,4.22,5.26,7.51,8.14,-0.8,-0.6
turbine_1,2026-02-08 03:00:00+00:00,3.34,4.69,6.39,7.47,-0.1,0.5
turbine_1,2026-02-08 04:00:00+00:00,3.2,5.35,5.82,7.42,1.8,1.9
turbine_1,2026-02-08 05:00:00+00:00,3.01,4.9,4.8,6.67,2.6,2.9
turbine_1,2026-02-08 06:00:00+00:00,1.12,2.86,1.91,4.3,2.8,3.0
turbine_1,2026-02-08 07:00:00+00:00,1.36,2.06,1.26,3.04,3.7,3.4
turbine_1,2026-02-08 08:00:00+00:00,3.5,1.08,3.76,1.48,4.7,3.8
turbine_1,2026-02-08 09:00:00+00:00,5.86,2.25,7.46,1.58,5.1,4.6
turbine_1,2026-02-08 10:00:00+00:00,7.29,4.35,10.95,4.81,4.7,5.1
turbine_1,2026-02-08 11:00:00+00:00,7.87,6.08,14.3,9.4,4.2,4.8
turbine_1,2026-02-08 12:00:00+00:00,7.83,7.4,15.88,16.03,2.3,3.1
turbine_1,2026-02-08 13:00:00+00:00,6.99,7.18,15.66,16.42,1.1,1.6
turbine_1,2026-02-08 14:00:00+00:00,6.95,7.14,16.07,16.55,0.4,0.7
turbine_1,2026-02-08 15:00:00+00:00,7.38,7.16,16.29,16.92,0.0,0.3
turbine_1,2026-02-08 16:00:00+00:00,7.65,7.16,16.3,15.87,0.0,0.3
turbine_1,2026-02-08 17:00:00+00:00,7.65,7.58,16.01,16.06,-0.0,0.1
turbine_1,2026-02-08 18:00:00+00:00,8.26,7.54,17.12,15.63,-0.5,-0.1
turbine_1,2026-02-08 19:00:00+00:00,8.46,8.06,17.38,16.55,-0.6,-0.2
turbine_1,2026-02-08 20:00:00+00:00,8.34,8.67,17.61,17.51,-0.8,-0.5
turbine_1,2026-02-08 21:00:00+00:00,8.5,8.97,18.44,18.65,-1.4,-0.7
turbine_1,2026-02-08 22:00:00+00:00,8.22,8.97,18.66,19.14,-1.7,-1.1
turbine_1,2026-02-08 23:00:00+00:00,8.47,9.09,19.07,19.63,-1.7,-1.3
turbine_1,2026-02-09 00:00:00+00:00,8.46,9.37,18.76,20.07,-2.0,-1.4
turbine_1,2026-02-09 01:00:00+00:00,8.2,9.1,17.87,20.04,-2.2,-1.5
turbine_1,2026-02-09 02:00:00+00:00,8.2,9.02,17.92,20.08,-2.3,-1.6
turbine_1,2026-02-09 03:00:00+00:00,8.13,8.44,18.41,19.66,-1.2,-0.8
turbine_1,2026-02-09 04:00:00+00:00,8.43,9.18,18.41,19.58,1.0,1.1
turbine_1,2026-02-09 05:00:00+00:00,9.42,9.93,19.24,20.21,2.7,2.7
turbine_1,2026-02-09 06:00:00+00:00,9.68,9.52,19.5,20.21,3.6,4.5
turbine_1,2026-02-09 07:00:00+00:00,9.66,9.79,19.23,20.18,5.0,5.3
turbine_1,2026-02-09 08:00:00+00:00,9.24,9.51,18.53,18.98,5.5,6.0
turbine_1,2026-02-09 09:00:00+00:00,8.64,8.95,17.08,17.99,5.3,6.1
turbine_1,2026-02-09 10:00:00+00:00,7.69,6.93,16.82,15.47,5.5,5.4
turbine_1,2026-02-09 11:00:00+00:00,6.01,5.11,15.12,13.84,4.8,4.7
turbine_1,2026-02-09 12:00:00+00:00,4.11,4.88,10.75,10.7,2.5,3.2
turbine_1,2026-02-09 13:00:00+00:00,2.65,2.56,8.95,8.11,1.1,1.8
turbine_1,2026-02-09 14:00:00+00:00,2.43,2.43,7.26,6.44,1.0,1.8
turbine_1,2026-02-09 15:00:00+00:00,2.93,2.3,6.4,5.66,1.2,2.2
turbine_1,2026-02-09 16:00:00+00:00,2.63,2.1,5.94,5.58,1.6,2.1
turbine_1,2026-02-09 17:00:00+00:00,2.44,1.9,5.32,5.04,2.1,2.5
turbine_1,2026-02-09 18:00:00+00:00,2.25,1.4,4.91,4.37,1.9,1.9
turbine_1,2026-02-09 19:00:00+00:00,1.84,1.9,4.12,4.34,2.2,2.2
turbine_1,2026-02-09 20:00:00+00:00,1.49,1.91,4.14,4.59,2.1,2.7
turbine_1,2026-02-09 21:00:00+00:00,2.56,1.68,5.68,4.87,2.3,2.7
turbine_1,2026-02-09 22:00:00+00:00,2.78,3.1,5.69,7.57,2.1,2.6
turbine_1,2026-02-09 23:00:00+00:00,3.6,2.47,8.42,7.65,1.9,1.7
turbine_1,2026-02-10 00:00:00+00:00,3.8,3.44,8.98,9.44,2.4,1.2
turbine_1,2026-02-10 01:00:00+00:00,3.16,3.58,9.9,10.29,1.5,1.0
turbine_1,2026-02-10 02:00:00+00:00,4.41,3.33,10.42,10.07,-0.1,-0.2
turbine_1,2026-02-10 03:00:00+00:00,4.39,3.42,10.29,9.02,0.3,1.0
turbine_1,2026-02-10 04:00:00+00:00,3.54,4.31,8.44,8.44,1.8,1.8
turbine_1,2026-02-10 05:00:00+00:00,5.51,5.96,10.78,8.91,3.0,2.8
turbine_1,2026-02-10 06:00:00+00:00,6.57,5.59,10.15,8.51,4.5,4.8
turbine_1,2026-02-10 07:00:00+00:00,5.69,4.79,8.63,8.49,6.0,6.3
turbine_1,2026-02-10 08:00:00+00:00,3.1,4.82,4.91,7.07,6.2,7.1
turbine_1,2026-02-10 09:00:00+00:00,0.14,3.22,2.16,6.04,6.0,7.2
turbine_1,2026-02-10 10:00:00+00:00,2.15,2.26,2.62,4.87,6.5,7.1
turbine_1,2026-02-10 11:00:00+00:00,1.75,1.61,2.41,4.16,6.0,6.4
turbine_1,2026-02-10 12:00:00+00:00,0.92,2.73,1.63,4.61,4.6,5.2
turbine_1,2026-02-10 13:00:00+00:00,2.92,3.01,4.0,5.81,4.8,4.4
turbine_1,2026-02-10 14:00:00+00:00,3.49,3.6,6.21,7.94,4.5,4.2
turbine_1,2026-02-10 15:00:00+00:00,3.52,3.64,8.77,9.26,4.2,3.7
turbine_1,2026-02-10 16:00:00+00:00,4.18,4.96,10.87,10.67,3.2,2.6
turbine_1,2026-02-10 17:00:00+00:00,5.07,5.03,12.39,11.69,2.9,2.1
turbine_1,2026-02-10 18:00:00+00:00,5.0,4.7,13.69,11.63,2.6,2.3
turbine_1,2026-02-10 19:00:00+00:00,5.76,5.48,15.07,13.25,2.4,2.3
turbine_1,2026-02-10 20:00:00+00:00,6.55,5.87,15.57,15.12,2.2,2.2
turbine_1,2026-02-10 21:00:00+00:00,6.96,6.91,15.29,15.97,1.7,1.7
turbine_1,2026-02-10 22:00:00+00:00,6.85,7.52,14.05,15.88,0.7,1.3
turbine_1,2026-02-10 23:00:00+00:00,5.42,6.71,12.0,14.98,1.1,0.7
turbine_1,2026-02-11 00:00:00+00:00,2.04,5.46,8.55,13.07,1.5,0.6
turbine_1,2026-02-11 01:00:00+00:00,1.04,2.08,5.95,8.99,0.4,1.0
turbine_1,2026-02-11 02:00:00+00:00,2.3,1.03,6.43,4.96,1.2,-0.7
turbine_1,2026-02-11 03:00:00+00:00,4.18,2.25,9.2,4.22,3.4,1.6
turbine_1,2026-02-11 04:00:00+00:00,3.72,1.22,8.73,3.0,5.4,4.6
turbine_1,2026-02-11 05:00:00+00:00,5.24,0.92,10.52,2.91,6.7,5.9
turbine_1,2026-02-11 06:00:00+00:00,8.01,5.95,13.89,11.41,8.5,8.6
turbine_1,2026-02-11 07:00:00+00:00,8.86,8.1,17.28,14.23,9.5,10.0
turbine_1,2026-02-11 08:00:00+00:00,7.22,9.39,16.01,15.65,11.0,11.0
turbine_1,2026-02-11 09:00:00+00:00,6.1,8.78,12.61,14.18,9.4,10.4
turbine_1,2026-02-11 10:00:00+00:00,2.11,5.06,4.85,8.95,8.4,8.7
turbine_1,2026-02-11 11:00:00+00:00,6.13,2.2,3.63,2.44,7.4,7.5
turbine_1,2026-02-11 12:00:00+00:00,5.7,7.69,5.22,8.58,5.7,4.8
turbine_1,2026-02-11 13:00:00+00:00,7.56,3.77,9.72,7.16,4.8,5.6
turbine_1,2026-02-11 14:00:00+00:00,9.61,6.43,13.38,9.77,4.6,4.7
turbine_1,2026-02-11 15:00:00+00:00,8.43,10.0,14.32,13.49,3.5,3.5
turbine_1,2026-02-11 16:00:00+00:00,7.22,9.99,11.72,14.9,3.0,2.8
turbine_1,2026-02-11 17:00:00+00:00,5.28,9.27,9.79,14.98,3.3,2.4
turbine_1,2026-02-11 18:00:00+00:00,5.43,8.14,9.45,12.91,1.1,1.8
turbine_1,2026-02-11 19:00:00+00:00,6.08,7.6,10.48,12.83,1.3,2.2
turbine_1,2026-02-11 20:00:00+00:00,7.47,6.78,12.53,12.08,1.3,1.7
turbine_1,2026-02-11 21:00:00+00:00,6.93,7.48,11.85,12.22,1.0,0.8
turbine_1,2026-02-11 22:00:00+00:00,6.36,7.16,10.16,11.38,1.0,0.8
turbine_1,2026-02-11 23:00:00+00:00,4.92,5.7,7.34,10.12,1.2,0.9
turbine_1,2026-02-12 00:00:00+00:00,3.4,6.22,5.6,9.65,0.5,1.2
turbine_1,2026-02-12 01:00:00+00:00,3.67,5.87,5.94,9.1,0.7,0.9
turbine_1,2026-02-12 02:00:00+00:00,2.59,5.41,4.78,9.46,0.7,1.1
turbine_1,2026-02-12 03:00:00+00:00,2.73,5.2,4.02,8.83,1.0,0.5
turbine_1,2026-02-12 04:00:00+00:00,1.32,4.43,2.0,7.4,1.4,0.8
turbine_1,2026-02-12 05:00:00+00:00,1.03,4.63,1.25,7.03,1.7,1.4
turbine_1,2026-02-12 06:00:00+00:00,3.74,3.01,3.55,4.79,3.3,2.4
turbine_1,2026-02-12 07:00:00+00:00,4.36,3.04,4.66,4.74,3.8,2.7
turbine_1,2026-02-12 08:00:00+00:00,5.14,2.63,6.12,4.41,3.8,3.2
turbine_1,2026-02-12 09:00:00+00:00,5.88,2.35,7.35,3.6,4.5,3.3
turbine_1,2026-02-12 10:00:00+00:00,5.88,2.24,7.91,3.1,4.8,3.0
turbine_1,2026-02-12 11:00:00+00:00,6.41,2.1,8.25,3.21,3.8,2.4
turbine_1,2026-02-12 12:00:00+00:00,2.25,2.82,2.56,4.9,2.6,2.2
turbine_1,2026-02-12 13:00:00+00:00,2.35,4.56,4.69,6.82,1.1,1.6
turbine_1,2026-02-12 14:00:00+00:00,3.29,4.11,6.71,7.53,1.1,1.1
turbine_1,2026-02-12 15:00:00+00:00,2.7,4.66,5.02,7.89,1.1,0.8
turbine_1,2026-02-12 16:00:00+00:00,3.26,4.43,5.14,6.89,0.8,0.4
turbine_1,2026-02-12 17:00:00+00:00,2.91,3.86,4.9,6.26,0.8,0.2
turbine_1,2026-02-12 18:00:00+00:00,1.3,2.61,2.81,4.37,0.2,0.5
turbine_1,2026-02-12 19:00:00+00:00,0.95,2.72,2.2,4.46,-0.6,0.2
turbine_1,2026-02-12 20:00:00+00:00,0.58,1.81,1.1,3.23,-0.8,-0.3
turbine_1,2026-02-12 21:00:00+00:00,1.3,0.95,0.85,1.94,-1.1,-0.1
turbine_1,2026-02-12 22:00:00+00:00,2.26,1.71,2.36,1.77,-0.8,-0.3
turbine_1,2026-02-12 23:00:00+00:00,2.34,1.49,2.92,0.89,-0.8,-0.6
turbine_1,2026-02-13 00:00:00+00:00,2.78,1.3,3.02,1.1,-0.1,0.1
turbine_1,2026-02-13 01:00:00+00:00,3.32,1.33,4.08,1.21,0.3,0.1
turbine_1,2026-02-13 02:00:00+00:00,3.28,1.8,4.4,1.91,0.5,0.3
turbine_1,2026-02-13 03:00:00+00:00,2.16,2.82,3.47,2.92,0.8,0.8
turbine_1,2026-02-13 04:00:00+00:00,2.27,3.55,3.28,4.3,1.1,1.2
turbine_1,2026-02-13 05:00:00+00:00,2.3,3.4,2.47,5.01,1.4,1.6
turbine_1,2026-02-13 06:00:00+00:00,2.33,2.79,1.7,4.4,2.4,2.3
turbine_1,2026-02-13 07:00:00+00:00,1.3,2.47,0.85,3.86,1.9,2.4
turbine_1,2026-02-13 08:00:00+00:00,1.28,2.5,0.82,3.61,1.8,2.4
turbine_1,2026-02-13 09:00:00+00:00,1.2,1.63,1.7,2.66,1.6,2.4
turbine_1,2026-02-13 10:00:00+00:00,0.1,0.81,1.0,1.06,1.8,2.4
turbine_1,2026-02-13 11:00:00+00:00,0.63,0.36,0.32,0.22,2.1,2.4
turbine_1,2026-02-13 12:00:00+00:00,1.6,0.51,2.26,0.36,2.2,2.4
turbine_1,2026-02-13 13:00:00+00:00,2.09,1.1,3.55,1.25,2.0,2.3
turbine_1,2026-02-13 14:00:00+00:00,2.96,1.03,5.33,1.0,1.5,2.2
turbine_1,2026-02-13 15:00:00+00:00,3.89,1.27,6.43,1.34,1.3,2.3
turbine_1,2026-02-13 16:00:00+00:00,5.22,2.38,7.8,2.77,1.4,2.4
turbine_1,2026-02-13 17:00:00+00:00,5.06,3.41,8.72,5.31,1.5,2.5
turbine_1,2026-02-13 18:00:00+00:00,5.23,4.37,10.29,8.04,0.9,1.1
turbine_1,2026-02-13 19:00:00+00:00,5.35,5.01,12.22,9.27,1.0,1.1
turbine_1,2026-02-13 20:00:00+00:00,5.15,5.14,12.89,10.73,0.7,1.0
turbine_1,2026-02-13 21:00:00+00:00,4.68,5.19,11.57,11.64,0.4,0.8
turbine_1,2026-02-13 22:00:00+00:00,4.3,4.74,10.72,11.96,0.6,1.0
turbine_1,2026-02-13 23:00:00+00:00,4.55,4.66,10.85,11.95,0.8,1.0
turbine_1,2026-02-14 00:00:00+00:00,4.35,4.68,10.2,11.12,0.8,0.9
turbine_1,2026-02-14 01:00:00+00:00,3.98,4.62,9.55,11.28,0.4,1.0
turbine_1,2026-02-14 02:00:00+00:00,3.13,4.05,8.77,10.51,0.1,0.5
turbine_1,2026-02-14 03:00:00+00:00,3.85,5.02,8.8,10.6,1.5,1.5
turbine_1,2026-02-14 04:00:00+00:00,4.11,5.98,8.68,11.29,3.4,2.9
turbine_1,2026-02-14 05:00:00+00:00,5.47,5.28,9.31,11.2,4.4,4.3
turbine_1,2026-02-14 06:00:00+00:00,6.16,6.41,9.62,10.81,5.3,5.3
turbine_1,2026-02-14 07:00:00+00:00,5.44,5.91,8.93,10.73,6.3,6.8
turbine_1,2026-02-14 08:00:00+00:00,3.64,5.09,7.16,10.67,7.3,7.5
turbine_1,2026-02-14 09:00:00+00:00,1.22,2.63,4.2,9.1,7.2,7.3
turbine_1,2026-02-14 10:00:00+00:00,1.97,3.52,4.75,9.68,6.4,7.0
turbine_1,2026-02-14 11:00:00+00:00,1.12,2.9,3.77,8.43,5.9,6.5
turbine_1,2026-02-14 12:00:00+00:00,1.66,2.69,4.38,6.17,4.6,4.5
turbine_1,2026-02-14 13:00:00+00:00,0.28,1.43,3.11,4.94,2.7,2.9
turbine_1,2026-02-14 14:00:00+00:00,1.68,1.43,0.95,3.11,2.2,2.0
turbine_1,2026-02-14 15:00:00+00:00,1.91,3.05,0.82,0.5,1.7,1.7
turbine_1,2026-02-14 16:00:00+00:00,2.06,4.09,1.49,6.84,1.6,0.9
turbine_1,2026-02-14 17:00:00+00:00,1.1,2.86,2.05,5.95,1.4,1.0
turbine_1,2026-02-14 18:00:00+00:00,1.71,2.22,4.94,2.86,1.8,1.0
turbine_1,2026-02-14 19:00:00+00:00,1.63,0.89,3.83,2.0,1.2,1.7
turbine_1,2026-02-14 20:00:00+00:00,1.49,0.28,3.86,1.26,1.4,1.9
turbine_1,2026-02-14 21:00:00+00:00,0.41,1.0,3.49,1.7,1.7,1.8
turbine_1,2026-02-14 22:00:00+00:00,2.9,1.03,5.85,1.24,2.2,1.9
turbine_1,2026-02-14 23:00:00+00:00,2.69,2.09,6.24,1.81,2.1,2.4
turbine_1,2026-02-15 00:00:00+00:00,3.31,2.2,6.86,2.64,1.5,3.5
turbine_1,2026-02-15 01:00:00+00:00,3.92,2.15,8.81,3.28,0.6,2.9
turbine_1,2026-02-15 02:00:00+00:00,3.55,2.92,9.21,5.15,0.5,3.1
turbine_1,2026-02-15 03:00:00+00:00,3.8,3.2,8.86,5.99,1.6,3.2
turbine_1,2026-02-15 04:00:00+00:00,5.91,4.34,10.73,6.89,3.4,4.4
turbine_1,2026-02-15 05:00:00+00:00,6.4,5.87,11.89,8.38,4.9,5.3
turbine_1,2026-02-15 06:00:00+00:00,7.08,6.86,13.44,10.76,6.1,6.3
turbine_1,2026-02-15 07:00:00+00:00,6.48,7.03,13.39,12.08,6.8,7.1
turbine_1,2026-02-15 08:00:00+00:00,6.1,6.53,13.17,12.64,7.1,7.9
turbine_1,2026-02-15 09:00:00+00:00,5.89,5.6,13.03,12.81,7.2,8.4
turbine_1,2026-02-15 10:00:00+00:00,5.77,4.95,12.93,12.38,7.1,8.2
turbine_1,2026-02-15 11:00:00+00:00,5.58,4.73,12.71,12.15,6.5,7.4
turbine_1,2026-02-15 12:00:00+00:00,5.17,5.38,12.34,12.78,5.1,5.3
turbine_1,2026-02-15 13:00:00+00:00,5.0,5.19,12.59,13.09,4.3,4.0
turbine_1,2026-02-15 14:00:00+00:00,4.79,5.17,12.31,13.22,3.9,3.7
turbine_1,2026-02-15 15:00:00+00:00,4.81,5.55,12.28,13.19,3.6,3.5
turbine_1,2026-02-15 16:00:00+00:00,4.75,6.01,12.12,13.07,3.3,3.1
turbine_1,2026-02-15 17:00:00+00:00,4.87,6.2,12.04,13.28,3.1,2.9
turbine_1,2026-02-15 18:00:00+00:00,5.06,5.28,11.94,11.65,3.4,2.7
turbine_1,2026-02-15 19:00:00+00:00,5.46,5.19,11.77,11.88,3.4,2.3
turbine_1,2026-02-15 20:00:00+00:00,6.19,5.24,12.47,11.77,3.2,1.9
turbine_1,2026-02-15 21:00:00+00:00,6.59,5.37,13.17,11.8,3.2,1.6
turbine_1,2026-02-15 22:00:00+00:00,6.77,5.69,12.76,12.11,2.9,1.5
turbine_1,2026-02-15 23:00:00+00:00,7.26,5.72,12.5,11.84,2.7,1.8
turbine_1,2026-02-16 00:00:00+00:00,6.62,5.92,11.56,12.54,2.9,2.2
turbine_1,2026-02-16 01:00:00+00:00,5.83,6.33,10.96,12.11,3.1,2.1
turbine_1,2026-02-16 02:00:00+00:00,4.7,5.91,9.96,12.06,2.9,2.4
turbine_1,2026-02-16 03:00:00+00:00,4.89,5.82,9.65,12.47,3.5,2.9
turbine_1,2026-02-16 04:00:00+00:00,5.13,5.83,9.18,11.13,4.0,3.5
turbine_1,2026-02-16 05:00:00+00:00,5.49,6.9,9.5,11.67,4.5,3.8
turbine_1,2026-02-16 06:00:00+00:00,5.19,6.23,9.6,9.72,4.5,2.9
turbine_1,2026-02-16 07:00:00+00:00,5.64,5.15,9.79,9.42,4.6,3.7
turbine_1,2026-02-16 08:00:00+00:00,5.83,5.74,10.15,9.44,5.2,5.8
turbine_1,2026-02-16 09:00:00+00:00,6.72,6.58,10.69,10.75,6.0,7.2
turbine_1,2026-02-16 10:00:00+00:00,6.88,6.75,10.89,11.45,6.3,7.4
turbine_1,2026-02-16 11:00:00+00:00,7.07,7.07,11.62,12.43,6.2,6.4
turbine_1,2026-02-16 12:00:00+00:00,5.61,7.13,10.42,12.54,4.9,6.3
turbine_1,2026-02-16 13:00:00+00:00,5.32,6.96,11.05,14.47,4.3,5.0
turbine_1,2026-02-16 14:00:00+00:00,5.69,6.99,12.3,15.01,4.1,4.7
turbine_1,2026-02-16 15:00:00+00:00,5.86,6.9,12.53,14.71,4.0,4.6
turbine_1,2026-02-16 16:00:00+00:00,5.72,7.57,12.3,14.54,3.6,3.8
turbine_1,2026-02-16 17:00:00+00:00,5.73,7.75,12.84,14.09,3.4,4.3
turbine_1,2026-02-16 18:00:00+00:00,5.7,6.4,14.27,13.11,4.2,3.6
turbine_1,2026-02-16 19:00:00+00:00,5.83,6.59,14.19,13.29,4.0,3.3
turbine_1,2026-02-16 20:00:00+00:00,5.7,7.07,13.87,12.84,3.8,3.1
turbine_1,2026-02-16 21:00:00+00:00,5.03,5.69,12.61,11.55,3.7,3.7
turbine_1,2026-02-16 22:00:00+00:00,4.79,6.19,11.68,12.11,3.3,2.9
turbine_1,2026-02-16 23:00:00+00:00,4.34,5.82,10.5,11.41,3.4,3.2
turbine_1,2026-02-17 00:00:00+00:00,4.12,4.74,9.22,8.16,4.1,3.1
turbine_1,2026-02-17 01:00:00+00:00,4.03,3.92,8.68,6.54,4.0,2.5
turbine_1,2026-02-17 02:00:00+00:00,3.76,4.03,7.79,5.66,4.4,2.4
turbine_1,2026-02-17 03:00:00+00:00,2.64,3.13,7.03,5.76,4.9,2.9
turbine_1,2026-02-17 04:00:00+00:00,4.2,2.33,7.42,5.32,4.7,3.2
turbine_1,2026-02-17 05:00:00+00:00,4.99,4.05,7.05,6.99,4.0,3.3
turbine_1,2026-02-17 06:00:00+00:00,4.02,4.9,6.71,7.44,5.3,7.2
turbine_1,2026-02-17 07:00:00+00:00,3.75,5.61,6.12,7.57,5.6,7.6
turbine_1,2026-02-17 08:00:00+00:00,5.27,5.72,7.38,7.34,5.2,8.5
turbine_1,2026-02-17 09:00:00+00:00,5.81,5.08,8.28,7.09,5.9,8.8
turbine_1,2026-02-17 10:00:00+00:00,5.95,4.36,9.05,6.46,6.5,8.8
turbine_1,2026-02-17 11:00:00+00:00,6.19,4.1,9.79,6.27,6.6,8.5
turbine_1,2026-02-17 12:00:00+00:00,5.8,4.72,10.12,8.6,6.1,7.9
turbine_1,2026-02-17 13:00:00+00:00,6.28,4.66,11.59,9.14,5.8,7.4
turbine_1,2026-02-17 14:00:00+00:00,6.18,4.61,12.66,10.29,5.8,7.4
turbine_1,2026-02-17 15:00:00+00:00,5.72,4.57,13.42,11.36,6.0,7.4
turbine_1,2026-02-17 16:00:00+00:00,6.18,4.4,14.09,12.17,5.7,7.3
turbine_1,2026-02-17 17:00:00+00:00,5.19,4.62,13.24,12.57,5.9,6.2
turbine_1,2026-02-17 18:00:00+00:00,6.01,5.28,13.12,12.66,4.0,5.4
turbine_1,2026-02-17 19:00:00+00:00,6.26,4.78,13.04,12.57,3.8,4.7
turbine_1,2026-02-17 20:00:00+00:00,6.08,4.97,12.52,12.63,3.5,4.1
turbine_1,2026-02-17 21:00:00+00:00,5.55,5.64,12.74,12.85,3.4,3.8
turbine_1,2026-02-17 22:00:00+00:00,5.99,5.42,12.48,12.35,3.3,3.6
turbine_1,2026-02-17 23:00:00+00:00,5.31,5.91,11.73,12.79,3.2,3.2
turbine_1,2026-02-18 00:00:00+00:00,5.46,5.16,12.54,12.79,3.7,2.8
turbine_1,2026-02-18 01:00:00+00:00,6.04,3.83,13.35,12.35,3.4,3.1
turbine_1,2026-02-18 02:00:00+00:00,6.31,5.42,13.04,12.95,3.0,2.6
turbine_1,2026-02-18 03:00:00+00:00,6.48,4.92,13.33,12.01,4.1,4.4
turbine_1,2026-02-18 04:00:00+00:00,7.07,7.05,13.55,12.42,6.5,6.7
turbine_1,2026-02-18 05:00:00+00:00,7.65,7.92,13.87,13.64,9.0,9.4
turbine_1,2026-02-18 06:00:00+00:00,7.97,7.95,14.02,13.89,10.4,11.3
turbine_1,2026-02-18 07:00:00+00:00,7.88,7.94,14.11,13.6,11.4,12.4
turbine_1,2026-02-18 08:00:00+00:00,7.08,6.96,14.82,13.68,12.4,13.5
turbine_1,2026-02-18 09:00:00+00:00,6.71,6.52,14.4,13.64,13.1,13.6
turbine_1,2026-02-18 10:00:00+00:00,6.77,6.64,14.02,13.6,13.0,13.4
turbine_1,2026-02-18 11:00:00+00:00,6.71,6.94,13.66,13.67,12.1,12.5
turbine_1,2026-02-18 12:00:00+00:00,5.95,7.3,12.66,13.98,10.7,10.7
turbine_1,2026-02-18 13:00:00+00:00,4.65,5.41,11.04,11.94,9.3,9.4
turbine_1,2026-02-18 14:00:00+00:00,5.6,5.0,11.98,11.99,8.8,8.7
turbine_1,2026-02-18 15:00:00+00:00,4.84,4.65,12.16,11.55,8.4,8.2
turbine_1,2026-02-18 16:00:00+00:00,5.41,4.24,12.22,11.77,7.9,7.7
turbine_1,2026-02-18 17:00:00+00:00,4.34,4.4,11.92,11.77,7.5,7.1
turbine_1,2026-02-18 18:00:00+00:00,5.05,5.37,12.45,12.12,7.1,7.1
turbine_1,2026-02-18 19:00:00+00:00,4.7,4.87,12.44,12.66,6.7,6.6
turbine_1,2026-02-18 20:00:00+00:00,4.92,5.15,12.33,12.85,6.2,5.9
turbine_1,2026-02-18 21:00:00+00:00,5.12,5.11,13.01,12.42,5.9,5.4
turbine_1,2026-02-18 22:00:00+00:00,4.63,5.03,12.57,13.11,5.4,5.6
turbine_1,2026-02-18 23:00:00+00:00,4.12,4.05,12.17,12.3,5.6,5.7
turbine_1,2026-02-19 00:00:00+00:00,3.67,5.11,10.74,13.42,5.1,5.2
turbine_1,2026-02-19 01:00:00+00:00,3.4,4.3,10.39,12.28,5.3,5.3
turbine_1,2026-02-19 02:00:00+00:00,4.14,4.57,11.63,12.17,5.4,5.1
turbine_1,2026-02-19 03:00:00+00:00,3.4,3.94,10.55,11.42,7.0,6.9
turbine_1,2026-02-19 04:00:00+00:00,4.7,5.78,10.56,11.81,8.4,8.2
turbine_1,2026-02-19 05:00:00+00:00,5.48,6.46,10.11,11.09,10.3,10.4
turbine_1,2026-02-19 06:00:00+00:00,5.88,6.66,10.2,10.86,12.4,11.9
turbine_1,2026-02-19 07:00:00+00:00,5.19,5.8,9.1,9.68,14.2,13.6
turbine_1,2026-02-19 08:00:00+00:00,5.46,5.12,8.41,8.39,14.9,14.5
turbine_1,2026-02-19 09:00:00+00:00,5.48,4.96,8.04,7.56,14.8,14.9
turbine_1,2026-02-19 10:00:00+00:00,4.44,4.72,6.89,7.02,14.9,14.9
turbine_1,2026-02-19 11:00:00+00:00,4.0,4.0,6.28,6.65,14.3,14.6
turbine_1,2026-02-19 12:00:00+00:00,3.49,4.57,6.31,7.92,12.0,12.2
turbine_1,2026-02-19 13:00:00+00:00,3.67,4.02,6.94,8.59,10.4,10.6
turbine_1,2026-02-19 14:00:00+00:00,3.36,3.94,7.26,8.77,9.8,9.7
turbine_1,2026-02-19 15:00:00+00:00,2.62,2.97,6.41,8.26,10.3,9.7
turbine_1,2026-02-19 16:00:00+00:00,1.53,2.47,5.2,7.34,11.1,9.6
turbine_1,2026-02-19 17:00:00+00:00,0.85,2.82,4.98,6.99,10.1,9.7
turbine_1,2026-02-19 18:00:00+00:00,0.64,2.04,5.09,6.17,9.5,10.0
turbine_1,2026-02-19 19:00:00+00:00,0.32,1.0,2.93,4.68,8.7,9.5
turbine_1,2026-02-19 20:00:00+00:00,1.91,0.73,0.92,2.91,9.0,8.9
turbine_1,2026-02-19 21:00:00+00:00,3.0,1.17,1.57,1.84,9.6,8.8
turbine_1,2026-02-19 22:00:00+00:00,3.4,1.93,2.5,0.64,9.3,8.4
turbine_1,2026-02-19 23:00:00+00:00,3.55,3.14,3.23,2.0,8.8,8.8
turbine_1,2026-02-20 00:00:00+00:00,4.1,3.75,5.89,3.67,8.9,8.4
turbine_1,2026-02-20 01:00:00+00:00,4.1,3.56,6.55,4.39,8.9,8.1
turbine_1,2026-02-20 02:00:00+00:00,3.55,3.19,6.76,4.36,8.8,8.0
turbine_1,2026-02-20 03:00:00+00:00,3.44,2.28,6.81,3.4,9.5,9.3
turbine_1,2026-02-20 04:00:00+00:00,4.52,1.63,6.51,2.22,11.2,11.1
turbine_1,2026-02-20 05:00:00+00:00,4.22,1.27,6.28,1.34,12.7,12.4
turbine_1,2026-02-20 06:00:00+00:00,5.51,3.21,7.98,4.9,12.4,13.7
turbine_1,2026-02-20 07:00:00+00:00,5.51,2.44,7.38,3.73,13.3,14.4
turbine_1,2026-02-20 08:00:00+00:00,4.6,1.77,6.6,2.55,14.1,15.0
turbine_1,2026-02-20 09:00:00+00:00,3.8,1.5,5.6,1.2,14.3,15.4
turbine_1,2026-02-20 10:00:00+00:00,3.2,2.39,4.75,1.7,14.3,15.8
turbine_1,2026-02-20 11:00:00+00:00,2.33,5.02,3.8,5.25,13.9,15.3
turbine_1,2026-02-20 12:00:00+00:00,2.21,3.05,2.47,3.22,12.5,13.2
turbine_1,2026-02-20 13:00:00+00:00,2.06,5.86,2.3,10.33,10.6,11.7
turbine_1,2026-02-20 14:00:00+00:00,3.98,6.36,8.49,13.35,10.2,10.5
turbine_1,2026-02-20 15:00:00+00:00,5.16,6.09,11.18,14.15,9.0,9.9
turbine_1,2026-02-20 16:00:00+00:00,5.82,5.88,12.94,14.58,8.7,9.4
turbine_1,2026-02-20 17:00:00+00:00,5.78,5.63,13.89,14.13,8.6,8.7
turbine_1,2026-02-20 18:00:00+00:00,5.92,4.93,13.34,12.62,8.3,8.1
turbine_1,2026-02-20 19:00:00+00:00,5.79,4.98,13.38,12.17,7.8,7.6
turbine_1,2026-02-20 20:00:00+00:00,5.63,4.62,13.21,12.13,7.4,7.1
turbine_1,2026-02-20 21:00:00+00:00,5.16,4.11,12.79,11.3,7.1,6.8
turbine_1,2026-02-20 22:00:00+00:00,4.79,3.67,12.08,10.53,6.6,6.5
turbine_1,2026-02-20 23:00:00+00:00,4.53,3.4,11.42,10.08,6.1,6.3
turbine_1,2026-02-21 00:00:00+00:00,4.44,3.49,11.21,10.31,5.3,5.7
turbine_1,2026-02-21 01:00:00+00:00,3.89,3.22,10.78,9.71,5.3,5.8
turbine_1,2026-02-21 02:00:00+00:00,4.4,3.31,11.45,9.75,6.0,6.2
turbine_1,2026-02-21 03:00:00+00:00,4.12,3.94,10.0,9.75,7.4,7.4
turbine_1,2026-02-21 04:00:00+00:00,6.16,5.04,10.25,9.24,8.3,9.0
turbine_1,2026-02-21 05:00:00+00:00,3.86,3.28,6.95,5.86,9.4,9.9
turbine_1,2026-02-21 06:00:00+00:00,3.3,2.75,0.32,5.5,10.4,10.8
turbine_1,2026-02-21 07:00:00+00:00,12.81,8.06,17.92,6.81,10.7,11.5
turbine_1,2026-02-21 08:00:00+00:00,9.8,11.25,13.36,15.11,9.0,9.0
turbine_1,2026-02-21 09:00:00+00:00,13.06,12.21,16.54,16.45,8.7,8.4
turbine_1,2026-02-21 10:00:00+00:00,13.44,10.53,13.51,12.51,7.3,7.9
turbine_1,2026-02-21 11:00:00+00:00,9.02,9.01,12.42,10.82,7.0,7.3
turbine_1,2026-02-21 12:00:00+00:00,7.91,5.87,9.5,8.93,7.2,5.5
turbine_1,2026-02-21 13:00:00+00:00,7.37,5.95,10.79,8.42,6.2,5.7
turbine_1,2026-02-21 14:00:00+00:00,7.43,3.93,11.29,7.41,5.7,6.0
turbine_1,2026-02-21 15:00:00+00:00,6.69,4.3,9.96,8.61,6.6,6.0
turbine_1,2026-02-21 16:00:00+00:00,5.28,3.42,7.72,7.62,6.7,5.1
turbine_1,2026-02-21 17:00:00+00:00,3.64,3.29,5.92,6.6,6.7,5.2
turbine_1,2026-02-21 18:00:00+00:00,1.84,3.5,2.69,6.43,5.6,5.3
turbine_1,2026-02-21 19:00:00+00:00,1.48,3.38,2.14,6.61,4.9,5.0
turbine_1,2026-02-21 20:00:00+00:00,0.95,2.92,2.16,5.5,4.1,4.6
turbine_1,2026-02-21 21:00:00+00:00,0.73,2.45,1.8,4.18,3.4,3.8
turbine_1,2026-02-21 22:00:00+00:00,1.21,1.52,1.21,2.57,3.1,3.0
turbine_1,2026-02-21 23:00:00+00:00,1.6,0.5,1.26,0.54,3.1,2.5
turbine_1,2026-02-22 00:00:00+00:00,2.01,0.54,2.75,0.28,4.0,3.2
turbine_1,2026-02-22 01:00:00+00:00,3.08,1.21,5.57,1.3,4.3,3.4
turbine_1,2026-02-22 02:00:00+00:00,5.31,1.99,10.15,2.46,3.9,3.8
turbine_1,2026-02-22 03:00:00+00:00,5.95,2.98,11.99,4.2,4.0,5.1
turbine_1,2026-02-22 04:00:00+00:00,7.42,5.42,13.16,8.1,5.8,6.8
turbine_1,2026-02-22 05:00:00+00:00,7.96,7.47,14.2,10.54,7.2,7.3
turbine_1,2026-02-22 06:00:00+00:00,7.27,8.23,13.35,14.36,8.7,9.1
turbine_1,2026-02-22 07:00:00+00:00,7.07,7.83,13.29,13.79,10.0,10.3
turbine_1,2026-02-22 08:00:00+00:00,6.2,6.99,12.62,12.79,10.5,11.1
turbine_1,2026-02-22 09:00:00+00:00,6.2,6.46,12.43,12.45,10.6,11.3
turbine_1,2026-02-22 10:00:00+00:00,5.79,6.26,12.02,12.53,10.9,11.2
turbine_1,2026-02-22 11:00:00+00:00,5.92,5.85,12.76,12.27,10.4,10.8
turbine_1,2026-02-22 12:00:00+00:00,5.66,6.23,12.45,12.56,9.5,9.4
turbine_1,2026-02-22 13:00:00+00:00,5.58,5.43,12.58,11.77,8.0,7.9
turbine_1,2026-02-22 14:00:00+00:00,4.67,4.31,11.27,10.47,7.4,7.0
turbine_1,2026-02-22 15:00:00+00:00,3.81,3.71,10.12,9.74,7.0,6.7
turbine_1,2026-02-22 16:00:00+00:00,3.24,3.5,9.31,9.3,6.7,6.6
turbine_1,2026-02-22 17:00:00+00:00,2.83,3.41,8.46,9.35,6.3,6.4
turbine_1,2026-02-22 18:00:00+00:00,1.9,3.16,6.22,8.82,5.8,6.1
turbine_1,2026-02-22 19:00:00+00:00,2.52,2.69,6.02,8.15,5.7,5.8
turbine_1,2026-02-22 20:00:00+00:00,2.33,2.68,5.61,7.74,5.9,5.6
turbine_1,2026-02-22 21:00:00+00:00,2.73,2.42,5.64,6.98,5.7,5.5
turbine_1,2026-02-22 22:00:00+00:00,2.61,2.13,5.59,6.05,5.3,5.1
turbine_1,2026-02-22 23:00:00+00:00,3.04,1.49,5.66,5.14,4.9,4.6
turbine_1,2026-02-23 00:00:00+00:00,2.1,1.1,4.31,3.1,4.9,4.1
turbine_1,2026-02-23 01:00:00+00:00,1.3,1.13,3.37,2.3,4.6,4.3
turbine_1,2026-02-23 02:00:00+00:00,0.81,1.04,2.5,1.3,4.9,4.8
turbine_1,2026-02-23 03:00:00+00:00,0.78,1.53,1.4,0.51,6.4,6.3
turbine_1,2026-02-23 04:00:00+00:00,1.3,2.35,0.63,0.81,7.3,7.3
turbine_1,2026-02-23 05:00:00+00:00,2.73,3.3,1.4,2.91,8.4,8.5
turbine_1,2026-02-23 06:00:00+00:00,3.35,4.1,2.83,4.63,9.5,9.1
turbine_1,2026-02-23 07:00:00+00:00,4.2,6.21,5.1,8.6,10.2,9.8
turbine_1,2026-02-23 08:00:00+00:00,6.94,8.25,9.52,11.0,10.3,9.5
turbine_1,2026-02-23 09:00:00+00:00,8.91,8.63,10.9,10.8,9.6,8.6
turbine_1,2026-02-23 10:00:00+00:00,8.5,8.4,9.44,10.4,8.6,8.1
turbine_1,2026-02-23 11:00:00+00:00,8.8,8.44,10.15,10.34,7.6,7.5
turbine_1,2026-02-23 12:00:00+00:00,8.57,7.79,11.48,10.14,7.2,6.3
turbine_1,2026-02-23 13:00:00+00:00,7.79,7.55,11.02,8.5,6.1,5.2
turbine_1,2026-02-23 14:00:00+00:00,7.86,7.59,10.0,7.75,5.2,4.3
turbine_1,2026-02-23 15:00:00+00:00,7.98,7.82,9.14,9.08,4.6,3.6
turbine_1,2026-02-23 16:00:00+00:00,8.08,8.01,7.72,8.7,3.8,3.0
turbine_1,2026-02-23 17:00:00+00:00,8.25,8.06,10.02,10.55,2.5,2.0
turbine_1,2026-02-23 18:00:00+00:00,8.66,7.84,11.18,11.48,1.2,1.5
turbine_1,2026-02-23 19:00:00+00:00,8.07,8.07,11.43,12.3,0.8,1.0
turbine_1,2026-02-23 20:00:00+00:00,7.67,7.41,11.45,11.83,0.7,0.6
turbine_1,2026-02-23 21:00:00+00:00,7.07,7.07,11.56,11.59,0.5,0.5
turbine_1,2026-02-23 22:00:00+00:00,6.92,7.08,11.54,11.63,0.1,0.2
turbine_1,2026-02-23 23:00:00+00:00,6.88,6.81,11.85,11.42,0.2,0.1
turbine_1,2026-02-24 00:00:00+00:00,6.86,6.25,11.72,10.97,-0.6,-0.1
turbine_1,2026-02-24 01:00:00+00:00,6.82,5.98,11.73,10.7,-1.2,-0.1
turbine_1,2026-02-24 02:00:00+00:00,7.07,5.98,11.62,10.34,-1.9,0.0
turbine_1,2026-02-24 03:00:00+00:00,7.02,5.95,11.32,9.84,-1.4,0.6
turbine_1,2026-02-24 04:00:00+00:00,6.93,5.98,10.97,9.82,-0.7,1.1
turbine_1,2026-02-24 05:00:00+00:00,6.59,5.65,10.49,8.95,-0.4,1.8
turbine_1,2026-02-24 06:00:00+00:00,6.26,5.95,9.84,8.65,0.2,0.6
turbine_1,2026-02-24 07:00:00+00:00,5.97,5.73,9.14,7.82,1.0,1.0
turbine_1,2026-02-24 08:00:00+00:00,5.89,5.57,8.79,7.59,1.5,1.0
turbine_1,2026-02-24 09:00:00+00:00,6.32,5.87,9.11,8.08,1.2,0.7
turbine_1,2026-02-24 10:00:00+00:00,6.43,6.04,9.34,8.19,0.6,0.9
turbine_1,2026-02-24 11:00:00+00:00,6.13,6.11,8.73,8.34,0.2,0.8
turbine_1,2026-02-24 12:00:00+00:00,5.69,6.84,8.01,10.08,-0.2,-0.0
turbine_1,2026-02-24 13:00:00+00:00,5.15,6.45,7.2,9.84,-0.5,-0.5
turbine_1,2026-02-24 14:00:00+00:00,4.83,5.97,6.84,8.59,-0.6,-0.3
turbine_1,2026-02-24 15:00:00+00:00,4.34,4.83,6.04,7.6,-0.5,-0.3
turbine_1,2026-02-24 16:00:00+00:00,3.4,4.25,4.77,6.98,-0.4,-0.7
turbine_1,2026-02-24 17:00:00+00:00,2.79,3.52,4.13,5.51,-0.7,-1.0
turbine_1,2026-02-24 18:00:00+00:00,0.82,1.25,1.36,2.34,-1.1,-0.7
turbine_1,2026-02-24 19:00:00+00:00,0.95,0.89,0.67,1.17,-1.3,-0.8
turbine_1,2026-02-24 20:00:00+00:00,0.71,0.8,0.45,0.41,-1.3,-1.0
turbine_1,2026-02-24 21:00:00+00:00,1.57,1.35,0.7,0.81,-1.3,-1.1
turbine_1,2026-02-24 22:00:00+00:00,1.35,1.63,0.76,1.3,-1.3,-1.3
turbine_1,2026-02-24 23:00:00+00:00,2.05,1.89,1.56,2.19,-1.0,-1.4
turbine_1,2026-02-25 00:00:00+00:00,1.63,3.0,1.03,3.77,-1.0,-1.6
turbine_1,2026-02-25 01:00:00+00:00,2.3,3.83,2.34,5.55,-0.9,-1.6
turbine_1,2026-02-25 02:00:00+00:00,3.44,4.81,3.77,7.29,-0.0,-1.3
turbine_1,2026-02-25 03:00:00+00:00,3.67,5.78,4.87,8.96,-0.0,-0.3
turbine_1,2026-02-25 04:00:00+00:00,3.75,5.94,4.92,9.94,0.5,1.2
turbine_1,2026-02-25 05:00:00+00:00,3.88,6.28,5.6,10.27,1.2,2.3
turbine_1,2026-02-25 06:00:00+00:00,3.92,5.64,5.58,10.31,1.5,3.7
turbine_1,2026-02-25 07:00:00+00:00,3.55,5.9,5.03,10.38,1.8,4.7
turbine_1,2026-02-25 08:00:00+00:00,3.36,5.11,4.74,9.4,1.8,5.6
turbine_1,2026-02-25 09:00:00+00:00,3.75,5.3,4.79,9.27,2.5,6.1
turbine_1,2026-02-25 10:00:00+00:00,3.89,4.99,4.88,9.01,2.6,6.1
turbine_1,2026-02-25 11:00:00+00:00,4.53,5.27,5.23,9.8,2.7,6.1
turbine_1,2026-02-25 12:00:00+00:00,3.69,3.97,4.84,8.25,2.4,4.6
turbine_1,2026-02-25 13:00:00+00:00,3.53,3.66,5.15,7.93,1.5,4.0
turbine_1,2026-02-25 14:00:00+00:00,4.3,2.34,7.16,6.63,2.3,3.8
turbine_1,2026-02-25 15:00:00+00:00,6.0,2.6,9.3,6.56,2.1,3.0
turbine_1,2026-02-25 16:00:00+00:00,4.97,3.22,8.99,7.43,1.7,3.0
turbine_1,2026-02-25 17:00:00+00:00,4.79,4.0,10.29,8.36,1.1,3.0
turbine_1,2026-02-25 18:00:00+00:00,4.88,4.48,12.28,10.51,2.0,2.7
turbine_1,2026-02-25 19:00:00+00:00,5.03,4.31,13.02,10.89,2.0,2.6
turbine_1,2026-02-25 20:00:00+00:00,5.17,4.62,13.33,11.24,1.8,2.1
turbine_1,2026-02-25 21:00:00+00:00,5.12,4.3,12.84,11.12,1.6,1.7
turbine_1,2026-02-25 22:00:00+00:00,4.55,4.22,12.03,11.19,1.6,1.7
turbine_1,2026-02-25 23:00:00+00:00,4.39,3.89,11.7,11.0,1.1,1.7
turbine_1,2026-02-26 00:00:00+00:00,4.63,4.3,11.59,11.23,1.0,1.2
turbine_1,2026-02-26 01:00:00+00:00,4.43,4.22,11.29,10.77,1.2,1.5
turbine_1,2026-02-26 02:00:00+00:00,4.84,4.66,9.73,11.81,1.2,1.9
turbine_1,2026-02-26 03:00:00+00:00,4.56,4.65,8.14,10.06,1.9,2.7
turbine_1,2026-02-26 04:00:00+00:00,3.04,4.68,7.2,9.24,3.5,3.6
turbine_1,2026-02-26 05:00:00+00:00,1.92,3.94,4.36,7.52,4.9,5.3
turbine_1,2026-02-26 06:00:00+00:00,5.14,3.89,3.35,8.08,5.1,6.4
turbine_1,2026-02-26 07:00:00+00:00,6.63,3.48,6.63,2.21,4.6,6.5
turbine_1,2026-02-26 08:00:00+00:00,6.49,8.17,8.63,7.56,5.8,5.4
turbine_1,2026-02-26 09:00:00+00:00,6.55,6.35,9.45,9.52,4.1,4.3
turbine_1,2026-02-26 10:00:00+00:00,4.79,6.94,7.42,10.24,1.8,4.2
turbine_1,2026-02-26 11:00:00+00:00,5.19,5.3,8.54,7.7,1.7,1.6
turbine_1,2026-02-26 12:00:00+00:00,4.91,4.94,8.98,8.37,1.6,1.6
turbine_1,2026-02-26 13:00:00+00:00,4.71,3.89,9.22,6.51,2.3,2.5
turbine_1,2026-02-26 14:00:00+00:00,4.11,3.91,9.33,7.13,2.4,2.9
turbine_1,2026-02-26 15:00:00+00:00,5.29,5.1,10.4,11.69,2.5,3.0
turbine_1,2026-02-26 16:00:00+00:00,5.6,6.51,12.82,13.08,2.5,3.5
turbine_1,2026-02-26 17:00:00+00:00,6.8,6.01,12.45,12.3,2.7,3.3
turbine_1,2026-02-26 18:00:00+00:00,8.4,8.3,13.71,14.3,2.8,2.8
turbine_1,2026-02-26 19:00:00+00:00,8.31,7.23,13.01,14.61,2.8,2.5
turbine_1,2026-02-26 20:00:00+00:00,7.67,6.38,12.12,13.65,2.2,2.5
turbine_1,2026-02-26 21:00:00+00:00,5.71,6.82,10.08,12.94,1.4,2.0
turbine_1,2026-02-26 22:00:00+00:00,5.63,6.26,10.62,11.81,0.9,1.9
turbine_1,2026-02-26 23:00:00+00:00,5.46,6.38,10.07,8.5,0.5,2.2
turbine_1,2026-02-27 00:00:00+00:00,5.36,5.37,9.22,9.07,1.3,0.7
turbine_1,2026-02-27 01:00:00+00:00,4.84,4.35,8.35,7.06,0.5,1.0
turbine_1,2026-02-27 02:00:00+00:00,3.96,4.02,6.49,6.33,0.4,0.9
turbine_1,2026-02-27 03:00:00+00:00,4.44,3.98,6.11,6.33,0.7,1.1
turbine_1,2026-02-27 04:00:00+00:00,4.22,3.47,6.69,6.06,1.1,1.4
turbine_1,2026-02-27 05:00:00+00:00,4.16,4.12,6.93,6.55,1.9,2.2
turbine_1,2026-02-27 06:00:00+00:00,4.46,6.12,7.01,8.49,2.9,1.0
turbine_1,2026-02-27 07:00:00+00:00,5.25,6.36,8.23,10.04,3.5,1.2
turbine_1,2026-02-27 08:00:00+00:00,6.24,7.35,9.49,11.74,4.1,1.2
turbine_1,2026-02-27 09:00:00+00:00,7.05,7.91,10.75,12.9,4.0,0.9
turbine_1,2026-02-27 10:00:00+00:00,7.82,8.25,11.91,13.76,3.2,0.4
turbine_1,2026-02-27 11:00:00+00:00,7.96,8.83,12.56,14.53,1.5,-0.5
turbine_1,2026-02-27 12:00:00+00:00,8.16,8.26,13.2,14.14,0.9,-1.9
turbine_1,2026-02-27 13:00:00+00:00,7.98,8.12,13.28,14.17,-0.0,-3.1
turbine_1,2026-02-27 14:00:00+00:00,8.1,7.87,13.6,13.78,-0.9,-3.8
turbine_1,2026-02-27 15:00:00+00:00,7.96,7.65,13.38,13.5,-1.7,-4.4
turbine_1,2026-02-27 16:00:00+00:00,7.71,7.56,13.0,13.37,-2.3,-4.7
turbine_1,2026-02-27 17:00:00+00:00,7.38,7.65,12.8,13.35,-3.0,-4.9
turbine_1,2026-02-27 18:00:00+00:00,7.07,7.35,12.03,12.54,-3.1,-4.1
turbine_1,2026-02-27 19:00:00+00:00,7.22,7.6,12.18,13.08,-3.2,-4.5
turbine_1,2026-02-27 20:00:00+00:00,7.52,7.88,12.59,13.47,-3.5,-4.8
turbine_1,2026-02-27 21:00:00+00:00,7.52,7.96,13.09,13.57,-4.1,-5.1
turbine_1,2026-02-27 22:00:00+00:00,7.42,7.84,12.91,13.15,-4.1,-5.1
turbine_1,2026-02-27 23:00:00+00:00,7.74,7.62,13.13,13.13,-4.4,-5.4
turbine_1,2026-02-28 00:00:00+00:00,7.47,7.62,12.82,13.26,-4.7,-5.5
turbine_1,2026-02-28 01:00:00+00:00,6.88,7.22,11.76,12.59,-4.6,-5.7
turbine_1,2026-02-28 02:00:00+00:00,7.75,7.0,12.82,11.92,-5.0,-5.8
turbine_1,2026-02-28 03:00:00+00:00,8.63,6.93,14.23,11.46,-5.1,-5.5
turbine_1,2026-02-28 04:00:00+00:00,9.0,6.48,14.74,10.63,-5.1,-5.0
turbine_1,2026-02-28 05:00:00+00:00,8.76,6.67,14.07,10.41,-4.6,-4.4
turbine_1,2026-02-28 06:00:00+00:00,8.76,7.28,14.05,11.29,-3.3,-3.2
turbine_1,2026-02-28 07:00:00+00:00,9.05,7.45,14.14,11.26,-2.8,-2.5
turbine_1,2026-02-28 08:00:00+00:00,9.58,7.54,15.03,11.58,-2.7,-2.0
turbine_1,2026-02-28 09:00:00+00:00,9.0,7.69,14.78,11.83,-3.1,-2.0
turbine_1,2026-02-28 10:00:00+00:00,8.81,7.68,14.3,11.8,-3.0,-2.0
turbine_1,2026-02-28 11:00:00+00:00,8.51,7.41,13.79,11.39,-3.3,-2.3
turbine_1,2026-02-28 12:00:00+00:00,7.24,6.94,12.58,11.11,-3.6,-3.3
turbine_1,2026-02-28 13:00:00+00:00,6.41,5.94,11.85,10.47,-4.3,-4.2
turbine_1,2026-02-28 14:00:00+00:00,6.22,5.88,11.03,9.53,-4.4,-4.3
turbine_1,2026-02-28 15:00:00+00:00,6.05,5.46,10.57,8.45,-4.6,-4.7
turbine_1,2026-02-28 16:00:00+00:00,6.14,4.97,10.29,7.84,-4.3,-4.9
turbine_1,2026-02-28 17:00:00+00:00,5.99,4.35,9.77,7.0,-4.6,-5.1
turbine_1,2026-02-28 18:00:00+00:00,5.65,5.29,10.27,8.51,-5.0,-5.3
turbine_1,2026-02-28 19:00:00+00:00,5.55,4.96,10.03,8.29,-5.3,-5.4
turbine_1,2026-02-28 20:00:00+00:00,5.41,4.78,9.59,8.01,-5.5,-5.7
turbine_1,2026-02-28 21:00:00+00:00,5.24,4.98,9.28,8.22,-5.6,-6.1
turbine_1,2026-02-28 22:00:00+00:00,5.28,4.74,9.38,7.91,-5.8,-6.6
turbine_1,2026-02-28 23:00:00+00:00,5.32,4.65,9.18,7.37,-5.9,-6.8
turbine_1,2026-03-01 00:00:00+00:00,4.12,5.06,6.48,8.81,-5.6,-6.5
turbine_1,2026-03-01 01:00:00+00:00,3.33,4.66,5.19,7.96,-5.5,-6.5
turbine_1,2026-03-01 02:00:00+00:00,2.82,4.38,4.3,6.89,-5.0,-6.2
turbine_1,2026-03-01 03:00:00+00:00,2.6,4.25,3.99,6.36,-4.5,-5.5
turbine_1,2026-03-01 04:00:00+00:00,2.5,4.05,3.83,6.46,-3.5,-4.6
turbine_1,2026-03-01 05:00:00+00:00,2.24,3.69,3.6,6.28,-2.6,-3.8
turbine_1,2026-03-01 06:00:00+00:00,1.92,2.93,3.1,4.98,-1.4,-2.0
turbine_1,2026-03-01 07:00:00+00:00,2.31,3.14,3.72,5.28,-0.5,-1.1
turbine_1,2026-03-01 08:00:00+00:00,2.62,3.81,4.02,5.36,0.3,-0.3
turbine_1,2026-03-01 09:00:00+00:00,2.75,3.83,4.13,5.42,0.9,0.1
turbine_1,2026-03-01 10:00:00+00:00,2.82,3.98,4.03,5.64,1.1,0.2
turbine_1,2026-03-01 11:00:00+00:00,2.38,3.74,3.71,5.32,0.8,-0.2
turbine_1,2026-03-01 12:00:00+00:00,1.56,1.73,2.44,2.75,-0.4,-0.9
turbine_1,2026-03-01 13:00:00+00:00,1.6,1.36,2.22,2.02,-2.1,-2.6
turbine_1,2026-03-01 14:00:00+00:00,1.97,1.26,2.55,1.32,-2.3,-3.0
turbine_1,2026-03-01 15:00:00+00:00,3.22,2.44,4.61,2.82,-2.0,-2.7
turbine_1,2026-03-01 16:00:00+00:00,3.86,3.09,8.01,4.57,-1.6,-2.7
turbine_1,2026-03-01 17:00:00+00:00,5.28,4.1,12.54,8.72,-1.5,-2.5
turbine_1,2026-03-01 18:00:00+00:00,5.61,5.83,13.71,13.93,-1.0,-1.3
turbine_1,2026-03-01 19:00:00+00:00,5.92,6.14,14.13,13.93,-0.8,-1.1
turbine_1,2026-03-01 20:00:00+00:00,6.58,6.04,14.84,13.78,-0.8,-1.0
turbine_1,2026-03-01 21:00:00+00:00,5.91,5.95,13.97,13.96,-0.7,-0.9
turbine_1,2026-03-01 22:00:00+00:00,5.76,6.28,13.76,14.24,-0.9,-0.8
turbine_1,2026-03-01 23:00:00+00:00,5.41,6.24,13.09,13.75,-0.9,-0.7
turbine_1,2026-03-02 00:00:00+00:00,5.58,6.24,12.81,13.37,-1.3,-0.8
turbine_1,2026-03-02 01:00:00+00:00,5.95,5.87,12.08,12.62,-1.3,-0.8
turbine_1,2026-03-02 02:00:00+00:00,5.61,5.19,11.94,11.5,-0.8,-0.6
turbine_1,2026-03-02 03:00:00+00:00,5.47,5.28,10.87,10.96,0.1,0.5
turbine_1,2026-03-02 04:00:00+00:00,5.99,6.67,11.41,12.21,1.5,1.6
turbine_1,2026-03-02 05:00:00+00:00,7.42,7.56,12.98,12.52,2.6,2.9
turbine_1,2026-03-02 06:00:00+00:00,7.07,6.8,11.23,11.17,3.3,4.1
turbine_1,2026-03-02 07:00:00+00:00,6.69,6.55,11.06,10.66,4.0,5.2
turbine_1,2026-03-02 08:00:00+00:00,6.3,7.38,10.2,11.35,4.3,5.5
turbine_1,2026-03-02 09:00:00+00:00,6.75,5.88,9.84,9.48,4.4,5.5
turbine_1,2026-03-02 10:00:00+00:00,5.45,4.5,7.75,7.8,2.4,4.3
turbine_1,2026-03-02 11:00:00+00:00,2.12,2.47,4.95,4.88,1.7,3.8
turbine_1,2026-03-02 12:00:00+00:00,3.42,2.2,7.08,4.39,2.1,2.9
turbine_1,2026-03-02 13:00:00+00:00,3.45,1.12,7.03,2.73,1.3,2.3
turbine_1,2026-03-02 14:00:00+00:00,3.71,1.8,6.89,2.7,0.7,2.4
turbine_1,2026-03-02 15:00:00+00:00,3.58,1.08,7.09,2.59,1.2,2.4
turbine_1,2026-03-02 16:00:00+00:00,3.78,2.15,7.96,4.17,0.8,2.5
turbine_1,2026-03-02 17:00:00+00:00,3.5,3.23,7.02,5.03,0.7,2.3
turbine_1,2026-03-02 18:00:00+00:00,3.38,3.2,7.31,6.67,1.4,2.1
turbine_1,2026-03-02 19:00:00+00:00,2.82,4.66,6.01,7.83,0.9,1.7
turbine_1,2026-03-02 20:00:00+00:00,1.14,1.94,2.92,5.16,-0.0,1.2
turbine_1,2026-03-02 21:00:00+00:00,1.58,0.58,2.69,1.48,-0.0,0.6
turbine_1,2026-03-02 22:00:00+00:00,1.57,0.89,2.83,0.4,-0.0,0.4
turbine_1,2026-03-02 23:00:00+00:00,0.32,0.76,1.3,0.67,0.1,0.4
turbine_2,2025-12-31 00:00:00+00:00,1.64,2.06,2.75,4.57,0.4,0.5
turbine_2,2025-12-31 01:00:00+00:00,1.93,1.57,2.2,3.93,0.7,1.0
turbine_2,2025-12-31 02:00:00+00:00,1.9,1.36,1.75,2.9,0.4,1.2
turbine_2,2025-12-31 03:00:00+00:00,1.6,1.14,1.1,2.62,2.0,1.4
turbine_2,2025-12-31 04:00:00+00:00,1.32,1.0,1.99,2.6,3.6,3.0
turbine_2,2025-12-31 05:00:00+00:00,1.33,1.36,3.61,3.31,4.4,4.1
turbine_2,2025-12-31 06:00:00+00:00,1.7,0.81,3.26,2.67,6.5,4.1
turbine_2,2025-12-31 07:00:00+00:00,3.33,0.82,5.48,3.21,6.3,4.5
turbine_2,2025-12-31 08:00:00+00:00,3.58,1.49,5.78,3.8,6.1,5.4
turbine_2,2025-12-31 09:00:00+00:00,4.13,1.57,6.02,3.98,6.2,5.5
turbine_2,2025-12-31 10:00:00+00:00,4.48,1.49,7.08,3.61,4.9,4.9
turbine_2,2025-12-31 11:00:00+00:00,3.93,2.01,8.13,3.81,3.7,3.1
turbine_2,2025-12-31 12:00:00+00:00,4.15,3.18,9.01,7.43,3.2,1.8
turbine_2,2025-12-31 13:00:00+00:00,4.05,3.45,9.18,7.95,3.1,1.8
turbine_2,2025-12-31 14:00:00+00:00,4.35,3.23,9.72,8.05,3.1,2.1
turbine_2,2025-12-31 15:00:00+00:00,3.67,2.91,8.81,7.56,2.2,1.7
turbine_2,2025-12-31 16:00:00+00:00,3.71,2.7,8.71,6.55,1.8,1.3
turbine_2,2025-12-31 17:00:00+00:00,3.01,1.6,8.27,5.09,1.4,1.0
turbine_2,2025-12-31 18:00:00+00:00,1.91,1.35,6.07,4.52,3.0,2.2
turbine_2,2025-12-31 19:00:00+00:00,0.51,1.46,3.92,3.83,2.5,2.5
turbine_2,2025-12-31 20:00:00+00:00,1.8,1.12,0.76,2.83,1.8,3.1
turbine_2,2025-12-31 21:00:00+00:00,2.48,2.28,0.98,1.3,1.6,3.5
turbine_2,2025-12-31 22:00:00+00:00,2.94,2.77,1.86,0.22,2.1,3.5
turbine_2,2025-12-31 23:00:00+00:00,3.71,3.16,3.26,1.32,2.7,3.0
turbine_2,2026-01-01 00:00:00+00:00,7.53,4.37,13.47,4.9,2.1,2.1
turbine_2,2026-01-01 01:00:00+00:00,7.21,6.31,12.82,9.49,1.6,1.8
turbine_2,2026-01-01 02:00:00+00:00,6.86,5.15,12.15,10.32,1.5,1.6
turbine_2,2026-01-01 03:00:00+00:00,6.13,4.84,11.06,9.27,1.2,1.5
turbine_2,2026-01-01 04:00:00+00:00,5.1,4.87,9.49,8.84,1.1,1.4
turbine_2,2026-01-01 05:00:00+00:00,5.1,4.3,8.3,8.05,1.4,1.5
turbine_2,2026-01-01 06:00:00+00:00,4.16,3.62,6.49,6.91,1.5,2.0
turbine_2,2026-01-01 07:00:00+00:00,2.91,3.29,4.74,5.95,1.9,2.1
turbine_2,2026-01-01 08:00:00+00:00,1.61,2.75,2.82,4.65,2.4,2.1
turbine_2,2026-01-01 09:00:00+00:00,0.5,1.58,0.67,3.1,2.5,2.1
turbine_2,2026-01-01 10:00:00+00:00,1.84,0.51,1.21,1.75,2.5,2.1
turbine_2,2026-01-01 11:00:00+00:00,3.25,0.81,3.31,0.81,2.0,2.2
turbine_2,2026-01-01 12:00:00+00:00,4.66,1.97,5.95,1.35,1.3,1.7
turbine_2,2026-01-01 13:00:00+00:00,5.06,2.55,7.69,2.58,1.0,1.1
turbine_2,2026-01-01 14:00:00+00:00,5.1,2.94,8.77,3.89,0.6,0.8
turbine_2,2026-01-01 15:00:00+00:00,4.92,3.36,9.39,4.65,0.6,1.2
turbine_2,2026-01-01 16:00:00+00:00,4.34,3.41,8.55,4.92,0.6,1.3
turbine_2,2026-01-01 17:00:00+00:00,4.02,3.06,8.39,4.84,0.4,1.1
turbine_2,2026-01-01 18:00:00+00:00,3.05,2.62,7.42,6.13,-0.1,-0.3
turbine_2,2026-01-01 19:00:00+00:00,2.69,2.75,7.11,5.83,-0.3,-0.5
turbine_2,2026-01-01 20:00:00+00:00,2.33,2.64,6.66,5.14,-0.4,-0.3
turbine_2,2026-01-01 21:00:00+00:00,2.34,2.98,6.44,5.2,-0.5,-0.3
turbine_2,2026-01-01 22:00:00+00:00,2.55,3.24,6.3,5.82,-0.8,-0.3
turbine_2,2026-01-01 23:00:00+00:00,2.62,3.47,6.5,6.4,-0.9,-0.5
turbine_2,2026-01-02 00:00:00+00:00,1.28,2.6,5.59,5.72,-1.1,-0.6
turbine_2,2026-01-02 01:00:00+00:00,1.34,2.77,5.19,6.08,-1.0,-0.8
turbine_2,2026-01-02 02:00:00+00:00,1.52,3.02,5.02,6.67,-0.9,-1.1
turbine_2,2026-01-02 03:00:00+00:00,1.79,3.22,5.2,7.34,-0.6,-0.8
turbine_2,2026-01-02 04:00:00+00:00,3.09,4.38,5.63,7.16,0.5,0.4
turbine_2,2026-01-02 05:00:00+00:00,4.72,5.69,6.8,8.54,1.6,1.6
turbine_2,2026-01-02 06:00:00+00:00,5.85,6.3,8.5,9.26,2.4,2.6
turbine_2,2026-01-02 07:00:00+00:00,5.94,6.3,8.68,9.44,3.3,3.1
turbine_2,2026-01-02 08:00:00+00:00,5.53,5.92,8.23,9.26,3.6,3.6
turbine_2,2026-01-02 09:00:00+00:00,4.9,5.32,7.78,8.64,3.5,3.8
turbine_2,2026-01-02 10:00:00+00:00,4.19,4.53,6.98,7.84,3.1,3.3
turbine_2,2026-01-02 11:00:00+00:00,3.64,3.88,6.62,7.27,2.1,2.3
turbine_2,2026-01-02 12:00:00+00:00,2.82,3.14,6.23,6.9,2.0,1.5
turbine_2,2026-01-02 13:00:00+00:00,2.77,3.05,6.53,7.07,1.7,1.0
turbine_2,2026-01-02 14:00:00+00:00,3.04,3.35,7.02,7.29,1.6,0.6
turbine_2,2026-01-02 15:00:00+00:00,3.67,3.36,7.69,7.78,1.5,0.5
turbine_2,2026-01-02 16:00:00+00:00,3.68,3.31,8.45,8.01,0.7,0.4
turbine_2,2026-01-02 17:00:00+00:00,3.58,3.68,8.77,8.72,0.5,0.3
turbine_2,2026-01-02 18:00:00+00:00,3.94,3.53,9.62,8.81,0.2,0.1
turbine_2,2026-01-02 19:00:00+00:00,4.02,3.44,9.88,9.35,0.2,-0.2
turbine_2,2026-01-02 20:00:00+00:00,4.05,3.27,9.78,9.35,-0.3,-0.5
turbine_2,2026-01-02 21:00:00+00:00,3.85,3.27,9.8,9.39,-0.8,-0.5
turbine_2,2026-01-02 22:00:00+00:00,3.58,3.4,9.54,9.58,-0.9,-0.7
turbine_2,2026-01-02 23:00:00+00:00,3.76,3.44,9.75,9.66,-1.0,-0.7
turbine_2,2026-01-03 00:00:00+00:00,3.45,3.64,9.54,10.06,-1.0,-0.9
turbine_2,2026-01-03 01:00:00+00:00,3.23,2.97,9.3,8.97,-1.1,-1.1
turbine_2,2026-01-03 02:00:00+00:00,3.29,3.26,9.66,9.17,-1.1,-1.2
turbine_2,2026-01-03 03:00:00+00:00,3.38,3.26,9.88,9.08,-0.6,-0.8
turbine_2,2026-01-03 04:00:00+00:00,4.48,4.16,9.84,8.81,1.5,1.2
turbine_2,2026-01-03 05:00:00+00:00,5.77,5.19,10.24,8.68,3.7,3.1
turbine_2,2026-01-03 06:00:00+00:00,6.57,6.19,10.65,9.81,5.2,4.7
turbine_2,2026-01-03 07:00:00+00:00,6.91,6.09,11.03,9.73,6.4,5.9
turbine_2,2026-01-03 08:00:00+00:00,6.35,6.3,10.7,9.84,7.3,6.5
turbine_2,2026-01-03 09:00:00+00:00,6.09,6.13,10.56,9.85,7.5,6.4
turbine_2,2026-01-03 10:00:00+00:00,6.49,5.52,11.05,9.44,6.4,5.5
turbine_2,2026-01-03 11:00:00+00:00,6.13,4.79,11.85,9.48,4.5,3.5
turbine_2,2026-01-03 12:00:00+00:00,4.72,4.66,10.67,10.47,3.0,2.6
turbine_2,2026-01-03 13:00:00+00:00,4.56,3.89,11.0,10.11,2.4,2.3
turbine_2,2026-01-03 14:00:00+00:00,4.16,4.05,10.42,10.38,2.1,2.0
turbine_2,2026-01-03 15:00:00+00:00,4.39,3.89,10.47,10.39,1.8,1.6
turbine_2,2026-01-03 16:00:00+00:00,4.03,3.94,10.43,10.42,1.8,1.3
turbine_2,2026-01-03 17:00:00+00:00,3.77,3.94,9.97,10.55,2.1,1.1
turbine_2,2026-01-03 18:00:00+00:00,3.4,4.38,9.98,10.47,1.6,1.6
turbine_2,2026-01-03 19:00:00+00:00,3.09,4.22,9.48,10.98,1.2,1.4
turbine_2,2026-01-03 20:00:00+00:00,2.92,4.15,9.32,11.03,0.7,1.8
turbine_2,2026-01-03 21:00:00+00:00,2.92,3.86,9.48,11.05,0.4,1.8
turbine_2,2026-01-03 22:00:00+00:00,3.23,4.48,9.7,11.61,0.4,1.4
turbine_2,2026-01-03 23:00:00+00:00,3.45,4.92,9.97,11.41,0.2,1.1
turbine_2,2026-01-04 00:00:00+00:00,3.27,4.88,10.06,12.27,-0.5,0.5
turbine_2,2026-01-04 01:00:00+00:00,3.18,4.16,10.2,11.9,-0.8,0.5
turbine_2,2026-01-04 02:00:00+00:00,2.69,3.69,9.53,11.55,-1.4,0.0
turbine_2,2026-01-04 03:00:00+00:00,2.21,3.62,8.62,10.87,-0.9,0.3
turbine_2,2026-01-04 04:00:00+00:00,1.75,2.42,6.6,8.63,1.1,1.9
turbine_2,2026-01-04 05:00:00+00:00,0.98,0.57,5.04,6.67,2.7,2.6
turbine_2,2026-01-04 06:00:00+00:00,1.26,0.71,4.69,4.83,3.9,3.9
turbine_2,2026-01-04 07:00:00+00:00,0.2,1.32,3.71,2.9,4.7,5.0
turbine_2,2026-01-04 08:00:00+00:00,1.68,3.18,2.24,1.55,5.5,6.0
turbine_2,2026-01-04 09:00:00+00:00,3.11,3.72,0.86,0.67,5.9,6.2
turbine_2,2026-01-04 10:00:00+00:00,3.5,3.62,1.33,2.69,5.3,5.9
turbine_2,2026-01-04 11:00:00+00:00,3.14,3.44,2.06,3.26,3.8,4.5
turbine_2,2026-01-04 12:00:00+00:00,4.02,3.74,4.81,4.87,2.8,3.2
turbine_2,2026-01-04 13:00:00+00:00,4.4,3.97,6.49,6.57,2.4,3.0
turbine_2,2026-01-04 14:00:00+00:00,4.62,4.53,6.8,7.65,2.6,2.9
turbine_2,2026-01-04 15:00:00+00:00,4.06,4.67,6.76,7.79,2.6,2.5
turbine_2,2026-01-04 16:00:00+00:00,4.1,5.04,6.95,8.32,2.2,2.1
turbine_2,2026-01-04 17:00:00+00:00,4.05,5.04,7.24,8.81,1.6,1.4
turbine_2,2026-01-04 18:00:00+00:00,3.26,4.11,6.4,7.96,1.5,1.1
turbine_2,2026-01-04 19:00:00+00:00,3.0,3.61,5.82,7.2,1.2,1.1
turbine_2,2026-01-04 20:00:00+00:00,3.0,3.42,5.9,6.67,0.8,1.0
turbine_2,2026-01-04 21:00:00+00:00,2.83,3.16,5.25,6.17,0.5,1.1
turbine_2,2026-01-04 22:00:00+00:00,2.14,3.08,4.2,5.87,0.5,1.3
turbine_2,2026-01-04 23:00:00+00:00,2.06,3.19,3.54,5.6,0.3,0.7
turbine_2,2026-01-05 00:00:00+00:00,1.39,3.54,2.48,4.4,-0.2,0.6
turbine_2,2026-01-05 01:00:00+00:00,0.6,3.06,1.43,3.56,-0.4,0.8
turbine_2,2026-01-05 02:00:00+00:00,0.98,1.56,1.39,1.08,-0.0,0.5
turbine_2,2026-01-05 03:00:00+00:00,1.75,1.0,2.4,0.81,0.7,0.7
turbine_2,2026-01-05 04:00:00+00:00,2.06,0.71,3.69,1.8,0.8,1.0
turbine_2,2026-01-05 05:00:00+00:00,2.39,0.98,4.31,3.0,1.0,1.2
turbine_2,2026-01-05 06:00:00+00:00,2.39,1.03,4.49,2.4,1.7,1.6
turbine_2,2026-01-05 07:00:00+00:00,2.8,1.84,4.52,3.08,1.7,1.6
turbine_2,2026-01-05 08:00:00+00:00,2.64,1.75,4.3,3.2,1.9,1.4
turbine_2,2026-01-05 09:00:00+00:00,2.47,1.2,4.05,2.81,2.2,1.7
turbine_2,2026-01-05 10:00:00+00:00,2.42,0.81,3.81,2.4,2.2,2.2
turbine_2,2026-01-05 11:00:00+00:00,2.59,0.82,4.03,2.3,1.9,2.3
turbine_2,2026-01-05 12:00:00+00:00,3.0,2.79,4.85,3.64,2.0,1.3
turbine_2,2026-01-05 13:00:00+00:00,4.31,3.55,6.61,5.0,1.7,1.2
turbine_2,2026-01-05 14:00:00+00:00,5.3,4.21,8.14,6.31,0.9,0.8
turbine_2,2026-01-05 15:00:00+00:00,6.45,4.7,9.53,7.25,0.3,0.6
turbine_2,2026-01-05 16:00:00+00:00,5.55,4.97,9.98,8.18,-0.2,-0.0
turbine_2,2026-01-05 17:00:00+00:00,5.48,4.05,10.87,9.08,-0.5,-0.7
turbine_2,2026-01-05 18:00:00+00:00,4.39,3.96,10.74,10.03,-0.7,-0.6
turbine_2,2026-01-05 19:00:00+00:00,4.57,4.16,11.05,10.33,-0.8,-0.7
turbine_2,2026-01-05 20:00:00+00:00,4.74,4.48,11.36,10.91,-1.1,-0.9
turbine_2,2026-01-05 21:00:00+00:00,4.59,5.24,11.67,11.99,-1.1,-1.0
turbine_2,2026-01-05 22:00:00+00:00,4.66,5.5,12.13,12.52,-1.2,-1.2
turbine_2,2026-01-05 23:00:00+00:00,5.11,5.39,12.75,12.7,-1.3,-1.2
turbine_2,2026-01-06 00:00:00+00:00,5.31,5.82,13.1,13.1,-1.5,-1.5
turbine_2,2026-01-06 01:00:00+00:00,5.7,5.46,13.64,13.02,-1.6,-1.4
turbine_2,2026-01-06 02:00:00+00:00,5.54,5.77,13.69,13.31,-1.7,-1.7
turbine_2,2026-01-06 03:00:00+00:00,5.32,5.91,13.6,13.56,-1.5,-1.6
turbine_2,2026-01-06 04:00:00+00:00,6.14,6.44,13.96,13.57,-0.0,0.1
turbine_2,2026-01-06 05:00:00+00:00,7.81,7.6,14.82,14.54,2.0,2.3
turbine_2,2026-01-06 06:00:00+00:00,8.32,7.57,15.08,14.24,3.2,3.6
turbine_2,2026-01-06 07:00:00+00:00,8.14,7.54,14.84,14.2,3.8,4.3
turbine_2,2026-01-06 08:00:00+00:00,8.04,7.45,15.28,13.98,4.0,4.5
turbine_2,2026-01-06 09:00:00+00:00,7.16,7.38,15.11,13.7,4.2,4.5
turbine_2,2026-01-06 10:00:00+00:00,6.55,7.24,14.36,13.41,3.7,3.8
turbine_2,2026-01-06 11:00:00+00:00,6.14,6.36,13.61,12.98,1.8,2.0
turbine_2,2026-01-06 12:00:00+00:00,5.2,5.19,12.85,12.61,0.3,0.6
turbine_2,2026-01-06 13:00:00+00:00,4.63,4.81,12.22,12.22,-0.1,0.2
turbine_2,2026-01-06 14:00:00+00:00,4.18,4.65,11.67,12.03,-0.4,-0.1
turbine_2,2026-01-06 15:00:00+00:00,3.42,4.3,11.05,11.59,-0.8,-0.3
turbine_2,2026-01-06 16:00:00+00:00,2.85,3.94,10.11,11.36,-1.0,-0.5
turbine_2,2026-01-06 17:00:00+00:00,2.18,3.49,8.95,10.38,-1.3,-0.7
turbine_2,2026-01-06 18:00:00+00:00,2.0,2.46,6.74,8.5,-1.4,-1.2
turbine_2,2026-01-06 19:00:00+00:00,2.12,2.28,5.75,7.75,-1.3,-1.2
turbine_2,2026-01-06 20:00:00+00:00,1.89,2.33,4.82,7.26,-1.3,-1.3
turbine_2,2026-01-06 21:00:00+00:00,1.77,2.34,4.0,6.9,-1.5,-1.4
turbine_2,2026-01-06 22:00:00+00:00,1.91,2.21,3.8,6.21,-1.5,-1.3
turbine_2,2026-01-06 23:00:00+00:00,1.84,1.94,3.82,5.43,-1.7,-1.2
turbine_2,2026-01-07 00:00:00+00:00,0.82,2.24,4.55,5.58,-1.6,-1.7
turbine_2,2026-01-07 01:00:00+00:00,1.84,2.41,5.85,5.98,-1.6,-1.8
turbine_2,2026-01-07 02:00:00+00:00,2.68,2.8,6.87,6.93,-2.1,-2.0
turbine_2,2026-01-07 03:00:00+00:00,3.36,2.91,7.59,7.97,-1.8,-2.1
turbine_2,2026-01-07 04:00:00+00:00,3.81,3.55,7.54,7.88,-0.7,-0.9
turbine_2,2026-01-07 05:00:00+00:00,4.69,4.38,7.73,7.88,-0.1,0.3
turbine_2,2026-01-07 06:00:00+00:00,4.72,4.36,7.43,6.89,0.9,1.3
turbine_2,2026-01-07 07:00:00+00:00,4.41,4.13,6.67,6.56,2.2,2.5
turbine_2,2026-01-07 08:00:00+00:00,4.72,5.06,6.46,6.71,3.1,2.8
turbine_2,2026-01-07 09:00:00+00:00,5.2,4.92,6.58,6.74,3.2,2.8
turbine_2,2026-01-07 10:00:00+00:00,5.38,4.41,6.49,6.66,2.6,2.4
turbine_2,2026-01-07 11:00:00+00:00,4.94,5.16,6.62,7.36,0.8,0.4
turbine_2,2026-01-07 12:00:00+00:00,3.68,3.98,6.57,7.58,-0.7,-1.2
turbine_2,2026-01-07 13:00:00+00:00,3.08,3.49,6.22,7.92,-1.2,-1.4
turbine_2,2026-01-07 14:00:00+00:00,3.31,3.62,6.4,8.45,-1.8,-1.7
turbine_2,2026-01-07 15:00:00+00:00,3.77,3.58,6.89,9.0,-2.3,-1.9
turbine_2,2026-01-07 16:00:00+00:00,3.58,4.33,7.03,9.72,-2.4,-2.2
turbine_2,2026-01-07 17:00:00+00:00,3.64,4.39,7.29,9.88,-2.8,-2.3
turbine_2,2026-01-07 18:00:00+00:00,3.8,3.58,7.78,9.08,-3.4,-2.6
turbine_2,2026-01-07 19:00:00+00:00,3.45,3.44,7.51,9.18,-3.4,-2.8
turbine_2,2026-01-07 20:00:00+00:00,3.04,3.41,7.25,9.08,-3.2,-2.9
turbine_2,2026-01-07 21:00:00+00:00,3.45,3.64,7.24,8.99,-3.3,-3.3
turbine_2,2026-01-07 22:00:00+00:00,3.58,3.8,7.29,9.12,-3.8,-3.5
turbine_2,2026-01-07 23:00:00+00:00,2.98,3.94,6.85,9.13,-4.1,-3.7
turbine_2,2026-01-08 00:00:00+00:00,3.42,3.35,7.7,8.1,-4.2,-3.9
turbine_2,2026-01-08 01:00:00+00:00,3.89,3.84,7.84,8.37,-4.8,-4.2
turbine_2,2026-01-08 02:00:00+00:00,3.41,5.33,7.56,9.59,-4.6,-4.9
turbine_2,2026-01-08 03:00:00+00:00,3.62,3.76,7.71,9.0,-4.4,-3.9
turbine_2,2026-01-08 04:00:00+00:00,4.7,6.37,7.47,9.98,-2.3,-2.8
turbine_2,2026-01-08 05:00:00+00:00,6.32,6.5,8.42,10.52,-0.7,-0.5
turbine_2,2026-01-08 06:00:00+00:00,6.21,7.13,8.6,9.42,0.8,-0.0
turbine_2,2026-01-08 07:00:00+00:00,6.0,7.04,9.05,9.89,1.9,1.8
turbine_2,2026-01-08 08:00:00+00:00,5.19,6.58,8.42,9.98,2.5,2.5
turbine_2,2026-01-08 09:00:00+00:00,6.02,6.66,8.82,10.02,2.5,2.5
turbine_2,2026-01-08 10:00:00+00:00,6.52,6.44,8.8,9.81,1.6,2.0
turbine_2,2026-01-08 11:00:00+00:00,6.06,6.34,8.97,10.24,-0.0,0.4
turbine_2,2026-01-08 12:00:00+00:00,5.3,5.27,9.57,9.78,-1.3,-1.2
turbine_2,2026-01-08 13:00:00+00:00,4.1,5.19,9.32,10.39,-1.6,-1.8
turbine_2,2026-01-08 14:00:00+00:00,4.2,5.49,9.72,11.03,-1.9,-2.0
turbine_2,2026-01-08 15:00:00+00:00,4.94,5.78,10.44,11.64,-1.9,-2.0
turbine_2,2026-01-08 16:00:00+00:00,5.27,5.75,10.89,12.04,-1.8,-1.9
turbine_2,2026-01-08 17:00:00+00:00,5.19,5.88,11.1,12.28,-1.8,-2.1
turbine_2,2026-01-08 18:00:00+00:00,5.24,5.61,11.25,12.23,-2.0,-2.5
turbine_2,2026-01-08 19:00:00+00:00,5.41,5.51,11.47,12.73,-2.1,-2.6
turbine_2,2026-01-08 20:00:00+00:00,5.16,5.32,11.7,12.69,-2.2,-2.8
turbine_2,2026-01-08 21:00:00+00:00,4.84,5.28,11.71,13.05,-2.2,-2.8
turbine_2,2026-01-08 22:00:00+00:00,4.72,5.24,11.87,13.19,-2.3,-2.9
turbine_2,2026-01-08 23:00:00+00:00,4.91,5.28,11.87,13.24,-2.4,-3.0
turbine_2,2026-01-09 00:00:00+00:00,4.6,4.94,11.68,12.71,-2.4,-3.3
turbine_2,2026-01-09 01:00:00+00:00,4.56,4.92,11.32,12.78,-2.7,-3.3
turbine_2,2026-01-09 02:00:00+00:00,4.4,4.65,11.16,12.73,-2.9,-3.4
turbine_2,2026-01-09 03:00:00+00:00,4.0,4.61,10.88,12.73,-2.4,-2.9
turbine_2,2026-01-09 04:00:00+00:00,4.53,5.64,9.9,12.42,-0.8,-0.8
turbine_2,2026-01-09 05:00:00+00:00,5.45,6.88,9.53,11.95,0.8,1.7
turbine_2,2026-01-09 06:00:00+00:00,6.24,7.0,9.84,11.27,2.5,2.5
turbine_2,2026-01-09 07:00:00+00:00,6.87,7.03,10.34,10.96,3.7,3.9
turbine_2,2026-01-09 08:00:00+00:00,6.87,7.22,10.06,10.55,4.2,4.4
turbine_2,2026-01-09 09:00:00+00:00,6.72,6.86,9.75,9.66,3.8,3.8
turbine_2,2026-01-09 10:00:00+00:00,6.01,5.45,9.27,8.59,2.6,2.4
turbine_2,2026-01-09 11:00:00+00:00,5.22,4.38,9.22,8.14,0.6,0.4
turbine_2,2026-01-09 12:00:00+00:00,3.83,3.44,9.71,8.33,-1.1,-1.5
turbine_2,2026-01-09 13:00:00+00:00,3.58,3.26,9.48,8.05,-1.5,-1.7
turbine_2,2026-01-09 14:00:00+00:00,3.58,3.4,9.44,7.87,-1.8,-1.9
turbine_2,2026-01-09 15:00:00+00:00,3.58,3.22,9.66,7.69,-2.0,-2.2
turbine_2,2026-01-09 16:00:00+00:00,3.72,3.45,10.02,8.1,-2.1,-2.3
turbine_2,2026-01-09 17:00:00+00:00,3.88,3.5,10.16,8.59,-2.2,-2.3
turbine_2,2026-01-09 18:00:00+00:00,4.08,3.83,10.74,9.66,-2.2,-2.3
turbine_2,2026-01-09 19:00:00+00:00,4.06,4.02,10.89,10.3,-2.3,-2.2
turbine_2,2026-01-09 20:00:00+00:00,4.26,4.22,11.1,10.89,-2.5,-2.3
turbine_2,2026-01-09 21:00:00+00:00,3.98,4.48,11.25,11.08,-2.6,-2.4
turbine_2,2026-01-09 22:00:00+00:00,4.47,4.75,11.52,11.39,-2.7,-2.6
turbine_2,2026-01-09 23:00:00+00:00,4.97,4.84,11.46,11.41,-3.0,-2.7
turbine_2,2026-01-10 00:00:00+00:00,3.67,4.92,11.09,11.63,-3.2,-2.7
turbine_2,2026-01-10 01:00:00+00:00,3.62,5.14,11.14,11.54,-3.4,-2.9
turbine_2,2026-01-10 02:00:00+00:00,3.23,5.14,10.6,11.58,-3.6,-3.2
turbine_2,2026-01-10 03:00:00+00:00,3.1,4.72,10.38,11.41,-3.1,-2.9
turbine_2,2026-01-10 04:00:00+00:00,3.71,4.92,9.93,11.28,-0.8,-0.9
turbine_2,2026-01-10 05:00:00+00:00,5.13,5.83,10.07,11.32,1.5,1.5
turbine_2,2026-01-10 06:00:00+00:00,6.0,6.45,10.56,10.82,3.5,3.2
turbine_2,2026-01-10 07:00:00+00:00,6.61,6.65,10.65,10.73,4.7,4.5
turbine_2,2026-01-10 08:00:00+00:00,6.47,6.67,10.51,10.51,5.4,4.9
turbine_2,2026-01-10 09:00:00+00:00,6.48,6.54,10.42,10.29,5.1,4.8
turbine_2,2026-01-10 10:00:00+00:00,6.04,6.12,10.17,10.03,4.0,3.7
turbine_2,2026-01-10 11:00:00+00:00,5.77,5.47,10.61,9.79,2.0,1.7
turbine_2,2026-01-10 12:00:00+00:00,4.69,4.43,10.87,10.02,0.4,0.0
turbine_2,2026-01-10 13:00:00+00:00,4.74,4.29,11.19,10.11,0.1,-0.1
turbine_2,2026-01-10 14:00:00+00:00,4.72,4.52,11.05,10.6,-0.3,-0.1
turbine_2,2026-01-10 15:00:00+00:00,4.48,4.58,11.14,11.01,-0.4,-0.7
turbine_2,2026-01-10 16:00:00+00:00,4.44,4.48,11.81,11.05,-0.6,-1.0
turbine_2,2026-01-10 17:00:00+00:00,4.85,4.52,11.91,11.45,-0.7,-1.0
turbine_2,2026-01-10 18:00:00+00:00,5.35,4.63,12.44,11.68,-0.8,-1.0
turbine_2,2026-01-10 19:00:00+00:00,5.37,5.05,13.24,12.21,-0.8,-1.1
turbine_2,2026-01-10 20:00:00+00:00,5.66,5.11,13.3,12.75,-0.9,-1.0
turbine_2,2026-01-10 21:00:00+00:00,5.66,5.61,13.09,12.84,-1.4,-1.2
turbine_2,2026-01-10 22:00:00+00:00,5.78,5.75,13.28,13.19,-1.6,-1.3
turbine_2,2026-01-10 23:00:00+00:00,5.1,5.69,13.61,13.38,-1.3,-1.5
turbine_2,2026-01-11 00:00:00+00:00,4.85,5.46,13.78,14.18,-1.2,-1.2
turbine_2,2026-01-11 01:00:00+00:00,5.64,6.26,14.24,14.71,-1.6,-1.1
turbine_2,2026-01-11 02:00:00+00:00,5.66,6.36,14.72,14.9,-1.6,-1.2
turbine_2,2026-01-11 03:00:00+00:00,5.32,6.05,14.25,14.82,-0.6,-0.7
turbine_2,2026-01-11 04:00:00+00:00,6.52,7.02,14.48,14.9,0.9,0.8
turbine_2,2026-01-11 05:00:00+00:00,7.32,7.49,14.09,14.28,3.3,2.7
turbine_2,2026-01-11 06:00:00+00:00,8.43,8.14,14.4,13.83,4.2,4.7
turbine_2,2026-01-11 07:00:00+00:00,8.47,8.24,14.73,13.7,6.4,6.3
turbine_2,2026-01-11 08:00:00+00:00,8.35,8.35,13.78,13.69,6.9,7.1
turbine_2,2026-01-11 09:00:00+00:00,7.96,8.0,13.11,12.94,6.7,5.7
turbine_2,2026-01-11 10:00:00+00:00,7.3,7.43,12.58,12.61,5.9,5.0
turbine_2,2026-01-11 11:00:00+00:00,6.49,6.41,12.7,12.67,4.3,4.1
turbine_2,2026-01-11 12:00:00+00:00,5.02,6.09,11.9,12.89,3.6,2.9
turbine_2,2026-01-11 13:00:00+00:00,5.6,5.41,12.04,11.96,2.7,2.9
turbine_2,2026-01-11 14:00:00+00:00,5.35,5.61,12.04,12.12,2.3,2.4
turbine_2,2026-01-11 15:00:00+00:00,4.36,5.11,12.43,12.85,1.7,1.6
turbine_2,2026-01-11 16:00:00+00:00,3.3,4.94,11.72,12.62,1.0,1.3
turbine_2,2026-01-11 17:00:00+00:00,1.25,4.41,8.94,12.26,-0.1,0.8
turbine_2,2026-01-11 18:00:00+00:00,1.99,2.76,6.8,10.64,-0.4,-0.1
turbine_2,2026-01-11 19:00:00+00:00,2.75,1.13,6.16,8.81,0.2,-0.8
turbine_2,2026-01-11 20:00:00+00:00,2.15,1.87,5.57,7.74,0.1,-0.6
turbine_2,2026-01-11 21:00:00+00:00,1.3,2.38,4.06,6.62,-0.0,-0.6
turbine_2,2026-01-11 22:00:00+00:00,0.45,2.57,3.47,6.14,-0.5,-0.6
turbine_2,2026-01-11 23:00:00+00:00,0.22,2.4,2.26,5.46,-0.8,-0.0
turbine_2,2026-01-12 00:00:00+00:00,1.9,1.34,1.3,3.98,1.1,0.0
turbine_2,2026-01-12 01:00:00+00:00,1.35,0.28,0.71,2.53,1.2,-0.8
turbine_2,2026-01-12 02:00:00+00:00,1.2,1.06,0.6,1.4,0.5,-0.5
turbine_2,2026-01-12 03:00:00+00:00,2.64,1.64,1.27,0.72,1.9,0.9
turbine_2,2026-01-12 04:00:00+00:00,2.31,1.56,3.03,0.72,3.3,3.6
turbine_2,2026-01-12 05:00:00+00:00,3.18,1.84,3.49,1.22,4.6,5.1
turbine_2,2026-01-12 06:00:00+00:00,2.5,2.91,0.61,2.35,6.4,5.9
turbine_2,2026-01-12 07:00:00+00:00,3.54,4.33,3.01,4.9,7.1,6.9
turbine_2,2026-01-12 08:00:00+00:00,3.41,5.47,3.7,7.17,8.0,8.1
turbine_2,2026-01-12 09:00:00+00:00,2.9,5.38,3.91,8.3,8.1,8.5
turbine_2,2026-01-12 10:00:00+00:00,2.32,6.36,3.42,10.81,7.4,8.7
turbine_2,2026-01-12 11:00:00+00:00,2.95,5.58,3.51,9.56,6.6,7.2
turbine_2,2026-01-12 12:00:00+00:00,4.24,4.2,8.61,6.95,5.9,6.3
turbine_2,2026-01-12 13:00:00+00:00,4.1,3.76,6.71,5.6,5.3,5.9
turbine_2,2026-01-12 14:00:00+00:00,3.65,3.36,6.02,4.44,4.9,5.5
turbine_2,2026-01-12 15:00:00+00:00,3.9,3.67,4.64,5.2,5.0,5.8
turbine_2,2026-01-12 16:00:00+00:00,3.81,3.07,3.98,4.33,5.1,6.0
turbine_2,2026-01-12 17:00:00+00:00,1.7,4.96,1.3,5.75,3.6,5.3
turbine_2,2026-01-12 18:00:00+00:00,1.53,1.87,0.41,1.08,3.3,5.6
turbine_2,2026-01-12 19:00:00+00:00,1.41,2.01,0.95,1.22,2.7,4.2
turbine_2,2026-01-12 20:00:00+00:00,2.67,2.6,2.47,1.42,3.7,4.7
turbine_2,2026-01-12 21:00:00+00:00,1.43,2.32,0.28,1.8,2.2,5.6
turbine_2,2026-01-12 22:00:00+00:00,1.27,1.12,2.6,5.01,2.2,5.1
turbine_2,2026-01-12 23:00:00+00:00,2.21,2.09,5.13,7.04,2.0,3.3
turbine_2,2026-01-13 00:00:00+00:00,1.02,1.53,0.4,3.71,1.2,3.5
turbine_2,2026-01-13 01:00:00+00:00,1.3,0.6,1.53,1.24,1.2,2.8
turbine_2,2026-01-13 02:00:00+00:00,1.61,0.95,3.24,2.66,1.4,1.7
turbine_2,2026-01-13 03:00:00+00:00,2.61,2.0,5.0,4.08,2.1,2.4
turbine_2,2026-01-13 04:00:00+00:00,2.79,2.33,6.57,4.68,3.7,4.2
turbine_2,2026-01-13 05:00:00+00:00,4.62,3.27,7.79,5.28,4.4,5.6
turbine_2,2026-01-13 06:00:00+00:00,5.28,5.59,8.76,8.64,6.0,5.7
turbine_2,2026-01-13 07:00:00+00:00,6.35,6.76,9.3,9.68,6.8,6.4
turbine_2,2026-01-13 08:00:00+00:00,6.81,7.26,10.01,10.53,7.2,7.0
turbine_2,2026-01-13 09:00:00+00:00,7.79,7.82,10.92,11.2,6.9,6.9
turbine_2,2026-01-13 10:00:00+00:00,8.04,8.08,11.94,11.63,5.9,6.1
turbine_2,2026-01-13 11:00:00+00:00,8.18,8.18,13.46,13.55,4.4,4.7
turbine_2,2026-01-13 12:00:00+00:00,7.02,7.29,15.08,15.05,3.7,3.6
turbine_2,2026-01-13 13:00:00+00:00,6.2,6.41,14.68,15.08,3.1,3.0
turbine_2,2026-01-13 14:00:00+00:00,5.5,5.69,13.85,14.41,2.4,2.4
turbine_2,2026-01-13 15:00:00+00:00,5.41,5.25,13.16,13.57,1.8,1.8
turbine_2,2026-01-13 16:00:00+00:00,5.01,5.13,11.72,12.57,1.2,1.2
turbine_2,2026-01-13 17:00:00+00:00,4.52,5.01,10.66,11.51,0.6,0.7
turbine_2,2026-01-13 18:00:00+00:00,4.07,4.61,10.43,10.83,0.4,0.4
turbine_2,2026-01-13 19:00:00+00:00,4.12,4.29,10.44,10.57,0.2,0.1
turbine_2,2026-01-13 20:00:00+00:00,3.81,4.07,10.47,10.26,0.1,0.1
turbine_2,2026-01-13 21:00:00+00:00,4.07,4.07,10.84,10.21,0.2,0.2
turbine_2,2026-01-13 22:00:00+00:00,3.74,3.94,10.24,10.22,-0.0,0.1
turbine_2,2026-01-13 23:00:00+00:00,3.67,3.94,10.25,9.98,-0.1,-0.3
turbine_2,2026-01-14 00:00:00+00:00,3.35,3.64,10.16,9.98,-0.0,-0.4
turbine_2,2026-01-14 01:00:00+00:00,3.09,3.47,9.89,9.67,-0.3,-0.3
turbine_2,2026-01-14 02:00:00+00:00,3.55,3.5,9.98,9.18,-0.7,-0.6
turbine_2,2026-01-14 03:00:00+00:00,3.38,3.55,9.21,8.6,-0.5,-0.3
turbine_2,2026-01-14 04:00:00+00:00,4.04,4.1,8.37,7.75,0.8,0.9
turbine_2,2026-01-14 05:00:00+00:00,4.31,4.6,7.74,7.42,2.1,1.8
turbine_2,2026-01-14 06:00:00+00:00,3.26,4.38,5.74,6.98,3.0,3.1
turbine_2,2026-01-14 07:00:00+00:00,2.2,3.48,4.4,5.57,3.8,4.1
turbine_2,2026-01-14 08:00:00+00:00,1.17,2.27,3.23,3.96,4.2,4.6
turbine_2,2026-01-14 09:00:00+00:00,0.41,1.58,2.04,2.42,4.5,4.9
turbine_2,2026-01-14 10:00:00+00:00,0.73,0.94,1.2,1.46,4.5,4.6
turbine_2,2026-01-14 11:00:00+00:00,0.95,0.54,0.36,0.71,2.8,2.7
turbine_2,2026-01-14 12:00:00+00:00,1.63,0.5,1.17,0.14,1.8,0.8
turbine_2,2026-01-14 13:00:00+00:00,2.38,1.44,2.9,0.71,1.8,1.0
turbine_2,2026-01-14 14:00:00+00:00,2.9,1.91,5.15,1.36,1.4,1.0
turbine_2,2026-01-14 15:00:00+00:00,3.47,2.27,6.86,2.46,1.1,0.8
turbine_2,2026-01-14 16:00:00+00:00,3.83,2.58,7.55,4.39,0.4,0.5
turbine_2,2026-01-14 17:00:00+00:00,3.44,2.27,7.57,5.11,-0.6,0.2
turbine_2,2026-01-14 18:00:00+00:00,3.54,2.53,7.74,5.54,-1.1,-0.7
turbine_2,2026-01-14 19:00:00+00:00,2.79,2.98,6.39,6.32,-1.7,-1.4
turbine_2,2026-01-14 20:00:00+00:00,2.21,2.33,5.35,5.51,-2.4,-1.9
turbine_2,2026-01-14 21:00:00+00:00,1.84,1.94,4.59,4.62,-2.7,-2.3
turbine_2,2026-01-14 22:00:00+00:00,1.3,1.71,3.59,3.72,-2.9,-2.8
turbine_2,2026-01-14 23:00:00+00:00,1.43,2.0,3.83,3.71,-3.2,-3.3
turbine_2,2026-01-15 00:00:00+00:00,1.26,1.94,3.36,4.3,-2.9,-4.0
turbine_2,2026-01-15 01:00:00+00:00,1.82,1.84,2.97,4.02,-2.7,-3.8
turbine_2,2026-01-15 02:00:00+00:00,0.22,1.58,0.58,3.61,-2.6,-3.7
turbine_2,2026-01-15 03:00:00+00:00,1.88,0.67,1.03,2.09,-1.8,-3.2
turbine_2,2026-01-15 04:00:00+00:00,3.38,1.2,3.18,0.91,-1.9,-2.7
turbine_2,2026-01-15 05:00:00+00:00,3.47,3.05,2.69,2.62,-0.7,-1.6
turbine_2,2026-01-15 06:00:00+00:00,3.86,5.3,3.4,5.16,-0.8,-0.1
turbine_2,2026-01-15 07:00:00+00:00,5.55,5.41,5.69,4.86,-0.8,0.7
turbine_2,2026-01-15 08:00:00+00:00,6.07,5.28,7.09,6.39,0.8,0.3
turbine_2,2026-01-15 09:00:00+00:00,7.04,4.52,8.19,4.97,0.7,1.7
turbine_2,2026-01-15 10:00:00+00:00,7.02,3.76,9.0,5.1,0.7,0.7
turbine_2,2026-01-15 11:00:00+00:00,6.08,3.55,9.11,5.5,-0.2,0.8
turbine_2,2026-01-15 12:00:00+00:00,4.18,5.19,7.93,8.81,-1.4,-0.7
turbine_2,2026-01-15 13:00:00+00:00,5.11,5.03,9.09,9.96,-0.7,-0.6
turbine_2,2026-01-15 14:00:00+00:00,6.13,4.0,10.25,6.37,-1.0,-1.1
turbine_2,2026-01-15 15:00:00+00:00,6.09,0.32,10.57,3.04,-1.4,-1.3
turbine_2,2026-01-15 16:00:00+00:00,4.61,0.63,8.08,1.21,-1.4,-1.2
turbine_2,2026-01-15 17:00:00+00:00,4.19,0.85,7.39,1.88,-1.7,-1.8
turbine_2,2026-01-15 18:00:00+00:00,4.28,2.33,7.31,4.26,-1.5,-1.8
turbine_2,2026-01-15 19:00:00+00:00,3.54,0.86,6.55,1.17,-1.6,-2.0
turbine_2,2026-01-15 20:00:00+00:00,1.39,1.68,3.77,1.55,-1.6,-2.0
turbine_2,2026-01-15 21:00:00+00:00,0.81,1.77,1.22,2.14,-1.7,-2.0
turbine_2,2026-01-15 22:00:00+00:00,2.01,2.73,1.61,3.52,-1.6,-1.7
turbine_2,2026-01-15 23:00:00+00:00,3.04,4.22,3.41,6.5,-1.6,-2.4
turbine_2,2026-01-16 00:00:00+00:00,0.1,2.55,0.98,4.46,-1.6,-1.5
turbine_2,2026-01-16 01:00:00+00:00,0.36,3.06,0.94,6.1,-1.5,-1.5
turbine_2,2026-01-16 02:00:00+00:00,0.85,4.48,0.78,7.49,-1.4,-1.4
turbine_2,2026-01-16 03:00:00+00:00,1.25,4.76,0.61,8.08,-1.6,-1.7
turbine_2,2026-01-16 04:00:00+00:00,3.21,5.59,4.05,9.75,-1.4,-1.8
turbine_2,2026-01-16 05:00:00+00:00,3.93,5.69,6.26,9.66,-2.0,-2.1
turbine_2,2026-01-16 06:00:00+00:00,3.8,6.74,6.55,11.27,-1.1,-2.5
turbine_2,2026-01-16 07:00:00+00:00,5.04,6.26,7.78,10.45,-1.0,-2.3
turbine_2,2026-01-16 08:00:00+00:00,5.48,6.75,8.67,11.13,-1.8,-2.5
turbine_2,2026-01-16 09:00:00+00:00,5.32,6.94,8.35,11.52,-2.0,-3.0
turbine_2,2026-01-16 10:00:00+00:00,5.8,7.94,9.6,13.12,-2.9,-4.0
turbine_2,2026-01-16 11:00:00+00:00,6.14,7.12,10.01,13.16,-3.8,-4.8
turbine_2,2026-01-16 12:00:00+00:00,6.26,7.49,11.68,14.24,-5.4,-6.1
turbine_2,2026-01-16 13:00:00+00:00,6.59,7.41,12.13,14.78,-6.1,-6.7
turbine_2,2026-01-16 14:00:00+00:00,6.2,7.28,11.81,15.23,-6.6,-7.1
turbine_2,2026-01-16 15:00:00+00:00,6.32,7.35,12.24,14.88,-7.4,-8.3
turbine_2,2026-01-16 16:00:00+00:00,7.13,7.4,13.88,14.96,-8.5,-9.6
turbine_2,2026-01-16 17:00:00+00:00,7.24,7.08,13.92,14.24,-9.3,-9.8
turbine_2,2026-01-16 18:00:00+00:00,7.97,8.08,15.47,16.18,-10.2,-11.3
turbine_2,2026-01-16 19:00:00+00:00,7.91,9.1,15.54,16.69,-11.0,-12.1
turbine_2,2026-01-16 20:00:00+00:00,8.16,9.25,15.85,17.48,-12.1,-12.5
turbine_2,2026-01-16 21:00:00+00:00,8.83,8.82,16.85,17.2,-12.9,-13.2
turbine_2,2026-01-16 22:00:00+00:00,9.49,8.92,18.09,16.76,-13.9,-14.1
turbine_2,2026-01-16 23:00:00+00:00,9.11,8.42,17.27,16.03,-14.1,-14.7
turbine_2,2026-01-17 00:00:00+00:00,9.39,10.14,17.2,18.75,-14.9,-15.6
turbine_2,2026-01-17 01:00:00+00:00,8.32,9.22,15.55,17.25,-15.0,-15.7
turbine_2,2026-01-17 02:00:00+00:00,8.71,8.95,15.79,16.42,-15.7,-16.0
turbine_2,2026-01-17 03:00:00+00:00,8.45,9.19,15.0,17.16,-15.3,-16.0
turbine_2,2026-01-17 04:00:00+00:00,8.8,8.62,15.69,15.26,-15.2,-15.6
turbine_2,2026-01-17 05:00:00+00:00,8.1,8.27,14.32,13.89,-14.4,-15.2
turbine_2,2026-01-17 06:00:00+00:00,6.95,7.68,12.08,13.24,-14.3,-13.2
turbine_2,2026-01-17 07:00:00+00:00,6.54,7.18,10.69,12.15,-13.5,-12.7
turbine_2,2026-01-17 08:00:00+00:00,5.54,6.99,8.85,11.15,-12.8,-12.2
turbine_2,2026-01-17 09:00:00+00:00,5.15,6.48,7.69,10.11,-12.4,-11.9
turbine_2,2026-01-17 10:00:00+00:00,4.44,5.79,6.57,8.72,-12.3,-12.0
turbine_2,2026-01-17 11:00:00+00:00,3.92,4.72,5.69,7.24,-12.6,-12.5
turbine_2,2026-01-17 12:00:00+00:00,2.78,3.0,5.03,5.66,-13.0,-13.2
turbine_2,2026-01-17 13:00:00+00:00,2.51,2.42,4.9,4.82,-13.4,-13.2
turbine_2,2026-01-17 14:00:00+00:00,2.38,2.52,4.57,4.48,-13.2,-13.2
turbine_2,2026-01-17 15:00:00+00:00,1.97,1.53,4.03,3.4,-13.7,-13.2
turbine_2,2026-01-17 16:00:00+00:00,1.56,0.14,4.16,1.84,-14.5,-13.2
turbine_2,2026-01-17 17:00:00+00:00,0.63,1.4,3.16,1.7,-14.9,-13.6
turbine_2,2026-01-17 18:00:00+00:00,0.64,0.81,1.5,1.3,-14.4,-13.8
turbine_2,2026-01-17 19:00:00+00:00,0.63,0.42,0.98,0.41,-14.6,-13.8
turbine_2,2026-01-17 20:00:00+00:00,0.85,0.63,0.63,0.4,-14.0,-13.6
turbine_2,2026-01-17 21:00:00+00:00,0.76,0.92,0.41,0.4,-14.1,-13.5
turbine_2,2026-01-17 22:00:00+00:00,0.92,0.81,0.71,0.85,-14.3,-13.8
turbine_2,2026-01-17 23:00:00+00:00,1.03,0.81,0.81,0.8,-14.6,-13.7
turbine_2,2026-01-18 00:00:00+00:00,1.61,1.96,2.38,2.59,-11.2,-13.7
turbine_2,2026-01-18 01:00:00+00:00,2.16,2.66,3.53,3.98,-10.8,-12.6
turbine_2,2026-01-18 02:00:00+00:00,3.16,3.31,5.28,5.82,-10.8,-13.4
turbine_2,2026-01-18 03:00:00+00:00,4.19,4.03,6.49,7.29,-10.4,-12.9
turbine_2,2026-01-18 04:00:00+00:00,5.08,5.52,7.33,8.33,-9.4,-11.0
turbine_2,2026-01-18 05:00:00+00:00,5.52,6.49,8.02,9.13,-8.4,-10.1
turbine_2,2026-01-18 06:00:00+00:00,6.46,7.3,8.69,10.02,-8.3,-10.0
turbine_2,2026-01-18 07:00:00+00:00,6.74,7.32,8.97,10.06,-7.4,-9.2
turbine_2,2026-01-18 08:00:00+00:00,6.34,6.8,8.69,9.39,-6.7,-8.7
turbine_2,2026-01-18 09:00:00+00:00,5.83,6.24,8.29,8.9,-6.4,-8.5
turbine_2,2026-01-18 10:00:00+00:00,5.61,5.74,8.05,8.45,-6.4,-8.7
turbine_2,2026-01-18 11:00:00+00:00,5.39,5.5,7.92,8.7,-7.0,-10.1
turbine_2,2026-01-18 12:00:00+00:00,5.22,4.52,8.32,8.9,-8.0,-11.5
turbine_2,2026-01-18 13:00:00+00:00,4.44,3.94,8.16,8.9,-8.0,-11.5
turbine_2,2026-01-18 14:00:00+00:00,4.17,3.67,8.11,8.99,-8.4,-12.1
turbine_2,2026-01-18 15:00:00+00:00,3.83,3.31,7.53,9.18,-8.9,-12.8
turbine_2,2026-01-18 16:00:00+00:00,3.85,3.22,7.51,9.27,-8.9,-12.9
turbine_2,2026-01-18 17:00:00+00:00,3.72,3.49,7.52,9.55,-9.1,-12.9
turbine_2,2026-01-18 18:00:00+00:00,4.17,4.13,8.46,9.78,-9.3,-11.9
turbine_2,2026-01-18 19:00:00+00:00,4.27,4.41,8.92,10.41,-9.5,-12.1
turbine_2,2026-01-18 20:00:00+00:00,4.6,4.83,9.52,11.13,-9.6,-12.1
turbine_2,2026-01-18 21:00:00+00:00,4.88,5.05,10.44,11.85,-9.5,-11.9
turbine_2,2026-01-18 22:00:00+00:00,4.91,5.13,11.22,12.15,-10.0,-12.0
turbine_2,2026-01-18 23:00:00+00:00,4.8,5.05,11.52,12.15,-10.2,-12.0
turbine_2,2026-01-19 00:00:00+00:00,4.85,4.89,11.49,11.39,-11.5,-9.6
turbine_2,2026-01-19 01:00:00+00:00,4.8,4.61,11.58,11.25,-11.5,-9.7
turbine_2,2026-01-19 02:00:00+00:00,4.8,4.61,11.68,11.03,-11.5,-9.9
turbine_2,2026-01-19 03:00:00+00:00,4.72,4.53,11.37,10.77,-10.9,-9.4
turbine_2,2026-01-19 04:00:00+00:00,5.48,5.55,10.88,10.48,-8.9,-7.2
turbine_2,2026-01-19 05:00:00+00:00,6.61,6.44,11.08,10.92,-6.8,-5.1
turbine_2,2026-01-19 06:00:00+00:00,7.5,6.92,12.13,10.69,-4.9,-3.9
turbine_2,2026-01-19 07:00:00+00:00,8.04,7.48,12.71,11.09,-3.7,-2.8
turbine_2,2026-01-19 08:00:00+00:00,7.96,7.44,12.34,11.05,-3.0,-2.1
turbine_2,2026-01-19 09:00:00+00:00,7.58,7.0,11.76,10.69,-2.9,-1.7
turbine_2,2026-01-19 10:00:00+00:00,6.9,6.7,11.13,10.24,-3.6,-2.1
turbine_2,2026-01-19 11:00:00+00:00,5.94,5.94,10.74,9.96,-5.2,-3.8
turbine_2,2026-01-19 12:00:00+00:00,3.98,4.61,10.19,9.74,-7.0,-5.3
turbine_2,2026-01-19 13:00:00+00:00,2.57,3.26,9.23,8.78,-8.1,-6.0
turbine_2,2026-01-19 14:00:00+00:00,2.72,2.69,8.82,8.1,-8.3,-6.5
turbine_2,2026-01-19 15:00:00+00:00,2.82,2.91,8.86,8.14,-8.2,-6.7
turbine_2,2026-01-19 16:00:00+00:00,2.82,2.91,9.17,8.14,-8.1,-6.6
turbine_2,2026-01-19 17:00:00+00:00,2.82,2.97,9.48,8.36,-8.1,-6.5
turbine_2,2026-01-19 18:00:00+00:00,2.57,3.36,8.86,9.44,-7.4,-6.4
turbine_2,2026-01-19 19:00:00+00:00,2.67,3.89,8.81,9.63,-7.7,-6.4
turbine_2,2026-01-19 20:00:00+00:00,2.91,4.02,9.35,9.8,-7.8,-6.5
turbine_2,2026-01-19 21:00:00+00:00,3.07,4.17,9.66,9.85,-8.1,-6.6
turbine_2,2026-01-19 22:00:00+00:00,3.27,4.11,9.58,9.89,-8.3,-7.2
turbine_2,2026-01-19 23:00:00+00:00,3.85,3.89,9.71,9.75,-8.4,-7.6
turbine_2,2026-01-20 00:00:00+00:00,3.05,3.2,9.75,9.84,-10.5,-9.4
turbine_2,2026-01-20 01:00:00+00:00,2.45,3.07,9.17,9.66,-11.6,-9.5
turbine_2,2026-01-20 02:00:00+00:00,2.26,2.75,8.27,9.31,-11.1,-9.9
turbine_2,2026-01-20 03:00:00+00:00,2.18,2.44,7.61,8.5,-10.0,-9.1
turbine_2,2026-01-20 04:00:00+00:00,2.58,2.72,6.93,7.08,-8.6,-7.1
turbine_2,2026-01-20 05:00:00+00:00,1.77,3.26,4.93,6.18,-7.9,-5.9
turbine_2,2026-01-20 06:00:00+00:00,0.58,4.04,2.1,6.08,-6.5,-4.9
turbine_2,2026-01-20 07:00:00+00:00,1.57,3.71,1.55,5.89,-5.4,-4.4
turbine_2,2026-01-20 08:00:00+00:00,1.68,2.56,0.51,4.59,-4.3,-3.7
turbine_2,2026-01-20 09:00:00+00:00,1.8,1.39,0.36,3.44,-4.0,-3.4
turbine_2,2026-01-20 10:00:00+00:00,1.75,1.1,0.94,0.94,-4.2,-3.6
turbine_2,2026-01-20 11:00:00+00:00,1.06,2.8,0.73,2.34,-6.8,-4.2
turbine_2,2026-01-20 12:00:00+00:00,1.51,2.36,0.45,1.26,-9.0,-6.1
turbine_2,2026-01-20 13:00:00+00:00,1.99,2.11,0.45,0.78,-9.8,-5.3
turbine_2,2026-01-20 14:00:00+00:00,1.97,1.2,1.53,0.61,-10.1,-5.1
turbine_2,2026-01-20 15:00:00+00:00,2.05,1.02,3.13,1.1,-10.3,-6.7
turbine_2,2026-01-20 16:00:00+00:00,2.42,1.44,5.24,1.72,-10.6,-7.5
turbine_2,2026-01-20 17:00:00+00:00,2.66,1.63,6.99,2.19,-10.6,-7.7
turbine_2,2026-01-20 18:00:00+00:00,3.11,2.6,9.22,6.07,-10.7,-8.0
turbine_2,2026-01-20 19:00:00+00:00,3.69,3.21,10.69,8.28,-11.0,-8.1
turbine_2,2026-01-20 20:00:00+00:00,3.89,3.69,11.05,10.02,-11.1,-8.4
turbine_2,2026-01-20 21:00:00+00:00,3.9,4.49,11.68,10.73,-11.0,-8.5
turbine_2,2026-01-20 22:00:00+00:00,3.85,4.83,11.92,11.64,-10.8,-8.7
turbine_2,2026-01-20 23:00:00+00:00,4.11,4.83,12.06,12.59,-10.6,-8.8
turbine_2,2026-01-21 00:00:00+00:00,4.56,4.29,12.68,12.5,-9.9,-10.5
turbine_2,2026-01-21 01:00:00+00:00,4.74,4.3,12.71,12.69,-9.6,-10.4
turbine_2,2026-01-21 02:00:00+00:00,4.74,4.39,12.62,12.78,-9.8,-10.4
turbine_2,2026-01-21 03:00:00+00:00,4.48,4.65,12.75,12.55,-9.6,-9.6
turbine_2,2026-01-21 04:00:00+00:00,5.39,5.8,12.78,12.64,-7.4,-7.7
turbine_2,2026-01-21 05:00:00+00:00,6.78,6.92,12.71,12.88,-5.5,-5.8
turbine_2,2026-01-21 06:00:00+00:00,7.9,8.0,13.35,13.24,-4.2,-4.6
turbine_2,2026-01-21 07:00:00+00:00,8.58,8.08,13.99,13.5,-3.2,-3.4
turbine_2,2026-01-21 08:00:00+00:00,8.68,7.88,14.14,12.81,-2.5,-2.8
turbine_2,2026-01-21 09:00:00+00:00,8.49,7.24,13.87,11.97,-2.5,-2.6
turbine_2,2026-01-21 10:00:00+00:00,7.13,6.6,13.09,11.82,-2.9,-3.1
turbine_2,2026-01-21 11:00:00+00:00,6.14,5.47,12.91,11.71,-4.8,-4.8
turbine_2,2026-01-21 12:00:00+00:00,4.39,4.92,12.15,12.21,-6.8,-6.7
turbine_2,2026-01-21 13:00:00+00:00,3.38,3.51,11.76,11.46,-7.8,-7.6
turbine_2,2026-01-21 14:00:00+00:00,3.13,3.45,11.21,12.09,-8.2,-8.1
turbine_2,2026-01-21 15:00:00+00:00,3.11,3.64,11.3,12.38,-8.4,-7.9
turbine_2,2026-01-21 16:00:00+00:00,3.26,3.57,11.58,12.42,-8.2,-7.8
turbine_2,2026-01-21 17:00:00+00:00,3.47,4.0,12.37,12.67,-7.7,-7.8
turbine_2,2026-01-21 18:00:00+00:00,3.86,3.71,13.07,13.04,-7.0,-7.6
turbine_2,2026-01-21 19:00:00+00:00,3.35,3.57,13.09,12.97,-7.4,-7.7
turbine_2,2026-01-21 20:00:00+00:00,3.44,3.61,12.54,13.17,-7.5,-7.7
turbine_2,2026-01-21 21:00:00+00:00,2.14,3.27,11.28,12.54,-8.7,-8.2
turbine_2,2026-01-21 22:00:00+00:00,1.24,2.85,9.18,12.13,-10.2,-8.9
turbine_2,2026-01-21 23:00:00+00:00,2.42,2.75,9.22,11.49,-10.3,-8.6
turbine_2,2026-01-22 00:00:00+00:00,1.56,2.02,6.13,11.29,-10.6,-9.6
turbine_2,2026-01-22 01:00:00+00:00,1.99,2.24,3.0,10.93,-11.3,-10.1
turbine_2,2026-01-22 02:00:00+00:00,1.72,1.6,4.41,10.3,-11.3,-10.1
turbine_2,2026-01-22 03:00:00+00:00,3.48,1.22,8.26,8.51,-9.6,-10.4
turbine_2,2026-01-22 04:00:00+00:00,5.64,4.07,12.35,10.26,-6.1,-7.3
turbine_2,2026-01-22 05:00:00+00:00,6.95,6.14,13.21,11.99,-4.0,-4.9
turbine_2,2026-01-22 06:00:00+00:00,5.59,6.04,10.57,9.86,-2.6,-3.4
turbine_2,2026-01-22 07:00:00+00:00,5.11,4.92,8.43,8.22,-2.9,-4.4
turbine_2,2026-01-22 08:00:00+00:00,2.67,2.1,3.14,3.09,-3.3,-4.3
turbine_2,2026-01-22 09:00:00+00:00,3.68,1.14,4.88,1.27,-3.6,-4.3
turbine_2,2026-01-22 10:00:00+00:00,5.57,3.26,8.98,4.36,-4.1,-4.8
turbine_2,2026-01-22 11:00:00+00:00,5.52,4.94,10.05,8.79,-5.7,-5.7
turbine_2,2026-01-22 12:00:00+00:00,4.5,4.74,9.31,9.31,-6.5,-6.3
turbine_2,2026-01-22 13:00:00+00:00,5.17,4.47,9.53,9.12,-6.9,-6.4
turbine_2,2026-01-22 14:00:00+00:00,4.95,5.6,9.26,10.11,-6.8,-7.4
turbine_2,2026-01-22 15:00:00+00:00,5.66,7.03,10.57,12.03,-7.1,-7.3
turbine_2,2026-01-22 16:00:00+00:00,5.97,7.08,11.43,11.94,-6.8,-6.6
turbine_2,2026-01-22 17:00:00+00:00,6.59,5.95,12.18,11.42,-6.9,-5.9
turbine_2,2026-01-22 18:00:00+00:00,6.28,4.89,12.07,10.07,-8.7,-7.2
turbine_2,2026-01-22 19:00:00+00:00,5.78,5.66,11.51,10.8,-7.8,-7.6
turbine_2,2026-01-22 20:00:00+00:00,6.65,5.8,11.59,11.0,-7.1,-7.8
turbine_2,2026-01-22 21:00:00+00:00,6.4,4.55,11.21,9.63,-7.3,-8.9
turbine_2,2026-01-22 22:00:00+00:00,6.18,4.59,11.13,8.48,-6.6,-8.0
turbine_2,2026-01-22 23:00:00+00:00,4.88,5.05,9.02,8.49,-5.6,-7.4
turbine_2,2026-01-23 00:00:00+00:00,3.78,4.25,6.48,6.71,-4.9,-6.0
turbine_2,2026-01-23 01:00:00+00:00,3.44,2.25,5.34,4.38,-4.5,-5.7
turbine_2,2026-01-23 02:00:00+00:00,2.91,1.12,3.93,2.22,-4.2,-4.9
turbine_2,2026-01-23 03:00:00+00:00,1.5,1.3,1.48,1.68,-3.9,-5.0
turbine_2,2026-01-23 04:00:00+00:00,1.48,0.85,0.73,1.39,-3.3,-5.0
turbine_2,2026-01-23 05:00:00+00:00,1.99,1.12,0.41,2.26,-2.7,-4.7
turbine_2,2026-01-23 06:00:00+00:00,7.62,1.58,10.17,0.81,-1.1,-3.5
turbine_2,2026-01-23 07:00:00+00:00,6.73,2.25,9.8,0.72,-0.9,-2.6
turbine_2,2026-01-23 08:00:00+00:00,6.12,2.75,8.93,2.06,-0.9,-1.4
turbine_2,2026-01-23 09:00:00+00:00,5.44,3.69,9.14,3.82,-1.7,-0.8
turbine_2,2026-01-23 10:00:00+00:00,4.53,3.22,8.83,4.75,-2.0,-1.1
turbine_2,2026-01-23 11:00:00+00:00,3.78,3.54,8.32,5.79,-2.8,-2.4
turbine_2,2026-01-23 12:00:00+00:00,4.08,4.24,8.27,8.81,-4.1,-4.3
turbine_2,2026-01-23 13:00:00+00:00,3.88,3.4,7.96,7.47,-3.9,-4.4
turbine_2,2026-01-23 14:00:00+00:00,4.46,3.47,8.18,6.94,-3.3,-4.7
turbine_2,2026-01-23 15:00:00+00:00,3.58,3.72,8.42,7.05,-4.3,-4.1
turbine_2,2026-01-23 16:00:00+00:00,3.19,2.22,7.79,5.44,-4.1,-4.3
turbine_2,2026-01-23 17:00:00+00:00,3.16,2.3,6.3,5.19,-4.6,-4.9
turbine_2,2026-01-23 18:00:00+00:00,2.38,3.35,4.88,5.71,-4.7,-4.5
turbine_2,2026-01-23 19:00:00+00:00,1.52,2.3,1.7,4.52,-7.0,-6.4
turbine_2,2026-01-23 20:00:00+00:00,2.39,2.51,2.42,1.17,-8.8,-8.5
turbine_2,2026-01-23 21:00:00+00:00,3.09,2.66,5.32,3.09,-8.9,-9.3
turbine_2,2026-01-23 22:00:00+00:00,3.2,3.3,7.71,7.06,-9.0,-9.2
turbine_2,2026-01-23 23:00:00+00:00,3.5,3.62,9.63,9.46,-8.9,-9.1
turbine_2,2026-01-24 00:00:00+00:00,3.62,3.73,10.2,10.39,-9.2,-9.1
turbine_2,2026-01-24 01:00:00+00:00,3.88,4.37,10.61,12.22,-9.4,-9.1
turbine_2,2026-01-24 02:00:00+00:00,4.15,4.1,11.76,12.4,-9.4,-9.2
turbine_2,2026-01-24 03:00:00+00:00,4.39,4.78,12.7,12.75,-8.6,-8.6
turbine_2,2026-01-24 04:00:00+00:00,5.31,5.95,13.1,14.27,-6.3,-6.4
turbine_2,2026-01-24 05:00:00+00:00,6.48,6.77,14.18,14.9,-4.2,-4.2
turbine_2,2026-01-24 06:00:00+00:00,6.78,7.02,14.4,14.88,-3.0,-2.9
turbine_2,2026-01-24 07:00:00+00:00,7.28,6.96,15.1,14.95,-2.2,-2.1
turbine_2,2026-01-24 08:00:00+00:00,6.9,6.86,14.42,14.77,-1.9,-1.7
turbine_2,2026-01-24 09:00:00+00:00,6.55,6.74,14.14,14.8,-2.1,-1.8
turbine_2,2026-01-24 10:00:00+00:00,6.17,6.01,13.83,13.54,-2.7,-2.5
turbine_2,2026-01-24 11:00:00+00:00,5.2,4.79,12.88,11.98,-4.4,-4.3
turbine_2,2026-01-24 12:00:00+00:00,4.2,4.2,11.25,11.22,-6.8,-6.5
turbine_2,2026-01-24 13:00:00+00:00,4.2,3.7,10.94,10.96,-7.8,-7.5
turbine_2,2026-01-24 14:00:00+00:00,4.03,3.7,11.03,11.14,-7.6,-7.8
turbine_2,2026-01-24 15:00:00+00:00,4.5,3.4,12.3,10.48,-7.4,-7.7
turbine_2,2026-01-24 16:00:00+00:00,4.12,3.82,12.01,11.02,-6.9,-7.7
turbine_2,2026-01-24 17:00:00+00:00,4.28,3.2,11.68,10.55,-7.0,-7.3
turbine_2,2026-01-24 18:00:00+00:00,3.65,3.31,10.12,10.65,-6.3,-6.9
turbine_2,2026-01-24 19:00:00+00:00,3.24,2.91,9.71,10.16,-6.2,-6.2
turbine_2,2026-01-24 20:00:00+00:00,3.31,3.42,9.72,10.56,-5.6,-5.1
turbine_2,2026-01-24 21:00:00+00:00,2.86,3.61,9.96,11.22,-6.2,-5.2
turbine_2,2026-01-24 22:00:00+00:00,3.67,4.16,10.74,11.65,-5.6,-5.0
turbine_2,2026-01-24 23:00:00+00:00,3.52,4.16,10.78,11.66,-5.2,-5.1
turbine_2,2026-01-25 00:00:00+00:00,1.79,3.85,9.19,12.04,-5.1,-5.5
turbine_2,2026-01-25 01:00:00+00:00,1.3,3.0,7.29,11.13,-7.0,-5.6
turbine_2,2026-01-25 02:00:00+00:00,0.94,1.42,4.11,8.06,-6.4,-6.4
turbine_2,2026-01-25 03:00:00+00:00,0.9,1.3,2.59,5.19,-5.8,-7.1
turbine_2,2026-01-25 04:00:00+00:00,1.26,0.28,1.49,2.8,-4.5,-5.3
turbine_2,2026-01-25 05:00:00+00:00,1.06,0.91,0.71,2.42,-4.0,-4.5
turbine_2,2026-01-25 06:00:00+00:00,1.7,2.19,0.91,3.32,-3.0,-3.5
turbine_2,2026-01-25 07:00:00+00:00,1.1,2.56,0.67,3.26,-1.2,-3.0
turbine_2,2026-01-25 08:00:00+00:00,1.22,0.81,0.81,1.82,-0.9,-2.9
turbine_2,2026-01-25 09:00:00+00:00,1.24,1.77,0.92,2.64,-0.5,-1.7
turbine_2,2026-01-25 10:00:00+00:00,1.71,0.82,1.66,1.08,-1.1,-1.1
turbine_2,2026-01-25 11:00:00+00:00,2.26,1.25,3.9,0.73,-1.8,-3.3
turbine_2,2026-01-25 12:00:00+00:00,1.71,1.75,3.57,1.13,-3.7,-4.6
turbine_2,2026-01-25 13:00:00+00:00,1.3,1.5,2.95,0.3,-3.9,-4.0
turbine_2,2026-01-25 14:00:00+00:00,1.97,1.61,1.98,1.0,-3.8,-3.7
turbine_2,2026-01-25 15:00:00+00:00,2.2,1.49,0.72,1.0,-4.3,-3.7
turbine_2,2026-01-25 16:00:00+00:00,2.44,1.28,3.64,1.2,-3.1,-3.7
turbine_2,2026-01-25 17:00:00+00:00,2.83,1.63,6.59,3.34,-4.6,-4.4
turbine_2,2026-01-25 18:00:00+00:00,3.06,3.28,7.56,7.85,-4.2,-3.8
turbine_2,2026-01-25 19:00:00+00:00,3.42,3.49,8.69,8.84,-4.5,-4.3
turbine_2,2026-01-25 20:00:00+00:00,3.86,3.45,9.81,8.99,-4.9,-4.8
turbine_2,2026-01-25 21:00:00+00:00,3.62,3.4,9.71,9.21,-5.5,-5.6
turbine_2,2026-01-25 22:00:00+00:00,4.12,4.46,9.88,10.32,-6.1,-6.0
turbine_2,2026-01-25 23:00:00+00:00,4.46,5.11,10.31,10.97,-5.8,-5.5
turbine_2,2026-01-26 00:00:00+00:00,4.46,4.33,10.5,10.69,-5.5,-7.3
turbine_2,2026-01-26 01:00:00+00:00,3.76,4.2,10.48,10.72,-4.9,-7.0
turbine_2,2026-01-26 02:00:00+00:00,4.03,3.49,11.46,10.82,-6.7,-7.9
turbine_2,2026-01-26 03:00:00+00:00,4.11,4.53,11.2,11.75,-7.1,-7.8
turbine_2,2026-01-26 04:00:00+00:00,4.88,5.42,11.27,11.72,-5.2,-5.9
turbine_2,2026-01-26 05:00:00+00:00,5.97,6.4,11.76,11.36,-3.3,-4.3
turbine_2,2026-01-26 06:00:00+00:00,6.9,7.56,12.01,12.39,-2.1,-2.6
turbine_2,2026-01-26 07:00:00+00:00,7.25,7.94,12.47,12.61,-1.3,-1.6
turbine_2,2026-01-26 08:00:00+00:00,7.44,7.88,12.59,12.84,-0.7,-0.9
turbine_2,2026-01-26 09:00:00+00:00,6.8,7.63,12.08,13.02,-0.5,-0.5
turbine_2,2026-01-26 10:00:00+00:00,5.88,6.86,11.1,12.63,-0.8,-0.7
turbine_2,2026-01-26 11:00:00+00:00,4.8,5.69,10.01,11.88,-2.4,-2.3
turbine_2,2026-01-26 12:00:00+00:00,2.75,4.05,9.18,11.3,-4.6,-4.6
turbine_2,2026-01-26 13:00:00+00:00,2.24,3.45,8.81,11.19,-5.6,-5.5
turbine_2,2026-01-26 14:00:00+00:00,2.55,3.57,8.69,11.68,-5.7,-5.7
turbine_2,2026-01-26 15:00:00+00:00,2.55,3.59,8.05,11.5,-6.2,-5.6
turbine_2,2026-01-26 16:00:00+00:00,2.51,3.61,7.83,11.55,-6.5,-5.6
turbine_2,2026-01-26 17:00:00+00:00,2.88,3.1,8.6,11.11,-6.4,-5.6
turbine_2,2026-01-26 18:00:00+00:00,3.11,3.62,9.98,11.41,-5.8,-5.6
turbine_2,2026-01-26 19:00:00+00:00,3.41,3.86,10.78,11.4,-5.4,-5.7
turbine_2,2026-01-26 20:00:00+00:00,3.57,3.98,11.31,12.34,-5.2,-5.8
turbine_2,2026-01-26 21:00:00+00:00,3.47,3.74,11.59,12.22,-6.0,-6.1
turbine_2,2026-01-26 22:00:00+00:00,3.16,3.96,11.32,11.77,-6.6,-6.7
turbine_2,2026-01-26 23:00:00+00:00,2.84,3.83,10.25,11.67,-7.4,-7.0
turbine_2,2026-01-27 00:00:00+00:00,2.42,3.01,9.38,10.38,-7.8,-7.8
turbine_2,2026-01-27 01:00:00+00:00,2.4,2.65,8.84,10.02,-7.2,-8.0
turbine_2,2026-01-27 02:00:00+00:00,2.5,2.28,8.23,8.68,-6.6,-7.3
turbine_2,2026-01-27 03:00:00+00:00,2.5,2.66,7.76,8.43,-5.3,-6.4
turbine_2,2026-01-27 04:00:00+00:00,3.05,3.28,7.38,7.98,-3.7,-4.5
turbine_2,2026-01-27 05:00:00+00:00,3.36,3.52,6.71,6.93,-2.4,-3.6
turbine_2,2026-01-27 06:00:00+00:00,2.72,2.73,5.47,5.04,-1.5,-2.9
turbine_2,2026-01-27 07:00:00+00:00,2.66,2.6,5.06,4.81,-1.1,-1.7
turbine_2,2026-01-27 08:00:00+00:00,2.73,2.55,5.0,4.61,-0.7,-0.8
turbine_2,2026-01-27 09:00:00+00:00,2.64,2.82,4.83,4.78,-0.5,-0.4
turbine_2,2026-01-27 10:00:00+00:00,2.28,3.0,4.97,5.46,-0.8,-1.0
turbine_2,2026-01-27 11:00:00+00:00,2.09,3.26,4.83,6.05,-1.7,-2.4
turbine_2,2026-01-27 12:00:00+00:00,2.2,2.98,5.04,5.89,-2.8,-3.6
turbine_2,2026-01-27 13:00:00+00:00,1.71,2.42,4.72,5.79,-3.5,-3.9
turbine_2,2026-01-27 14:00:00+00:00,1.48,1.9,4.18,5.26,-3.7,-4.2
turbine_2,2026-01-27 15:00:00+00:00,1.61,1.87,3.91,5.15,-3.5,-4.5
turbine_2,2026-01-27 16:00:00+00:00,1.43,1.7,3.7,5.11,-3.4,-4.2
turbine_2,2026-01-27 17:00:00+00:00,1.3,2.11,3.4,5.54,-3.3,-3.9
turbine_2,2026-01-27 18:00:00+00:00,1.68,1.9,4.24,4.9,-3.7,-3.9
turbine_2,2026-01-27 19:00:00+00:00,1.44,1.77,3.67,4.79,-4.1,-4.3
turbine_2,2026-01-27 20:00:00+00:00,1.14,1.2,3.06,4.34,-4.2,-4.7
turbine_2,2026-01-27 21:00:00+00:00,1.08,1.49,2.25,3.51,-3.9,-4.9
turbine_2,2026-01-27 22:00:00+00:00,1.17,1.2,2.21,2.04,-4.0,-4.7
turbine_2,2026-01-27 23:00:00+00:00,1.61,1.52,1.42,1.03,-3.9,-4.6
turbine_2,2026-01-28 00:00:00+00:00,1.62,1.61,1.02,0.92,-3.4,-4.1
turbine_2,2026-01-28 01:00:00+00:00,2.14,2.2,2.5,1.21,-3.1,-3.8
turbine_2,2026-01-28 02:00:00+00:00,2.06,2.34,3.67,2.89,-3.3,-3.7
turbine_2,2026-01-28 03:00:00+00:00,2.13,2.33,3.83,3.24,-2.5,-2.9
turbine_2,2026-01-28 04:00:00+00:00,2.92,2.72,3.04,3.13,-1.9,-1.8
turbine_2,2026-01-28 05:00:00+00:00,2.75,3.44,2.38,3.09,-1.5,-0.5
turbine_2,2026-01-28 06:00:00+00:00,2.28,1.8,2.15,0.99,-0.6,-0.6
turbine_2,2026-01-28 07:00:00+00:00,1.92,0.61,1.66,1.12,-0.1,-0.5
turbine_2,2026-01-28 08:00:00+00:00,1.22,1.04,0.61,2.51,-0.0,0.1
turbine_2,2026-01-28 09:00:00+00:00,0.22,2.47,0.81,3.41,0.3,0.1
turbine_2,2026-01-28 10:00:00+00:00,1.41,3.04,2.15,4.73,0.4,-0.8
turbine_2,2026-01-28 11:00:00+00:00,2.73,3.35,4.27,5.8,-0.8,-2.1
turbine_2,2026-01-28 12:00:00+00:00,3.76,3.71,6.69,6.82,-2.0,-2.6
turbine_2,2026-01-28 13:00:00+00:00,3.32,3.49,7.56,8.49,-3.1,-2.7
turbine_2,2026-01-28 14:00:00+00:00,3.93,3.9,8.77,9.49,-3.2,-3.4
turbine_2,2026-01-28 15:00:00+00:00,4.74,4.79,9.12,10.6,-3.1,-3.5
turbine_2,2026-01-28 16:00:00+00:00,4.65,4.7,9.48,10.31,-3.3,-3.4
turbine_2,2026-01-28 17:00:00+00:00,3.8,4.68,9.53,11.09,-3.6,-4.1
turbine_2,2026-01-28 18:00:00+00:00,2.77,3.83,8.91,10.86,-4.1,-4.5
turbine_2,2026-01-28 19:00:00+00:00,2.97,3.01,8.7,10.25,-4.5,-5.2
turbine_2,2026-01-28 20:00:00+00:00,3.08,2.96,8.9,9.93,-4.7,-5.6
turbine_2,2026-01-28 21:00:00+00:00,2.53,2.83,8.1,9.48,-4.8,-5.7
turbine_2,2026-01-28 22:00:00+00:00,2.62,2.63,8.41,9.13,-5.0,-5.9
turbine_2,2026-01-28 23:00:00+00:00,2.53,3.37,8.08,9.67,-5.3,-5.6
turbine_2,2026-01-29 00:00:00+00:00,2.33,2.31,7.16,8.44,-5.5,-5.9
turbine_2,2026-01-29 01:00:00+00:00,2.43,2.7,7.42,8.28,-5.5,-6.0
turbine_2,2026-01-29 02:00:00+00:00,2.5,3.13,8.24,8.9,-5.6,-5.6
turbine_2,2026-01-29 03:00:00+00:00,2.5,3.13,8.07,9.12,-4.7,-4.7
turbine_2,2026-01-29 04:00:00+00:00,3.98,3.72,8.19,9.31,-2.5,-2.2
turbine_2,2026-01-29 05:00:00+00:00,4.14,5.08,8.36,9.79,-0.4,-0.4
turbine_2,2026-01-29 06:00:00+00:00,5.87,5.8,9.38,10.42,0.1,0.7
turbine_2,2026-01-29 07:00:00+00:00,5.88,6.05,9.84,10.35,1.0,1.4
turbine_2,2026-01-29 08:00:00+00:00,6.16,5.92,10.25,9.9,1.5,1.8
turbine_2,2026-01-29 09:00:00+00:00,5.91,5.61,10.16,9.47,1.8,2.0
turbine_2,2026-01-29 10:00:00+00:00,5.58,5.16,10.43,9.36,1.6,1.7
turbine_2,2026-01-29 11:00:00+00:00,5.01,4.74,10.83,8.81,0.5,0.6
turbine_2,2026-01-29 12:00:00+00:00,4.16,3.71,10.99,9.21,-1.3,-1.5
turbine_2,2026-01-29 13:00:00+00:00,4.16,3.42,10.91,9.4,-2.1,-2.3
turbine_2,2026-01-29 14:00:00+00:00,4.68,3.61,11.4,10.2,-2.3,-2.7
turbine_2,2026-01-29 15:00:00+00:00,5.04,3.83,11.45,10.38,-2.3,-2.9
turbine_2,2026-01-29 16:00:00+00:00,5.28,4.14,13.02,11.36,-2.6,-2.9
turbine_2,2026-01-29 17:00:00+00:00,4.93,4.26,12.92,11.55,-2.8,-3.1
turbine_2,2026-01-29 18:00:00+00:00,4.61,4.18,13.21,11.66,-3.5,-3.5
turbine_2,2026-01-29 19:00:00+00:00,4.62,4.3,13.11,11.83,-3.7,-3.7
turbine_2,2026-01-29 20:00:00+00:00,4.7,4.47,13.57,12.23,-3.8,-3.8
turbine_2,2026-01-29 21:00:00+00:00,4.8,4.9,13.57,12.85,-3.9,-3.8
turbine_2,2026-01-29 22:00:00+00:00,4.63,5.0,13.06,12.63,-4.0,-4.0
turbine_2,2026-01-29 23:00:00+00:00,4.71,5.57,12.44,13.56,-4.2,-4.1
turbine_2,2026-01-30 00:00:00+00:00,5.0,4.68,13.07,12.13,-4.4,-3.8
turbine_2,2026-01-30 01:00:00+00:00,5.1,5.1,13.87,12.79,-4.6,-3.9
turbine_2,2026-01-30 02:00:00+00:00,5.19,5.57,14.13,13.69,-4.7,-4.0
turbine_2,2026-01-30 03:00:00+00:00,5.39,5.63,14.22,14.0,-4.1,-3.6
turbine_2,2026-01-30 04:00:00+00:00,6.43,6.0,14.53,13.77,-2.2,-1.9
turbine_2,2026-01-30 05:00:00+00:00,7.34,7.07,15.22,14.81,-0.4,-0.4
turbine_2,2026-01-30 06:00:00+00:00,8.51,8.19,16.36,15.95,0.4,0.4
turbine_2,2026-01-30 07:00:00+00:00,8.95,8.33,16.74,16.61,1.3,1.5
turbine_2,2026-01-30 08:00:00+00:00,8.15,7.66,16.32,16.48,2.3,2.4
turbine_2,2026-01-30 09:00:00+00:00,7.76,7.35,15.88,16.06,2.5,2.8
turbine_2,2026-01-30 10:00:00+00:00,7.24,6.67,14.69,15.1,2.2,2.4
turbine_2,2026-01-30 11:00:00+00:00,6.41,6.33,13.11,14.02,0.8,1.1
turbine_2,2026-01-30 12:00:00+00:00,5.15,5.57,12.57,13.38,-1.4,-0.8
turbine_2,2026-01-30 13:00:00+00:00,4.26,4.61,12.44,12.87,-2.2,-1.5
turbine_2,2026-01-30 14:00:00+00:00,3.73,3.96,12.07,12.62,-2.4,-1.8
turbine_2,2026-01-30 15:00:00+00:00,3.34,3.37,11.48,11.24,-2.6,-2.0
turbine_2,2026-01-30 16:00:00+00:00,3.13,3.18,10.74,11.14,-3.0,-2.0
turbine_2,2026-01-30 17:00:00+00:00,3.31,3.13,11.27,11.64,-3.2,-2.3
turbine_2,2026-01-30 18:00:00+00:00,3.2,3.32,11.23,11.99,-3.4,-3.0
turbine_2,2026-01-30 19:00:00+00:00,3.31,3.55,11.54,12.31,-3.5,-3.2
turbine_2,2026-01-30 20:00:00+00:00,2.96,3.71,11.37,12.73,-3.8,-3.3
turbine_2,2026-01-30 21:00:00+00:00,3.18,3.79,11.59,12.78,-4.2,-3.4
turbine_2,2026-01-30 22:00:00+00:00,3.1,4.35,11.73,12.63,-4.5,-3.5
turbine_2,2026-01-30 23:00:00+00:00,3.98,4.85,13.38,13.87,-4.5,-3.6
turbine_2,2026-01-31 00:00:00+00:00,4.81,5.15,14.4,14.19,-2.4,-4.2
turbine_2,2026-01-31 01:00:00+00:00,5.25,5.35,14.58,15.4,-2.6,-4.0
turbine_2,2026-01-31 02:00:00+00:00,5.41,5.5,14.72,15.21,-2.7,-4.1
turbine_2,2026-01-31 03:00:00+00:00,5.61,5.41,14.63,14.8,-2.3,-3.8
turbine_2,2026-01-31 04:00:00+00:00,6.26,6.0,14.81,14.49,-0.4,-2.2
turbine_2,2026-01-31 05:00:00+00:00,7.2,7.42,15.8,15.26,1.4,-0.4
turbine_2,2026-01-31 06:00:00+00:00,7.75,8.14,15.86,16.51,4.0,1.0
turbine_2,2026-01-31 07:00:00+00:00,8.19,8.45,16.23,16.2,5.1,2.3
turbine_2,2026-01-31 08:00:00+00:00,8.32,8.1,16.12,16.18,6.0,3.1
turbine_2,2026-01-31 09:00:00+00:00,7.95,7.29,14.3,15.36,6.0,3.6
turbine_2,2026-01-31 10:00:00+00:00,7.29,7.34,12.63,13.46,5.6,3.0
turbine_2,2026-01-31 11:00:00+00:00,6.31,6.4,11.23,11.81,3.9,1.5
turbine_2,2026-01-31 12:00:00+00:00,4.79,4.79,10.16,11.41,2.0,-0.6
turbine_2,2026-01-31 13:00:00+00:00,2.94,3.62,9.67,10.91,0.9,-1.4
turbine_2,2026-01-31 14:00:00+00:00,2.22,2.64,8.32,9.97,0.4,-1.9
turbine_2,2026-01-31 15:00:00+00:00,2.12,2.69,7.15,10.02,-0.0,-1.8
turbine_2,2026-01-31 16:00:00+00:00,1.87,2.21,5.82,8.86,-0.4,-1.9
turbine_2,2026-01-31 17:00:00+00:00,1.57,2.67,4.88,9.23,-1.2,-1.6
turbine_2,2026-01-31 18:00:00+00:00,1.28,2.11,3.61,6.68,-1.8,-1.9
turbine_2,2026-01-31 19:00:00+00:00,1.39,2.3,3.95,6.96,-1.8,-1.8
turbine_2,2026-01-31 20:00:00+00:00,1.96,2.98,4.77,8.04,-1.2,-1.8
turbine_2,2026-01-31 21:00:00+00:00,2.6,3.64,6.18,9.34,-0.6,-1.9
turbine_2,2026-01-31 22:00:00+00:00,3.41,3.96,8.26,10.02,-0.6,-2.0
turbine_2,2026-01-31 23:00:00+00:00,4.22,3.85,10.38,10.38,-1.0,-2.6
turbine_2,2026-02-01 00:00:00+00:00,4.12,3.36,10.78,10.2,-1.6,-1.3
turbine_2,2026-02-01 01:00:00+00:00,5.47,3.49,11.73,10.47,-1.8,-1.4
turbine_2,2026-02-01 02:00:00+00:00,4.78,4.17,11.44,10.63,-2.6,-1.4
turbine_2,2026-02-01 03:00:00+00:00,3.47,4.44,9.78,11.05,-2.4,-1.0
turbine_2,2026-02-01 04:00:00+00:00,5.41,5.02,11.36,10.31,-0.4,0.4
turbine_2,2026-02-01 05:00:00+00:00,5.96,6.14,10.96,10.82,3.0,2.1
turbine_2,2026-02-01 06:00:00+00:00,6.48,6.55,10.6,11.81,3.8,4.6
turbine_2,2026-02-01 07:00:00+00:00,6.63,6.93,11.14,11.72,5.1,5.2
turbine_2,2026-02-01 08:00:00+00:00,6.91,6.93,10.87,11.24,5.9,5.9
turbine_2,2026-02-01 09:00:00+00:00,6.44,6.8,10.26,11.05,5.9,6.0
turbine_2,2026-02-01 10:00:00+00:00,6.07,6.6,10.18,10.7,5.0,5.6
turbine_2,2026-02-01 11:00:00+00:00,5.59,6.44,10.38,10.73,3.3,4.2
turbine_2,2026-02-01 12:00:00+00:00,4.13,5.33,9.26,10.79,1.7,2.2
turbine_2,2026-02-01 13:00:00+00:00,4.16,4.08,9.75,10.25,1.2,1.0
turbine_2,2026-02-01 14:00:00+00:00,3.89,3.58,9.39,10.11,1.2,0.7
turbine_2,2026-02-01 15:00:00+00:00,4.1,3.49,9.48,10.38,0.9,0.5
turbine_2,2026-02-01 16:00:00+00:00,4.11,3.81,9.45,10.91,1.1,0.3
turbine_2,2026-02-01 17:00:00+00:00,3.94,3.92,9.79,11.0,0.3,0.4
turbine_2,2026-02-01 18:00:00+00:00,3.85,3.64,9.97,10.69,0.3,0.1
turbine_2,2026-02-01 19:00:00+00:00,4.39,3.73,10.42,11.0,-0.0,0.1
turbine_2,2026-02-01 20:00:00+00:00,4.57,4.05,11.05,11.23,-0.2,-0.1
turbine_2,2026-02-01 21:00:00+00:00,4.99,4.31,11.36,11.27,-0.4,-0.6
turbine_2,2026-02-01 22:00:00+00:00,5.25,4.35,11.72,11.54,-0.5,-1.0
turbine_2,2026-02-01 23:00:00+00:00,5.46,4.3,12.03,11.9,-0.6,-1.2
turbine_2,2026-02-02 00:00:00+00:00,5.59,4.38,12.43,11.68,-0.6,-1.8
turbine_2,2026-02-02 01:00:00+00:00,5.69,4.7,12.71,11.9,-0.7,-1.9
turbine_2,2026-02-02 02:00:00+00:00,5.63,4.61,12.89,12.12,-1.1,-2.0
turbine_2,2026-02-02 03:00:00+00:00,5.92,4.7,13.78,12.34,0.1,-0.9
turbine_2,2026-02-02 04:00:00+00:00,6.31,6.19,13.43,12.27,2.1,1.7
turbine_2,2026-02-02 05:00:00+00:00,7.91,7.66,14.32,13.6,4.1,3.9
turbine_2,2026-02-02 06:00:00+00:00,7.84,7.8,13.87,13.91,6.4,5.4
turbine_2,2026-02-02 07:00:00+00:00,8.72,8.24,14.59,14.18,7.5,6.8
turbine_2,2026-02-02 08:00:00+00:00,8.68,9.02,14.79,14.72,8.0,7.3
turbine_2,2026-02-02 09:00:00+00:00,8.68,8.8,14.52,14.58,7.9,7.3
turbine_2,2026-02-02 10:00:00+00:00,7.98,8.25,13.15,14.19,7.0,6.2
turbine_2,2026-02-02 11:00:00+00:00,6.32,7.07,11.29,13.51,5.1,4.6
turbine_2,2026-02-02 12:00:00+00:00,3.76,3.64,10.2,10.16,2.4,2.4
turbine_2,2026-02-02 13:00:00+00:00,1.82,2.01,8.36,8.01,1.8,1.2
turbine_2,2026-02-02 14:00:00+00:00,2.42,2.28,7.47,6.84,2.0,1.0
turbine_2,2026-02-02 15:00:00+00:00,2.24,2.56,6.85,6.99,2.2,1.1
turbine_2,2026-02-02 16:00:00+00:00,2.86,2.88,7.13,6.99,1.9,1.3
turbine_2,2026-02-02 17:00:00+00:00,3.01,3.1,7.24,7.3,1.3,1.3
turbine_2,2026-02-02 18:00:00+00:00,2.28,2.82,6.95,6.32,0.3,1.8
turbine_2,2026-02-02 19:00:00+00:00,3.01,3.32,7.49,7.67,0.9,1.9
turbine_2,2026-02-02 20:00:00+00:00,3.98,3.67,8.89,9.44,1.2,2.0
turbine_2,2026-02-02 21:00:00+00:00,3.89,4.11,10.23,11.0,1.3,1.8
turbine_2,2026-02-02 22:00:00+00:00,3.94,3.67,11.14,10.8,0.9,1.2
turbine_2,2026-02-02 23:00:00+00:00,4.25,4.48,12.04,11.64,0.2,0.8
turbine_2,2026-02-03 00:00:00+00:00,3.64,4.74,10.53,11.68,-0.3,0.3
turbine_2,2026-02-03 01:00:00+00:00,2.56,4.64,9.35,11.46,-0.9,-0.4
turbine_2,2026-02-03 02:00:00+00:00,2.05,4.19,8.1,10.61,-1.4,-0.9
turbine_2,2026-02-03 03:00:00+00:00,2.24,3.4,7.38,9.32,-0.6,-0.2
turbine_2,2026-02-03 04:00:00+00:00,3.1,3.61,6.74,7.96,1.8,1.6
turbine_2,2026-02-03 05:00:00+00:00,3.0,3.83,6.2,7.38,4.0,3.5
turbine_2,2026-02-03 06:00:00+00:00,2.95,4.66,7.16,8.32,5.0,5.5
turbine_2,2026-02-03 07:00:00+00:00,2.75,4.08,6.39,7.62,6.6,7.0
turbine_2,2026-02-03 08:00:00+00:00,2.61,3.42,5.8,6.71,7.1,7.6
turbine_2,2026-02-03 09:00:00+00:00,1.97,2.58,4.96,5.97,7.2,7.8
turbine_2,2026-02-03 10:00:00+00:00,0.78,1.53,3.61,4.98,6.8,7.7
turbine_2,2026-02-03 11:00:00+00:00,0.89,1.35,2.14,4.56,5.3,6.2
turbine_2,2026-02-03 12:00:00+00:00,3.12,1.06,2.28,1.5,4.7,3.4
turbine_2,2026-02-03 13:00:00+00:00,3.96,2.04,4.27,1.35,4.7,3.5
turbine_2,2026-02-03 14:00:00+00:00,4.11,2.15,6.8,1.12,4.3,3.3
turbine_2,2026-02-03 15:00:00+00:00,4.31,2.48,7.62,1.48,4.5,3.6
turbine_2,2026-02-03 16:00:00+00:00,4.86,2.76,8.13,2.46,4.3,3.6
turbine_2,2026-02-03 17:00:00+00:00,4.88,2.48,8.2,2.67,3.8,3.6
turbine_2,2026-02-03 18:00:00+00:00,3.82,3.13,7.06,4.24,2.9,3.6
turbine_2,2026-02-03 19:00:00+00:00,3.61,3.62,6.64,5.02,3.3,3.1
turbine_2,2026-02-03 20:00:00+00:00,3.38,2.69,5.7,4.28,4.0,3.0
turbine_2,2026-02-03 21:00:00+00:00,2.7,2.73,5.07,4.3,4.1,2.9
turbine_2,2026-02-03 22:00:00+00:00,3.05,3.22,5.63,5.68,3.9,2.8
turbine_2,2026-02-03 23:00:00+00:00,3.42,3.05,5.92,5.46,3.7,2.7
turbine_2,2026-02-04 00:00:00+00:00,5.16,3.55,8.64,6.11,2.8,1.6
turbine_2,2026-02-04 01:00:00+00:00,3.83,3.96,6.95,6.98,2.7,1.6
turbine_2,2026-02-04 02:00:00+00:00,3.32,4.8,5.24,7.42,2.8,1.3
turbine_2,2026-02-04 03:00:00+00:00,2.47,5.19,4.08,7.5,3.2,1.2
turbine_2,2026-02-04 04:00:00+00:00,2.47,5.5,3.73,7.72,3.6,1.4
turbine_2,2026-02-04 05:00:00+00:00,2.6,4.88,2.11,7.53,3.5,2.0
turbine_2,2026-02-04 06:00:00+00:00,1.91,3.96,3.05,6.16,3.5,3.6
turbine_2,2026-02-04 07:00:00+00:00,2.08,3.55,2.56,5.1,3.7,3.9
turbine_2,2026-02-04 08:00:00+00:00,2.22,3.55,2.19,4.83,4.1,3.9
turbine_2,2026-02-04 09:00:00+00:00,1.97,3.69,1.92,5.23,4.9,4.7
turbine_2,2026-02-04 10:00:00+00:00,2.1,3.58,1.8,5.42,5.4,5.3
turbine_2,2026-02-04 11:00:00+00:00,1.56,3.28,0.63,5.08,5.5,4.8
turbine_2,2026-02-04 12:00:00+00:00,2.47,1.9,5.46,2.92,4.4,4.3
turbine_2,2026-02-04 13:00:00+00:00,3.8,2.39,9.1,5.68,2.2,2.9
turbine_2,2026-02-04 14:00:00+00:00,4.78,2.52,10.37,6.69,1.8,2.3
turbine_2,2026-02-04 15:00:00+00:00,5.42,3.45,10.76,7.94,1.2,1.9
turbine_2,2026-02-04 16:00:00+00:00,5.41,4.79,11.19,9.55,0.8,1.2
turbine_2,2026-02-04 17:00:00+00:00,5.64,4.97,11.82,10.49,0.8,0.8
turbine_2,2026-02-04 18:00:00+00:00,5.69,5.99,12.31,10.6,0.7,0.4
turbine_2,2026-02-04 19:00:00+00:00,5.63,5.55,13.03,11.67,0.6,0.5
turbine_2,2026-02-04 20:00:00+00:00,5.85,6.13,14.18,12.71,0.5,0.5
turbine_2,2026-02-04 21:00:00+00:00,6.39,6.13,14.95,13.6,0.3,0.6
turbine_2,2026-02-04 22:00:00+00:00,6.51,6.39,15.35,14.32,0.2,0.4
turbine_2,2026-02-04 23:00:00+00:00,6.87,6.45,15.95,14.64,0.3,0.3
turbine_2,2026-02-05 00:00:00+00:00,6.79,6.55,16.05,15.34,0.2,0.3
turbine_2,2026-02-05 01:00:00+00:00,7.09,6.69,16.64,15.97,0.3,0.3
turbine_2,2026-02-05 02:00:00+00:00,6.73,7.28,16.97,16.66,0.4,0.2
turbine_2,2026-02-05 03:00:00+00:00,6.77,7.69,16.54,17.08,1.4,1.1
turbine_2,2026-02-05 04:00:00+00:00,7.53,8.02,15.92,16.9,3.3,2.9
turbine_2,2026-02-05 05:00:00+00:00,7.78,7.94,15.33,17.05,4.4,4.2
turbine_2,2026-02-05 06:00:00+00:00,8.1,9.08,15.6,17.45,4.9,5.3
turbine_2,2026-02-05 07:00:00+00:00,7.68,9.2,15.28,17.73,5.4,6.0
turbine_2,2026-02-05 08:00:00+00:00,7.47,9.01,15.12,16.99,5.8,6.4
turbine_2,2026-02-05 09:00:00+00:00,7.38,8.22,15.14,16.28,6.1,6.6
turbine_2,2026-02-05 10:00:00+00:00,6.84,7.84,14.5,16.02,5.9,6.3
turbine_2,2026-02-05 11:00:00+00:00,6.36,6.89,13.48,14.87,4.7,5.2
turbine_2,2026-02-05 12:00:00+00:00,5.69,6.36,12.02,13.52,3.0,3.4
turbine_2,2026-02-05 13:00:00+00:00,4.88,5.91,11.77,12.7,2.1,2.8
turbine_2,2026-02-05 14:00:00+00:00,4.83,6.01,12.15,12.74,1.8,2.8
turbine_2,2026-02-05 15:00:00+00:00,4.3,5.6,11.5,12.41,1.7,2.4
turbine_2,2026-02-05 16:00:00+00:00,4.34,4.71,11.68,12.11,1.7,2.3
turbine_2,2026-02-05 17:00:00+00:00,4.0,3.92,11.18,11.36,1.9,2.0
turbine_2,2026-02-05 18:00:00+00:00,3.81,3.83,10.68,11.14,1.8,1.9
turbine_2,2026-02-05 19:00:00+00:00,3.57,3.64,10.57,10.87,1.7,1.7
turbine_2,2026-02-05 20:00:00+00:00,3.47,3.4,10.27,10.07,1.9,1.6
turbine_2,2026-02-05 21:00:00+00:00,3.13,2.91,10.2,9.26,1.7,1.7
turbine_2,2026-02-05 22:00:00+00:00,2.97,2.46,10.51,8.45,1.4,1.4
turbine_2,2026-02-05 23:00:00+00:00,2.55,1.97,9.71,7.22,1.2,1.1
turbine_2,2026-02-06 00:00:00+00:00,2.57,1.8,9.02,5.74,0.9,1.7
turbine_2,2026-02-06 01:00:00+00:00,2.12,1.7,7.88,3.91,1.0,1.9
turbine_2,2026-02-06 02:00:00+00:00,1.87,1.7,6.24,2.31,1.0,2.0
turbine_2,2026-02-06 03:00:00+00:00,1.28,2.2,4.46,0.92,1.9,3.3
turbine_2,2026-02-06 04:00:00+00:00,0.22,2.33,3.18,0.82,3.5,4.6
turbine_2,2026-02-06 05:00:00+00:00,2.73,2.12,1.44,0.22,4.3,5.9
turbine_2,2026-02-06 06:00:00+00:00,5.73,3.2,5.61,2.72,6.6,6.1
turbine_2,2026-02-06 07:00:00+00:00,7.21,3.41,8.9,4.6,7.7,5.7
turbine_2,2026-02-06 08:00:00+00:00,8.26,4.98,14.07,7.96,4.7,6.2
turbine_2,2026-02-06 09:00:00+00:00,8.21,8.71,14.08,13.66,3.9,5.6
turbine_2,2026-02-06 10:00:00+00:00,9.15,9.33,14.2,15.59,3.4,4.7
turbine_2,2026-02-06 11:00:00+00:00,8.82,8.79,15.65,14.84,3.4,3.7
turbine_2,2026-02-06 12:00:00+00:00,9.47,9.65,16.9,16.25,2.7,2.8
turbine_2,2026-02-06 13:00:00+00:00,9.7,9.33,16.69,15.62,2.3,2.7
turbine_2,2026-02-06 14:00:00+00:00,9.23,7.98,15.76,14.55,2.2,2.9
turbine_2,2026-02-06 15:00:00+00:00,8.83,7.5,15.41,13.53,2.2,2.9
turbine_2,2026-02-06 16:00:00+00:00,8.34,8.02,14.82,13.28,2.1,2.3
turbine_2,2026-02-06 17:00:00+00:00,7.38,7.57,12.73,13.14,1.9,1.7
turbine_2,2026-02-06 18:00:00+00:00,7.03,7.24,12.81,12.33,1.4,1.5
turbine_2,2026-02-06 19:00:00+00:00,6.9,7.25,12.46,12.76,1.0,1.7
turbine_2,2026-02-06 20:00:00+00:00,5.82,7.16,10.83,12.84,1.1,1.4
turbine_2,2026-02-06 21:00:00+00:00,4.1,5.16,8.41,10.57,0.9,1.3
turbine_2,2026-02-06 22:00:00+00:00,2.81,3.31,6.3,7.67,0.4,1.2
turbine_2,2026-02-06 23:00:00+00:00,1.97,2.33,4.4,5.18,0.1,1.0
turbine_2,2026-02-07 00:00:00+00:00,1.79,3.14,4.02,5.43,0.1,0.5
turbine_2,2026-02-07 01:00:00+00:00,1.57,1.63,2.78,3.26,0.3,0.3
turbine_2,2026-02-07 02:00:00+00:00,0.86,0.2,0.64,0.8,0.1,0.4
turbine_2,2026-02-07 03:00:00+00:00,2.28,2.15,2.64,2.12,0.7,0.7
turbine_2,2026-02-07 04:00:00+00:00,4.58,4.92,4.92,5.48,1.7,1.1
turbine_2,2026-02-07 05:00:00+00:00,6.36,6.85,8.7,8.36,2.8,1.9
turbine_2,2026-02-07 06:00:00+00:00,6.27,6.72,9.96,11.38,4.0,3.8
turbine_2,2026-02-07 07:00:00+00:00,5.52,6.0,8.98,10.12,4.4,3.9
turbine_2,2026-02-07 08:00:00+00:00,4.69,5.02,7.73,8.86,4.3,4.0
turbine_2,2026-02-07 09:00:00+00:00,3.06,3.99,5.7,7.79,4.8,4.7
turbine_2,2026-02-07 10:00:00+00:00,2.62,3.4,4.88,6.84,4.9,5.0
turbine_2,2026-02-07 11:00:00+00:00,2.69,3.67,4.44,6.43,4.4,4.5
turbine_2,2026-02-07 12:00:00+00:00,2.53,3.47,2.59,5.13,3.0,2.8
turbine_2,2026-02-07 13:00:00+00:00,3.26,1.94,5.12,3.33,1.2,2.1
turbine_2,2026-02-07 14:00:00+00:00,3.85,1.22,5.01,1.7,1.3,1.9
turbine_2,2026-02-07 15:00:00+00:00,4.62,3.0,5.79,4.62,0.9,1.4
turbine_2,2026-02-07 16:00:00+00:00,4.83,3.13,6.94,4.59,0.6,0.9
turbine_2,2026-02-07 17:00:00+00:00,5.14,3.67,8.46,4.9,0.5,0.9
turbine_2,2026-02-07 18:00:00+00:00,7.09,3.49,11.57,5.53,0.3,0.5
turbine_2,2026-02-07 19:00:00+00:00,8.0,3.93,13.82,6.58,0.5,0.2
turbine_2,2026-02-07 20:00:00+00:00,8.0,4.46,14.04,7.74,0.4,0.3
turbine_2,2026-02-07 21:00:00+00:00,7.69,5.43,13.51,9.34,0.1,0.5
turbine_2,2026-02-07 22:00:00+00:00,6.72,5.66,11.9,9.46,-0.1,0.2
turbine_2,2026-02-07 23:00:00+00:00,6.62,5.29,10.57,9.27,-0.9,0.5
turbine_2,2026-02-08 00:00:00+00:00,6.51,5.1,9.87,9.47,-1.2,0.1
turbine_2,2026-02-08 01:00:00+00:00,4.75,4.47,8.46,8.32,-1.3,-0.5
turbine_2,2026-02-08 02:00:00+00:00,4.22,5.26,7.51,8.14,-0.8,-0.6
turbine_2,2026-02-08 03:00:00+00:00,3.34,4.69,6.39,7.47,-0.1,0.5
turbine_2,2026-02-08 04:00:00+00:00,3.2,5.35,5.82,7.42,1.8,1.9
turbine_2,2026-02-08 05:00:00+00:00,3.01,4.9,4.8,6.67,2.6,2.9
turbine_2,2026-02-08 06:00:00+00:00,1.12,2.86,1.91,4.3,2.8,3.0
turbine_2,2026-02-08 07:00:00+00:00,1.36,2.06,1.26,3.04,3.7,3.4
turbine_2,2026-02-08 08:00:00+00:00,3.5,1.08,3.76,1.48,4.7,3.8
turbine_2,2026-02-08 09:00:00+00:00,5.86,2.25,7.46,1.58,5.1,4.6
turbine_2,2026-02-08 10:00:00+00:00,7.29,4.35,10.95,4.81,4.7,5.1
turbine_2,2026-02-08 11:00:00+00:00,7.87,6.08,14.3,9.4,4.2,4.8
turbine_2,2026-02-08 12:00:00+00:00,7.83,7.4,15.88,16.03,2.3,3.1
turbine_2,2026-02-08 13:00:00+00:00,6.99,7.18,15.66,16.42,1.1,1.6
turbine_2,2026-02-08 14:00:00+00:00,6.95,7.14,16.07,16.55,0.4,0.7
turbine_2,2026-02-08 15:00:00+00:00,7.38,7.16,16.29,16.92,0.0,0.3
turbine_2,2026-02-08 16:00:00+00:00,7.65,7.16,16.3,15.87,0.0,0.3
turbine_2,2026-02-08 17:00:00+00:00,7.65,7.58,16.01,16.06,-0.0,0.1
turbine_2,2026-02-08 18:00:00+00:00,8.26,7.54,17.12,15.63,-0.5,-0.1
turbine_2,2026-02-08 19:00:00+00:00,8.46,8.06,17.38,16.55,-0.6,-0.2
turbine_2,2026-02-08 20:00:00+00:00,8.34,8.67,17.61,17.51,-0.8,-0.5
turbine_2,2026-02-08 21:00:00+00:00,8.5,8.97,18.44,18.65,-1.4,-0.7
turbine_2,2026-02-08 22:00:00+00:00,8.22,8.97,18.66,19.14,-1.7,-1.1
turbine_2,2026-02-08 23:00:00+00:00,8.47,9.09,19.07,19.63,-1.7,-1.3
turbine_2,2026-02-09 00:00:00+00:00,8.46,9.37,18.76,20.07,-2.0,-1.4
turbine_2,2026-02-09 01:00:00+00:00,8.2,9.1,17.87,20.04,-2.2,-1.5
turbine_2,2026-02-09 02:00:00+00:00,8.2,9.02,17.92,20.08,-2.3,-1.6
turbine_2,2026-02-09 03:00:00+00:00,8.13,8.44,18.41,19.66,-1.2,-0.8
turbine_2,2026-02-09 04:00:00+00:00,8.43,9.18,18.41,19.58,1.0,1.1
turbine_2,2026-02-09 05:00:00+00:00,9.42,9.93,19.24,20.21,2.7,2.7
turbine_2,2026-02-09 06:00:00+00:00,9.68,9.52,19.5,20.21,3.6,4.5
turbine_2,2026-02-09 07:00:00+00:00,9.66,9.79,19.23,20.18,5.0,5.3
turbine_2,2026-02-09 08:00:00+00:00,9.24,9.51,18.53,18.98,5.5,6.0
turbine_2,2026-02-09 09:00:00+00:00,8.64,8.95,17.08,17.99,5.3,6.1
turbine_2,2026-02-09 10:00:00+00:00,7.69,6.93,16.82,15.47,5.5,5.4
turbine_2,2026-02-09 11:00:00+00:00,6.01,5.11,15.12,13.84,4.8,4.7
turbine_2,2026-02-09 12:00:00+00:00,4.11,4.88,10.75,10.7,2.5,3.2
turbine_2,2026-02-09 13:00:00+00:00,2.65,2.56,8.95,8.11,1.1,1.8
turbine_2,2026-02-09 14:00:00+00:00,2.43,2.43,7.26,6.44,1.0,1.8
turbine_2,2026-02-09 15:00:00+00:00,2.93,2.3,6.4,5.66,1.2,2.2
turbine_2,2026-02-09 16:00:00+00:00,2.63,2.1,5.94,5.58,1.6,2.1
turbine_2,2026-02-09 17:00:00+00:00,2.44,1.9,5.32,5.04,2.1,2.5
turbine_2,2026-02-09 18:00:00+00:00,2.25,1.4,4.91,4.37,1.9,1.9
turbine_2,2026-02-09 19:00:00+00:00,1.84,1.9,4.12,4.34,2.2,2.2
turbine_2,2026-02-09 20:00:00+00:00,1.49,1.91,4.14,4.59,2.1,2.7
turbine_2,2026-02-09 21:00:00+00:00,2.56,1.68,5.68,4.87,2.3,2.7
turbine_2,2026-02-09 22:00:00+00:00,2.78,3.1,5.69,7.57,2.1,2.6
turbine_2,2026-02-09 23:00:00+00:00,3.6,2.47,8.42,7.65,1.9,1.7
turbine_2,2026-02-10 00:00:00+00:00,3.8,3.44,8.98,9.44,2.4,1.2
turbine_2,2026-02-10 01:00:00+00:00,3.16,3.58,9.9,10.29,1.5,1.0
turbine_2,2026-02-10 02:00:00+00:00,4.41,3.33,10.42,10.07,-0.1,-0.2
turbine_2,2026-02-10 03:00:00+00:00,4.39,3.42,10.29,9.02,0.3,1.0
turbine_2,2026-02-10 04:00:00+00:00,3.54,4.31,8.44,8.44,1.8,1.8
turbine_2,2026-02-10 05:00:00+00:00,5.51,5.96,10.78,8.91,3.0,2.8
turbine_2,2026-02-10 06:00:00+00:00,6.57,5.59,10.15,8.51,4.5,4.8
turbine_2,2026-02-10 07:00:00+00:00,5.69,4.79,8.63,8.49,6.0,6.3
turbine_2,2026-02-10 08:00:00+00:00,3.1,4.82,4.91,7.07,6.2,7.1
turbine_2,2026-02-10 09:00:00+00:00,0.14,3.22,2.16,6.04,6.0,7.2
turbine_2,2026-02-10 10:00:00+00:00,2.15,2.26,2.62,4.87,6.5,7.1
turbine_2,2026-02-10 11:00:00+00:00,1.75,1.61,2.41,4.16,6.0,6.4
turbine_2,2026-02-10 12:00:00+00:00,0.92,2.73,1.63,4.61,4.6,5.2
turbine_2,2026-02-10 13:00:00+00:00,2.92,3.01,4.0,5.81,4.8,4.4
turbine_2,2026-02-10 14:00:00+00:00,3.49,3.6,6.21,7.94,4.5,4.2
turbine_2,2026-02-10 15:00:00+00:00,3.52,3.64,8.77,9.26,4.2,3.7
turbine_2,2026-02-10 16:00:00+00:00,4.18,4.96,10.87,10.67,3.2,2.6
turbine_2,2026-02-10 17:00:00+00:00,5.07,5.03,12.39,11.69,2.9,2.1
turbine_2,2026-02-10 18:00:00+00:00,5.0,4.7,13.69,11.63,2.6,2.3
turbine_2,2026-02-10 19:00:00+00:00,5.76,5.48,15.07,13.25,2.4,2.3
turbine_2,2026-02-10 20:00:00+00:00,6.55,5.87,15.57,15.12,2.2,2.2
turbine_2,2026-02-10 21:00:00+00:00,6.96,6.91,15.29,15.97,1.7,1.7
turbine_2,2026-02-10 22:00:00+00:00,6.85,7.52,14.05,15.88,0.7,1.3
turbine_2,2026-02-10 23:00:00+00:00,5.42,6.71,12.0,14.98,1.1,0.7
turbine_2,2026-02-11 00:00:00+00:00,2.04,5.46,8.55,13.07,1.5,0.6
turbine_2,2026-02-11 01:00:00+00:00,1.04,2.08,5.95,8.99,0.4,1.0
turbine_2,2026-02-11 02:00:00+00:00,2.3,1.03,6.43,4.96,1.2,-0.7
turbine_2,2026-02-11 03:00:00+00:00,4.18,2.25,9.2,4.22,3.4,1.6
turbine_2,2026-02-11 04:00:00+00:00,3.72,1.22,8.73,3.0,5.4,4.6
turbine_2,2026-02-11 05:00:00+00:00,5.24,0.92,10.52,2.91,6.7,5.9
turbine_2,2026-02-11 06:00:00+00:00,8.01,5.95,13.89,11.41,8.5,8.6
turbine_2,2026-02-11 07:00:00+00:00,8.86,8.1,17.28,14.23,9.5,10.0
turbine_2,2026-02-11 08:00:00+00:00,7.22,9.39,16.01,15.65,11.0,11.0
turbine_2,2026-02-11 09:00:00+00:00,6.1,8.78,12.61,14.18,9.4,10.4
turbine_2,2026-02-11 10:00:00+00:00,2.11,5.06,4.85,8.95,8.4,8.7
turbine_2,2026-02-11 11:00:00+00:00,6.13,2.2,3.63,2.44,7.4,7.5
turbine_2,2026-02-11 12:00:00+00:00,5.7,7.69,5.22,8.58,5.7,4.8
turbine_2,2026-02-11 13:00:00+00:00,7.56,3.77,9.72,7.16,4.8,5.6
turbine_2,2026-02-11 14:00:00+00:00,9.61,6.43,13.38,9.77,4.6,4.7
turbine_2,2026-02-11 15:00:00+00:00,8.43,10.0,14.32,13.49,3.5,3.5
turbine_2,2026-02-11 16:00:00+00:00,7.22,9.99,11.72,14.9,3.0,2.8
turbine_2,2026-02-11 17:00:00+00:00,5.28,9.27,9.79,14.98,3.3,2.4
turbine_2,2026-02-11 18:00:00+00:00,5.43,8.14,9.45,12.91,1.1,1.8
turbine_2,2026-02-11 19:00:00+00:00,6.08,7.6,10.48,12.83,1.3,2.2
turbine_2,2026-02-11 20:00:00+00:00,7.47,6.78,12.53,12.08,1.3,1.7
turbine_2,2026-02-11 21:00:00+00:00,6.93,7.48,11.85,12.22,1.0,0.8
turbine_2,2026-02-11 22:00:00+00:00,6.36,7.16,10.16,11.38,1.0,0.8
turbine_2,2026-02-11 23:00:00+00:00,4.92,5.7,7.34,10.12,1.2,0.9
turbine_2,2026-02-12 00:00:00+00:00,3.4,6.22,5.6,9.65,0.5,1.2
turbine_2,2026-02-12 01:00:00+00:00,3.67,5.87,5.94,9.1,0.7,0.9
turbine_2,2026-02-12 02:00:00+00:00,2.59,5.41,4.78,9.46,0.7,1.1
turbine_2,2026-02-12 03:00:00+00:00,2.73,5.2,4.02,8.83,1.0,0.5
turbine_2,2026-02-12 04:00:00+00:00,1.32,4.43,2.0,7.4,1.4,0.8
turbine_2,2026-02-12 05:00:00+00:00,1.03,4.63,1.25,7.03,1.7,1.4
turbine_2,2026-02-12 06:00:00+00:00,3.74,3.01,3.55,4.79,3.3,2.4
turbine_2,2026-02-12 07:00:00+00:00,4.36,3.04,4.66,4.74,3.8,2.7
turbine_2,2026-02-12 08:00:00+00:00,5.14,2.63,6.12,4.41,3.8,3.2
turbine_2,2026-02-12 09:00:00+00:00,5.88,2.35,7.35,3.6,4.5,3.3
turbine_2,2026-02-12 10:00:00+00:00,5.88,2.24,7.91,3.1,4.8,3.0
turbine_2,2026-02-12 11:00:00+00:00,6.41,2.1,8.25,3.21,3.8,2.4
turbine_2,2026-02-12 12:00:00+00:00,2.25,2.82,2.56,4.9,2.6,2.2
turbine_2,2026-02-12 13:00:00+00:00,2.35,4.56,4.69,6.82,1.1,1.6
turbine_2,2026-02-12 14:00:00+00:00,3.29,4.11,6.71,7.53,1.1,1.1
turbine_2,2026-02-12 15:00:00+00:00,2.7,4.66,5.02,7.89,1.1,0.8
turbine_2,2026-02-12 16:00:00+00:00,3.26,4.43,5.14,6.89,0.8,0.4
turbine_2,2026-02-12 17:00:00+00:00,2.91,3.86,4.9,6.26,0.8,0.2
turbine_2,2026-02-12 18:00:00+00:00,1.3,2.61,2.81,4.37,0.2,0.5
turbine_2,2026-02-12 19:00:00+00:00,0.95,2.72,2.2,4.46,-0.6,0.2
turbine_2,2026-02-12 20:00:00+00:00,0.58,1.81,1.1,3.23,-0.8,-0.3
turbine_2,2026-02-12 21:00:00+00:00,1.3,0.95,0.85,1.94,-1.1,-0.1
turbine_2,2026-02-12 22:00:00+00:00,2.26,1.71,2.36,1.77,-0.8,-0.3
turbine_2,2026-02-12 23:00:00+00:00,2.34,1.49,2.92,0.89,-0.8,-0.6
turbine_2,2026-02-13 00:00:00+00:00,2.78,1.3,3.02,1.1,-0.1,0.1
turbine_2,2026-02-13 01:00:00+00:00,3.32,1.33,4.08,1.21,0.3,0.1
turbine_2,2026-02-13 02:00:00+00:00,3.28,1.8,4.4,1.91,0.5,0.3
turbine_2,2026-02-13 03:00:00+00:00,2.16,2.82,3.47,2.92,0.8,0.8
turbine_2,2026-02-13 04:00:00+00:00,2.27,3.55,3.28,4.3,1.1,1.2
turbine_2,2026-02-13 05:00:00+00:00,2.3,3.4,2.47,5.01,1.4,1.6
turbine_2,2026-02-13 06:00:00+00:00,2.33,2.79,1.7,4.4,2.4,2.3
turbine_2,2026-02-13 07:00:00+00:00,1.3,2.47,0.85,3.86,1.9,2.4
turbine_2,2026-02-13 08:00:00+00:00,1.28,2.5,0.82,3.61,1.8,2.4
turbine_2,2026-02-13 09:00:00+00:00,1.2,1.63,1.7,2.66,1.6,2.4
turbine_2,2026-02-13 10:00:00+00:00,0.1,0.81,1.0,1.06,1.8,2.4
turbine_2,2026-02-13 11:00:00+00:00,0.63,0.36,0.32,0.22,2.1,2.4
turbine_2,2026-02-13 12:00:00+00:00,1.6,0.51,2.26,0.36,2.2,2.4
turbine_2,2026-02-13 13:00:00+00:00,2.09,1.1,3.55,1.25,2.0,2.3
turbine_2,2026-02-13 14:00:00+00:00,2.96,1.03,5.33,1.0,1.5,2.2
turbine_2,2026-02-13 15:00:00+00:00,3.89,1.27,6.43,1.34,1.3,2.3
turbine_2,2026-02-13 16:00:00+00:00,5.22,2.38,7.8,2.77,1.4,2.4
turbine_2,2026-02-13 17:00:00+00:00,5.06,3.41,8.72,5.31,1.5,2.5
turbine_2,2026-02-13 18:00:00+00:00,5.23,4.37,10.29,8.04,0.9,1.1
turbine_2,2026-02-13 19:00:00+00:00,5.35,5.01,12.22,9.27,1.0,1.1
turbine_2,2026-02-13 20:00:00+00:00,5.15,5.14,12.89,10.73,0.7,1.0
turbine_2,2026-02-13 21:00:00+00:00,4.68,5.19,11.57,11.64,0.4,0.8
turbine_2,2026-02-13 22:00:00+00:00,4.3,4.74,10.72,11.96,0.6,1.0
turbine_2,2026-02-13 23:00:00+00:00,4.55,4.66,10.85,11.95,0.8,1.0
turbine_2,2026-02-14 00:00:00+00:00,4.35,4.68,10.2,11.12,0.8,0.9
turbine_2,2026-02-14 01:00:00+00:00,3.98,4.62,9.55,11.28,0.4,1.0
turbine_2,2026-02-14 02:00:00+00:00,3.13,4.05,8.77,10.51,0.1,0.5
turbine_2,2026-02-14 03:00:00+00:00,3.85,5.02,8.8,10.6,1.5,1.5
turbine_2,2026-02-14 04:00:00+00:00,4.11,5.98,8.68,11.29,3.4,2.9
turbine_2,2026-02-14 05:00:00+00:00,5.47,5.28,9.31,11.2,4.4,4.3
turbine_2,2026-02-14 06:00:00+00:00,6.16,6.41,9.62,10.81,5.3,5.3
turbine_2,2026-02-14 07:00:00+00:00,5.44,5.91,8.93,10.73,6.3,6.8
turbine_2,2026-02-14 08:00:00+00:00,3.64,5.09,7.16,10.67,7.3,7.5
turbine_2,2026-02-14 09:00:00+00:00,1.22,2.63,4.2,9.1,7.2,7.3
turbine_2,2026-02-14 10:00:00+00:00,1.97,3.52,4.75,9.68,6.4,7.0
turbine_2,2026-02-14 11:00:00+00:00,1.12,2.9,3.77,8.43,5.9,6.5
turbine_2,2026-02-14 12:00:00+00:00,1.66,2.69,4.38,6.17,4.6,4.5
turbine_2,2026-02-14 13:00:00+00:00,0.28,1.43,3.11,4.94,2.7,2.9
turbine_2,2026-02-14 14:00:00+00:00,1.68,1.43,0.95,3.11,2.2,2.0
turbine_2,2026-02-14 15:00:00+00:00,1.91,3.05,0.82,0.5,1.7,1.7
turbine_2,2026-02-14 16:00:00+00:00,2.06,4.09,1.49,6.84,1.6,0.9
turbine_2,2026-02-14 17:00:00+00:00,1.1,2.86,2.05,5.95,1.4,1.0
turbine_2,2026-02-14 18:00:00+00:00,1.71,2.22,4.94,2.86,1.8,1.0
turbine_2,2026-02-14 19:00:00+00:00,1.63,0.89,3.83,2.0,1.2,1.7
turbine_2,2026-02-14 20:00:00+00:00,1.49,0.28,3.86,1.26,1.4,1.9
turbine_2,2026-02-14 21:00:00+00:00,0.41,1.0,3.49,1.7,1.7,1.8
turbine_2,2026-02-14 22:00:00+00:00,2.9,1.03,5.85,1.24,2.2,1.9
turbine_2,2026-02-14 23:00:00+00:00,2.69,2.09,6.24,1.81,2.1,2.4
turbine_2,2026-02-15 00:00:00+00:00,3.31,2.2,6.86,2.64,1.5,3.5
turbine_2,2026-02-15 01:00:00+00:00,3.92,2.15,8.81,3.28,0.6,2.9
turbine_2,2026-02-15 02:00:00+00:00,3.55,2.92,9.21,5.15,0.5,3.1
turbine_2,2026-02-15 03:00:00+00:00,3.8,3.2,8.86,5.99,1.6,3.2
turbine_2,2026-02-15 04:00:00+00:00,5.91,4.34,10.73,6.89,3.4,4.4
turbine_2,2026-02-15 05:00:00+00:00,6.4,5.87,11.89,8.38,4.9,5.3
turbine_2,2026-02-15 06:00:00+00:00,7.08,6.86,13.44,10.76,6.1,6.3
turbine_2,2026-02-15 07:00:00+00:00,6.48,7.03,13.39,12.08,6.8,7.1
turbine_2,2026-02-15 08:00:00+00:00,6.1,6.53,13.17,12.64,7.1,7.9
turbine_2,2026-02-15 09:00:00+00:00,5.89,5.6,13.03,12.81,7.2,8.4
turbine_2,2026-02-15 10:00:00+00:00,5.77,4.95,12.93,12.38,7.1,8.2
turbine_2,2026-02-15 11:00:00+00:00,5.58,4.73,12.71,12.15,6.5,7.4
turbine_2,2026-02-15 12:00:00+00:00,5.17,5.38,12.34,12.78,5.1,5.3
turbine_2,2026-02-15 13:00:00+00:00,5.0,5.19,12.59,13.09,4.3,4.0
turbine_2,2026-02-15 14:00:00+00:00,4.79,5.17,12.31,13.22,3.9,3.7
turbine_2,2026-02-15 15:00:00+00:00,4.81,5.55,12.28,13.19,3.6,3.5
turbine_2,2026-02-15 16:00:00+00:00,4.75,6.01,12.12,13.07,3.3,3.1
turbine_2,2026-02-15 17:00:00+00:00,4.87,6.2,12.04,13.28,3.1,2.9
turbine_2,2026-02-15 18:00:00+00:00,5.06,5.28,11.94,11.65,3.4,2.7
turbine_2,2026-02-15 19:00:00+00:00,5.46,5.19,11.77,11.88,3.4,2.3
turbine_2,2026-02-15 20:00:00+00:00,6.19,5.24,12.47,11.77,3.2,1.9
turbine_2,2026-02-15 21:00:00+00:00,6.59,5.37,13.17,11.8,3.2,1.6
turbine_2,2026-02-15 22:00:00+00:00,6.77,5.69,12.76,12.11,2.9,1.5
turbine_2,2026-02-15 23:00:00+00:00,7.26,5.72,12.5,11.84,2.7,1.8
turbine_2,2026-02-16 00:00:00+00:00,6.62,5.92,11.56,12.54,2.9,2.2
turbine_2,2026-02-16 01:00:00+00:00,5.83,6.33,10.96,12.11,3.1,2.1
turbine_2,2026-02-16 02:00:00+00:00,4.7,5.91,9.96,12.06,2.9,2.4
turbine_2,2026-02-16 03:00:00+00:00,4.89,5.82,9.65,12.47,3.5,2.9
turbine_2,2026-02-16 04:00:00+00:00,5.13,5.83,9.18,11.13,4.0,3.5
turbine_2,2026-02-16 05:00:00+00:00,5.49,6.9,9.5,11.67,4.5,3.8
turbine_2,2026-02-16 06:00:00+00:00,5.19,6.23,9.6,9.72,4.5,2.9
turbine_2,2026-02-16 07:00:00+00:00,5.64,5.15,9.79,9.42,4.6,3.7
turbine_2,2026-02-16 08:00:00+00:00,5.83,5.74,10.15,9.44,5.2,5.8
turbine_2,2026-02-16 09:00:00+00:00,6.72,6.58,10.69,10.75,6.0,7.2
turbine_2,2026-02-16 10:00:00+00:00,6.88,6.75,10.89,11.45,6.3,7.4
turbine_2,2026-02-16 11:00:00+00:00,7.07,7.07,11.62,12.43,6.2,6.4
turbine_2,2026-02-16 12:00:00+00:00,5.61,7.13,10.42,12.54,4.9,6.3
turbine_2,2026-02-16 13:00:00+00:00,5.32,6.96,11.05,14.47,4.3,5.0
turbine_2,2026-02-16 14:00:00+00:00,5.69,6.99,12.3,15.01,4.1,4.7
turbine_2,2026-02-16 15:00:00+00:00,5.86,6.9,12.53,14.71,4.0,4.6
turbine_2,2026-02-16 16:00:00+00:00,5.72,7.57,12.3,14.54,3.6,3.8
turbine_2,2026-02-16 17:00:00+00:00,5.73,7.75,12.84,14.09,3.4,4.3
turbine_2,2026-02-16 18:00:00+00:00,5.7,6.4,14.27,13.11,4.2,3.6
turbine_2,2026-02-16 19:00:00+00:00,5.83,6.59,14.19,13.29,4.0,3.3
turbine_2,2026-02-16 20:00:00+00:00,5.7,7.07,13.87,12.84,3.8,3.1
turbine_2,2026-02-16 21:00:00+00:00,5.03,5.69,12.61,11.55,3.7,3.7
turbine_2,2026-02-16 22:00:00+00:00,4.79,6.19,11.68,12.11,3.3,2.9
turbine_2,2026-02-16 23:00:00+00:00,4.34,5.82,10.5,11.41,3.4,3.2
turbine_2,2026-02-17 00:00:00+00:00,4.12,4.74,9.22,8.16,4.1,3.1
turbine_2,2026-02-17 01:00:00+00:00,4.03,3.92,8.68,6.54,4.0,2.5
turbine_2,2026-02-17 02:00:00+00:00,3.76,4.03,7.79,5.66,4.4,2.4
turbine_2,2026-02-17 03:00:00+00:00,2.64,3.13,7.03,5.76,4.9,2.9
turbine_2,2026-02-17 04:00:00+00:00,4.2,2.33,7.42,5.32,4.7,3.2
turbine_2,2026-02-17 05:00:00+00:00,4.99,4.05,7.05,6.99,4.0,3.3
turbine_2,2026-02-17 06:00:00+00:00,4.02,4.9,6.71,7.44,5.3,7.2
turbine_2,2026-02-17 07:00:00+00:00,3.75,5.61,6.12,7.57,5.6,7.6
turbine_2,2026-02-17 08:00:00+00:00,5.27,5.72,7.38,7.34,5.2,8.5
turbine_2,2026-02-17 09:00:00+00:00,5.81,5.08,8.28,7.09,5.9,8.8
turbine_2,2026-02-17 10:00:00+00:00,5.95,4.36,9.05,6.46,6.5,8.8
turbine_2,2026-02-17 11:00:00+00:00,6.19,4.1,9.79,6.27,6.6,8.5
turbine_2,2026-02-17 12:00:00+00:00,5.8,4.72,10.12,8.6,6.1,7.9
turbine_2,2026-02-17 13:00:00+00:00,6.28,4.66,11.59,9.14,5.8,7.4
turbine_2,2026-02-17 14:00:00+00:00,6.18,4.61,12.66,10.29,5.8,7.4
turbine_2,2026-02-17 15:00:00+00:00,5.72,4.57,13.42,11.36,6.0,7.4
turbine_2,2026-02-17 16:00:00+00:00,6.18,4.4,14.09,12.17,5.7,7.3
turbine_2,2026-02-17 17:00:00+00:00,5.19,4.62,13.24,12.57,5.9,6.2
turbine_2,2026-02-17 18:00:00+00:00,6.01,5.28,13.12,12.66,4.0,5.4
turbine_2,2026-02-17 19:00:00+00:00,6.26,4.78,13.04,12.57,3.8,4.7
turbine_2,2026-02-17 20:00:00+00:00,6.08,4.97,12.52,12.63,3.5,4.1
turbine_2,2026-02-17 21:00:00+00:00,5.55,5.64,12.74,12.85,3.4,3.8
turbine_2,2026-02-17 22:00:00+00:00,5.99,5.42,12.48,12.35,3.3,3.6
turbine_2,2026-02-17 23:00:00+00:00,5.31,5.91,11.73,12.79,3.2,3.2
turbine_2,2026-02-18 00:00:00+00:00,5.46,5.16,12.54,12.79,3.7,2.8
turbine_2,2026-02-18 01:00:00+00:00,6.04,3.83,13.35,12.35,3.4,3.1
turbine_2,2026-02-18 02:00:00+00:00,6.31,5.42,13.04,12.95,3.0,2.6
turbine_2,2026-02-18 03:00:00+00:00,6.48,4.92,13.33,12.01,4.1,4.4
turbine_2,2026-02-18 04:00:00+00:00,7.07,7.05,13.55,12.42,6.5,6.7
turbine_2,2026-02-18 05:00:00+00:00,7.65,7.92,13.87,13.64,9.0,9.4
turbine_2,2026-02-18 06:00:00+00:00,7.97,7.95,14.02,13.89,10.4,11.3
turbine_2,2026-02-18 07:00:00+00:00,7.88,7.94,14.11,13.6,11.4,12.4
turbine_2,2026-02-18 08:00:00+00:00,7.08,6.96,14.82,13.68,12.4,13.5
turbine_2,2026-02-18 09:00:00+00:00,6.71,6.52,14.4,13.64,13.1,13.6
turbine_2,2026-02-18 10:00:00+00:00,6.77,6.64,14.02,13.6,13.0,13.4
turbine_2,2026-02-18 11:00:00+00:00,6.71,6.94,13.66,13.67,12.1,12.5
turbine_2,2026-02-18 12:00:00+00:00,5.95,7.3,12.66,13.98,10.7,10.7
turbine_2,2026-02-18 13:00:00+00:00,4.65,5.41,11.04,11.94,9.3,9.4
turbine_2,2026-02-18 14:00:00+00:00,5.6,5.0,11.98,11.99,8.8,8.7
turbine_2,2026-02-18 15:00:00+00:00,4.84,4.65,12.16,11.55,8.4,8.2
turbine_2,2026-02-18 16:00:00+00:00,5.41,4.24,12.22,11.77,7.9,7.7
turbine_2,2026-02-18 17:00:00+00:00,4.34,4.4,11.92,11.77,7.5,7.1
turbine_2,2026-02-18 18:00:00+00:00,5.05,5.37,12.45,12.12,7.1,7.1
turbine_2,2026-02-18 19:00:00+00:00,4.7,4.87,12.44,12.66,6.7,6.6
turbine_2,2026-02-18 20:00:00+00:00,4.92,5.15,12.33,12.85,6.2,5.9
turbine_2,2026-02-18 21:00:00+00:00,5.12,5.11,13.01,12.42,5.9,5.4
turbine_2,2026-02-18 22:00:00+00:00,4.63,5.03,12.57,13.11,5.4,5.6
turbine_2,2026-02-18 23:00:00+00:00,4.12,4.05,12.17,12.3,5.6,5.7
turbine_2,2026-02-19 00:00:00+00:00,3.67,5.11,10.74,13.42,5.1,5.2
turbine_2,2026-02-19 01:00:00+00:00,3.4,4.3,10.39,12.28,5.3,5.3
turbine_2,2026-02-19 02:00:00+00:00,4.14,4.57,11.63,12.17,5.4,5.1
turbine_2,2026-02-19 03:00:00+00:00,3.4,3.94,10.55,11.42,7.0,6.9
turbine_2,2026-02-19 04:00:00+00:00,4.7,5.78,10.56,11.81,8.4,8.2
turbine_2,2026-02-19 05:00:00+00:00,5.48,6.46,10.11,11.09,10.3,10.4
turbine_2,2026-02-19 06:00:00+00:00,5.88,6.66,10.2,10.86,12.4,11.9
turbine_2,2026-02-19 07:00:00+00:00,5.19,5.8,9.1,9.68,14.2,13.6
turbine_2,2026-02-19 08:00:00+00:00,5.46,5.12,8.41,8.39,14.9,14.5
turbine_2,2026-02-19 09:00:00+00:00,5.48,4.96,8.04,7.56,14.8,14.9
turbine_2,2026-02-19 10:00:00+00:00,4.44,4.72,6.89,7.02,14.9,14.9
turbine_2,2026-02-19 11:00:00+00:00,4.0,4.0,6.28,6.65,14.3,14.6
turbine_2,2026-02-19 12:00:00+00:00,3.49,4.57,6.31,7.92,12.0,12.2
turbine_2,2026-02-19 13:00:00+00:00,3.67,4.02,6.94,8.59,10.4,10.6
turbine_2,2026-02-19 14:00:00+00:00,3.36,3.94,7.26,8.77,9.8,9.7
turbine_2,2026-02-19 15:00:00+00:00,2.62,2.97,6.41,8.26,10.3,9.7
turbine_2,2026-02-19 16:00:00+00:00,1.53,2.47,5.2,7.34,11.1,9.6
turbine_2,2026-02-19 17:00:00+00:00,0.85,2.82,4.98,6.99,10.1,9.7
turbine_2,2026-02-19 18:00:00+00:00,0.64,2.04,5.09,6.17,9.5,10.0
turbine_2,2026-02-19 19:00:00+00:00,0.32,1.0,2.93,4.68,8.7,9.5
turbine_2,2026-02-19 20:00:00+00:00,1.91,0.73,0.92,2.91,9.0,8.9
turbine_2,2026-02-19 21:00:00+00:00,3.0,1.17,1.57,1.84,9.6,8.8
turbine_2,2026-02-19 22:00:00+00:00,3.4,1.93,2.5,0.64,9.3,8.4
turbine_2,2026-02-19 23:00:00+00:00,3.55,3.14,3.23,2.0,8.8,8.8
turbine_2,2026-02-20 00:00:00+00:00,4.1,3.75,5.89,3.67,8.9,8.4
turbine_2,2026-02-20 01:00:00+00:00,4.1,3.56,6.55,4.39,8.9,8.1
turbine_2,2026-02-20 02:00:00+00:00,3.55,3.19,6.76,4.36,8.8,8.0
turbine_2,2026-02-20 03:00:00+00:00,3.44,2.28,6.81,3.4,9.5,9.3
turbine_2,2026-02-20 04:00:00+00:00,4.52,1.63,6.51,2.22,11.2,11.1
turbine_2,2026-02-20 05:00:00+00:00,4.22,1.27,6.28,1.34,12.7,12.4
turbine_2,2026-02-20 06:00:00+00:00,5.51,3.21,7.98,4.9,12.4,13.7
turbine_2,2026-02-20 07:00:00+00:00,5.51,2.44,7.38,3.73,13.3,14.4
turbine_2,2026-02-20 08:00:00+00:00,4.6,1.77,6.6,2.55,14.1,15.0
turbine_2,2026-02-20 09:00:00+00:00,3.8,1.5,5.6,1.2,14.3,15.4
turbine_2,2026-02-20 10:00:00+00:00,3.2,2.39,4.75,1.7,14.3,15.8
turbine_2,2026-02-20 11:00:00+00:00,2.33,5.02,3.8,5.25,13.9,15.3
turbine_2,2026-02-20 12:00:00+00:00,2.21,3.05,2.47,3.22,12.5,13.2
turbine_2,2026-02-20 13:00:00+00:00,2.06,5.86,2.3,10.33,10.6,11.7
turbine_2,2026-02-20 14:00:00+00:00,3.98,6.36,8.49,13.35,10.2,10.5
turbine_2,2026-02-20 15:00:00+00:00,5.16,6.09,11.18,14.15,9.0,9.9
turbine_2,2026-02-20 16:00:00+00:00,5.82,5.88,12.94,14.58,8.7,9.4
turbine_2,2026-02-20 17:00:00+00:00,5.78,5.63,13.89,14.13,8.6,8.7
turbine_2,2026-02-20 18:00:00+00:00,5.92,4.93,13.34,12.62,8.3,8.1
turbine_2,2026-02-20 19:00:00+00:00,5.79,4.98,13.38,12.17,7.8,7.6
turbine_2,2026-02-20 20:00:00+00:00,5.63,4.62,13.21,12.13,7.4,7.1
turbine_2,2026-02-20 21:00:00+00:00,5.16,4.11,12.79,11.3,7.1,6.8
turbine_2,2026-02-20 22:00:00+00:00,4.79,3.67,12.08,10.53,6.6,6.5
turbine_2,2026-02-20 23:00:00+00:00,4.53,3.4,11.42,10.08,6.1,6.3
turbine_2,2026-02-21 00:00:00+00:00,4.44,3.49,11.21,10.31,5.3,5.7
turbine_2,2026-02-21 01:00:00+00:00,3.89,3.22,10.78,9.71,5.3,5.8
turbine_2,2026-02-21 02:00:00+00:00,4.4,3.31,11.45,9.75,6.0,6.2
turbine_2,2026-02-21 03:00:00+00:00,4.12,3.94,10.0,9.75,7.4,7.4
turbine_2,2026-02-21 04:00:00+00:00,6.16,5.04,10.25,9.24,8.3,9.0
turbine_2,2026-02-21 05:00:00+00:00,3.86,3.28,6.95,5.86,9.4,9.9
turbine_2,2026-02-21 06:00:00+00:00,3.3,2.75,0.32,5.5,10.4,10.8
turbine_2,2026-02-21 07:00:00+00:00,12.81,8.06,17.92,6.81,10.7,11.5
turbine_2,2026-02-21 08:00:00+00:00,9.8,11.25,13.36,15.11,9.0,9.0
turbine_2,2026-02-21 09:00:00+00:00,13.06,12.21,16.54,16.45,8.7,8.4
turbine_2,2026-02-21 10:00:00+00:00,13.44,10.53,13.51,12.51,7.3,7.9
turbine_2,2026-02-21 11:00:00+00:00,9.02,9.01,12.42,10.82,7.0,7.3
turbine_2,2026-02-21 12:00:00+00:00,7.91,5.87,9.5,8.93,7.2,5.5
turbine_2,2026-02-21 13:00:00+00:00,7.37,5.95,10.79,8.42,6.2,5.7
turbine_2,2026-02-21 14:00:00+00:00,7.43,3.93,11.29,7.41,5.7,6.0
turbine_2,2026-02-21 15:00:00+00:00,6.69,4.3,9.96,8.61,6.6,6.0
turbine_2,2026-02-21 16:00:00+00:00,5.28,3.42,7.72,7.62,6.7,5.1
turbine_2,2026-02-21 17:00:00+00:00,3.64,3.29,5.92,6.6,6.7,5.2
turbine_2,2026-02-21 18:00:00+00:00,1.84,3.5,2.69,6.43,5.6,5.3
turbine_2,2026-02-21 19:00:00+00:00,1.48,3.38,2.14,6.61,4.9,5.0
turbine_2,2026-02-21 20:00:00+00:00,0.95,2.92,2.16,5.5,4.1,4.6
turbine_2,2026-02-21 21:00:00+00:00,0.73,2.45,1.8,4.18,3.4,3.8
turbine_2,2026-02-21 22:00:00+00:00,1.21,1.52,1.21,2.57,3.1,3.0
turbine_2,2026-02-21 23:00:00+00:00,1.6,0.5,1.26,0.54,3.1,2.5
turbine_2,2026-02-22 00:00:00+00:00,2.01,0.54,2.75,0.28,4.0,3.2
turbine_2,2026-02-22 01:00:00+00:00,3.08,1.21,5.57,1.3,4.3,3.4
turbine_2,2026-02-22 02:00:00+00:00,5.31,1.99,10.15,2.46,3.9,3.8
turbine_2,2026-02-22 03:00:00+00:00,5.95,2.98,11.99,4.2,4.0,5.1
turbine_2,2026-02-22 04:00:00+00:00,7.42,5.42,13.16,8.1,5.8,6.8
turbine_2,2026-02-22 05:00:00+00:00,7.96,7.47,14.2,10.54,7.2,7.3
turbine_2,2026-02-22 06:00:00+00:00,7.27,8.23,13.35,14.36,8.7,9.1
turbine_2,2026-02-22 07:00:00+00:00,7.07,7.83,13.29,13.79,10.0,10.3
turbine_2,2026-02-22 08:00:00+00:00,6.2,6.99,12.62,12.79,10.5,11.1
turbine_2,2026-02-22 09:00:00+00:00,6.2,6.46,12.43,12.45,10.6,11.3
turbine_2,2026-02-22 10:00:00+00:00,5.79,6.26,12.02,12.53,10.9,11.2
turbine_2,2026-02-22 11:00:00+00:00,5.92,5.85,12.76,12.27,10.4,10.8
turbine_2,2026-02-22 12:00:00+00:00,5.66,6.23,12.45,12.56,9.5,9.4
turbine_2,2026-02-22 13:00:00+00:00,5.58,5.43,12.58,11.77,8.0,7.9
turbine_2,2026-02-22 14:00:00+00:00,4.67,4.31,11.27,10.47,7.4,7.0
turbine_2,2026-02-22 15:00:00+00:00,3.81,3.71,10.12,9.74,7.0,6.7
turbine_2,2026-02-22 16:00:00+00:00,3.24,3.5,9.31,9.3,6.7,6.6
turbine_2,2026-02-22 17:00:00+00:00,2.83,3.41,8.46,9.35,6.3,6.4
turbine_2,2026-02-22 18:00:00+00:00,1.9,3.16,6.22,8.82,5.8,6.1
turbine_2,2026-02-22 19:00:00+00:00,2.52,2.69,6.02,8.15,5.7,5.8
turbine_2,2026-02-22 20:00:00+00:00,2.33,2.68,5.61,7.74,5.9,5.6
turbine_2,2026-02-22 21:00:00+00:00,2.73,2.42,5.64,6.98,5.7,5.5
turbine_2,2026-02-22 22:00:00+00:00,2.61,2.13,5.59,6.05,5.3,5.1
turbine_2,2026-02-22 23:00:00+00:00,3.04,1.49,5.66,5.14,4.9,4.6
turbine_2,2026-02-23 00:00:00+00:00,2.1,1.1,4.31,3.1,4.9,4.1
turbine_2,2026-02-23 01:00:00+00:00,1.3,1.13,3.37,2.3,4.6,4.3
turbine_2,2026-02-23 02:00:00+00:00,0.81,1.04,2.5,1.3,4.9,4.8
turbine_2,2026-02-23 03:00:00+00:00,0.78,1.53,1.4,0.51,6.4,6.3
turbine_2,2026-02-23 04:00:00+00:00,1.3,2.35,0.63,0.81,7.3,7.3
turbine_2,2026-02-23 05:00:00+00:00,2.73,3.3,1.4,2.91,8.4,8.5
turbine_2,2026-02-23 06:00:00+00:00,3.35,4.1,2.83,4.63,9.5,9.1
turbine_2,2026-02-23 07:00:00+00:00,4.2,6.21,5.1,8.6,10.2,9.8
turbine_2,2026-02-23 08:00:00+00:00,6.94,8.25,9.52,11.0,10.3,9.5
turbine_2,2026-02-23 09:00:00+00:00,8.91,8.63,10.9,10.8,9.6,8.6
turbine_2,2026-02-23 10:00:00+00:00,8.5,8.4,9.44,10.4,8.6,8.1
turbine_2,2026-02-23 11:00:00+00:00,8.8,8.44,10.15,10.34,7.6,7.5
turbine_2,2026-02-23 12:00:00+00:00,8.57,7.79,11.48,10.14,7.2,6.3
turbine_2,2026-02-23 13:00:00+00:00,7.79,7.55,11.02,8.5,6.1,5.2
turbine_2,2026-02-23 14:00:00+00:00,7.86,7.59,10.0,7.75,5.2,4.3
turbine_2,2026-02-23 15:00:00+00:00,7.98,7.82,9.14,9.08,4.6,3.6
turbine_2,2026-02-23 16:00:00+00:00,8.08,8.01,7.72,8.7,3.8,3.0
turbine_2,2026-02-23 17:00:00+00:00,8.25,8.06,10.02,10.55,2.5,2.0
turbine_2,2026-02-23 18:00:00+00:00,8.66,7.84,11.18,11.48,1.2,1.5
turbine_2,2026-02-23 19:00:00+00:00,8.07,8.07,11.43,12.3,0.8,1.0
turbine_2,2026-02-23 20:00:00+00:00,7.67,7.41,11.45,11.83,0.7,0.6
turbine_2,2026-02-23 21:00:00+00:00,7.07,7.07,11.56,11.59,0.5,0.5
turbine_2,2026-02-23 22:00:00+00:00,6.92,7.08,11.54,11.63,0.1,0.2
turbine_2,2026-02-23 23:00:00+00:00,6.88,6.81,11.85,11.42,0.2,0.1
turbine_2,2026-02-24 00:00:00+00:00,6.86,6.25,11.72,10.97,-0.6,-0.1
turbine_2,2026-02-24 01:00:00+00:00,6.82,5.98,11.73,10.7,-1.2,-0.1
turbine_2,2026-02-24 02:00:00+00:00,7.07,5.98,11.62,10.34,-1.9,0.0
turbine_2,2026-02-24 03:00:00+00:00,7.02,5.95,11.32,9.84,-1.4,0.6
turbine_2,2026-02-24 04:00:00+00:00,6.93,5.98,10.97,9.82,-0.7,1.1
turbine_2,2026-02-24 05:00:00+00:00,6.59,5.65,10.49,8.95,-0.4,1.8
turbine_2,2026-02-24 06:00:00+00:00,6.26,5.95,9.84,8.65,0.2,0.6
turbine_2,2026-02-24 07:00:00+00:00,5.97,5.73,9.14,7.82,1.0,1.0
turbine_2,2026-02-24 08:00:00+00:00,5.89,5.57,8.79,7.59,1.5,1.0
turbine_2,2026-02-24 09:00:00+00:00,6.32,5.87,9.11,8.08,1.2,0.7
turbine_2,2026-02-24 10:00:00+00:00,6.43,6.04,9.34,8.19,0.6,0.9
turbine_2,2026-02-24 11:00:00+00:00,6.13,6.11,8.73,8.34,0.2,0.8
turbine_2,2026-02-24 12:00:00+00:00,5.69,6.84,8.01,10.08,-0.2,-0.0
turbine_2,2026-02-24 13:00:00+00:00,5.15,6.45,7.2,9.84,-0.5,-0.5
turbine_2,2026-02-24 14:00:00+00:00,4.83,5.97,6.84,8.59,-0.6,-0.3
turbine_2,2026-02-24 15:00:00+00:00,4.34,4.83,6.04,7.6,-0.5,-0.3
turbine_2,2026-02-24 16:00:00+00:00,3.4,4.25,4.77,6.98,-0.4,-0.7
turbine_2,2026-02-24 17:00:00+00:00,2.79,3.52,4.13,5.51,-0.7,-1.0
turbine_2,2026-02-24 18:00:00+00:00,0.82,1.25,1.36,2.34,-1.1,-0.7
turbine_2,2026-02-24 19:00:00+00:00,0.95,0.89,0.67,1.17,-1.3,-0.8
turbine_2,2026-02-24 20:00:00+00:00,0.71,0.8,0.45,0.41,-1.3,-1.0
turbine_2,2026-02-24 21:00:00+00:00,1.57,1.35,0.7,0.81,-1.3,-1.1
turbine_2,2026-02-24 22:00:00+00:00,1.35,1.63,0.76,1.3,-1.3,-1.3
turbine_2,2026-02-24 23:00:00+00:00,2.05,1.89,1.56,2.19,-1.0,-1.4
turbine_2,2026-02-25 00:00:00+00:00,1.63,3.0,1.03,3.77,-1.0,-1.6
turbine_2,2026-02-25 01:00:00+00:00,2.3,3.83,2.34,5.55,-0.9,-1.6
turbine_2,2026-02-25 02:00:00+00:00,3.44,4.81,3.77,7.29,-0.0,-1.3
turbine_2,2026-02-25 03:00:00+00:00,3.67,5.78,4.87,8.96,-0.0,-0.3
turbine_2,2026-02-25 04:00:00+00:00,3.75,5.94,4.92,9.94,0.5,1.2
turbine_2,2026-02-25 05:00:00+00:00,3.88,6.28,5.6,10.27,1.2,2.3
turbine_2,2026-02-25 06:00:00+00:00,3.92,5.64,5.58,10.31,1.5,3.7
turbine_2,2026-02-25 07:00:00+00:00,3.55,5.9,5.03,10.38,1.8,4.7
turbine_2,2026-02-25 08:00:00+00:00,3.36,5.11,4.74,9.4,1.8,5.6
turbine_2,2026-02-25 09:00:00+00:00,3.75,5.3,4.79,9.27,2.5,6.1
turbine_2,2026-02-25 10:00:00+00:00,3.89,4.99,4.88,9.01,2.6,6.1
turbine_2,2026-02-25 11:00:00+00:00,4.53,5.27,5.23,9.8,2.7,6.1
turbine_2,2026-02-25 12:00:00+00:00,3.69,3.97,4.84,8.25,2.4,4.6
turbine_2,2026-02-25 13:00:00+00:00,3.53,3.66,5.15,7.93,1.5,4.0
turbine_2,2026-02-25 14:00:00+00:00,4.3,2.34,7.16,6.63,2.3,3.8
turbine_2,2026-02-25 15:00:00+00:00,6.0,2.6,9.3,6.56,2.1,3.0
turbine_2,2026-02-25 16:00:00+00:00,4.97,3.22,8.99,7.43,1.7,3.0
turbine_2,2026-02-25 17:00:00+00:00,4.79,4.0,10.29,8.36,1.1,3.0
turbine_2,2026-02-25 18:00:00+00:00,4.88,4.48,12.28,10.51,2.0,2.7
turbine_2,2026-02-25 19:00:00+00:00,5.03,4.31,13.02,10.89,2.0,2.6
turbine_2,2026-02-25 20:00:00+00:00,5.17,4.62,13.33,11.24,1.8,2.1
turbine_2,2026-02-25 21:00:00+00:00,5.12,4.3,12.84,11.12,1.6,1.7
turbine_2,2026-02-25 22:00:00+00:00,4.55,4.22,12.03,11.19,1.6,1.7
turbine_2,2026-02-25 23:00:00+00:00,4.39,3.89,11.7,11.0,1.1,1.7
turbine_2,2026-02-26 00:00:00+00:00,4.63,4.3,11.59,11.23,1.0,1.2
turbine_2,2026-02-26 01:00:00+00:00,4.43,4.22,11.29,10.77,1.2,1.5
turbine_2,2026-02-26 02:00:00+00:00,4.84,4.66,9.73,11.81,1.2,1.9
turbine_2,2026-02-26 03:00:00+00:00,4.56,4.65,8.14,10.06,1.9,2.7
turbine_2,2026-02-26 04:00:00+00:00,3.04,4.68,7.2,9.24,3.5,3.6
turbine_2,2026-02-26 05:00:00+00:00,1.92,3.94,4.36,7.52,4.9,5.3
turbine_2,2026-02-26 06:00:00+00:00,5.14,3.89,3.35,8.08,5.1,6.4
turbine_2,2026-02-26 07:00:00+00:00,6.63,3.48,6.63,2.21,4.6,6.5
turbine_2,2026-02-26 08:00:00+00:00,6.49,8.17,8.63,7.56,5.8,5.4
turbine_2,2026-02-26 09:00:00+00:00,6.55,6.35,9.45,9.52,4.1,4.3
turbine_2,2026-02-26 10:00:00+00:00,4.79,6.94,7.42,10.24,1.8,4.2
turbine_2,2026-02-26 11:00:00+00:00,5.19,5.3,8.54,7.7,1.7,1.6
turbine_2,2026-02-26 12:00:00+00:00,4.91,4.94,8.98,8.37,1.6,1.6
turbine_2,2026-02-26 13:00:00+00:00,4.71,3.89,9.22,6.51,2.3,2.5
turbine_2,2026-02-26 14:00:00+00:00,4.11,3.91,9.33,7.13,2.4,2.9
turbine_2,2026-02-26 15:00:00+00:00,5.29,5.1,10.4,11.69,2.5,3.0
turbine_2,2026-02-26 16:00:00+00:00,5.6,6.51,12.82,13.08,2.5,3.5
turbine_2,2026-02-26 17:00:00+00:00,6.8,6.01,12.45,12.3,2.7,3.3
turbine_2,2026-02-26 18:00:00+00:00,8.4,8.3,13.71,14.3,2.8,2.8
turbine_2,2026-02-26 19:00:00+00:00,8.31,7.23,13.01,14.61,2.8,2.5
turbine_2,2026-02-26 20:00:00+00:00,7.67,6.38,12.12,13.65,2.2,2.5
turbine_2,2026-02-26 21:00:00+00:00,5.71,6.82,10.08,12.94,1.4,2.0
turbine_2,2026-02-26 22:00:00+00:00,5.63,6.26,10.62,11.81,0.9,1.9
turbine_2,2026-02-26 23:00:00+00:00,5.46,6.38,10.07,8.5,0.5,2.2
turbine_2,2026-02-27 00:00:00+00:00,5.36,5.37,9.22,9.07,1.3,0.7
turbine_2,2026-02-27 01:00:00+00:00,4.84,4.35,8.35,7.06,0.5,1.0
turbine_2,2026-02-27 02:00:00+00:00,3.96,4.02,6.49,6.33,0.4,0.9
turbine_2,2026-02-27 03:00:00+00:00,4.44,3.98,6.11,6.33,0.7,1.1
turbine_2,2026-02-27 04:00:00+00:00,4.22,3.47,6.69,6.06,1.1,1.4
turbine_2,2026-02-27 05:00:00+00:00,4.16,4.12,6.93,6.55,1.9,2.2
turbine_2,2026-02-27 06:00:00+00:00,4.46,6.12,7.01,8.49,2.9,1.0
turbine_2,2026-02-27 07:00:00+00:00,5.25,6.36,8.23,10.04,3.5,1.2
turbine_2,2026-02-27 08:00:00+00:00,6.24,7.35,9.49,11.74,4.1,1.2
turbine_2,2026-02-27 09:00:00+00:00,7.05,7.91,10.75,12.9,4.0,0.9
turbine_2,2026-02-27 10:00:00+00:00,7.82,8.25,11.91,13.76,3.2,0.4
turbine_2,2026-02-27 11:00:00+00:00,7.96,8.83,12.56,14.53,1.5,-0.5
turbine_2,2026-02-27 12:00:00+00:00,8.16,8.26,13.2,14.14,0.9,-1.9
turbine_2,2026-02-27 13:00:00+00:00,7.98,8.12,13.28,14.17,-0.0,-3.1
turbine_2,2026-02-27 14:00:00+00:00,8.1,7.87,13.6,13.78,-0.9,-3.8
turbine_2,2026-02-27 15:00:00+00:00,7.96,7.65,13.38,13.5,-1.7,-4.4
turbine_2,2026-02-27 16:00:00+00:00,7.71,7.56,13.0,13.37,-2.3,-4.7
turbine_2,2026-02-27 17:00:00+00:00,7.38,7.65,12.8,13.35,-3.0,-4.9
turbine_2,2026-02-27 18:00:00+00:00,7.07,7.35,12.03,12.54,-3.1,-4.1
turbine_2,2026-02-27 19:00:00+00:00,7.22,7.6,12.18,13.08,-3.2,-4.5
turbine_2,2026-02-27 20:00:00+00:00,7.52,7.88,12.59,13.47,-3.5,-4.8
turbine_2,2026-02-27 21:00:00+00:00,7.52,7.96,13.09,13.57,-4.1,-5.1
turbine_2,2026-02-27 22:00:00+00:00,7.42,7.84,12.91,13.15,-4.1,-5.1
turbine_2,2026-02-27 23:00:00+00:00,7.74,7.62,13.13,13.13,-4.4,-5.4
turbine_2,2026-02-28 00:00:00+00:00,7.47,7.62,12.82,13.26,-4.7,-5.5
turbine_2,2026-02-28 01:00:00+00:00,6.88,7.22,11.76,12.59,-4.6,-5.7
turbine_2,2026-02-28 02:00:00+00:00,7.75,7.0,12.82,11.92,-5.0,-5.8
turbine_2,2026-02-28 03:00:00+00:00,8.63,6.93,14.23,11.46,-5.1,-5.5
turbine_2,2026-02-28 04:00:00+00:00,9.0,6.48,14.74,10.63,-5.1,-5.0
turbine_2,2026-02-28 05:00:00+00:00,8.76,6.67,14.07,10.41,-4.6,-4.4
turbine_2,2026-02-28 06:00:00+00:00,8.76,7.28,14.05,11.29,-3.3,-3.2
turbine_2,2026-02-28 07:00:00+00:00,9.05,7.45,14.14,11.26,-2.8,-2.5
turbine_2,2026-02-28 08:00:00+00:00,9.58,7.54,15.03,11.58,-2.7,-2.0
turbine_2,2026-02-28 09:00:00+00:00,9.0,7.69,14.78,11.83,-3.1,-2.0
turbine_2,2026-02-28 10:00:00+00:00,8.81,7.68,14.3,11.8,-3.0,-2.0
turbine_2,2026-02-28 11:00:00+00:00,8.51,7.41,13.79,11.39,-3.3,-2.3
turbine_2,2026-02-28 12:00:00+00:00,7.24,6.94,12.58,11.11,-3.6,-3.3
turbine_2,2026-02-28 13:00:00+00:00,6.41,5.94,11.85,10.47,-4.3,-4.2
turbine_2,2026-02-28 14:00:00+00:00,6.22,5.88,11.03,9.53,-4.4,-4.3
turbine_2,2026-02-28 15:00:00+00:00,6.05,5.46,10.57,8.45,-4.6,-4.7
turbine_2,2026-02-28 16:00:00+00:00,6.14,4.97,10.29,7.84,-4.3,-4.9
turbine_2,2026-02-28 17:00:00+00:00,5.99,4.35,9.77,7.0,-4.6,-5.1
turbine_2,2026-02-28 18:00:00+00:00,5.65,5.29,10.27,8.51,-5.0,-5.3
turbine_2,2026-02-28 19:00:00+00:00,5.55,4.96,10.03,8.29,-5.3,-5.4
turbine_2,2026-02-28 20:00:00+00:00,5.41,4.78,9.59,8.01,-5.5,-5.7
turbine_2,2026-02-28 21:00:00+00:00,5.24,4.98,9.28,8.22,-5.6,-6.1
turbine_2,2026-02-28 22:00:00+00:00,5.28,4.74,9.38,7.91,-5.8,-6.6
turbine_2,2026-02-28 23:00:00+00:00,5.32,4.65,9.18,7.37,-5.9,-6.8
turbine_2,2026-03-01 00:00:00+00:00,4.12,5.06,6.48,8.81,-5.6,-6.5
turbine_2,2026-03-01 01:00:00+00:00,3.33,4.66,5.19,7.96,-5.5,-6.5
turbine_2,2026-03-01 02:00:00+00:00,2.82,4.38,4.3,6.89,-5.0,-6.2
turbine_2,2026-03-01 03:00:00+00:00,2.6,4.25,3.99,6.36,-4.5,-5.5
turbine_2,2026-03-01 04:00:00+00:00,2.5,4.05,3.83,6.46,-3.5,-4.6
turbine_2,2026-03-01 05:00:00+00:00,2.24,3.69,3.6,6.28,-2.6,-3.8
turbine_2,2026-03-01 06:00:00+00:00,1.92,2.93,3.1,4.98,-1.4,-2.0
turbine_2,2026-03-01 07:00:00+00:00,2.31,3.14,3.72,5.28,-0.5,-1.1
turbine_2,2026-03-01 08:00:00+00:00,2.62,3.81,4.02,5.36,0.3,-0.3
turbine_2,2026-03-01 09:00:00+00:00,2.75,3.83,4.13,5.42,0.9,0.1
turbine_2,2026-03-01 10:00:00+00:00,2.82,3.98,4.03,5.64,1.1,0.2
turbine_2,2026-03-01 11:00:00+00:00,2.38,3.74,3.71,5.32,0.8,-0.2
turbine_2,2026-03-01 12:00:00+00:00,1.56,1.73,2.44,2.75,-0.4,-0.9
turbine_2,2026-03-01 13:00:00+00:00,1.6,1.36,2.22,2.02,-2.1,-2.6
turbine_2,2026-03-01 14:00:00+00:00,1.97,1.26,2.55,1.32,-2.3,-3.0
turbine_2,2026-03-01 15:00:00+00:00,3.22,2.44,4.61,2.82,-2.0,-2.7
turbine_2,2026-03-01 16:00:00+00:00,3.86,3.09,8.01,4.57,-1.6,-2.7
turbine_2,2026-03-01 17:00:00+00:00,5.28,4.1,12.54,8.72,-1.5,-2.5
turbine_2,2026-03-01 18:00:00+00:00,5.61,5.83,13.71,13.93,-1.0,-1.3
turbine_2,2026-03-01 19:00:00+00:00,5.92,6.14,14.13,13.93,-0.8,-1.1
turbine_2,2026-03-01 20:00:00+00:00,6.58,6.04,14.84,13.78,-0.8,-1.0
turbine_2,2026-03-01 21:00:00+00:00,5.91,5.95,13.97,13.96,-0.7,-0.9
turbine_2,2026-03-01 22:00:00+00:00,5.76,6.28,13.76,14.24,-0.9,-0.8
turbine_2,2026-03-01 23:00:00+00:00,5.41,6.24,13.09,13.75,-0.9,-0.7
turbine_2,2026-03-02 00:00:00+00:00,5.58,6.24,12.81,13.37,-1.3,-0.8
turbine_2,2026-03-02 01:00:00+00:00,5.95,5.87,12.08,12.62,-1.3,-0.8
turbine_2,2026-03-02 02:00:00+00:00,5.61,5.19,11.94,11.5,-0.8,-0.6
turbine_2,2026-03-02 03:00:00+00:00,5.47,5.28,10.87,10.96,0.1,0.5
turbine_2,2026-03-02 04:00:00+00:00,5.99,6.67,11.41,12.21,1.5,1.6
turbine_2,2026-03-02 05:00:00+00:00,7.42,7.56,12.98,12.52,2.6,2.9
turbine_2,2026-03-02 06:00:00+00:00,7.07,6.8,11.23,11.17,3.3,4.1
turbine_2,2026-03-02 07:00:00+00:00,6.69,6.55,11.06,10.66,4.0,5.2
turbine_2,2026-03-02 08:00:00+00:00,6.3,7.38,10.2,11.35,4.3,5.5
turbine_2,2026-03-02 09:00:00+00:00,6.75,5.88,9.84,9.48,4.4,5.5
turbine_2,2026-03-02 10:00:00+00:00,5.45,4.5,7.75,7.8,2.4,4.3
turbine_2,2026-03-02 11:00:00+00:00,2.12,2.47,4.95,4.88,1.7,3.8
turbine_2,2026-03-02 12:00:00+00:00,3.42,2.2,7.08,4.39,2.1,2.9
turbine_2,2026-03-02 13:00:00+00:00,3.45,1.12,7.03,2.73,1.3,2.3
turbine_2,2026-03-02 14:00:00+00:00,3.71,1.8,6.89,2.7,0.7,2.4
turbine_2,2026-03-02 15:00:00+00:00,3.58,1.08,7.09,2.59,1.2,2.4
turbine_2,2026-03-02 16:00:00+00:00,3.78,2.15,7.96,4.17,0.8,2.5
turbine_2,2026-03-02 17:00:00+00:00,3.5,3.23,7.02,5.03,0.7,2.3
turbine_2,2026-03-02 18:00:00+00:00,3.38,3.2,7.31,6.67,1.4,2.1
turbine_2,2026-03-02 19:00:00+00:00,2.82,4.66,6.01,7.83,0.9,1.7
turbine_2,2026-03-02 20:00:00+00:00,1.14,1.94,2.92,5.16,-0.0,1.2
turbine_2,2026-03-02 21:00:00+00:00,1.58,0.58,2.69,1.48,-0.0,0.6
turbine_2,2026-03-02 22:00:00+00:00,1.57,0.89,2.83,0.4,-0.0,0.4
turbine_2,2026-03-02 23:00:00+00:00,0.32,0.76,1.3,0.67,0.1,0.4
