timestamp,wind_speed_100m,temperature_2m,power_t1,power_t1_lower,power_t1_upper,power_t2,power_t2_lower,power_t2_upper,power_cluster,power_cluster_lower,power_cluster_upper,mw_t1,mw_t2,mw_cluster,forecast_as_of
2026-01-31 00:00:00,30.9,-4.1,0.0,0.0,0.05,0.0,0.0,0.05,0.0,0.0,0.05,0.0,0.0,0.0,2026-01-31 00:00:00
2026-01-31 01:00:00,31.7,-4.3,0.0,0.0,0.05,0.0,0.0,0.05,0.0,0.0,0.05,0.0,0.0,0.0,2026-01-31 00:00:00
2026-01-31 02:00:00,33.6,-3.9,0.0,0.0,0.05,0.0,0.0,0.05,0.0,0.0,0.05,0.0,0.0,0.0,2026-01-31 00:00:00
2026-01-31 03:00:00,32.8,-2.9,0.0,0.0,0.05,0.0,0.0,0.05,0.0,0.0,0.05,0.0,0.0,0.0,2026-01-31 00:00:00
2026-01-31 04:00:00,32.9,0.3,0.0,0.0,0.05,0.0,0.0,0.05,0.0,0.0,0.05,0.0,0.0,0.0,2026-01-31 00:00:00
2026-01-31 05:00:00,29.5,3.0,0.0,0.0,0.05,0.0,0.0,0.05,0.0,0.0,0.05,0.0,0.0,0.0,2026-01-31 00:00:00
2026-01-31 06:00:00,32.1,4.7,0.0,0.0,0.05,0.0,0.0,0.05,0.0,0.0,0.05,0.0,0.0,0.0,2026-01-31 00:00:00
2026-01-31 07:00:00,35.1,5.9,0.0,0.0,0.05,0.0,0.0,0.05,0.0,0.0,0.05,0.0,0.0,0.0,2026-01-31 00:00:00
2026-01-31 08:00:00,33.7,6.7,0.0,0.0,0.05,0.0,0.0,0.05,0.0,0.0,0.05,0.0,0.0,0.0,2026-01-31 00:00:00
2026-01-31 09:00:00,30.8,6.6,0.0,0.0,0.05,0.0,0.0,0.05,0.0,0.0,0.05,0.0,0.0,0.0,2026-01-31 00:00:00
2026-01-31 10:00:00,29.8,5.8,0.0,0.0,0.05,0.0,0.0,0.05,0.0,0.0,0.05,0.0,0.0,0.0,2026-01-31 00:00:00
2026-01-31 11:00:00,31.0,3.7,0.0,0.0,0.05,0.0,0.0,0.05,0.0,0.0,0.05,0.0,0.0,0.0,2026-01-31 00:00:00
2026-01-31 12:00:00,26.8,1.9,0.0,0.0,0.05,0.0,0.0,0.05,0.0,0.0,0.05,0.0,0.0,0.0,2026-01-31 00:00:00
2026-01-31 13:00:00,26.1,0.9,0.0,0.0,0.05,0.0,0.0,0.05,0.0,0.0,0.05,0.0,0.0,0.0,2026-01-31 00:00:00
2026-01-31 14:00:00,22.6,0.4,1.0,0.95,1.0,1.0,0.95,1.0,1.0,0.95,1.0,2.5,2.5,5.0,2026-01-31 00:00:00
2026-01-31 15:00:00,17.2,0.2,1.0,0.95,1.0,1.0,0.95,1.0,1.0,0.95,1.0,2.5,2.5,5.0,2026-01-31 00:00:00
2026-01-31 16:00:00,11.0,0.3,0.9700786149527467,0.9200786149527467,1.0,0.9650077169325882,0.9150077169325882,1.0,0.9675431659426674,0.9175431659426674,1.0,2.4251965373818667,2.4125192923314707,4.837715829713337,2026-01-31 00:00:00
2026-01-31 17:00:00,6.4,0.9,0.24651228076595746,0.19651228076595745,0.2965122807659575,0.22332294255060292,0.17332294255060293,0.2733229425506029,0.23491761165828018,0.1849176116582802,0.2849176116582802,0.6162807019148937,0.5583073563765073,1.174588058291401,2026-01-31 00:00:00
2026-01-31 18:00:00,5.7,-0.5,0.1405035827607145,0.0905035827607145,0.1905035827607145,0.1203532239411614,0.07035322394116139,0.1703532239411614,0.13042840335093794,0.08042840335093795,0.18042840335093796,0.35125895690178627,0.3008830598529035,0.6521420167546897,2026-01-31 00:00:00
2026-01-31 19:00:00,7.6,-1.6,0.4693180326065043,0.4193180326065043,0.5193180326065043,0.38660911219414207,0.3366091121941421,0.43660911219414206,0.4279635724003232,0.3779635724003232,0.47796357240032317,1.1732950815162608,0.9665227804853551,2.1398178620016157,2026-01-31 00:00:00
2026-01-31 20:00:00,3.2,-1.4,0.018164050388662742,0.0,0.06816405038866274,0.008957276212176653,0.0,0.058957276212176654,0.013560663300419697,0.0,0.0635606633004197,0.045410125971656855,0.022393190530441632,0.06780331650209848,2026-01-31 00:00:00
2026-01-31 21:00:00,4.8,-1.8,0.06197497776376819,0.011974977763768185,0.11197497776376819,0.054599472307476755,0.004599472307476753,0.10459947230747677,0.058287225035622475,0.008287225035622469,0.10828722503562248,0.15493744440942048,0.1364986807686919,0.29143612517811235,2026-01-31 00:00:00
2026-01-31 22:00:00,8.1,-1.9,0.5510106211715076,0.5010106211715075,0.6010106211715076,0.5117466226878654,0.4617466226878654,0.5617466226878655,0.5313786219296865,0.4813786219296865,0.5813786219296866,1.377526552928769,1.2793665567196635,2.6568931096484327,2026-01-31 00:00:00
2026-01-31 23:00:00,7.6,-1.6,0.4736894270447511,0.4236894270447511,0.5236894270447511,0.39934130467579876,0.34934130467579877,0.44934130467579875,0.43651536586027495,0.3865153658602749,0.4865153658602749,1.1842235676118777,0.9983532616894969,2.1825768293013748,2026-01-31 00:00:00
2026-02-01 00:00:00,5.6,-3.2,0.11969110753929069,0.06969110753929068,0.16969110753929068,0.09794737040444666,0.04794737040444666,0.14794737040444667,0.10881923897186868,0.05881923897186867,0.15881923897186867,0.2992277688482267,0.24486842601111666,0.5440961948593435,2026-01-31 00:00:00
2026-02-01 01:00:00,2.9,-3.6,0.015441882738395236,0.0,0.06544188273839524,0.005334476242821286,0.0,0.05533447624282129,0.010388179490608261,0.0,0.06038817949060826,0.03860470684598809,0.013336190607053214,0.051940897453041306,2026-01-31 00:00:00
2026-02-01 02:00:00,8.2,-3.8,0.5722335072450694,0.5222335072450693,0.6222335072450694,0.4895781971815829,0.4395781971815829,0.539578197181583,0.5309058522133261,0.48090585221332616,0.5809058522133261,1.4305837681126734,1.2239454929539573,2.6545292610666307,2026-01-31 00:00:00
2026-02-01 03:00:00,18.5,-2.0,0.9951933155863953,0.9451933155863953,1.0,0.9971230193720537,0.9471230193720537,1.0,0.9961581674792246,0.9461581674792245,1.0,2.4879832889659883,2.492807548430134,4.980790837396123,2026-01-31 00:00:00
2026-02-01 04:00:00,21.3,0.1,1.0,0.95,1.0,0.9823739186572843,0.9323739186572843,1.0,0.9911869593286422,0.9411869593286422,1.0,2.5,2.4559347966432106,4.955934796643211,2026-01-31 00:00:00
2026-02-01 05:00:00,13.5,1.9,1.0,0.95,1.0,0.9765976268972334,0.9265976268972334,1.0,0.9882988134486167,0.9382988134486167,1.0,2.5,2.4414940672430836,4.941494067243084,2026-01-31 00:00:00
2026-02-01 06:00:00,11.4,3.5,0.984504058313347,0.9345040583133469,1.0,0.9515573057255011,0.9015573057255011,1.0,0.968030682019424,0.918030682019424,1.0,2.4612601457833674,2.378893264313753,4.84015341009712,2026-01-31 00:00:00
2026-02-01 07:00:00,14.9,5.5,0.9678503356736147,0.9178503356736146,1.0,0.971978488835051,0.921978488835051,1.0,0.9699144122543328,0.9199144122543328,1.0,2.419625839184037,2.4299462220876276,4.849572061271664,2026-01-31 00:00:00
2026-02-01 08:00:00,16.4,6.3,0.97957070936907,0.9295707093690699,1.0,0.9715530662765701,0.9215530662765701,1.0,0.97556188782282,0.92556188782282,1.0,2.448926773422675,2.4288826656914253,4.877809439114101,2026-01-31 00:00:00
2026-02-01 09:00:00,16.5,6.3,0.9782102391564422,0.9282102391564422,1.0,0.975298510866304,0.925298510866304,1.0,0.9767543750113732,0.9267543750113731,1.0,2.4455255978911055,2.43824627716576,4.8837718750568655,2026-01-31 00:00:00
2026-02-01 10:00:00,16.6,5.6,0.9691945172716909,0.9191945172716909,1.0,0.982155366519068,0.9321553665190679,1.0,0.9756749418953794,0.9256749418953794,1.0,2.4229862931792274,2.45538841629767,4.878374709476897,2026-01-31 00:00:00
2026-02-01 11:00:00,19.1,3.6,0.9838556791087839,0.9338556791087839,1.0,0.9351475920232467,0.8851475920232467,0.9851475920232468,0.9595016355660153,0.9095016355660153,0.9925737960116234,2.45963919777196,2.3378689800581167,4.7975081778300765,2026-01-31 00:00:00
2026-02-01 12:00:00,17.1,0.9,0.986621792755893,0.936621792755893,1.0,0.9895241075962399,0.9395241075962398,1.0,0.9880729501760664,0.9380729501760664,1.0,2.4665544818897325,2.4738102689906,4.940364750880332,2026-01-31 00:00:00
2026-02-01 13:00:00,16.1,0.9,0.9957112322634631,0.9457112322634631,1.0,0.9953584817668346,0.9453584817668346,1.0,0.9955348570151489,0.9455348570151488,1.0,2.489278080658658,2.4883962044170866,4.977674285075745,2026-01-31 00:00:00
2026-02-01 14:00:00,19.0,0.9,1.0,0.95,1.0,1.0,0.95,1.0,1.0,0.95,1.0,2.5,2.5,5.0,2026-01-31 00:00:00
2026-02-01 15:00:00,19.2,0.5,1.0,0.95,1.0,1.0,0.95,1.0,1.0,0.95,1.0,2.5,2.5,5.0,2026-01-31 00:00:00
2026-02-01 16:00:00,19.8,0.3,0.990966344560936,0.940966344560936,1.0,0.9570700746985287,0.9070700746985286,1.0,0.9740182096297323,0.9240182096297322,1.0,2.4774158614023403,2.3926751867463216,4.8700910481486615,2026-01-31 00:00:00
2026-02-01 17:00:00,20.1,-0.5,0.9886180184750939,0.9386180184750939,1.0,0.9689418451527181,0.918941845152718,1.0,0.978779931813906,0.928779931813906,1.0,2.471545046187735,2.4223546128817954,4.89389965906953,2026-01-31 00:00:00
2026-02-01 18:00:00,21.7,-0.1,0.9855898458059733,0.9355898458059733,1.0,0.9583256906329852,0.9083256906329852,1.0,0.9719577682194793,0.9219577682194793,1.0,2.4639746145149335,2.395814226582463,4.859788841097396,2026-01-31 00:00:00
2026-02-01 19:00:00,22.4,-0.5,0.9865390055481806,0.9365390055481806,1.0,0.9604310045654912,0.9104310045654912,1.0,0.973485005056836,0.923485005056836,1.0,2.466347513870452,2.401077511413728,4.86742502528418,2026-01-31 00:00:00
2026-02-01 20:00:00,23.0,-1.0,0.9809436866903037,0.9309436866903037,1.0,0.9179911436314265,0.8679911436314265,0.9679911436314266,0.9494674151608651,0.899467415160865,0.9839955718157133,2.4523592167257595,2.2949778590785663,4.747337075804325,2026-01-31 00:00:00
2026-02-01 21:00:00,20.8,-1.5,0.9734873162178279,0.9234873162178279,1.0,0.8526302126152753,0.8026302126152752,0.9026302126152753,0.9130587644165515,0.8630587644165515,0.9513151063076377,2.4337182905445696,2.1315755315381884,4.565293822082758,2026-01-31 00:00:00
2026-02-01 22:00:00,23.4,-1.7,0.9734873162178279,0.9234873162178279,1.0,0.8841948052545999,0.8341948052545999,0.9341948052546,0.9288410607362139,0.8788410607362138,0.9670974026273,2.4337182905445696,2.2104870131365,4.644205303681069,2026-01-31 00:00:00
2026-02-01 23:00:00,24.9,-1.9,0.0,0.0,0.05,0.0,0.0,0.05,0.0,0.0,0.05,0.0,0.0,0.0,2026-01-31 00:00:00
2026-02-01 00:00:00,5.6,-3.2,0.11969110753929069,0.06969110753929068,0.16969110753929068,0.09794737040444666,0.04794737040444666,0.14794737040444667,0.10881923897186868,0.05881923897186867,0.15881923897186867,0.2992277688482267,0.24486842601111666,0.5440961948593435,2026-02-01 00:00:00
2026-02-01 01:00:00,2.9,-3.6,0.015441882738395236,0.0,0.06544188273839524,0.005334476242821286,0.0,0.05533447624282129,0.010388179490608261,0.0,0.06038817949060826,0.03860470684598809,0.013336190607053214,0.051940897453041306,2026-02-01 00:00:00
2026-02-01 02:00:00,8.2,-3.8,0.5722335072450694,0.5222335072450693,0.6222335072450694,0.4895781971815829,0.4395781971815829,0.539578197181583,0.5309058522133261,0.48090585221332616,0.5809058522133261,1.4305837681126734,1.2239454929539573,2.6545292610666307,2026-02-01 00:00:00
2026-02-01 03:00:00,18.5,-2.0,0.9951933155863953,0.9451933155863953,1.0,0.9971230193720537,0.9471230193720537,1.0,0.9961581674792246,0.9461581674792245,1.0,2.4879832889659883,2.492807548430134,4.980790837396123,2026-02-01 00:00:00
2026-02-01 04:00:00,21.3,0.1,1.0,0.95,1.0,0.9823739186572843,0.9323739186572843,1.0,0.9911869593286422,0.9411869593286422,1.0,2.5,2.4559347966432106,4.955934796643211,2026-02-01 00:00:00
2026-02-01 05:00:00,13.5,1.9,1.0,0.95,1.0,0.9765976268972334,0.9265976268972334,1.0,0.9882988134486167,0.9382988134486167,1.0,2.5,2.4414940672430836,4.941494067243084,2026-02-01 00:00:00
2026-02-01 06:00:00,11.4,3.5,0.984504058313347,0.9345040583133469,1.0,0.9515573057255011,0.9015573057255011,1.0,0.968030682019424,0.918030682019424,1.0,2.4612601457833674,2.378893264313753,4.84015341009712,2026-02-01 00:00:00
2026-02-01 07:00:00,14.9,5.5,0.9678503356736147,0.9178503356736146,1.0,0.971978488835051,0.921978488835051,1.0,0.9699144122543328,0.9199144122543328,1.0,2.419625839184037,2.4299462220876276,4.849572061271664,2026-02-01 00:00:00
2026-02-01 08:00:00,16.4,6.3,0.97957070936907,0.9295707093690699,1.0,0.9715530662765701,0.9215530662765701,1.0,0.97556188782282,0.92556188782282,1.0,2.448926773422675,2.4288826656914253,4.877809439114101,2026-02-01 00:00:00
2026-02-01 09:00:00,16.5,6.3,0.9782102391564422,0.9282102391564422,1.0,0.975298510866304,0.925298510866304,1.0,0.9767543750113732,0.9267543750113731,1.0,2.4455255978911055,2.43824627716576,4.8837718750568655,2026-02-01 00:00:00
2026-02-01 10:00:00,16.6,5.6,0.9691945172716909,0.9191945172716909,1.0,0.982155366519068,0.9321553665190679,1.0,0.9756749418953794,0.9256749418953794,1.0,2.4229862931792274,2.45538841629767,4.878374709476897,2026-02-01 00:00:00
2026-02-01 11:00:00,19.1,3.6,0.9838556791087839,0.9338556791087839,1.0,0.9351475920232467,0.8851475920232467,0.9851475920232468,0.9595016355660153,0.9095016355660153,0.9925737960116234,2.45963919777196,2.3378689800581167,4.7975081778300765,2026-02-01 00:00:00
2026-02-01 12:00:00,17.1,0.9,0.986621792755893,0.936621792755893,1.0,0.9895241075962399,0.9395241075962398,1.0,0.9880729501760664,0.9380729501760664,1.0,2.4665544818897325,2.4738102689906,4.940364750880332,2026-02-01 00:00:00
2026-02-01 13:00:00,16.1,0.9,0.9957112322634631,0.9457112322634631,1.0,0.9953584817668346,0.9453584817668346,1.0,0.9955348570151489,0.9455348570151488,1.0,2.489278080658658,2.4883962044170866,4.977674285075745,2026-02-01 00:00:00
2026-02-01 14:00:00,19.0,0.9,1.0,0.95,1.0,1.0,0.95,1.0,1.0,0.95,1.0,2.5,2.5,5.0,2026-02-01 00:00:00
2026-02-01 15:00:00,19.2,0.5,1.0,0.95,1.0,1.0,0.95,1.0,1.0,0.95,1.0,2.5,2.5,5.0,2026-02-01 00:00:00
2026-02-01 16:00:00,19.8,0.3,0.990966344560936,0.940966344560936,1.0,0.9570700746985287,0.9070700746985286,1.0,0.9740182096297323,0.9240182096297322,1.0,2.4774158614023403,2.3926751867463216,4.8700910481486615,2026-02-01 00:00:00
2026-02-01 17:00:00,20.1,-0.5,0.9886180184750939,0.9386180184750939,1.0,0.9689418451527181,0.918941845152718,1.0,0.978779931813906,0.928779931813906,1.0,2.471545046187735,2.4223546128817954,4.89389965906953,2026-02-01 00:00:00
2026-02-01 18:00:00,21.7,-0.1,0.9855898458059733,0.9355898458059733,1.0,0.9583256906329852,0.9083256906329852,1.0,0.9719577682194793,0.9219577682194793,1.0,2.4639746145149335,2.395814226582463,4.859788841097396,2026-02-01 00:00:00
2026-02-01 19:00:00,22.4,-0.5,0.9865390055481806,0.9365390055481806,1.0,0.9604310045654912,0.9104310045654912,1.0,0.973485005056836,0.923485005056836,1.0,2.466347513870452,2.401077511413728,4.86742502528418,2026-02-01 00:00:00
2026-02-01 20:00:00,23.0,-1.0,0.9809436866903037,0.9309436866903037,1.0,0.9179911436314265,0.8679911436314265,0.9679911436314266,0.9494674151608651,0.899467415160865,0.9839955718157133,2.4523592167257595,2.2949778590785663,4.747337075804325,2026-02-01 00:00:00
2026-02-01 21:00:00,20.8,-1.5,0.9734873162178279,0.9234873162178279,1.0,0.8526302126152753,0.8026302126152752,0.9026302126152753,0.9130587644165515,0.8630587644165515,0.9513151063076377,2.4337182905445696,2.1315755315381884,4.565293822082758,2026-02-01 00:00:00
2026-02-01 22:00:00,23.4,-1.7,0.9734873162178279,0.9234873162178279,1.0,0.8841948052545999,0.8341948052545999,0.9341948052546,0.9288410607362139,0.8788410607362138,0.9670974026273,2.4337182905445696,2.2104870131365,4.644205303681069,2026-02-01 00:00:00
2026-02-01 23:00:00,24.9,-1.9,0.0,0.0,0.05,0.0,0.0,0.05,0.0,0.0,0.05,0.0,0.0,0.0,2026-02-01 00:00:00
2026-02-02 00:00:00,26.3,-2.0,0.0,0.0,0.05,0.0,0.0,0.05,0.0,0.0,0.05,0.0,0.0,0.0,2026-02-01 00:00:00
2026-02-02 01:00:00,25.5,-2.7,0.0,0.0,0.05,0.0,0.0,0.05,0.0,0.0,0.05,0.0,0.0,0.0,2026-02-01 00:00:00
2026-02-02 02:00:00,24.3,-3.1,0.0,0.0,0.05,0.0,0.0,0.05,0.0,0.0,0.05,0.0,0.0,0.0,2026-02-01 00:00:00
2026-02-02 03:00:00,26.5,-1.8,0.0,0.0,0.05,0.0,0.0,0.05,0.0,0.0,0.05,0.0,0.0,0.0,2026-02-01 00:00:00
2026-02-02 04:00:00,31.6,1.6,0.0,0.0,0.05,0.0,0.0,0.05,0.0,0.0,0.05,0.0,0.0,0.0,2026-02-01 00:00:00
2026-02-02 05:00:00,26.5,4.2,0.0,0.0,0.05,0.0,0.0,0.05,0.0,0.0,0.05,0.0,0.0,0.0,2026-02-01 00:00:00
2026-02-02 06:00:00,31.0,6.0,0.0,0.0,0.05,0.0,0.0,0.05,0.0,0.0,0.05,0.0,0.0,0.0,2026-02-01 00:00:00
2026-02-02 07:00:00,32.7,6.9,0.0,0.0,0.05,0.0,0.0,0.05,0.0,0.0,0.05,0.0,0.0,0.0,2026-02-01 00:00:00
2026-02-02 08:00:00,33.9,7.6,0.0,0.0,0.05,0.0,0.0,0.05,0.0,0.0,0.05,0.0,0.0,0.0,2026-02-01 00:00:00
2026-02-02 09:00:00,34.0,7.9,0.0,0.0,0.05,0.0,0.0,0.05,0.0,0.0,0.05,0.0,0.0,0.0,2026-02-01 00:00:00
2026-02-02 10:00:00,29.8,7.1,0.0,0.0,0.05,0.0,0.0,0.05,0.0,0.0,0.05,0.0,0.0,0.0,2026-02-01 00:00:00
2026-02-02 11:00:00,28.0,5.3,0.0,0.0,0.05,0.0,0.0,0.05,0.0,0.0,0.05,0.0,0.0,0.0,2026-02-01 00:00:00
2026-02-02 12:00:00,9.7,2.0,0.8204040389793643,0.7704040389793643,0.8704040389793644,0.7602555361590818,0.7102555361590818,0.8102555361590819,0.790329787569223,0.740329787569223,0.840329787569223,2.051010097448411,1.9006388403977046,3.951648937846115,2026-02-01 00:00:00
2026-02-02 13:00:00,5.9,0.6,0.16109984663480006,0.11109984663480006,0.21109984663480008,0.10511158496504236,0.05511158496504236,0.15511158496504235,0.1331057157999212,0.08310571579992121,0.18310571579992121,0.40274961658700015,0.2627789624126059,0.6655285789996059,2026-02-01 00:00:00
2026-02-02 14:00:00,7.4,0.2,0.4094302130496547,0.3594302130496547,0.4594302130496547,0.3717972978366501,0.3217972978366501,0.4217972978366501,0.3906137554431524,0.3406137554431524,0.4406137554431524,1.0235755326241367,0.9294932445916253,1.953068777215762,2026-02-01 00:00:00
2026-02-02 15:00:00,19.5,0.8,1.0,0.95,1.0,1.0,0.95,1.0,1.0,0.95,1.0,2.5,2.5,5.0,2026-02-01 00:00:00
2026-02-02 16:00:00,20.7,0.7,0.9877582090537735,0.9377582090537735,1.0,0.9760145970200516,0.9260145970200515,1.0,0.9818864030369125,0.9318864030369125,1.0,2.469395522634434,2.4400364925501288,4.909432015184563,2026-02-01 00:00:00
2026-02-02 17:00:00,18.2,-0.1,0.9909345994537914,0.9409345994537913,1.0,0.9773079098710303,0.9273079098710303,1.0,0.9841212546624108,0.9341212546624108,1.0,2.4773364986344784,2.443269774677576,4.920606273312054,2026-02-01 00:00:00
2026-02-02 18:00:00,19.5,-0.2,0.9859394906763478,0.9359394906763477,1.0,0.9751482689139445,0.9251482689139444,1.0,0.9805438797951461,0.9305438797951461,1.0,2.4648487266908696,2.4378706722848613,4.902719398975731,2026-02-01 00:00:00
2026-02-02 19:00:00,21.7,-1.2,0.9959888130076128,0.9459888130076127,1.0,0.9718141266322541,0.921814126632254,1.0,0.9839014698199334,0.9339014698199334,1.0,2.4899720325190318,2.429535316580635,4.919507349099667,2026-02-01 00:00:00
2026-02-02 20:00:00,23.3,-1.3,0.9875510270942077,0.9375510270942077,1.0,0.9189844470543127,0.8689844470543127,0.9689844470543127,0.9532677370742602,0.9032677370742601,0.9844922235271564,2.4688775677355195,2.2974611176357818,4.7663386853713,2026-02-01 00:00:00
2026-02-02 21:00:00,25.5,-1.7,0.0,0.0,0.05,0.0,0.0,0.05,0.0,0.0,0.05,0.0,0.0,0.0,2026-02-01 00:00:00
2026-02-02 22:00:00,27.4,-1.6,0.0,0.0,0.05,0.0,0.0,0.05,0.0,0.0,0.05,0.0,0.0,0.0,2026-02-01 00:00:00
2026-02-02 23:00:00,27.7,-1.7,0.0,0.0,0.05,0.0,0.0,0.05,0.0,0.0,0.05,0.0,0.0,0.0,2026-02-01 00:00:00
2026-02-02 00:00:00,26.3,-2.0,0.0,0.0,0.05,0.0,0.0,0.05,0.0,0.0,0.05,0.0,0.0,0.0,2026-02-02 00:00:00
2026-02-02 01:00:00,25.5,-2.7,0.0,0.0,0.05,0.0,0.0,0.05,0.0,0.0,0.05,0.0,0.0,0.0,2026-02-02 00:00:00
2026-02-02 02:00:00,24.3,-3.1,0.0,0.0,0.05,0.0,0.0,0.05,0.0,0.0,0.05,0.0,0.0,0.0,2026-02-02 00:00:00
2026-02-02 03:00:00,26.5,-1.8,0.0,0.0,0.05,0.0,0.0,0.05,0.0,0.0,0.05,0.0,0.0,0.0,2026-02-02 00:00:00
2026-02-02 04:00:00,31.6,1.6,0.0,0.0,0.05,0.0,0.0,0.05,0.0,0.0,0.05,0.0,0.0,0.0,2026-02-02 00:00:00
2026-02-02 05:00:00,26.5,4.2,0.0,0.0,0.05,0.0,0.0,0.05,0.0,0.0,0.05,0.0,0.0,0.0,2026-02-02 00:00:00
2026-02-02 06:00:00,31.0,6.0,0.0,0.0,0.05,0.0,0.0,0.05,0.0,0.0,0.05,0.0,0.0,0.0,2026-02-02 00:00:00
2026-02-02 07:00:00,32.7,6.9,0.0,0.0,0.05,0.0,0.0,0.05,0.0,0.0,0.05,0.0,0.0,0.0,2026-02-02 00:00:00
2026-02-02 08:00:00,33.9,7.6,0.0,0.0,0.05,0.0,0.0,0.05,0.0,0.0,0.05,0.0,0.0,0.0,2026-02-02 00:00:00
2026-02-02 09:00:00,34.0,7.9,0.0,0.0,0.05,0.0,0.0,0.05,0.0,0.0,0.05,0.0,0.0,0.0,2026-02-02 00:00:00
2026-02-02 10:00:00,29.8,7.1,0.0,0.0,0.05,0.0,0.0,0.05,0.0,0.0,0.05,0.0,0.0,0.0,2026-02-02 00:00:00
2026-02-02 11:00:00,28.0,5.3,0.0,0.0,0.05,0.0,0.0,0.05,0.0,0.0,0.05,0.0,0.0,0.0,2026-02-02 00:00:00
2026-02-02 12:00:00,9.7,2.0,0.8204040389793643,0.7704040389793643,0.8704040389793644,0.7602555361590818,0.7102555361590818,0.8102555361590819,0.790329787569223,0.740329787569223,0.840329787569223,2.051010097448411,1.9006388403977046,3.951648937846115,2026-02-02 00:00:00
2026-02-02 13:00:00,5.9,0.6,0.16109984663480006,0.11109984663480006,0.21109984663480008,0.10511158496504236,0.05511158496504236,0.15511158496504235,0.1331057157999212,0.08310571579992121,0.18310571579992121,0.40274961658700015,0.2627789624126059,0.6655285789996059,2026-02-02 00:00:00
2026-02-02 14:00:00,7.4,0.2,0.4094302130496547,0.3594302130496547,0.4594302130496547,0.3717972978366501,0.3217972978366501,0.4217972978366501,0.3906137554431524,0.3406137554431524,0.4406137554431524,1.0235755326241367,0.9294932445916253,1.953068777215762,2026-02-02 00:00:00
2026-02-02 15:00:00,19.5,0.8,1.0,0.95,1.0,1.0,0.95,1.0,1.0,0.95,1.0,2.5,2.5,5.0,2026-02-02 00:00:00
2026-02-02 16:00:00,20.7,0.7,0.9877582090537735,0.9377582090537735,1.0,0.9760145970200516,0.9260145970200515,1.0,0.9818864030369125,0.9318864030369125,1.0,2.469395522634434,2.4400364925501288,4.909432015184563,2026-02-02 00:00:00
2026-02-02 17:00:00,18.2,-0.1,0.9909345994537914,0.9409345994537913,1.0,0.9773079098710303,0.9273079098710303,1.0,0.9841212546624108,0.9341212546624108,1.0,2.4773364986344784,2.443269774677576,4.920606273312054,2026-02-02 00:00:00
2026-02-02 18:00:00,19.5,-0.2,0.9859394906763478,0.9359394906763477,1.0,0.9751482689139445,0.9251482689139444,1.0,0.9805438797951461,0.9305438797951461,1.0,2.4648487266908696,2.4378706722848613,4.902719398975731,2026-02-02 00:00:00
2026-02-02 19:00:00,21.7,-1.2,0.9959888130076128,0.9459888130076127,1.0,0.9718141266322541,0.921814126632254,1.0,0.9839014698199334,0.9339014698199334,1.0,2.4899720325190318,2.429535316580635,4.919507349099667,2026-02-02 00:00:00
2026-02-02 20:00:00,23.3,-1.3,0.9875510270942077,0.9375510270942077,1.0,0.9189844470543127,0.8689844470543127,0.9689844470543127,0.9532677370742602,0.9032677370742601,0.9844922235271564,2.4688775677355195,2.2974611176357818,4.7663386853713,2026-02-02 00:00:00
2026-02-02 21:00:00,25.5,-1.7,0.0,0.0,0.05,0.0,0.0,0.05,0.0,0.0,0.05,0.0,0.0,0.0,2026-02-02 00:00:00
2026-02-02 22:00:00,27.4,-1.6,0.0,0.0,0.05,0.0,0.0,0.05,0.0,0.0,0.05,0.0,0.0,0.0,2026-02-02 00:00:00
2026-02-02 23:00:00,27.7,-1.7,0.0,0.0,0.05,0.0,0.0,0.05,0.0,0.0,0.05,0.0,0.0,0.0,2026-02-02 00:00:00
2026-02-03 00:00:00,30.4,-1.4,0.0,0.0,0.05,0.0,0.0,0.05,0.0,0.0,0.05,0.0,0.0,0.0,2026-02-02 00:00:00
2026-02-03 01:00:00,26.3,-1.9,0.0,0.0,0.05,0.0,0.0,0.05,0.0,0.0,0.05,0.0,0.0,0.0,2026-02-02 00:00:00
2026-02-03 02:00:00,18.0,-2.9,0.996539570020522,0.9465395700205219,1.0,1.0,0.95,1.0,0.998269785010261,0.9482697850102609,1.0,2.491348925051305,2.5,4.991348925051305,2026-02-02 00:00:00
2026-02-03 03:00:00,5.5,-1.3,0.11729874688125462,0.06729874688125462,0.16729874688125462,0.10449975859490145,0.05449975859490144,0.15449975859490145,0.11089925273807803,0.06089925273807803,0.16089925273807804,0.29324686720313653,0.2612493964872536,0.5544962636903902,2026-02-02 00:00:00
2026-02-03 04:00:00,4.4,2.2,0.05461107700751736,0.00461107700751736,0.10461107700751737,0.050732984661810074,0.000732984661810071,0.10073298466181008,0.05267203083466372,0.0026720308346637155,0.10267203083466372,0.1365276925187934,0.1268324616545252,0.2633601541733186,2026-02-02 00:00:00
2026-02-03 05:00:00,3.6,4.9,0.026734479518234305,0.0,0.07673447951823431,0.02547261783211239,0.0,0.0754726178321124,0.026103548675173345,0.0,0.07610354867517335,0.06683619879558576,0.06368154458028097,0.13051774337586672,2026-02-02 00:00:00
2026-02-03 06:00:00,9.6,6.1,0.77937272430023,0.7293727243002299,0.82937272430023,0.7925931827292609,0.7425931827292609,0.842593182729261,0.7859829535147455,0.7359829535147454,0.8359829535147455,1.948431810750575,1.9814829568231525,3.9299147675737274,2026-02-02 00:00:00
2026-02-03 07:00:00,12.1,7.4,0.9496982337170701,0.89969823371707,0.9996982337170701,0.9702321060039705,0.9202321060039704,1.0,0.9599651698605203,0.9099651698605202,0.9998491168585351,2.3742455842926753,2.425580265009926,4.799825849302602,2026-02-02 00:00:00
2026-02-03 08:00:00,13.4,8.4,0.965514682307668,0.915514682307668,1.0,0.9754199309776357,0.9254199309776356,1.0,0.9704673066426519,0.9204673066426519,1.0,2.41378670576917,2.4385498274440893,4.8523365332132595,2026-02-02 00:00:00
2026-02-03 09:00:00,11.7,8.6,0.966271898291311,0.916271898291311,1.0,0.9670721043711499,0.9170721043711498,1.0,0.9666720013312304,0.9166720013312304,1.0,2.4156797457282773,2.4176802609278747,4.833360006656152,2026-02-02 00:00:00
2026-02-03 10:00:00,12.2,7.2,0.9381966612962643,0.8881966612962643,0.9881966612962644,0.957817690028901,0.907817690028901,1.0,0.9480071756625827,0.8980071756625827,0.9940983306481321,2.3454916532406607,2.3945442250722526,4.740035878312914,2026-02-02 00:00:00
2026-02-03 11:00:00,13.4,4.9,0.9873430557855334,0.9373430557855333,1.0,0.9676046840506084,0.9176046840506084,1.0,0.977473869918071,0.9274738699180709,1.0,2.4683576394638336,2.419011710126521,4.8873693495903545,2026-02-02 00:00:00
2026-02-03 12:00:00,14.0,2.2,0.9749717603480916,0.9249717603480916,1.0,0.9305662950069543,0.8805662950069543,0.9805662950069544,0.9527690276775229,0.9027690276775229,0.9902831475034772,2.4374294008702293,2.3264157375173857,4.763845138387614,2026-02-02 00:00:00
2026-02-03 13:00:00,17.8,1.1,0.9912240232765872,0.9412240232765872,1.0,0.9923778409431909,0.9423778409431909,1.0,0.9918009321098891,0.941800932109889,1.0,2.478060058191468,2.4809446023579773,4.9590046605494456,2026-02-02 00:00:00
2026-02-03 14:00:00,16.6,2.8,1.0,0.95,1.0,0.9706364507454436,0.9206364507454435,1.0,0.9853182253727217,0.9353182253727217,1.0,2.5,2.426591126863609,4.926591126863609,2026-02-02 00:00:00
2026-02-03 15:00:00,19.0,1.9,1.0,0.95,1.0,0.9983595998206146,0.9483595998206146,1.0,0.9991797999103074,0.9491797999103073,1.0,2.5,2.4958989995515366,4.995898999551537,2026-02-02 00:00:00
2026-02-03 16:00:00,25.6,2.1,0.0,0.0,0.05,0.0,0.0,0.05,0.0,0.0,0.05,0.0,0.0,0.0,2026-02-02 00:00:00
2026-02-03 17:00:00,27.8,2.8,0.0,0.0,0.05,0.0,0.0,0.05,0.0,0.0,0.05,0.0,0.0,0.0,2026-02-02 00:00:00
2026-02-03 18:00:00,16.5,2.7,0.9872763472053838,0.9372763472053838,1.0,0.981698954171651,0.9316989541716509,1.0,0.9844876506885174,0.9344876506885174,1.0,2.4681908680134597,2.4542473854291273,4.9224382534425875,2026-02-02 00:00:00
2026-02-03 19:00:00,14.0,2.7,1.0,0.95,1.0,0.9904988576703976,0.9404988576703975,1.0,0.9952494288351987,0.9452494288351987,1.0,2.5,2.476247144175994,4.976247144175994,2026-02-02 00:00:00
2026-02-03 20:00:00,22.3,3.0,0.9812700696283722,0.9312700696283721,1.0,0.9210951596317472,0.8710951596317471,0.9710951596317472,0.9511826146300597,0.9011826146300597,0.9855475798158736,2.4531751740709304,2.302737899079368,4.755913073150299,2026-02-02 00:00:00
2026-02-03 21:00:00,20.3,2.7,0.9691646820097655,0.9191646820097654,1.0,0.8471142729084168,0.7971142729084167,0.8971142729084168,0.9081394774590912,0.8581394774590911,0.9485571364542085,2.4229117050244136,2.117785682271042,4.540697387295456,2026-02-02 00:00:00
2026-02-03 22:00:00,14.9,2.1,0.9013348585486574,0.8513348585486573,0.9513348585486574,0.8222498445004774,0.7722498445004774,0.8722498445004775,0.8617923515245673,0.8117923515245673,0.9117923515245674,2.2533371463716434,2.0556246112511936,4.3089617576228365,2026-02-02 00:00:00
2026-02-03 23:00:00,16.6,2.0,0.9806324901265336,0.9306324901265336,1.0,0.9191207154216027,0.8691207154216026,0.9691207154216027,0.9498766027740682,0.8998766027740681,0.9845603577108013,2.451581225316334,2.2978017885540067,4.749383013870341,2026-02-02 00:00:00
2026-02-03 00:00:00,30.4,-1.4,0.0,0.0,0.05,0.0,0.0,0.05,0.0,0.0,0.05,0.0,0.0,0.0,2026-02-03 00:00:00
2026-02-03 01:00:00,26.3,-1.9,0.0,0.0,0.05,0.0,0.0,0.05,0.0,0.0,0.05,0.0,0.0,0.0,2026-02-03 00:00:00
2026-02-03 02:00:00,18.0,-2.9,0.996539570020522,0.9465395700205219,1.0,1.0,0.95,1.0,0.998269785010261,0.9482697850102609,1.0,2.491348925051305,2.5,4.991348925051305,2026-02-03 00:00:00
2026-02-03 03:00:00,5.5,-1.3,0.11729874688125462,0.06729874688125462,0.16729874688125462,0.10449975859490145,0.05449975859490144,0.15449975859490145,0.11089925273807803,0.06089925273807803,0.16089925273807804,0.29324686720313653,0.2612493964872536,0.5544962636903902,2026-02-03 00:00:00
2026-02-03 04:00:00,4.4,2.2,0.05461107700751736,0.00461107700751736,0.10461107700751737,0.050732984661810074,0.000732984661810071,0.10073298466181008,0.05267203083466372,0.0026720308346637155,0.10267203083466372,0.1365276925187934,0.1268324616545252,0.2633601541733186,2026-02-03 00:00:00
2026-02-03 05:00:00,3.6,4.9,0.026734479518234305,0.0,0.07673447951823431,0.02547261783211239,0.0,0.0754726178321124,0.026103548675173345,0.0,0.07610354867517335,0.06683619879558576,0.06368154458028097,0.13051774337586672,2026-02-03 00:00:00
2026-02-03 06:00:00,9.6,6.1,0.77937272430023,0.7293727243002299,0.82937272430023,0.7925931827292609,0.7425931827292609,0.842593182729261,0.7859829535147455,0.7359829535147454,0.8359829535147455,1.948431810750575,1.9814829568231525,3.9299147675737274,2026-02-03 00:00:00
2026-02-03 07:00:00,12.1,7.4,0.9496982337170701,0.89969823371707,0.9996982337170701,0.9702321060039705,0.9202321060039704,1.0,0.9599651698605203,0.9099651698605202,0.9998491168585351,2.3742455842926753,2.425580265009926,4.799825849302602,2026-02-03 00:00:00
2026-02-03 08:00:00,13.4,8.4,0.965514682307668,0.915514682307668,1.0,0.9754199309776357,0.9254199309776356,1.0,0.9704673066426519,0.9204673066426519,1.0,2.41378670576917,2.4385498274440893,4.8523365332132595,2026-02-03 00:00:00
2026-02-03 09:00:00,11.7,8.6,0.966271898291311,0.916271898291311,1.0,0.9670721043711499,0.9170721043711498,1.0,0.9666720013312304,0.9166720013312304,1.0,2.4156797457282773,2.4176802609278747,4.833360006656152,2026-02-03 00:00:00
2026-02-03 10:00:00,12.2,7.2,0.9381966612962643,0.8881966612962643,0.9881966612962644,0.957817690028901,0.907817690028901,1.0,0.9480071756625827,0.8980071756625827,0.9940983306481321,2.3454916532406607,2.3945442250722526,4.740035878312914,2026-02-03 00:00:00
2026-02-03 11:00:00,13.4,4.9,0.9873430557855334,0.9373430557855333,1.0,0.9676046840506084,0.9176046840506084,1.0,0.977473869918071,0.9274738699180709,1.0,2.4683576394638336,2.419011710126521,4.8873693495903545,2026-02-03 00:00:00
2026-02-03 12:00:00,14.0,2.2,0.9749717603480916,0.9249717603480916,1.0,0.9305662950069543,0.8805662950069543,0.9805662950069544,0.9527690276775229,0.9027690276775229,0.9902831475034772,2.4374294008702293,2.3264157375173857,4.763845138387614,2026-02-03 00:00:00
2026-02-03 13:00:00,17.8,1.1,0.9912240232765872,0.9412240232765872,1.0,0.9923778409431909,0.9423778409431909,1.0,0.9918009321098891,0.941800932109889,1.0,2.478060058191468,2.4809446023579773,4.9590046605494456,2026-02-03 00:00:00
2026-02-03 14:00:00,16.6,2.8,1.0,0.95,1.0,0.9706364507454436,0.9206364507454435,1.0,0.9853182253727217,0.9353182253727217,1.0,2.5,2.426591126863609,4.926591126863609,2026-02-03 00:00:00
2026-02-03 15:00:00,19.0,1.9,1.0,0.95,1.0,0.9983595998206146,0.9483595998206146,1.0,0.9991797999103074,0.9491797999103073,1.0,2.5,2.4958989995515366,4.995898999551537,2026-02-03 00:00:00
2026-02-03 16:00:00,25.6,2.1,0.0,0.0,0.05,0.0,0.0,0.05,0.0,0.0,0.05,0.0,0.0,0.0,2026-02-03 00:00:00
2026-02-03 17:00:00,27.8,2.8,0.0,0.0,0.05,0.0,0.0,0.05,0.0,0.0,0.05,0.0,0.0,0.0,2026-02-03 00:00:00
2026-02-03 18:00:00,16.5,2.7,0.9872763472053838,0.9372763472053838,1.0,0.981698954171651,0.9316989541716509,1.0,0.9844876506885174,0.9344876506885174,1.0,2.4681908680134597,2.4542473854291273,4.9224382534425875,2026-02-03 00:00:00
2026-02-03 19:00:00,14.0,2.7,1.0,0.95,1.0,0.9904988576703976,0.9404988576703975,1.0,0.9952494288351987,0.9452494288351987,1.0,2.5,2.476247144175994,4.976247144175994,2026-02-03 00:00:00
2026-02-03 20:00:00,22.3,3.0,0.9812700696283722,0.9312700696283721,1.0,0.9210951596317472,0.8710951596317471,0.9710951596317472,0.9511826146300597,0.9011826146300597,0.9855475798158736,2.4531751740709304,2.302737899079368,4.755913073150299,2026-02-03 00:00:00
2026-02-03 21:00:00,20.3,2.7,0.9691646820097655,0.9191646820097654,1.0,0.8471142729084168,0.7971142729084167,0.8971142729084168,0.9081394774590912,0.8581394774590911,0.9485571364542085,2.4229117050244136,2.117785682271042,4.540697387295456,2026-02-03 00:00:00
2026-02-03 22:00:00,14.9,2.1,0.9013348585486574,0.8513348585486573,0.9513348585486574,0.8222498445004774,0.7722498445004774,0.8722498445004775,0.8617923515245673,0.8117923515245673,0.9117923515245674,2.2533371463716434,2.0556246112511936,4.3089617576228365,2026-02-03 00:00:00
2026-02-03 23:00:00,16.6,2.0,0.9806324901265336,0.9306324901265336,1.0,0.9191207154216027,0.8691207154216026,0.9691207154216027,0.9498766027740682,0.8998766027740681,0.9845603577108013,2.451581225316334,2.2978017885540067,4.749383013870341,2026-02-03 00:00:00
2026-02-04 00:00:00,18.8,2.5,1.0,0.95,1.0,0.9962963531885461,0.9462963531885461,1.0,0.998148176594273,0.948148176594273,1.0,2.5,2.4907408829713655,4.990740882971365,2026-02-03 00:00:00
2026-02-04 01:00:00,19.1,2.3,1.0,0.95,1.0,0.9947388431217821,0.944738843121782,1.0,0.997369421560891,0.947369421560891,1.0,2.5,2.486847107804455,4.986847107804455,2026-02-03 00:00:00
2026-02-04 02:00:00,20.1,2.5,1.0,0.95,1.0,0.9929551077780183,0.9429551077780183,1.0,0.9964775538890092,0.9464775538890091,1.0,2.5,2.4823877694450456,4.982387769445046,2026-02-03 00:00:00
2026-02-04 03:00:00,19.7,2.8,0.9959287836235127,0.9459287836235126,1.0,0.9914087792657242,0.9414087792657242,1.0,0.9936687814446185,0.9436687814446184,1.0,2.489821959058782,2.4785219481643104,4.968343907223092,2026-02-03 00:00:00
2026-02-04 04:00:00,18.1,2.9,1.0,0.95,1.0,0.9917755953462182,0.9417755953462181,1.0,0.9958877976731091,0.945887797673109,1.0,2.5,2.4794389883655454,4.979438988365546,2026-02-03 00:00:00
2026-02-04 05:00:00,21.8,3.8,1.0,0.95,1.0,0.9953231682312104,0.9453231682312103,1.0,0.9976615841156051,0.9476615841156051,1.0,2.5,2.488307920578026,4.988307920578025,2026-02-03 00:00:00
2026-02-04 06:00:00,22.3,5.6,0.9852307132773941,0.935230713277394,1.0,0.9546005114860656,0.9046005114860656,1.0,0.9699156123817299,0.9199156123817298,1.0,2.463076783193485,2.386501278715164,4.849578061908649,2026-02-03 00:00:00
2026-02-04 07:00:00,16.6,7.0,0.976957407141303,0.9269574071413029,1.0,0.9704524476099071,0.9204524476099071,1.0,0.9737049273756051,0.9237049273756051,1.0,2.442393517853257,2.4261311190247676,4.868524636878026,2026-02-03 00:00:00
2026-02-04 08:00:00,14.9,8.1,0.986032447325946,0.9360324473259459,1.0,0.9783666086633975,0.9283666086633975,1.0,0.9821995279946718,0.9321995279946718,1.0,2.465081118314865,2.4459165216584937,4.910997639973359,2026-02-03 00:00:00
2026-02-04 09:00:00,14.1,9.0,0.9585228728116733,0.9085228728116732,1.0,0.9772307114999598,0.9272307114999597,1.0,0.9678767921558165,0.9178767921558164,1.0,2.396307182029183,2.4430767787498993,4.839383960779083,2026-02-03 00:00:00
2026-02-04 10:00:00,11.6,8.7,0.9636760135573716,0.9136760135573716,1.0,0.9676283314271816,0.9176283314271816,1.0,0.9656521724922766,0.9156521724922766,1.0,2.409190033893429,2.4190708285679543,4.828260862461383,2026-02-03 00:00:00
2026-02-04 11:00:00,8.6,6.7,0.6229429862396069,0.5729429862396068,0.6729429862396069,0.5996305868785531,0.549630586878553,0.6496305868785531,0.61128678655908,0.5612867865590799,0.66128678655908,1.5573574655990172,1.4990764671963828,3.0564339327953998,2026-02-03 00:00:00
2026-02-04 12:00:00,3.8,3.6,0.025345458191731583,0.0,0.07534545819173158,0.01435753241908847,0.0,0.06435753241908847,0.019851495305410027,0.0,0.06985149530541002,0.06336364547932896,0.035893831047721175,0.09925747652705014,2026-02-03 00:00:00
2026-02-04 13:00:00,19.4,1.4,0.997613346155703,0.9476133461557029,1.0,0.9943890461870268,0.9443890461870268,1.0,0.9960011961713648,0.9460011961713648,1.0,2.4940333653892575,2.485972615467567,4.980005980856824,2026-02-03 00:00:00
2026-02-04 14:00:00,22.7,1.6,1.0,0.95,1.0,1.0,0.95,1.0,1.0,0.95,1.0,2.5,2.5,5.0,2026-02-03 00:00:00
2026-02-04 15:00:00,26.6,1.0,0.0,0.0,0.05,0.0,0.0,0.05,0.0,0.0,0.05,0.0,0.0,0.0,2026-02-03 00:00:00
2026-02-04 16:00:00,27.2,0.2,0.0,0.0,0.05,0.0,0.0,0.05,0.0,0.0,0.05,0.0,0.0,0.0,2026-02-03 00:00:00
2026-02-04 17:00:00,27.7,-0.4,0.0,0.0,0.05,0.0,0.0,0.05,0.0,0.0,0.05,0.0,0.0,0.0,2026-02-03 00:00:00
2026-02-04 18:00:00,30.2,-0.4,0.0,0.0,0.05,0.0,0.0,0.05,0.0,0.0,0.05,0.0,0.0,0.0,2026-02-03 00:00:00
2026-02-04 19:00:00,30.6,0.2,0.0,0.0,0.05,0.0,0.0,0.05,0.0,0.0,0.05,0.0,0.0,0.0,2026-02-03 00:00:00
2026-02-04 20:00:00,29.4,0.3,0.0,0.0,0.05,0.0,0.0,0.05,0.0,0.0,0.05,0.0,0.0,0.0,2026-02-03 00:00:00
2026-02-04 21:00:00,31.2,0.5,0.0,0.0,0.05,0.0,0.0,0.05,0.0,0.0,0.05,0.0,0.0,0.0,2026-02-03 00:00:00
2026-02-04 22:00:00,34.1,0.7,0.0,0.0,0.05,0.0,0.0,0.05,0.0,0.0,0.05,0.0,0.0,0.0,2026-02-03 00:00:00
2026-02-04 23:00:00,37.1,0.9,0.0,0.0,0.05,0.0,0.0,0.05,0.0,0.0,0.05,0.0,0.0,0.0,2026-02-03 00:00:00
2026-02-04 00:00:00,18.8,2.5,1.0,0.95,1.0,0.9962963531885461,0.9462963531885461,1.0,0.998148176594273,0.948148176594273,1.0,2.5,2.4907408829713655,4.990740882971365,2026-02-04 00:00:00
2026-02-04 01:00:00,19.1,2.3,1.0,0.95,1.0,0.9947388431217821,0.944738843121782,1.0,0.997369421560891,0.947369421560891,1.0,2.5,2.486847107804455,4.986847107804455,2026-02-04 00:00:00
2026-02-04 02:00:00,20.1,2.5,1.0,0.95,1.0,0.9929551077780183,0.9429551077780183,1.0,0.9964775538890092,0.9464775538890091,1.0,2.5,2.4823877694450456,4.982387769445046,2026-02-04 00:00:00
2026-02-04 03:00:00,19.7,2.8,0.9959287836235127,0.9459287836235126,1.0,0.9914087792657242,0.9414087792657242,1.0,0.9936687814446185,0.9436687814446184,1.0,2.489821959058782,2.4785219481643104,4.968343907223092,2026-02-04 00:00:00
2026-02-04 04:00:00,18.1,2.9,1.0,0.95,1.0,0.9917755953462182,0.9417755953462181,1.0,0.9958877976731091,0.945887797673109,1.0,2.5,2.4794389883655454,4.979438988365546,2026-02-04 00:00:00
2026-02-04 05:00:00,21.8,3.8,1.0,0.95,1.0,0.9953231682312104,0.9453231682312103,1.0,0.9976615841156051,0.9476615841156051,1.0,2.5,2.488307920578026,4.988307920578025,2026-02-04 00:00:00
2026-02-04 06:00:00,22.3,5.6,0.9852307132773941,0.935230713277394,1.0,0.9546005114860656,0.9046005114860656,1.0,0.9699156123817299,0.9199156123817298,1.0,2.463076783193485,2.386501278715164,4.849578061908649,2026-02-04 00:00:00
2026-02-04 07:00:00,16.6,7.0,0.976957407141303,0.9269574071413029,1.0,0.9704524476099071,0.9204524476099071,1.0,0.9737049273756051,0.9237049273756051,1.0,2.442393517853257,2.4261311190247676,4.868524636878026,2026-02-04 00:00:00
2026-02-04 08:00:00,14.9,8.1,0.986032447325946,0.9360324473259459,1.0,0.9783666086633975,0.9283666086633975,1.0,0.9821995279946718,0.9321995279946718,1.0,2.465081118314865,2.4459165216584937,4.910997639973359,2026-02-04 00:00:00
2026-02-04 09:00:00,14.1,9.0,0.9585228728116733,0.9085228728116732,1.0,0.9772307114999598,0.9272307114999597,1.0,0.9678767921558165,0.9178767921558164,1.0,2.396307182029183,2.4430767787498993,4.839383960779083,2026-02-04 00:00:00
2026-02-04 10:00:00,11.6,8.7,0.9636760135573716,0.9136760135573716,1.0,0.9676283314271816,0.9176283314271816,1.0,0.9656521724922766,0.9156521724922766,1.0,2.409190033893429,2.4190708285679543,4.828260862461383,2026-02-04 00:00:00
2026-02-04 11:00:00,8.6,6.7,0.6229429862396069,0.5729429862396068,0.6729429862396069,0.5996305868785531,0.549630586878553,0.6496305868785531,0.61128678655908,0.5612867865590799,0.66128678655908,1.5573574655990172,1.4990764671963828,3.0564339327953998,2026-02-04 00:00:00
2026-02-04 12:00:00,3.8,3.6,0.025345458191731583,0.0,0.07534545819173158,0.01435753241908847,0.0,0.06435753241908847,0.019851495305410027,0.0,0.06985149530541002,0.06336364547932896,0.035893831047721175,0.09925747652705014,2026-02-04 00:00:00
2026-02-04 13:00:00,19.4,1.4,0.997613346155703,0.9476133461557029,1.0,0.9943890461870268,0.9443890461870268,1.0,0.9960011961713648,0.9460011961713648,1.0,2.4940333653892575,2.485972615467567,4.980005980856824,2026-02-04 00:00:00
2026-02-04 14:00:00,22.7,1.6,1.0,0.95,1.0,1.0,0.95,1.0,1.0,0.95,1.0,2.5,2.5,5.0,2026-02-04 00:00:00
2026-02-04 15:00:00,26.6,1.0,0.0,0.0,0.05,0.0,0.0,0.05,0.0,0.0,0.05,0.0,0.0,0.0,2026-02-04 00:00:00
2026-02-04 16:00:00,27.2,0.2,0.0,0.0,0.05,0.0,0.0,0.05,0.0,0.0,0.05,0.0,0.0,0.0,2026-02-04 00:00:00
2026-02-04 17:00:00,27.7,-0.4,0.0,0.0,0.05,0.0,0.0,0.05,0.0,0.0,0.05,0.0,0.0,0.0,2026-02-04 00:00:00
2026-02-04 18:00:00,30.2,-0.4,0.0,0.0,0.05,0.0,0.0,0.05,0.0,0.0,0.05,0.0,0.0,0.0,2026-02-04 00:00:00
2026-02-04 19:00:00,30.6,0.2,0.0,0.0,0.05,0.0,0.0,0.05,0.0,0.0,0.05,0.0,0.0,0.0,2026-02-04 00:00:00
2026-02-04 20:00:00,29.4,0.3,0.0,0.0,0.05,0.0,0.0,0.05,0.0,0.0,0.05,0.0,0.0,0.0,2026-02-04 00:00:00
2026-02-04 21:00:00,31.2,0.5,0.0,0.0,0.05,0.0,0.0,0.05,0.0,0.0,0.05,0.0,0.0,0.0,2026-02-04 00:00:00
2026-02-04 22:00:00,34.1,0.7,0.0,0.0,0.05,0.0,0.0,0.05,0.0,0.0,0.05,0.0,0.0,0.0,2026-02-04 00:00:00
2026-02-04 23:00:00,37.1,0.9,0.0,0.0,0.05,0.0,0.0,0.05,0.0,0.0,0.05,0.0,0.0,0.0,2026-02-04 00:00:00
2026-02-05 00:00:00,40.0,0.8,0.0,0.0,0.05,0.0,0.0,0.05,0.0,0.0,0.05,0.0,0.0,0.0,2026-02-04 00:00:00
2026-02-05 01:00:00,43.5,1.3,0.0,0.0,0.05,0.0,0.0,0.05,0.0,0.0,0.05,0.0,0.0,0.0,2026-02-04 00:00:00
2026-02-05 02:00:00,44.7,1.2,0.0,0.0,0.05,0.0,0.0,0.05,0.0,0.0,0.05,0.0,0.0,0.0,2026-02-04 00:00:00
2026-02-05 03:00:00,43.0,1.8,0.0,0.0,0.05,0.0,0.0,0.05,0.0,0.0,0.05,0.0,0.0,0.0,2026-02-04 00:00:00
2026-02-05 04:00:00,40.8,2.9,0.0,0.0,0.05,0.0,0.0,0.05,0.0,0.0,0.05,0.0,0.0,0.0,2026-02-04 00:00:00
2026-02-05 05:00:00,40.8,4.4,0.0,0.0,0.05,0.0,0.0,0.05,0.0,0.0,0.05,0.0,0.0,0.0,2026-02-04 00:00:00
2026-02-05 06:00:00,42.4,6.3,0.0,0.0,0.05,0.0,0.0,0.05,0.0,0.0,0.05,0.0,0.0,0.0,2026-02-04 00:00:00
2026-02-05 07:00:00,41.0,7.2,0.0,0.0,0.05,0.0,0.0,0.05,0.0,0.0,0.05,0.0,0.0,0.0,2026-02-04 00:00:00
2026-02-05 08:00:00,34.2,7.9,0.0,0.0,0.05,0.0,0.0,0.05,0.0,0.0,0.05,0.0,0.0,0.0,2026-02-04 00:00:00
2026-02-05 09:00:00,31.3,8.0,0.0,0.0,0.05,0.0,0.0,0.05,0.0,0.0,0.05,0.0,0.0,0.0,2026-02-04 00:00:00
2026-02-05 10:00:00,27.9,7.5,0.0,0.0,0.05,0.0,0.0,0.05,0.0,0.0,0.05,0.0,0.0,0.0,2026-02-04 00:00:00
2026-02-05 11:00:00,28.0,6.2,0.0,0.0,0.05,0.0,0.0,0.05,0.0,0.0,0.05,0.0,0.0,0.0,2026-02-04 00:00:00
2026-02-05 12:00:00,26.9,2.9,0.0,0.0,0.05,0.0,0.0,0.05,0.0,0.0,0.05,0.0,0.0,0.0,2026-02-04 00:00:00
2026-02-05 13:00:00,26.0,0.6,0.0,0.0,0.05,0.0,0.0,0.05,0.0,0.0,0.05,0.0,0.0,0.0,2026-02-04 00:00:00
2026-02-05 14:00:00,26.8,-0.5,0.0,0.0,0.05,0.0,0.0,0.05,0.0,0.0,0.05,0.0,0.0,0.0,2026-02-04 00:00:00
2026-02-05 15:00:00,26.5,-0.9,0.0,0.0,0.05,0.0,0.0,0.05,0.0,0.0,0.05,0.0,0.0,0.0,2026-02-04 00:00:00
2026-02-05 16:00:00,25.7,-1.2,0.0,0.0,0.05,0.0,0.0,0.05,0.0,0.0,0.05,0.0,0.0,0.0,2026-02-04 00:00:00
2026-02-05 17:00:00,25.3,-1.3,0.0,0.0,0.05,0.0,0.0,0.05,0.0,0.0,0.05,0.0,0.0,0.0,2026-02-04 00:00:00
2026-02-05 18:00:00,23.7,-1.1,0.9901475339676394,0.9401475339676394,1.0,0.9927535608820396,0.9427535608820395,1.0,0.9914505474248395,0.9414505474248395,1.0,2.4753688349190988,2.481883902205099,4.957252737124198,2026-02-04 00:00:00
2026-02-05 19:00:00,21.9,-1.6,0.998818149662574,0.9488181496625739,1.0,0.9891803597104926,0.9391803597104925,1.0,0.9939992546865333,0.9439992546865332,1.0,2.497045374156435,2.4729508992762312,4.969996273432667,2026-02-04 00:00:00
2026-02-05 20:00:00,20.8,-1.6,0.9876437194665543,0.9376437194665542,1.0,0.9264240612643648,0.8764240612643648,0.9764240612643649,0.9570338903654596,0.9070338903654596,0.9882120306321824,2.469109298666386,2.316060153160912,4.785169451827298,2026-02-04 00:00:00
2026-02-05 21:00:00,19.1,-1.6,0.9776315470719545,0.9276315470719545,1.0,0.8579088124268129,0.8079088124268129,0.907908812426813,0.9177701797493838,0.8677701797493838,0.9539544062134064,2.4440788676798864,2.144772031067032,4.588850898746919,2026-02-04 00:00:00
2026-02-05 22:00:00,19.6,-1.5,0.9776315470719545,0.9276315470719545,1.0,0.8893962488292683,0.8393962488292682,0.9393962488292683,0.9335138979506115,0.8835138979506114,0.9696981244146341,2.4440788676798864,2.2234906220731707,4.667569489753057,2026-02-04 00:00:00
2026-02-05 23:00:00,19.7,-1.3,0.9881727829650097,0.9381727829650096,1.0,0.9370010476099728,0.8870010476099728,0.9870010476099729,0.9625869152874913,0.9125869152874913,0.9935005238049864,2.470431957412524,2.3425026190249323,4.812934576437456,2026-02-04 00:00:00
2026-02-05 00:00:00,40.0,0.8,0.0,0.0,0.05,0.0,0.0,0.05,0.0,0.0,0.05,0.0,0.0,0.0,2026-02-05 00:00:00
2026-02-05 01:00:00,43.5,1.3,0.0,0.0,0.05,0.0,0.0,0.05,0.0,0.0,0.05,0.0,0.0,0.0,2026-02-05 00:00:00
2026-02-05 02:00:00,44.7,1.2,0.0,0.0,0.05,0.0,0.0,0.05,0.0,0.0,0.05,0.0,0.0,0.0,2026-02-05 00:00:00
2026-02-05 03:00:00,43.0,1.8,0.0,0.0,0.05,0.0,0.0,0.05,0.0,0.0,0.05,0.0,0.0,0.0,2026-02-05 00:00:00
2026-02-05 04:00:00,40.8,2.9,0.0,0.0,0.05,0.0,0.0,0.05,0.0,0.0,0.05,0.0,0.0,0.0,2026-02-05 00:00:00
2026-02-05 05:00:00,40.8,4.4,0.0,0.0,0.05,0.0,0.0,0.05,0.0,0.0,0.05,0.0,0.0,0.0,2026-02-05 00:00:00
2026-02-05 06:00:00,42.4,6.3,0.0,0.0,0.05,0.0,0.0,0.05,0.0,0.0,0.05,0.0,0.0,0.0,2026-02-05 00:00:00
2026-02-05 07:00:00,41.0,7.2,0.0,0.0,0.05,0.0,0.0,0.05,0.0,0.0,0.05,0.0,0.0,0.0,2026-02-05 00:00:00
2026-02-05 08:00:00,34.2,7.9,0.0,0.0,0.05,0.0,0.0,0.05,0.0,0.0,0.05,0.0,0.0,0.0,2026-02-05 00:00:00
2026-02-05 09:00:00,31.3,8.0,0.0,0.0,0.05,0.0,0.0,0.05,0.0,0.0,0.05,0.0,0.0,0.0,2026-02-05 00:00:00
2026-02-05 10:00:00,27.9,7.5,0.0,0.0,0.05,0.0,0.0,0.05,0.0,0.0,0.05,0.0,0.0,0.0,2026-02-05 00:00:00
2026-02-05 11:00:00,28.0,6.2,0.0,0.0,0.05,0.0,0.0,0.05,0.0,0.0,0.05,0.0,0.0,0.0,2026-02-05 00:00:00
2026-02-05 12:00:00,26.9,2.9,0.0,0.0,0.05,0.0,0.0,0.05,0.0,0.0,0.05,0.0,0.0,0.0,2026-02-05 00:00:00
2026-02-05 13:00:00,26.0,0.6,0.0,0.0,0.05,0.0,0.0,0.05,0.0,0.0,0.05,0.0,0.0,0.0,2026-02-05 00:00:00
2026-02-05 14:00:00,26.8,-0.5,0.0,0.0,0.05,0.0,0.0,0.05,0.0,0.0,0.05,0.0,0.0,0.0,2026-02-05 00:00:00
2026-02-05 15:00:00,26.5,-0.9,0.0,0.0,0.05,0.0,0.0,0.05,0.0,0.0,0.05,0.0,0.0,0.0,2026-02-05 00:00:00
2026-02-05 16:00:00,25.7,-1.2,0.0,0.0,0.05,0.0,0.0,0.05,0.0,0.0,0.05,0.0,0.0,0.0,2026-02-05 00:00:00
2026-02-05 17:00:00,25.3,-1.3,0.0,0.0,0.05,0.0,0.0,0.05,0.0,0.0,0.05,0.0,0.0,0.0,2026-02-05 00:00:00
2026-02-05 18:00:00,23.7,-1.1,0.9901475339676394,0.9401475339676394,1.0,0.9927535608820396,0.9427535608820395,1.0,0.9914505474248395,0.9414505474248395,1.0,2.4753688349190988,2.481883902205099,4.957252737124198,2026-02-05 00:00:00
2026-02-05 19:00:00,21.9,-1.6,0.998818149662574,0.9488181496625739,1.0,0.9891803597104926,0.9391803597104925,1.0,0.9939992546865333,0.9439992546865332,1.0,2.497045374156435,2.4729508992762312,4.969996273432667,2026-02-05 00:00:00
2026-02-05 20:00:00,20.8,-1.6,0.9876437194665543,0.9376437194665542,1.0,0.9264240612643648,0.8764240612643648,0.9764240612643649,0.9570338903654596,0.9070338903654596,0.9882120306321824,2.469109298666386,2.316060153160912,4.785169451827298,2026-02-05 00:00:00
2026-02-05 21:00:00,19.1,-1.6,0.9776315470719545,0.9276315470719545,1.0,0.8579088124268129,0.8079088124268129,0.907908812426813,0.9177701797493838,0.8677701797493838,0.9539544062134064,2.4440788676798864,2.144772031067032,4.588850898746919,2026-02-05 00:00:00
2026-02-05 22:00:00,19.6,-1.5,0.9776315470719545,0.9276315470719545,1.0,0.8893962488292683,0.8393962488292682,0.9393962488292683,0.9335138979506115,0.8835138979506114,0.9696981244146341,2.4440788676798864,2.2234906220731707,4.667569489753057,2026-02-05 00:00:00
2026-02-05 23:00:00,19.7,-1.3,0.9881727829650097,0.9381727829650096,1.0,0.9370010476099728,0.8870010476099728,0.9870010476099729,0.9625869152874913,0.9125869152874913,0.9935005238049864,2.470431957412524,2.3425026190249323,4.812934576437456,2026-02-05 00:00:00
2026-02-06 00:00:00,15.6,-1.2,1.0,0.95,1.0,1.0,0.95,1.0,1.0,0.95,1.0,2.5,2.5,5.0,2026-02-05 00:00:00
2026-02-06 01:00:00,12.7,-0.8,1.0,0.95,1.0,0.9873789912319421,0.937378991231942,1.0,0.993689495615971,0.9436894956159709,1.0,2.5,2.468447478079855,4.968447478079855,2026-02-05 00:00:00
2026-02-06 02:00:00,4.0,0.5,0.03142936047983227,0.0,0.08142936047983226,0.02723277068410967,0.0,0.07723277068410968,0.029331065581970968,0.0,0.07933106558197098,0.07857340119958067,0.06808192671027417,0.14665532790985483,2026-02-05 00:00:00
2026-02-06 03:00:00,15.6,1.4,0.9968539876862313,0.9468539876862313,1.0,0.9790060136322599,0.9290060136322599,1.0,0.9879300006592456,0.9379300006592456,1.0,2.4921349692155785,2.44751503408065,4.9396500032962285,2026-02-05 00:00:00
2026-02-06 04:00:00,19.9,2.6,1.0,0.95,1.0,0.9954647226131564,0.9454647226131564,1.0,0.9977323613065783,0.9477323613065782,1.0,2.5,2.488661806532891,4.988661806532892,2026-02-05 00:00:00
2026-02-06 05:00:00,18.5,3.9,0.9940194416689885,0.9440194416689884,1.0,0.9608461067858205,0.9108461067858205,1.0,0.9774327742274045,0.9274327742274044,1.0,2.485048604172471,2.402115266964551,4.887163871137022,2026-02-05 00:00:00
2026-02-06 06:00:00,16.6,5.5,0.9756744377506066,0.9256744377506065,1.0,0.9773996198150829,0.9273996198150829,1.0,0.9765370287828448,0.9265370287828447,1.0,2.4391860943765167,2.4434990495377074,4.882685143914224,2026-02-05 00:00:00
2026-02-06 07:00:00,16.3,6.2,0.9748236384042823,0.9248236384042823,1.0,0.9727189706543157,0.9227189706543156,1.0,0.973771304529299,0.923771304529299,1.0,2.4370590960107057,2.4317974266357893,4.868856522646495,2026-02-05 00:00:00
2026-02-06 08:00:00,21.9,6.7,0.9812124556063724,0.9312124556063723,1.0,0.9683382754398148,0.9183382754398147,1.0,0.9747753655230935,0.9247753655230935,1.0,2.453031139015931,2.420845688599537,4.873876827615468,2026-02-05 00:00:00
2026-02-06 09:00:00,39.2,6.9,0.0,0.0,0.05,0.0,0.0,0.05,0.0,0.0,0.05,0.0,0.0,0.0,2026-02-05 00:00:00
2026-02-06 10:00:00,46.5,5.9,0.0,0.0,0.05,0.0,0.0,0.05,0.0,0.0,0.05,0.0,0.0,0.0,2026-02-05 00:00:00
2026-02-06 11:00:00,54.5,4.6,0.0,0.0,0.05,0.0,0.0,0.05,0.0,0.0,0.05,0.0,0.0,0.0,2026-02-05 00:00:00
2026-02-06 12:00:00,49.5,3.8,0.0,0.0,0.05,0.0,0.0,0.05,0.0,0.0,0.05,0.0,0.0,0.0,2026-02-05 00:00:00
2026-02-06 13:00:00,47.1,2.7,0.0,0.0,0.05,0.0,0.0,0.05,0.0,0.0,0.05,0.0,0.0,0.0,2026-02-05 00:00:00
2026-02-06 14:00:00,46.9,0.8,0.0,0.0,0.05,0.0,0.0,0.05,0.0,0.0,0.05,0.0,0.0,0.0,2026-02-05 00:00:00
2026-02-06 15:00:00,43.7,0.4,0.0,0.0,0.05,0.0,0.0,0.05,0.0,0.0,0.05,0.0,0.0,0.0,2026-02-05 00:00:00
2026-02-06 16:00:00,43.1,0.6,0.0,0.0,0.05,0.0,0.0,0.05,0.0,0.0,0.05,0.0,0.0,0.0,2026-02-05 00:00:00
2026-02-06 17:00:00,44.0,0.8,0.0,0.0,0.05,0.0,0.0,0.05,0.0,0.0,0.05,0.0,0.0,0.0,2026-02-05 00:00:00
2026-02-06 18:00:00,38.2,0.5,0.0,0.0,0.05,0.0,0.0,0.05,0.0,0.0,0.05,0.0,0.0,0.0,2026-02-05 00:00:00
2026-02-06 19:00:00,32.7,0.1,0.0,0.0,0.05,0.0,0.0,0.05,0.0,0.0,0.05,0.0,0.0,0.0,2026-02-05 00:00:00
2026-02-06 20:00:00,28.5,-0.1,0.0,0.0,0.05,0.0,0.0,0.05,0.0,0.0,0.05,0.0,0.0,0.0,2026-02-05 00:00:00
2026-02-06 21:00:00,26.4,-0.2,0.0,0.0,0.05,0.0,0.0,0.05,0.0,0.0,0.05,0.0,0.0,0.0,2026-02-05 00:00:00
2026-02-06 22:00:00,24.3,-0.4,0.0,0.0,0.05,0.0,0.0,0.05,0.0,0.0,0.05,0.0,0.0,0.0,2026-02-05 00:00:00
2026-02-06 23:00:00,19.1,-0.4,0.9737242918646541,0.9237242918646541,1.0,0.9265411332500346,0.8765411332500346,0.9765411332500347,0.9501327125573444,0.9001327125573444,0.9882705666250173,2.4343107296616355,2.3163528331250864,4.750663562786722,2026-02-05 00:00:00
2026-02-06 00:00:00,15.6,-1.2,1.0,0.95,1.0,1.0,0.95,1.0,1.0,0.95,1.0,2.5,2.5,5.0,2026-02-06 00:00:00
2026-02-06 01:00:00,12.7,-0.8,1.0,0.95,1.0,0.9873789912319421,0.937378991231942,1.0,0.993689495615971,0.9436894956159709,1.0,2.5,2.468447478079855,4.968447478079855,2026-02-06 00:00:00
2026-02-06 02:00:00,4.0,0.5,0.03142936047983227,0.0,0.08142936047983226,0.02723277068410967,0.0,0.07723277068410968,0.029331065581970968,0.0,0.07933106558197098,0.07857340119958067,0.06808192671027417,0.14665532790985483,2026-02-06 00:00:00
2026-02-06 03:00:00,15.6,1.4,0.9968539876862313,0.9468539876862313,1.0,0.9790060136322599,0.9290060136322599,1.0,0.9879300006592456,0.9379300006592456,1.0,2.4921349692155785,2.44751503408065,4.9396500032962285,2026-02-06 00:00:00
2026-02-06 04:00:00,19.9,2.6,1.0,0.95,1.0,0.9954647226131564,0.9454647226131564,1.0,0.9977323613065783,0.9477323613065782,1.0,2.5,2.488661806532891,4.988661806532892,2026-02-06 00:00:00
2026-02-06 05:00:00,18.5,3.9,0.9940194416689885,0.9440194416689884,1.0,0.9608461067858205,0.9108461067858205,1.0,0.9774327742274045,0.9274327742274044,1.0,2.485048604172471,2.402115266964551,4.887163871137022,2026-02-06 00:00:00
2026-02-06 06:00:00,16.6,5.5,0.9756744377506066,0.9256744377506065,1.0,0.9773996198150829,0.9273996198150829,1.0,0.9765370287828448,0.9265370287828447,1.0,2.4391860943765167,2.4434990495377074,4.882685143914224,2026-02-06 00:00:00
2026-02-06 07:00:00,16.3,6.2,0.9748236384042823,0.9248236384042823,1.0,0.9727189706543157,0.9227189706543156,1.0,0.973771304529299,0.923771304529299,1.0,2.4370590960107057,2.4317974266357893,4.868856522646495,2026-02-06 00:00:00
2026-02-06 08:00:00,21.9,6.7,0.9812124556063724,0.9312124556063723,1.0,0.9683382754398148,0.9183382754398147,1.0,0.9747753655230935,0.9247753655230935,1.0,2.453031139015931,2.420845688599537,4.873876827615468,2026-02-06 00:00:00
2026-02-06 09:00:00,39.2,6.9,0.0,0.0,0.05,0.0,0.0,0.05,0.0,0.0,0.05,0.0,0.0,0.0,2026-02-06 00:00:00
2026-02-06 10:00:00,46.5,5.9,0.0,0.0,0.05,0.0,0.0,0.05,0.0,0.0,0.05,0.0,0.0,0.0,2026-02-06 00:00:00
2026-02-06 11:00:00,54.5,4.6,0.0,0.0,0.05,0.0,0.0,0.05,0.0,0.0,0.05,0.0,0.0,0.0,2026-02-06 00:00:00
2026-02-06 12:00:00,49.5,3.8,0.0,0.0,0.05,0.0,0.0,0.05,0.0,0.0,0.05,0.0,0.0,0.0,2026-02-06 00:00:00
2026-02-06 13:00:00,47.1,2.7,0.0,0.0,0.05,0.0,0.0,0.05,0.0,0.0,0.05,0.0,0.0,0.0,2026-02-06 00:00:00
2026-02-06 14:00:00,46.9,0.8,0.0,0.0,0.05,0.0,0.0,0.05,0.0,0.0,0.05,0.0,0.0,0.0,2026-02-06 00:00:00
2026-02-06 15:00:00,43.7,0.4,0.0,0.0,0.05,0.0,0.0,0.05,0.0,0.0,0.05,0.0,0.0,0.0,2026-02-06 00:00:00
2026-02-06 16:00:00,43.1,0.6,0.0,0.0,0.05,0.0,0.0,0.05,0.0,0.0,0.05,0.0,0.0,0.0,2026-02-06 00:00:00
2026-02-06 17:00:00,44.0,0.8,0.0,0.0,0.05,0.0,0.0,0.05,0.0,0.0,0.05,0.0,0.0,0.0,2026-02-06 00:00:00
2026-02-06 18:00:00,38.2,0.5,0.0,0.0,0.05,0.0,0.0,0.05,0.0,0.0,0.05,0.0,0.0,0.0,2026-02-06 00:00:00
2026-02-06 19:00:00,32.7,0.1,0.0,0.0,0.05,0.0,0.0,0.05,0.0,0.0,0.05,0.0,0.0,0.0,2026-02-06 00:00:00
2026-02-06 20:00:00,28.5,-0.1,0.0,0.0,0.05,0.0,0.0,0.05,0.0,0.0,0.05,0.0,0.0,0.0,2026-02-06 00:00:00
2026-02-06 21:00:00,26.4,-0.2,0.0,0.0,0.05,0.0,0.0,0.05,0.0,0.0,0.05,0.0,0.0,0.0,2026-02-06 00:00:00
2026-02-06 22:00:00,24.3,-0.4,0.0,0.0,0.05,0.0,0.0,0.05,0.0,0.0,0.05,0.0,0.0,0.0,2026-02-06 00:00:00
2026-02-06 23:00:00,19.1,-0.4,0.9737242918646541,0.9237242918646541,1.0,0.9265411332500346,0.8765411332500346,0.9765411332500347,0.9501327125573444,0.9001327125573444,0.9882705666250173,2.4343107296616355,2.3163528331250864,4.750663562786722,2026-02-06 00:00:00
2026-02-07 00:00:00,17.6,-0.7,0.9964941165399799,0.9464941165399798,1.0,1.0,0.95,1.0,0.9982470582699899,0.9482470582699899,1.0,2.4912352913499496,2.5,4.99123529134995,2026-02-06 00:00:00
2026-02-07 01:00:00,1.5,-2.2,0.0,0.0,0.05,0.0,0.0,0.05,0.0,0.0,0.05,0.0,0.0,0.0,2026-02-06 00:00:00
2026-02-07 02:00:00,10.4,-3.1,0.9285254554009249,0.8785254554009249,0.978525455400925,0.8582133561437599,0.8082133561437599,0.90821335614376,0.8933694057723425,0.8433694057723424,0.9433694057723425,2.3213136385023123,2.1455333903594,4.466847028861713,2026-02-06 00:00:00
2026-02-07 03:00:00,14.8,-1.4,0.9981265808028377,0.9481265808028376,1.0,0.9656898642699634,0.9156898642699633,1.0,0.9819082225364005,0.9319082225364005,1.0,2.4953164520070943,2.4142246606749085,4.909541112682002,2026-02-06 00:00:00
2026-02-07 04:00:00,17.3,0.5,1.0,0.95,1.0,0.9791892437009905,0.9291892437009904,1.0,0.9895946218504952,0.9395946218504951,1.0,2.5,2.447973109252476,4.947973109252476,2026-02-06 00:00:00
2026-02-07 05:00:00,22.8,1.5,1.0,0.95,1.0,0.9849218519860317,0.9349218519860316,1.0,0.9924609259930158,0.9424609259930158,1.0,2.5,2.4623046299650793,4.962304629965079,2026-02-06 00:00:00
2026-02-07 06:00:00,26.9,2.5,0.0,0.0,0.05,0.0,0.0,0.05,0.0,0.0,0.05,0.0,0.0,0.0,2026-02-06 00:00:00
2026-02-07 07:00:00,23.9,3.0,1.0,0.95,1.0,1.0,0.95,1.0,1.0,0.95,1.0,2.5,2.5,5.0,2026-02-06 00:00:00
2026-02-07 08:00:00,23.4,3.4,1.0,0.95,1.0,0.9996364983964574,0.9496364983964574,1.0,0.9998182491982287,0.9498182491982287,1.0,2.5,2.4990912459911434,4.999091245991144,2026-02-06 00:00:00
2026-02-07 09:00:00,18.5,4.0,1.0,0.95,1.0,0.9807776298992285,0.9307776298992284,1.0,0.9903888149496143,0.9403888149496142,1.0,2.5,2.451944074748071,4.951944074748072,2026-02-06 00:00:00
2026-02-07 10:00:00,16.6,3.6,0.997776083316433,0.9477760833164329,1.0,0.9947726011667961,0.9447726011667961,1.0,0.9962743422416145,0.9462743422416144,1.0,2.4944402082910826,2.48693150291699,4.981371711208072,2026-02-06 00:00:00
2026-02-07 11:00:00,14.3,2.2,0.9455211209003868,0.8955211209003867,0.9955211209003868,0.9519819665198571,0.9019819665198571,1.0,0.9487515437101219,0.8987515437101219,0.9977605604501933,2.3638028022509667,2.379954916299643,4.74375771855061,2026-02-06 00:00:00
2026-02-07 12:00:00,19.6,0.9,0.9868668765793398,0.9368668765793398,1.0,0.9681646683048962,0.9181646683048962,1.0,0.977515772442118,0.9275157724421179,1.0,2.4671671914483495,2.4204116707622405,4.88757886221059,2026-02-06 00:00:00
2026-02-07 13:00:00,22.8,0.3,0.990283383294773,0.9402833832947729,1.0,0.9764247032365967,0.9264247032365966,1.0,0.9833540432656849,0.9333540432656848,1.0,2.4757084582369324,2.4410617580914917,4.916770216328424,2026-02-06 00:00:00
2026-02-07 14:00:00,24.5,0.2,0.0,0.0,0.05,0.0,0.0,0.05,0.0,0.0,0.05,0.0,0.0,0.0,2026-02-06 00:00:00
2026-02-07 15:00:00,24.0,-0.1,0.9978541522927586,0.9478541522927586,1.0,0.9861601975982776,0.9361601975982775,1.0,0.9920071749455182,0.9420071749455181,1.0,2.4946353807318964,2.465400493995694,4.960035874727591,2026-02-06 00:00:00
2026-02-07 16:00:00,26.4,-0.5,0.0,0.0,0.05,0.0,0.0,0.05,0.0,0.0,0.05,0.0,0.0,0.0,2026-02-06 00:00:00
2026-02-07 17:00:00,28.8,-0.8,0.0,0.0,0.05,0.0,0.0,0.05,0.0,0.0,0.05,0.0,0.0,0.0,2026-02-06 00:00:00
2026-02-07 18:00:00,30.6,-0.7,0.0,0.0,0.05,0.0,0.0,0.05,0.0,0.0,0.05,0.0,0.0,0.0,2026-02-06 00:00:00
2026-02-07 19:00:00,28.9,-1.0,0.0,0.0,0.05,0.0,0.0,0.05,0.0,0.0,0.05,0.0,0.0,0.0,2026-02-06 00:00:00
2026-02-07 20:00:00,27.9,-1.2,0.0,0.0,0.05,0.0,0.0,0.05,0.0,0.0,0.05,0.0,0.0,0.0,2026-02-06 00:00:00
2026-02-07 21:00:00,30.7,-1.5,0.0,0.0,0.05,0.0,0.0,0.05,0.0,0.0,0.05,0.0,0.0,0.0,2026-02-06 00:00:00
2026-02-07 22:00:00,35.8,-1.5,0.0,0.0,0.05,0.0,0.0,0.05,0.0,0.0,0.05,0.0,0.0,0.0,2026-02-06 00:00:00
2026-02-07 23:00:00,33.7,-1.0,0.0,0.0,0.05,0.0,0.0,0.05,0.0,0.0,0.05,0.0,0.0,0.0,2026-02-06 00:00:00
2026-02-07 00:00:00,17.6,-0.7,0.9964941165399799,0.9464941165399798,1.0,1.0,0.95,1.0,0.9982470582699899,0.9482470582699899,1.0,2.4912352913499496,2.5,4.99123529134995,2026-02-07 00:00:00
2026-02-07 01:00:00,1.5,-2.2,0.0,0.0,0.05,0.0,0.0,0.05,0.0,0.0,0.05,0.0,0.0,0.0,2026-02-07 00:00:00
2026-02-07 02:00:00,10.4,-3.1,0.9285254554009249,0.8785254554009249,0.978525455400925,0.8582133561437599,0.8082133561437599,0.90821335614376,0.8933694057723425,0.8433694057723424,0.9433694057723425,2.3213136385023123,2.1455333903594,4.466847028861713,2026-02-07 00:00:00
2026-02-07 03:00:00,14.8,-1.4,0.9981265808028377,0.9481265808028376,1.0,0.9656898642699634,0.9156898642699633,1.0,0.9819082225364005,0.9319082225364005,1.0,2.4953164520070943,2.4142246606749085,4.909541112682002,2026-02-07 00:00:00
2026-02-07 04:00:00,17.3,0.5,1.0,0.95,1.0,0.9791892437009905,0.9291892437009904,1.0,0.9895946218504952,0.9395946218504951,1.0,2.5,2.447973109252476,4.947973109252476,2026-02-07 00:00:00
2026-02-07 05:00:00,22.8,1.5,1.0,0.95,1.0,0.9849218519860317,0.9349218519860316,1.0,0.9924609259930158,0.9424609259930158,1.0,2.5,2.4623046299650793,4.962304629965079,2026-02-07 00:00:00
2026-02-07 06:00:00,26.9,2.5,0.0,0.0,0.05,0.0,0.0,0.05,0.0,0.0,0.05,0.0,0.0,0.0,2026-02-07 00:00:00
2026-02-07 07:00:00,23.9,3.0,1.0,0.95,1.0,1.0,0.95,1.0,1.0,0.95,1.0,2.5,2.5,5.0,2026-02-07 00:00:00
2026-02-07 08:00:00,23.4,3.4,1.0,0.95,1.0,0.9996364983964574,0.9496364983964574,1.0,0.9998182491982287,0.9498182491982287,1.0,2.5,2.4990912459911434,4.999091245991144,2026-02-07 00:00:00
2026-02-07 09:00:00,18.5,4.0,1.0,0.95,1.0,0.9807776298992285,0.9307776298992284,1.0,0.9903888149496143,0.9403888149496142,1.0,2.5,2.451944074748071,4.951944074748072,2026-02-07 00:00:00
2026-02-07 10:00:00,16.6,3.6,0.997776083316433,0.9477760833164329,1.0,0.9947726011667961,0.9447726011667961,1.0,0.9962743422416145,0.9462743422416144,1.0,2.4944402082910826,2.48693150291699,4.981371711208072,2026-02-07 00:00:00
2026-02-07 11:00:00,14.3,2.2,0.9455211209003868,0.8955211209003867,0.9955211209003868,0.9519819665198571,0.9019819665198571,1.0,0.9487515437101219,0.8987515437101219,0.9977605604501933,2.3638028022509667,2.379954916299643,4.74375771855061,2026-02-07 00:00:00
2026-02-07 12:00:00,19.6,0.9,0.9868668765793398,0.9368668765793398,1.0,0.9681646683048962,0.9181646683048962,1.0,0.977515772442118,0.9275157724421179,1.0,2.4671671914483495,2.4204116707622405,4.88757886221059,2026-02-07 00:00:00
2026-02-07 13:00:00,22.8,0.3,0.990283383294773,0.9402833832947729,1.0,0.9764247032365967,0.9264247032365966,1.0,0.9833540432656849,0.9333540432656848,1.0,2.4757084582369324,2.4410617580914917,4.916770216328424,2026-02-07 00:00:00
2026-02-07 14:00:00,24.5,0.2,0.0,0.0,0.05,0.0,0.0,0.05,0.0,0.0,0.05,0.0,0.0,0.0,2026-02-07 00:00:00
2026-02-07 15:00:00,24.0,-0.1,0.9978541522927586,0.9478541522927586,1.0,0.9861601975982776,0.9361601975982775,1.0,0.9920071749455182,0.9420071749455181,1.0,2.4946353807318964,2.465400493995694,4.960035874727591,2026-02-07 00:00:00
2026-02-07 16:00:00,26.4,-0.5,0.0,0.0,0.05,0.0,0.0,0.05,0.0,0.0,0.05,0.0,0.0,0.0,2026-02-07 00:00:00
2026-02-07 17:00:00,28.8,-0.8,0.0,0.0,0.05,0.0,0.0,0.05,0.0,0.0,0.05,0.0,0.0,0.0,2026-02-07 00:00:00
2026-02-07 18:00:00,30.6,-0.7,0.0,0.0,0.05,0.0,0.0,0.05,0.0,0.0,0.05,0.0,0.0,0.0,2026-02-07 00:00:00
2026-02-07 19:00:00,28.9,-1.0,0.0,0.0,0.05,0.0,0.0,0.05,0.0,0.0,0.05,0.0,0.0,0.0,2026-02-07 00:00:00
2026-02-07 20:00:00,27.9,-1.2,0.0,0.0,0.05,0.0,0.0,0.05,0.0,0.0,0.05,0.0,0.0,0.0,2026-02-07 00:00:00
2026-02-07 21:00:00,30.7,-1.5,0.0,0.0,0.05,0.0,0.0,0.05,0.0,0.0,0.05,0.0,0.0,0.0,2026-02-07 00:00:00
2026-02-07 22:00:00,35.8,-1.5,0.0,0.0,0.05,0.0,0.0,0.05,0.0,0.0,0.05,0.0,0.0,0.0,2026-02-07 00:00:00
2026-02-07 23:00:00,33.7,-1.0,0.0,0.0,0.05,0.0,0.0,0.05,0.0,0.0,0.05,0.0,0.0,0.0,2026-02-07 00:00:00
2026-02-08 00:00:00,31.3,-0.8,0.0,0.0,0.05,0.0,0.0,0.05,0.0,0.0,0.05,0.0,0.0,0.0,2026-02-07 00:00:00
2026-02-08 01:00:00,28.6,-0.6,0.0,0.0,0.05,0.0,0.0,0.05,0.0,0.0,0.05,0.0,0.0,0.0,2026-02-07 00:00:00
2026-02-08 02:00:00,21.6,-0.6,0.9948938249865544,0.9448938249865544,1.0,0.9923829900535994,0.9423829900535994,1.0,0.9936384075200769,0.9436384075200769,1.0,2.4872345624663863,2.4809574751339984,4.968192037600384,2026-02-07 00:00:00
2026-02-08 03:00:00,16.1,-0.6,0.9936572707511276,0.9436572707511276,1.0,0.9893412072785802,0.9393412072785802,1.0,0.9914992390148539,0.9414992390148539,1.0,2.484143176877819,2.4733530181964505,4.9574961950742695,2026-02-07 00:00:00
2026-02-08 04:00:00,9.9,0.1,0.8449264445914398,0.7949264445914398,0.8949264445914399,0.804545106258853,0.754545106258853,0.854545106258853,0.8247357754251464,0.7747357754251464,0.8747357754251465,2.1123161114785995,2.0113627656471325,4.123678877125732,2026-02-07 00:00:00
2026-02-08 05:00:00,6.5,0.5,0.2628986980436593,0.2128986980436593,0.3128986980436593,0.23250347361362717,0.18250347361362718,0.28250347361362715,0.24770108582864322,0.19770108582864324,0.2977010858286432,0.6572467451091482,0.5812586840340679,1.238505429143216,2026-02-07 00:00:00
2026-02-08 06:00:00,4.1,3.2,0.04163696524677519,0.0,0.0916369652467752,0.03577028725865884,0.0,0.08577028725865884,0.03870362625271702,0.0,0.08870362625271702,0.10409241311693797,0.0894257181466471,0.19351813126358508,2026-02-07 00:00:00
2026-02-08 07:00:00,6.1,3.6,0.21916798783820393,0.16916798783820391,0.26916798783820395,0.19405502579131645,0.14405502579131646,0.24405502579131644,0.2066115068147602,0.1566115068147602,0.2566115068147602,0.5479199695955098,0.48513756447829115,1.033057534073801,2026-02-07 00:00:00
2026-02-08 08:00:00,13.5,4.3,1.0,0.95,1.0,0.9812243250262627,0.9312243250262626,1.0,0.9906121625131313,0.9406121625131313,1.0,2.5,2.453060812565657,4.953060812565656,2026-02-07 00:00:00
2026-02-08 09:00:00,21.4,4.3,1.0,0.95,1.0,1.0,0.95,1.0,1.0,0.95,1.0,2.5,2.5,5.0,2026-02-07 00:00:00
2026-02-08 10:00:00,29.0,3.9,0.0,0.0,0.05,0.0,0.0,0.05,0.0,0.0,0.05,0.0,0.0,0.0,2026-02-07 00:00:00
2026-02-08 11:00:00,34.0,2.8,0.0,0.0,0.05,0.0,0.0,0.05,0.0,0.0,0.05,0.0,0.0,0.0,2026-02-07 00:00:00
2026-02-08 12:00:00,38.3,0.8,0.0,0.0,0.05,0.0,0.0,0.05,0.0,0.0,0.05,0.0,0.0,0.0,2026-02-07 00:00:00
2026-02-08 13:00:00,39.0,-0.6,0.0,0.0,0.05,0.0,0.0,0.05,0.0,0.0,0.05,0.0,0.0,0.0,2026-02-07 00:00:00
2026-02-08 14:00:00,41.2,-1.0,0.0,0.0,0.05,0.0,0.0,0.05,0.0,0.0,0.05,0.0,0.0,0.0,2026-02-07 00:00:00
2026-02-08 15:00:00,42.7,-0.4,0.0,0.0,0.05,0.0,0.0,0.05,0.0,0.0,0.05,0.0,0.0,0.0,2026-02-07 00:00:00
2026-02-08 16:00:00,43.1,-0.9,0.0,0.0,0.05,0.0,0.0,0.05,0.0,0.0,0.05,0.0,0.0,0.0,2026-02-07 00:00:00
2026-02-08 17:00:00,44.8,-1.3,0.0,0.0,0.05,0.0,0.0,0.05,0.0,0.0,0.05,0.0,0.0,0.0,2026-02-07 00:00:00
2026-02-08 18:00:00,47.9,-0.9,0.0,0.0,0.05,0.0,0.0,0.05,0.0,0.0,0.05,0.0,0.0,0.0,2026-02-07 00:00:00
2026-02-08 19:00:00,43.9,-1.0,0.0,0.0,0.05,0.0,0.0,0.05,0.0,0.0,0.05,0.0,0.0,0.0,2026-02-07 00:00:00
2026-02-08 20:00:00,43.9,-1.1,0.0,0.0,0.05,0.0,0.0,0.05,0.0,0.0,0.05,0.0,0.0,0.0,2026-02-07 00:00:00
2026-02-08 21:00:00,43.6,-1.1,0.0,0.0,0.05,0.0,0.0,0.05,0.0,0.0,0.05,0.0,0.0,0.0,2026-02-07 00:00:00
2026-02-08 22:00:00,42.3,-1.2,0.0,0.0,0.05,0.0,0.0,0.05,0.0,0.0,0.05,0.0,0.0,0.0,2026-02-07 00:00:00
2026-02-08 23:00:00,41.7,-1.4,0.0,0.0,0.05,0.0,0.0,0.05,0.0,0.0,0.05,0.0,0.0,0.0,2026-02-07 00:00:00
2026-02-08 00:00:00,31.3,-0.8,0.0,0.0,0.05,0.0,0.0,0.05,0.0,0.0,0.05,0.0,0.0,0.0,2026-02-08 00:00:00
2026-02-08 01:00:00,28.6,-0.6,0.0,0.0,0.05,0.0,0.0,0.05,0.0,0.0,0.05,0.0,0.0,0.0,2026-02-08 00:00:00
2026-02-08 02:00:00,21.6,-0.6,0.9948938249865544,0.9448938249865544,1.0,0.9923829900535994,0.9423829900535994,1.0,0.9936384075200769,0.9436384075200769,1.0,2.4872345624663863,2.4809574751339984,4.968192037600384,2026-02-08 00:00:00
2026-02-08 03:00:00,16.1,-0.6,0.9936572707511276,0.9436572707511276,1.0,0.9893412072785802,0.9393412072785802,1.0,0.9914992390148539,0.9414992390148539,1.0,2.484143176877819,2.4733530181964505,4.9574961950742695,2026-02-08 00:00:00
2026-02-08 04:00:00,9.9,0.1,0.8449264445914398,0.7949264445914398,0.8949264445914399,0.804545106258853,0.754545106258853,0.854545106258853,0.8247357754251464,0.7747357754251464,0.8747357754251465,2.1123161114785995,2.0113627656471325,4.123678877125732,2026-02-08 00:00:00
2026-02-08 05:00:00,6.5,0.5,0.2628986980436593,0.2128986980436593,0.3128986980436593,0.23250347361362717,0.18250347361362718,0.28250347361362715,0.24770108582864322,0.19770108582864324,0.2977010858286432,0.6572467451091482,0.5812586840340679,1.238505429143216,2026-02-08 00:00:00
2026-02-08 06:00:00,4.1,3.2,0.04163696524677519,0.0,0.0916369652467752,0.03577028725865884,0.0,0.08577028725865884,0.03870362625271702,0.0,0.08870362625271702,0.10409241311693797,0.0894257181466471,0.19351813126358508,2026-02-08 00:00:00
2026-02-08 07:00:00,6.1,3.6,0.21916798783820393,0.16916798783820391,0.26916798783820395,0.19405502579131645,0.14405502579131646,0.24405502579131644,0.2066115068147602,0.1566115068147602,0.2566115068147602,0.5479199695955098,0.48513756447829115,1.033057534073801,2026-02-08 00:00:00
2026-02-08 08:00:00,13.5,4.3,1.0,0.95,1.0,0.9812243250262627,0.9312243250262626,1.0,0.9906121625131313,0.9406121625131313,1.0,2.5,2.453060812565657,4.953060812565656,2026-02-08 00:00:00
2026-02-08 09:00:00,21.4,4.3,1.0,0.95,1.0,1.0,0.95,1.0,1.0,0.95,1.0,2.5,2.5,5.0,2026-02-08 00:00:00
2026-02-08 10:00:00,29.0,3.9,0.0,0.0,0.05,0.0,0.0,0.05,0.0,0.0,0.05,0.0,0.0,0.0,2026-02-08 00:00:00
2026-02-08 11:00:00,34.0,2.8,0.0,0.0,0.05,0.0,0.0,0.05,0.0,0.0,0.05,0.0,0.0,0.0,2026-02-08 00:00:00
2026-02-08 12:00:00,38.3,0.8,0.0,0.0,0.05,0.0,0.0,0.05,0.0,0.0,0.05,0.0,0.0,0.0,2026-02-08 00:00:00
2026-02-08 13:00:00,39.0,-0.6,0.0,0.0,0.05,0.0,0.0,0.05,0.0,0.0,0.05,0.0,0.0,0.0,2026-02-08 00:00:00
2026-02-08 14:00:00,41.2,-1.0,0.0,0.0,0.05,0.0,0.0,0.05,0.0,0.0,0.05,0.0,0.0,0.0,2026-02-08 00:00:00
2026-02-08 15:00:00,42.7,-0.4,0.0,0.0,0.05,0.0,0.0,0.05,0.0,0.0,0.05,0.0,0.0,0.0,2026-02-08 00:00:00
2026-02-08 16:00:00,43.1,-0.9,0.0,0.0,0.05,0.0,0.0,0.05,0.0,0.0,0.05,0.0,0.0,0.0,2026-02-08 00:00:00
2026-02-08 17:00:00,44.8,-1.3,0.0,0.0,0.05,0.0,0.0,0.05,0.0,0.0,0.05,0.0,0.0,0.0,2026-02-08 00:00:00
2026-02-08 18:00:00,47.9,-0.9,0.0,0.0,0.05,0.0,0.0,0.05,0.0,0.0,0.05,0.0,0.0,0.0,2026-02-08 00:00:00
2026-02-08 19:00:00,43.9,-1.0,0.0,0.0,0.05,0.0,0.0,0.05,0.0,0.0,0.05,0.0,0.0,0.0,2026-02-08 00:00:00
2026-02-08 20:00:00,43.9,-1.1,0.0,0.0,0.05,0.0,0.0,0.05,0.0,0.0,0.05,0.0,0.0,0.0,2026-02-08 00:00:00
2026-02-08 21:00:00,43.6,-1.1,0.0,0.0,0.05,0.0,0.0,0.05,0.0,0.0,0.05,0.0,0.0,0.0,2026-02-08 00:00:00
2026-02-08 22:00:00,42.3,-1.2,0.0,0.0,0.05,0.0,0.0,0.05,0.0,0.0,0.05,0.0,0.0,0.0,2026-02-08 00:00:00
2026-02-08 23:00:00,41.7,-1.4,0.0,0.0,0.05,0.0,0.0,0.05,0.0,0.0,0.05,0.0,0.0,0.0,2026-02-08 00:00:00
2026-02-09 00:00:00,38.7,-1.9,0.0,0.0,0.05,0.0,0.0,0.05,0.0,0.0,0.05,0.0,0.0,0.0,2026-02-08 00:00:00
2026-02-09 01:00:00,35.4,-2.8,0.0,0.0,0.05,0.0,0.0,0.05,0.0,0.0,0.05,0.0,0.0,0.0,2026-02-08 00:00:00
2026-02-09 02:00:00,36.3,-2.9,0.0,0.0,0.05,0.0,0.0,0.05,0.0,0.0,0.05,0.0,0.0,0.0,2026-02-08 00:00:00
2026-02-09 03:00:00,35.5,-2.2,0.0,0.0,0.05,0.0,0.0,0.05,0.0,0.0,0.05,0.0,0.0,0.0,2026-02-08 00:00:00
2026-02-09 04:00:00,34.6,0.3,0.0,0.0,0.05,0.0,0.0,0.05,0.0,0.0,0.05,0.0,0.0,0.0,2026-02-08 00:00:00
2026-02-09 05:00:00,33.4,3.1,0.0,0.0,0.05,0.0,0.0,0.05,0.0,0.0,0.05,0.0,0.0,0.0,2026-02-08 00:00:00
2026-02-09 06:00:00,32.7,4.7,0.0,0.0,0.05,0.0,0.0,0.05,0.0,0.0,0.05,0.0,0.0,0.0,2026-02-08 00:00:00
2026-02-09 07:00:00,34.8,5.9,0.0,0.0,0.05,0.0,0.0,0.05,0.0,0.0,0.05,0.0,0.0,0.0,2026-02-08 00:00:00
2026-02-09 08:00:00,34.5,6.7,0.0,0.0,0.05,0.0,0.0,0.05,0.0,0.0,0.05,0.0,0.0,0.0,2026-02-08 00:00:00
2026-02-09 09:00:00,31.9,6.9,0.0,0.0,0.05,0.0,0.0,0.05,0.0,0.0,0.05,0.0,0.0,0.0,2026-02-08 00:00:00
2026-02-09 10:00:00,29.6,6.5,0.0,0.0,0.05,0.0,0.0,0.05,0.0,0.0,0.05,0.0,0.0,0.0,2026-02-08 00:00:00
2026-02-09 11:00:00,28.6,5.4,0.0,0.0,0.05,0.0,0.0,0.05,0.0,0.0,0.05,0.0,0.0,0.0,2026-02-08 00:00:00
2026-02-09 12:00:00,28.6,2.4,0.0,0.0,0.05,0.0,0.0,0.05,0.0,0.0,0.05,0.0,0.0,0.0,2026-02-08 00:00:00
2026-02-09 13:00:00,25.3,0.4,0.0,0.0,0.05,0.0,0.0,0.05,0.0,0.0,0.05,0.0,0.0,0.0,2026-02-08 00:00:00
2026-02-09 14:00:00,23.4,-0.6,0.9651886510916966,0.9151886510916966,1.0,0.9074996353939283,0.8574996353939283,0.9574996353939283,0.9363441432428125,0.8863441432428124,0.9787498176969642,2.4129716277292417,2.268749088484821,4.681720716214063,2026-02-08 00:00:00
2026-02-09 15:00:00,20.0,-1.4,0.994447651264275,0.944447651264275,1.0,0.9821317100664039,0.9321317100664038,1.0,0.9882896806653394,0.9382896806653394,1.0,2.486119128160688,2.45532927516601,4.941448403326697,2026-02-08 00:00:00
2026-02-09 16:00:00,21.3,-0.7,0.924521037430555,0.874521037430555,0.9745210374305551,0.9251693650947284,0.8751693650947283,0.9751693650947284,0.9248452012626417,0.8748452012626416,0.9748452012626417,2.3113025935763876,2.312923412736821,4.624226006313209,2026-02-08 00:00:00
2026-02-09 17:00:00,15.2,-0.6,0.931193877835279,0.8811938778352789,0.981193877835279,0.8880115378738053,0.8380115378738052,0.9380115378738053,0.9096027078545421,0.8596027078545421,0.9596027078545422,2.3279846945881975,2.220028844684513,4.548013539272711,2026-02-08 00:00:00
2026-02-09 18:00:00,12.0,0.6,0.9924864167141005,0.9424864167141005,1.0,0.9764594981681575,0.9264594981681574,1.0,0.9844729574411291,0.934472957441129,1.0,2.4812160417852516,2.4411487454203935,4.9223647872056455,2026-02-08 00:00:00
2026-02-09 19:00:00,18.1,0.5,0.9662180239150612,0.9162180239150611,1.0,0.9407929299425114,0.8907929299425114,0.9907929299425114,0.9535054769287863,0.9035054769287862,0.9953964649712557,2.415545059787653,2.3519823248562783,4.767527384643931,2026-02-08 00:00:00
2026-02-09 20:00:00,24.3,0.4,0.0,0.0,0.05,0.0,0.0,0.05,0.0,0.0,0.05,0.0,0.0,0.0,2026-02-08 00:00:00
2026-02-09 21:00:00,20.4,-0.7,0.8977289031167135,0.8477289031167135,0.9477289031167135,0.8107697987762574,0.7607697987762574,0.8607697987762575,0.8542493509464855,0.8042493509464854,0.9042493509464855,2.244322257791784,2.0269244969406435,4.271246754732427,2026-02-08 00:00:00
2026-02-09 22:00:00,16.4,-0.5,0.8977289031167135,0.8477289031167135,0.9477289031167135,0.8111352403497821,0.7611352403497821,0.8611352403497822,0.8544320717332479,0.8044320717332478,0.9044320717332479,2.244322257791784,2.0278381008744555,4.272160358666239,2026-02-08 00:00:00
2026-02-09 23:00:00,18.7,0.1,0.9242217001775571,0.8742217001775571,0.9742217001775572,0.864328235189524,0.8143282351895239,0.914328235189524,0.8942749676835405,0.8442749676835405,0.9442749676835406,2.310554250443893,2.16082058797381,4.471374838417702,2026-02-08 00:00:00
2026-02-09 00:00:00,38.7,-1.9,0.0,0.0,0.05,0.0,0.0,0.05,0.0,0.0,0.05,0.0,0.0,0.0,2026-02-09 00:00:00
2026-02-09 01:00:00,35.4,-2.8,0.0,0.0,0.05,0.0,0.0,0.05,0.0,0.0,0.05,0.0,0.0,0.0,2026-02-09 00:00:00
2026-02-09 02:00:00,36.3,-2.9,0.0,0.0,0.05,0.0,0.0,0.05,0.0,0.0,0.05,0.0,0.0,0.0,2026-02-09 00:00:00
2026-02-09 03:00:00,35.5,-2.2,0.0,0.0,0.05,0.0,0.0,0.05,0.0,0.0,0.05,0.0,0.0,0.0,2026-02-09 00:00:00
2026-02-09 04:00:00,34.6,0.3,0.0,0.0,0.05,0.0,0.0,0.05,0.0,0.0,0.05,0.0,0.0,0.0,2026-02-09 00:00:00
2026-02-09 05:00:00,33.4,3.1,0.0,0.0,0.05,0.0,0.0,0.05,0.0,0.0,0.05,0.0,0.0,0.0,2026-02-09 00:00:00
2026-02-09 06:00:00,32.7,4.7,0.0,0.0,0.05,0.0,0.0,0.05,0.0,0.0,0.05,0.0,0.0,0.0,2026-02-09 00:00:00
2026-02-09 07:00:00,34.8,5.9,0.0,0.0,0.05,0.0,0.0,0.05,0.0,0.0,0.05,0.0,0.0,0.0,2026-02-09 00:00:00
2026-02-09 08:00:00,34.5,6.7,0.0,0.0,0.05,0.0,0.0,0.05,0.0,0.0,0.05,0.0,0.0,0.0,2026-02-09 00:00:00
2026-02-09 09:00:00,31.9,6.9,0.0,0.0,0.05,0.0,0.0,0.05,0.0,0.0,0.05,0.0,0.0,0.0,2026-02-09 00:00:00
2026-02-09 10:00:00,29.6,6.5,0.0,0.0,0.05,0.0,0.0,0.05,0.0,0.0,0.05,0.0,0.0,0.0,2026-02-09 00:00:00
2026-02-09 11:00:00,28.6,5.4,0.0,0.0,0.05,0.0,0.0,0.05,0.0,0.0,0.05,0.0,0.0,0.0,2026-02-09 00:00:00
2026-02-09 12:00:00,28.6,2.4,0.0,0.0,0.05,0.0,0.0,0.05,0.0,0.0,0.05,0.0,0.0,0.0,2026-02-09 00:00:00
2026-02-09 13:00:00,25.3,0.4,0.0,0.0,0.05,0.0,0.0,0.05,0.0,0.0,0.05,0.0,0.0,0.0,2026-02-09 00:00:00
2026-02-09 14:00:00,23.4,-0.6,0.9651886510916966,0.9151886510916966,1.0,0.9074996353939283,0.8574996353939283,0.9574996353939283,0.9363441432428125,0.8863441432428124,0.9787498176969642,2.4129716277292417,2.268749088484821,4.681720716214063,2026-02-09 00:00:00
2026-02-09 15:00:00,20.0,-1.4,0.994447651264275,0.944447651264275,1.0,0.9821317100664039,0.9321317100664038,1.0,0.9882896806653394,0.9382896806653394,1.0,2.486119128160688,2.45532927516601,4.941448403326697,2026-02-09 00:00:00
2026-02-09 16:00:00,21.3,-0.7,0.924521037430555,0.874521037430555,0.9745210374305551,0.9251693650947284,0.8751693650947283,0.9751693650947284,0.9248452012626417,0.8748452012626416,0.9748452012626417,2.3113025935763876,2.312923412736821,4.624226006313209,2026-02-09 00:00:00
2026-02-09 17:00:00,15.2,-0.6,0.931193877835279,0.8811938778352789,0.981193877835279,0.8880115378738053,0.8380115378738052,0.9380115378738053,0.9096027078545421,0.8596027078545421,0.9596027078545422,2.3279846945881975,2.220028844684513,4.548013539272711,2026-02-09 00:00:00
2026-02-09 18:00:00,12.0,0.6,0.9924864167141005,0.9424864167141005,1.0,0.9764594981681575,0.9264594981681574,1.0,0.9844729574411291,0.934472957441129,1.0,2.4812160417852516,2.4411487454203935,4.9223647872056455,2026-02-09 00:00:00
2026-02-09 19:00:00,18.1,0.5,0.9662180239150612,0.9162180239150611,1.0,0.9407929299425114,0.8907929299425114,0.9907929299425114,0.9535054769287863,0.9035054769287862,0.9953964649712557,2.415545059787653,2.3519823248562783,4.767527384643931,2026-02-09 00:00:00
2026-02-09 20:00:00,24.3,0.4,0.0,0.0,0.05,0.0,0.0,0.05,0.0,0.0,0.05,0.0,0.0,0.0,2026-02-09 00:00:00
2026-02-09 21:00:00,20.4,-0.7,0.8977289031167135,0.8477289031167135,0.9477289031167135,0.8107697987762574,0.7607697987762574,0.8607697987762575,0.8542493509464855,0.8042493509464854,0.9042493509464855,2.244322257791784,2.0269244969406435,4.271246754732427,2026-02-09 00:00:00
2026-02-09 22:00:00,16.4,-0.5,0.8977289031167135,0.8477289031167135,0.9477289031167135,0.8111352403497821,0.7611352403497821,0.8611352403497822,0.8544320717332479,0.8044320717332478,0.9044320717332479,2.244322257791784,2.0278381008744555,4.272160358666239,2026-02-09 00:00:00
2026-02-09 23:00:00,18.7,0.1,0.9242217001775571,0.8742217001775571,0.9742217001775572,0.864328235189524,0.8143282351895239,0.914328235189524,0.8942749676835405,0.8442749676835405,0.9442749676835406,2.310554250443893,2.16082058797381,4.471374838417702,2026-02-09 00:00:00
2026-02-10 00:00:00,9.4,1.0,0.7671943149719076,0.7171943149719076,0.8171943149719076,0.7182991105577101,0.6682991105577101,0.7682991105577102,0.7427467127648089,0.6927467127648088,0.7927467127648089,1.917985787429769,1.7957477763942753,3.7137335638240443,2026-02-09 00:00:00
2026-02-10 01:00:00,3.1,2.6,0.021027047346288248,0.0,0.07102704734628826,0.01859997990070315,0.0,0.06859997990070316,0.019813513623495697,0.0,0.06981351362349571,0.05256761836572062,0.04649994975175788,0.0990675681174785,2026-02-09 00:00:00
2026-02-10 02:00:00,13.1,-0.2,0.9864899184303804,0.9364899184303803,1.0,0.9540223912157046,0.9040223912157046,1.0,0.9702561548230425,0.9202561548230425,1.0,2.466224796075951,2.3850559780392615,4.851280774115213,2026-02-09 00:00:00
2026-02-10 03:00:00,12.3,1.6,0.955047244316922,0.905047244316922,1.0,0.962323356743901,0.912323356743901,1.0,0.9586853005304115,0.9086853005304114,1.0,2.387618110792305,2.4058083918597526,4.793426502652057,2026-02-09 00:00:00
2026-02-10 04:00:00,13.6,5.0,0.9547876115320877,0.9047876115320876,1.0,0.9797872518994554,0.9297872518994553,1.0,0.9672874317157716,0.9172874317157715,1.0,2.386969028830219,2.4494681297486385,4.836437158578858,2026-02-09 00:00:00
2026-02-10 05:00:00,21.0,6.2,0.9736070978935273,0.9236070978935272,1.0,0.9789447351885325,0.9289447351885325,1.0,0.97627591654103,0.9262759165410299,1.0,2.434017744733818,2.4473618379713313,4.88137958270515,2026-02-09 00:00:00
2026-02-10 06:00:00,12.8,7.2,0.920651373850039,0.870651373850039,0.9706513738500391,0.975172101769194,0.925172101769194,1.0,0.9479117378096165,0.8979117378096164,0.9853256869250195,2.3016284346250977,2.437930254422985,4.739558689048082,2026-02-09 00:00:00
2026-02-10 07:00:00,14.0,7.9,0.9631116142543245,0.9131116142543244,1.0,0.9749097926531931,0.9249097926531931,1.0,0.9690107034537587,0.9190107034537587,1.0,2.4077790356358113,2.4372744816329828,4.845053517268793,2026-02-09 00:00:00
2026-02-10 08:00:00,21.4,9.6,0.989094519983121,0.939094519983121,1.0,0.9782628717622318,0.9282628717622318,1.0,0.9836786958726764,0.9336786958726764,1.0,2.4727362999578024,2.4456571794055795,4.918393479363382,2026-02-09 00:00:00
2026-02-10 09:00:00,26.6,11.4,0.0,0.0,0.05,0.0,0.0,0.05,0.0,0.0,0.05,0.0,0.0,0.0,2026-02-09 00:00:00
2026-02-10 10:00:00,21.8,11.0,0.9849850835408341,0.9349850835408341,1.0,0.9863484227417563,0.9363484227417562,1.0,0.9856667531412953,0.9356667531412952,1.0,2.4624627088520854,2.4658710568543905,4.928333765706476,2026-02-09 00:00:00
2026-02-10 11:00:00,18.4,8.8,0.98704231488285,0.93704231488285,1.0,0.9798928324926893,0.9298928324926893,1.0,0.9834675736877696,0.9334675736877696,1.0,2.467605787207125,2.449732081231723,4.917337868438848,2026-02-09 00:00:00
2026-02-10 12:00:00,26.4,6.1,0.0,0.0,0.05,0.0,0.0,0.05,0.0,0.0,0.05,0.0,0.0,0.0,2026-02-09 00:00:00
2026-02-10 13:00:00,21.5,4.0,0.9908085684470448,0.9408085684470447,1.0,0.9767495283898028,0.9267495283898027,1.0,0.9837790484184238,0.9337790484184237,1.0,2.477021421117612,2.441873820974507,4.918895242092119,2026-02-09 00:00:00
2026-02-10 14:00:00,15.9,2.5,0.9980024813700994,0.9480024813700993,1.0,0.9767993525417631,0.926799352541763,1.0,0.9874009169559312,0.9374009169559312,1.0,2.4950062034252483,2.4419983813544075,4.937004584779656,2026-02-09 00:00:00
2026-02-10 15:00:00,21.8,1.1,1.0,0.95,1.0,0.9526774448274298,0.9026774448274297,1.0,0.9763387224137149,0.9263387224137148,1.0,2.5,2.3816936120685743,4.881693612068575,2026-02-09 00:00:00
2026-02-10 16:00:00,32.6,1.6,0.0,0.0,0.05,0.0,0.0,0.05,0.0,0.0,0.05,0.0,0.0,0.0,2026-02-09 00:00:00
2026-02-10 17:00:00,38.3,1.4,0.0,0.0,0.05,0.0,0.0,0.05,0.0,0.0,0.05,0.0,0.0,0.0,2026-02-09 00:00:00
2026-02-10 18:00:00,38.6,1.6,0.0,0.0,0.05,0.0,0.0,0.05,0.0,0.0,0.05,0.0,0.0,0.0,2026-02-09 00:00:00
2026-02-10 19:00:00,43.1,2.6,0.0,0.0,0.05,0.0,0.0,0.05,0.0,0.0,0.05,0.0,0.0,0.0,2026-02-09 00:00:00
2026-02-10 20:00:00,39.7,2.1,0.0,0.0,0.05,0.0,0.0,0.05,0.0,0.0,0.05,0.0,0.0,0.0,2026-02-09 00:00:00
2026-02-10 21:00:00,32.4,0.8,0.0,0.0,0.05,0.0,0.0,0.05,0.0,0.0,0.05,0.0,0.0,0.0,2026-02-09 00:00:00
2026-02-10 22:00:00,28.5,-0.1,0.0,0.0,0.05,0.0,0.0,0.05,0.0,0.0,0.05,0.0,0.0,0.0,2026-02-09 00:00:00
2026-02-10 23:00:00,18.3,-0.7,0.9786607992555285,0.9286607992555285,1.0,0.9334673041806772,0.8834673041806772,0.9834673041806773,0.9560640517181029,0.9060640517181029,0.9917336520903386,2.4466519981388215,2.333668260451693,4.780320258590515,2026-02-09 00:00:00
2026-02-10 00:00:00,9.4,1.0,0.7671943149719076,0.7171943149719076,0.8171943149719076,0.7182991105577101,0.6682991105577101,0.7682991105577102,0.7427467127648089,0.6927467127648088,0.7927467127648089,1.917985787429769,1.7957477763942753,3.7137335638240443,2026-02-10 00:00:00
2026-02-10 01:00:00,3.1,2.6,0.021027047346288248,0.0,0.07102704734628826,0.01859997990070315,0.0,0.06859997990070316,0.019813513623495697,0.0,0.06981351362349571,0.05256761836572062,0.04649994975175788,0.0990675681174785,2026-02-10 00:00:00
2026-02-10 02:00:00,13.1,-0.2,0.9864899184303804,0.9364899184303803,1.0,0.9540223912157046,0.9040223912157046,1.0,0.9702561548230425,0.9202561548230425,1.0,2.466224796075951,2.3850559780392615,4.851280774115213,2026-02-10 00:00:00
2026-02-10 03:00:00,12.3,1.6,0.955047244316922,0.905047244316922,1.0,0.962323356743901,0.912323356743901,1.0,0.9586853005304115,0.9086853005304114,1.0,2.387618110792305,2.4058083918597526,4.793426502652057,2026-02-10 00:00:00
2026-02-10 04:00:00,13.6,5.0,0.9547876115320877,0.9047876115320876,1.0,0.9797872518994554,0.9297872518994553,1.0,0.9672874317157716,0.9172874317157715,1.0,2.386969028830219,2.4494681297486385,4.836437158578858,2026-02-10 00:00:00
2026-02-10 05:00:00,21.0,6.2,0.9736070978935273,0.9236070978935272,1.0,0.9789447351885325,0.9289447351885325,1.0,0.97627591654103,0.9262759165410299,1.0,2.434017744733818,2.4473618379713313,4.88137958270515,2026-02-10 00:00:00
2026-02-10 06:00:00,12.8,7.2,0.920651373850039,0.870651373850039,0.9706513738500391,0.975172101769194,0.925172101769194,1.0,0.9479117378096165,0.8979117378096164,0.9853256869250195,2.3016284346250977,2.437930254422985,4.739558689048082,2026-02-10 00:00:00
2026-02-10 07:00:00,14.0,7.9,0.9631116142543245,0.9131116142543244,1.0,0.9749097926531931,0.9249097926531931,1.0,0.9690107034537587,0.9190107034537587,1.0,2.4077790356358113,2.4372744816329828,4.845053517268793,2026-02-10 00:00:00
2026-02-10 08:00:00,21.4,9.6,0.989094519983121,0.939094519983121,1.0,0.9782628717622318,0.9282628717622318,1.0,0.9836786958726764,0.9336786958726764,1.0,2.4727362999578024,2.4456571794055795,4.918393479363382,2026-02-10 00:00:00
2026-02-10 09:00:00,26.6,11.4,0.0,0.0,0.05,0.0,0.0,0.05,0.0,0.0,0.05,0.0,0.0,0.0,2026-02-10 00:00:00
2026-02-10 10:00:00,21.8,11.0,0.9849850835408341,0.9349850835408341,1.0,0.9863484227417563,0.9363484227417562,1.0,0.9856667531412953,0.9356667531412952,1.0,2.4624627088520854,2.4658710568543905,4.928333765706476,2026-02-10 00:00:00
2026-02-10 11:00:00,18.4,8.8,0.98704231488285,0.93704231488285,1.0,0.9798928324926893,0.9298928324926893,1.0,0.9834675736877696,0.9334675736877696,1.0,2.467605787207125,2.449732081231723,4.917337868438848,2026-02-10 00:00:00
2026-02-10 12:00:00,26.4,6.1,0.0,0.0,0.05,0.0,0.0,0.05,0.0,0.0,0.05,0.0,0.0,0.0,2026-02-10 00:00:00
2026-02-10 13:00:00,21.5,4.0,0.9908085684470448,0.9408085684470447,1.0,0.9767495283898028,0.9267495283898027,1.0,0.9837790484184238,0.9337790484184237,1.0,2.477021421117612,2.441873820974507,4.918895242092119,2026-02-10 00:00:00
2026-02-10 14:00:00,15.9,2.5,0.9980024813700994,0.9480024813700993,1.0,0.9767993525417631,0.926799352541763,1.0,0.9874009169559312,0.9374009169559312,1.0,2.4950062034252483,2.4419983813544075,4.937004584779656,2026-02-10 00:00:00
2026-02-10 15:00:00,21.8,1.1,1.0,0.95,1.0,0.9526774448274298,0.9026774448274297,1.0,0.9763387224137149,0.9263387224137148,1.0,2.5,2.3816936120685743,4.881693612068575,2026-02-10 00:00:00
2026-02-10 16:00:00,32.6,1.6,0.0,0.0,0.05,0.0,0.0,0.05,0.0,0.0,0.05,0.0,0.0,0.0,2026-02-10 00:00:00
2026-02-10 17:00:00,38.3,1.4,0.0,0.0,0.05,0.0,0.0,0.05,0.0,0.0,0.05,0.0,0.0,0.0,2026-02-10 00:00:00
2026-02-10 18:00:00,38.6,1.6,0.0,0.0,0.05,0.0,0.0,0.05,0.0,0.0,0.05,0.0,0.0,0.0,2026-02-10 00:00:00
2026-02-10 19:00:00,43.1,2.6,0.0,0.0,0.05,0.0,0.0,0.05,0.0,0.0,0.05,0.0,0.0,0.0,2026-02-10 00:00:00
2026-02-10 20:00:00,39.7,2.1,0.0,0.0,0.05,0.0,0.0,0.05,0.0,0.0,0.05,0.0,0.0,0.0,2026-02-10 00:00:00
2026-02-10 21:00:00,32.4,0.8,0.0,0.0,0.05,0.0,0.0,0.05,0.0,0.0,0.05,0.0,0.0,0.0,2026-02-10 00:00:00
2026-02-10 22:00:00,28.5,-0.1,0.0,0.0,0.05,0.0,0.0,0.05,0.0,0.0,0.05,0.0,0.0,0.0,2026-02-10 00:00:00
2026-02-10 23:00:00,18.3,-0.7,0.9786607992555285,0.9286607992555285,1.0,0.9334673041806772,0.8834673041806772,0.9834673041806773,0.9560640517181029,0.9060640517181029,0.9917336520903386,2.4466519981388215,2.333668260451693,4.780320258590515,2026-02-10 00:00:00
2026-02-11 00:00:00,9.3,-0.5,0.7676200657693873,0.7176200657693873,0.8176200657693874,0.7216737916067316,0.6716737916067316,0.7716737916067317,0.7446469286880595,0.6946469286880594,0.7946469286880595,1.9190501644234683,1.804184479016829,3.723234643440297,2026-02-10 00:00:00
2026-02-11 01:00:00,20.7,1.3,1.0,0.95,1.0,0.9848869625192472,0.9348869625192472,1.0,0.9924434812596237,0.9424434812596236,1.0,2.5,2.462217406298118,4.962217406298119,2026-02-10 00:00:00
2026-02-11 02:00:00,11.9,1.5,0.9892643749586624,0.9392643749586623,1.0,0.9738175743111319,0.9238175743111319,1.0,0.9815409746348971,0.931540974634897,1.0,2.473160937396656,2.43454393577783,4.9077048731744854,2026-02-10 00:00:00
2026-02-11 03:00:00,11.8,2.8,0.9872866847142909,0.9372866847142909,1.0,0.9717864683287005,0.9217864683287005,1.0,0.9795365765214957,0.9295365765214957,1.0,2.468216711785727,2.429466170821751,4.897682882607478,2026-02-10 00:00:00
2026-02-11 04:00:00,17.1,5.7,0.9601251543285707,0.9101251543285707,1.0,0.9650795344711767,0.9150795344711766,1.0,0.9626023443998737,0.9126023443998736,1.0,2.400312885821427,2.412698836177942,4.813011721999368,2026-02-10 00:00:00
2026-02-11 05:00:00,20.4,8.1,0.9877372909915509,0.9377372909915509,1.0,0.9787493727590763,0.9287493727590762,1.0,0.9832433318753135,0.9332433318753135,1.0,2.4693432274788774,2.4468734318976906,4.916216659376568,2026-02-10 00:00:00
2026-02-11 06:00:00,37.3,8.8,0.0,0.0,0.05,0.0,0.0,0.05,0.0,0.0,0.05,0.0,0.0,0.0,2026-02-10 00:00:00
2026-02-11 07:00:00,33.3,8.7,0.0,0.0,0.05,0.0,0.0,0.05,0.0,0.0,0.05,0.0,0.0,0.0,2026-02-10 00:00:00
2026-02-11 08:00:00,22.6,8.7,0.9753052869583613,0.9253052869583612,1.0,0.9750255522301258,0.9250255522301257,1.0,0.9751654195942435,0.9251654195942435,1.0,2.438263217395903,2.4375638805753144,4.875827097971218,2026-02-10 00:00:00
2026-02-11 09:00:00,29.5,9.7,0.0,0.0,0.05,0.0,0.0,0.05,0.0,0.0,0.05,0.0,0.0,0.0,2026-02-10 00:00:00
2026-02-11 10:00:00,36.4,6.3,0.0,0.0,0.05,0.0,0.0,0.05,0.0,0.0,0.05,0.0,0.0,0.0,2026-02-10 00:00:00
2026-02-11 11:00:00,35.8,4.4,0.0,0.0,0.05,0.0,0.0,0.05,0.0,0.0,0.05,0.0,0.0,0.0,2026-02-10 00:00:00
2026-02-11 12:00:00,43.4,2.6,0.0,0.0,0.05,0.0,0.0,0.05,0.0,0.0,0.05,0.0,0.0,0.0,2026-02-10 00:00:00
2026-02-11 13:00:00,46.7,2.7,0.0,0.0,0.05,0.0,0.0,0.05,0.0,0.0,0.05,0.0,0.0,0.0,2026-02-10 00:00:00
2026-02-11 14:00:00,39.8,1.4,0.0,0.0,0.05,0.0,0.0,0.05,0.0,0.0,0.05,0.0,0.0,0.0,2026-02-10 00:00:00
2026-02-11 15:00:00,34.8,0.6,0.0,0.0,0.05,0.0,0.0,0.05,0.0,0.0,0.05,0.0,0.0,0.0,2026-02-10 00:00:00
2026-02-11 16:00:00,33.7,0.3,0.0,0.0,0.05,0.0,0.0,0.05,0.0,0.0,0.05,0.0,0.0,0.0,2026-02-10 00:00:00
2026-02-11 17:00:00,34.8,0.3,0.0,0.0,0.05,0.0,0.0,0.05,0.0,0.0,0.05,0.0,0.0,0.0,2026-02-10 00:00:00
2026-02-11 18:00:00,26.8,0.1,0.0,0.0,0.05,0.0,0.0,0.05,0.0,0.0,0.05,0.0,0.0,0.0,2026-02-10 00:00:00
2026-02-11 19:00:00,23.7,0.1,0.9865390055481806,0.9365390055481806,1.0,0.9532566647771794,0.9032566647771794,1.0,0.96989783516268,0.91989783516268,1.0,2.466347513870452,2.3831416619429486,4.8494891758134,2026-02-10 00:00:00
2026-02-11 20:00:00,20.6,0.0,0.9753821150358929,0.9253821150358928,1.0,0.9032619909318937,0.8532619909318937,0.9532619909318938,0.9393220529838933,0.8893220529838932,0.9766309954659469,2.4384552875897323,2.2581549773297342,4.6966102649194665,2026-02-10 00:00:00
2026-02-11 21:00:00,17.1,0.4,0.9721507046571954,0.9221507046571954,1.0,0.830367068343814,0.780367068343814,0.8803670683438141,0.9012588865005047,0.8512588865005046,0.940183534171907,2.4303767616429885,2.075917670859535,4.506294432502523,2026-02-10 00:00:00
2026-02-11 22:00:00,13.3,0.2,0.9580358629522032,0.9080358629522032,1.0,0.9744570975663749,0.9244570975663748,1.0,0.966246480259289,0.916246480259289,1.0,2.395089657380508,2.436142743915937,4.831232401296445,2026-02-10 00:00:00
2026-02-11 23:00:00,10.1,-0.1,0.8891607397266958,0.8391607397266958,0.9391607397266959,0.8418598286625771,0.7918598286625771,0.8918598286625772,0.8655102841946365,0.8155102841946364,0.9155102841946365,2.22290184931674,2.104649571656443,4.327551420973182,2026-02-10 00:00:00
2026-02-11 00:00:00,9.3,-0.5,0.7676200657693873,0.7176200657693873,0.8176200657693874,0.7216737916067316,0.6716737916067316,0.7716737916067317,0.7446469286880595,0.6946469286880594,0.7946469286880595,1.9190501644234683,1.804184479016829,3.723234643440297,2026-02-11 00:00:00
2026-02-11 01:00:00,20.7,1.3,1.0,0.95,1.0,0.9848869625192472,0.9348869625192472,1.0,0.9924434812596237,0.9424434812596236,1.0,2.5,2.462217406298118,4.962217406298119,2026-02-11 00:00:00
2026-02-11 02:00:00,11.9,1.5,0.9892643749586624,0.9392643749586623,1.0,0.9738175743111319,0.9238175743111319,1.0,0.9815409746348971,0.931540974634897,1.0,2.473160937396656,2.43454393577783,4.9077048731744854,2026-02-11 00:00:00
2026-02-11 03:00:00,11.8,2.8,0.9872866847142909,0.9372866847142909,1.0,0.9717864683287005,0.9217864683287005,1.0,0.9795365765214957,0.9295365765214957,1.0,2.468216711785727,2.429466170821751,4.897682882607478,2026-02-11 00:00:00
2026-02-11 04:00:00,17.1,5.7,0.9601251543285707,0.9101251543285707,1.0,0.9650795344711767,0.9150795344711766,1.0,0.9626023443998737,0.9126023443998736,1.0,2.400312885821427,2.412698836177942,4.813011721999368,2026-02-11 00:00:00
2026-02-11 05:00:00,20.4,8.1,0.9877372909915509,0.9377372909915509,1.0,0.9787493727590763,0.9287493727590762,1.0,0.9832433318753135,0.9332433318753135,1.0,2.4693432274788774,2.4468734318976906,4.916216659376568,2026-02-11 00:00:00
2026-02-11 06:00:00,37.3,8.8,0.0,0.0,0.05,0.0,0.0,0.05,0.0,0.0,0.05,0.0,0.0,0.0,2026-02-11 00:00:00
2026-02-11 07:00:00,33.3,8.7,0.0,0.0,0.05,0.0,0.0,0.05,0.0,0.0,0.05,0.0,0.0,0.0,2026-02-11 00:00:00
2026-02-11 08:00:00,22.6,8.7,0.9753052869583613,0.9253052869583612,1.0,0.9750255522301258,0.9250255522301257,1.0,0.9751654195942435,0.9251654195942435,1.0,2.438263217395903,2.4375638805753144,4.875827097971218,2026-02-11 00:00:00
2026-02-11 09:00:00,29.5,9.7,0.0,0.0,0.05,0.0,0.0,0.05,0.0,0.0,0.05,0.0,0.0,0.0,2026-02-11 00:00:00
2026-02-11 10:00:00,36.4,6.3,0.0,0.0,0.05,0.0,0.0,0.05,0.0,0.0,0.05,0.0,0.0,0.0,2026-02-11 00:00:00
2026-02-11 11:00:00,35.8,4.4,0.0,0.0,0.05,0.0,0.0,0.05,0.0,0.0,0.05,0.0,0.0,0.0,2026-02-11 00:00:00
2026-02-11 12:00:00,43.4,2.6,0.0,0.0,0.05,0.0,0.0,0.05,0.0,0.0,0.05,0.0,0.0,0.0,2026-02-11 00:00:00
2026-02-11 13:00:00,46.7,2.7,0.0,0.0,0.05,0.0,0.0,0.05,0.0,0.0,0.05,0.0,0.0,0.0,2026-02-11 00:00:00
2026-02-11 14:00:00,39.8,1.4,0.0,0.0,0.05,0.0,0.0,0.05,0.0,0.0,0.05,0.0,0.0,0.0,2026-02-11 00:00:00
2026-02-11 15:00:00,34.8,0.6,0.0,0.0,0.05,0.0,0.0,0.05,0.0,0.0,0.05,0.0,0.0,0.0,2026-02-11 00:00:00
2026-02-11 16:00:00,33.7,0.3,0.0,0.0,0.05,0.0,0.0,0.05,0.0,0.0,0.05,0.0,0.0,0.0,2026-02-11 00:00:00
2026-02-11 17:00:00,34.8,0.3,0.0,0.0,0.05,0.0,0.0,0.05,0.0,0.0,0.05,0.0,0.0,0.0,2026-02-11 00:00:00
2026-02-11 18:00:00,26.8,0.1,0.0,0.0,0.05,0.0,0.0,0.05,0.0,0.0,0.05,0.0,0.0,0.0,2026-02-11 00:00:00
2026-02-11 19:00:00,23.7,0.1,0.9865390055481806,0.9365390055481806,1.0,0.9532566647771794,0.9032566647771794,1.0,0.96989783516268,0.91989783516268,1.0,2.466347513870452,2.3831416619429486,4.8494891758134,2026-02-11 00:00:00
2026-02-11 20:00:00,20.6,0.0,0.9753821150358929,0.9253821150358928,1.0,0.9032619909318937,0.8532619909318937,0.9532619909318938,0.9393220529838933,0.8893220529838932,0.9766309954659469,2.4384552875897323,2.2581549773297342,4.6966102649194665,2026-02-11 00:00:00
2026-02-11 21:00:00,17.1,0.4,0.9721507046571954,0.9221507046571954,1.0,0.830367068343814,0.780367068343814,0.8803670683438141,0.9012588865005047,0.8512588865005046,0.940183534171907,2.4303767616429885,2.075917670859535,4.506294432502523,2026-02-11 00:00:00
2026-02-11 22:00:00,13.3,0.2,0.9580358629522032,0.9080358629522032,1.0,0.9744570975663749,0.9244570975663748,1.0,0.966246480259289,0.916246480259289,1.0,2.395089657380508,2.436142743915937,4.831232401296445,2026-02-11 00:00:00
2026-02-11 23:00:00,10.1,-0.1,0.8891607397266958,0.8391607397266958,0.9391607397266959,0.8418598286625771,0.7918598286625771,0.8918598286625772,0.8655102841946365,0.8155102841946364,0.9155102841946365,2.22290184931674,2.104649571656443,4.327551420973182,2026-02-11 00:00:00
2026-02-12 00:00:00,10.7,0.4,0.9346317328441955,0.8846317328441955,0.9846317328441956,0.9141040141724917,0.8641040141724916,0.9641040141724917,0.9243678735083436,0.8743678735083436,0.9743678735083436,2.336579332110489,2.285260035431229,4.6218393675417175,2026-02-11 00:00:00
2026-02-12 01:00:00,5.0,-0.1,0.082555519963276,0.03255551996327599,0.132555519963276,0.07453449413215815,0.02453449413215815,0.12453449413215815,0.07854500704771708,0.02854500704771707,0.12854500704771707,0.20638879990818998,0.1863362353303954,0.3927250352385854,2026-02-11 00:00:00
2026-02-12 02:00:00,9.3,-0.3,0.7682247091326924,0.7182247091326923,0.8182247091326924,0.6942167531561004,0.6442167531561004,0.7442167531561005,0.7312207311443963,0.6812207311443963,0.7812207311443964,1.9205617728317308,1.7355418828902511,3.6561036557219815,2026-02-11 00:00:00
2026-02-12 03:00:00,3.7,0.2,0.02615334508442259,0.0,0.07615334508442259,0.014365495343508923,0.0,0.06436549534350892,0.020259420213965755,0.0,0.07025942021396575,0.06538336271105646,0.03591373835877231,0.10129710106982878,2026-02-11 00:00:00
2026-02-12 04:00:00,6.7,0.4,0.3078509860640193,0.2578509860640193,0.35785098606401927,0.2595241874447924,0.2095241874447924,0.3095241874447924,0.28368758675440586,0.23368758675440585,0.3336875867544058,0.7696274651600482,0.648810468611981,1.4184379337720294,2026-02-11 00:00:00
2026-02-12 05:00:00,8.8,0.4,0.695426620735056,0.645426620735056,0.7454266207350561,0.6537461438587738,0.6037461438587738,0.7037461438587739,0.6745863822969149,0.6245863822969149,0.724586382296915,1.73856655183764,1.6343653596469345,3.3729319114845744,2026-02-11 00:00:00
2026-02-12 06:00:00,8.7,0.2,0.6710981038380736,0.6210981038380735,0.7210981038380736,0.5877359313467544,0.5377359313467543,0.6377359313467544,0.629417017592414,0.5794170175924139,0.679417017592414,1.6777452595951838,1.469339828366886,3.1470850879620698,2026-02-11 00:00:00
2026-02-12 07:00:00,13.3,1.7,1.0,0.95,1.0,0.9868753408339211,0.9368753408339211,1.0,0.9934376704169605,0.9434376704169605,1.0,2.5,2.467188352084803,4.967188352084802,2026-02-11 00:00:00
2026-02-12 08:00:00,12.9,2.7,0.9846667514568168,0.9346667514568168,1.0,0.9803798488719008,0.9303798488719007,1.0,0.9825233001643587,0.9325233001643587,1.0,2.461666878642042,2.4509496221797518,4.912616500821794,2026-02-11 00:00:00
2026-02-12 09:00:00,9.6,3.1,0.8042587903062409,0.7542587903062409,0.854258790306241,0.7872180907204543,0.7372180907204543,0.8372180907204544,0.7957384405133476,0.7457384405133476,0.8457384405133477,2.0106469757656025,1.968045226801136,3.978692202566738,2026-02-11 00:00:00
2026-02-12 10:00:00,11.3,2.6,0.9710696236340638,0.9210696236340637,1.0,0.9559792712722436,0.9059792712722435,1.0,0.9635244474531537,0.9135244474531536,1.0,2.4276740590851595,2.389948178180609,4.817622237265768,2026-02-11 00:00:00
2026-02-12 11:00:00,12.1,2.4,0.9467387217409122,0.8967387217409122,0.9967387217409123,0.9261515658894617,0.8761515658894616,0.9761515658894617,0.936445143815187,0.8864451438151869,0.986445143815187,2.3668468043522806,2.315378914723654,4.682225719075935,2026-02-11 00:00:00
2026-02-12 12:00:00,9.3,1.5,0.7535955463820422,0.7035955463820421,0.8035955463820422,0.709671126062642,0.659671126062642,0.7596711260626421,0.7316333362223422,0.6816333362223421,0.7816333362223422,1.8839888659551054,1.7741778151566052,3.6581666811117106,2026-02-11 00:00:00
2026-02-12 13:00:00,13.1,0.4,0.9634858749067413,0.9134858749067413,1.0,0.9373269153435294,0.8873269153435294,0.9873269153435295,0.9504063951251354,0.9004063951251353,0.9936634576717647,2.4087146872668534,2.3433172883588234,4.752031975625677,2026-02-11 00:00:00
2026-02-12 14:00:00,19.8,-0.5,0.9959544233132357,0.9459544233132356,1.0,0.9701652590211083,0.9201652590211082,1.0,0.983059841167172,0.933059841167172,1.0,2.4898860582830893,2.4254131475527707,4.91529920583586,2026-02-11 00:00:00
2026-02-12 15:00:00,11.0,-0.5,0.958179143076303,0.908179143076303,1.0,0.9141269101746049,0.8641269101746049,0.964126910174605,0.936153026625454,0.8861530266254539,0.9820634550873024,2.3954478576907574,2.2853172754365123,4.68076513312727,2026-02-11 00:00:00
2026-02-12 16:00:00,4.3,-1.2,0.03861609398837999,0.0,0.08861609398838,0.02167614016017232,0.0,0.07167614016017232,0.030146117074276155,0.0,0.08014611707427616,0.09654023497094999,0.0541903504004308,0.1507305853713808,2026-02-11 00:00:00
2026-02-12 17:00:00,10.6,-1.7,0.9263780880093396,0.8763780880093396,0.9763780880093397,0.8670961359971001,0.8170961359971001,0.9170961359971002,0.8967371120032199,0.8467371120032199,0.94673711200322,2.315945220023349,2.16774033999275,4.4836855600161,2026-02-11 00:00:00
2026-02-12 18:00:00,2.8,-1.5,0.013329692924276843,0.0,0.06332969292427684,0.007796574689875151,0.0,0.05779657468987515,0.010563133807075997,0.0,0.060563133807075994,0.033324232310692106,0.019491436724687877,0.052815669035379986,2026-02-11 00:00:00
2026-02-12 19:00:00,4.0,-1.3,0.031545562082572025,0.0,0.08154556208257202,0.02046098423927496,0.0,0.07046098423927497,0.02600327316092349,0.0,0.07600327316092349,0.07886390520643007,0.0511524605981874,0.13001636580461745,2026-02-11 00:00:00
2026-02-12 20:00:00,6.8,-1.5,0.2807249826428017,0.23072498264280172,0.3307249826428017,0.290980311120977,0.240980311120977,0.340980311120977,0.2858526468818894,0.23585264688188937,0.3358526468818893,0.7018124566070043,0.7274507778024425,1.429263234409447,2026-02-11 00:00:00
2026-02-12 21:00:00,8.4,-1.8,0.6176364157947811,0.5676364157947811,0.6676364157947812,0.5600820135858725,0.5100820135858725,0.6100820135858726,0.5888592146903269,0.5388592146903268,0.6388592146903269,1.5440910394869527,1.4002050339646812,2.9442960734516346,2026-02-11 00:00:00
2026-02-12 22:00:00,7.0,-1.9,0.32248290328207063,0.27248290328207064,0.3724829032820706,0.31364566948095407,0.2636456694809541,0.36364566948095406,0.31806428638151235,0.26806428638151236,0.36806428638151234,0.8062072582051766,0.7841141737023851,1.5903214319075618,2026-02-11 00:00:00
2026-02-12 23:00:00,6.6,-2.0,0.2731396389963822,0.22313963899638223,0.3231396389963822,0.2366099066230152,0.1866099066230152,0.2866099066230152,0.2548747728096987,0.2048747728096987,0.3048747728096987,0.6828490974909556,0.591524766557538,1.2743738640484936,2026-02-11 00:00:00
2026-02-12 00:00:00,10.7,0.4,0.9346317328441955,0.8846317328441955,0.9846317328441956,0.9141040141724917,0.8641040141724916,0.9641040141724917,0.9243678735083436,0.8743678735083436,0.9743678735083436,2.336579332110489,2.285260035431229,4.6218393675417175,2026-02-12 00:00:00
2026-02-12 01:00:00,5.0,-0.1,0.082555519963276,0.03255551996327599,0.132555519963276,0.07453449413215815,0.02453449413215815,0.12453449413215815,0.07854500704771708,0.02854500704771707,0.12854500704771707,0.20638879990818998,0.1863362353303954,0.3927250352385854,2026-02-12 00:00:00
2026-02-12 02:00:00,9.3,-0.3,0.7682247091326924,0.7182247091326923,0.8182247091326924,0.6942167531561004,0.6442167531561004,0.7442167531561005,0.7312207311443963,0.6812207311443963,0.7812207311443964,1.9205617728317308,1.7355418828902511,3.6561036557219815,2026-02-12 00:00:00
2026-02-12 03:00:00,3.7,0.2,0.02615334508442259,0.0,0.07615334508442259,0.014365495343508923,0.0,0.06436549534350892,0.020259420213965755,0.0,0.07025942021396575,0.06538336271105646,0.03591373835877231,0.10129710106982878,2026-02-12 00:00:00
2026-02-12 04:00:00,6.7,0.4,0.3078509860640193,0.2578509860640193,0.35785098606401927,0.2595241874447924,0.2095241874447924,0.3095241874447924,0.28368758675440586,0.23368758675440585,0.3336875867544058,0.7696274651600482,0.648810468611981,1.4184379337720294,2026-02-12 00:00:00
2026-02-12 05:00:00,8.8,0.4,0.695426620735056,0.645426620735056,0.7454266207350561,0.6537461438587738,0.6037461438587738,0.7037461438587739,0.6745863822969149,0.6245863822969149,0.724586382296915,1.73856655183764,1.6343653596469345,3.3729319114845744,2026-02-12 00:00:00
2026-02-12 06:00:00,8.7,0.2,0.6710981038380736,0.6210981038380735,0.7210981038380736,0.5877359313467544,0.5377359313467543,0.6377359313467544,0.629417017592414,0.5794170175924139,0.679417017592414,1.6777452595951838,1.469339828366886,3.1470850879620698,2026-02-12 00:00:00
2026-02-12 07:00:00,13.3,1.7,1.0,0.95,1.0,0.9868753408339211,0.9368753408339211,1.0,0.9934376704169605,0.9434376704169605,1.0,2.5,2.467188352084803,4.967188352084802,2026-02-12 00:00:00
2026-02-12 08:00:00,12.9,2.7,0.9846667514568168,0.9346667514568168,1.0,0.9803798488719008,0.9303798488719007,1.0,0.9825233001643587,0.9325233001643587,1.0,2.461666878642042,2.4509496221797518,4.912616500821794,2026-02-12 00:00:00
2026-02-12 09:00:00,9.6,3.1,0.8042587903062409,0.7542587903062409,0.854258790306241,0.7872180907204543,0.7372180907204543,0.8372180907204544,0.7957384405133476,0.7457384405133476,0.8457384405133477,2.0106469757656025,1.968045226801136,3.978692202566738,2026-02-12 00:00:00
2026-02-12 10:00:00,11.3,2.6,0.9710696236340638,0.9210696236340637,1.0,0.9559792712722436,0.9059792712722435,1.0,0.9635244474531537,0.9135244474531536,1.0,2.4276740590851595,2.389948178180609,4.817622237265768,2026-02-12 00:00:00
2026-02-12 11:00:00,12.1,2.4,0.9467387217409122,0.8967387217409122,0.9967387217409123,0.9261515658894617,0.8761515658894616,0.9761515658894617,0.936445143815187,0.8864451438151869,0.986445143815187,2.3668468043522806,2.315378914723654,4.682225719075935,2026-02-12 00:00:00
2026-02-12 12:00:00,9.3,1.5,0.7535955463820422,0.7035955463820421,0.8035955463820422,0.709671126062642,0.659671126062642,0.7596711260626421,0.7316333362223422,0.6816333362223421,0.7816333362223422,1.8839888659551054,1.7741778151566052,3.6581666811117106,2026-02-12 00:00:00
2026-02-12 13:00:00,13.1,0.4,0.9634858749067413,0.9134858749067413,1.0,0.9373269153435294,0.8873269153435294,0.9873269153435295,0.9504063951251354,0.9004063951251353,0.9936634576717647,2.4087146872668534,2.3433172883588234,4.752031975625677,2026-02-12 00:00:00
2026-02-12 14:00:00,19.8,-0.5,0.9959544233132357,0.9459544233132356,1.0,0.9701652590211083,0.9201652590211082,1.0,0.983059841167172,0.933059841167172,1.0,2.4898860582830893,2.4254131475527707,4.91529920583586,2026-02-12 00:00:00
2026-02-12 15:00:00,11.0,-0.5,0.958179143076303,0.908179143076303,1.0,0.9141269101746049,0.8641269101746049,0.964126910174605,0.936153026625454,0.8861530266254539,0.9820634550873024,2.3954478576907574,2.2853172754365123,4.68076513312727,2026-02-12 00:00:00
2026-02-12 16:00:00,4.3,-1.2,0.03861609398837999,0.0,0.08861609398838,0.02167614016017232,0.0,0.07167614016017232,0.030146117074276155,0.0,0.08014611707427616,0.09654023497094999,0.0541903504004308,0.1507305853713808,2026-02-12 00:00:00
2026-02-12 17:00:00,10.6,-1.7,0.9263780880093396,0.8763780880093396,0.9763780880093397,0.8670961359971001,0.8170961359971001,0.9170961359971002,0.8967371120032199,0.8467371120032199,0.94673711200322,2.315945220023349,2.16774033999275,4.4836855600161,2026-02-12 00:00:00
2026-02-12 18:00:00,2.8,-1.5,0.013329692924276843,0.0,0.06332969292427684,0.007796574689875151,0.0,0.05779657468987515,0.010563133807075997,0.0,0.060563133807075994,0.033324232310692106,0.019491436724687877,0.052815669035379986,2026-02-12 00:00:00
2026-02-12 19:00:00,4.0,-1.3,0.031545562082572025,0.0,0.08154556208257202,0.02046098423927496,0.0,0.07046098423927497,0.02600327316092349,0.0,0.07600327316092349,0.07886390520643007,0.0511524605981874,0.13001636580461745,2026-02-12 00:00:00
2026-02-12 20:00:00,6.8,-1.5,0.2807249826428017,0.23072498264280172,0.3307249826428017,0.290980311120977,0.240980311120977,0.340980311120977,0.2858526468818894,0.23585264688188937,0.3358526468818893,0.7018124566070043,0.7274507778024425,1.429263234409447,2026-02-12 00:00:00
2026-02-12 21:00:00,8.4,-1.8,0.6176364157947811,0.5676364157947811,0.6676364157947812,0.5600820135858725,0.5100820135858725,0.6100820135858726,0.5888592146903269,0.5388592146903268,0.6388592146903269,1.5440910394869527,1.4002050339646812,2.9442960734516346,2026-02-12 00:00:00
2026-02-12 22:00:00,7.0,-1.9,0.32248290328207063,0.27248290328207064,0.3724829032820706,0.31364566948095407,0.2636456694809541,0.36364566948095406,0.31806428638151235,0.26806428638151236,0.36806428638151234,0.8062072582051766,0.7841141737023851,1.5903214319075618,2026-02-12 00:00:00
2026-02-12 23:00:00,6.6,-2.0,0.2731396389963822,0.22313963899638223,0.3231396389963822,0.2366099066230152,0.1866099066230152,0.2866099066230152,0.2548747728096987,0.2048747728096987,0.3048747728096987,0.6828490974909556,0.591524766557538,1.2743738640484936,2026-02-12 00:00:00
2026-02-13 00:00:00,11.5,-1.8,0.9919234995594046,0.9419234995594046,1.0,0.9586062199584807,0.9086062199584807,1.0,0.9752648597589426,0.9252648597589426,1.0,2.4798087488985114,2.396515549896202,4.876324298794713,2026-02-12 00:00:00
2026-02-13 01:00:00,13.5,-2.1,0.9887855102827486,0.9387855102827486,1.0,0.9774345399134565,0.9274345399134565,1.0,0.9831100250981026,0.9331100250981026,1.0,2.4719637757068718,2.4435863497836414,4.915550125490514,2026-02-12 00:00:00
2026-02-13 02:00:00,10.0,-1.9,0.8794387456646633,0.8294387456646632,0.9294387456646633,0.814974135614646,0.764974135614646,0.8649741356146461,0.8472064406396547,0.7972064406396546,0.8972064406396547,2.198596864161658,2.037435339036615,4.236032203198273,2026-02-12 00:00:00
2026-02-13 03:00:00,5.0,-1.5,0.08128986990804782,0.031289869908047815,0.1312898699080478,0.07235746420137043,0.022357464201370428,0.12235746420137043,0.07682366705470912,0.02682366705470912,0.12682366705470913,0.20322467477011955,0.1808936605034261,0.3841183352735456,2026-02-12 00:00:00
2026-02-13 04:00:00,8.2,-1.1,0.5850747935601527,0.5350747935601526,0.6350747935601527,0.49994221020217977,0.4499422102021798,0.5499422102021798,0.5425085018811662,0.49250850188116624,0.5925085018811662,1.4626869839003818,1.2498555255054495,2.712542509405831,2026-02-12 00:00:00
2026-02-13 05:00:00,8.6,-0.7,0.6478801945218082,0.5978801945218082,0.6978801945218083,0.6010166607555196,0.5510166607555196,0.6510166607555197,0.6244484276386639,0.5744484276386639,0.674448427638664,1.6197004863045206,1.502541651888799,3.12224213819332,2026-02-12 00:00:00
2026-02-13 06:00:00,8.1,-0.2,0.5245805441677646,0.4745805441677646,0.5745805441677646,0.509622238233106,0.45962223823310605,0.5596222382331061,0.5171013912004353,0.4671013912004353,0.5671013912004353,1.3114513604194113,1.274055595582765,2.5855069560021766,2026-02-12 00:00:00
2026-02-13 07:00:00,4.1,-0.1,0.0343885286629294,0.0,0.0843885286629294,0.02366522655033931,0.0,0.07366522655033932,0.029026877606634353,0.0,0.07902687760663435,0.0859713216573235,0.059163066375848276,0.14513438803317177,2026-02-12 00:00:00
2026-02-13 08:00:00,2.7,0.4,0.014521028998082814,0.0,0.06452102899808282,0.007673829103227609,0.0,0.05767382910322761,0.011097429050655212,0.0,0.06109742905065521,0.03630257249520703,0.01918457275806902,0.055487145253276055,2026-02-12 00:00:00
2026-02-13 09:00:00,2.8,0.6,0.016397157458248202,0.0,0.0663971574582482,0.007154283901027057,0.0,0.05715428390102706,0.011775720679637629,0.0,0.06177572067963763,0.040992893645620504,0.017885709752567643,0.058878603398188144,2026-02-12 00:00:00
2026-02-13 10:00:00,2.7,0.4,0.012176975686245869,0.0,0.062176975686245875,0.0017301020125192964,0.0,0.0517301020125193,0.006953538849382583,0.0,0.05695353884938259,0.030442439215614674,0.004325255031298241,0.034767694246912915,2026-02-12 00:00:00
2026-02-13 11:00:00,2.4,-0.7,0.0,0.0,0.05,0.0,0.0,0.05,0.0,0.0,0.05,0.0,0.0,0.0,2026-02-12 00:00:00
2026-02-13 12:00:00,1.3,-2.2,0.0,0.0,0.05,0.0,0.0,0.05,0.0,0.0,0.05,0.0,0.0,0.0,2026-02-12 00:00:00
2026-02-13 13:00:00,1.8,-2.3,0.0,0.0,0.05,0.0,0.0,0.05,0.0,0.0,0.05,0.0,0.0,0.0,2026-02-12 00:00:00
2026-02-13 14:00:00,7.3,-2.8,0.3926750334572426,0.3426750334572426,0.4426750334572426,0.3146972343316967,0.26469723433169673,0.3646972343316967,0.3536861338944697,0.30368613389446963,0.4036861338944696,0.9816875836431065,0.7867430858292418,1.7684306694723484,2026-02-12 00:00:00
2026-02-13 15:00:00,15.1,-3.0,1.0,0.95,1.0,0.9455140419216975,0.8955140419216975,0.9955140419216976,0.9727570209608487,0.9227570209608487,0.9977570209608488,2.5,2.363785104804244,4.8637851048042435,2026-02-12 00:00:00
2026-02-13 16:00:00,22.6,-1.6,0.9824728693194893,0.9324728693194893,1.0,0.9796520468536444,0.9296520468536443,1.0,0.9810624580865668,0.9310624580865667,1.0,2.456182173298723,2.449130117134111,4.905312290432834,2026-02-12 00:00:00
2026-02-13 17:00:00,27.1,-1.0,0.0,0.0,0.05,0.0,0.0,0.05,0.0,0.0,0.05,0.0,0.0,0.0,2026-02-12 00:00:00
2026-02-13 18:00:00,29.0,-1.1,0.0,0.0,0.05,0.0,0.0,0.05,0.0,0.0,0.05,0.0,0.0,0.0,2026-02-12 00:00:00
2026-02-13 19:00:00,33.5,-1.1,0.0,0.0,0.05,0.0,0.0,0.05,0.0,0.0,0.05,0.0,0.0,0.0,2026-02-12 00:00:00
2026-02-13 20:00:00,32.0,-0.7,0.0,0.0,0.05,0.0,0.0,0.05,0.0,0.0,0.05,0.0,0.0,0.0,2026-02-12 00:00:00
2026-02-13 21:00:00,29.3,-0.2,0.0,0.0,0.05,0.0,0.0,0.05,0.0,0.0,0.05,0.0,0.0,0.0,2026-02-12 00:00:00
2026-02-13 22:00:00,26.4,-0.2,0.0,0.0,0.05,0.0,0.0,0.05,0.0,0.0,0.05,0.0,0.0,0.0,2026-02-12 00:00:00
2026-02-13 23:00:00,26.7,-0.1,0.0,0.0,0.05,0.0,0.0,0.05,0.0,0.0,0.05,0.0,0.0,0.0,2026-02-12 00:00:00
2026-02-13 00:00:00,11.5,-1.8,0.9919234995594046,0.9419234995594046,1.0,0.9586062199584807,0.9086062199584807,1.0,0.9752648597589426,0.9252648597589426,1.0,2.4798087488985114,2.396515549896202,4.876324298794713,2026-02-13 00:00:00
2026-02-13 01:00:00,13.5,-2.1,0.9887855102827486,0.9387855102827486,1.0,0.9774345399134565,0.9274345399134565,1.0,0.9831100250981026,0.9331100250981026,1.0,2.4719637757068718,2.4435863497836414,4.915550125490514,2026-02-13 00:00:00
2026-02-13 02:00:00,10.0,-1.9,0.8794387456646633,0.8294387456646632,0.9294387456646633,0.814974135614646,0.764974135614646,0.8649741356146461,0.8472064406396547,0.7972064406396546,0.8972064406396547,2.198596864161658,2.037435339036615,4.236032203198273,2026-02-13 00:00:00
2026-02-13 03:00:00,5.0,-1.5,0.08128986990804782,0.031289869908047815,0.1312898699080478,0.07235746420137043,0.022357464201370428,0.12235746420137043,0.07682366705470912,0.02682366705470912,0.12682366705470913,0.20322467477011955,0.1808936605034261,0.3841183352735456,2026-02-13 00:00:00
2026-02-13 04:00:00,8.2,-1.1,0.5850747935601527,0.5350747935601526,0.6350747935601527,0.49994221020217977,0.4499422102021798,0.5499422102021798,0.5425085018811662,0.49250850188116624,0.5925085018811662,1.4626869839003818,1.2498555255054495,2.712542509405831,2026-02-13 00:00:00
2026-02-13 05:00:00,8.6,-0.7,0.6478801945218082,0.5978801945218082,0.6978801945218083,0.6010166607555196,0.5510166607555196,0.6510166607555197,0.6244484276386639,0.5744484276386639,0.674448427638664,1.6197004863045206,1.502541651888799,3.12224213819332,2026-02-13 00:00:00
2026-02-13 06:00:00,8.1,-0.2,0.5245805441677646,0.4745805441677646,0.5745805441677646,0.509622238233106,0.45962223823310605,0.5596222382331061,0.5171013912004353,0.4671013912004353,0.5671013912004353,1.3114513604194113,1.274055595582765,2.5855069560021766,2026-02-13 00:00:00
2026-02-13 07:00:00,4.1,-0.1,0.0343885286629294,0.0,0.0843885286629294,0.02366522655033931,0.0,0.07366522655033932,0.029026877606634353,0.0,0.07902687760663435,0.0859713216573235,0.059163066375848276,0.14513438803317177,2026-02-13 00:00:00
2026-02-13 08:00:00,2.7,0.4,0.014521028998082814,0.0,0.06452102899808282,0.007673829103227609,0.0,0.05767382910322761,0.011097429050655212,0.0,0.06109742905065521,0.03630257249520703,0.01918457275806902,0.055487145253276055,2026-02-13 00:00:00
2026-02-13 09:00:00,2.8,0.6,0.016397157458248202,0.0,0.0663971574582482,0.007154283901027057,0.0,0.05715428390102706,0.011775720679637629,0.0,0.06177572067963763,0.040992893645620504,0.017885709752567643,0.058878603398188144,2026-02-13 00:00:00
2026-02-13 10:00:00,2.7,0.4,0.012176975686245869,0.0,0.062176975686245875,0.0017301020125192964,0.0,0.0517301020125193,0.006953538849382583,0.0,0.05695353884938259,0.030442439215614674,0.004325255031298241,0.034767694246912915,2026-02-13 00:00:00
2026-02-13 11:00:00,2.4,-0.7,0.0,0.0,0.05,0.0,0.0,0.05,0.0,0.0,0.05,0.0,0.0,0.0,2026-02-13 00:00:00
2026-02-13 12:00:00,1.3,-2.2,0.0,0.0,0.05,0.0,0.0,0.05,0.0,0.0,0.05,0.0,0.0,0.0,2026-02-13 00:00:00
2026-02-13 13:00:00,1.8,-2.3,0.0,0.0,0.05,0.0,0.0,0.05,0.0,0.0,0.05,0.0,0.0,0.0,2026-02-13 00:00:00
2026-02-13 14:00:00,7.3,-2.8,0.3926750334572426,0.3426750334572426,0.4426750334572426,0.3146972343316967,0.26469723433169673,0.3646972343316967,0.3536861338944697,0.30368613389446963,0.4036861338944696,0.9816875836431065,0.7867430858292418,1.7684306694723484,2026-02-13 00:00:00
2026-02-13 15:00:00,15.1,-3.0,1.0,0.95,1.0,0.9455140419216975,0.8955140419216975,0.9955140419216976,0.9727570209608487,0.9227570209608487,0.9977570209608488,2.5,2.363785104804244,4.8637851048042435,2026-02-13 00:00:00
2026-02-13 16:00:00,22.6,-1.6,0.9824728693194893,0.9324728693194893,1.0,0.9796520468536444,0.9296520468536443,1.0,0.9810624580865668,0.9310624580865667,1.0,2.456182173298723,2.449130117134111,4.905312290432834,2026-02-13 00:00:00
2026-02-13 17:00:00,27.1,-1.0,0.0,0.0,0.05,0.0,0.0,0.05,0.0,0.0,0.05,0.0,0.0,0.0,2026-02-13 00:00:00
2026-02-13 18:00:00,29.0,-1.1,0.0,0.0,0.05,0.0,0.0,0.05,0.0,0.0,0.05,0.0,0.0,0.0,2026-02-13 00:00:00
2026-02-13 19:00:00,33.5,-1.1,0.0,0.0,0.05,0.0,0.0,0.05,0.0,0.0,0.05,0.0,0.0,0.0,2026-02-13 00:00:00
2026-02-13 20:00:00,32.0,-0.7,0.0,0.0,0.05,0.0,0.0,0.05,0.0,0.0,0.05,0.0,0.0,0.0,2026-02-13 00:00:00
2026-02-13 21:00:00,29.3,-0.2,0.0,0.0,0.05,0.0,0.0,0.05,0.0,0.0,0.05,0.0,0.0,0.0,2026-02-13 00:00:00
2026-02-13 22:00:00,26.4,-0.2,0.0,0.0,0.05,0.0,0.0,0.05,0.0,0.0,0.05,0.0,0.0,0.0,2026-02-13 00:00:00
2026-02-13 23:00:00,26.7,-0.1,0.0,0.0,0.05,0.0,0.0,0.05,0.0,0.0,0.05,0.0,0.0,0.0,2026-02-13 00:00:00
2026-02-14 00:00:00,23.2,-0.6,0.9988133925666537,0.9488133925666536,1.0,0.9941193707757943,0.9441193707757942,1.0,0.996466381671224,0.946466381671224,1.0,2.497033481416634,2.4852984269394858,4.98233190835612,2026-02-13 00:00:00
2026-02-14 01:00:00,14.7,-1.5,0.9848308638433083,0.9348308638433083,1.0,0.9659565500398326,0.9159565500398326,1.0,0.9753937069415705,0.9253937069415704,1.0,2.462077159608271,2.4148913750995815,4.876968534707852,2026-02-13 00:00:00
2026-02-14 02:00:00,15.2,-2.4,0.9896176243358634,0.9396176243358634,1.0,1.0,0.95,1.0,0.9948088121679317,0.9448088121679317,1.0,2.4740440608396588,2.5,4.974044060839659,2026-02-13 00:00:00
2026-02-14 03:00:00,14.4,-0.9,0.9802577410061075,0.9302577410061075,1.0,0.9562783555287209,0.9062783555287208,1.0,0.9682680482674142,0.9182680482674141,1.0,2.450644352515269,2.390695888821802,4.841340241337071,2026-02-13 00:00:00
2026-02-14 04:00:00,14.9,1.1,1.0,0.95,1.0,0.9626865676050991,0.912686567605099,1.0,0.9813432838025495,0.9313432838025495,1.0,2.5,2.4067164190127475,4.9067164190127475,2026-02-13 00:00:00
2026-02-14 05:00:00,14.9,1.9,1.0,0.95,1.0,0.9687155714987763,0.9187155714987763,1.0,0.9843577857493881,0.9343577857493881,1.0,2.5,2.421788928746941,4.921788928746941,2026-02-13 00:00:00
2026-02-14 06:00:00,16.2,3.0,1.0,0.95,1.0,1.0,0.95,1.0,1.0,0.95,1.0,2.5,2.5,5.0,2026-02-13 00:00:00
2026-02-14 07:00:00,13.1,3.7,0.984621173036896,0.934621173036896,1.0,0.94464445063042,0.89464445063042,0.9946444506304201,0.964632811833658,0.914632811833658,0.9973222253152101,2.46155293259224,2.36161112657605,4.82316405916829,2026-02-13 00:00:00
2026-02-14 08:00:00,5.7,4.3,0.163762299604602,0.113762299604602,0.21376229960460202,0.15841589644319795,0.10841589644319795,0.20841589644319797,0.16108909802389998,0.11108909802389998,0.2110890980239,0.409405749011505,0.3960397411079949,0.8054454901194998,2026-02-13 00:00:00
2026-02-14 09:00:00,4.0,3.7,0.03686353006459116,0.0,0.08686353006459116,0.02793772168846638,0.0,0.07793772168846638,0.03240062587652877,0.0,0.08240062587652877,0.09215882516147789,0.06984430422116594,0.16200312938264383,2026-02-13 00:00:00
2026-02-14 10:00:00,4.1,3.5,0.03691299331672205,0.0,0.08691299331672206,0.026573011766163973,0.0,0.07657301176616398,0.03174300254144301,0.0,0.08174300254144301,0.09228248329180512,0.06643252941540993,0.15871501270721505,2026-02-13 00:00:00
2026-02-14 11:00:00,4.7,3.7,0.06237988389942491,0.012379883899424904,0.11237988389942491,0.05019311528692827,0.00019311528692826652,0.10019311528692827,0.05628649959317659,0.006286499593176585,0.1062864995931766,0.15594970974856226,0.12548278821732067,0.28143249796588293,2026-02-13 00:00:00
2026-02-14 12:00:00,11.0,1.0,0.955054571055268,0.905054571055268,1.0,0.9422253395819815,0.8922253395819815,0.9922253395819816,0.9486399553186248,0.8986399553186247,0.9961126697909908,2.38763642763817,2.355563348954954,4.743199776593124,2026-02-13 00:00:00
2026-02-14 13:00:00,13.7,-0.4,0.9489857080858556,0.8989857080858555,0.9989857080858556,0.9114626209827322,0.8614626209827322,0.9614626209827323,0.9302241645342939,0.8802241645342939,0.980224164534294,2.372464270214639,2.2786565524568307,4.651120822671469,2026-02-13 00:00:00
2026-02-14 14:00:00,3.5,-0.1,0.01999298183516138,0.0,0.06999298183516138,0.0012496684940765427,0.0,0.05124966849407655,0.010621325164618962,0.0,0.06062132516461896,0.04998245458790345,0.0031241712351913566,0.053106625823094805,2026-02-13 00:00:00
2026-02-14 15:00:00,2.9,-1.3,0.012444399659856144,0.0,0.06244439965985615,0.004404338304211997,0.0,0.054404338304212,0.00842436898203407,0.0,0.05842436898203407,0.03111099914964036,0.011010845760529991,0.04212184491017035,2026-02-13 00:00:00
2026-02-14 16:00:00,0.9,0.1,0.0,0.0,0.05,0.0,0.0,0.05,0.0,0.0,0.05,0.0,0.0,0.0,2026-02-13 00:00:00
2026-02-14 17:00:00,4.9,0.3,0.07462638525070127,0.024626385250701266,0.12462638525070127,0.0542529478300078,0.004252947830007799,0.1042529478300078,0.06443966654035453,0.014439666540354532,0.11443966654035453,0.18656596312675316,0.1356323695750195,0.32219833270177267,2026-02-13 00:00:00
2026-02-14 18:00:00,4.3,0.4,0.04507675030985201,0.0,0.09507675030985202,0.02840581101701557,0.0,0.07840581101701558,0.03674128066343379,0.0,0.0867412806634338,0.11269187577463002,0.07101452754253892,0.18370640331716895,2026-02-13 00:00:00
2026-02-14 19:00:00,4.1,-0.1,0.03622840056272923,0.0,0.08622840056272923,0.029762397431424316,0.0,0.07976239743142433,0.03299539899707678,0.0,0.08299539899707678,0.09057100140682309,0.07440599357856079,0.16497699498538387,2026-02-13 00:00:00
2026-02-14 20:00:00,10.3,-0.3,0.8974197589516315,0.8474197589516315,0.9474197589516316,0.8632111775436675,0.8132111775436675,0.9132111775436675,0.8803154682476495,0.8303154682476495,0.9303154682476495,2.2435493973790788,2.1580279438591687,4.401577341238248,2026-02-13 00:00:00
2026-02-14 21:00:00,9.4,-0.5,0.7682443924237331,0.7182443924237331,0.8182443924237331,0.7592729576046974,0.7092729576046973,0.8092729576046974,0.7637586750142152,0.7137586750142152,0.8137586750142153,1.9206109810593328,1.8981823940117435,3.8187933750710763,2026-02-13 00:00:00
2026-02-14 22:00:00,12.7,-1.5,0.9674853946824775,0.9174853946824775,1.0,0.9668143423405983,0.9168143423405982,1.0,0.9671498685115378,0.9171498685115378,1.0,2.418713486706194,2.4170358558514957,4.835749342557689,2026-02-13 00:00:00
2026-02-14 23:00:00,13.5,-1.8,0.9806111687601466,0.9306111687601466,1.0,0.9826916459881814,0.9326916459881813,1.0,0.981651407374164,0.931651407374164,1.0,2.4515279219003667,2.4567291149704533,4.90825703687082,2026-02-13 00:00:00
2026-02-14 00:00:00,23.2,-0.6,0.9988133925666537,0.9488133925666536,1.0,0.9941193707757943,0.9441193707757942,1.0,0.996466381671224,0.946466381671224,1.0,2.497033481416634,2.4852984269394858,4.98233190835612,2026-02-14 00:00:00
2026-02-14 01:00:00,14.7,-1.5,0.9848308638433083,0.9348308638433083,1.0,0.9659565500398326,0.9159565500398326,1.0,0.9753937069415705,0.9253937069415704,1.0,2.462077159608271,2.4148913750995815,4.876968534707852,2026-02-14 00:00:00
2026-02-14 02:00:00,15.2,-2.4,0.9896176243358634,0.9396176243358634,1.0,1.0,0.95,1.0,0.9948088121679317,0.9448088121679317,1.0,2.4740440608396588,2.5,4.974044060839659,2026-02-14 00:00:00
2026-02-14 03:00:00,14.4,-0.9,0.9802577410061075,0.9302577410061075,1.0,0.9562783555287209,0.9062783555287208,1.0,0.9682680482674142,0.9182680482674141,1.0,2.450644352515269,2.390695888821802,4.841340241337071,2026-02-14 00:00:00
2026-02-14 04:00:00,14.9,1.1,1.0,0.95,1.0,0.9626865676050991,0.912686567605099,1.0,0.9813432838025495,0.9313432838025495,1.0,2.5,2.4067164190127475,4.9067164190127475,2026-02-14 00:00:00
2026-02-14 05:00:00,14.9,1.9,1.0,0.95,1.0,0.9687155714987763,0.9187155714987763,1.0,0.9843577857493881,0.9343577857493881,1.0,2.5,2.421788928746941,4.921788928746941,2026-02-14 00:00:00
2026-02-14 06:00:00,16.2,3.0,1.0,0.95,1.0,1.0,0.95,1.0,1.0,0.95,1.0,2.5,2.5,5.0,2026-02-14 00:00:00
2026-02-14 07:00:00,13.1,3.7,0.984621173036896,0.934621173036896,1.0,0.94464445063042,0.89464445063042,0.9946444506304201,0.964632811833658,0.914632811833658,0.9973222253152101,2.46155293259224,2.36161112657605,4.82316405916829,2026-02-14 00:00:00
2026-02-14 08:00:00,5.7,4.3,0.163762299604602,0.113762299604602,0.21376229960460202,0.15841589644319795,0.10841589644319795,0.20841589644319797,0.16108909802389998,0.11108909802389998,0.2110890980239,0.409405749011505,0.3960397411079949,0.8054454901194998,2026-02-14 00:00:00
2026-02-14 09:00:00,4.0,3.7,0.03686353006459116,0.0,0.08686353006459116,0.02793772168846638,0.0,0.07793772168846638,0.03240062587652877,0.0,0.08240062587652877,0.09215882516147789,0.06984430422116594,0.16200312938264383,2026-02-14 00:00:00
2026-02-14 10:00:00,4.1,3.5,0.03691299331672205,0.0,0.08691299331672206,0.026573011766163973,0.0,0.07657301176616398,0.03174300254144301,0.0,0.08174300254144301,0.09228248329180512,0.06643252941540993,0.15871501270721505,2026-02-14 00:00:00
2026-02-14 11:00:00,4.7,3.7,0.06237988389942491,0.012379883899424904,0.11237988389942491,0.05019311528692827,0.00019311528692826652,0.10019311528692827,0.05628649959317659,0.006286499593176585,0.1062864995931766,0.15594970974856226,0.12548278821732067,0.28143249796588293,2026-02-14 00:00:00
2026-02-14 12:00:00,11.0,1.0,0.955054571055268,0.905054571055268,1.0,0.9422253395819815,0.8922253395819815,0.9922253395819816,0.9486399553186248,0.8986399553186247,0.9961126697909908,2.38763642763817,2.355563348954954,4.743199776593124,2026-02-14 00:00:00
2026-02-14 13:00:00,13.7,-0.4,0.9489857080858556,0.8989857080858555,0.9989857080858556,0.9114626209827322,0.8614626209827322,0.9614626209827323,0.9302241645342939,0.8802241645342939,0.980224164534294,2.372464270214639,2.2786565524568307,4.651120822671469,2026-02-14 00:00:00
2026-02-14 14:00:00,3.5,-0.1,0.01999298183516138,0.0,0.06999298183516138,0.0012496684940765427,0.0,0.05124966849407655,0.010621325164618962,0.0,0.06062132516461896,0.04998245458790345,0.0031241712351913566,0.053106625823094805,2026-02-14 00:00:00
2026-02-14 15:00:00,2.9,-1.3,0.012444399659856144,0.0,0.06244439965985615,0.004404338304211997,0.0,0.054404338304212,0.00842436898203407,0.0,0.05842436898203407,0.03111099914964036,0.011010845760529991,0.04212184491017035,2026-02-14 00:00:00
2026-02-14 16:00:00,0.9,0.1,0.0,0.0,0.05,0.0,0.0,0.05,0.0,0.0,0.05,0.0,0.0,0.0,2026-02-14 00:00:00
2026-02-14 17:00:00,4.9,0.3,0.07462638525070127,0.024626385250701266,0.12462638525070127,0.0542529478300078,0.004252947830007799,0.1042529478300078,0.06443966654035453,0.014439666540354532,0.11443966654035453,0.18656596312675316,0.1356323695750195,0.32219833270177267,2026-02-14 00:00:00
2026-02-14 18:00:00,4.3,0.4,0.04507675030985201,0.0,0.09507675030985202,0.02840581101701557,0.0,0.07840581101701558,0.03674128066343379,0.0,0.0867412806634338,0.11269187577463002,0.07101452754253892,0.18370640331716895,2026-02-14 00:00:00
2026-02-14 19:00:00,4.1,-0.1,0.03622840056272923,0.0,0.08622840056272923,0.029762397431424316,0.0,0.07976239743142433,0.03299539899707678,0.0,0.08299539899707678,0.09057100140682309,0.07440599357856079,0.16497699498538387,2026-02-14 00:00:00
2026-02-14 20:00:00,10.3,-0.3,0.8974197589516315,0.8474197589516315,0.9474197589516316,0.8632111775436675,0.8132111775436675,0.9132111775436675,0.8803154682476495,0.8303154682476495,0.9303154682476495,2.2435493973790788,2.1580279438591687,4.401577341238248,2026-02-14 00:00:00
2026-02-14 21:00:00,9.4,-0.5,0.7682443924237331,0.7182443924237331,0.8182443924237331,0.7592729576046974,0.7092729576046973,0.8092729576046974,0.7637586750142152,0.7137586750142152,0.8137586750142153,1.9206109810593328,1.8981823940117435,3.8187933750710763,2026-02-14 00:00:00
2026-02-14 22:00:00,12.7,-1.5,0.9674853946824775,0.9174853946824775,1.0,0.9668143423405983,0.9168143423405982,1.0,0.9671498685115378,0.9171498685115378,1.0,2.418713486706194,2.4170358558514957,4.835749342557689,2026-02-14 00:00:00
2026-02-14 23:00:00,13.5,-1.8,0.9806111687601466,0.9306111687601466,1.0,0.9826916459881814,0.9326916459881813,1.0,0.981651407374164,0.931651407374164,1.0,2.4515279219003667,2.4567291149704533,4.90825703687082,2026-02-14 00:00:00
2026-02-15 00:00:00,15.5,-1.7,1.0,0.95,1.0,1.0,0.95,1.0,1.0,0.95,1.0,2.5,2.5,5.0,2026-02-14 00:00:00
2026-02-15 01:00:00,19.0,-1.8,1.0,0.95,1.0,1.0,0.95,1.0,1.0,0.95,1.0,2.5,2.5,5.0,2026-02-14 00:00:00
2026-02-15 02:00:00,22.2,-1.8,0.9965429045760262,0.9465429045760262,1.0,1.0,0.95,1.0,0.9982714522880132,0.9482714522880131,1.0,2.4913572614400654,2.5,4.991357261440066,2026-02-14 00:00:00
2026-02-15 03:00:00,22.9,-0.6,0.9936572707511276,0.9436572707511276,1.0,0.9861083799071145,0.9361083799071145,1.0,0.9898828253291211,0.939882825329121,1.0,2.484143176877819,2.4652709497677865,4.949414126645605,2026-02-14 00:00:00
2026-02-15 04:00:00,27.1,2.6,0.0,0.0,0.05,0.0,0.0,0.05,0.0,0.0,0.05,0.0,0.0,0.0,2026-02-14 00:00:00
2026-02-15 05:00:00,32.8,3.7,0.0,0.0,0.05,0.0,0.0,0.05,0.0,0.0,0.05,0.0,0.0,0.0,2026-02-14 00:00:00
2026-02-15 06:00:00,33.6,6.7,0.0,0.0,0.05,0.0,0.0,0.05,0.0,0.0,0.05,0.0,0.0,0.0,2026-02-14 00:00:00
2026-02-15 07:00:00,34.1,7.6,0.0,0.0,0.05,0.0,0.0,0.05,0.0,0.0,0.05,0.0,0.0,0.0,2026-02-14 00:00:00
2026-02-15 08:00:00,31.8,8.3,0.0,0.0,0.05,0.0,0.0,0.05,0.0,0.0,0.05,0.0,0.0,0.0,2026-02-14 00:00:00
2026-02-15 09:00:00,29.7,9.1,0.0,0.0,0.05,0.0,0.0,0.05,0.0,0.0,0.05,0.0,0.0,0.0,2026-02-14 00:00:00
2026-02-15 10:00:00,28.6,8.3,0.0,0.0,0.05,0.0,0.0,0.05,0.0,0.0,0.05,0.0,0.0,0.0,2026-02-14 00:00:00
2026-02-15 11:00:00,29.7,7.1,0.0,0.0,0.05,0.0,0.0,0.05,0.0,0.0,0.05,0.0,0.0,0.0,2026-02-14 00:00:00
2026-02-15 12:00:00,30.7,4.9,0.0,0.0,0.05,0.0,0.0,0.05,0.0,0.0,0.05,0.0,0.0,0.0,2026-02-14 00:00:00
2026-02-15 13:00:00,27.9,2.6,0.0,0.0,0.05,0.0,0.0,0.05,0.0,0.0,0.05,0.0,0.0,0.0,2026-02-14 00:00:00
2026-02-15 14:00:00,27.7,1.9,0.0,0.0,0.05,0.0,0.0,0.05,0.0,0.0,0.05,0.0,0.0,0.0,2026-02-14 00:00:00
2026-02-15 15:00:00,26.5,1.6,0.0,0.0,0.05,0.0,0.0,0.05,0.0,0.0,0.05,0.0,0.0,0.0,2026-02-14 00:00:00
2026-02-15 16:00:00,20.6,1.5,0.9897839557761837,0.9397839557761837,1.0,0.9655371245524298,0.9155371245524297,1.0,0.9776605401643068,0.9276605401643068,1.0,2.4744598894404595,2.4138428113810746,4.888302700821534,2026-02-14 00:00:00
2026-02-15 17:00:00,15.8,1.6,0.9938760443361077,0.9438760443361076,1.0,0.9722676851876111,0.922267685187611,1.0,0.9830718647618594,0.9330718647618593,1.0,2.484690110840269,2.4306692129690277,4.915359323809297,2026-02-14 00:00:00
2026-02-15 18:00:00,17.5,1.8,0.9882029194290969,0.9382029194290968,1.0,0.9745584023109777,0.9245584023109776,1.0,0.9813806608700373,0.9313806608700372,1.0,2.470507298572742,2.436396005777444,4.906903304350187,2026-02-14 00:00:00
2026-02-15 19:00:00,21.3,1.6,0.9939885999930147,0.9439885999930147,1.0,0.9622253158344299,0.9122253158344299,1.0,0.9781069579137223,0.9281069579137222,1.0,2.484971499982537,2.405563289586075,4.890534789568611,2026-02-14 00:00:00
2026-02-15 20:00:00,19.7,1.5,0.9823464342922926,0.9323464342922926,1.0,0.9056602857332787,0.8556602857332787,0.9556602857332788,0.9440033600127857,0.8940033600127857,0.9778301428666394,2.4558660857307317,2.264150714333197,4.720016800063929,2026-02-14 00:00:00
2026-02-15 21:00:00,23.0,1.7,0.9700912542334785,0.9200912542334785,1.0,0.8348705626444494,0.7848705626444493,0.8848705626444494,0.902480908438964,0.852480908438964,0.9424352813222248,2.4252281355836964,2.0871764066111234,4.51240454219482,2026-02-14 00:00:00
2026-02-15 22:00:00,26.7,1.7,0.0,0.0,0.05,0.0,0.0,0.05,0.0,0.0,0.05,0.0,0.0,0.0,2026-02-14 00:00:00
2026-02-15 23:00:00,27.6,1.2,0.0,0.0,0.05,0.0,0.0,0.05,0.0,0.0,0.05,0.0,0.0,0.0,2026-02-14 00:00:00
2026-02-15 00:00:00,15.5,-1.7,1.0,0.95,1.0,1.0,0.95,1.0,1.0,0.95,1.0,2.5,2.5,5.0,2026-02-15 00:00:00
2026-02-15 01:00:00,19.0,-1.8,1.0,0.95,1.0,1.0,0.95,1.0,1.0,0.95,1.0,2.5,2.5,5.0,2026-02-15 00:00:00
2026-02-15 02:00:00,22.2,-1.8,0.9965429045760262,0.9465429045760262,1.0,1.0,0.95,1.0,0.9982714522880132,0.9482714522880131,1.0,2.4913572614400654,2.5,4.991357261440066,2026-02-15 00:00:00
2026-02-15 03:00:00,22.9,-0.6,0.9936572707511276,0.9436572707511276,1.0,0.9861083799071145,0.9361083799071145,1.0,0.9898828253291211,0.939882825329121,1.0,2.484143176877819,2.4652709497677865,4.949414126645605,2026-02-15 00:00:00
2026-02-15 04:00:00,27.1,2.6,0.0,0.0,0.05,0.0,0.0,0.05,0.0,0.0,0.05,0.0,0.0,0.0,2026-02-15 00:00:00
2026-02-15 05:00:00,32.8,3.7,0.0,0.0,0.05,0.0,0.0,0.05,0.0,0.0,0.05,0.0,0.0,0.0,2026-02-15 00:00:00
2026-02-15 06:00:00,33.6,6.7,0.0,0.0,0.05,0.0,0.0,0.05,0.0,0.0,0.05,0.0,0.0,0.0,2026-02-15 00:00:00
2026-02-15 07:00:00,34.1,7.6,0.0,0.0,0.05,0.0,0.0,0.05,0.0,0.0,0.05,0.0,0.0,0.0,2026-02-15 00:00:00
2026-02-15 08:00:00,31.8,8.3,0.0,0.0,0.05,0.0,0.0,0.05,0.0,0.0,0.05,0.0,0.0,0.0,2026-02-15 00:00:00
2026-02-15 09:00:00,29.7,9.1,0.0,0.0,0.05,0.0,0.0,0.05,0.0,0.0,0.05,0.0,0.0,0.0,2026-02-15 00:00:00
2026-02-15 10:00:00,28.6,8.3,0.0,0.0,0.05,0.0,0.0,0.05,0.0,0.0,0.05,0.0,0.0,0.0,2026-02-15 00:00:00
2026-02-15 11:00:00,29.7,7.1,0.0,0.0,0.05,0.0,0.0,0.05,0.0,0.0,0.05,0.0,0.0,0.0,2026-02-15 00:00:00
2026-02-15 12:00:00,30.7,4.9,0.0,0.0,0.05,0.0,0.0,0.05,0.0,0.0,0.05,0.0,0.0,0.0,2026-02-15 00:00:00
2026-02-15 13:00:00,27.9,2.6,0.0,0.0,0.05,0.0,0.0,0.05,0.0,0.0,0.05,0.0,0.0,0.0,2026-02-15 00:00:00
2026-02-15 14:00:00,27.7,1.9,0.0,0.0,0.05,0.0,0.0,0.05,0.0,0.0,0.05,0.0,0.0,0.0,2026-02-15 00:00:00
2026-02-15 15:00:00,26.5,1.6,0.0,0.0,0.05,0.0,0.0,0.05,0.0,0.0,0.05,0.0,0.0,0.0,2026-02-15 00:00:00
2026-02-15 16:00:00,20.6,1.5,0.9897839557761837,0.9397839557761837,1.0,0.9655371245524298,0.9155371245524297,1.0,0.9776605401643068,0.9276605401643068,1.0,2.4744598894404595,2.4138428113810746,4.888302700821534,2026-02-15 00:00:00
2026-02-15 17:00:00,15.8,1.6,0.9938760443361077,0.9438760443361076,1.0,0.9722676851876111,0.922267685187611,1.0,0.9830718647618594,0.9330718647618593,1.0,2.484690110840269,2.4306692129690277,4.915359323809297,2026-02-15 00:00:00
2026-02-15 18:00:00,17.5,1.8,0.9882029194290969,0.9382029194290968,1.0,0.9745584023109777,0.9245584023109776,1.0,0.9813806608700373,0.9313806608700372,1.0,2.470507298572742,2.436396005777444,4.906903304350187,2026-02-15 00:00:00
2026-02-15 19:00:00,21.3,1.6,0.9939885999930147,0.9439885999930147,1.0,0.9622253158344299,0.9122253158344299,1.0,0.9781069579137223,0.9281069579137222,1.0,2.484971499982537,2.405563289586075,4.890534789568611,2026-02-15 00:00:00
2026-02-15 20:00:00,19.7,1.5,0.9823464342922926,0.9323464342922926,1.0,0.9056602857332787,0.8556602857332787,0.9556602857332788,0.9440033600127857,0.8940033600127857,0.9778301428666394,2.4558660857307317,2.264150714333197,4.720016800063929,2026-02-15 00:00:00
2026-02-15 21:00:00,23.0,1.7,0.9700912542334785,0.9200912542334785,1.0,0.8348705626444494,0.7848705626444493,0.8848705626444494,0.902480908438964,0.852480908438964,0.9424352813222248,2.4252281355836964,2.0871764066111234,4.51240454219482,2026-02-15 00:00:00
2026-02-15 22:00:00,26.7,1.7,0.0,0.0,0.05,0.0,0.0,0.05,0.0,0.0,0.05,0.0,0.0,0.0,2026-02-15 00:00:00
2026-02-15 23:00:00,27.6,1.2,0.0,0.0,0.05,0.0,0.0,0.05,0.0,0.0,0.05,0.0,0.0,0.0,2026-02-15 00:00:00
2026-02-16 00:00:00,25.5,1.6,0.0,0.0,0.05,0.0,0.0,0.05,0.0,0.0,0.05,0.0,0.0,0.0,2026-02-15 00:00:00
2026-02-16 01:00:00,22.4,1.0,1.0,0.95,1.0,0.983449688652242,0.933449688652242,1.0,0.9917248443261211,0.941724844326121,1.0,2.5,2.458624221630605,4.958624221630606,2026-02-15 00:00:00
2026-02-16 02:00:00,23.9,0.7,0.9978133892311253,0.9478133892311252,1.0,0.9887700608709052,0.9387700608709052,1.0,0.9932917250510153,0.9432917250510152,1.0,2.494533473077813,2.471925152177263,4.966458625255076,2026-02-15 00:00:00
2026-02-16 03:00:00,24.3,2.1,0.0,0.0,0.05,0.0,0.0,0.05,0.0,0.0,0.05,0.0,0.0,0.0,2026-02-15 00:00:00
2026-02-16 04:00:00,24.5,3.1,0.0,0.0,0.05,0.0,0.0,0.05,0.0,0.0,0.05,0.0,0.0,0.0,2026-02-15 00:00:00
2026-02-16 05:00:00,21.7,4.7,1.0,0.95,1.0,0.9662707079752886,0.9162707079752885,1.0,0.9831353539876443,0.9331353539876442,1.0,2.5,2.4156767699382216,4.915676769938221,2026-02-15 00:00:00
2026-02-16 06:00:00,25.7,7.6,0.0,0.0,0.05,0.0,0.0,0.05,0.0,0.0,0.05,0.0,0.0,0.0,2026-02-15 00:00:00
2026-02-16 07:00:00,27.1,8.5,0.0,0.0,0.05,0.0,0.0,0.05,0.0,0.0,0.05,0.0,0.0,0.0,2026-02-15 00:00:00
2026-02-16 08:00:00,27.0,8.9,0.0,0.0,0.05,0.0,0.0,0.05,0.0,0.0,0.05,0.0,0.0,0.0,2026-02-15 00:00:00
2026-02-16 09:00:00,24.7,9.4,0.0,0.0,0.05,0.0,0.0,0.05,0.0,0.0,0.05,0.0,0.0,0.0,2026-02-15 00:00:00
2026-02-16 10:00:00,24.0,8.4,0.975042107420994,0.9250421074209939,1.0,0.9794631575405931,0.929463157540593,1.0,0.9772526324807935,0.9272526324807935,1.0,2.4376052685524847,2.448657893851483,4.886263162403967,2026-02-15 00:00:00
2026-02-16 11:00:00,19.8,7.9,0.9795382610880267,0.9295382610880266,1.0,0.9798837125173545,0.9298837125173545,1.0,0.9797109868026905,0.9297109868026905,1.0,2.448845652720067,2.4497092812933863,4.898554934013452,2026-02-15 00:00:00
2026-02-16 12:00:00,22.1,6.9,0.981757260845711,0.931757260845711,1.0,0.9794615570942159,0.9294615570942159,1.0,0.9806094089699635,0.9306094089699635,1.0,2.4543931521142777,2.44865389273554,4.903047044849817,2026-02-15 00:00:00
2026-02-16 13:00:00,20.6,4.7,0.9984219862719218,0.9484219862719218,1.0,0.9794136677333596,0.9294136677333595,1.0,0.9889178270026406,0.9389178270026406,1.0,2.4960549656798046,2.448534169333399,4.944589135013203,2026-02-15 00:00:00
2026-02-16 14:00:00,23.8,3.9,0.9945606085478892,0.9445606085478891,1.0,0.9760451486090966,0.9260451486090966,1.0,0.985302878578493,0.9353028785784929,1.0,2.486401521369723,2.4401128715227416,4.926514392892464,2026-02-15 00:00:00
2026-02-16 15:00:00,26.1,4.0,0.0,0.0,0.05,0.0,0.0,0.05,0.0,0.0,0.05,0.0,0.0,0.0,2026-02-15 00:00:00
2026-02-16 16:00:00,27.0,3.8,0.0,0.0,0.05,0.0,0.0,0.05,0.0,0.0,0.05,0.0,0.0,0.0,2026-02-15 00:00:00
2026-02-16 17:00:00,24.3,3.5,0.0,0.0,0.05,0.0,0.0,0.05,0.0,0.0,0.05,0.0,0.0,0.0,2026-02-15 00:00:00
2026-02-16 18:00:00,20.3,3.2,0.9839104634159932,0.9339104634159932,1.0,0.9437489646391543,0.8937489646391542,0.9937489646391543,0.9638297140275738,0.9138297140275737,0.9968744823195772,2.459776158539983,2.3593724115978856,4.819148570137869,2026-02-15 00:00:00
2026-02-16 19:00:00,22.8,3.5,0.9600167711576497,0.9100167711576497,1.0,0.9145186295720872,0.8645186295720871,0.9645186295720872,0.9372677003648684,0.8872677003648684,0.9822593147860437,2.400041927894124,2.286296573930218,4.686338501824342,2026-02-15 00:00:00
2026-02-16 20:00:00,20.9,2.9,0.9809083211373344,0.9309083211373343,1.0,0.8894986044820729,0.8394986044820728,0.9394986044820729,0.9352034628097037,0.8852034628097036,0.9697493022410364,2.452270802843336,2.223746511205182,4.676017314048519,2026-02-15 00:00:00
2026-02-16 21:00:00,19.3,2.8,0.9686531410785203,0.9186531410785203,1.0,0.8215014610467739,0.7715014610467739,0.871501461046774,0.8950773010626472,0.8450773010626471,0.935750730523387,2.421632852696301,2.0537536526169347,4.475386505313236,2026-02-15 00:00:00
2026-02-16 22:00:00,17.3,3.1,0.9686531410785203,0.9186531410785203,1.0,0.8529639542384596,0.8029639542384596,0.9029639542384597,0.91080854765849,0.8608085476584899,0.9514819771192298,2.421632852696301,2.132409885596149,4.55404273829245,2026-02-15 00:00:00
2026-02-16 23:00:00,19.0,3.4,0.9749910441507581,0.9249910441507581,1.0,0.9012242076774782,0.8512242076774782,0.9512242076774783,0.9381076259141181,0.8881076259141181,0.9756121038387391,2.437477610376895,2.2530605191936957,4.690538129570591,2026-02-15 00:00:00
2026-02-16 00:00:00,25.5,1.6,0.0,0.0,0.05,0.0,0.0,0.05,0.0,0.0,0.05,0.0,0.0,0.0,2026-02-16 00:00:00
2026-02-16 01:00:00,22.4,1.0,1.0,0.95,1.0,0.983449688652242,0.933449688652242,1.0,0.9917248443261211,0.941724844326121,1.0,2.5,2.458624221630605,4.958624221630606,2026-02-16 00:00:00
2026-02-16 02:00:00,23.9,0.7,0.9978133892311253,0.9478133892311252,1.0,0.9887700608709052,0.9387700608709052,1.0,0.9932917250510153,0.9432917250510152,1.0,2.494533473077813,2.471925152177263,4.966458625255076,2026-02-16 00:00:00
2026-02-16 03:00:00,24.3,2.1,0.0,0.0,0.05,0.0,0.0,0.05,0.0,0.0,0.05,0.0,0.0,0.0,2026-02-16 00:00:00
2026-02-16 04:00:00,24.5,3.1,0.0,0.0,0.05,0.0,0.0,0.05,0.0,0.0,0.05,0.0,0.0,0.0,2026-02-16 00:00:00
2026-02-16 05:00:00,21.7,4.7,1.0,0.95,1.0,0.9662707079752886,0.9162707079752885,1.0,0.9831353539876443,0.9331353539876442,1.0,2.5,2.4156767699382216,4.915676769938221,2026-02-16 00:00:00
2026-02-16 06:00:00,25.7,7.6,0.0,0.0,0.05,0.0,0.0,0.05,0.0,0.0,0.05,0.0,0.0,0.0,2026-02-16 00:00:00
2026-02-16 07:00:00,27.1,8.5,0.0,0.0,0.05,0.0,0.0,0.05,0.0,0.0,0.05,0.0,0.0,0.0,2026-02-16 00:00:00
2026-02-16 08:00:00,27.0,8.9,0.0,0.0,0.05,0.0,0.0,0.05,0.0,0.0,0.05,0.0,0.0,0.0,2026-02-16 00:00:00
2026-02-16 09:00:00,24.7,9.4,0.0,0.0,0.05,0.0,0.0,0.05,0.0,0.0,0.05,0.0,0.0,0.0,2026-02-16 00:00:00
2026-02-16 10:00:00,24.0,8.4,0.975042107420994,0.9250421074209939,1.0,0.9794631575405931,0.929463157540593,1.0,0.9772526324807935,0.9272526324807935,1.0,2.4376052685524847,2.448657893851483,4.886263162403967,2026-02-16 00:00:00
2026-02-16 11:00:00,19.8,7.9,0.9795382610880267,0.9295382610880266,1.0,0.9798837125173545,0.9298837125173545,1.0,0.9797109868026905,0.9297109868026905,1.0,2.448845652720067,2.4497092812933863,4.898554934013452,2026-02-16 00:00:00
2026-02-16 12:00:00,22.1,6.9,0.981757260845711,0.931757260845711,1.0,0.9794615570942159,0.9294615570942159,1.0,0.9806094089699635,0.9306094089699635,1.0,2.4543931521142777,2.44865389273554,4.903047044849817,2026-02-16 00:00:00
2026-02-16 13:00:00,20.6,4.7,0.9984219862719218,0.9484219862719218,1.0,0.9794136677333596,0.9294136677333595,1.0,0.9889178270026406,0.9389178270026406,1.0,2.4960549656798046,2.448534169333399,4.944589135013203,2026-02-16 00:00:00
2026-02-16 14:00:00,23.8,3.9,0.9945606085478892,0.9445606085478891,1.0,0.9760451486090966,0.9260451486090966,1.0,0.985302878578493,0.9353028785784929,1.0,2.486401521369723,2.4401128715227416,4.926514392892464,2026-02-16 00:00:00
2026-02-16 15:00:00,26.1,4.0,0.0,0.0,0.05,0.0,0.0,0.05,0.0,0.0,0.05,0.0,0.0,0.0,2026-02-16 00:00:00
2026-02-16 16:00:00,27.0,3.8,0.0,0.0,0.05,0.0,0.0,0.05,0.0,0.0,0.05,0.0,0.0,0.0,2026-02-16 00:00:00
2026-02-16 17:00:00,24.3,3.5,0.0,0.0,0.05,0.0,0.0,0.05,0.0,0.0,0.05,0.0,0.0,0.0,2026-02-16 00:00:00
2026-02-16 18:00:00,20.3,3.2,0.9839104634159932,0.9339104634159932,1.0,0.9437489646391543,0.8937489646391542,0.9937489646391543,0.9638297140275738,0.9138297140275737,0.9968744823195772,2.459776158539983,2.3593724115978856,4.819148570137869,2026-02-16 00:00:00
2026-02-16 19:00:00,22.8,3.5,0.9600167711576497,0.9100167711576497,1.0,0.9145186295720872,0.8645186295720871,0.9645186295720872,0.9372677003648684,0.8872677003648684,0.9822593147860437,2.400041927894124,2.286296573930218,4.686338501824342,2026-02-16 00:00:00
2026-02-16 20:00:00,20.9,2.9,0.9809083211373344,0.9309083211373343,1.0,0.8894986044820729,0.8394986044820728,0.9394986044820729,0.9352034628097037,0.8852034628097036,0.9697493022410364,2.452270802843336,2.223746511205182,4.676017314048519,2026-02-16 00:00:00
2026-02-16 21:00:00,19.3,2.8,0.9686531410785203,0.9186531410785203,1.0,0.8215014610467739,0.7715014610467739,0.871501461046774,0.8950773010626472,0.8450773010626471,0.935750730523387,2.421632852696301,2.0537536526169347,4.475386505313236,2026-02-16 00:00:00
2026-02-16 22:00:00,17.3,3.1,0.9686531410785203,0.9186531410785203,1.0,0.8529639542384596,0.8029639542384596,0.9029639542384597,0.91080854765849,0.8608085476584899,0.9514819771192298,2.421632852696301,2.132409885596149,4.55404273829245,2026-02-16 00:00:00
2026-02-16 23:00:00,19.0,3.4,0.9749910441507581,0.9249910441507581,1.0,0.9012242076774782,0.8512242076774782,0.9512242076774783,0.9381076259141181,0.8881076259141181,0.9756121038387391,2.437477610376895,2.2530605191936957,4.690538129570591,2026-02-16 00:00:00
2026-02-17 00:00:00,23.9,3.4,1.0,0.95,1.0,0.9710899101465787,0.9210899101465787,1.0,0.9855449550732893,0.9355449550732893,1.0,2.5,2.427724775366447,4.927724775366446,2026-02-16 00:00:00
2026-02-17 01:00:00,20.4,3.2,1.0,0.95,1.0,0.9920616344912612,0.9420616344912611,1.0,0.9960308172456306,0.9460308172456305,1.0,2.5,2.480154086228153,4.980154086228153,2026-02-16 00:00:00
2026-02-17 02:00:00,16.5,2.9,0.9998553215471875,0.9498553215471874,1.0,0.9946022622400923,0.9446022622400922,1.0,0.9972287918936399,0.9472287918936398,1.0,2.4996383038679686,2.4865056556002307,4.986143959468199,2026-02-16 00:00:00
2026-02-17 03:00:00,19.4,3.1,0.9959287836235127,0.9459287836235126,1.0,0.9914087792657242,0.9414087792657242,1.0,0.9936687814446185,0.9436687814446184,1.0,2.489821959058782,2.4785219481643104,4.968343907223092,2026-02-16 00:00:00
2026-02-17 04:00:00,16.5,4.0,1.0,0.95,1.0,0.9933877234737114,0.9433877234737114,1.0,0.9966938617368557,0.9466938617368557,1.0,2.5,2.4834693086842785,4.9834693086842785,2026-02-16 00:00:00
2026-02-17 05:00:00,18.1,5.6,0.9843551956112832,0.9343551956112831,1.0,0.9738871294669902,0.9238871294669901,1.0,0.9791211625391367,0.9291211625391367,1.0,2.460887989028208,2.4347178236674756,4.895605812695684,2026-02-16 00:00:00
2026-02-17 06:00:00,20.1,5.5,0.971899378944328,0.9218993789443279,1.0,0.9710567789256386,0.9210567789256385,1.0,0.9714780789349833,0.9214780789349832,1.0,2.42974844736082,2.4276419473140964,4.857390394674916,2026-02-16 00:00:00
2026-02-17 07:00:00,18.0,6.0,0.9833911041498815,0.9333911041498815,1.0,0.9750972961100557,0.9250972961100556,1.0,0.9792442001299686,0.9292442001299686,1.0,2.458477760374704,2.437743240275139,4.8962210006498434,2026-02-16 00:00:00
2026-02-17 08:00:00,18.2,7.3,0.9749103750653247,0.9249103750653247,1.0,0.9702961036678164,0.9202961036678163,1.0,0.9726032393665706,0.9226032393665705,1.0,2.437275937663312,2.425740259169541,4.863016196832853,2026-02-16 00:00:00
2026-02-17 09:00:00,18.1,9.2,0.9727295970310301,0.9227295970310301,1.0,0.9764491611261236,0.9264491611261235,1.0,0.9745893790785769,0.9245893790785769,1.0,2.4318239925775753,2.4411229028153087,4.872946895392884,2026-02-16 00:00:00
2026-02-17 10:00:00,18.5,9.6,0.9730647924005794,0.9230647924005794,1.0,0.9809282594458238,0.9309282594458238,1.0,0.9769965259232016,0.9269965259232016,1.0,2.4326619810014485,2.4523206486145597,4.884982629616008,2026-02-16 00:00:00
2026-02-17 11:00:00,21.5,8.8,0.9673316379443342,0.9173316379443341,1.0,0.9794606930594028,0.9294606930594027,1.0,0.9733961655018685,0.9233961655018684,1.0,2.4183290948608356,2.448651732648507,4.866980827509343,2026-02-16 00:00:00
2026-02-17 12:00:00,25.5,7.1,0.0,0.0,0.05,0.0,0.0,0.05,0.0,0.0,0.05,0.0,0.0,0.0,2026-02-16 00:00:00
2026-02-17 13:00:00,26.9,5.9,0.0,0.0,0.05,0.0,0.0,0.05,0.0,0.0,0.05,0.0,0.0,0.0,2026-02-16 00:00:00
2026-02-17 14:00:00,27.9,4.9,0.0,0.0,0.05,0.0,0.0,0.05,0.0,0.0,0.05,0.0,0.0,0.0,2026-02-16 00:00:00
2026-02-17 15:00:00,28.4,4.2,0.0,0.0,0.05,0.0,0.0,0.05,0.0,0.0,0.05,0.0,0.0,0.0,2026-02-16 00:00:00
2026-02-17 16:00:00,28.7,3.1,0.0,0.0,0.05,0.0,0.0,0.05,0.0,0.0,0.05,0.0,0.0,0.0,2026-02-16 00:00:00
2026-02-17 17:00:00,28.4,1.9,0.0,0.0,0.05,0.0,0.0,0.05,0.0,0.0,0.05,0.0,0.0,0.0,2026-02-16 00:00:00
2026-02-17 18:00:00,28.9,1.6,0.0,0.0,0.05,0.0,0.0,0.05,0.0,0.0,0.05,0.0,0.0,0.0,2026-02-16 00:00:00
2026-02-17 19:00:00,27.0,1.3,0.0,0.0,0.05,0.0,0.0,0.05,0.0,0.0,0.05,0.0,0.0,0.0,2026-02-16 00:00:00
2026-02-17 20:00:00,25.3,1.2,0.0,0.0,0.05,0.0,0.0,0.05,0.0,0.0,0.05,0.0,0.0,0.0,2026-02-16 00:00:00
2026-02-17 21:00:00,26.6,1.5,0.0,0.0,0.05,0.0,0.0,0.05,0.0,0.0,0.05,0.0,0.0,0.0,2026-02-16 00:00:00
2026-02-17 22:00:00,26.7,1.7,0.0,0.0,0.05,0.0,0.0,0.05,0.0,0.0,0.05,0.0,0.0,0.0,2026-02-16 00:00:00
2026-02-17 23:00:00,27.9,1.8,0.0,0.0,0.05,0.0,0.0,0.05,0.0,0.0,0.05,0.0,0.0,0.0,2026-02-16 00:00:00
2026-02-17 00:00:00,23.9,3.4,1.0,0.95,1.0,0.9710899101465787,0.9210899101465787,1.0,0.9855449550732893,0.9355449550732893,1.0,2.5,2.427724775366447,4.927724775366446,2026-02-17 00:00:00
2026-02-17 01:00:00,20.4,3.2,1.0,0.95,1.0,0.9920616344912612,0.9420616344912611,1.0,0.9960308172456306,0.9460308172456305,1.0,2.5,2.480154086228153,4.980154086228153,2026-02-17 00:00:00
2026-02-17 02:00:00,16.5,2.9,0.9998553215471875,0.9498553215471874,1.0,0.9946022622400923,0.9446022622400922,1.0,0.9972287918936399,0.9472287918936398,1.0,2.4996383038679686,2.4865056556002307,4.986143959468199,2026-02-17 00:00:00
2026-02-17 03:00:00,19.4,3.1,0.9959287836235127,0.9459287836235126,1.0,0.9914087792657242,0.9414087792657242,1.0,0.9936687814446185,0.9436687814446184,1.0,2.489821959058782,2.4785219481643104,4.968343907223092,2026-02-17 00:00:00
2026-02-17 04:00:00,16.5,4.0,1.0,0.95,1.0,0.9933877234737114,0.9433877234737114,1.0,0.9966938617368557,0.9466938617368557,1.0,2.5,2.4834693086842785,4.9834693086842785,2026-02-17 00:00:00
2026-02-17 05:00:00,18.1,5.6,0.9843551956112832,0.9343551956112831,1.0,0.9738871294669902,0.9238871294669901,1.0,0.9791211625391367,0.9291211625391367,1.0,2.460887989028208,2.4347178236674756,4.895605812695684,2026-02-17 00:00:00
2026-02-17 06:00:00,20.1,5.5,0.971899378944328,0.9218993789443279,1.0,0.9710567789256386,0.9210567789256385,1.0,0.9714780789349833,0.9214780789349832,1.0,2.42974844736082,2.4276419473140964,4.857390394674916,2026-02-17 00:00:00
2026-02-17 07:00:00,18.0,6.0,0.9833911041498815,0.9333911041498815,1.0,0.9750972961100557,0.9250972961100556,1.0,0.9792442001299686,0.9292442001299686,1.0,2.458477760374704,2.437743240275139,4.8962210006498434,2026-02-17 00:00:00
2026-02-17 08:00:00,18.2,7.3,0.9749103750653247,0.9249103750653247,1.0,0.9702961036678164,0.9202961036678163,1.0,0.9726032393665706,0.9226032393665705,1.0,2.437275937663312,2.425740259169541,4.863016196832853,2026-02-17 00:00:00
2026-02-17 09:00:00,18.1,9.2,0.9727295970310301,0.9227295970310301,1.0,0.9764491611261236,0.9264491611261235,1.0,0.9745893790785769,0.9245893790785769,1.0,2.4318239925775753,2.4411229028153087,4.872946895392884,2026-02-17 00:00:00
2026-02-17 10:00:00,18.5,9.6,0.9730647924005794,0.9230647924005794,1.0,0.9809282594458238,0.9309282594458238,1.0,0.9769965259232016,0.9269965259232016,1.0,2.4326619810014485,2.4523206486145597,4.884982629616008,2026-02-17 00:00:00
2026-02-17 11:00:00,21.5,8.8,0.9673316379443342,0.9173316379443341,1.0,0.9794606930594028,0.9294606930594027,1.0,0.9733961655018685,0.9233961655018684,1.0,2.4183290948608356,2.448651732648507,4.866980827509343,2026-02-17 00:00:00
2026-02-17 12:00:00,25.5,7.1,0.0,0.0,0.05,0.0,0.0,0.05,0.0,0.0,0.05,0.0,0.0,0.0,2026-02-17 00:00:00
2026-02-17 13:00:00,26.9,5.9,0.0,0.0,0.05,0.0,0.0,0.05,0.0,0.0,0.05,0.0,0.0,0.0,2026-02-17 00:00:00
2026-02-17 14:00:00,27.9,4.9,0.0,0.0,0.05,0.0,0.0,0.05,0.0,0.0,0.05,0.0,0.0,0.0,2026-02-17 00:00:00
2026-02-17 15:00:00,28.4,4.2,0.0,0.0,0.05,0.0,0.0,0.05,0.0,0.0,0.05,0.0,0.0,0.0,2026-02-17 00:00:00
2026-02-17 16:00:00,28.7,3.1,0.0,0.0,0.05,0.0,0.0,0.05,0.0,0.0,0.05,0.0,0.0,0.0,2026-02-17 00:00:00
2026-02-17 17:00:00,28.4,1.9,0.0,0.0,0.05,0.0,0.0,0.05,0.0,0.0,0.05,0.0,0.0,0.0,2026-02-17 00:00:00
2026-02-17 18:00:00,28.9,1.6,0.0,0.0,0.05,0.0,0.0,0.05,0.0,0.0,0.05,0.0,0.0,0.0,2026-02-17 00:00:00
2026-02-17 19:00:00,27.0,1.3,0.0,0.0,0.05,0.0,0.0,0.05,0.0,0.0,0.05,0.0,0.0,0.0,2026-02-17 00:00:00
2026-02-17 20:00:00,25.3,1.2,0.0,0.0,0.05,0.0,0.0,0.05,0.0,0.0,0.05,0.0,0.0,0.0,2026-02-17 00:00:00
2026-02-17 21:00:00,26.6,1.5,0.0,0.0,0.05,0.0,0.0,0.05,0.0,0.0,0.05,0.0,0.0,0.0,2026-02-17 00:00:00
2026-02-17 22:00:00,26.7,1.7,0.0,0.0,0.05,0.0,0.0,0.05,0.0,0.0,0.05,0.0,0.0,0.0,2026-02-17 00:00:00
2026-02-17 23:00:00,27.9,1.8,0.0,0.0,0.05,0.0,0.0,0.05,0.0,0.0,0.05,0.0,0.0,0.0,2026-02-17 00:00:00
2026-02-18 00:00:00,23.9,2.1,1.0,0.95,1.0,0.9891308730954129,0.9391308730954129,1.0,0.9945654365477065,0.9445654365477064,1.0,2.5,2.4728271827385324,4.972827182738532,2026-02-17 00:00:00
2026-02-18 01:00:00,27.8,1.7,0.0,0.0,0.05,0.0,0.0,0.05,0.0,0.0,0.05,0.0,0.0,0.0,2026-02-17 00:00:00
2026-02-18 02:00:00,28.7,1.7,0.0,0.0,0.05,0.0,0.0,0.05,0.0,0.0,0.05,0.0,0.0,0.0,2026-02-17 00:00:00
2026-02-18 03:00:00,29.3,2.9,0.0,0.0,0.05,0.0,0.0,0.05,0.0,0.0,0.05,0.0,0.0,0.0,2026-02-17 00:00:00
2026-02-18 04:00:00,30.9,5.4,0.0,0.0,0.05,0.0,0.0,0.05,0.0,0.0,0.05,0.0,0.0,0.0,2026-02-17 00:00:00
2026-02-18 05:00:00,36.2,8.5,0.0,0.0,0.05,0.0,0.0,0.05,0.0,0.0,0.05,0.0,0.0,0.0,2026-02-17 00:00:00
2026-02-18 06:00:00,40.8,10.9,0.0,0.0,0.05,0.0,0.0,0.05,0.0,0.0,0.05,0.0,0.0,0.0,2026-02-17 00:00:00
2026-02-18 07:00:00,38.9,12.8,0.0,0.0,0.05,0.0,0.0,0.05,0.0,0.0,0.05,0.0,0.0,0.0,2026-02-17 00:00:00
2026-02-18 08:00:00,37.1,13.9,0.0,0.0,0.05,0.0,0.0,0.05,0.0,0.0,0.05,0.0,0.0,0.0,2026-02-17 00:00:00
2026-02-18 09:00:00,35.8,14.0,0.0,0.0,0.05,0.0,0.0,0.05,0.0,0.0,0.05,0.0,0.0,0.0,2026-02-17 00:00:00
2026-02-18 10:00:00,34.8,13.2,0.0,0.0,0.05,0.0,0.0,0.05,0.0,0.0,0.05,0.0,0.0,0.0,2026-02-17 00:00:00
2026-02-18 11:00:00,34.9,11.7,0.0,0.0,0.05,0.0,0.0,0.05,0.0,0.0,0.05,0.0,0.0,0.0,2026-02-17 00:00:00
2026-02-18 12:00:00,31.5,9.5,0.0,0.0,0.05,0.0,0.0,0.05,0.0,0.0,0.05,0.0,0.0,0.0,2026-02-17 00:00:00
2026-02-18 13:00:00,28.8,7.3,0.0,0.0,0.05,0.0,0.0,0.05,0.0,0.0,0.05,0.0,0.0,0.0,2026-02-17 00:00:00
2026-02-18 14:00:00,25.5,5.2,0.0,0.0,0.05,0.0,0.0,0.05,0.0,0.0,0.05,0.0,0.0,0.0,2026-02-17 00:00:00
2026-02-18 15:00:00,26.8,4.5,0.0,0.0,0.05,0.0,0.0,0.05,0.0,0.0,0.05,0.0,0.0,0.0,2026-02-17 00:00:00
2026-02-18 16:00:00,23.3,3.6,0.9791944325891362,0.9291944325891361,1.0,0.955540391187936,0.905540391187936,1.0,0.967367411888536,0.917367411888536,1.0,2.4479860814728402,2.38885097796984,4.83683705944268,2026-02-17 00:00:00
2026-02-18 17:00:00,22.8,2.9,0.9891648366614695,0.9391648366614694,1.0,0.9595282380134842,0.9095282380134841,1.0,0.9743465373374769,0.9243465373374768,1.0,2.4729120916536735,2.3988205950337105,4.871732686687384,2026-02-17 00:00:00
2026-02-18 18:00:00,23.5,2.8,0.9724931747120018,0.9224931747120018,1.0,0.9177024182253758,0.8677024182253757,0.9677024182253758,0.9450977964686889,0.8950977964686888,0.9838512091126879,2.4312329367800043,2.2942560455634395,4.725488982343444,2026-02-17 00:00:00
2026-02-18 19:00:00,20.5,2.2,0.9616761984465766,0.9116761984465765,1.0,0.9044475676033453,0.8544475676033453,0.9544475676033454,0.933061883024961,0.8830618830249609,0.9772237838016726,2.4041904961164415,2.2611189190083634,4.6653094151248045,2026-02-17 00:00:00
2026-02-18 20:00:00,20.3,1.7,0.9791303429431094,0.9291303429431094,1.0,0.8539352480604965,0.8039352480604964,0.9039352480604965,0.916532795501803,0.866532795501803,0.9519676240302483,2.4478258573577736,2.134838120151241,4.582663977509015,2026-02-17 00:00:00
2026-02-18 21:00:00,21.2,1.4,0.9700912542334785,0.9200912542334785,1.0,0.8059118010132055,0.7559118010132054,0.8559118010132055,0.888001527623342,0.8380015276233419,0.9279559005066027,2.4252281355836964,2.0147795025330137,4.440007638116709,2026-02-17 00:00:00
2026-02-18 22:00:00,20.7,1.8,0.9336414134348168,0.8836414134348167,0.9836414134348168,0.8238057884305732,0.7738057884305731,0.8738057884305732,0.878723600932695,0.8287236009326949,0.928723600932695,2.334103533587042,2.059514471076433,4.393618004663475,2026-02-17 00:00:00
2026-02-18 23:00:00,20.0,1.9,0.9441826493278719,0.8941826493278718,0.9941826493278719,0.8495474228356179,0.7995474228356179,0.899547422835618,0.896865036081745,0.8468650360817449,0.946865036081745,2.3604566233196795,2.123868557089045,4.4843251804087245,2026-02-17 00:00:00
2026-02-18 00:00:00,23.9,2.1,1.0,0.95,1.0,0.9891308730954129,0.9391308730954129,1.0,0.9945654365477065,0.9445654365477064,1.0,2.5,2.4728271827385324,4.972827182738532,2026-02-18 00:00:00
2026-02-18 01:00:00,27.8,1.7,0.0,0.0,0.05,0.0,0.0,0.05,0.0,0.0,0.05,0.0,0.0,0.0,2026-02-18 00:00:00
2026-02-18 02:00:00,28.7,1.7,0.0,0.0,0.05,0.0,0.0,0.05,0.0,0.0,0.05,0.0,0.0,0.0,2026-02-18 00:00:00
2026-02-18 03:00:00,29.3,2.9,0.0,0.0,0.05,0.0,0.0,0.05,0.0,0.0,0.05,0.0,0.0,0.0,2026-02-18 00:00:00
2026-02-18 04:00:00,30.9,5.4,0.0,0.0,0.05,0.0,0.0,0.05,0.0,0.0,0.05,0.0,0.0,0.0,2026-02-18 00:00:00
2026-02-18 05:00:00,36.2,8.5,0.0,0.0,0.05,0.0,0.0,0.05,0.0,0.0,0.05,0.0,0.0,0.0,2026-02-18 00:00:00
2026-02-18 06:00:00,40.8,10.9,0.0,0.0,0.05,0.0,0.0,0.05,0.0,0.0,0.05,0.0,0.0,0.0,2026-02-18 00:00:00
2026-02-18 07:00:00,38.9,12.8,0.0,0.0,0.05,0.0,0.0,0.05,0.0,0.0,0.05,0.0,0.0,0.0,2026-02-18 00:00:00
2026-02-18 08:00:00,37.1,13.9,0.0,0.0,0.05,0.0,0.0,0.05,0.0,0.0,0.05,0.0,0.0,0.0,2026-02-18 00:00:00
2026-02-18 09:00:00,35.8,14.0,0.0,0.0,0.05,0.0,0.0,0.05,0.0,0.0,0.05,0.0,0.0,0.0,2026-02-18 00:00:00
2026-02-18 10:00:00,34.8,13.2,0.0,0.0,0.05,0.0,0.0,0.05,0.0,0.0,0.05,0.0,0.0,0.0,2026-02-18 00:00:00
2026-02-18 11:00:00,34.9,11.7,0.0,0.0,0.05,0.0,0.0,0.05,0.0,0.0,0.05,0.0,0.0,0.0,2026-02-18 00:00:00
2026-02-18 12:00:00,31.5,9.5,0.0,0.0,0.05,0.0,0.0,0.05,0.0,0.0,0.05,0.0,0.0,0.0,2026-02-18 00:00:00
2026-02-18 13:00:00,28.8,7.3,0.0,0.0,0.05,0.0,0.0,0.05,0.0,0.0,0.05,0.0,0.0,0.0,2026-02-18 00:00:00
2026-02-18 14:00:00,25.5,5.2,0.0,0.0,0.05,0.0,0.0,0.05,0.0,0.0,0.05,0.0,0.0,0.0,2026-02-18 00:00:00
2026-02-18 15:00:00,26.8,4.5,0.0,0.0,0.05,0.0,0.0,0.05,0.0,0.0,0.05,0.0,0.0,0.0,2026-02-18 00:00:00
2026-02-18 16:00:00,23.3,3.6,0.9791944325891362,0.9291944325891361,1.0,0.955540391187936,0.905540391187936,1.0,0.967367411888536,0.917367411888536,1.0,2.4479860814728402,2.38885097796984,4.83683705944268,2026-02-18 00:00:00
2026-02-18 17:00:00,22.8,2.9,0.9891648366614695,0.9391648366614694,1.0,0.9595282380134842,0.9095282380134841,1.0,0.9743465373374769,0.9243465373374768,1.0,2.4729120916536735,2.3988205950337105,4.871732686687384,2026-02-18 00:00:00
2026-02-18 18:00:00,23.5,2.8,0.9724931747120018,0.9224931747120018,1.0,0.9177024182253758,0.8677024182253757,0.9677024182253758,0.9450977964686889,0.8950977964686888,0.9838512091126879,2.4312329367800043,2.2942560455634395,4.725488982343444,2026-02-18 00:00:00
2026-02-18 19:00:00,20.5,2.2,0.9616761984465766,0.9116761984465765,1.0,0.9044475676033453,0.8544475676033453,0.9544475676033454,0.933061883024961,0.8830618830249609,0.9772237838016726,2.4041904961164415,2.2611189190083634,4.6653094151248045,2026-02-18 00:00:00
2026-02-18 20:00:00,20.3,1.7,0.9791303429431094,0.9291303429431094,1.0,0.8539352480604965,0.8039352480604964,0.9039352480604965,0.916532795501803,0.866532795501803,0.9519676240302483,2.4478258573577736,2.134838120151241,4.582663977509015,2026-02-18 00:00:00
2026-02-18 21:00:00,21.2,1.4,0.9700912542334785,0.9200912542334785,1.0,0.8059118010132055,0.7559118010132054,0.8559118010132055,0.888001527623342,0.8380015276233419,0.9279559005066027,2.4252281355836964,2.0147795025330137,4.440007638116709,2026-02-18 00:00:00
2026-02-18 22:00:00,20.7,1.8,0.9336414134348168,0.8836414134348167,0.9836414134348168,0.8238057884305732,0.7738057884305731,0.8738057884305732,0.878723600932695,0.8287236009326949,0.928723600932695,2.334103533587042,2.059514471076433,4.393618004663475,2026-02-18 00:00:00
2026-02-18 23:00:00,20.0,1.9,0.9441826493278719,0.8941826493278718,0.9941826493278719,0.8495474228356179,0.7995474228356179,0.899547422835618,0.896865036081745,0.8468650360817449,0.946865036081745,2.3604566233196795,2.123868557089045,4.4843251804087245,2026-02-18 00:00:00
2026-02-19 00:00:00,18.0,1.6,1.0,0.95,1.0,0.9455903120271656,0.8955903120271655,0.9955903120271656,0.9727951560135828,0.9227951560135828,0.9977951560135828,2.5,2.363975780067914,4.863975780067914,2026-02-18 00:00:00
2026-02-19 01:00:00,18.3,1.4,1.0,0.95,1.0,0.9622785884262514,0.9122785884262513,1.0,0.9811392942131256,0.9311392942131256,1.0,2.5,2.4056964710656286,4.905696471065628,2026-02-18 00:00:00
2026-02-19 02:00:00,20.2,1.9,1.0,0.95,1.0,0.9498380234639604,0.8998380234639604,0.9998380234639604,0.9749190117319801,0.9249190117319801,0.9999190117319803,2.5,2.374595058659901,4.874595058659901,2026-02-18 00:00:00
2026-02-19 03:00:00,22.4,4.5,0.9874931185403248,0.9374931185403248,1.0,0.9423041103001043,0.8923041103001043,0.9923041103001043,0.9648986144202145,0.9148986144202145,0.9961520551500522,2.468732796350812,2.355760275750261,4.824493072101072,2026-02-18 00:00:00
2026-02-19 04:00:00,23.5,7.4,0.9694779938631014,0.9194779938631014,1.0,0.9664727766846156,0.9164727766846156,1.0,0.9679753852738585,0.9179753852738585,1.0,2.4236949846577533,2.416181941711539,4.839876926369293,2026-02-18 00:00:00
2026-02-19 05:00:00,18.8,10.5,0.9894198685404366,0.9394198685404366,1.0,0.9864116106373668,0.9364116106373668,1.0,0.9879157395889018,0.9379157395889017,1.0,2.4735496713510914,2.466029026593417,4.939578697944508,2026-02-18 00:00:00
2026-02-19 06:00:00,26.3,10.9,0.0,0.0,0.05,0.0,0.0,0.05,0.0,0.0,0.05,0.0,0.0,0.0,2026-02-18 00:00:00
2026-02-19 07:00:00,20.9,12.6,1.0,0.95,1.0,0.9736133292702674,0.9236133292702674,1.0,0.9868066646351337,0.9368066646351336,1.0,2.5,2.434033323175669,4.934033323175669,2026-02-18 00:00:00
2026-02-19 08:00:00,20.1,13.3,1.0,0.95,1.0,0.9763705130598446,0.9263705130598445,1.0,0.9881852565299223,0.9381852565299222,1.0,2.5,2.4409262826496114,4.940926282649611,2026-02-18 00:00:00
2026-02-19 09:00:00,18.6,14.1,1.0,0.95,1.0,0.9766924495147769,0.9266924495147768,1.0,0.9883462247573884,0.9383462247573884,1.0,2.5,2.4417311237869423,4.941731123786942,2026-02-18 00:00:00
2026-02-19 10:00:00,18.2,13.8,1.0,0.95,1.0,0.9784316674292545,0.9284316674292544,1.0,0.9892158337146273,0.9392158337146272,1.0,2.5,2.446079168573136,4.946079168573137,2026-02-18 00:00:00
2026-02-19 11:00:00,18.1,11.9,1.0,0.95,1.0,0.9752680304413206,0.9252680304413206,1.0,0.9876340152206603,0.9376340152206603,1.0,2.5,2.4381700761033014,4.938170076103302,2026-02-18 00:00:00
2026-02-19 12:00:00,15.7,10.0,0.9955864759598958,0.9455864759598958,1.0,0.9815892687589848,0.9315892687589847,1.0,0.9885878723594403,0.9385878723594403,1.0,2.4889661898997395,2.453973171897462,4.942939361797202,2026-02-18 00:00:00
2026-02-19 13:00:00,17.3,8.6,0.9941389023416259,0.9441389023416259,1.0,0.9861050053372781,0.936105005337278,1.0,0.990121953839452,0.940121953839452,1.0,2.485347255854065,2.465262513343195,4.95060976919726,2026-02-18 00:00:00
2026-02-19 14:00:00,10.3,8.9,0.8969771101569387,0.8469771101569387,0.9469771101569388,0.8654141987291677,0.8154141987291676,0.9154141987291677,0.8811956544430533,0.8311956544430532,0.9311956544430533,2.242442775392347,2.1635354968229192,4.4059782722152665,2026-02-18 00:00:00
2026-02-19 15:00:00,10.9,9.5,0.9477764672607615,0.8977764672607614,0.9977764672607615,0.9372078914799697,0.8872078914799697,0.9872078914799698,0.9424921793703656,0.8924921793703655,0.9924921793703656,2.3694411681519036,2.3430197286999244,4.712460896851828,2026-02-18 00:00:00
2026-02-19 16:00:00,12.4,8.9,0.9581728383878589,0.9081728383878589,1.0,0.9684675273284644,0.9184675273284644,1.0,0.9633201828581617,0.9133201828581616,1.0,2.3954320959696473,2.421168818321161,4.816600914290809,2026-02-18 00:00:00
2026-02-19 17:00:00,15.6,8.6,0.9681109192123644,0.9181109192123643,1.0,0.9706746194623105,0.9206746194623104,1.0,0.9693927693373374,0.9193927693373374,1.0,2.420277298030911,2.426686548655776,4.846963846686688,2026-02-18 00:00:00
2026-02-19 18:00:00,9.9,9.0,0.8113665923585244,0.7613665923585243,0.8613665923585244,0.7419969445200782,0.6919969445200782,0.7919969445200783,0.7766817684393013,0.7266817684393012,0.8266817684393013,2.0284164808963108,1.8549923613001957,3.8834088421965065,2026-02-18 00:00:00
2026-02-19 19:00:00,23.0,8.9,0.9738149024548728,0.9238149024548727,1.0,0.9665183980153916,0.9165183980153916,1.0,0.9701666502351323,0.9201666502351322,1.0,2.434537256137182,2.416295995038479,4.850833251175661,2026-02-18 00:00:00
2026-02-19 20:00:00,26.3,9.0,0.0,0.0,0.05,0.0,0.0,0.05,0.0,0.0,0.05,0.0,0.0,0.0,2026-02-18 00:00:00
2026-02-19 21:00:00,22.6,7.6,0.9590110851365651,0.909011085136565,1.0,0.8397451678753787,0.7897451678753786,0.8897451678753787,0.8993781265059719,0.8493781265059719,0.9448725839376894,2.3975277128414128,2.0993629196884465,4.49689063252986,2026-02-18 00:00:00
2026-02-19 22:00:00,21.9,7.0,0.9571867990600421,0.9071867990600421,1.0,0.8628863999663884,0.8128863999663883,0.9128863999663884,0.9100365995132152,0.8600365995132152,0.9564431999831942,2.392966997650105,2.157215999915971,4.550182997566076,2026-02-18 00:00:00
2026-02-19 23:00:00,21.3,6.4,0.9543199774220451,0.9043199774220451,1.0,0.8945124724985173,0.8445124724985172,0.9445124724985173,0.9244162249602812,0.8744162249602812,0.9722562362492586,2.3857999435551127,2.236281181246293,4.622081124801406,2026-02-18 00:00:00
2026-02-19 00:00:00,18.0,1.6,1.0,0.95,1.0,0.9455903120271656,0.8955903120271655,0.9955903120271656,0.9727951560135828,0.9227951560135828,0.9977951560135828,2.5,2.363975780067914,4.863975780067914,2026-02-19 00:00:00
2026-02-19 01:00:00,18.3,1.4,1.0,0.95,1.0,0.9622785884262514,0.9122785884262513,1.0,0.9811392942131256,0.9311392942131256,1.0,2.5,2.4056964710656286,4.905696471065628,2026-02-19 00:00:00
2026-02-19 02:00:00,20.2,1.9,1.0,0.95,1.0,0.9498380234639604,0.8998380234639604,0.9998380234639604,0.9749190117319801,0.9249190117319801,0.9999190117319803,2.5,2.374595058659901,4.874595058659901,2026-02-19 00:00:00
2026-02-19 03:00:00,22.4,4.5,0.9874931185403248,0.9374931185403248,1.0,0.9423041103001043,0.8923041103001043,0.9923041103001043,0.9648986144202145,0.9148986144202145,0.9961520551500522,2.468732796350812,2.355760275750261,4.824493072101072,2026-02-19 00:00:00
2026-02-19 04:00:00,23.5,7.4,0.9694779938631014,0.9194779938631014,1.0,0.9664727766846156,0.9164727766846156,1.0,0.9679753852738585,0.9179753852738585,1.0,2.4236949846577533,2.416181941711539,4.839876926369293,2026-02-19 00:00:00
2026-02-19 05:00:00,18.8,10.5,0.9894198685404366,0.9394198685404366,1.0,0.9864116106373668,0.9364116106373668,1.0,0.9879157395889018,0.9379157395889017,1.0,2.4735496713510914,2.466029026593417,4.939578697944508,2026-02-19 00:00:00
2026-02-19 06:00:00,26.3,10.9,0.0,0.0,0.05,0.0,0.0,0.05,0.0,0.0,0.05,0.0,0.0,0.0,2026-02-19 00:00:00
2026-02-19 07:00:00,20.9,12.6,1.0,0.95,1.0,0.9736133292702674,0.9236133292702674,1.0,0.9868066646351337,0.9368066646351336,1.0,2.5,2.434033323175669,4.934033323175669,2026-02-19 00:00:00
2026-02-19 08:00:00,20.1,13.3,1.0,0.95,1.0,0.9763705130598446,0.9263705130598445,1.0,0.9881852565299223,0.9381852565299222,1.0,2.5,2.4409262826496114,4.940926282649611,2026-02-19 00:00:00
2026-02-19 09:00:00,18.6,14.1,1.0,0.95,1.0,0.9766924495147769,0.9266924495147768,1.0,0.9883462247573884,0.9383462247573884,1.0,2.5,2.4417311237869423,4.941731123786942,2026-02-19 00:00:00
2026-02-19 10:00:00,18.2,13.8,1.0,0.95,1.0,0.9784316674292545,0.9284316674292544,1.0,0.9892158337146273,0.9392158337146272,1.0,2.5,2.446079168573136,4.946079168573137,2026-02-19 00:00:00
2026-02-19 11:00:00,18.1,11.9,1.0,0.95,1.0,0.9752680304413206,0.9252680304413206,1.0,0.9876340152206603,0.9376340152206603,1.0,2.5,2.4381700761033014,4.938170076103302,2026-02-19 00:00:00
2026-02-19 12:00:00,15.7,10.0,0.9955864759598958,0.9455864759598958,1.0,0.9815892687589848,0.9315892687589847,1.0,0.9885878723594403,0.9385878723594403,1.0,2.4889661898997395,2.453973171897462,4.942939361797202,2026-02-19 00:00:00
2026-02-19 13:00:00,17.3,8.6,0.9941389023416259,0.9441389023416259,1.0,0.9861050053372781,0.936105005337278,1.0,0.990121953839452,0.940121953839452,1.0,2.485347255854065,2.465262513343195,4.95060976919726,2026-02-19 00:00:00
2026-02-19 14:00:00,10.3,8.9,0.8969771101569387,0.8469771101569387,0.9469771101569388,0.8654141987291677,0.8154141987291676,0.9154141987291677,0.8811956544430533,0.8311956544430532,0.9311956544430533,2.242442775392347,2.1635354968229192,4.4059782722152665,2026-02-19 00:00:00
2026-02-19 15:00:00,10.9,9.5,0.9477764672607615,0.8977764672607614,0.9977764672607615,0.9372078914799697,0.8872078914799697,0.9872078914799698,0.9424921793703656,0.8924921793703655,0.9924921793703656,2.3694411681519036,2.3430197286999244,4.712460896851828,2026-02-19 00:00:00
2026-02-19 16:00:00,12.4,8.9,0.9581728383878589,0.9081728383878589,1.0,0.9684675273284644,0.9184675273284644,1.0,0.9633201828581617,0.9133201828581616,1.0,2.3954320959696473,2.421168818321161,4.816600914290809,2026-02-19 00:00:00
2026-02-19 17:00:00,15.6,8.6,0.9681109192123644,0.9181109192123643,1.0,0.9706746194623105,0.9206746194623104,1.0,0.9693927693373374,0.9193927693373374,1.0,2.420277298030911,2.426686548655776,4.846963846686688,2026-02-19 00:00:00
2026-02-19 18:00:00,9.9,9.0,0.8113665923585244,0.7613665923585243,0.8613665923585244,0.7419969445200782,0.6919969445200782,0.7919969445200783,0.7766817684393013,0.7266817684393012,0.8266817684393013,2.0284164808963108,1.8549923613001957,3.8834088421965065,2026-02-19 00:00:00
2026-02-19 19:00:00,23.0,8.9,0.9738149024548728,0.9238149024548727,1.0,0.9665183980153916,0.9165183980153916,1.0,0.9701666502351323,0.9201666502351322,1.0,2.434537256137182,2.416295995038479,4.850833251175661,2026-02-19 00:00:00
2026-02-19 20:00:00,26.3,9.0,0.0,0.0,0.05,0.0,0.0,0.05,0.0,0.0,0.05,0.0,0.0,0.0,2026-02-19 00:00:00
2026-02-19 21:00:00,22.6,7.6,0.9590110851365651,0.909011085136565,1.0,0.8397451678753787,0.7897451678753786,0.8897451678753787,0.8993781265059719,0.8493781265059719,0.9448725839376894,2.3975277128414128,2.0993629196884465,4.49689063252986,2026-02-19 00:00:00
2026-02-19 22:00:00,21.9,7.0,0.9571867990600421,0.9071867990600421,1.0,0.8628863999663884,0.8128863999663883,0.9128863999663884,0.9100365995132152,0.8600365995132152,0.9564431999831942,2.392966997650105,2.157215999915971,4.550182997566076,2026-02-19 00:00:00
2026-02-19 23:00:00,21.3,6.4,0.9543199774220451,0.9043199774220451,1.0,0.8945124724985173,0.8445124724985172,0.9445124724985173,0.9244162249602812,0.8744162249602812,0.9722562362492586,2.3857999435551127,2.236281181246293,4.622081124801406,2026-02-19 00:00:00
2026-02-20 00:00:00,27.4,8.0,0.0,0.0,0.05,0.0,0.0,0.05,0.0,0.0,0.05,0.0,0.0,0.0,2026-02-19 00:00:00
2026-02-20 01:00:00,29.1,7.4,0.0,0.0,0.05,0.0,0.0,0.05,0.0,0.0,0.05,0.0,0.0,0.0,2026-02-19 00:00:00
2026-02-20 02:00:00,25.4,7.5,0.0,0.0,0.05,0.0,0.0,0.05,0.0,0.0,0.05,0.0,0.0,0.0,2026-02-19 00:00:00
2026-02-20 03:00:00,23.5,8.1,0.9664480019722546,0.9164480019722545,1.0,0.9593783465326476,0.9093783465326476,1.0,0.962913174252451,0.912913174252451,1.0,2.4161200049306366,2.398445866331619,4.814565871262255,2026-02-19 00:00:00
2026-02-20 04:00:00,20.1,9.3,0.960916152998509,0.9109161529985089,1.0,0.9659246452154868,0.9159246452154868,1.0,0.9634203991069978,0.9134203991069978,1.0,2.4022903824962722,2.414811613038717,4.817101995534989,2026-02-19 00:00:00
2026-02-20 05:00:00,17.3,10.1,0.9821249506437864,0.9321249506437863,1.0,0.9798388033482799,0.9298388033482798,1.0,0.9809818769960331,0.9309818769960331,1.0,2.455312376609466,2.4495970083706995,4.904909384980166,2026-02-19 00:00:00
2026-02-20 06:00:00,17.3,10.9,0.9879140590662551,0.937914059066255,1.0,0.9774910210304638,0.9274910210304638,1.0,0.9827025400483594,0.9327025400483594,1.0,2.469785147665638,2.4437275525761595,4.913512700241797,2026-02-19 00:00:00
2026-02-20 07:00:00,16.6,11.6,0.9915541687394137,0.9415541687394137,1.0,0.976454526859063,0.9264545268590629,1.0,0.9840043477992384,0.9340043477992384,1.0,2.4788854218485343,2.4411363171476577,4.920021738996192,2026-02-19 00:00:00
2026-02-20 08:00:00,18.1,12.7,0.9873812399807562,0.9373812399807562,1.0,0.9741276494118948,0.9241276494118947,1.0,0.9807544446963254,0.9307544446963254,1.0,2.4684530999518906,2.435319123529737,4.903772223481627,2026-02-19 00:00:00
2026-02-20 09:00:00,15.3,13.9,0.9794405787709513,0.9294405787709512,1.0,0.9755946431224268,0.9255946431224268,1.0,0.977517610946689,0.9275176109466889,1.0,2.4486014469273782,2.438986607806067,4.887588054733445,2026-02-19 00:00:00
2026-02-20 10:00:00,12.6,14.2,0.9787998323203637,0.9287998323203637,1.0,0.9697528647171026,0.9197528647171026,1.0,0.9742763485187331,0.9242763485187331,1.0,2.4469995808009095,2.4243821617927566,4.871381742593666,2026-02-19 00:00:00
2026-02-20 11:00:00,9.2,13.3,0.6960947157902346,0.6460947157902346,0.7460947157902347,0.7193681036077589,0.6693681036077589,0.769368103607759,0.7077314096989968,0.6577314096989968,0.7577314096989969,1.7402367894755866,1.7984202590193974,3.538657048494984,2026-02-19 00:00:00
2026-02-20 12:00:00,9.0,10.2,0.6981105964646246,0.6481105964646245,0.7481105964646246,0.6743806771423279,0.6243806771423278,0.7243806771423279,0.6862456368034762,0.6362456368034761,0.7362456368034762,1.7452764911615615,1.6859516928558196,3.431228184017381,2026-02-19 00:00:00
2026-02-20 13:00:00,7.5,7.6,0.4484436847049709,0.39844368470497094,0.4984436847049709,0.40929293926404353,0.35929293926404354,0.4592929392640435,0.42886831198450726,0.3788683119845072,0.4788683119845072,1.1211092117624273,1.0232323481601089,2.144341559922536,2026-02-19 00:00:00
2026-02-20 14:00:00,5.0,7.0,0.09583231394070243,0.04583231394070243,0.14583231394070245,0.09162377118764486,0.04162377118764486,0.14162377118764485,0.09372804256417365,0.04372804256417365,0.14372804256417365,0.2395807848517561,0.22905942796911216,0.46864021282086826,2026-02-19 00:00:00
2026-02-20 15:00:00,18.3,6.4,0.9825717346296982,0.9325717346296981,1.0,0.9791006737740372,0.9291006737740372,1.0,0.9808362042018677,0.9308362042018676,1.0,2.4564293365742453,2.447751684435093,4.904181021009339,2026-02-19 00:00:00
2026-02-20 16:00:00,24.8,6.5,0.0,0.0,0.05,0.0,0.0,0.05,0.0,0.0,0.05,0.0,0.0,0.0,2026-02-19 00:00:00
2026-02-20 17:00:00,22.9,5.8,0.9596999506363,0.9096999506362999,1.0,0.9599095023974216,0.9099095023974215,1.0,0.9598047265168608,0.9098047265168607,1.0,2.39924987659075,2.3997737559935537,4.799023632584304,2026-02-19 00:00:00
2026-02-20 18:00:00,31.1,4.9,0.0,0.0,0.05,0.0,0.0,0.05,0.0,0.0,0.05,0.0,0.0,0.0,2026-02-19 00:00:00
2026-02-20 19:00:00,31.7,4.9,0.0,0.0,0.05,0.0,0.0,0.05,0.0,0.0,0.05,0.0,0.0,0.0,2026-02-19 00:00:00
2026-02-20 20:00:00,29.6,5.0,0.0,0.0,0.05,0.0,0.0,0.05,0.0,0.0,0.05,0.0,0.0,0.0,2026-02-19 00:00:00
2026-02-20 21:00:00,27.3,4.9,0.0,0.0,0.05,0.0,0.0,0.05,0.0,0.0,0.05,0.0,0.0,0.0,2026-02-19 00:00:00
2026-02-20 22:00:00,25.7,4.4,0.0,0.0,0.05,0.0,0.0,0.05,0.0,0.0,0.05,0.0,0.0,0.0,2026-02-19 00:00:00
2026-02-20 23:00:00,22.8,4.1,0.953109021791139,0.9031090217911389,1.0,0.8801600638931756,0.8301600638931755,0.9301600638931756,0.9166345428421573,0.8666345428421572,0.9650800319465878,2.3827725544778473,2.200400159732939,4.583172714210787,2026-02-19 00:00:00
2026-02-20 00:00:00,27.4,8.0,0.0,0.0,0.05,0.0,0.0,0.05,0.0,0.0,0.05,0.0,0.0,0.0,2026-02-20 00:00:00
2026-02-20 01:00:00,29.1,7.4,0.0,0.0,0.05,0.0,0.0,0.05,0.0,0.0,0.05,0.0,0.0,0.0,2026-02-20 00:00:00
2026-02-20 02:00:00,25.4,7.5,0.0,0.0,0.05,0.0,0.0,0.05,0.0,0.0,0.05,0.0,0.0,0.0,2026-02-20 00:00:00
2026-02-20 03:00:00,23.5,8.1,0.9664480019722546,0.9164480019722545,1.0,0.9593783465326476,0.9093783465326476,1.0,0.962913174252451,0.912913174252451,1.0,2.4161200049306366,2.398445866331619,4.814565871262255,2026-02-20 00:00:00
2026-02-20 04:00:00,20.1,9.3,0.960916152998509,0.9109161529985089,1.0,0.9659246452154868,0.9159246452154868,1.0,0.9634203991069978,0.9134203991069978,1.0,2.4022903824962722,2.414811613038717,4.817101995534989,2026-02-20 00:00:00
2026-02-20 05:00:00,17.3,10.1,0.9821249506437864,0.9321249506437863,1.0,0.9798388033482799,0.9298388033482798,1.0,0.9809818769960331,0.9309818769960331,1.0,2.455312376609466,2.4495970083706995,4.904909384980166,2026-02-20 00:00:00
2026-02-20 06:00:00,17.3,10.9,0.9879140590662551,0.937914059066255,1.0,0.9774910210304638,0.9274910210304638,1.0,0.9827025400483594,0.9327025400483594,1.0,2.469785147665638,2.4437275525761595,4.913512700241797,2026-02-20 00:00:00
2026-02-20 07:00:00,16.6,11.6,0.9915541687394137,0.9415541687394137,1.0,0.976454526859063,0.9264545268590629,1.0,0.9840043477992384,0.9340043477992384,1.0,2.4788854218485343,2.4411363171476577,4.920021738996192,2026-02-20 00:00:00
2026-02-20 08:00:00,18.1,12.7,0.9873812399807562,0.9373812399807562,1.0,0.9741276494118948,0.9241276494118947,1.0,0.9807544446963254,0.9307544446963254,1.0,2.4684530999518906,2.435319123529737,4.903772223481627,2026-02-20 00:00:00
2026-02-20 09:00:00,15.3,13.9,0.9794405787709513,0.9294405787709512,1.0,0.9755946431224268,0.9255946431224268,1.0,0.977517610946689,0.9275176109466889,1.0,2.4486014469273782,2.438986607806067,4.887588054733445,2026-02-20 00:00:00
2026-02-20 10:00:00,12.6,14.2,0.9787998323203637,0.9287998323203637,1.0,0.9697528647171026,0.9197528647171026,1.0,0.9742763485187331,0.9242763485187331,1.0,2.4469995808009095,2.4243821617927566,4.871381742593666,2026-02-20 00:00:00
2026-02-20 11:00:00,9.2,13.3,0.6960947157902346,0.6460947157902346,0.7460947157902347,0.7193681036077589,0.6693681036077589,0.769368103607759,0.7077314096989968,0.6577314096989968,0.7577314096989969,1.7402367894755866,1.7984202590193974,3.538657048494984,2026-02-20 00:00:00
2026-02-20 12:00:00,9.0,10.2,0.6981105964646246,0.6481105964646245,0.7481105964646246,0.6743806771423279,0.6243806771423278,0.7243806771423279,0.6862456368034762,0.6362456368034761,0.7362456368034762,1.7452764911615615,1.6859516928558196,3.431228184017381,2026-02-20 00:00:00
2026-02-20 13:00:00,7.5,7.6,0.4484436847049709,0.39844368470497094,0.4984436847049709,0.40929293926404353,0.35929293926404354,0.4592929392640435,0.42886831198450726,0.3788683119845072,0.4788683119845072,1.1211092117624273,1.0232323481601089,2.144341559922536,2026-02-20 00:00:00
2026-02-20 14:00:00,5.0,7.0,0.09583231394070243,0.04583231394070243,0.14583231394070245,0.09162377118764486,0.04162377118764486,0.14162377118764485,0.09372804256417365,0.04372804256417365,0.14372804256417365,0.2395807848517561,0.22905942796911216,0.46864021282086826,2026-02-20 00:00:00
2026-02-20 15:00:00,18.3,6.4,0.9825717346296982,0.9325717346296981,1.0,0.9791006737740372,0.9291006737740372,1.0,0.9808362042018677,0.9308362042018676,1.0,2.4564293365742453,2.447751684435093,4.904181021009339,2026-02-20 00:00:00
2026-02-20 16:00:00,24.8,6.5,0.0,0.0,0.05,0.0,0.0,0.05,0.0,0.0,0.05,0.0,0.0,0.0,2026-02-20 00:00:00
2026-02-20 17:00:00,22.9,5.8,0.9596999506363,0.9096999506362999,1.0,0.9599095023974216,0.9099095023974215,1.0,0.9598047265168608,0.9098047265168607,1.0,2.39924987659075,2.3997737559935537,4.799023632584304,2026-02-20 00:00:00
2026-02-20 18:00:00,31.1,4.9,0.0,0.0,0.05,0.0,0.0,0.05,0.0,0.0,0.05,0.0,0.0,0.0,2026-02-20 00:00:00
2026-02-20 19:00:00,31.7,4.9,0.0,0.0,0.05,0.0,0.0,0.05,0.0,0.0,0.05,0.0,0.0,0.0,2026-02-20 00:00:00
2026-02-20 20:00:00,29.6,5.0,0.0,0.0,0.05,0.0,0.0,0.05,0.0,0.0,0.05,0.0,0.0,0.0,2026-02-20 00:00:00
2026-02-20 21:00:00,27.3,4.9,0.0,0.0,0.05,0.0,0.0,0.05,0.0,0.0,0.05,0.0,0.0,0.0,2026-02-20 00:00:00
2026-02-20 22:00:00,25.7,4.4,0.0,0.0,0.05,0.0,0.0,0.05,0.0,0.0,0.05,0.0,0.0,0.0,2026-02-20 00:00:00
2026-02-20 23:00:00,22.8,4.1,0.953109021791139,0.9031090217911389,1.0,0.8801600638931756,0.8301600638931755,0.9301600638931756,0.9166345428421573,0.8666345428421572,0.9650800319465878,2.3827725544778473,2.200400159732939,4.583172714210787,2026-02-20 00:00:00
2026-02-21 00:00:00,19.9,4.0,0.9890708220361238,0.9390708220361238,1.0,0.9516700452141303,0.9016700452141303,1.0,0.9703704336251271,0.920370433625127,1.0,2.4726770550903097,2.379175113035326,4.851852168125635,2026-02-20 00:00:00
2026-02-21 01:00:00,20.0,3.5,1.0,0.95,1.0,0.925358369306443,0.875358369306443,0.975358369306443,0.9626791846532214,0.9126791846532214,0.9876791846532216,2.5,2.3133959232661074,4.813395923266107,2026-02-20 00:00:00
2026-02-21 02:00:00,18.5,3.0,0.9820322638928254,0.9320322638928253,1.0,0.9553753105500423,0.9053753105500423,1.0,0.9687037872214339,0.9187037872214339,1.0,2.4550806597320634,2.3884382763751058,4.84351893610717,2026-02-20 00:00:00
2026-02-21 03:00:00,17.1,4.1,0.9819526467974699,0.9319526467974698,1.0,0.9443112496816677,0.8943112496816676,0.9943112496816677,0.9631319482395688,0.9131319482395688,0.9971556248408339,2.4548816169936747,2.3607781242041694,4.815659741197845,2026-02-20 00:00:00
2026-02-21 04:00:00,12.1,6.3,0.9259571938653436,0.8759571938653435,0.9759571938653436,0.972501539892022,0.922501539892022,1.0,0.9492293668786829,0.8992293668786828,0.9879785969326718,2.314892984663359,2.431253849730055,4.746146834393414,2026-02-20 00:00:00
2026-02-21 05:00:00,16.9,7.4,0.9911333559264273,0.9411333559264272,1.0,0.9760309798069446,0.9260309798069446,1.0,0.983582167866686,0.9335821678666859,1.0,2.4778333898160683,2.4400774495173616,4.917910839333429,2026-02-20 00:00:00
2026-02-21 06:00:00,54.6,8.2,0.0,0.0,0.05,0.0,0.0,0.05,0.0,0.0,0.05,0.0,0.0,0.0,2026-02-20 00:00:00
2026-02-21 07:00:00,43.9,8.0,0.0,0.0,0.05,0.0,0.0,0.05,0.0,0.0,0.05,0.0,0.0,0.0,2026-02-20 00:00:00
2026-02-21 08:00:00,40.4,8.2,0.0,0.0,0.05,0.0,0.0,0.05,0.0,0.0,0.05,0.0,0.0,0.0,2026-02-20 00:00:00
2026-02-21 09:00:00,44.3,7.5,0.0,0.0,0.05,0.0,0.0,0.05,0.0,0.0,0.05,0.0,0.0,0.0,2026-02-20 00:00:00
2026-02-21 10:00:00,39.7,7.4,0.0,0.0,0.05,0.0,0.0,0.05,0.0,0.0,0.05,0.0,0.0,0.0,2026-02-20 00:00:00
2026-02-21 11:00:00,34.4,6.1,0.0,0.0,0.05,0.0,0.0,0.05,0.0,0.0,0.05,0.0,0.0,0.0,2026-02-20 00:00:00
2026-02-21 12:00:00,26.4,6.0,0.0,0.0,0.05,0.0,0.0,0.05,0.0,0.0,0.05,0.0,0.0,0.0,2026-02-20 00:00:00
2026-02-21 13:00:00,27.6,5.9,0.0,0.0,0.05,0.0,0.0,0.05,0.0,0.0,0.05,0.0,0.0,0.0,2026-02-20 00:00:00
2026-02-21 14:00:00,21.5,6.0,0.9883006873679677,0.9383006873679677,1.0,0.9628837234267091,0.9128837234267091,1.0,0.9755922053973385,0.9255922053973384,1.0,2.4707517184199195,2.407209308566773,4.877961026986693,2026-02-20 00:00:00
2026-02-21 15:00:00,12.6,5.4,0.968058683799659,0.9180586837996589,1.0,0.958860385983847,0.908860385983847,1.0,0.963459534891753,0.9134595348917529,1.0,2.4201467094991473,2.3971509649596174,4.817297674458764,2026-02-20 00:00:00
2026-02-21 16:00:00,13.5,5.0,1.0,0.95,1.0,0.969459364149534,0.919459364149534,1.0,0.9847296820747671,0.934729682074767,1.0,2.5,2.423648410373835,4.923648410373835,2026-02-20 00:00:00
2026-02-21 17:00:00,15.8,5.5,0.9739852378246966,0.9239852378246965,1.0,0.9416688287729594,0.8916688287729594,0.9916688287729595,0.957827033298828,0.907827033298828,0.9958344143864797,2.4349630945617413,2.3541720719323984,4.78913516649414,2026-02-20 00:00:00
2026-02-21 18:00:00,20.8,5.6,0.9710272593988937,0.9210272593988936,1.0,0.9495224250813601,0.89952242508136,0.9995224250813601,0.9602748422401268,0.9102748422401268,0.9997612125406801,2.427568148497234,2.3738060627034003,4.801374211200634,2026-02-20 00:00:00
2026-02-21 19:00:00,18.5,5.5,0.978098144421635,0.928098144421635,1.0,0.9282879766646174,0.8782879766646173,0.9782879766646174,0.9531930605431262,0.9031930605431262,0.9891439883323088,2.4452453610540874,2.3207199416615434,4.765965302715632,2026-02-20 00:00:00
2026-02-21 20:00:00,15.4,3.4,0.9812700696283722,0.9312700696283721,1.0,0.9221527638775469,0.8721527638775468,0.9721527638775469,0.9517114167529594,0.9017114167529594,0.9860763819387734,2.4531751740709304,2.305381909693867,4.7585570837647975,2026-02-20 00:00:00
2026-02-21 21:00:00,12.4,1.2,0.9896107119130487,0.9396107119130487,1.0,0.9672528627057232,0.9172528627057231,1.0,0.978431787309386,0.9284317873093859,1.0,2.474026779782622,2.418132156764308,4.89215893654693,2026-02-20 00:00:00
2026-02-21 22:00:00,3.3,-0.3,0.021285708360411753,0.0,0.07128570836041176,0.010551869502353123,0.0,0.060551869502353126,0.01591878893138244,0.0,0.06591878893138245,0.053214270901029384,0.026379673755882807,0.07959394465691219,2026-02-20 00:00:00
2026-02-21 23:00:00,1.7,-1.0,0.0,0.0,0.05,0.0,0.0,0.05,0.0,0.0,0.05,0.0,0.0,0.0,2026-02-20 00:00:00
2026-02-21 00:00:00,19.9,4.0,0.9890708220361238,0.9390708220361238,1.0,0.9516700452141303,0.9016700452141303,1.0,0.9703704336251271,0.920370433625127,1.0,2.4726770550903097,2.379175113035326,4.851852168125635,2026-02-21 00:00:00
2026-02-21 01:00:00,20.0,3.5,1.0,0.95,1.0,0.925358369306443,0.875358369306443,0.975358369306443,0.9626791846532214,0.9126791846532214,0.9876791846532216,2.5,2.3133959232661074,4.813395923266107,2026-02-21 00:00:00
2026-02-21 02:00:00,18.5,3.0,0.9820322638928254,0.9320322638928253,1.0,0.9553753105500423,0.9053753105500423,1.0,0.9687037872214339,0.9187037872214339,1.0,2.4550806597320634,2.3884382763751058,4.84351893610717,2026-02-21 00:00:00
2026-02-21 03:00:00,17.1,4.1,0.9819526467974699,0.9319526467974698,1.0,0.9443112496816677,0.8943112496816676,0.9943112496816677,0.9631319482395688,0.9131319482395688,0.9971556248408339,2.4548816169936747,2.3607781242041694,4.815659741197845,2026-02-21 00:00:00
2026-02-21 04:00:00,12.1,6.3,0.9259571938653436,0.8759571938653435,0.9759571938653436,0.972501539892022,0.922501539892022,1.0,0.9492293668786829,0.8992293668786828,0.9879785969326718,2.314892984663359,2.431253849730055,4.746146834393414,2026-02-21 00:00:00
2026-02-21 05:00:00,16.9,7.4,0.9911333559264273,0.9411333559264272,1.0,0.9760309798069446,0.9260309798069446,1.0,0.983582167866686,0.9335821678666859,1.0,2.4778333898160683,2.4400774495173616,4.917910839333429,2026-02-21 00:00:00
2026-02-21 06:00:00,54.6,8.2,0.0,0.0,0.05,0.0,0.0,0.05,0.0,0.0,0.05,0.0,0.0,0.0,2026-02-21 00:00:00
2026-02-21 07:00:00,43.9,8.0,0.0,0.0,0.05,0.0,0.0,0.05,0.0,0.0,0.05,0.0,0.0,0.0,2026-02-21 00:00:00
2026-02-21 08:00:00,40.4,8.2,0.0,0.0,0.05,0.0,0.0,0.05,0.0,0.0,0.05,0.0,0.0,0.0,2026-02-21 00:00:00
2026-02-21 09:00:00,44.3,7.5,0.0,0.0,0.05,0.0,0.0,0.05,0.0,0.0,0.05,0.0,0.0,0.0,2026-02-21 00:00:00
2026-02-21 10:00:00,39.7,7.4,0.0,0.0,0.05,0.0,0.0,0.05,0.0,0.0,0.05,0.0,0.0,0.0,2026-02-21 00:00:00
2026-02-21 11:00:00,34.4,6.1,0.0,0.0,0.05,0.0,0.0,0.05,0.0,0.0,0.05,0.0,0.0,0.0,2026-02-21 00:00:00
2026-02-21 12:00:00,26.4,6.0,0.0,0.0,0.05,0.0,0.0,0.05,0.0,0.0,0.05,0.0,0.0,0.0,2026-02-21 00:00:00
2026-02-21 13:00:00,27.6,5.9,0.0,0.0,0.05,0.0,0.0,0.05,0.0,0.0,0.05,0.0,0.0,0.0,2026-02-21 00:00:00
2026-02-21 14:00:00,21.5,6.0,0.9883006873679677,0.9383006873679677,1.0,0.9628837234267091,0.9128837234267091,1.0,0.9755922053973385,0.9255922053973384,1.0,2.4707517184199195,2.407209308566773,4.877961026986693,2026-02-21 00:00:00
2026-02-21 15:00:00,12.6,5.4,0.968058683799659,0.9180586837996589,1.0,0.958860385983847,0.908860385983847,1.0,0.963459534891753,0.9134595348917529,1.0,2.4201467094991473,2.3971509649596174,4.817297674458764,2026-02-21 00:00:00
2026-02-21 16:00:00,13.5,5.0,1.0,0.95,1.0,0.969459364149534,0.919459364149534,1.0,0.9847296820747671,0.934729682074767,1.0,2.5,2.423648410373835,4.923648410373835,2026-02-21 00:00:00
2026-02-21 17:00:00,15.8,5.5,0.9739852378246966,0.9239852378246965,1.0,0.9416688287729594,0.8916688287729594,0.9916688287729595,0.957827033298828,0.907827033298828,0.9958344143864797,2.4349630945617413,2.3541720719323984,4.78913516649414,2026-02-21 00:00:00
2026-02-21 18:00:00,20.8,5.6,0.9710272593988937,0.9210272593988936,1.0,0.9495224250813601,0.89952242508136,0.9995224250813601,0.9602748422401268,0.9102748422401268,0.9997612125406801,2.427568148497234,2.3738060627034003,4.801374211200634,2026-02-21 00:00:00
2026-02-21 19:00:00,18.5,5.5,0.978098144421635,0.928098144421635,1.0,0.9282879766646174,0.8782879766646173,0.9782879766646174,0.9531930605431262,0.9031930605431262,0.9891439883323088,2.4452453610540874,2.3207199416615434,4.765965302715632,2026-02-21 00:00:00
2026-02-21 20:00:00,15.4,3.4,0.9812700696283722,0.9312700696283721,1.0,0.9221527638775469,0.8721527638775468,0.9721527638775469,0.9517114167529594,0.9017114167529594,0.9860763819387734,2.4531751740709304,2.305381909693867,4.7585570837647975,2026-02-21 00:00:00
2026-02-21 21:00:00,12.4,1.2,0.9896107119130487,0.9396107119130487,1.0,0.9672528627057232,0.9172528627057231,1.0,0.978431787309386,0.9284317873093859,1.0,2.474026779782622,2.418132156764308,4.89215893654693,2026-02-21 00:00:00
2026-02-21 22:00:00,3.3,-0.3,0.021285708360411753,0.0,0.07128570836041176,0.010551869502353123,0.0,0.060551869502353126,0.01591878893138244,0.0,0.06591878893138245,0.053214270901029384,0.026379673755882807,0.07959394465691219,2026-02-21 00:00:00
2026-02-21 23:00:00,1.7,-1.0,0.0,0.0,0.05,0.0,0.0,0.05,0.0,0.0,0.05,0.0,0.0,0.0,2026-02-21 00:00:00
2026-02-22 00:00:00,4.4,-1.1,0.04731673497311049,0.0,0.0973167349731105,0.03452706731704621,0.0,0.0845270673170462,0.04092190114507835,0.0,0.09092190114507835,0.11829183743277621,0.08631766829261553,0.20460950572539174,2026-02-21 00:00:00
2026-02-22 01:00:00,5.3,-0.9,0.09585721969012553,0.04585721969012553,0.14585721969012555,0.08311515498194924,0.03311515498194924,0.13311515498194926,0.08948618733603739,0.039486187336037384,0.1394861873360374,0.23964304922531382,0.2077878874548731,0.44743093668018696,2026-02-21 00:00:00
2026-02-22 02:00:00,7.7,-0.2,0.4957590278723123,0.4457590278723123,0.5457590278723123,0.4624018290048754,0.41240182900487543,0.5124018290048754,0.4790804284385939,0.42908042843859384,0.5290804284385939,1.2393975696807806,1.1560045725121886,2.395402142192969,2026-02-21 00:00:00
2026-02-22 03:00:00,9.4,1.2,0.7783848789913284,0.7283848789913283,0.8283848789913284,0.7176457320920993,0.6676457320920992,0.7676457320920993,0.7480153055417138,0.6980153055417138,0.7980153055417138,1.945962197478321,1.794114330230248,3.740076527708569,2026-02-21 00:00:00
2026-02-22 04:00:00,15.5,3.2,1.0,0.95,1.0,0.9933877234737114,0.9433877234737114,1.0,0.9966938617368557,0.9466938617368557,1.0,2.5,2.4834693086842785,4.9834693086842785,2026-02-21 00:00:00
2026-02-22 05:00:00,23.4,5.7,0.9747989200844959,0.9247989200844958,1.0,0.9794314309434928,0.9294314309434928,1.0,0.9771151755139944,0.9271151755139944,1.0,2.4369973002112397,2.448578577358732,4.885575877569972,2026-02-21 00:00:00
2026-02-22 06:00:00,31.7,8.0,0.0,0.0,0.05,0.0,0.0,0.05,0.0,0.0,0.05,0.0,0.0,0.0,2026-02-21 00:00:00
2026-02-22 07:00:00,33.9,9.0,0.0,0.0,0.05,0.0,0.0,0.05,0.0,0.0,0.05,0.0,0.0,0.0,2026-02-21 00:00:00
2026-02-22 08:00:00,33.0,9.9,0.0,0.0,0.05,0.0,0.0,0.05,0.0,0.0,0.05,0.0,0.0,0.0,2026-02-21 00:00:00
2026-02-22 09:00:00,30.7,10.2,0.0,0.0,0.05,0.0,0.0,0.05,0.0,0.0,0.05,0.0,0.0,0.0,2026-02-21 00:00:00
2026-02-22 10:00:00,28.3,10.4,0.0,0.0,0.05,0.0,0.0,0.05,0.0,0.0,0.05,0.0,0.0,0.0,2026-02-21 00:00:00
2026-02-22 11:00:00,26.1,9.8,0.0,0.0,0.05,0.0,0.0,0.05,0.0,0.0,0.05,0.0,0.0,0.0,2026-02-21 00:00:00
2026-02-22 12:00:00,25.7,7.5,0.0,0.0,0.05,0.0,0.0,0.05,0.0,0.0,0.05,0.0,0.0,0.0,2026-02-21 00:00:00
2026-02-22 13:00:00,20.7,5.1,0.9905819993763466,0.9405819993763466,1.0,0.9743158606919632,0.9243158606919631,1.0,0.9824489300341549,0.9324489300341549,1.0,2.4764549984408664,2.435789651729908,4.912244650170774,2026-02-21 00:00:00
2026-02-22 14:00:00,12.9,3.2,0.9856680971069258,0.9356680971069258,1.0,0.9777126200714318,0.9277126200714317,1.0,0.9816903585891787,0.9316903585891787,1.0,2.4641702427673144,2.4442815501785793,4.908451792945893,2026-02-21 00:00:00
2026-02-22 15:00:00,9.2,1.6,0.7407520401335768,0.6907520401335767,0.7907520401335768,0.7034490312853052,0.6534490312853052,0.7534490312853053,0.722100535709441,0.672100535709441,0.772100535709441,1.851880100333942,1.758622578213263,3.610502678547205,2026-02-21 00:00:00
2026-02-22 16:00:00,5.8,0.7,0.15140255431976407,0.10140255431976407,0.20140255431976406,0.13140318010240923,0.08140318010240923,0.18140318010240924,0.14140286721108664,0.09140286721108665,0.19140286721108665,0.3785063857994102,0.3285079502560231,0.7070143360554332,2026-02-21 00:00:00
2026-02-22 17:00:00,5.6,0.5,0.13361756149516305,0.08361756149516304,0.18361756149516306,0.10736098283777683,0.057360982837776825,0.15736098283777683,0.12048927216646993,0.07048927216646994,0.17048927216646995,0.3340439037379076,0.26840245709444205,0.6024463608323496,2026-02-21 00:00:00
2026-02-22 18:00:00,8.8,0.7,0.669810294009582,0.619810294009582,0.7198102940095821,0.658191624478481,0.608191624478481,0.708191624478481,0.6640009592440315,0.6140009592440314,0.7140009592440315,1.674525735023955,1.6454790611962025,3.3200047962201573,2026-02-21 00:00:00
2026-02-22 19:00:00,8.1,1.5,0.5489531834667463,0.4989531834667463,0.5989531834667463,0.5285782065940228,0.4785782065940228,0.5785782065940228,0.5387656950303845,0.48876569503038453,0.5887656950303846,1.3723829586668657,1.321445516485057,2.6938284751519226,2026-02-21 00:00:00
2026-02-22 20:00:00,6.1,2.1,0.2071983547453683,0.1571983547453683,0.2571983547453683,0.19111695358287914,0.14111695358287912,0.24111695358287916,0.19915765416412373,0.14915765416412372,0.24915765416412372,0.5179958868634207,0.47779238395719786,0.9957882708206187,2026-02-21 00:00:00
2026-02-22 21:00:00,6.5,2.7,0.2692012127888953,0.21920121278889532,0.3192012127888953,0.2625535639854291,0.21255356398542913,0.3125535639854291,0.26587738838716224,0.21587738838716222,0.3158773883871622,0.6730030319722382,0.6563839099635728,1.329386941935811,2026-02-21 00:00:00
2026-02-22 22:00:00,6.5,3.3,0.27979939034041607,0.22979939034041608,0.32979939034041605,0.2632920014866777,0.2132920014866777,0.3132920014866777,0.2715456959135469,0.2215456959135469,0.32154569591354687,0.6994984758510402,0.6582300037166943,1.3577284795677345,2026-02-21 00:00:00
2026-02-22 23:00:00,3.7,3.2,0.02794310306586024,0.0,0.07794310306586025,0.02531666207952995,0.0,0.07531666207952994,0.026629882572695093,0.0,0.0766298825726951,0.0698577576646506,0.06329165519882488,0.13314941286347548,2026-02-21 00:00:00
2026-02-22 00:00:00,4.4,-1.1,0.04731673497311049,0.0,0.0973167349731105,0.03452706731704621,0.0,0.0845270673170462,0.04092190114507835,0.0,0.09092190114507835,0.11829183743277621,0.08631766829261553,0.20460950572539174,2026-02-22 00:00:00
2026-02-22 01:00:00,5.3,-0.9,0.09585721969012553,0.04585721969012553,0.14585721969012555,0.08311515498194924,0.03311515498194924,0.13311515498194926,0.08948618733603739,0.039486187336037384,0.1394861873360374,0.23964304922531382,0.2077878874548731,0.44743093668018696,2026-02-22 00:00:00
2026-02-22 02:00:00,7.7,-0.2,0.4957590278723123,0.4457590278723123,0.5457590278723123,0.4624018290048754,0.41240182900487543,0.5124018290048754,0.4790804284385939,0.42908042843859384,0.5290804284385939,1.2393975696807806,1.1560045725121886,2.395402142192969,2026-02-22 00:00:00
2026-02-22 03:00:00,9.4,1.2,0.7783848789913284,0.7283848789913283,0.8283848789913284,0.7176457320920993,0.6676457320920992,0.7676457320920993,0.7480153055417138,0.6980153055417138,0.7980153055417138,1.945962197478321,1.794114330230248,3.740076527708569,2026-02-22 00:00:00
2026-02-22 04:00:00,15.5,3.2,1.0,0.95,1.0,0.9933877234737114,0.9433877234737114,1.0,0.9966938617368557,0.9466938617368557,1.0,2.5,2.4834693086842785,4.9834693086842785,2026-02-22 00:00:00
2026-02-22 05:00:00,23.4,5.7,0.9747989200844959,0.9247989200844958,1.0,0.9794314309434928,0.9294314309434928,1.0,0.9771151755139944,0.9271151755139944,1.0,2.4369973002112397,2.448578577358732,4.885575877569972,2026-02-22 00:00:00
2026-02-22 06:00:00,31.7,8.0,0.0,0.0,0.05,0.0,0.0,0.05,0.0,0.0,0.05,0.0,0.0,0.0,2026-02-22 00:00:00
2026-02-22 07:00:00,33.9,9.0,0.0,0.0,0.05,0.0,0.0,0.05,0.0,0.0,0.05,0.0,0.0,0.0,2026-02-22 00:00:00
2026-02-22 08:00:00,33.0,9.9,0.0,0.0,0.05,0.0,0.0,0.05,0.0,0.0,0.05,0.0,0.0,0.0,2026-02-22 00:00:00
2026-02-22 09:00:00,30.7,10.2,0.0,0.0,0.05,0.0,0.0,0.05,0.0,0.0,0.05,0.0,0.0,0.0,2026-02-22 00:00:00
2026-02-22 10:00:00,28.3,10.4,0.0,0.0,0.05,0.0,0.0,0.05,0.0,0.0,0.05,0.0,0.0,0.0,2026-02-22 00:00:00
2026-02-22 11:00:00,26.1,9.8,0.0,0.0,0.05,0.0,0.0,0.05,0.0,0.0,0.05,0.0,0.0,0.0,2026-02-22 00:00:00
2026-02-22 12:00:00,25.7,7.5,0.0,0.0,0.05,0.0,0.0,0.05,0.0,0.0,0.05,0.0,0.0,0.0,2026-02-22 00:00:00
2026-02-22 13:00:00,20.7,5.1,0.9905819993763466,0.9405819993763466,1.0,0.9743158606919632,0.9243158606919631,1.0,0.9824489300341549,0.9324489300341549,1.0,2.4764549984408664,2.435789651729908,4.912244650170774,2026-02-22 00:00:00
2026-02-22 14:00:00,12.9,3.2,0.9856680971069258,0.9356680971069258,1.0,0.9777126200714318,0.9277126200714317,1.0,0.9816903585891787,0.9316903585891787,1.0,2.4641702427673144,2.4442815501785793,4.908451792945893,2026-02-22 00:00:00
2026-02-22 15:00:00,9.2,1.6,0.7407520401335768,0.6907520401335767,0.7907520401335768,0.7034490312853052,0.6534490312853052,0.7534490312853053,0.722100535709441,0.672100535709441,0.772100535709441,1.851880100333942,1.758622578213263,3.610502678547205,2026-02-22 00:00:00
2026-02-22 16:00:00,5.8,0.7,0.15140255431976407,0.10140255431976407,0.20140255431976406,0.13140318010240923,0.08140318010240923,0.18140318010240924,0.14140286721108664,0.09140286721108665,0.19140286721108665,0.3785063857994102,0.3285079502560231,0.7070143360554332,2026-02-22 00:00:00
2026-02-22 17:00:00,5.6,0.5,0.13361756149516305,0.08361756149516304,0.18361756149516306,0.10736098283777683,0.057360982837776825,0.15736098283777683,0.12048927216646993,0.07048927216646994,0.17048927216646995,0.3340439037379076,0.26840245709444205,0.6024463608323496,2026-02-22 00:00:00
2026-02-22 18:00:00,8.8,0.7,0.669810294009582,0.619810294009582,0.7198102940095821,0.658191624478481,0.608191624478481,0.708191624478481,0.6640009592440315,0.6140009592440314,0.7140009592440315,1.674525735023955,1.6454790611962025,3.3200047962201573,2026-02-22 00:00:00
2026-02-22 19:00:00,8.1,1.5,0.5489531834667463,0.4989531834667463,0.5989531834667463,0.5285782065940228,0.4785782065940228,0.5785782065940228,0.5387656950303845,0.48876569503038453,0.5887656950303846,1.3723829586668657,1.321445516485057,2.6938284751519226,2026-02-22 00:00:00
2026-02-22 20:00:00,6.1,2.1,0.2071983547453683,0.1571983547453683,0.2571983547453683,0.19111695358287914,0.14111695358287912,0.24111695358287916,0.19915765416412373,0.14915765416412372,0.24915765416412372,0.5179958868634207,0.47779238395719786,0.9957882708206187,2026-02-22 00:00:00
2026-02-22 21:00:00,6.5,2.7,0.2692012127888953,0.21920121278889532,0.3192012127888953,0.2625535639854291,0.21255356398542913,0.3125535639854291,0.26587738838716224,0.21587738838716222,0.3158773883871622,0.6730030319722382,0.6563839099635728,1.329386941935811,2026-02-22 00:00:00
2026-02-22 22:00:00,6.5,3.3,0.27979939034041607,0.22979939034041608,0.32979939034041605,0.2632920014866777,0.2132920014866777,0.3132920014866777,0.2715456959135469,0.2215456959135469,0.32154569591354687,0.6994984758510402,0.6582300037166943,1.3577284795677345,2026-02-22 00:00:00
2026-02-22 23:00:00,3.7,3.2,0.02794310306586024,0.0,0.07794310306586025,0.02531666207952995,0.0,0.07531666207952994,0.026629882572695093,0.0,0.0766298825726951,0.0698577576646506,0.06329165519882488,0.13314941286347548,2026-02-22 00:00:00
2026-02-23 00:00:00,11.9,3.0,0.9615737373416432,0.9115737373416432,1.0,0.9682612499038366,0.9182612499038365,1.0,0.9649174936227398,0.9149174936227398,1.0,2.403934343354108,2.4206531247595913,4.824587468113699,2026-02-22 00:00:00
2026-02-23 01:00:00,21.7,1.5,1.0,0.95,1.0,0.9619005119948686,0.9119005119948685,1.0,0.9809502559974344,0.9309502559974343,1.0,2.5,2.4047512799871713,4.904751279987172,2026-02-22 00:00:00
2026-02-23 02:00:00,20.6,1.9,0.9996169668710301,0.94961696687103,1.0,0.9620105410825723,0.9120105410825723,1.0,0.9808137539768012,0.9308137539768011,1.0,2.4990424171775754,2.4050263527064306,4.904068769884006,2026-02-22 00:00:00
2026-02-23 03:00:00,20.8,4.4,0.9874931185403248,0.9374931185403248,1.0,0.9425302473761243,0.8925302473761243,0.9925302473761244,0.9650116829582246,0.9150116829582245,0.9962651236880622,2.468732796350812,2.356325618440311,4.825058414791123,2026-02-22 00:00:00
2026-02-23 04:00:00,18.7,7.1,0.9394638619932429,0.8894638619932429,0.989463861993243,0.9666700776371646,0.9166700776371646,1.0,0.9530669698152038,0.9030669698152037,0.9947319309966215,2.3486596549831074,2.4166751940929116,4.765334849076019,2026-02-22 00:00:00
2026-02-23 05:00:00,10.8,8.8,0.9325906813591697,0.8825906813591696,0.9825906813591697,0.9184750462324394,0.8684750462324393,0.9684750462324394,0.9255328637958045,0.8755328637958044,0.9755328637958045,2.3314767033979242,2.2961876155810983,4.627664318979022,2026-02-22 00:00:00
2026-02-23 06:00:00,12.9,9.4,0.9872494813045157,0.9372494813045157,1.0,0.9759655771964856,0.9259655771964855,1.0,0.9816075292505007,0.9316075292505006,1.0,2.4681237032612895,2.439913942991214,4.908037646252503,2026-02-22 00:00:00
2026-02-23 07:00:00,21.9,7.9,0.9911142258976734,0.9411142258976734,1.0,0.9753583846512994,0.9253583846512994,1.0,0.9832363052744864,0.9332363052744863,1.0,2.4777855647441833,2.4383959616282485,4.916181526372432,2026-02-22 00:00:00
2026-02-23 08:00:00,25.8,7.4,0.0,0.0,0.05,0.0,0.0,0.05,0.0,0.0,0.05,0.0,0.0,0.0,2026-02-22 00:00:00
2026-02-23 09:00:00,27.7,7.1,0.0,0.0,0.05,0.0,0.0,0.05,0.0,0.0,0.05,0.0,0.0,0.0,2026-02-22 00:00:00
2026-02-23 10:00:00,28.1,6.6,0.0,0.0,0.05,0.0,0.0,0.05,0.0,0.0,0.05,0.0,0.0,0.0,2026-02-22 00:00:00
2026-02-23 11:00:00,28.5,5.7,0.0,0.0,0.05,0.0,0.0,0.05,0.0,0.0,0.05,0.0,0.0,0.0,2026-02-22 00:00:00
2026-02-23 12:00:00,33.6,4.2,0.0,0.0,0.05,0.0,0.0,0.05,0.0,0.0,0.05,0.0,0.0,0.0,2026-02-22 00:00:00
2026-02-23 13:00:00,33.4,3.7,0.0,0.0,0.05,0.0,0.0,0.05,0.0,0.0,0.05,0.0,0.0,0.0,2026-02-22 00:00:00
2026-02-23 14:00:00,36.7,2.7,0.0,0.0,0.05,0.0,0.0,0.05,0.0,0.0,0.05,0.0,0.0,0.0,2026-02-22 00:00:00
2026-02-23 15:00:00,39.4,0.9,0.0,0.0,0.05,0.0,0.0,0.05,0.0,0.0,0.05,0.0,0.0,0.0,2026-02-22 00:00:00
2026-02-23 16:00:00,36.0,0.3,0.0,0.0,0.05,0.0,0.0,0.05,0.0,0.0,0.05,0.0,0.0,0.0,2026-02-22 00:00:00
2026-02-23 17:00:00,35.4,-0.4,0.0,0.0,0.05,0.0,0.0,0.05,0.0,0.0,0.05,0.0,0.0,0.0,2026-02-22 00:00:00
2026-02-23 18:00:00,38.3,-1.0,0.0,0.0,0.05,0.0,0.0,0.05,0.0,0.0,0.05,0.0,0.0,0.0,2026-02-22 00:00:00
2026-02-23 19:00:00,36.5,-1.4,0.0,0.0,0.05,0.0,0.0,0.05,0.0,0.0,0.05,0.0,0.0,0.0,2026-02-22 00:00:00
2026-02-23 20:00:00,33.4,-2.0,0.0,0.0,0.05,0.0,0.0,0.05,0.0,0.0,0.05,0.0,0.0,0.0,2026-02-22 00:00:00
2026-02-23 21:00:00,30.2,-2.3,0.0,0.0,0.05,0.0,0.0,0.05,0.0,0.0,0.05,0.0,0.0,0.0,2026-02-22 00:00:00
2026-02-23 22:00:00,29.0,-2.4,0.0,0.0,0.05,0.0,0.0,0.05,0.0,0.0,0.05,0.0,0.0,0.0,2026-02-22 00:00:00
2026-02-23 23:00:00,29.4,-2.4,0.0,0.0,0.05,0.0,0.0,0.05,0.0,0.0,0.05,0.0,0.0,0.0,2026-02-22 00:00:00
2026-02-23 00:00:00,11.9,3.0,0.9615737373416432,0.9115737373416432,1.0,0.9682612499038366,0.9182612499038365,1.0,0.9649174936227398,0.9149174936227398,1.0,2.403934343354108,2.4206531247595913,4.824587468113699,2026-02-23 00:00:00
2026-02-23 01:00:00,21.7,1.5,1.0,0.95,1.0,0.9619005119948686,0.9119005119948685,1.0,0.9809502559974344,0.9309502559974343,1.0,2.5,2.4047512799871713,4.904751279987172,2026-02-23 00:00:00
2026-02-23 02:00:00,20.6,1.9,0.9996169668710301,0.94961696687103,1.0,0.9620105410825723,0.9120105410825723,1.0,0.9808137539768012,0.9308137539768011,1.0,2.4990424171775754,2.4050263527064306,4.904068769884006,2026-02-23 00:00:00
2026-02-23 03:00:00,20.8,4.4,0.9874931185403248,0.9374931185403248,1.0,0.9425302473761243,0.8925302473761243,0.9925302473761244,0.9650116829582246,0.9150116829582245,0.9962651236880622,2.468732796350812,2.356325618440311,4.825058414791123,2026-02-23 00:00:00
2026-02-23 04:00:00,18.7,7.1,0.9394638619932429,0.8894638619932429,0.989463861993243,0.9666700776371646,0.9166700776371646,1.0,0.9530669698152038,0.9030669698152037,0.9947319309966215,2.3486596549831074,2.4166751940929116,4.765334849076019,2026-02-23 00:00:00
2026-02-23 05:00:00,10.8,8.8,0.9325906813591697,0.8825906813591696,0.9825906813591697,0.9184750462324394,0.8684750462324393,0.9684750462324394,0.9255328637958045,0.8755328637958044,0.9755328637958045,2.3314767033979242,2.2961876155810983,4.627664318979022,2026-02-23 00:00:00
2026-02-23 06:00:00,12.9,9.4,0.9872494813045157,0.9372494813045157,1.0,0.9759655771964856,0.9259655771964855,1.0,0.9816075292505007,0.9316075292505006,1.0,2.4681237032612895,2.439913942991214,4.908037646252503,2026-02-23 00:00:00
2026-02-23 07:00:00,21.9,7.9,0.9911142258976734,0.9411142258976734,1.0,0.9753583846512994,0.9253583846512994,1.0,0.9832363052744864,0.9332363052744863,1.0,2.4777855647441833,2.4383959616282485,4.916181526372432,2026-02-23 00:00:00
2026-02-23 08:00:00,25.8,7.4,0.0,0.0,0.05,0.0,0.0,0.05,0.0,0.0,0.05,0.0,0.0,0.0,2026-02-23 00:00:00
2026-02-23 09:00:00,27.7,7.1,0.0,0.0,0.05,0.0,0.0,0.05,0.0,0.0,0.05,0.0,0.0,0.0,2026-02-23 00:00:00
2026-02-23 10:00:00,28.1,6.6,0.0,0.0,0.05,0.0,0.0,0.05,0.0,0.0,0.05,0.0,0.0,0.0,2026-02-23 00:00:00
2026-02-23 11:00:00,28.5,5.7,0.0,0.0,0.05,0.0,0.0,0.05,0.0,0.0,0.05,0.0,0.0,0.0,2026-02-23 00:00:00
2026-02-23 12:00:00,33.6,4.2,0.0,0.0,0.05,0.0,0.0,0.05,0.0,0.0,0.05,0.0,0.0,0.0,2026-02-23 00:00:00
2026-02-23 13:00:00,33.4,3.7,0.0,0.0,0.05,0.0,0.0,0.05,0.0,0.0,0.05,0.0,0.0,0.0,2026-02-23 00:00:00
2026-02-23 14:00:00,36.7,2.7,0.0,0.0,0.05,0.0,0.0,0.05,0.0,0.0,0.05,0.0,0.0,0.0,2026-02-23 00:00:00
2026-02-23 15:00:00,39.4,0.9,0.0,0.0,0.05,0.0,0.0,0.05,0.0,0.0,0.05,0.0,0.0,0.0,2026-02-23 00:00:00
2026-02-23 16:00:00,36.0,0.3,0.0,0.0,0.05,0.0,0.0,0.05,0.0,0.0,0.05,0.0,0.0,0.0,2026-02-23 00:00:00
2026-02-23 17:00:00,35.4,-0.4,0.0,0.0,0.05,0.0,0.0,0.05,0.0,0.0,0.05,0.0,0.0,0.0,2026-02-23 00:00:00
2026-02-23 18:00:00,38.3,-1.0,0.0,0.0,0.05,0.0,0.0,0.05,0.0,0.0,0.05,0.0,0.0,0.0,2026-02-23 00:00:00
2026-02-23 19:00:00,36.5,-1.4,0.0,0.0,0.05,0.0,0.0,0.05,0.0,0.0,0.05,0.0,0.0,0.0,2026-02-23 00:00:00
2026-02-23 20:00:00,33.4,-2.0,0.0,0.0,0.05,0.0,0.0,0.05,0.0,0.0,0.05,0.0,0.0,0.0,2026-02-23 00:00:00
2026-02-23 21:00:00,30.2,-2.3,0.0,0.0,0.05,0.0,0.0,0.05,0.0,0.0,0.05,0.0,0.0,0.0,2026-02-23 00:00:00
2026-02-23 22:00:00,29.0,-2.4,0.0,0.0,0.05,0.0,0.0,0.05,0.0,0.0,0.05,0.0,0.0,0.0,2026-02-23 00:00:00
2026-02-23 23:00:00,29.4,-2.4,0.0,0.0,0.05,0.0,0.0,0.05,0.0,0.0,0.05,0.0,0.0,0.0,2026-02-23 00:00:00
2026-02-24 00:00:00,26.4,-2.3,0.0,0.0,0.05,0.0,0.0,0.05,0.0,0.0,0.05,0.0,0.0,0.0,2026-02-23 00:00:00
2026-02-24 01:00:00,24.6,-2.1,0.0,0.0,0.05,0.0,0.0,0.05,0.0,0.0,0.05,0.0,0.0,0.0,2026-02-23 00:00:00
2026-02-24 02:00:00,21.7,-1.8,0.9965429045760262,0.9465429045760262,1.0,1.0,0.95,1.0,0.9982714522880132,0.9482714522880131,1.0,2.4913572614400654,2.5,4.991357261440066,2026-02-23 00:00:00
2026-02-24 03:00:00,17.7,-0.9,0.9919889357990783,0.9419889357990783,1.0,0.9943649326660463,0.9443649326660463,1.0,0.9931769342325623,0.9431769342325622,1.0,2.479972339497696,2.4859123316651157,4.9658846711628115,2026-02-23 00:00:00
2026-02-24 04:00:00,14.7,0.2,0.9902590390528663,0.9402590390528662,1.0,0.9573315737684657,0.9073315737684656,1.0,0.9737953064106659,0.9237953064106659,1.0,2.4756475976321655,2.3933289344211643,4.868976532053329,2026-02-23 00:00:00
2026-02-24 05:00:00,12.5,1.1,0.9356029752565875,0.8856029752565875,0.9856029752565876,0.9722300943775911,0.9222300943775911,1.0,0.9539165348170893,0.9039165348170892,0.9928014876282938,2.339007438141469,2.430575235943978,4.769582674085447,2026-02-23 00:00:00
2026-02-24 06:00:00,9.8,2.0,0.8261188624987919,0.7761188624987918,0.8761188624987919,0.7991324452764895,0.7491324452764895,0.8491324452764896,0.8126256538876406,0.7626256538876406,0.8626256538876407,2.0652971562469795,1.9978311131912239,4.063128269438203,2026-02-23 00:00:00
2026-02-24 07:00:00,10.1,2.8,0.8750640224443964,0.8250640224443964,0.9250640224443964,0.8715730445689832,0.8215730445689832,0.9215730445689833,0.8733185335066898,0.8233185335066897,0.9233185335066898,2.187660056110991,2.178932611422458,4.366592667533449,2026-02-23 00:00:00
2026-02-24 08:00:00,12.1,2.9,0.9370764205419251,0.887076420541925,0.9870764205419251,0.9630137934422343,0.9130137934422342,1.0,0.9500451069920797,0.9000451069920796,0.9935382102709626,2.3426910513548127,2.407534483605586,4.750225534960398,2026-02-23 00:00:00
2026-02-24 09:00:00,14.5,2.6,0.9999258184647485,0.9499258184647484,1.0,0.9804411650954867,0.9304411650954867,1.0,0.9901834917801176,0.9401834917801175,1.0,2.499814546161871,2.4511029127387167,4.950917458900587,2026-02-23 00:00:00
2026-02-24 10:00:00,14.2,2.0,0.9643216637880521,0.914321663788052,1.0,0.9707009122346457,0.9207009122346457,1.0,0.9675112880113489,0.9175112880113488,1.0,2.41080415947013,2.4267522805866144,4.837556440056744,2026-02-23 00:00:00
2026-02-24 11:00:00,12.0,1.5,0.9687307083059027,0.9187307083059026,1.0,0.955861554842994,0.9058615548429939,1.0,0.9622961315744483,0.9122961315744482,1.0,2.4218267707647567,2.389653887107485,4.8114806578722416,2026-02-23 00:00:00
2026-02-24 12:00:00,10.2,1.0,0.8914154517857881,0.841415451785788,0.9414154517857881,0.8339477509899405,0.7839477509899404,0.8839477509899405,0.8626816013878642,0.8126816013878642,0.9126816013878642,2.2285386294644702,2.0848693774748512,4.313408006939321,2026-02-23 00:00:00
2026-02-24 13:00:00,11.1,0.2,0.96048568232117,0.91048568232117,1.0,0.8984769894746617,0.8484769894746617,0.9484769894746617,0.9294813358979159,0.8794813358979159,0.9742384947373308,2.4012142058029253,2.246192473686654,4.647406679489579,2026-02-23 00:00:00
2026-02-24 14:00:00,8.8,-0.4,0.6856361756033855,0.6356361756033855,0.7356361756033856,0.6213547944977227,0.5713547944977226,0.6713547944977227,0.6534954850505541,0.6034954850505541,0.7034954850505541,1.714090439008464,1.5533869862443068,3.2674774252527703,2026-02-23 00:00:00
2026-02-24 15:00:00,2.6,-0.5,0.0121864141734519,0.0,0.0621864141734519,0.0,0.0,0.05,0.00609320708672595,0.0,0.05609320708672595,0.03046603543362975,0.0,0.03046603543362975,2026-02-23 00:00:00
2026-02-24 16:00:00,6.3,-0.7,0.2227802182769174,0.17278021827691742,0.2727802182769174,0.18412809808066058,0.13412809808066056,0.2341280980806606,0.20345415817878898,0.153454158178789,0.253454158178789,0.5569505456922935,0.46032024520165143,1.017270790893945,2026-02-23 00:00:00
2026-02-24 17:00:00,6.5,-0.9,0.24596097573918071,0.1959609757391807,0.29596097573918073,0.20877334594236518,0.1587733459423652,0.2587733459423652,0.22736716084077296,0.17736716084077295,0.27736716084077295,0.6149024393479517,0.521933364855913,1.1368358042038649,2026-02-23 00:00:00
2026-02-24 18:00:00,6.3,-0.6,0.23505535414686357,0.18505535414686358,0.28505535414686356,0.20149971878984985,0.15149971878984986,0.25149971878984984,0.2182775364683567,0.16827753646835672,0.2682775364683567,0.587638385367159,0.5037492969746247,1.0913876823417836,2026-02-23 00:00:00
2026-02-24 19:00:00,10.7,-1.2,0.9475420220848545,0.8975420220848545,0.9975420220848545,0.9076309814246374,0.8576309814246373,0.9576309814246374,0.927586501754746,0.877586501754746,0.977586501754746,2.368855055212136,2.2690774535615934,4.63793250877373,2026-02-23 00:00:00
2026-02-24 20:00:00,11.1,-1.5,0.9754645134680003,0.9254645134680003,1.0,0.9266745008308338,0.8766745008308338,0.9766745008308338,0.9510695071494171,0.901069507149417,0.9883372504154169,2.438661283670001,2.3166862520770843,4.755347535747085,2026-02-23 00:00:00
2026-02-24 21:00:00,12.7,-1.4,0.9697669038871093,0.9197669038871092,1.0,0.9686551652657251,0.9186551652657251,1.0,0.9692110345764172,0.9192110345764172,1.0,2.424417259717773,2.4216379131643126,4.846055172882086,2026-02-23 00:00:00
2026-02-24 22:00:00,12.2,-1.6,0.9952404563548048,0.9452404563548048,1.0,0.9659369534156215,0.9159369534156214,1.0,0.9805887048852131,0.9305887048852131,1.0,2.488101140887012,2.4148423835390536,4.902943524426066,2026-02-23 00:00:00
2026-02-24 23:00:00,12.3,-1.9,0.9975747722894381,0.9475747722894381,1.0,0.9760863455291626,0.9260863455291626,1.0,0.9868305589093004,0.9368305589093003,1.0,2.4939369307235952,2.440215863822907,4.934152794546502,2026-02-23 00:00:00
2026-02-24 00:00:00,26.4,-2.3,0.0,0.0,0.05,0.0,0.0,0.05,0.0,0.0,0.05,0.0,0.0,0.0,2026-02-24 00:00:00
2026-02-24 01:00:00,24.6,-2.1,0.0,0.0,0.05,0.0,0.0,0.05,0.0,0.0,0.05,0.0,0.0,0.0,2026-02-24 00:00:00
2026-02-24 02:00:00,21.7,-1.8,0.9965429045760262,0.9465429045760262,1.0,1.0,0.95,1.0,0.9982714522880132,0.9482714522880131,1.0,2.4913572614400654,2.5,4.991357261440066,2026-02-24 00:00:00
2026-02-24 03:00:00,17.7,-0.9,0.9919889357990783,0.9419889357990783,1.0,0.9943649326660463,0.9443649326660463,1.0,0.9931769342325623,0.9431769342325622,1.0,2.479972339497696,2.4859123316651157,4.9658846711628115,2026-02-24 00:00:00
2026-02-24 04:00:00,14.7,0.2,0.9902590390528663,0.9402590390528662,1.0,0.9573315737684657,0.9073315737684656,1.0,0.9737953064106659,0.9237953064106659,1.0,2.4756475976321655,2.3933289344211643,4.868976532053329,2026-02-24 00:00:00
2026-02-24 05:00:00,12.5,1.1,0.9356029752565875,0.8856029752565875,0.9856029752565876,0.9722300943775911,0.9222300943775911,1.0,0.9539165348170893,0.9039165348170892,0.9928014876282938,2.339007438141469,2.430575235943978,4.769582674085447,2026-02-24 00:00:00
2026-02-24 06:00:00,9.8,2.0,0.8261188624987919,0.7761188624987918,0.8761188624987919,0.7991324452764895,0.7491324452764895,0.8491324452764896,0.8126256538876406,0.7626256538876406,0.8626256538876407,2.0652971562469795,1.9978311131912239,4.063128269438203,2026-02-24 00:00:00
2026-02-24 07:00:00,10.1,2.8,0.8750640224443964,0.8250640224443964,0.9250640224443964,0.8715730445689832,0.8215730445689832,0.9215730445689833,0.8733185335066898,0.8233185335066897,0.9233185335066898,2.187660056110991,2.178932611422458,4.366592667533449,2026-02-24 00:00:00
2026-02-24 08:00:00,12.1,2.9,0.9370764205419251,0.887076420541925,0.9870764205419251,0.9630137934422343,0.9130137934422342,1.0,0.9500451069920797,0.9000451069920796,0.9935382102709626,2.3426910513548127,2.407534483605586,4.750225534960398,2026-02-24 00:00:00
2026-02-24 09:00:00,14.5,2.6,0.9999258184647485,0.9499258184647484,1.0,0.9804411650954867,0.9304411650954867,1.0,0.9901834917801176,0.9401834917801175,1.0,2.499814546161871,2.4511029127387167,4.950917458900587,2026-02-24 00:00:00
2026-02-24 10:00:00,14.2,2.0,0.9643216637880521,0.914321663788052,1.0,0.9707009122346457,0.9207009122346457,1.0,0.9675112880113489,0.9175112880113488,1.0,2.41080415947013,2.4267522805866144,4.837556440056744,2026-02-24 00:00:00
2026-02-24 11:00:00,12.0,1.5,0.9687307083059027,0.9187307083059026,1.0,0.955861554842994,0.9058615548429939,1.0,0.9622961315744483,0.9122961315744482,1.0,2.4218267707647567,2.389653887107485,4.8114806578722416,2026-02-24 00:00:00
2026-02-24 12:00:00,10.2,1.0,0.8914154517857881,0.841415451785788,0.9414154517857881,0.8339477509899405,0.7839477509899404,0.8839477509899405,0.8626816013878642,0.8126816013878642,0.9126816013878642,2.2285386294644702,2.0848693774748512,4.313408006939321,2026-02-24 00:00:00
2026-02-24 13:00:00,11.1,0.2,0.96048568232117,0.91048568232117,1.0,0.8984769894746617,0.8484769894746617,0.9484769894746617,0.9294813358979159,0.8794813358979159,0.9742384947373308,2.4012142058029253,2.246192473686654,4.647406679489579,2026-02-24 00:00:00
2026-02-24 14:00:00,8.8,-0.4,0.6856361756033855,0.6356361756033855,0.7356361756033856,0.6213547944977227,0.5713547944977226,0.6713547944977227,0.6534954850505541,0.6034954850505541,0.7034954850505541,1.714090439008464,1.5533869862443068,3.2674774252527703,2026-02-24 00:00:00
2026-02-24 15:00:00,2.6,-0.5,0.0121864141734519,0.0,0.0621864141734519,0.0,0.0,0.05,0.00609320708672595,0.0,0.05609320708672595,0.03046603543362975,0.0,0.03046603543362975,2026-02-24 00:00:00
2026-02-24 16:00:00,6.3,-0.7,0.2227802182769174,0.17278021827691742,0.2727802182769174,0.18412809808066058,0.13412809808066056,0.2341280980806606,0.20345415817878898,0.153454158178789,0.253454158178789,0.5569505456922935,0.46032024520165143,1.017270790893945,2026-02-24 00:00:00
2026-02-24 17:00:00,6.5,-0.9,0.24596097573918071,0.1959609757391807,0.29596097573918073,0.20877334594236518,0.1587733459423652,0.2587733459423652,0.22736716084077296,0.17736716084077295,0.27736716084077295,0.6149024393479517,0.521933364855913,1.1368358042038649,2026-02-24 00:00:00
2026-02-24 18:00:00,6.3,-0.6,0.23505535414686357,0.18505535414686358,0.28505535414686356,0.20149971878984985,0.15149971878984986,0.25149971878984984,0.2182775364683567,0.16827753646835672,0.2682775364683567,0.587638385367159,0.5037492969746247,1.0913876823417836,2026-02-24 00:00:00
2026-02-24 19:00:00,10.7,-1.2,0.9475420220848545,0.8975420220848545,0.9975420220848545,0.9076309814246374,0.8576309814246373,0.9576309814246374,0.927586501754746,0.877586501754746,0.977586501754746,2.368855055212136,2.2690774535615934,4.63793250877373,2026-02-24 00:00:00
2026-02-24 20:00:00,11.1,-1.5,0.9754645134680003,0.9254645134680003,1.0,0.9266745008308338,0.8766745008308338,0.9766745008308338,0.9510695071494171,0.901069507149417,0.9883372504154169,2.438661283670001,2.3166862520770843,4.755347535747085,2026-02-24 00:00:00
2026-02-24 21:00:00,12.7,-1.4,0.9697669038871093,0.9197669038871092,1.0,0.9686551652657251,0.9186551652657251,1.0,0.9692110345764172,0.9192110345764172,1.0,2.424417259717773,2.4216379131643126,4.846055172882086,2026-02-24 00:00:00
2026-02-24 22:00:00,12.2,-1.6,0.9952404563548048,0.9452404563548048,1.0,0.9659369534156215,0.9159369534156214,1.0,0.9805887048852131,0.9305887048852131,1.0,2.488101140887012,2.4148423835390536,4.902943524426066,2026-02-24 00:00:00
2026-02-24 23:00:00,12.3,-1.9,0.9975747722894381,0.9475747722894381,1.0,0.9760863455291626,0.9260863455291626,1.0,0.9868305589093004,0.9368305589093003,1.0,2.4939369307235952,2.440215863822907,4.934152794546502,2026-02-24 00:00:00
2026-02-25 00:00:00,11.3,-2.0,0.9895277036804971,0.9395277036804971,1.0,0.9460540940712721,0.896054094071272,0.9960540940712721,0.9677908988758845,0.9177908988758845,0.998027047035636,2.473819259201243,2.36513523517818,4.838954494379423,2026-02-24 00:00:00
2026-02-25 01:00:00,13.6,-1.8,0.9851804666636732,0.9351804666636732,1.0,0.9781822426158329,0.9281822426158328,1.0,0.981681354639753,0.931681354639753,1.0,2.462951166659183,2.445455606539582,4.908406773198765,2026-02-24 00:00:00
2026-02-25 02:00:00,12.7,-1.5,1.0,0.95,1.0,0.9742191683141611,0.9242191683141611,1.0,0.9871095841570805,0.9371095841570805,1.0,2.5,2.4355479207854027,4.935547920785402,2026-02-24 00:00:00
2026-02-25 03:00:00,10.4,-0.8,0.9084682325042793,0.8584682325042793,0.9584682325042794,0.8503347130950949,0.8003347130950949,0.9003347130950949,0.8794014727996871,0.829401472799687,0.9294014727996871,2.2711705812606984,2.1258367827377374,4.397007363998435,2026-02-24 00:00:00
2026-02-25 04:00:00,8.6,-0.1,0.6530231622398414,0.6030231622398413,0.7030231622398414,0.6016027089579732,0.5516027089579731,0.6516027089579732,0.6273129355989073,0.5773129355989073,0.6773129355989074,1.6325579055996033,1.5040067723949329,3.136564677994537,2026-02-24 00:00:00
2026-02-25 05:00:00,8.9,1.0,0.7161977832517835,0.6661977832517835,0.7661977832517836,0.66716167245293,0.61716167245293,0.71716167245293,0.6916797278523568,0.6416797278523567,0.7416797278523568,1.7904944581294588,1.667904181132325,3.458398639261784,2026-02-24 00:00:00
2026-02-25 06:00:00,10.2,1.9,0.8872149701337236,0.8372149701337236,0.9372149701337237,0.8945565490452061,0.844556549045206,0.9445565490452061,0.8908857595894648,0.8408857595894648,0.9408857595894649,2.218037425334309,2.2363913726130153,4.454428797947324,2026-02-24 00:00:00
2026-02-25 07:00:00,8.8,2.4,0.6897482782862242,0.6397482782862242,0.7397482782862242,0.6581925285672787,0.6081925285672787,0.7081925285672788,0.6739704034267515,0.6239704034267515,0.7239704034267516,1.7243706957155605,1.6454813214181967,3.3698520171337574,2026-02-24 00:00:00
2026-02-25 08:00:00,6.0,2.7,0.20617971398600593,0.15617971398600594,0.2561797139860059,0.17928053368165642,0.12928053368165643,0.2292805336816564,0.19273012383383117,0.14273012383383119,0.24273012383383116,0.5154492849650149,0.44820133420414104,0.9636506191691558,2026-02-24 00:00:00
2026-02-25 09:00:00,1.3,2.9,0.0,0.0,0.05,0.0,0.0,0.05,0.0,0.0,0.05,0.0,0.0,0.0,2026-02-24 00:00:00
2026-02-25 10:00:00,0.9,2.9,0.0,0.0,0.05,0.0,0.0,0.05,0.0,0.0,0.05,0.0,0.0,0.0,2026-02-24 00:00:00
2026-02-25 11:00:00,3.4,2.9,0.021503967961868087,0.0,0.07150396796186809,0.009919037445066246,0.0,0.05991903744506625,0.01571150270346717,0.0,0.06571150270346716,0.05375991990467022,0.024797593612665616,0.07855751351733584,2026-02-24 00:00:00
2026-02-25 12:00:00,13.0,1.4,0.9706455111464132,0.9206455111464131,1.0,0.9537506164796966,0.9037506164796966,1.0,0.962198063813055,0.9121980638130549,1.0,2.426613777866033,2.3843765411992415,4.810990319065275,2026-02-24 00:00:00
2026-02-25 13:00:00,13.1,0.8,0.9740242576377601,0.9240242576377601,1.0,0.9585299241423841,0.9085299241423841,1.0,0.9662770908900722,0.9162770908900721,1.0,2.4350606440944005,2.3963248103559605,4.831385454450361,2026-02-24 00:00:00
2026-02-25 14:00:00,8.1,1.2,0.5352781984755646,0.4852781984755646,0.5852781984755646,0.49346821420782,0.44346821420782,0.54346821420782,0.5143732063416923,0.4643732063416923,0.5643732063416923,1.3381954961889115,1.23367053551955,2.571866031708461,2026-02-24 00:00:00
2026-02-25 15:00:00,9.1,1.2,0.7067742908158535,0.6567742908158535,0.7567742908158536,0.7143083243972463,0.6643083243972463,0.7643083243972464,0.7105413076065499,0.6605413076065498,0.7605413076065499,1.7669357270396338,1.7857708109931159,3.5527065380327496,2026-02-24 00:00:00
2026-02-25 16:00:00,15.1,0.5,0.9906138426613268,0.9406138426613267,1.0,0.9440310427327532,0.8940310427327531,0.9940310427327532,0.9673224426970399,0.9173224426970399,0.9970155213663766,2.476534606653317,2.360077606831883,4.8366122134852,2026-02-24 00:00:00
2026-02-25 17:00:00,18.5,0.0,0.9909345994537914,0.9409345994537913,1.0,0.9782773454508381,0.9282773454508381,1.0,0.9846059724523147,0.9346059724523147,1.0,2.4773364986344784,2.4456933636270954,4.923029862261574,2026-02-24 00:00:00
2026-02-25 18:00:00,26.6,0.6,0.0,0.0,0.05,0.0,0.0,0.05,0.0,0.0,0.05,0.0,0.0,0.0,2026-02-24 00:00:00
2026-02-25 19:00:00,28.2,-0.1,0.0,0.0,0.05,0.0,0.0,0.05,0.0,0.0,0.05,0.0,0.0,0.0,2026-02-24 00:00:00
2026-02-25 20:00:00,27.6,-0.1,0.0,0.0,0.05,0.0,0.0,0.05,0.0,0.0,0.05,0.0,0.0,0.0,2026-02-24 00:00:00
2026-02-25 21:00:00,28.7,0.2,0.0,0.0,0.05,0.0,0.0,0.05,0.0,0.0,0.05,0.0,0.0,0.0,2026-02-24 00:00:00
2026-02-25 22:00:00,25.9,0.7,0.0,0.0,0.05,0.0,0.0,0.05,0.0,0.0,0.05,0.0,0.0,0.0,2026-02-24 00:00:00
2026-02-25 23:00:00,27.5,0.7,0.0,0.0,0.05,0.0,0.0,0.05,0.0,0.0,0.05,0.0,0.0,0.0,2026-02-24 00:00:00
2026-02-25 00:00:00,11.3,-2.0,0.9895277036804971,0.9395277036804971,1.0,0.9460540940712721,0.896054094071272,0.9960540940712721,0.9677908988758845,0.9177908988758845,0.998027047035636,2.473819259201243,2.36513523517818,4.838954494379423,2026-02-25 00:00:00
2026-02-25 01:00:00,13.6,-1.8,0.9851804666636732,0.9351804666636732,1.0,0.9781822426158329,0.9281822426158328,1.0,0.981681354639753,0.931681354639753,1.0,2.462951166659183,2.445455606539582,4.908406773198765,2026-02-25 00:00:00
2026-02-25 02:00:00,12.7,-1.5,1.0,0.95,1.0,0.9742191683141611,0.9242191683141611,1.0,0.9871095841570805,0.9371095841570805,1.0,2.5,2.4355479207854027,4.935547920785402,2026-02-25 00:00:00
2026-02-25 03:00:00,10.4,-0.8,0.9084682325042793,0.8584682325042793,0.9584682325042794,0.8503347130950949,0.8003347130950949,0.9003347130950949,0.8794014727996871,0.829401472799687,0.9294014727996871,2.2711705812606984,2.1258367827377374,4.397007363998435,2026-02-25 00:00:00
2026-02-25 04:00:00,8.6,-0.1,0.6530231622398414,0.6030231622398413,0.7030231622398414,0.6016027089579732,0.5516027089579731,0.6516027089579732,0.6273129355989073,0.5773129355989073,0.6773129355989074,1.6325579055996033,1.5040067723949329,3.136564677994537,2026-02-25 00:00:00
2026-02-25 05:00:00,8.9,1.0,0.7161977832517835,0.6661977832517835,0.7661977832517836,0.66716167245293,0.61716167245293,0.71716167245293,0.6916797278523568,0.6416797278523567,0.7416797278523568,1.7904944581294588,1.667904181132325,3.458398639261784,2026-02-25 00:00:00
2026-02-25 06:00:00,10.2,1.9,0.8872149701337236,0.8372149701337236,0.9372149701337237,0.8945565490452061,0.844556549045206,0.9445565490452061,0.8908857595894648,0.8408857595894648,0.9408857595894649,2.218037425334309,2.2363913726130153,4.454428797947324,2026-02-25 00:00:00
2026-02-25 07:00:00,8.8,2.4,0.6897482782862242,0.6397482782862242,0.7397482782862242,0.6581925285672787,0.6081925285672787,0.7081925285672788,0.6739704034267515,0.6239704034267515,0.7239704034267516,1.7243706957155605,1.6454813214181967,3.3698520171337574,2026-02-25 00:00:00
2026-02-25 08:00:00,6.0,2.7,0.20617971398600593,0.15617971398600594,0.2561797139860059,0.17928053368165642,0.12928053368165643,0.2292805336816564,0.19273012383383117,0.14273012383383119,0.24273012383383116,0.5154492849650149,0.44820133420414104,0.9636506191691558,2026-02-25 00:00:00
2026-02-25 09:00:00,1.3,2.9,0.0,0.0,0.05,0.0,0.0,0.05,0.0,0.0,0.05,0.0,0.0,0.0,2026-02-25 00:00:00
2026-02-25 10:00:00,0.9,2.9,0.0,0.0,0.05,0.0,0.0,0.05,0.0,0.0,0.05,0.0,0.0,0.0,2026-02-25 00:00:00
2026-02-25 11:00:00,3.4,2.9,0.021503967961868087,0.0,0.07150396796186809,0.009919037445066246,0.0,0.05991903744506625,0.01571150270346717,0.0,0.06571150270346716,0.05375991990467022,0.024797593612665616,0.07855751351733584,2026-02-25 00:00:00
2026-02-25 12:00:00,13.0,1.4,0.9706455111464132,0.9206455111464131,1.0,0.9537506164796966,0.9037506164796966,1.0,0.962198063813055,0.9121980638130549,1.0,2.426613777866033,2.3843765411992415,4.810990319065275,2026-02-25 00:00:00
2026-02-25 13:00:00,13.1,0.8,0.9740242576377601,0.9240242576377601,1.0,0.9585299241423841,0.9085299241423841,1.0,0.9662770908900722,0.9162770908900721,1.0,2.4350606440944005,2.3963248103559605,4.831385454450361,2026-02-25 00:00:00
2026-02-25 14:00:00,8.1,1.2,0.5352781984755646,0.4852781984755646,0.5852781984755646,0.49346821420782,0.44346821420782,0.54346821420782,0.5143732063416923,0.4643732063416923,0.5643732063416923,1.3381954961889115,1.23367053551955,2.571866031708461,2026-02-25 00:00:00
2026-02-25 15:00:00,9.1,1.2,0.7067742908158535,0.6567742908158535,0.7567742908158536,0.7143083243972463,0.6643083243972463,0.7643083243972464,0.7105413076065499,0.6605413076065498,0.7605413076065499,1.7669357270396338,1.7857708109931159,3.5527065380327496,2026-02-25 00:00:00
2026-02-25 16:00:00,15.1,0.5,0.9906138426613268,0.9406138426613267,1.0,0.9440310427327532,0.8940310427327531,0.9940310427327532,0.9673224426970399,0.9173224426970399,0.9970155213663766,2.476534606653317,2.360077606831883,4.8366122134852,2026-02-25 00:00:00
2026-02-25 17:00:00,18.5,0.0,0.9909345994537914,0.9409345994537913,1.0,0.9782773454508381,0.9282773454508381,1.0,0.9846059724523147,0.9346059724523147,1.0,2.4773364986344784,2.4456933636270954,4.923029862261574,2026-02-25 00:00:00
2026-02-25 18:00:00,26.6,0.6,0.0,0.0,0.05,0.0,0.0,0.05,0.0,0.0,0.05,0.0,0.0,0.0,2026-02-25 00:00:00
2026-02-25 19:00:00,28.2,-0.1,0.0,0.0,0.05,0.0,0.0,0.05,0.0,0.0,0.05,0.0,0.0,0.0,2026-02-25 00:00:00
2026-02-25 20:00:00,27.6,-0.1,0.0,0.0,0.05,0.0,0.0,0.05,0.0,0.0,0.05,0.0,0.0,0.0,2026-02-25 00:00:00
2026-02-25 21:00:00,28.7,0.2,0.0,0.0,0.05,0.0,0.0,0.05,0.0,0.0,0.05,0.0,0.0,0.0,2026-02-25 00:00:00
2026-02-25 22:00:00,25.9,0.7,0.0,0.0,0.05,0.0,0.0,0.05,0.0,0.0,0.05,0.0,0.0,0.0,2026-02-25 00:00:00
2026-02-25 23:00:00,27.5,0.7,0.0,0.0,0.05,0.0,0.0,0.05,0.0,0.0,0.05,0.0,0.0,0.0,2026-02-25 00:00:00
2026-02-26 00:00:00,27.2,0.7,0.0,0.0,0.05,0.0,0.0,0.05,0.0,0.0,0.05,0.0,0.0,0.0,2026-02-25 00:00:00
2026-02-26 01:00:00,27.5,0.4,0.0,0.0,0.05,0.0,0.0,0.05,0.0,0.0,0.05,0.0,0.0,0.0,2026-02-25 00:00:00
2026-02-26 02:00:00,23.5,0.4,0.9970193820686284,0.9470193820686283,1.0,0.9433944601172379,0.8933944601172379,0.993394460117238,0.9702069210929332,0.9202069210929331,0.996697230058619,2.492548455171571,2.358486150293095,4.851034605464665,2026-02-25 00:00:00
2026-02-26 03:00:00,23.8,1.6,0.9828778508601885,0.9328778508601885,1.0,0.937264892940567,0.887264892940567,0.9872648929405671,0.9600713719003777,0.9100713719003777,0.9936324464702835,2.4571946271504714,2.3431622323514176,4.800356859501889,2026-02-25 00:00:00
2026-02-26 04:00:00,20.3,3.6,0.990648693228517,0.940648693228517,1.0,0.9472243981299107,0.8972243981299106,0.9972243981299107,0.9689365456792138,0.9189365456792138,0.9986121990649554,2.4766217330712923,2.3680609953247767,4.844682728396069,2026-02-25 00:00:00
2026-02-26 05:00:00,11.0,4.5,0.9634059942621159,0.9134059942621159,1.0,0.9430173949355182,0.8930173949355181,0.9930173949355182,0.953211694598817,0.903211694598817,0.996508697467759,2.4085149856552897,2.3575434873387953,4.766058472994085,2026-02-25 00:00:00
2026-02-26 06:00:00,7.4,5.9,0.4441750942958803,0.3941750942958803,0.4941750942958803,0.41788027760304775,0.36788027760304776,0.46788027760304773,0.43102768594946406,0.381027685949464,0.481027685949464,1.1104377357397008,1.0447006940076193,2.1551384297473204,2026-02-25 00:00:00
2026-02-26 07:00:00,32.2,4.7,0.0,0.0,0.05,0.0,0.0,0.05,0.0,0.0,0.05,0.0,0.0,0.0,2026-02-25 00:00:00
2026-02-26 08:00:00,21.5,2.1,0.9841154069803087,0.9341154069803087,1.0,0.9419808176135576,0.8919808176135575,0.9919808176135576,0.9630481122969332,0.9130481122969332,0.9959904088067788,2.460288517450772,2.354952044033894,4.815240561484666,2026-02-25 00:00:00
2026-02-26 09:00:00,19.5,-0.3,1.0,0.95,1.0,1.0,0.95,1.0,1.0,0.95,1.0,2.5,2.5,5.0,2026-02-25 00:00:00
2026-02-26 10:00:00,19.3,-0.6,0.9958932749719275,0.9458932749719274,1.0,0.9949513674781314,0.9449513674781314,1.0,0.9954223212250295,0.9454223212250294,1.0,2.4897331874298185,2.4873784186953287,4.977111606125147,2026-02-25 00:00:00
2026-02-26 11:00:00,29.3,-0.1,0.0,0.0,0.05,0.0,0.0,0.05,0.0,0.0,0.05,0.0,0.0,0.0,2026-02-25 00:00:00
2026-02-26 12:00:00,36.6,-0.2,0.0,0.0,0.05,0.0,0.0,0.05,0.0,0.0,0.05,0.0,0.0,0.0,2026-02-25 00:00:00
2026-02-26 13:00:00,34.8,-0.6,0.0,0.0,0.05,0.0,0.0,0.05,0.0,0.0,0.05,0.0,0.0,0.0,2026-02-25 00:00:00
2026-02-26 14:00:00,27.8,-0.4,0.0,0.0,0.05,0.0,0.0,0.05,0.0,0.0,0.05,0.0,0.0,0.0,2026-02-25 00:00:00
2026-02-26 15:00:00,29.8,0.2,0.0,0.0,0.05,0.0,0.0,0.05,0.0,0.0,0.05,0.0,0.0,0.0,2026-02-25 00:00:00
2026-02-26 16:00:00,30.5,0.8,0.0,0.0,0.05,0.0,0.0,0.05,0.0,0.0,0.05,0.0,0.0,0.0,2026-02-25 00:00:00
2026-02-26 17:00:00,30.6,0.8,0.0,0.0,0.05,0.0,0.0,0.05,0.0,0.0,0.05,0.0,0.0,0.0,2026-02-25 00:00:00
2026-02-26 18:00:00,27.5,0.2,0.0,0.0,0.05,0.0,0.0,0.05,0.0,0.0,0.05,0.0,0.0,0.0,2026-02-25 00:00:00
2026-02-26 19:00:00,21.1,-0.2,0.9905199337255485,0.9405199337255484,1.0,0.9514208000437854,0.9014208000437853,1.0,0.970970366884667,0.9209703668846669,1.0,2.4762998343138714,2.3785520001094635,4.854851834423335,2026-02-25 00:00:00
2026-02-26 20:00:00,20.3,-0.6,0.9785281231544519,0.9285281231544519,1.0,0.9109819170326603,0.8609819170326602,0.9609819170326603,0.9447550200935562,0.8947550200935561,0.9804909585163302,2.44632030788613,2.2774547925816506,4.723775100467781,2026-02-25 00:00:00
2026-02-26 21:00:00,19.9,-0.8,0.9680268709901269,0.9180268709901268,1.0,0.8428720085662765,0.7928720085662765,0.8928720085662766,0.9054494397782017,0.8554494397782016,0.9464360042831383,2.420067177475317,2.1071800214156915,4.527247198891009,2026-02-25 00:00:00
2026-02-26 22:00:00,16.6,-1.2,0.970931514295704,0.920931514295704,1.0,0.8781576252455425,0.8281576252455425,0.9281576252455426,0.9245445697706233,0.8745445697706232,0.9640788126227713,2.42732878573926,2.195394063113856,4.622722848853116,2026-02-25 00:00:00
2026-02-26 23:00:00,17.8,-0.5,0.9786607992555285,0.9286607992555285,1.0,0.921273744990067,0.8712737449900669,0.971273744990067,0.9499672721227977,0.8999672721227977,0.9856368724950335,2.4466519981388215,2.3031843624751676,4.749836360613989,2026-02-25 00:00:00
2026-02-26 00:00:00,27.2,0.7,0.0,0.0,0.05,0.0,0.0,0.05,0.0,0.0,0.05,0.0,0.0,0.0,2026-02-26 00:00:00
2026-02-26 01:00:00,27.5,0.4,0.0,0.0,0.05,0.0,0.0,0.05,0.0,0.0,0.05,0.0,0.0,0.0,2026-02-26 00:00:00
2026-02-26 02:00:00,23.5,0.4,0.9970193820686284,0.9470193820686283,1.0,0.9433944601172379,0.8933944601172379,0.993394460117238,0.9702069210929332,0.9202069210929331,0.996697230058619,2.492548455171571,2.358486150293095,4.851034605464665,2026-02-26 00:00:00
2026-02-26 03:00:00,23.8,1.6,0.9828778508601885,0.9328778508601885,1.0,0.937264892940567,0.887264892940567,0.9872648929405671,0.9600713719003777,0.9100713719003777,0.9936324464702835,2.4571946271504714,2.3431622323514176,4.800356859501889,2026-02-26 00:00:00
2026-02-26 04:00:00,20.3,3.6,0.990648693228517,0.940648693228517,1.0,0.9472243981299107,0.8972243981299106,0.9972243981299107,0.9689365456792138,0.9189365456792138,0.9986121990649554,2.4766217330712923,2.3680609953247767,4.844682728396069,2026-02-26 00:00:00
2026-02-26 05:00:00,11.0,4.5,0.9634059942621159,0.9134059942621159,1.0,0.9430173949355182,0.8930173949355181,0.9930173949355182,0.953211694598817,0.903211694598817,0.996508697467759,2.4085149856552897,2.3575434873387953,4.766058472994085,2026-02-26 00:00:00
2026-02-26 06:00:00,7.4,5.9,0.4441750942958803,0.3941750942958803,0.4941750942958803,0.41788027760304775,0.36788027760304776,0.46788027760304773,0.43102768594946406,0.381027685949464,0.481027685949464,1.1104377357397008,1.0447006940076193,2.1551384297473204,2026-02-26 00:00:00
2026-02-26 07:00:00,32.2,4.7,0.0,0.0,0.05,0.0,0.0,0.05,0.0,0.0,0.05,0.0,0.0,0.0,2026-02-26 00:00:00
2026-02-26 08:00:00,21.5,2.1,0.9841154069803087,0.9341154069803087,1.0,0.9419808176135576,0.8919808176135575,0.9919808176135576,0.9630481122969332,0.9130481122969332,0.9959904088067788,2.460288517450772,2.354952044033894,4.815240561484666,2026-02-26 00:00:00
2026-02-26 09:00:00,19.5,-0.3,1.0,0.95,1.0,1.0,0.95,1.0,1.0,0.95,1.0,2.5,2.5,5.0,2026-02-26 00:00:00
2026-02-26 10:00:00,19.3,-0.6,0.9958932749719275,0.9458932749719274,1.0,0.9949513674781314,0.9449513674781314,1.0,0.9954223212250295,0.9454223212250294,1.0,2.4897331874298185,2.4873784186953287,4.977111606125147,2026-02-26 00:00:00
2026-02-26 11:00:00,29.3,-0.1,0.0,0.0,0.05,0.0,0.0,0.05,0.0,0.0,0.05,0.0,0.0,0.0,2026-02-26 00:00:00
2026-02-26 12:00:00,36.6,-0.2,0.0,0.0,0.05,0.0,0.0,0.05,0.0,0.0,0.05,0.0,0.0,0.0,2026-02-26 00:00:00
2026-02-26 13:00:00,34.8,-0.6,0.0,0.0,0.05,0.0,0.0,0.05,0.0,0.0,0.05,0.0,0.0,0.0,2026-02-26 00:00:00
2026-02-26 14:00:00,27.8,-0.4,0.0,0.0,0.05,0.0,0.0,0.05,0.0,0.0,0.05,0.0,0.0,0.0,2026-02-26 00:00:00
2026-02-26 15:00:00,29.8,0.2,0.0,0.0,0.05,0.0,0.0,0.05,0.0,0.0,0.05,0.0,0.0,0.0,2026-02-26 00:00:00
2026-02-26 16:00:00,30.5,0.8,0.0,0.0,0.05,0.0,0.0,0.05,0.0,0.0,0.05,0.0,0.0,0.0,2026-02-26 00:00:00
2026-02-26 17:00:00,30.6,0.8,0.0,0.0,0.05,0.0,0.0,0.05,0.0,0.0,0.05,0.0,0.0,0.0,2026-02-26 00:00:00
2026-02-26 18:00:00,27.5,0.2,0.0,0.0,0.05,0.0,0.0,0.05,0.0,0.0,0.05,0.0,0.0,0.0,2026-02-26 00:00:00
2026-02-26 19:00:00,21.1,-0.2,0.9905199337255485,0.9405199337255484,1.0,0.9514208000437854,0.9014208000437853,1.0,0.970970366884667,0.9209703668846669,1.0,2.4762998343138714,2.3785520001094635,4.854851834423335,2026-02-26 00:00:00
2026-02-26 20:00:00,20.3,-0.6,0.9785281231544519,0.9285281231544519,1.0,0.9109819170326603,0.8609819170326602,0.9609819170326603,0.9447550200935562,0.8947550200935561,0.9804909585163302,2.44632030788613,2.2774547925816506,4.723775100467781,2026-02-26 00:00:00
2026-02-26 21:00:00,19.9,-0.8,0.9680268709901269,0.9180268709901268,1.0,0.8428720085662765,0.7928720085662765,0.8928720085662766,0.9054494397782017,0.8554494397782016,0.9464360042831383,2.420067177475317,2.1071800214156915,4.527247198891009,2026-02-26 00:00:00
2026-02-26 22:00:00,16.6,-1.2,0.970931514295704,0.920931514295704,1.0,0.8781576252455425,0.8281576252455425,0.9281576252455426,0.9245445697706233,0.8745445697706232,0.9640788126227713,2.42732878573926,2.195394063113856,4.622722848853116,2026-02-26 00:00:00
2026-02-26 23:00:00,17.8,-0.5,0.9786607992555285,0.9286607992555285,1.0,0.921273744990067,0.8712737449900669,0.971273744990067,0.9499672721227977,0.8999672721227977,0.9856368724950335,2.4466519981388215,2.3031843624751676,4.749836360613989,2026-02-26 00:00:00
2026-02-27 00:00:00,21.3,-0.4,1.0,0.95,1.0,0.9945982614768661,0.9445982614768661,1.0,0.9972991307384331,0.9472991307384331,1.0,2.5,2.4864956536921654,4.986495653692166,2026-02-26 00:00:00
2026-02-27 01:00:00,20.8,-0.1,1.0,0.95,1.0,0.9848504273484018,0.9348504273484017,1.0,0.9924252136742009,0.9424252136742008,1.0,2.5,2.4621260683710045,4.9621260683710045,2026-02-26 00:00:00
2026-02-27 02:00:00,19.2,0.1,0.9978583665724637,0.9478583665724637,1.0,0.9860330776762304,0.9360330776762303,1.0,0.9919457221243471,0.941945722124347,1.0,2.494645916431159,2.465082694190576,4.9597286106217355,2026-02-26 00:00:00
2026-02-27 03:00:00,15.3,0.4,0.9940975184544756,0.9440975184544755,1.0,0.9842192203794251,0.9342192203794251,1.0,0.9891583694169503,0.9391583694169503,1.0,2.485243796136189,2.460548050948563,4.9457918470847515,2026-02-26 00:00:00
2026-02-27 04:00:00,13.2,1.1,0.9905428028214444,0.9405428028214443,1.0,0.9791567133089897,0.9291567133089896,1.0,0.984849758065217,0.934849758065217,1.0,2.4763570070536107,2.4478917832724743,4.924248790326085,2026-02-26 00:00:00
2026-02-27 05:00:00,14.2,1.6,0.9893269967134973,0.9393269967134973,1.0,0.9572882774840737,0.9072882774840737,1.0,0.9733076370987855,0.9233076370987855,1.0,2.4733174917837433,2.3932206937101843,4.866538185493928,2026-02-26 00:00:00
2026-02-27 06:00:00,12.4,2.3,0.9782346500545538,0.9282346500545537,1.0,0.9610014322261604,0.9110014322261604,1.0,0.9696180411403571,0.9196180411403571,1.0,2.4455866251363845,2.402503580565401,4.848090205701785,2026-02-26 00:00:00
2026-02-27 07:00:00,12.3,2.5,0.921874370100538,0.8718743701005379,0.971874370100538,0.9604082872372829,0.9104082872372828,1.0,0.9411413286689104,0.8911413286689104,0.985937185050269,2.304685925251345,2.401020718093207,4.705706643344552,2026-02-26 00:00:00
2026-02-27 08:00:00,11.0,3.2,0.9664794768030163,0.9164794768030162,1.0,0.9482886196360673,0.8982886196360672,0.9982886196360673,0.9573840482195417,0.9073840482195417,0.9991443098180337,2.4161986920075407,2.370721549090168,4.786920241097708,2026-02-26 00:00:00
2026-02-27 09:00:00,11.4,2.9,0.9670374375064805,0.9170374375064805,1.0,0.9521505369170015,0.9021505369170014,1.0,0.9595939872117409,0.9095939872117409,1.0,2.417593593766201,2.3803763422925037,4.7979699360587045,2026-02-26 00:00:00
2026-02-27 10:00:00,19.3,2.6,0.9767623605970468,0.9267623605970468,1.0,0.9622599604536579,0.9122599604536579,1.0,0.9695111605253524,0.9195111605253523,1.0,2.4419059014926168,2.4056499011341446,4.847555802626761,2026-02-26 00:00:00
2026-02-27 11:00:00,25.2,1.2,0.0,0.0,0.05,0.0,0.0,0.05,0.0,0.0,0.05,0.0,0.0,0.0,2026-02-26 00:00:00
2026-02-27 12:00:00,28.4,-0.6,0.0,0.0,0.05,0.0,0.0,0.05,0.0,0.0,0.05,0.0,0.0,0.0,2026-02-26 00:00:00
2026-02-27 13:00:00,25.8,-1.9,0.0,0.0,0.05,0.0,0.0,0.05,0.0,0.0,0.05,0.0,0.0,0.0,2026-02-26 00:00:00
2026-02-27 14:00:00,25.1,-3.1,0.0,0.0,0.05,0.0,0.0,0.05,0.0,0.0,0.05,0.0,0.0,0.0,2026-02-26 00:00:00
2026-02-27 15:00:00,27.8,-3.9,0.0,0.0,0.05,0.0,0.0,0.05,0.0,0.0,0.05,0.0,0.0,0.0,2026-02-26 00:00:00
2026-02-27 16:00:00,25.8,-4.1,0.0,0.0,0.05,0.0,0.0,0.05,0.0,0.0,0.05,0.0,0.0,0.0,2026-02-26 00:00:00
2026-02-27 17:00:00,24.9,-4.4,0.0,0.0,0.05,0.0,0.0,0.05,0.0,0.0,0.05,0.0,0.0,0.0,2026-02-26 00:00:00
2026-02-27 18:00:00,29.3,-4.5,0.0,0.0,0.05,0.0,0.0,0.05,0.0,0.0,0.05,0.0,0.0,0.0,2026-02-26 00:00:00
2026-02-27 19:00:00,23.7,-4.9,1.0,0.95,1.0,0.9808862977526972,0.9308862977526972,1.0,0.9904431488763485,0.9404431488763485,1.0,2.5,2.452215744381743,4.952215744381743,2026-02-26 00:00:00
2026-02-27 20:00:00,23.2,-5.0,0.9904548589898986,0.9404548589898986,1.0,0.9387535776074554,0.8887535776074553,0.9887535776074554,0.9646042182986769,0.9146042182986769,0.9943767888037277,2.4761371474747467,2.3468839440186384,4.823021091493384,2026-02-26 00:00:00
2026-02-27 21:00:00,25.8,-5.6,0.0,0.0,0.05,0.0,0.0,0.05,0.0,0.0,0.05,0.0,0.0,0.0,2026-02-26 00:00:00
2026-02-27 22:00:00,26.6,-5.9,0.0,0.0,0.05,0.0,0.0,0.05,0.0,0.0,0.05,0.0,0.0,0.0,2026-02-26 00:00:00
2026-02-27 23:00:00,26.6,-6.0,0.0,0.0,0.05,0.0,0.0,0.05,0.0,0.0,0.05,0.0,0.0,0.0,2026-02-26 00:00:00
2026-02-27 00:00:00,21.3,-0.4,1.0,0.95,1.0,0.9945982614768661,0.9445982614768661,1.0,0.9972991307384331,0.9472991307384331,1.0,2.5,2.4864956536921654,4.986495653692166,2026-02-27 00:00:00
2026-02-27 01:00:00,20.8,-0.1,1.0,0.95,1.0,0.9848504273484018,0.9348504273484017,1.0,0.9924252136742009,0.9424252136742008,1.0,2.5,2.4621260683710045,4.9621260683710045,2026-02-27 00:00:00
2026-02-27 02:00:00,19.2,0.1,0.9978583665724637,0.9478583665724637,1.0,0.9860330776762304,0.9360330776762303,1.0,0.9919457221243471,0.941945722124347,1.0,2.494645916431159,2.465082694190576,4.9597286106217355,2026-02-27 00:00:00
2026-02-27 03:00:00,15.3,0.4,0.9940975184544756,0.9440975184544755,1.0,0.9842192203794251,0.9342192203794251,1.0,0.9891583694169503,0.9391583694169503,1.0,2.485243796136189,2.460548050948563,4.9457918470847515,2026-02-27 00:00:00
2026-02-27 04:00:00,13.2,1.1,0.9905428028214444,0.9405428028214443,1.0,0.9791567133089897,0.9291567133089896,1.0,0.984849758065217,0.934849758065217,1.0,2.4763570070536107,2.4478917832724743,4.924248790326085,2026-02-27 00:00:00
2026-02-27 05:00:00,14.2,1.6,0.9893269967134973,0.9393269967134973,1.0,0.9572882774840737,0.9072882774840737,1.0,0.9733076370987855,0.9233076370987855,1.0,2.4733174917837433,2.3932206937101843,4.866538185493928,2026-02-27 00:00:00
2026-02-27 06:00:00,12.4,2.3,0.9782346500545538,0.9282346500545537,1.0,0.9610014322261604,0.9110014322261604,1.0,0.9696180411403571,0.9196180411403571,1.0,2.4455866251363845,2.402503580565401,4.848090205701785,2026-02-27 00:00:00
2026-02-27 07:00:00,12.3,2.5,0.921874370100538,0.8718743701005379,0.971874370100538,0.9604082872372829,0.9104082872372828,1.0,0.9411413286689104,0.8911413286689104,0.985937185050269,2.304685925251345,2.401020718093207,4.705706643344552,2026-02-27 00:00:00
2026-02-27 08:00:00,11.0,3.2,0.9664794768030163,0.9164794768030162,1.0,0.9482886196360673,0.8982886196360672,0.9982886196360673,0.9573840482195417,0.9073840482195417,0.9991443098180337,2.4161986920075407,2.370721549090168,4.786920241097708,2026-02-27 00:00:00
2026-02-27 09:00:00,11.4,2.9,0.9670374375064805,0.9170374375064805,1.0,0.9521505369170015,0.9021505369170014,1.0,0.9595939872117409,0.9095939872117409,1.0,2.417593593766201,2.3803763422925037,4.7979699360587045,2026-02-27 00:00:00
2026-02-27 10:00:00,19.3,2.6,0.9767623605970468,0.9267623605970468,1.0,0.9622599604536579,0.9122599604536579,1.0,0.9695111605253524,0.9195111605253523,1.0,2.4419059014926168,2.4056499011341446,4.847555802626761,2026-02-27 00:00:00
2026-02-27 11:00:00,25.2,1.2,0.0,0.0,0.05,0.0,0.0,0.05,0.0,0.0,0.05,0.0,0.0,0.0,2026-02-27 00:00:00
2026-02-27 12:00:00,28.4,-0.6,0.0,0.0,0.05,0.0,0.0,0.05,0.0,0.0,0.05,0.0,0.0,0.0,2026-02-27 00:00:00
2026-02-27 13:00:00,25.8,-1.9,0.0,0.0,0.05,0.0,0.0,0.05,0.0,0.0,0.05,0.0,0.0,0.0,2026-02-27 00:00:00
2026-02-27 14:00:00,25.1,-3.1,0.0,0.0,0.05,0.0,0.0,0.05,0.0,0.0,0.05,0.0,0.0,0.0,2026-02-27 00:00:00
2026-02-27 15:00:00,27.8,-3.9,0.0,0.0,0.05,0.0,0.0,0.05,0.0,0.0,0.05,0.0,0.0,0.0,2026-02-27 00:00:00
2026-02-27 16:00:00,25.8,-4.1,0.0,0.0,0.05,0.0,0.0,0.05,0.0,0.0,0.05,0.0,0.0,0.0,2026-02-27 00:00:00
2026-02-27 17:00:00,24.9,-4.4,0.0,0.0,0.05,0.0,0.0,0.05,0.0,0.0,0.05,0.0,0.0,0.0,2026-02-27 00:00:00
2026-02-27 18:00:00,29.3,-4.5,0.0,0.0,0.05,0.0,0.0,0.05,0.0,0.0,0.05,0.0,0.0,0.0,2026-02-27 00:00:00
2026-02-27 19:00:00,23.7,-4.9,1.0,0.95,1.0,0.9808862977526972,0.9308862977526972,1.0,0.9904431488763485,0.9404431488763485,1.0,2.5,2.452215744381743,4.952215744381743,2026-02-27 00:00:00
2026-02-27 20:00:00,23.2,-5.0,0.9904548589898986,0.9404548589898986,1.0,0.9387535776074554,0.8887535776074553,0.9887535776074554,0.9646042182986769,0.9146042182986769,0.9943767888037277,2.4761371474747467,2.3468839440186384,4.823021091493384,2026-02-27 00:00:00
2026-02-27 21:00:00,25.8,-5.6,0.0,0.0,0.05,0.0,0.0,0.05,0.0,0.0,0.05,0.0,0.0,0.0,2026-02-27 00:00:00
2026-02-27 22:00:00,26.6,-5.9,0.0,0.0,0.05,0.0,0.0,0.05,0.0,0.0,0.05,0.0,0.0,0.0,2026-02-27 00:00:00
2026-02-27 23:00:00,26.6,-6.0,0.0,0.0,0.05,0.0,0.0,0.05,0.0,0.0,0.05,0.0,0.0,0.0,2026-02-27 00:00:00
2026-02-28 00:00:00,26.0,-6.0,0.0,0.0,0.05,0.0,0.0,0.05,0.0,0.0,0.05,0.0,0.0,0.0,2026-02-27 00:00:00
2026-02-28 01:00:00,25.3,-6.2,0.0,0.0,0.05,0.0,0.0,0.05,0.0,0.0,0.05,0.0,0.0,0.0,2026-02-27 00:00:00
2026-02-28 02:00:00,24.8,-6.7,0.0,0.0,0.05,0.0,0.0,0.05,0.0,0.0,0.05,0.0,0.0,0.0,2026-02-27 00:00:00
2026-02-28 03:00:00,24.4,-6.8,0.0,0.0,0.05,0.0,0.0,0.05,0.0,0.0,0.05,0.0,0.0,0.0,2026-02-27 00:00:00
2026-02-28 04:00:00,23.1,-6.4,0.9920083207001363,0.9420083207001363,1.0,1.0,0.95,1.0,0.9960041603500682,0.9460041603500682,1.0,2.480020801750341,2.5,4.980020801750341,2026-02-27 00:00:00
2026-02-28 05:00:00,30.0,-6.6,0.0,0.0,0.05,0.0,0.0,0.05,0.0,0.0,0.05,0.0,0.0,0.0,2026-02-27 00:00:00
2026-02-28 06:00:00,27.3,-5.1,0.0,0.0,0.05,0.0,0.0,0.05,0.0,0.0,0.05,0.0,0.0,0.0,2026-02-27 00:00:00
2026-02-28 07:00:00,29.5,-5.7,0.0,0.0,0.05,0.0,0.0,0.05,0.0,0.0,0.05,0.0,0.0,0.0,2026-02-27 00:00:00
2026-02-28 08:00:00,28.6,-6.5,0.0,0.0,0.05,0.0,0.0,0.05,0.0,0.0,0.05,0.0,0.0,0.0,2026-02-27 00:00:00
2026-02-28 09:00:00,26.5,-7.2,0.0,0.0,0.05,0.0,0.0,0.05,0.0,0.0,0.05,0.0,0.0,0.0,2026-02-27 00:00:00
2026-02-28 10:00:00,25.1,-7.2,0.0,0.0,0.05,0.0,0.0,0.05,0.0,0.0,0.05,0.0,0.0,0.0,2026-02-27 00:00:00
2026-02-28 11:00:00,27.0,-7.2,0.0,0.0,0.05,0.0,0.0,0.05,0.0,0.0,0.05,0.0,0.0,0.0,2026-02-27 00:00:00
2026-02-28 12:00:00,28.5,-7.6,0.0,0.0,0.05,0.0,0.0,0.05,0.0,0.0,0.05,0.0,0.0,0.0,2026-02-27 00:00:00
2026-02-28 13:00:00,23.7,-7.5,0.9921519236010536,0.9421519236010536,1.0,0.9899219662493075,0.9399219662493075,1.0,0.9910369449251806,0.9410369449251805,1.0,2.480379809002634,2.4748049156232685,4.955184724625903,2026-02-27 00:00:00
2026-02-28 14:00:00,23.4,-7.7,1.0,0.95,1.0,0.9960758595843436,0.9460758595843436,1.0,0.9980379297921718,0.9480379297921717,1.0,2.5,2.4901896489608593,4.990189648960859,2026-02-27 00:00:00
2026-02-28 15:00:00,20.4,-7.2,1.0,0.95,1.0,1.0,0.95,1.0,1.0,0.95,1.0,2.5,2.5,5.0,2026-02-27 00:00:00
2026-02-28 16:00:00,17.6,-7.1,0.983780004711565,0.933780004711565,1.0,0.9790576316276693,0.9290576316276693,1.0,0.9814188181696172,0.9314188181696171,1.0,2.4594500117789124,2.4476440790691734,4.907094090848086,2026-02-27 00:00:00
2026-02-28 17:00:00,19.4,-7.4,0.9868836719792922,0.9368836719792921,1.0,0.9835523385240706,0.9335523385240706,1.0,0.9852180052516815,0.9352180052516814,1.0,2.4672091799482305,2.458880846310177,4.926090026258407,2026-02-27 00:00:00
2026-02-28 18:00:00,15.4,-7.2,0.988802015901931,0.9388020159019309,1.0,0.9844678621901045,0.9344678621901045,1.0,0.9866349390460177,0.9366349390460177,1.0,2.472005039754827,2.461169655475261,4.933174695230089,2026-02-27 00:00:00
2026-02-28 19:00:00,14.7,-6.9,0.9866528725131625,0.9366528725131624,1.0,0.9476908394236023,0.8976908394236023,0.9976908394236024,0.9671718559683824,0.9171718559683824,0.9988454197118012,2.466632181282906,2.369227098559006,4.835859279841912,2026-02-27 00:00:00
2026-02-28 20:00:00,14.0,-7.0,0.9334359258459588,0.8834359258459588,0.9834359258459588,0.9875880383339368,0.9375880383339368,1.0,0.9605119820899478,0.9105119820899478,0.9917179629229794,2.3335898146148972,2.468970095834842,4.802559910449739,2026-02-27 00:00:00
2026-02-28 21:00:00,14.0,-7.0,0.8903405504637016,0.8403405504637016,0.9403405504637017,0.9843912789836372,0.9343912789836372,1.0,0.9373659147236695,0.8873659147236694,0.9701702752318508,2.225851376159254,2.460978197459093,4.686829573618347,2026-02-27 00:00:00
2026-02-28 22:00:00,13.9,-6.5,0.8931716059104174,0.8431716059104174,0.9431716059104175,0.9823317331687361,0.9323317331687361,1.0,0.9377516695395768,0.8877516695395767,0.9715858029552087,2.2329290147760434,2.4558293329218404,4.688758347697884,2026-02-27 00:00:00
2026-02-28 23:00:00,12.3,-6.0,0.9903743306293246,0.9403743306293245,1.0,0.986309467538345,0.936309467538345,1.0,0.9883418990838349,0.9383418990838348,1.0,2.4759358265733113,2.4657736688458627,4.9417094954191745,2026-02-27 00:00:00
2026-02-28 00:00:00,26.0,-6.0,0.0,0.0,0.05,0.0,0.0,0.05,0.0,0.0,0.05,0.0,0.0,0.0,2026-02-28 00:00:00
2026-02-28 01:00:00,25.3,-6.2,0.0,0.0,0.05,0.0,0.0,0.05,0.0,0.0,0.05,0.0,0.0,0.0,2026-02-28 00:00:00
2026-02-28 02:00:00,24.8,-6.7,0.0,0.0,0.05,0.0,0.0,0.05,0.0,0.0,0.05,0.0,0.0,0.0,2026-02-28 00:00:00
2026-02-28 03:00:00,24.4,-6.8,0.0,0.0,0.05,0.0,0.0,0.05,0.0,0.0,0.05,0.0,0.0,0.0,2026-02-28 00:00:00
2026-02-28 04:00:00,23.1,-6.4,0.9920083207001363,0.9420083207001363,1.0,1.0,0.95,1.0,0.9960041603500682,0.9460041603500682,1.0,2.480020801750341,2.5,4.980020801750341,2026-02-28 00:00:00
2026-02-28 05:00:00,30.0,-6.6,0.0,0.0,0.05,0.0,0.0,0.05,0.0,0.0,0.05,0.0,0.0,0.0,2026-02-28 00:00:00
2026-02-28 06:00:00,27.3,-5.1,0.0,0.0,0.05,0.0,0.0,0.05,0.0,0.0,0.05,0.0,0.0,0.0,2026-02-28 00:00:00
2026-02-28 07:00:00,29.5,-5.7,0.0,0.0,0.05,0.0,0.0,0.05,0.0,0.0,0.05,0.0,0.0,0.0,2026-02-28 00:00:00
2026-02-28 08:00:00,28.6,-6.5,0.0,0.0,0.05,0.0,0.0,0.05,0.0,0.0,0.05,0.0,0.0,0.0,2026-02-28 00:00:00
2026-02-28 09:00:00,26.5,-7.2,0.0,0.0,0.05,0.0,0.0,0.05,0.0,0.0,0.05,0.0,0.0,0.0,2026-02-28 00:00:00
2026-02-28 10:00:00,25.1,-7.2,0.0,0.0,0.05,0.0,0.0,0.05,0.0,0.0,0.05,0.0,0.0,0.0,2026-02-28 00:00:00
2026-02-28 11:00:00,27.0,-7.2,0.0,0.0,0.05,0.0,0.0,0.05,0.0,0.0,0.05,0.0,0.0,0.0,2026-02-28 00:00:00
2026-02-28 12:00:00,28.5,-7.6,0.0,0.0,0.05,0.0,0.0,0.05,0.0,0.0,0.05,0.0,0.0,0.0,2026-02-28 00:00:00
2026-02-28 13:00:00,23.7,-7.5,0.9921519236010536,0.9421519236010536,1.0,0.9899219662493075,0.9399219662493075,1.0,0.9910369449251806,0.9410369449251805,1.0,2.480379809002634,2.4748049156232685,4.955184724625903,2026-02-28 00:00:00
2026-02-28 14:00:00,23.4,-7.7,1.0,0.95,1.0,0.9960758595843436,0.9460758595843436,1.0,0.9980379297921718,0.9480379297921717,1.0,2.5,2.4901896489608593,4.990189648960859,2026-02-28 00:00:00
2026-02-28 15:00:00,20.4,-7.2,1.0,0.95,1.0,1.0,0.95,1.0,1.0,0.95,1.0,2.5,2.5,5.0,2026-02-28 00:00:00
2026-02-28 16:00:00,17.6,-7.1,0.983780004711565,0.933780004711565,1.0,0.9790576316276693,0.9290576316276693,1.0,0.9814188181696172,0.9314188181696171,1.0,2.4594500117789124,2.4476440790691734,4.907094090848086,2026-02-28 00:00:00
2026-02-28 17:00:00,19.4,-7.4,0.9868836719792922,0.9368836719792921,1.0,0.9835523385240706,0.9335523385240706,1.0,0.9852180052516815,0.9352180052516814,1.0,2.4672091799482305,2.458880846310177,4.926090026258407,2026-02-28 00:00:00
2026-02-28 18:00:00,15.4,-7.2,0.988802015901931,0.9388020159019309,1.0,0.9844678621901045,0.9344678621901045,1.0,0.9866349390460177,0.9366349390460177,1.0,2.472005039754827,2.461169655475261,4.933174695230089,2026-02-28 00:00:00
2026-02-28 19:00:00,14.7,-6.9,0.9866528725131625,0.9366528725131624,1.0,0.9476908394236023,0.8976908394236023,0.9976908394236024,0.9671718559683824,0.9171718559683824,0.9988454197118012,2.466632181282906,2.369227098559006,4.835859279841912,2026-02-28 00:00:00
2026-02-28 20:00:00,14.0,-7.0,0.9334359258459588,0.8834359258459588,0.9834359258459588,0.9875880383339368,0.9375880383339368,1.0,0.9605119820899478,0.9105119820899478,0.9917179629229794,2.3335898146148972,2.468970095834842,4.802559910449739,2026-02-28 00:00:00
2026-02-28 21:00:00,14.0,-7.0,0.8903405504637016,0.8403405504637016,0.9403405504637017,0.9843912789836372,0.9343912789836372,1.0,0.9373659147236695,0.8873659147236694,0.9701702752318508,2.225851376159254,2.460978197459093,4.686829573618347,2026-02-28 00:00:00
2026-02-28 22:00:00,13.9,-6.5,0.8931716059104174,0.8431716059104174,0.9431716059104175,0.9823317331687361,0.9323317331687361,1.0,0.9377516695395768,0.8877516695395767,0.9715858029552087,2.2329290147760434,2.4558293329218404,4.688758347697884,2026-02-28 00:00:00
2026-02-28 23:00:00,12.3,-6.0,0.9903743306293246,0.9403743306293245,1.0,0.986309467538345,0.936309467538345,1.0,0.9883418990838349,0.9383418990838348,1.0,2.4759358265733113,2.4657736688458627,4.9417094954191745,2026-02-28 00:00:00
